country,year,domestic_equity_real,international_equity_real,international_equity_real_constant_real_fx,world_equity_real_resident_reconstructed,xrusd,world_equity_real,world_equity_source,bond_real,bill_real,world_bond_real,world_bond_real_fixed_notional,world_bill_real,world_bond_real_unhedged,world_bill_real_unhedged,world_bond_issuers,inflation,trend_real,trend_real_fixed_notional,trend_cash_us_real,trend_real_unhedged,gold_real
Australia,1927,0.10356371463310432,0.2516027497706401,0.2609486996651907,0.2501866375030293,0.41433834413409815,0.2476862642280233,"reconstructed, resident currency",0.03887701410364697,0.023143750333802116,0.057564818768362835,0.060705019400238314,0.023143750333802116,0.08574303778455339,0.04919940225718884,15,0.018518444444444393,0.2377913480130187,0.23904343657318394,0.06069651650102048,0.24383203512591622,-0.015361188083041988
Australia,1928,0.16639631263078547,0.30359420921581504,0.325347637846073,0.30268279043378543,0.4151414263418,0.3000774248529179,"reconstructed, resident currency",0.03544721987935029,0.0327025006928654,0.0636583175851313,0.0626930047161589,0.0327025006928654,0.058548550296138036,0.02834413626041466,15,0.009090982479344145,0.2926919742607419,0.2905181578183833,0.05045226040342521,0.2830796815723866,-0.01834291958664447
Australia,1929,-0.05300000309944153,-0.021308096123749398,-0.07314828298339984,-0.02151218042409775,0.4365832221661474,-0.023469156063249508,"reconstructed, resident currency",-0.01681390590965748,0.04343852028250694,0.06077714035499904,0.06466034920990849,0.04343852028250694,0.10961196762818015,0.09100466381263711,15,0.0,0.19072831999091377,0.19925912073609942,0.03785806464463959,0.2455316004890511,0.04569120242725977
Australia,1930,-0.23388235709246474,0.05325369517712231,-0.18460205966137194,0.051652540999167273,0.5307128194828947,0.04954923591716898,"reconstructed, resident currency",0.0399930928559864,0.13550662501331634,0.18368441334854313,0.20422136088107612,0.13550662501331634,0.408990947767341,0.34908866583225273,15,-0.08108108108108103,0.21107892259107208,0.25296651082093713,0.10740235214556271,0.525892432598642,0.36917799614589897
Australia,1931,0.22504091744654553,-0.30736566693208545,-0.2946065592207504,-0.30476426403673407,0.5523449889357013,-0.30615473550866057,"reconstructed, resident currency",0.08032224730167936,0.08538051690210313,0.021652277576456047,0.02244458231721036,0.08538051690210313,-0.029951221146224505,0.031042255214175526,15,-0.039215764705882394,0.28409417288652583,0.2953773049476338,0.15094084355712933,0.34251746508523273,0.08638567421990562
Australia,1932,0.3011061618079296,0.27592802829592844,0.10459843697186269,0.27614725311384225,0.7169864074720653,0.2735949586076145,"reconstructed, resident currency",0.39123363835069336,0.07681546905168579,0.20678036489838725,0.22436498787975956,0.07681546905168579,0.3703634289419564,0.22725518395857863,15,-0.04081616659723808,0.06640175816199201,0.07793757334444518,0.16025907588768828,0.4015550931971881,0.35342389908798655
Australia,1933,0.25600001215934753,0.23455361714733636,0.3890946448738364,0.23477164518088856,0.5933163830278935,0.2323021018905267,"reconstructed, resident currency",0.05805879086256027,0.02768038958311081,0.06592745658569998,0.07383075636346148,0.02768038958311081,0.13305556837551236,0.08905675868224304,15,0.0,-0.10963583515681319,-0.07537849330416979,0.030170519994877854,-0.2991631581866777,-0.22132379017573367
Australia,1934,0.23200000822544098,-0.04941433305251197,0.011850983366970373,-0.04639270990597777,0.5002905825283235,-0.048299924486165824,"reconstructed, resident currency",0.0723716989159584,0.02591796964406967,0.12616251521867938,0.12229290450615515,0.02591796964406967,0.09776361600083794,0.0005478953691573289,15,0.0,-0.01073693175487822,-0.011117751582977675,0.008767156750223437,-0.15455078222448704,0.43451126953246755
Australia,1935,0.08941071425108538,0.2838153239830219,0.27375316205252065,0.28141550251581604,0.5122578566716348,0.2788526715107844,"reconstructed, resident currency",0.011203915358723116,0.012554486724123404,0.017709610034263745,0.016837511377667536,0.012554486724123404,0.021360756800295144,0.01742148229542429,15,0.010638126754201949,0.03577566627089257,0.036682382196987495,-0.0020322077192309607,0.057426567442397713,0.001715846622480477
Australia,1936,0.16132652657845203,0.22077968888187893,0.26259966031957427,0.22017771615715698,0.504946822636257,0.21773736072484273,"reconstructed, resident currency",0.005207929753814344,-0.008000144175148938,0.027535073831128187,0.02531535840345689,-0.008000144175148938,0.0009895130689254739,-0.032864778494632006,14,0.031578950027700836,0.26405332931953507,0.2608955169987095,0.012372876775614161,0.25067096112109133,-0.04428986247185518
Australia,1937,0.0035198380028567122,-0.23996716774605664,-0.23991308153232313,-0.23759521826475727,0.5077324401141773,-0.23912002782822772,"reconstructed, resident currency",-0.03195155077288514,0.002859484210589347,0.003777522433595859,0.0041870501331149335,0.002859484210589347,-0.039003037090760695,-0.0414758047539116,14,0.020408328196598324,-0.06357140237076953,-0.06385233405608925,-0.011132956950033579,-0.05738260279630192,-0.013612526471871167
Australia,1938,-0.02450972577278543,0.029917865283950906,0.05636984003262293,0.0292006937820235,0.5134151834605164,0.027142292394459533,"reconstructed, resident currency",-0.03615399898412497,0.003261030946592358,0.03374429728116257,0.02905948567195571,0.003261030946592358,0.006980327463941061,-0.019322454411697998,14,0.019999918400006367,0.08427446712605513,0.08571703066560454,0.047570894586841384,0.09900328458896102,-0.005434218784742484
Australia,1939,0.022914288725171872,0.06427988372127458,0.016143559329195617,0.06377934853338685,0.5659629860207143,0.061651789836320026,"reconstructed, resident currency",-0.00900853840368121,-0.005106037429400745,-0.07065741916487733,-0.07304125234682313,-0.005106037429400745,-0.020136932530169682,0.04919637995640747,14,0.02941176470588225,-0.1281283679151033,-0.1378975222176403,0.022205827566040615,-0.05432918559719202,0.055768675976639814
Australia,1940,-0.020945945804988986,0.029519603043148823,-0.08991700238154773,0.028807982129822163,0.655393891728929,0.02675036616556259,"reconstructed, resident currency",0.05893596402696666,-0.03198875839243065,0.04208455346519435,0.05030200465587398,-0.03198875839243065,0.13994453851154587,0.06006584714168282,14,0.05714285714285716,-0.04074999090081011,-0.04019118019425272,0.0059249679692383594,0.09979290823064613,0.08769725234388215
Australia,1941,-0.10346153817879844,-0.04525849849374819,-0.056836678089564996,-0.04606770234447399,0.6225099601593626,-0.047975566939785,"reconstructed, resident currency",-0.054445787315041905,-0.0299389325082301,0.028099252753220005,0.025012292981867024,-0.0299389325082301,-0.007383476150268575,-0.06301906997546894,14,0.054054054054053946,-0.054196859241216755,-0.048885424338678596,-0.07583315048804296,-0.14744502276595917,-0.14153538923725661
Australia,1942,0.11716121858510253,0.09263387154120672,0.03989087870384227,0.09293335910916589,0.6220839813374806,0.09074749239094748,"reconstructed, resident currency",0.004607249310371042,-0.03610523378381114,-0.0058688993601979655,-0.005084859355664828,-0.03610523378381114,0.0011431653210491888,-0.02957761671483073,15,0.0598291282051282,-0.02647568184257154,-0.026179375712751418,-0.07087970183543024,-0.018870661619276086,-0.04542971803633156
Australia,1943,0.08028813298078719,0.15132680156102452,0.10486559145630821,0.15053984821396305,0.6198090987975704,0.14823876851753504,"reconstructed, resident currency",0.0458638672251559,0.01339136999943391,0.03209569416502789,0.03200922648269433,0.01339136999943391,0.029203823227447412,0.010593475104457517,15,0.008064386576491112,0.23432751062605206,0.23820587399307347,-0.019568422192413393,0.25270743020823705,0.012108632589574952
Australia,1944,0.0714285010831952,0.12573089711480367,0.1283984799896068,0.1251863208835724,0.6195786864931846,0.12293594824180532,"reconstructed, resident currency",0.04105294789913505,0.01345603609157675,0.03788758121534386,0.036279056908436136,0.01345603609157675,0.015131010247537047,-0.007910911166236132,14,0.00800006451200419,0.08945399592806469,0.08815817694937045,-0.011389603351630306,0.07219476599203678,-0.016213481108026895
Australia,1949,-0.0046494213897029235,0.3721193213352243,0.0785571115610973,0.36543136897758544,0.892856999892857,0.36270050623963024,"reconstructed, resident currency",-0.11624996000965249,-0.06090836759956331,-0.05709421854430974,-0.029577003155645376,-0.06090836759956331,0.3792497112490423,0.35817907146018696,13,0.08604950202340245,0.09556002748033388,0.1732581747616453,0.031435476496074255,0.5790179738299186,0.3324111711905062
Australia,1950,0.20340286228283544,0.1266444940862197,0.190282324934167,0.12801688579212978,0.892856999892857,0.12576085202054554,"reconstructed, resident currency",-0.0385462342892251,-0.066309582354098,-0.07728921463587723,-0.07556757235136169,-0.066309582354098,-0.06719470117595772,-0.058025296495716326,14,0.09190367720896142,0.044009099501116866,0.03992752444504699,-0.044909057796571394,-0.011541747201266883,-0.12892962883194337
Australia,1951,-0.2039364237837803,0.027786785028225403,0.14136525753791768,0.023485266515386627,0.899280575941751,0.021438295982355804,"reconstructed, resident currency",-0.2341971316616951,-0.14877939865495515,-0.16361811650501346,-0.16020118093733182,-0.14877939865495515,-0.14314543894863607,-0.13059933709183533,15,0.19839674670842622,-0.16897768108784983,-0.1688809078143808,-0.044855439335450886,-0.15406051829447254,-0.14641613248144647
Australia,1952,-0.26039111265798587,-0.020280489321845785,0.08987991992281012,-0.023322786198718748,0.8920606609217285,-0.02527614062632133,"reconstructed, resident currency",-0.13444784883090877,-0.12569186829933332,-0.1053516591049416,-0.1029816869754564,-0.12569186829933332,-0.05481208733578702,-0.0758012928082695,15,0.1722411852087098,-0.16275159763731673,-0.16265071430030753,0.003226921042449371,-0.16846494171484494,-0.1453291583983285
Australia,1953,0.08362533699720509,0.04050601064307613,0.06502678688803477,0.041007645152729255,0.8920606609217285,0.03892562986242387,"reconstructed, resident currency",0.04283766819873169,-0.011599434018309873,0.013645249280081595,0.014299419152074888,-0.011599434018309873,0.03006998878593703,0.004822150984205745,15,0.04279584156174354,-0.08405958806398162,-0.08313163192463324,0.006703548557218442,-0.09859324292494431,-0.0437941141178575
Australia,1954,0.17794349337243265,0.4830710212532099,0.46627949025913146,0.4795051348028436,0.899280575941751,0.47654612453323786,"reconstructed, resident currency",0.071653680046879,0.026380101612930362,0.046503146861017974,0.04706492035299381,0.026380101612930362,0.06022815650262059,0.04023692609447831,15,0.006839471573670597,0.5155354388974827,0.5141080129883675,0.018564239040369523,0.5113059846871866,0.005137277845306709
Australia,1955,0.08096897158392058,0.23757145456975404,0.25947391826425825,0.23620948518938478,0.8940545381262892,0.23373706621900592,"reconstructed, resident currency",-0.11587972599130703,0.01716926234084637,-0.007818308962224685,-0.008079726114417873,0.01716926234084637,-0.010415918526811008,0.01500389120692071,15,0.020380814911835188,0.4212865976061997,0.40756231447513946,0.011922977581826144,0.37411420101127324,-0.03517049174270981
Australia,1956,0.013567299453258297,-0.008445777559648482,0.025832628942416346,-0.00823505242612066,0.899280575941751,-0.010218582321268377,"reconstructed, resident currency",-0.06538206549161318,-0.014571662253260675,-0.04553005646791797,-0.04566027277815521,-0.014571662253260675,-0.06432626710084355,-0.03376702696533497,15,0.06258360955777298,-0.0371288665640539,-0.03637343181142094,-0.012271588679896195,-0.07294819381556539,-0.07013646788762107
Australia,1957,0.13881586788564593,-0.09484088971171378,-0.09275698059351443,-0.09249548306382815,0.8924587245813981,-0.09431049209770048,"reconstructed, resident currency",0.01565552400128878,0.020445364852139436,-0.00377364121053847,-0.003985535333810408,0.020445364852139436,-0.028970155196221925,-0.005004443980932383,15,0.02474863893168977,-0.13875427474914992,-0.13469105848880836,-0.011143687996010843,-0.1643278815117596,-0.0318867669923355
Australia,1958,0.17357216293687627,0.3174950838446171,0.2956247484521699,0.3159136052709193,0.8940545381262892,0.3132817780603774,"reconstructed, resident currency",0.07882635238134017,0.02936788309027727,0.07911451709480999,0.07965111536513825,0.02936788309027727,0.08504476836157737,0.03532179540617131,15,0.013146045159908804,0.09121013610602047,0.09059495417112551,0.006882515564111014,0.08422089893892948,-0.005342279208695566
Australia,1959,0.4169188854394521,0.21226934793492735,0.22121211562943532,0.21460082965238048,0.8948545865299573,0.21217162799307565,"reconstructed, resident currency",0.05349945034250747,0.021104616787068986,0.03543136702394878,0.0355367038982215,0.021104616787068986,0.03166981620675613,0.017265251716904302,15,0.0184069134958178,0.20694957341583708,0.20317712880753724,0.010506777644549326,0.18482462781159525,-0.02649050172885392
Australia,1960,-0.09627463741899689,0.0031003480688165386,0.02194531991754487,0.0016135021866654498,0.8936550499500042,-0.0003897248177079371,"reconstructed, resident currency",-0.04970342575554487,0.005755763966494021,0.0037958843646488383,0.0041997081496609745,0.005755763966494021,0.0073725054044537774,0.009445350413894205,15,0.037925945039750664,-0.0009050131742538436,-0.0012485119239162845,0.012803101551821738,-0.017520801413643317,-0.042357269170977485
Australia,1961,0.08865157042907357,0.1780956310273416,0.1825776572470164,0.1768111478894545,0.8924587245813981,0.17445752559367556,"reconstructed, resident currency",0.01566754040962781,0.024171396549841795,0.010784558747420014,0.01097148448098717,0.024171396549841795,0.010126836090589064,0.023547754834814194,15,0.025121383578097456,0.010309040557539673,0.009984858875833114,0.023604783271376606,-0.005784205106160956,-0.024953448634939646
Australia,1962,0.04490959910166703,-0.07933853033848626,-0.10154256842137688,-0.0777916732379802,0.8940545381262892,-0.07963608989150428,"reconstructed, resident currency",0.14422000710753524,0.04581211252631068,0.11274696313595434,0.11245018529247064,0.04581211252631068,0.10679346921202759,0.039978815637202264,15,-0.002784546787983011,-0.12557441392496183,-0.12411313211964647,0.01825126995188109,-0.13465585621663745,-0.00010436976777916662
Australia,1963,0.25931861396174316,0.1732573101711743,0.14808166645536802,0.17469245993383442,0.8960573484724516,0.17234307501396673,"reconstructed, resident currency",0.04420640025298117,0.03272083755138966,0.04088796975646147,0.041453877019002716,0.03272083755138966,0.04723929443290786,0.03903881723819898,15,0.005305558566979229,0.08353931712194451,0.08316626961998863,0.01837742808505438,0.07861196499040268,-0.011384377848991045
Australia,1964,0.01991876510268642,0.07076228973462184,0.07185220408822059,0.06984523273845,0.8976660690269841,0.0677055422729731,"reconstructed, resident currency",-0.0135402405005427,0.017183351796901114,-0.0019483969209341812,-0.0019031700182505773,0.017183351796901114,0.002481045503452517,0.022093156101595034,15,0.023610934010485085,0.25359156409098094,0.25392199949275174,0.027000180476569158,0.2550919990909599,-0.02323309107239413
Australia,1965,-0.11698509030273974,0.04518404734948822,0.06426043199924052,0.0425382404773047,0.8940545381262892,0.04045316399635013,"reconstructed, resident currency",0.01271198411754848,0.008541534695907682,-0.0001521627249382318,-0.0005743260535340244,0.008541534695907682,-0.008246897749740745,0.0006596139659752698,15,0.039620050696922426,0.11730153788900632,0.11658172691087465,0.03155536016230376,0.11210635943522163,-0.04132208063250853
Australia,1966,0.03616640342715982,-0.08665962317876552,-0.09451805541274359,-0.0847414413378047,0.8976660682226211,-0.0865719584551291,"reconstructed, resident currency",0.0012334047139914706,0.018880775159751062,-0.0007013633771266736,-0.0005937519648790968,0.018880775159751062,0.002156144939752469,0.021953389472829765,15,0.029757380802723388,0.07021342486916815,0.06987392913963997,0.010884962315295343,0.06624514741765819,-0.04082707663177432
Australia,1967,0.3808958331260732,0.1433187683235131,0.18209478804425502,0.14703898316090092,0.8920606609206608,0.14474490519457905,"reconstructed, resident currency",0.00998505653660775,0.013141459775404485,0.010976591638608424,0.010008920992445436,0.013141459775404485,-0.030994165619109726,-0.029575930166679372,15,0.031938816626749134,0.07771875217448776,0.07723946194189724,0.01912916025527034,0.07304528230696983,-0.04333750238109402
Australia,1968,0.3131624807906397,0.1865884476545887,0.15845127717787905,0.18916828644250416,0.9009009009009008,0.18678994986961905,"reconstructed, resident currency",-0.004594879586564016,0.02101305951003929,0.03278558376308838,0.033425164159153864,0.02101305951003929,0.04370947620728827,0.032102861213687134,15,0.026529473469882214,-0.02954884204114583,-0.029522892790847854,0.011003722479790534,-0.014491646783152179,0.168471875271611
Australia,1969,0.06976934208877572,-0.08893096572650505,-0.10202504410627476,-0.08530605367857902,0.8944543836265245,-0.08713544157122188,"reconstructed, resident currency",0.07890371312722011,0.018175557338513615,-0.04106482424585045,-0.0411709139107469,0.018175557338513615,-0.03582097282407415,0.02388841045947526,15,0.029193827303855002,0.18861239550744968,0.19148520290211746,0.01323387456286551,0.20310865192840932,-0.19819176259418614
Australia,1970,-0.1694416423130497,-0.030879039893380145,-0.051428050010180484,-0.034603619195061164,0.8968609873514449,-0.07532030763950137,"MSCI World, resident currency",-0.04255707447405499,0.014201892229549262,-0.00436086895864618,-0.0034143994992451576,0.014201892229549262,0.01308974358756454,0.03212610687513744,15,0.03906004616824865,-0.04350986818094049,-0.04298748656042739,0.020938455464238448,-0.016190538298775148,0.023692714836861972
Australia,1971,-0.11468578320565881,0.06892260695260632,0.10648187658037171,0.06422463393484956,0.8396305632574564,0.08011575888207445,"MSCI World, resident currency",0.052353201839013375,-0.006150722543640241,0.039089922092404805,0.039232165998050794,-0.006150722543640241,0.04416459802657724,-0.0007030988673545124,15,0.060640370957328216,-0.12944898316754283,-0.1255937904125446,0.017643971771362565,-0.17994510565394894,0.035666363450404415
Australia,1972,0.28843361374766174,0.09801458884247927,0.19631200518460407,0.10184441591932059,0.7843137261053441,0.09864051504904747,"MSCI World, resident currency",0.02809007960839116,-0.014601768260481762,0.0034692726940332985,0.0011728766794834034,-0.014601768260481762,-0.0458466444188419,-0.06367468658410942,15,0.058649827090341944,0.09454161027180374,0.08477352644353875,0.01154035341542925,0.02385757302081748,0.30559216068971873
Australia,1973,-0.3221632958892997,-0.26170479908406674,-0.1530259101876926,-0.2628657874783946,0.6720430112043301,-0.3636313659466327,"MSCI World, resident currency",-0.20035206673069805,-0.03885589098781983,-0.10644598153181417,-0.10666850289684904,-0.03885589098781983,-0.15229082058656784,-0.08750834994466117,15,0.0946589482246154,0.42150361014749116,0.3500677391062972,-0.005739170208360234,0.2230741636608169,0.3152306459851004
Australia,1974,-0.3588749445204459,-0.2614614336564345,-0.3367696748922617,-0.26329181708321137,0.7535795032054102,-0.266444720631441,"MSCI World, resident currency",-0.12581563121048023,-0.05248001630843602,-0.12364155480303307,-0.12130089191634441,-0.05248001630843602,0.051009855299603,0.1353449455990481,15,0.15110148819813607,0.1891849884118899,0.22750283715135522,-0.018682411153460032,0.3318499367381986,0.596430949183457
Australia,1975,0.34350699497956594,0.21139292472512627,0.22021569956241724,0.2135383047000854,0.7954816647804325,0.2665914837942154,"MSCI World, resident currency",-0.07610447215033311,-0.0657151597627269,-0.030760618612375,-0.03295869859992895,-0.0657151597627269,-0.04995862829776754,-0.08358227445241413,15,0.1507197279893664,-0.18074108179242665,-0.18341908503101445,-0.002214119066057396,-0.12400608103856225,-0.3000003580848125
Australia,1976,-0.08741702619576186,0.16142915354888565,0.06752229697440178,0.15700188295664086,0.9204712812960235,0.18997527022983918,"MSCI World, resident currency",-0.05357695255347683,-0.052960266367267916,-0.06084987611401671,-0.05137599152923622,-0.052960266367267916,0.08519067012000558,0.0931341752805845,15,0.13523923652833325,0.07509336932856359,0.10161728858575092,0.0049242743921680265,0.2299474858734747,-0.019571444857352405
Australia,1977,0.008012077674158569,-0.09482877771266074,-0.06399626793305743,-0.09329984309806594,0.8761170500053592,-0.11292452616715698,"MSCI World, resident currency",0.034050732665451555,-0.033617397841090635,-0.016975710665588895,-0.011651750793656546,-0.033617397841090635,-0.039598572837727275,-0.06495054360224427,15,0.12300241669392475,0.21209962728170395,0.18947458927353988,-0.011551278487003214,0.11876789815532707,0.03326286333613715
Australia,1978,0.15173999283497963,0.07158919870913216,0.026772698849353013,0.07284350009442808,0.8691873106207626,0.08000198352325305,"MSCI World, resident currency",0.056177251281561036,0.006699218860829026,0.010807652216151098,0.01632449363676769,0.006699218860829026,0.09617741993521634,0.09398538440144828,15,0.0792366276649652,0.2830899203331725,0.27381805477065924,-0.010424790546951224,0.2478826137973824,0.23880032757109038
Australia,1979,0.27417725373276514,0.06594237265465508,0.05282885583554936,0.06947591006514009,0.9045680695654166,0.07315225025456384,"MSCI World, resident currency",-0.07634017811142013,-0.0019555881236529293,-0.08269957792843674,-0.08173591604920127,-0.0019555881236529293,-0.03510254105765387,0.05024178367698632,15,0.09090001538075776,0.3794615979836735,0.39078767881822074,-0.02032579690849734,0.41426267544930906,1.0809082934258814
Australia,1980,0.3829541430804504,0.07462949287030529,0.11215372917520333,0.08171950056068189,0.846955196787461,0.08655365281958627,"MSCI World, resident currency",-0.13055321986143253,0.0049118667051923914,-0.045715547422322866,-0.05055377478615819,0.0049118667051923914,-0.14294792099520226,-0.09698888324476909,15,0.1012657285330909,0.17508454049373245,0.1591605704436505,0.000695567814542164,0.10629129190310493,-0.03462446406481712
Australia,1981,-0.18681216994349104,-0.06393989835756186,-0.053417338658075006,-0.06703885030750456,0.8866034230752756,-0.0741740009464733,"MSCI World, resident currency",-0.09142966917384432,0.032446188770159035,-0.016658560322749927,-0.024490205362721507,0.032446188770159035,-0.12218356755805637,-0.07663635622957127,15,0.09691754380607986,0.06501537659180512,0.07981146559933716,0.06875376114405274,0.15144360553850356,-0.35623228557691333
Australia,1982,-0.23793590440509993,0.14708026305534072,0.09003496855396993,0.13783942173354746,1.0197838068731224,0.16989413257352282,"MSCI World, resident currency",0.07368455994317435,0.03146319146623888,0.11747598420001681,0.11284725320467492,0.03146319146623888,0.07564359524276765,-0.009724813115585018,15,0.11145507019303702,0.1575585654187055,0.1975179343183464,0.08419578734237465,0.33520712359245386,0.21001317419311394
Australia,1983,0.48664707512684413,0.21165110770641182,0.20718627353614927,0.21634982844584316,1.1086474501108647,0.22285118467491327,"MSCI World, resident currency",0.05100302592911343,0.008602690068387764,0.055163428839534845,0.04645277708768192,0.008602690068387764,-0.0012664368694917938,-0.044526107169946205,15,0.10113560353860218,0.06836818614434015,0.07891869407094809,0.04999397713684739,0.14497629107402688,-0.17315986771336478
Australia,1984,-0.03319077007067894,0.11867427534870223,0.08693785482080747,0.11589971282064737,1.2080212611741967,0.08609634569719771,"MSCI World, resident currency",0.09540132802740797,0.06767484669177559,0.09813052188436155,0.09244317287507098,0.06767484669177559,0.04303758089900467,0.014230372682420207,15,0.03950186735568528,0.07156100987214753,0.0808211962207257,0.06256920408590982,0.1643864269051285,-0.1573203556476236
Australia,1985,0.3312841566252489,0.6464807193563316,0.24720595082973817,0.6409745090901044,1.4686444411807902,0.6083329063576097,"MSCI World, resident currency",-0.010366210280061683,0.08132878611839556,0.15189621673900722,0.21664334732265944,0.08132878611839556,0.5762461014217117,0.4762069348005666,15,0.06739043422146018,0.32576816175741663,0.36917120234635425,0.041566294338919674,0.5044422322925026,0.1983535776574341
Australia,1986,0.3851642037484011,0.2953691946126815,0.24316583113072013,0.29702567517537615,1.5042117930204575,0.33687136857873456,"MSCI World, resident currency",0.11963259737641674,0.05777288020452831,0.11847183439658426,0.1306709437204825,0.05777288020452831,0.2352050057870616,0.17039992675931495,15,0.09084538389003094,0.23834222486459544,0.2264220412433684,0.05503815580608573,0.17999619527957922,0.11862947451956907
Australia,1987,-0.1667338410060818,0.09393378559480237,0.09416102773353965,0.08652114080073448,1.3840830449826989,-0.018034316926869742,"MSCI World, resident currency",0.0693231024694565,0.03972382640046224,0.029577684991034747,0.034992580685881736,0.03972382640046224,0.08789509975630172,0.09762853073142681,15,0.08488745091606797,0.17102878408926614,0.14521721195055104,0.0219249880214456,0.009778167219007816,0.0429496175263373
Australia,1988,0.1293294906884077,-0.09912072350446999,0.14030189603607973,-0.09191486355264988,1.168907071887785,-0.022387453686813164,"MSCI World, resident currency",0.0433881257058768,0.045787696928881294,0.07530331442171989,0.04978949241550579,0.045787696928881294,-0.173899117738478,-0.1955438367124538,15,0.07231770741505783,0.126665609236136,0.09783479071524437,0.030389429819428715,-0.09414447740355825,-0.3403258579086086
Australia,1989,0.0961382723715336,0.20655819127535135,0.2226235574081469,0.2045042588848851,1.2615112905260504,0.16422372192901724,"MSCI World, resident currency",0.05497963366487557,0.08591137426817896,0.03410775879765615,0.035362809501171766,0.08591137426817896,0.04864653730876656,0.10123117080725551,15,0.0755942201288442,0.09277532198107274,0.09334630868706184,0.04313487985098852,0.09931763732357668,-0.03150316914008211
Australia,1990,-0.21042032953293321,-0.07703768115051313,-0.12742725907476887,-0.07911212360823638,1.29315918789603,-0.22334363068658192,"MSCI World, resident currency",0.10062794326838254,0.06412250859766888,0.033470388043818744,0.04178926233710434,0.06412250859766888,0.14633259992047187,0.1809039216353234,15,0.07272265806943823,0.08487775021296029,0.0813376172825766,0.019629465469601426,0.042339149772429696,-0.08932661934192387
Australia,1991,0.23519342737640514,0.09004890634133433,0.04962904820540783,0.09222391860861179,1.3161358252171624,0.1921668238587897,"MSCI World, resident currency",0.2580592255709835,0.06522918996725569,0.1397037913894661,0.14133730432583147,0.06522918996725569,0.14534260229814744,0.06996747569949656,15,0.032227000000000006,0.05558726855241036,0.05488016539536744,0.0295655869605842,0.04255379900294365,-0.09625874564790748
Australia,1992,-0.0315482230276829,0.09484539256704938,0.008381208210902158,0.09268307984927837,1.4522218995062446,0.04003082024343185,"MSCI World, resident currency",0.12103804626918602,0.052275340627038425,0.09332761525730726,0.09521154807960897,0.052275340627038425,0.1152998899412847,0.07451107517565664,15,0.009859265452269561,0.01871696593875427,0.01875416914824468,0.008383806062487231,0.09317194181415345,0.021070089190815322
Australia,1993,0.3795486053974242,0.17636714486840255,0.14249250543513206,0.18005441448178394,1.476886722788362,0.22874859476524811,"MSCI World, resident currency",0.2305472042743566,0.031317675680807344,0.20110517561946506,0.19072952955939404,0.031317675680807344,0.1595203444475113,-0.0029228705984434204,15,0.01813116603543352,0.20592488599252712,0.20536366168775966,0.004321478172269577,0.20261213673639422,0.167455053811572
Australia,1994,-0.10506036315003286,-0.10583881027281439,-0.019360337958224713,-0.10582064590760332,1.2873326799004294,-0.10909623386379863,"MSCI World, resident currency",-0.14073391566101467,0.03728579461505932,-0.10164051382114525,-0.09897609070055835,0.03728579461505932,-0.13168490814574607,0.0030858942055084436,15,0.018949330257871377,0.03718237390014778,0.03175503315469319,0.016542435122898214,-0.11233594021059234,-0.1706027942236501
Australia,1995,0.15371860732582254,0.21955893985567787,0.190520631792723,0.21810141277799677,1.342281879194631,0.19868798522418207,"MSCI World, resident currency",0.1796716148323838,0.028723982293977324,0.18407073929888296,0.2019638847487617,0.028723982293977324,0.28333746600916054,0.11497820032294731,15,0.046381823814169554,0.20372970356202869,0.20956973402225199,0.033488873052366586,0.23406255525247088,0.000993944675942826
Australia,1996,0.11431456088493785,0.09366937859309976,0.19922353108630264,0.0941010159358695,1.2554926390529346,0.02724990527342186,"MSCI World, resident currency",0.12106247668092873,0.04291922292782702,0.13266517459310556,0.11575386519222874,0.04291922292782702,-0.017067849827366532,-0.09440777907864444,15,0.026123811720498713,0.20471860984828427,0.18703915884054534,0.020154971252071885,0.10277323214373157,-0.1397544681708981
Australia,1997,0.11169367193373847,0.47526158464821133,0.2307860542090015,0.46759276955365414,1.5320974179240476,0.4159424773086988,"MSCI World, resident currency",0.17149304314579128,0.05054164021338581,0.1415612813744198,0.15034096878041914,0.05054164021338581,0.21530171837827772,0.1184032947378392,15,0.0022471910112360494,0.25156786970171807,0.3114240761620273,0.038183713171633826,0.5385116765582836,-0.04255609608940658
Australia,1998,0.07554603728288733,0.2876890419248268,0.1830715421047371,0.283447142993035,1.628929766591794,0.30753217980159686,"MSCI World, resident currency",0.1260205623440147,0.039434292490679645,0.15158167835580194,0.1653790326115847,0.039434292490679645,0.2581345389583718,0.13549183358363195,15,0.008594917787742684,0.2767643590432576,0.2962669551914885,0.0384762766424287,0.3628601388796824,0.03865288709952375
Australia,1999,0.17639088448290852,0.13209463330845206,0.22758738951384838,0.13298373371835703,1.5295197308045272,0.15059193770921775,"MSCI World, resident currency",-0.08187711062464442,0.03304003140010181,-0.04857648103133283,-0.040471787233249845,0.03304003140010181,-0.18852433619739106,-0.11976918287403539,15,0.014079288625416853,0.03482984089151575,0.0318676621859153,0.025016298269186832,-0.029011000366778394,-0.07487186198426177
Australia,2000,0.005409901383801596,0.05224967033796024,-0.05441513832678612,0.05133389806090993,1.8050541516245486,-0.01944795761153284,"MSCI World, resident currency",0.12285555737570641,0.01453844905446866,0.061662906525405736,0.0687725437534692,0.01453844905446866,0.13922354322400632,0.08841740317499186,15,0.04457435147972233,0.012191128815066676,0.023105079761319036,0.02935847551351123,0.19963417961246877,0.06357155545541437
Australia,2001,0.05485725959191967,-0.13511039449291917,-0.16572326013139763,-0.13132411209143613,1.9584802193497843,-0.1250656979089908,"MSCI World, resident currency",-0.025230958129293324,0.0037646341713228892,0.01014464383553837,0.010992431267921488,0.0037646341713228892,0.028445965402349005,0.022278242446580714,15,0.044071353620146914,0.0983982822219509,0.11169926848924616,0.024736810195639336,0.19847944267579587,0.05553379018399984
Australia,2002,-0.10815273934759706,-0.2818729222993869,-0.23365766739312677,-0.27774113451539273,1.7661603673613564,-0.30510190548924676,"MSCI World, resident currency",0.09436796646279366,0.014578144558946349,0.09413623017493977,0.0981717676785896,0.014578144558946349,0.13718952880183566,0.05534452654074154,15,0.03048576214405374,0.07316735261128793,0.06434566088589877,-0.00596150761007852,-0.06535526815680504,0.08483844917108252
Australia,2003,0.12784259183497393,-0.06909979278701384,0.1770117787384052,-0.06372034961185558,1.3333333333333333,-0.019573373048997644,"MSCI World, resident currency",-0.004371905324485392,0.02023100040004233,0.03643059266629067,0.03086544297672633,0.02023100040004233,-0.10596170881833467,-0.11946525282688102,15,0.02730819245773719,0.20553816754800702,0.15158199683122708,-0.006956332666097742,-0.11811658163454242,-0.12048301691743679
Australia,2004,0.24649080584354444,0.1011396840227774,0.11884671496084376,0.1048193478654138,1.2836970474967908,0.07252069076471335,"MSCI World, resident currency",0.057594870905413265,0.028416819672342886,0.09405230204752546,0.09454777836789896,0.028416819672342886,0.09556392536807157,0.029600117434497857,15,0.023417721518987245,0.18737440915883874,0.17442961317161365,-0.017486342515833142,0.0959875613630623,-0.025541672255108616
Australia,2005,0.17951218762311583,0.11206938568295466,0.1023813602051409,0.1139736714206383,1.362954886193267,0.13290976401286958,"MSCI World, resident currency",0.03602658770080769,0.02725769574248993,0.07549237669239073,0.06878852313799944,0.02725769574248993,-0.022959134350744037,-0.06627962148876633,15,0.026592455163883866,0.07872487287880592,0.08211664918873707,-0.0006986459582450921,0.12206029894904868,0.21370991638544812
Australia,2006,0.20676440163501963,0.09507225271136033,0.15432558231498886,0.09810303012127508,1.2637432073802604,0.08258335461464061,"MSCI World, resident currency",-0.02539672689764849,0.02173531043314525,-0.014326616654357416,-0.014373631148226318,0.02173531043314525,-0.022638956362821205,0.013454264324042604,15,0.03554216867469884,0.1669352082735307,0.15227827369366453,0.024767261591463807,0.0819262402068135,0.10636305535564072
Australia,2007,0.1523833129259633,-0.041316540368598664,0.038055244935216184,-0.03562473696725943,1.134301270417423,-0.05549568300806318,"MSCI World, resident currency",0.004141600140372903,0.03938708795458479,0.010409899044870663,0.009263327760744788,0.03938708795458479,-0.030008670493448797,-0.0013022315455630004,15,0.023560209424083656,0.2240899008998174,0.196574917822252,0.011644528236934182,0.07439745006087106,0.13812944488253298
Australia,2008,-0.42868751659989357,-0.2373356673439696,-0.3937484709285626,-0.24315168894107098,1.443418013856813,-0.24909212089070365,"MSCI World, resident currency",0.2224078600605328,0.022270135891934162,0.12585522265391247,0.14276906517019672,0.022270135891934162,0.293552797599802,0.17700139481726265,15,0.04347826086956519,0.30090477437170793,0.39707876447244494,0.03138761247384991,0.6620777456823999,0.3160247986692273
Australia,2009,0.3715030466262943,-0.04578443040680513,0.23385674161614484,-0.032082873544734714,1.11495149960977,-0.04372034680996306,"MSCI World, resident currency",-0.09166289426950591,0.014817921377485055,0.009022545453996278,0.007018274107424061,0.014817921377485055,-0.18818738378318978,-0.18205588946792572,15,0.017701525054466316,-0.04787159763772675,-0.024471736701909608,-0.019834602641820354,-0.30443582501046207,-0.08383889422118751
Australia,2010,0.004306600610342937,-0.041196076617752264,0.09978781513591148,-0.03955102459046622,0.983961428711995,-0.039111200406221736,"MSCI World, resident currency",0.043916401432964935,0.014415083335795886,0.049103548846628486,0.04287347412939302,0.014415083335795886,-0.11661089606484976,-0.14631671393943937,15,0.028632592989028538,0.025013085246377242,0.02272520345667539,-0.011732246102603261,-0.1291237389453228,0.1066983433794908
Australia,2011,-0.14306604861463013,-0.05105049443065024,-0.045300873546907816,-0.05407824453643473,0.984639621898385,-0.084690802902883,"MSCI World, resident currency",0.15750374685688806,0.012934233109086257,0.09378355426225826,0.0897910588016213,0.012934233109086257,0.03991315943673679,-0.03747714152646929,15,0.03355879292403752,0.09661185865186339,0.09310522857061487,-0.025979726392153846,0.053131709528536186,0.05135121732747483
Australia,2012,0.16869944618775135,0.10169341079776495,0.1270253446497347,0.10365157066104613,0.961076405574243,0.12604068732468776,"MSCI World, resident currency",0.06117320779784796,0.019769447108749283,0.14351715128663223,0.1389387090120524,0.019769447108749283,0.10230778647543404,-0.016911884023931668,15,0.01686383085829335,-0.03492835466367206,-0.03242172075092453,-0.014131120381582707,-0.08547235457042202,0.038682564071750525
Australia,2013,0.16765477360734615,0.4922225102460911,0.3003201876264988,0.4830056676324854,1.12803158488438,0.4469528283167139,"MSCI World, resident currency",-0.07205687193334964,0.0025591783513481126,-0.021495607033884423,-0.023657738632465897,0.0025591783513481126,0.1267031152901179,0.15346030701938632,15,0.024752475247524774,0.06329475796647932,0.07227739046985948,-0.01307117198017016,0.21663598495031944,-0.17125142464625387
Australia,2014,0.03046236722614859,0.13906488331489997,0.10659351951759138,0.13630504197124904,1.21921482565228,0.10921009783170121,"MSCI World, resident currency",0.15566206510803648,0.00011784151361537987,0.17975948135855813,0.16936283813566622,0.00011784151361537987,0.11033478756339066,-0.059121417216184316,15,0.024879227053140163,0.17726276758753134,0.1895661958517123,-0.006284064445272408,0.2544797970759143,0.06255589081264712
Australia,2015,0.010599755427700197,0.1309664833867734,0.04113634583813567,0.12802393918838462,1.36873802354229,0.09137500648127661,"MSCI World, resident currency",0.007413149324253965,0.006152331431972025,0.01504481566236282,0.015142973214321787,0.006152331431972025,0.02594366792350722,0.016885823018500782,15,0.014847984916332768,0.08298051432998776,0.08996958005157296,-0.00531491867575451,0.18639445263366317,-0.036083554735771295
Australia,2016,0.105183627973235,0.02416540245765364,0.03574589259516543,0.026248683629401137,1.38197899391929,0.05932846895196975,"MSCI World, resident currency",0.0014016484387682215,0.007004655354276634,0.049320272482136884,0.04738034131658564,0.007004655354276634,0.0055816932627248406,-0.03472131275208128,15,0.012772875058058464,-0.06003247193712635,-0.05923997186670238,-0.014283553872012966,-0.07088814965244306,0.06541400958106824
Australia,2017,0.10123093459728394,0.11484918677111322,0.16380300920407026,0.11449026897556358,1.28205128205128,0.11588458946507951,"MSCI World, resident currency",0.01585823002190967,-0.0024996852517983337,0.022952359687457236,0.023320075033582688,-0.0024996852517983337,0.026282891549777476,0.0003799313358969621,15,0.019949552854849673,0.03906053815554089,0.03495421839655677,-0.00991627081888169,-0.04177906777596074,0.020826057686523347
Australia,2018,-0.05556030175104276,0.08241319458548513,-0.008982128778110138,0.07828692544854854,1.4168319637291,-0.006774669998208971,"MSCI World, resident currency",0.010923315472260109,0.00014565152183521057,0.012449721337040032,0.012816250740210533,0.00014565152183521057,0.05065576689853368,0.03809038912071838,14,0.019334532374100544,-0.07162884983395179,-0.07682634864880711,0.0017853235335945072,0.0327351673373506,0.07435856836360455
Australia,2019,0.21901095169116047,0.13847466268761277,0.1320833042948512,0.14089951021267888,1.42734798743934,0.2616870176684962,"MSCI World, resident currency",0.08370897163203161,-0.002183272964169536,0.058753040975057624,0.05791035225258945,-0.002183272964169536,0.043743229555090135,-0.016257831619717784,14,0.01565946184384659,-0.019866416198443093,-0.019865589056179855,-5.033643403207222e-06,-0.00804086721910069,0.16421367046175162
Australia,2020,0.039941022930297,0.004117112044605964,0.06870084697821803,0.005197661899726258,1.29836406128278,0.04057544177268935,"MSCI World, resident currency",0.0009120041211834184,-0.00628044877313827,0.024960289310971717,0.023682106291699423,-0.00628044877313827,0.001156228484342714,-0.02884623075724405,15,0.008903365906623328,-0.12468411059586537,-0.11515423677327252,-0.00489791713896115,-0.19984601574683714,0.11824334884930376
Australia,2021,0.06443207337374468,0.09938850186096326,0.17709467385731997,0.09829432611352118,1.1915045254910985,0.06347478362494852,"MSCI World, resident currency",-0.07235739489169457,-0.027147507727853126,-0.05858285028502863,-0.05710296709748697,-0.027147507727853126,-0.10319577678027148,-0.07311627710263144,15,0.0281963,0.049659340339077485,0.04395680428368176,-0.0646718177027612,-0.057109264770444756,-0.16931533175673774
Australia,2022,0.05243415424705522,-0.13640808874155264,-0.14850464583164255,-0.13057853987508616,1.2902006398127905,-0.15634453662970538,"MSCI World, resident currency",-0.13684785222711338,-0.04669475776539189,-0.1747299088693136,-0.17085550388611392,-0.04669475776539189,-0.20488402681437912,-0.0808707434624884,15,0.0661503,0.11303086268940188,0.13223313296570982,-0.04319532740699539,0.22527049061838866,0.031164962397638885
Australia,2023,0.013742567416848095,0.1982252162672573,0.16320749661047054,0.19247565347626594,1.347286465182621,0.23214460215100563,"MSCI World, resident currency",-0.039589383956222024,-0.01567677459288974,-0.027816930782343374,-0.026276759627358315,-0.01567677459288974,0.0139580989799315,0.026101924341984988,15,0.056351860000000004,-0.05073209095226805,-0.04947596967289358,0.017003513512843016,0.009569602542399913,0.1371207566113013
Australia,2024,0.11626913711249154,0.1607960958520429,0.1659834804068439,0.15940897671895482,1.3550269160802253,0.15460438689708456,"MSCI World, resident currency",-0.007468989799481296,0.011738453460389708,-0.005680867316047888,-0.0056007823760858555,0.011738453460389708,-0.01059276579690116,0.006841047036790648,15,0.03173898,0.018444871992773226,0.019190620198439978,0.02171369326854866,0.03191903058024037,0.21948486687745894
Australia,2025,0.049992297663302265,0.21879438013543728,0.1749785534706115,0.21337731695038764,1.387434688836703,0.20917885990215512,"MSCI World, resident currency",0.007820991380936393,0.017161451190171206,0.007153748836651319,0.008075556221472935,0.017161451190171206,0.0533323264237906,0.06366023609046605,15,0.022576109999999996,0.10681805640373754,0.10980885805796015,0.015139307087717269,0.13261619887030052,0.6654408924878117
Belgium,1927,0.28675006136639425,0.16441730582000136,0.2582316339615759,0.16961438357785075,35.930499999999995,0.167275154810695,"reconstructed, resident currency",-0.11253889382795534,-0.18498252846926233,-0.1575633391776602,-0.14354898645600334,-0.18498252846926233,0.015768874636725716,-0.018419590076351168,15,0.27184466019417486,-0.013998204640291778,0.022827983451643163,0.06069651650102048,0.1636693237609952,-0.07881936784475518
Belgium,1928,0.2072002963321964,0.258921566784192,0.33013480819724406,0.2564632455872913,35.8985,0.25395031909611676,"reconstructed, resident currency",0.12086305469274516,-0.0063060656916805735,0.023480448291548495,0.022728614465853392,-0.0063060656916805735,0.020990955652309573,-0.008141797439293153,15,0.04325699745547085,0.243862751266813,0.24243640500445696,0.05045226040342521,0.23755566043727017,-0.05317238366280297
Belgium,1929,-0.3461149372373309,-0.1175859302684924,-0.06119554392815703,-0.1270689509727594,35.939,-0.12881481307081388,"reconstructed, resident currency",0.019953244583947205,-0.0254735484293529,-0.009280027138033664,-0.008625596072624364,-0.0254735484293529,-0.01009014160782662,-0.02669013694175987,15,0.06707317073170738,0.11208875454516498,0.1119452453886387,0.03785806464463959,0.11116682789442267,-0.0671152976753262
Belgium,1930,-0.2878472036095997,-0.20401993479975566,-0.18188075812108223,-0.20639007296162926,35.836,-0.20797729281570598,"reconstructed, resident currency",0.27737518203885925,0.03598398218268106,0.07993917884364055,0.08070037529323049,0.03598398218268106,0.06326867445494977,0.018064537401497893,15,-0.0011428571428571122,0.10493266822524805,0.11112685896537422,0.10740235214556271,0.15148619424480536,0.03322457490715047
Belgium,1931,-0.2484569946924846,-0.29726487336829843,-0.29336199789220246,-0.2958578641965761,35.8975,-0.297266148468183,"reconstructed, resident currency",0.005405973465669733,0.12042857147753239,0.05464248167907959,0.055846777323978136,0.12042857147753239,-0.017524296231385295,0.04425054429084716,15,-0.08695652173913038,0.325558896041656,0.33215555418128107,0.15094084355712933,0.3597159442742772,0.10030294672865536
Belgium,1932,0.13790089633936686,0.043124307916073024,0.10522978978943012,0.046256240703695495,35.936,0.0441637282222882,"reconstructed, resident currency",0.1125652562749262,0.1354874992898356,0.27253374242228046,0.2478316659520139,0.1354874992898356,0.12349988299879633,0.0061718128684323135,15,-0.09774436090225569,0.12450638054079,0.12535193576020642,0.16025907588768828,0.14907253796109887,0.10961191765541023
Belgium,1933,-0.07760761646514247,0.19422981778780857,0.404939874703225,0.18454136150772382,27.933500000000002,0.18217227878470843,"reconstructed, resident currency",0.07687277743156917,0.04680851101875305,0.08576746719388861,0.08919971831275131,0.04680851101875305,0.08696307601946751,0.044754129821039726,15,-0.02083333333333326,-0.09306356809820615,-0.05065755584720255,0.030170519994877854,-0.32767307215358854,-0.2530001953326465
Belgium,1934,-0.14076467254408853,-0.07814603871689707,0.018401293016522713,-0.07979308352429282,21.4715,-0.08163349735724423,"reconstructed, resident currency",0.22173557511052566,0.08322297248083199,0.1890669072254314,0.17354512153706048,0.08322297248083199,0.05931412499977262,-0.03449658664718052,15,-0.05531914893617018,0.04452062743551077,0.0439150722913042,0.008767156750223437,-0.18416288779703371,0.3842670936963708
Belgium,1935,0.5520161075446441,0.6271812275866608,0.2648947949837901,0.6254579359105703,27.1385,0.6222070200387491,"reconstructed, resident currency",0.14387554656003276,0.036824732888063316,0.0421034210170681,0.049474437680755656,0.036824732888063316,0.29558206866486314,0.29058515314987104,15,-0.016516516516516533,0.06060250840196946,0.07235911107376247,-0.0020322077192309607,0.3413310532901912,0.2706627703684972
Belgium,1936,0.21124340822226806,0.33323234119035283,0.2630312386633743,0.32980033727019364,29.5565,0.32714073659565335,"reconstructed, resident currency",0.07080353878057788,-0.02639270001464955,0.00848366357989394,0.012853334316591747,-0.02639270001464955,0.09091993277439814,0.05402412018650131,14,0.04580152671755733,0.24061666115159008,0.2695030484400749,0.012372876775614161,0.3630331417220003,0.04157258929467278
Belgium,1937,-0.12245804073960609,-0.2812490194211006,-0.24054970084399233,-0.2772042806310481,29.6275,-0.278649872069786,"reconstructed, resident currency",-0.026024551314561717,-0.053115645550242174,-0.05224884811367414,-0.051756128415857416,-0.053115645550242174,-0.08892951912443003,-0.0912738195862549,14,0.07299270072992714,-0.11583865724477616,-0.11626918990734181,-0.011132956950033579,-0.10635421494754582,-0.06485811659970342
Belgium,1938,-0.11818101757381039,0.005000055906068335,0.06018467638026179,0.0016294971535435465,29.596,-0.00037376184076354235,"reconstructed, resident currency",-0.15008792176392338,-0.01871222002816042,0.011103407037028612,0.0062743948638399605,-0.01871222002816042,-0.019995609082988586,-0.04559376728770435,14,0.035374149659864074,0.06052687377121502,0.061411802977307195,0.047570894586841384,0.0695621504760402,-0.03207758278508921
Belgium,1939,-0.2092242505256232,-0.011132902554308433,0.02160101331791197,-0.015746111826307363,29.6705,-0.017714619602654746,"reconstructed, resident currency",-0.08848854291748698,0.004124676075751843,-0.06203489713281751,-0.06081442482948829,0.004124676075751843,-0.09338902342423805,-0.02923889446285271,14,0.01182654402102501,-0.1200390663896913,-0.11937903442487263,0.022205827566040615,-0.1250251499132824,-0.023157926712293664
Belgium,1940,0.523866713025579,-0.3881598042484481,-0.10333433664815142,-0.36723513632831795,29.62,-0.36850066605566134,"reconstructed, resident currency",-0.11106518005865795,-0.3143188192064401,-0.26184972199277723,-0.26597179846840646,-0.3143188192064401,-0.29888097387106394,-0.34801009235854635,14,0.48173820314582816,-0.3205247515276144,-0.3205368839448979,0.0059249679692383594,-0.32357609803630705,-0.3310154902077824
Belgium,1941,-0.09085560826837669,-0.4408485827928038,-0.0559270899393383,-0.42523882336128316,31.124944419742107,-0.42638834571456063,"reconstructed, resident currency",-0.42933391208729355,-0.4754595517872533,-0.4440766041247818,-0.44093041716788783,-0.4754595517872533,-0.4019308890148052,-0.4354523238677355,14,0.9354084202950699,-0.4885765236848403,-0.4887050294256913,-0.07583315048804296,-0.48632046208253965,-0.48275980276865704
Belgium,1942,-0.2830242726431037,-0.22740489462162283,0.07119857452796202,-0.2321726215007237,31.11111111111111,-0.23370827625772228,"reconstructed, resident currency",-0.30144939510432067,-0.32800229153943783,-0.3069224515433381,-0.3060880951993741,-0.32800229153943783,-0.2966587342914583,-0.31824125562220423,15,0.5089337175792508,-0.3212888648617339,-0.3208770509448705,-0.07087970183543024,-0.3107192112137235,-0.3293779615338198
Belgium,1943,-0.19329704062097008,0.04796725828080772,0.13011891654019853,0.028925484497652754,31.11111111111111,0.02686763352865751,"reconstructed, resident currency",-0.06291178915666162,-0.10372584895334003,-0.08718317574858525,-0.08685287253906226,-0.10372584895334003,-0.07958507990398334,-0.09622827699867127,15,0.13135026737967914,0.09167679383387695,0.0977152832218684,-0.019568422192413393,0.120293748679549,-0.09487327469094164
Belgium,1944,0.19362291341063642,0.6941162282488711,0.1236515288706291,0.6642487143702893,43.821,0.6609202169415487,"reconstructed, resident currency",0.12497751903056709,0.05459521518990962,0.08001850901781582,0.09799401225162829,0.05459521518990962,0.5014673102275375,0.46738629859616604,14,-0.03972634688641852,0.13367815707739883,0.16762858436459727,-0.011389603351630306,0.5858695824310853,0.45510607345021503
Belgium,1945,0.2834751352329288,0.6274326010343456,0.20406221289596613,0.6139522811367175,43.821,0.6107243765744441,"reconstructed, resident currency",0.281594882264399,0.32352194182666216,0.38033333723567164,0.3727268121560088,0.32352194182666216,0.23729188519815403,0.18451171555904203,13,-0.2349956822107081,0.5720255375983494,0.5711734371548984,-0.013237632217602213,0.5668844862722977,0.3021401226244236
Belgium,1946,0.025287789354721646,0.28011203383877414,-0.06979656504177732,0.2737530378797137,57.0,0.27120553180395435,"reconstructed, resident currency",0.06873919824984931,0.14465787861439772,0.14661616457203075,0.1489140141037706,0.14465787861439772,0.04187837972350783,0.034971559098989156,12,-0.11528150134048254,0.73691274930068,0.8311949946709061,-0.1458067950930625,1.0644671813348858,0.34281550882975464
Belgium,1947,-0.3218708499584948,-0.1955733953424006,-0.09601323480548027,-0.19864604984255108,48.75,-0.200248757742866,"reconstructed, resident currency",-0.04446657216766403,-0.003889333978056353,-0.05088624442681744,-0.048038816095265724,-0.003889333978056353,-0.21592252813263624,-0.17526857664511342,12,0.01795918367346938,0.06342561974658278,0.050305782629762374,-0.07460156340503099,-0.05077768074588529,-0.12267854368877351
Belgium,1948,-0.12079806711816299,-0.019561987623286203,-0.10351987493233492,-0.021280386550678432,53.75,-0.023237825777577048,"reconstructed, resident currency",-0.08777943142617528,-0.11638155098611425,-0.13710674970751202,-0.13312935568563888,-0.11638155098611425,-0.09521194767564956,-0.07838633568420902,12,0.1475541299117884,-0.15514886991393617,-0.15355704042432183,-0.016410018909050028,-0.027109811241371018,0.003352985060524505
Belgium,1949,0.254829050962291,-0.010954176996099685,0.0702260648030865,-0.0010859997996728321,50.4,-0.0030838278000734354,"reconstructed, resident currency",0.1393247022201991,0.0484349715450747,0.05269322187789016,0.0637280596163563,0.0484349715450747,0.009023139237358535,-0.006391591635585994,13,-0.0328441649196366,0.2231217983502194,0.21220077881624033,0.031435476496074255,0.1551683932731973,-0.025242715844357777
Belgium,1950,0.16935526282029656,0.2791161223886649,0.19144468307059986,0.2745060894233644,51.7,0.2719570772445177,"reconstructed, resident currency",0.04752845445283982,0.02286880510063627,0.010840489140380605,0.013210496887826162,0.02286880510063627,0.0539434724532184,0.06430365610698367,14,-0.00867052023121384,0.14372421515617284,0.14174771571689715,-0.044909057796571394,0.11682376230396163,-0.015808622766891434
Belgium,1951,0.2988527757809265,0.1578025635660132,0.12864968564131718,0.1630281853816813,54.0,0.16070212901091785,"reconstructed, resident currency",-0.04773390914789244,-0.07283705392010176,-0.08899962016458529,-0.08467100361633395,-0.07283705392010176,-0.026321103118094658,-0.012064454240473154,15,0.09365889212827994,-0.09483734270146471,-0.09447331653649826,-0.044855439335450886,-0.03872435438140376,-0.030037726003497744
Belgium,1952,-0.016290344466993623,0.08573375003070538,0.08921151669454856,0.08208834379569163,51.1,0.07992416710810035,"reconstructed, resident currency",0.052314609451512784,0.00462660987019925,0.027998593574919406,0.028720329225673025,0.00462660987019925,0.04720045531708661,0.02394592017859484,15,0.009330223258913639,-0.03795699297826671,-0.037237242323670094,0.003226921042449371,-0.07871876059666794,-0.0530859710756062
Belgium,1953,0.09795016529357548,0.0745125020711288,0.06410602283503121,0.07529998651133574,50.45,0.07314938653831304,"reconstructed, resident currency",0.06885168584925583,0.017358728489212716,0.04334303058848965,0.044216734247205514,0.017358728489212716,0.06400202746325268,0.037922488303231354,15,-0.003301419610432621,-0.057224363349488994,-0.05647891611414979,0.006703548557218442,-0.06889956261384789,-0.012295268936015846
Belgium,1954,0.40416595103929365,0.4473300991242979,0.46505837339057143,0.44580709080329073,49.999999999,0.44291547662168407,"reconstructed, resident currency",0.05408400345162434,0.0010680187392451135,0.020694799310932765,0.02133727159619192,0.0010680187392451135,0.036079801605460204,0.016543902744368313,15,0.012918184829413759,0.4781600469085927,0.47772925954109025,0.018564239040369523,0.47688362658191186,-0.01775629610564511
Belgium,1955,0.29012039379191323,0.2735091461132626,0.2569163591758004,0.2740119776811285,49.959999999,0.27146395372576615,"reconstructed, resident currency",0.04535156871598289,0.01899835731891697,-0.006034147155924763,-0.006095235155347711,0.01899835731891697,0.019844927436612814,0.04604205863415271,15,-0.004905166775670322,0.42384238480340386,0.4215996379339104,0.011922977581826144,0.41613373118707453,-0.00566662473741697
Belgium,1956,-0.05160975767631093,0.02659325693205372,0.02803291930742096,0.024317449942830693,50.224999999,0.02226881504294509,"reconstructed, resident currency",-0.017404239481275008,-0.013869606482907249,-0.04485005660814345,-0.044882923538687614,-0.013869606482907249,-0.033614835444305435,-0.0020525554863692528,15,0.028261583963194115,-0.03644288138436935,-0.03631471918576856,-0.012271588679896195,-0.042519757933875524,-0.03961574328857509
Belgium,1957,-0.20351131637078668,-0.09242901411816573,-0.0873041912784331,-0.09541935426755843,50.017499999,-0.09722851555902334,"reconstructed, resident currency",-0.10913501824615823,-0.014965984722786208,-0.038344546289773684,-0.038006380852857236,-0.014965984722786208,-0.03209869742185145,-0.008210200866755486,15,0.03163950143815897,-0.16864110112636355,-0.16889861643277704,-0.011143687996010843,-0.16702031730398825,-0.03500591224298144
Belgium,1958,0.14593569335587553,0.3133059531572131,0.29806729527540765,0.30914324237640245,49.842499999,0.30652495589164963,"reconstructed, resident currency",0.19001496111581107,0.00828110180590147,0.05700866730429599,0.05893397252904453,0.00828110180590147,0.07946222342156029,0.029995074685733487,15,0.013011152416356753,0.06885650544262467,0.06971786184120465,0.006882515564111014,0.07864259279920005,-0.010459783654744648
Belgium,1959,-0.03900310948063401,0.22878103968373975,0.2289826437283662,0.22324428070879287,49.937499999,0.22079779214737538,"reconstructed, resident currency",0.024577622968714907,0.004216011996265756,0.01830580431648432,0.01961231790254292,0.004216011996265756,0.03901147722415654,0.02450440568415509,15,0.012232415902140525,0.18698717777807516,0.18805608319403855,0.010506777644549326,0.19325618279732049,-0.01956272636773604
Belgium,1960,-0.14044486291437253,0.035844182636982636,0.02288147496569916,0.03292453949615193,49.699999999,0.030858690417159718,"reconstructed, resident currency",-0.022183235802025525,0.028791867297546903,0.026787098080705674,0.027521163699777418,0.028791867297546903,0.03886357259994333,0.04100121598449105,15,0.0030211480362536403,0.02197852990710758,0.021796887458847447,0.012803101551821738,0.013192086117897572,-0.012420784480340785
Belgium,1961,0.1556556462672729,0.198651773202573,0.1816054355014403,0.1980277417043843,49.779999999,0.1956316862209755,"reconstructed, resident currency",0.051868596318370486,0.023625408557859995,0.010245707307694474,0.010944294803355126,0.023625408557859995,0.028338297480405172,0.042001180436245754,15,0.009939759036144524,0.009770442617591968,0.00981818290054104,0.023604783271376606,0.012140397938669611,-0.007374445692911236
Belgium,1962,-0.048046272783813904,-0.0958480832877866,-0.10041501717446939,-0.09521301650063563,49.751299999,-0.0970225904676344,"reconstructed, resident currency",0.09626372489859092,0.012704618505257281,0.07752049847015896,0.07860383161950657,0.012704618505257281,0.08588514688565207,0.02033268210388317,15,0.014017297942141127,-0.15325628862892038,-0.15361886463133312,0.01825126995188109,-0.15100298400945444,-0.01899329594161525
Belgium,1963,0.13177080508648698,0.15548603756271628,0.1500916744531539,0.1552853586157339,49.827499999,0.15297478789850238,"reconstructed, resident currency",0.012665950021447436,0.004238411453798108,0.012180294268132386,0.01326588347492308,0.004238411453798108,0.029937847641889448,0.021872850581090016,15,0.021470588235293908,0.05365531807634083,0.054195648800932306,0.01837742808505438,0.06079221011714564,-0.02771730259154248
Belgium,1964,-0.0023381763141481215,0.045624277517404055,0.07152910703520582,0.045225851438615905,49.632499999,0.043135399735738655,"reconstructed, resident currency",-0.01779992194952329,-0.007919982615230303,-0.02657957389448351,-0.026495339578831434,-0.007919982615230303,-0.020588144646539353,-0.001427349822057226,15,0.041750647854880585,0.22265384947540978,0.22343694195215713,0.027000180476569158,0.22620970140300511,-0.04571054504056804
Belgium,1965,-0.08289362656998922,0.04696995105118096,0.062451432435542686,0.04594419443672182,49.642499999,0.0438523060478484,"reconstructed, resident currency",0.01530431113038877,0.005448447601253736,-0.003218587196019307,-0.0034125160521756293,0.005448447601253736,-0.005006857937074449,0.003928751194606687,15,0.04063018242122718,0.1138748957044351,0.11413325608710423,0.03155536016230376,0.11573959120663102,-0.03819009685627728
Belgium,1966,-0.2226443574979925,-0.09053558251431149,-0.09158786900720914,-0.09143200169557708,50.052499999,-0.0932491376921859,"reconstructed, resident currency",-0.0020969731012271398,0.009983808359758983,-0.009427337023961924,-0.009279531261454976,0.009983808359758983,-0.005169638700481594,0.014482887536096308,15,0.04169986719787522,0.06086821634025674,0.06066140666633513,0.010884962315295343,0.05845087174827035,-0.047838651969257184
Belgium,1967,0.21511657967476427,0.1478064876725933,0.18502797458261513,0.14820879055153213,49.627499999,0.14591237297042903,"reconstructed, resident currency",0.052001274431407785,0.022986713652792146,0.020800808299315188,0.019447491528973515,0.022986713652792146,-0.030005925286161417,-0.028586243446696025,15,0.02855685874553804,0.08819153918878242,0.0867504377510615,0.01912916025527034,0.07413962724219214,-0.04236185039673823
Belgium,1968,0.13073174547947763,0.18885826926992344,0.16178693741302627,0.18851700267411786,50.14,0.1861399686687697,"reconstructed, resident currency",0.0335549986028123,0.0122469006566861,0.023918349006007977,0.025041042906314592,0.0122469006566861,0.04313785733003228,0.03153759904812389,15,0.027516113039167234,-0.03788088924744726,-0.03784151090617571,0.011003722479790534,-0.015031390065391337,0.16783192651510936
Belgium,1969,0.008675079636832006,-0.09544234610690794,-0.09872024646801998,-0.09484204578198818,49.666299999,-0.09665236169042424,"reconstructed, resident currency",-0.0669608222079453,0.03070855546041984,-0.02926103199201535,-0.02940285507604501,0.03070855546041984,-0.04587286354271192,0.013214029333219563,15,0.037635705669481156,0.2032433467350645,0.2007309714367269,0.01323387456286551,0.19056583949319839,-0.20655088320616788
Belgium,1970,0.01191311458058597,-0.03732968595868258,-0.05501292137550173,-0.03702606517202789,49.674999999,-0.07764058420701225,"MSCI World, resident currency",0.02477864458453438,0.038052939475382797,0.019053636709514432,0.01876422197792893,0.038052939475382797,0.010547621799606777,0.029536217597494727,15,0.03906068356196246,-0.021016031895505383,-0.020970965927387675,0.020938455464238448,-0.018659187777875674,0.021123987267530175
Belgium,1971,0.045775803707583274,0.04105507873880976,0.10119640509955824,0.0410868958011974,44.754999999,0.05663252537465069,"MSCI World, resident currency",0.0759624718034726,0.007178233931236289,0.053025621055229344,0.04984518986829034,0.007178233931236289,0.02146299324578793,-0.022429216905694164,15,0.043410158872230875,-0.1177736347261602,-0.11166588268385613,0.017643971771362565,-0.19777425073814403,0.013149522224180199
Belgium,1972,0.2418588452800301,0.16542254757735253,0.19788627032931916,0.16590673027082148,44.0625,0.16251655146353938,"MSCI World, resident currency",0.011379775565245609,-0.015051493406422978,0.0030113001195208877,0.00416009536057893,-0.015051493406422978,0.009628766920226184,-0.009235815091286511,15,0.05447137036242755,0.09404207326274161,0.09256942424175496,0.01154035341542925,0.0833856558847661,0.3815005686323918
Belgium,1973,-0.00034092765363102906,-0.17540692165959682,-0.15723878322448215,-0.1743302712055026,41.319999999,-0.2871985744702248,"MSCI World, resident currency",-0.049819318116501865,-0.007437307784983083,-0.07723683275564874,-0.07813634091755017,-0.007437307784983083,-0.0504743961502403,0.02208894992287774,15,0.06955460646735823,0.46797076219033396,0.4326915970627747,-0.005739170208360234,0.36997482392093506,0.47320001205465756
Belgium,1974,-0.33208411281228756,-0.41389799303472985,-0.3372242992842207,-0.4132729495990807,36.122499999,-0.41578397613841844,"MSCI World, resident currency",-0.13511060192958513,-0.021946692731768414,-0.09540137365973533,-0.09530062117350524,-0.021946692731768414,-0.16295769934201432,-0.09579178490791648,15,0.12683019585472532,0.22750583722632056,0.1827062698247739,-0.018682411153460032,0.060708165158682936,0.2714250278511521
Belgium,1975,0.09243064556372316,0.2852675481153415,0.22321046934226513,0.2838038531813294,39.527499999,0.33992888481879047,"MSCI World, resident currency",-0.0038536362120292766,-0.05114825026418446,-0.01564871510818122,-0.014013225559641018,-0.05114825026418446,0.005050082843846226,-0.03052041898881653,15,0.12757340533243333,-0.16796759986974796,-0.1724368126637692,-0.002214119066057396,-0.07328481995956238,-0.25946940938270224
Belgium,1976,-0.11609893978826813,-0.05310372074475256,0.06594914789541553,-0.0535132221494381,35.982499999,-0.026539303148307325,"MSCI World, resident currency",-0.06423109545333494,0.00546009578142681,-0.002916203005124851,-0.009197911420363525,0.00546009578142681,-0.1122584709277713,-0.10576027700516266,15,0.0917390002993117,0.1414130196550747,0.11824644304906884,0.0049242743921680265,0.006160015794383078,-0.19795924471764892
Belgium,1977,-0.04714586809477794,-0.08581167730622397,-0.06300911566886375,-0.085608405176262,32.939999999,-0.10539956227804403,"MSCI World, resident currency",0.08686885477622885,-0.0001937805887267663,0.01702348129325748,0.020198963171011552,-0.0001937805887267663,-0.03145159293395139,-0.057018621684116956,15,0.07100753941055515,0.25402169202447844,0.22353471909874,-0.011551278487003214,0.1282582834520174,0.042027918806525344
Belgium,1978,0.0866171259691364,-0.023773190837538594,0.028442540376178937,-0.023230855340460765,28.799999999,-0.01671342224307293,"MSCI World, resident currency",0.018384444941984324,0.025587872194691608,0.029773391905044244,0.025488964628412214,0.025587872194691608,-0.0019865145559615494,-0.0039822508149717885,15,0.0446691411749649,0.3071644802884008,0.2621233168279975,-0.010424790546951224,0.13613330668181933,0.127864349515161
Belgium,1979,0.05424059790282665,0.045003792833492096,0.056597163936517925,0.045051797951644046,28.048,0.048644179873182924,"MSCI World, resident currency",-0.1230958185900386,0.06018895607027064,-0.025582664151664214,-0.025064714072953187,0.06018895607027064,-0.05713834709446286,0.026256930133868924,15,0.0447194315118844,0.4653555834813228,0.438215790388121,-0.02032579690849734,0.38196450976084373,1.0333856358529387
Belgium,1980,-0.16974565416512222,0.34343287213966645,0.11988326145161847,0.3407708392891542,31.523,0.3467626794825345,"MSCI World, resident currency",-0.07717554669619131,0.06967248663892844,0.01578243542534752,0.018851445936198363,0.06967248663892844,0.06229982420226765,0.11926518128941535,15,0.06649466400844384,0.2508117816959188,0.2786850121557205,0.000695567814542164,0.37122710940718595,0.19656469803321475
Belgium,1981,0.031941710702974246,0.10845529820553534,-0.05709909806187257,0.10818253730663696,38.459999999,0.0997073190815656,"MSCI World, resident currency",-0.03346964593521551,0.07078412673913737,0.019855965593200686,0.019491281606134114,0.07078412673913737,0.04268097520845582,0.0967825036953373,15,0.07631405322190465,0.10456270979705562,0.14961029093586786,0.06875376114405274,0.36769864079735237,-0.23532492275738193
Belgium,1982,0.17741261300814815,0.23391803196421024,0.08181384309040145,0.23371148995886704,46.919999999,0.26846706646221596,"MSCI World, resident currency",0.10455451434972773,0.04934497360469825,0.13684891215299588,0.1445800310681653,0.04934497360469825,0.16627516783508334,0.07371378855826004,15,0.08724969350224776,0.1776263780663878,0.23837739783163436,0.08419578734237465,0.44770899863995517,0.3119664580871073
Belgium,1983,0.3459311285075517,0.35697386888997973,0.21142934058639876,0.3569301958746003,55.639999999,0.36418295028377723,"MSCI World, resident currency",0.12325473319882807,0.026677154579396012,0.07407227583713771,0.0780593614549332,0.026677154579396012,0.11416279901712278,0.06590336614552128,15,0.07667731629392982,0.08751366637684566,0.11365218788964393,0.04999397713684739,0.2773076187333281,-0.07759731910823509
Belgium,1984,0.172132966818749,0.13473141048133375,0.08435002908069754,0.13489889172912606,63.08,0.10458809593843355,"MSCI World, resident currency",0.06882454375042801,0.047722908450924306,0.07760944992980634,0.0764914423456291,0.047722908450924306,0.060796217611686076,0.0314985412137115,15,0.06344911851981139,0.05153644981388705,0.06477196598621271,0.06256920408590982,0.18421113497630115,-0.14297298989276075
Belgium,1985,0.3174315288459999,0.09567473293111561,0.24831432017695934,0.09683105877694875,50.36,0.07501333797328402,"MSCI World, resident currency",0.21830816404148523,0.044946233284951065,0.1131393413999251,0.10586220880120756,0.044946233284951065,0.05356644526675125,-0.01329995907799116,15,0.048666393106278294,0.2811611645062062,0.21421590156325943,0.041566294338919674,0.005572577376054433,-0.1990177689597642
Belgium,1986,0.41822454953573107,0.09250552105399357,0.24485626554922135,0.09425101095749566,40.41,0.1278673002287407,"MSCI World, resident currency",0.26070932728527363,0.06713674312782092,0.12837303070899875,0.11453220402361919,0.06713674312782092,0.04209527397327184,-0.012578295408231485,15,0.012991078416027424,0.24930456570615234,0.19745552052836235,0.05503815580608573,-0.004482290270708789,-0.05625504813975235
Belgium,1987,-0.1230500258978624,0.035866325096213014,0.08800418044044689,0.03491588825671732,33.1525,-0.06467361842007568,"MSCI World, resident currency",0.013340917375886496,0.05452488460845473,0.04423430712304799,0.045038710809302884,0.05452488460845473,0.03622458985444332,0.04549572318552896,15,0.015528430160692386,0.18769904282186167,0.15154198595823276,0.0219249880214456,-0.038182112039220284,-0.006586168186463404
Belgium,1988,0.5058766112038564,0.28266956381423936,0.13796936003317048,0.28387472487989496,37.345,0.38217441136340824,"MSCI World, resident currency",0.05759504778263902,0.05492133918658282,0.08469473853322063,0.09383012987496242,0.05492133918658282,0.1679632232346786,0.13736134847375758,15,0.011639406618485948,0.13650561849330933,0.15533577708741908,0.030389429819428715,0.2807224379912201,-0.06733529303056629
Belgium,1989,0.11196686545144141,0.1148989223496455,0.22099700452588772,0.11487939290565996,35.76,0.07759605392531688,"MSCI World, resident currency",-0.07379600579581602,0.0540636292587493,0.0037793167213810985,0.002632770012399366,0.0540636292587493,-0.02938125269081948,0.019290658461438907,15,0.031057301849902297,0.060726270252054126,0.05695535950709307,0.04313487985098852,0.017519507356864583,-0.10356717225741785
Belgium,1990,-0.22359767393983832,-0.19272499969765455,-0.12815037699878642,-0.19290860344285132,30.9825,-0.3193170527879722,"MSCI World, resident currency",0.019982877992423376,0.060127867286992265,0.029590812645229114,0.028005174561092083,0.060127867286992265,0.004677336630724449,0.0349765913380324,15,0.034497848442856194,0.08080519518003881,0.0668846606412572,0.019629465469601426,-0.08646537581505576,-0.20186086770669498
Belgium,1991,0.09070354040891027,0.08322358472373881,0.05216812395685472,0.08327048735528786,31.27,0.1823941174402095,"MSCI World, resident currency",0.13018422884419611,0.05912496411040635,0.13317279372429436,0.13437061890418267,0.05912496411040635,0.13595373424969526,0.061196490122498885,15,0.03207839819514935,0.049538295092476536,0.04869570676041257,0.0295655869605842,0.034007535175325065,-0.10366710308613503
Belgium,1992,-0.03741445351483963,0.036364877810667995,0.007956981914120885,0.03594391285086651,33.18,-0.013974301169656367,"MSCI World, resident currency",0.1719787723165862,0.06763656971185505,0.1092881298814703,0.10261489338511609,0.06763656971185505,0.05738631200117661,0.018715516096949228,15,0.02431860099733596,0.03358830624503728,0.03358971486763318,0.008383806062487231,0.03640738994324222,-0.03195046853180661
Belgium,1993,0.3098664969223266,0.25102621969235117,0.14595470892194626,0.25132769136284305,36.11,0.3029629172042472,"MSCI World, resident currency",0.17061770655480268,0.05267683807050805,0.22598073152054132,0.22439157082601735,0.05267683807050805,0.22955339847012635,0.05729888989284407,15,0.027475825275091736,0.23090026077478543,0.23841334115910917,0.004321478172269577,0.27524786162351766,0.2379673507661526
Belgium,1994,-0.052336698845057206,-0.10009312744004095,-0.02119280222859411,-0.09983663523510788,31.8375,-0.10313414402094301,"MSCI World, resident currency",-0.055236196451723285,0.032212349796731266,-0.10603445935072942,-0.10432631070930909,0.032212349796731266,-0.12587398581460074,0.009798727228194245,15,0.023820341403258283,0.032109434920512436,0.027081865890958623,0.016542435122898214,-0.10639553107112831,-0.16505231745588655
Belgium,1995,0.11761560786422831,0.11301382516316716,0.19007156042701046,0.11303704660269642,29.415,0.09529807688944847,"MSCI World, resident currency",0.17234061869899575,0.032612596022777884,0.18854656936793734,0.1860983420386384,0.032612596022777884,0.17264632318569983,0.018808475300587837,15,0.014707746925320286,0.20827984522451648,0.192750570240942,0.033488873052366586,0.1276214996653342,-0.08534434640512911
Belgium,1996,0.23384213753694083,0.2798034229627855,0.19728316458533154,0.27959581237509123,32.005,0.20141070879658796,"MSCI World, resident currency",0.1136240968581046,0.01125077080039949,0.09827156857891461,0.10477516268729348,0.01125077080039949,0.14957928462747105,0.05912707943079665,15,0.020617268524303345,0.16813708676934702,0.18922527294042157,0.020154971252071885,0.2897383233333686,0.0060922749453173886
Belgium,1997,0.3297525364562255,0.3700440737912014,0.2277842133550055,0.36985053531375756,36.92,0.32164017209264206,"MSCI World, resident currency",0.08310456085821416,0.018984660035150647,0.10727018300229241,0.11073587227573212,0.018984660035150647,0.1343621636910426,0.04391721176116662,15,0.015030000000000099,0.2139723085701566,0.2602967154755125,0.038183713171633826,0.43604621625439366,-0.10632222268054004
Belgium,1998,0.3997761000361306,0.12842011488139682,0.1796965976721205,0.1299304317350296,34.5745,0.15113458976212835,"MSCI World, resident currency",0.16139279982908694,0.02619243576985797,0.13691112178741016,0.1331423180149569,0.02619243576985797,0.10764553923955411,-0.0003275282839471686,15,0.009069999999999911,0.2604990396951814,0.2467594728792979,0.0384762766424287,0.19984461652827035,-0.08558329686540977
Belgium,1999,-0.08342810894028851,0.4086949863903022,0.2287998110970022,0.4051643398659759,40.1551861437388,0.42700262368302644,"MSCI World, resident currency",-0.0640258054723375,0.016265387196686243,-0.0640258252313155,-0.06631690297235215,0.016265387196686243,0.006419272854228275,0.09169171477616453,15,0.011349999999999971,0.018026133518718623,0.026666956460582814,0.025016298269186832,0.20425304978465775,0.14737487455356035
Belgium,2000,-0.0031905106203944378,-0.021644858053902705,-0.0535127681344359,-0.021546840483805285,43.35292853304674,-0.08742194490767907,"MSCI World, resident currency",0.0263446480197449,0.015202717940633326,0.062358030142511955,0.06265789322405713,0.015202717940633326,0.060250104480302547,0.012965955890145937,15,0.02679000000000009,0.012853860793682337,0.018887125814110117,0.02935847551351123,0.11647294496104421,-0.010157523954760772
Belgium,2001,-0.04639860741965407,-0.13894393851872266,-0.16200017781678602,-0.13840488442783538,45.77317599001475,-0.13219748398553166,"MSCI World, resident currency",0.050722356386529555,0.016742322858863457,0.023204819768023466,0.023101823844955405,0.016742322858863457,0.02006287126716444,0.013945422806972434,15,0.024350000000000094,0.11259949082836296,0.12271477846426615,0.024736810195639336,0.18871036746424208,0.04692989710292883
Belgium,2002,-0.27811997546391587,-0.3172449833658737,-0.2303652589820232,-0.3169931499289599,38.466577667588446,-0.34286696732520394,"MSCI World, resident currency",0.08291689259100532,0.016366643840745487,0.09606497452287655,0.09368811417293887,0.016366643840745487,0.07538761394028959,-0.0020094245175216333,15,0.015479999999999938,0.0750591330026642,0.0628821694813877,-0.00596150761007852,-0.11614964559363017,0.025881615876246267
Belgium,2003,0.16913553395907255,0.04129109931899566,0.17571001926709515,0.04209395456813225,31.93974663499604,0.09123023278323994,"MSCI World, resident currency",0.03511223674004871,0.006924948078690596,0.022913262093058107,0.021771324844733098,0.006924948078690596,-0.0049213416027971135,-0.01995099814901926,15,0.015169999999999906,0.18981530289628568,0.15509561103240443,-0.006956332666097742,-0.018449905931909094,-0.02108378556515611
Belgium,2004,0.3672022329513003,0.06737861372231935,0.12065135701395764,0.06911365187489826,29.61596064899787,0.03785882699307397,"MSCI World, resident currency",0.07366461599217344,0.0015021052878956276,0.06541984031801196,0.06535859217870543,0.0015021052878956276,0.060157347330723754,-0.0036746336421765945,15,0.018569999999999975,0.15629961294917183,0.14273928789866508,-0.017486342515833142,0.060567292202295286,-0.057034343770238416
Belgium,2005,0.2403955493263561,0.21264902649277695,0.10351580421640855,0.21286052897661545,34.19504958887853,0.23347756855967328,"MSCI World, resident currency",0.03442860228980682,-0.004554453293447502,0.042186494520708884,0.04358434303360226,-0.004554453293447502,0.06377226997823993,0.016606245956558834,15,0.025369999999999893,0.04531888666228068,0.059121141104161,-0.0006986459582450921,0.22166500218219554,0.32145030800783236
Belgium,2006,0.2031615889479692,0.07263744515596038,0.15541235597310665,0.0735563467305218,30.630144267274105,0.05838359364422385,"MSCI World, resident currency",-0.025633825336798255,0.005589867060369569,-0.02990221009069749,-0.02992105237929632,0.005589867060369569,-0.044486607665603195,-0.009200204587334193,15,0.023279999999999967,0.14849531867346277,0.13284782080580104,0.024767261591463807,0.0577411681853186,0.08163172970576804
Belgium,2007,-0.05863078402556843,-0.03348697280957991,0.042176718211759875,-0.03367702951832707,27.40296175531552,-0.05358810805848513,"MSCI World, resident currency",-0.026287744575315908,0.020370078486574572,-0.008076933088594473,-0.008989949275529652,0.020370078486574572,-0.02804962051539517,0.0007147955987601835,15,0.018159999999999954,0.2016935006511693,0.17869405414356931,0.011644528236934182,0.07656736461261615,0.14042807621684972
Belgium,2008,-0.5794355994253816,-0.37017647920527397,-0.39343676539503397,-0.3717219195928946,28.986060214126592,-0.37665321576885147,"MSCI World, resident currency",-0.012074881431485385,-0.007833014905529456,0.09270176511493045,0.08713926446039366,-0.007833014905529456,0.07380944993344385,-0.022942687237233885,15,0.044884595736776056,0.2625965706776976,0.29378738096354917,0.03138761247384991,0.37973091871430653,0.09246400129929278
Belgium,2009,0.5248621288598532,0.23013158902537567,0.23651960309298467,0.23202945288520782,28.00215188116061,0.2172165010032283,"MSCI World, resident currency",0.10894161501347721,0.0066559265363019815,0.0009071617608760185,-0.00018091392507801896,0.0066559265363019815,0.033329224234086796,0.04113379900617364,15,-5.5556790151012336e-05,-0.055529392148959134,-0.0501382691897615,-0.019834602641820354,-0.11463954243967223,0.16615093901796407
Belgium,2010,0.08918711694630299,0.18008336746767872,0.09638887570017773,0.17941468877612832,30.190016464601108,0.1799547852483594,"MSCI World, resident currency",-0.008491839101983478,-0.018601088973735247,0.014958370893083606,0.01889233550707936,-0.018601088973735247,0.0847865027308099,0.04830827344386588,15,0.02333514828931138,-0.00834802027931425,-0.007193680888274323,-0.011732246102603261,0.0694209486311923,0.3590063768555949
Belgium,2011,-0.1604646838706728,-0.022803968161633548,-0.04770941762071359,-0.023790923085189486,31.17698431099776,-0.0553836601929919,"MSCI World, resident currency",-0.026108628962882463,-0.022660860855521436,0.05534736845836252,0.05749662607941919,-0.022660860855521436,0.07320997702161725,-0.006658271941983917,15,0.03352046301021794,0.058076284598248984,0.06039699839719104,-0.025979726392153846,0.08685176981127962,0.08501426830757386
Belgium,2012,0.3545992687604045,0.09688728308376371,0.12663124769892234,0.0987095687966737,30.57442777019858,0.12099843003619903,"MSCI World, resident currency",0.21140456203063174,-0.0243170589345012,0.09408080472448366,0.09461986867761984,-0.0243170589345012,0.09737180189416716,-0.021314019109995218,15,0.026255515864677337,-0.07665017428174159,-0.07600956472140852,-0.014131120381582707,-0.08956748517946556,0.034031484596496187
Belgium,2013,0.174935343125306,0.22385957731235195,0.29753236001814765,0.22346868870892944,29.250888260459725,0.19372536337672175,"MSCI World, resident currency",-0.011248682594709902,-0.011831993545675767,-0.0355414860455604,-0.034409479986986624,-0.011831993545675767,-0.07047827724831113,-0.04840379230665673,15,0.012479652740097658,0.04803176105864271,0.045435752585171185,-0.01307117198017016,0.0037156739391128735,-0.31628856525131277
Belgium,2014,0.17355102024730384,0.21827008795510938,0.1041441892099106,0.21793848973088426,33.22617576805864,0.18889701396006875,"MSCI World, resident currency",0.15121624314044801,-0.004382550311937572,0.17445072702417974,0.17732384990980132,-0.004382550311937572,0.19010250268240458,0.008472371246285474,15,0.004904042548888654,0.17196524811946512,0.1994726110881988,-0.006284064445272408,0.34460305376978506,0.1388911155986532
Belgium,2015,0.09280145944260387,0.13047175284989687,0.039959687483146794,0.13016510680110538,37.053274547625605,0.09344660863086585,"MSCI World, resident currency",0.016325925422021603,-0.008346509453246997,0.0004178324373578235,0.0006995535796281427,-0.008346509453246997,0.027891071057357886,0.01881603293199689,15,0.006198243160298933,0.06737456514263562,0.07557052938711917,-0.00531491867575451,0.1886464167007722,-0.03425388906798954
Belgium,2016,-0.04117143518052768,0.04556425937483288,0.03832678156534803,0.04469646243027836,38.26951902096575,0.07837088779686918,"MSCI World, resident currency",0.031403159183214235,-0.0199834661144358,0.021198075804339744,0.021144552285683238,-0.0199834661144358,0.023657963604837517,-0.017369526593804047,15,0.01770017700177018,-0.08522397198543696,-0.08748980949565388,-0.014283553872012966,-0.05418649617419602,0.0845658217038352
Belgium,2017,0.019323656362634,0.053868338816252415,0.16354132242838612,0.05353600303009731,33.63620445259737,0.05485406463759612,"MSCI World, resident currency",0.00931310615335379,-0.024981705603029813,-0.00010330799384983269,-0.0005915431456342546,-0.024981705603029813,-0.02984709185896839,-0.05433335426076035,15,0.022246460120468825,0.015641818562584175,0.010062987675388158,-0.00991627081888169,-0.09418657205231895,-0.035005477802325546
Belgium,2018,-0.2246175747843313,0.021337599782440098,-0.00761906290319949,0.0182137843026553,35.23135371179039,-0.062108889518726285,"MSCI World, resident currency",-0.020215965324976604,-0.025734380835611637,-0.013748694372332837,-0.013819766684891377,-0.025734380835611637,-0.007877996880885862,-0.01974333676063991,14,0.023108052252650557,-0.09565162628602031,-0.09918014272797848,0.0017853235335945072,-0.02480021031547286,0.014504282463069451
Belgium,2019,0.23339944902800602,0.15691844008133926,0.13343553638034183,0.1578863133544639,35.90875912408758,0.2804722207506547,"MSCI World, resident currency",0.0770152399193953,-0.01585133558821905,0.04425027460989717,0.045182481321740964,-0.01585133558821905,0.059283477063582835,-0.0016109372990834908,14,0.012486259477437534,-0.033292255674125415,-0.03328945641717507,-5.033643403207222e-06,0.006728369126792311,0.18154759712057023
Belgium,2020,-0.10692040613959508,0.017911283359283825,0.07007448152966418,0.01633066279839035,32.87417488387254,0.052100266956314645,"MSCI World, resident currency",0.03992355864577357,-0.008493453870106249,0.022677711352598662,0.021788633484735476,-0.008493453870106249,0.012244468751788862,-0.018090280763003674,15,0.004277787057142213,-0.1266334317321124,-0.11847434583498484,-0.00489791713896115,-0.19098396267667306,0.13062837985319264
Belgium,2021,0.10941741314111164,0.15996965903306193,0.1743008231868111,0.1594455847319558,31.717691744114305,0.1137219172820172,"MSCI World, resident currency",-0.07092786390684358,-0.036534319623092615,-0.06766635037319502,-0.06800259037269707,-0.036534319623092615,-0.060823505841464676,-0.02932280778290167,15,0.03222404,0.039531438257198515,0.036749249386292204,-0.0646718177027612,-0.01255949497185993,-0.13006708234378583
Belgium,2022,-0.13443869978726086,-0.1211555610603614,-0.14247514459281838,-0.12124901342550987,35.684062240169,-0.15299936256145585,"MSCI World, resident currency",-0.23423005764290228,-0.09056879535586393,-0.2127113752417069,-0.2147923955828548,-0.09056879535586393,-0.20173131643646514,-0.0772263086335407,15,0.1033441,0.06180576106872637,0.09060293933683683,-0.04319532740699539,0.23012880452704754,0.03525362944487176
Belgium,2023,-0.051248294839652764,0.12869617312491433,0.1614625229719538,0.12620287228306615,34.68223425671961,0.18441008420107585,"MSCI World, resident currency",0.014924166818644391,0.011233897400571236,-0.001238161717444064,-0.001147578999724952,0.011233897400571236,-0.02532365495685429,-0.013650293571767176,15,0.02281778,-0.024779805488581386,-0.024879007768849104,0.017003513512843016,-0.02954213663994487,0.09306755776358355
Belgium,2024,0.14621277330196203,0.15181090326265245,0.16449852842121113,0.1519068254984275,34.64755400954732,0.13412963226302144,"MSCI World, resident currency",-0.020213255283287435,-0.0071545489305092635,-0.024248584779847815,-0.024153371773296017,-0.0071545489305092635,-0.028138057139433625,-0.011013400449748249,15,0.04332084,-0.0005733647222074811,0.00021218196949646106,0.02171369326854866,0.01361987184403346,0.19785957797970033
Belgium,2025,0.2299972637742882,0.13995461353026695,0.17010042190755292,0.14115111730674523,33.24448493935435,0.12562752235137342,"MSCI World, resident currency",-0.014333252046830003,-0.004927132334314854,-0.014717508353784936,-0.014665473325525036,-0.004927132334314854,-0.01945039222653855,-0.009836116163103684,15,0.02937564,0.08278249837440321,0.07948689125455632,0.015139307087717269,0.05435515620292097,0.5503629509247379
Denmark,1927,0.16488880784065962,0.2939383998437266,0.2597767909312887,0.29348469017190193,3.7418,0.2908977207915582,"reconstructed, resident currency",0.12741782748327002,0.09098629819776849,0.12768975655264958,0.12841410417188914,0.09098629819776849,0.123345870693367,0.08553660953194801,15,-0.03809516196878415,0.3198667345320487,0.3130356008230022,0.06069651650102048,0.28691000712830284,0.018740074767876758
Denmark,1928,0.10877277702093124,0.3117755688827981,0.3250049512935205,0.31110596369051446,3.7393,0.30848375176313336,"reconstructed, resident currency",0.09259258955717087,0.04922499880194664,0.08067608652557423,0.07895937958361365,0.04922499880194664,0.06539314662095408,0.034993430233492114,15,0.0,0.3133741171683244,0.30839927387326016,0.05045226040342521,0.29137610073094056,-0.01199550506045477
Denmark,1929,0.08418458191265143,-0.05838312843005966,-0.07338390900217849,-0.05805253901938168,3.7481,-0.05993643394134296,"reconstructed, resident currency",0.0742493459928677,0.06204022842415813,0.07968794955425751,0.07972048731731296,0.06204022842415813,0.06817494778226574,0.05026250959540876,15,-0.009900969530093007,0.21195580992340401,0.20994201208603536,0.03785806464463959,0.1990188382317204,0.00664122065723971
Denmark,1930,0.06356866540978934,-0.16647584699096352,-0.18557164819381783,-0.16583431293788253,3.7362,-0.1675026443120068,"reconstructed, resident currency",0.12139657759670586,0.10244749034378753,0.149222630770522,0.14891010704252183,0.10244749034378753,0.11760477552022452,0.07009057646784851,15,-0.05000010491175877,0.17581957639668366,0.18041143114069835,0.10740235214556271,0.2103304654332021,0.0860253356876366
Denmark,1931,-0.03943600558440119,-0.2772379274964628,-0.2929761066038753,-0.276385720428719,3.9907,-0.2778329489878616,"reconstructed, resident currency",0.032040589242082085,0.10413737860738603,0.039307828033621206,0.03964694884390085,0.10413737860738603,0.009644803840123561,0.0731279480055018,15,-0.0526314743262124,0.3062850786954281,0.3238658534194472,0.15094084355712933,0.39731713727794093,0.13073040743224063
Denmark,1932,-0.09426854693759168,0.27062895248432994,0.10728211062500025,0.26886794500096833,5.3102,0.2663302091109665,"reconstructed, resident currency",0.15146065492687222,0.06435109727311183,0.19281162136201946,0.21127479741761968,0.06435109727311183,0.36254669964089614,0.22025476249831408,15,-0.011111087797386787,0.05405792733760606,0.06574343919438963,0.16025907588768828,0.3935604426302919,0.3457037950445474
Denmark,1933,0.20825557477754697,0.4264440764006985,0.38861723284973115,0.4253847750078481,5.2436,0.4225340054578324,"reconstructed, resident currency",0.050582275002631016,0.011238385028767395,0.04887353177266407,0.06992007340824347,0.011238385028767395,0.3079666695486216,0.25717571261336875,15,0.033707793646826856,-0.12388089792318013,-0.11175369182118478,0.030170519994877854,-0.1909741627254895,-0.10111864126769088
Denmark,1934,0.1977784029713856,-0.07300042094480907,0.013324820137736108,-0.07169394938851159,4.4445,-0.0735505614897346,"reconstructed, resident currency",0.01743647808351967,0.005923222977086029,0.10421404091184683,0.09953366574287825,0.005923222977086029,0.06863760109703931,-0.02599877869410859,15,0.032608628718865384,-0.03001728849083307,-0.0304064527604887,0.008767156750223437,-0.17698235688993458,0.39645061967391193
Denmark,1935,0.036926566019264806,0.2490101008617851,0.27273486438440786,0.24787928771756662,4.5697,0.24538352914213157,"reconstructed, resident currency",-0.03311589234352408,-0.005066838093948145,-1.4285755258747201e-06,-0.0011546982363349612,-0.005066838093948145,-0.005369506458818396,-0.00920568532009416,15,0.042105179460970144,0.0177502269554608,0.018252865501990678,-0.0020322077192309607,0.029752417699788314,-0.02450028525136272
Denmark,1936,0.13263542683743945,0.24721882174171617,0.26211948551852565,0.2467363337064321,4.5067,0.24424286103901927,"reconstructed, resident currency",0.013324413817485281,0.03269355286753761,0.06968649225089174,0.06621233276389815,0.03269355286753761,0.022777238984917014,-0.011813931453030724,14,0.0101012027764531,0.315907170756192,0.306937109069096,0.012372876775614161,0.2778933003726314,-0.023487695955886845
Denmark,1937,-0.04336408612514675,-0.2528506434807687,-0.23831728855141798,-0.25201719229458464,4.5312,-0.2535131579099955,"reconstructed, resident currency",7.984167682550947e-08,0.005601043511390014,0.0065215914142353615,0.006337839843624016,0.005601043511390014,-0.057181665522596736,-0.05960765725795423,14,0.039999916070593056,-0.06101144798853919,-0.060366763675040125,-0.011132956950033579,-0.07521355552405662,-0.032271452632056
Denmark,1938,0.018599791599557713,0.03991242150937091,0.0554883429143527,0.03980598595308216,4.582,0.037726373981175954,"reconstructed, resident currency",0.06992616608909574,0.035567638449736094,0.06703251464505766,0.06109100319331051,0.035567638449736094,0.017356652166968356,-0.009217164005856728,14,0.009615365216019356,0.119189836660613,0.11832187978742104,0.047570894586841384,0.11032785034220538,0.004814181509630977
Denmark,1939,0.051407274686178894,0.035898845462761786,0.016066869840858054,0.035968451443356475,4.9149,0.03389651454046971,"reconstructed, resident currency",-0.04030636123188536,0.017357695199010426,-0.049673772624157286,-0.050008887212498854,0.017357695199010426,-0.045753965770470195,0.02176673245438673,14,0.02857137147658828,-0.10844235918825684,-0.11233286142507382,0.022205827566040615,-0.07905231425790615,0.02816720576672771
Denmark,1940,-0.1813501433879885,-0.20245032367758542,-0.08850458158167514,-0.2023503625742783,5.1791,-0.20394566184912977,"reconstructed, resident currency",-0.12538962108451224,-0.15524261666006978,-0.09060082903345723,-0.09380576199382695,-0.15524261666006978,-0.11618459068834563,-0.17811568989823892,14,0.24074085587026084,-0.16288830870422444,-0.16282638680054673,0.0059249679692383594,-0.14731472759621567,-0.15669266371266222
Denmark,1941,0.09062091716131793,-0.08200562967652425,-0.05810787329500807,-0.08128256755653829,5.165538461538461,-0.08312000242142525,"reconstructed, resident currency",-0.07936115195620896,-0.0950648199073253,-0.0409230783284964,-0.04144760987361773,-0.0950648199073253,-0.04402638800108272,-0.0976081673759676,14,0.14925358410690093,-0.11769416978274061,-0.11420687631878201,-0.07583315048804296,-0.17891749589949046,-0.17322601930779213
Denmark,1942,0.09470660911457185,0.04062680391321716,0.040605710903874145,0.040855380694211574,4.789118756429307,0.03877366993282316,"reconstructed, resident currency",0.06666659322368607,0.007295524112548746,0.03889329328608193,0.03474570592551718,0.007295524112548746,-0.046561035231823644,-0.07581798032794795,15,0.03246760678520344,0.017358660576809237,0.014125606198418073,-0.07087970183543024,-0.06562120874148736,-0.09091473331684252
Denmark,1943,0.12784856239549702,0.15149732594867382,0.10450109163457608,0.1514039004353196,4.766780432309443,0.14910109263444893,"reconstructed, resident currency",0.036518998834396355,0.033500011897640736,0.05257548443466242,0.05170026220822965,0.033500011897640736,0.02997675243200182,0.011352427989407884,15,0.00628929572662007,0.2588201702549753,0.25772883026829074,-0.019568422192413393,0.2536482099990993,0.012868723353576472
Denmark,1944,0.07491382865710605,0.10706888660982794,0.12804643956664305,0.10693617687197055,4.766780432309443,0.10472230451822662,"reconstructed, resident currency",0.051983160415416174,0.014634064335771635,0.0390940083729403,0.03670470900409639,0.014634064335771635,-0.0013340736090747818,-0.02400226280063669,14,0.025000081962322396,0.09072036322200683,0.08802378055511739,-0.011389603351630306,0.054804127193233576,-0.03217016784800797
Denmark,1945,-0.09408019421124847,0.22289143719670612,0.20839592346118976,0.22161153209692075,4.773840720063804,0.219168309032727,"reconstructed, resident currency",0.06073315346798558,0.02746990397563387,0.07157344101639818,0.06415958209288553,0.02746990397563387,-0.0634853005297954,-0.1034349723080461,13,0.01219509698708765,0.2203869668637195,0.2146851324340311,-0.013237632217602213,0.1859855958974619,-0.014401225615080282
Denmark,1946,0.06415942524162,0.4801257773991341,-0.06781247709308513,0.47890065726559183,8.1,0.47594285595106056,"reconstructed, resident currency",0.03742459330143766,0.04148231041696304,0.043264083138504494,0.05203283897367439,0.04148231041696304,0.2096808209610046,0.20166160431739252,12,-0.00602408420243683,0.5803533413180999,0.8154043875073143,-0.1458067950930625,1.3969653304707,0.5590861646936387
Denmark,1947,0.025021947691871826,-0.06613895467621422,-0.10198613859153985,-0.06579581047098626,8.15,-0.06766421885004426,"reconstructed, resident currency",-0.017143353600754252,0.0075221161020790905,-0.04001319124955671,-0.04098615958140028,0.0075221161020790905,-0.0859364217398687,-0.038542767795702,12,0.027272735365095002,0.07560823036166475,0.07916705855087125,-0.07460156340503099,0.1065865055852162,0.02276575773864975
Denmark,1948,0.018656029271337138,0.1694792646051655,-0.10431983550066971,0.16885785208976767,9.6,0.16652013638558816,"reconstructed, resident currency",-0.04767113418280322,0.0082327512342808,-0.01541526579170105,-0.010754803134708335,0.0082327512342808,0.08056342685226636,0.10065779138952062,12,0.026548680234759647,-0.036001817050475005,-0.033541478194737406,-0.016410018909050028,0.16189593089267618,0.1982768086893234
Denmark,1949,-0.053512092385435195,-0.028271678212541285,0.07762912017004418,-0.028377341378481025,9.3,-0.030320586695724017,"reconstructed, resident currency",0.0302555786878711,0.007520241402603434,0.01161231532202689,0.022654486115889494,0.007520241402603434,-0.018544394252337115,-0.0335379790751565,13,0.027274646818164827,0.17538998887316226,0.16706793562901212,0.031435476496074255,0.12360802351610145,-0.05187407148957668
Denmark,1950,0.18283346241729892,0.21040800683224625,0.19055093258341507,0.2102864510100153,9.7,0.20786587810799517,"reconstructed, resident currency",-0.08495253492710819,-0.019425380816910143,-0.030956342836013895,-0.028828205034011734,-0.019425380816910143,0.0008375129990130237,0.010675669136658881,14,0.061452449698979894,0.09643282807603226,0.09379630827366747,-0.044909057796571394,0.06054939941013937,-0.06539992319295884
Denmark,1951,-0.12066299070605202,4.811114977121278e-05,0.13596716408373177,-0.0004278101269440393,8.8,-0.002426954506690171,"reconstructed, resident currency",-0.1282771374297118,-0.049999979314285126,-0.06656064789095018,-0.06454238204782714,-0.049999979314285126,-0.16316529605856134,-0.1509123258227811,15,0.10526313461252634,-0.07254216015288972,-0.07319922249894983,-0.044855439335450886,-0.17382535157797507,-0.16635957193526818
Denmark,1952,-0.04735696913622833,-0.01442044119922492,0.08588444812783096,-0.014529849718255217,7.8,-0.016500790018818656,"reconstructed, resident currency",0.010436564619552113,0.011467625077591359,0.034998760545145835,0.030543684299032314,0.011467625077591359,-0.04630264618090263,-0.06748081556888048,15,0.03809551063437233,-0.03140595125137946,-0.029118021135641325,0.003226921042449371,-0.16097870691233251,-0.13763463423444544
Denmark,1953,0.0831589131116599,0.027247968534237943,0.06518725449726835,0.027421880437257462,7.45,0.02536703667638296,"reconstructed, resident currency",0.07761392760344932,0.03921618960528406,0.06575875189033309,0.06290153396680731,0.03921618960528406,0.0166269669471677,-0.00829137165679524,15,0.009174037800736778,-0.03696928395397525,-0.032283559250120275,0.006703548557218442,-0.11035713358567167,-0.056273165780574064
Denmark,1954,0.15272089838981628,0.48466973719825734,0.46389859616617574,0.48361498016634785,7.48,0.48064775020601513,"reconstructed, resident currency",-0.0535714291036129,0.05000000074505806,0.07058613398388558,0.07014580530225145,0.05000000074505806,0.06317331273814752,0.04312654966325697,15,0.0,0.5504121810923768,0.538630849571855,0.018564239040369523,0.5155041680850632,0.007929399808160431
Denmark,1955,0.10082135773838918,0.14374171036943428,0.2583062833583122,0.1436368330030635,7.11,0.14134955933705728,"reconstructed, resident currency",-0.010875606659137227,0.0031965588548774626,-0.021447761882551375,-0.02213219921051779,0.0031965588548774626,-0.08452020593187315,-0.061003940244126836,15,0.05454574975812099,0.40176259414660764,0.3637811257115413,0.011922977581826144,0.27121465403440004,-0.10742105085674092
Denmark,1956,0.10334793156459599,0.04491766933464092,0.025523863741381086,0.04506133672967816,7.52,0.04297121405621884,"reconstructed, resident currency",-0.01552106946912446,-0.0003252118778164226,-0.031731175144416035,-0.031744069349473714,-0.0003252118778164226,-0.014044159920666321,0.01815730114486369,15,0.06034483539394686,-0.02320852827562081,-0.023210196685368722,-0.012271588679896195,-0.023129419769499115,-0.02016659469288884
Denmark,1957,0.07986976127015888,-0.1621521399848017,-0.09092773946263005,-0.16145036880235542,6.913999999,-0.16312746806475076,"reconstructed, resident currency",0.07901915526286007,0.03169157378202292,0.007205652888197411,0.005491500237162272,0.03169157378202292,-0.10275188382408462,-0.0806071584525594,15,0.027438844705397925,-0.12926258641408317,-0.11360271872079486,-0.011143687996010843,-0.227824728491401,-0.10544688280241998
Denmark,1958,0.05801648291965389,0.32041607771423064,0.2949834895866941,0.31964106027341566,6.905999999,0.3170017781528689,"reconstructed, resident currency",0.17489288900081634,0.04878733811427094,0.09947246314569069,0.09855628659090065,0.04878733811427094,0.0881182646257408,0.03825444644801963,15,0.007314155359709584,0.11179627106121237,0.10963944812283888,0.006882515564111014,0.08729206151174052,-0.0025248131666359974
Denmark,1959,0.28001262218049083,0.21504551865752575,0.2232923258616178,0.21521662966713917,6.907999999,0.21278619640780483,"reconstructed, resident currency",-0.006267854898330039,0.03360252200094971,0.04810462583386643,0.0476146396893149,0.03360252200094971,0.032192870590169065,0.017781003017024906,15,0.017275316484425263,0.22172214531346324,0.21553330658988212,0.010506777644549326,0.18542533135590444,-0.02599693450185414
Denmark,1960,0.14680859929506695,0.027493920384247472,0.01985774356210157,0.027793518517067017,6.905999999,0.025737931480032783,"reconstructed, resident currency",0.010112786111101446,0.04644800533093729,0.04440883024139919,0.044278858113077746,0.04644800533093729,0.033703049656013784,0.03583007436259186,15,0.012552297860706219,0.039517737364686,0.038869458898878495,0.012803101551821738,0.00815908549594524,-0.017326553952921597
Denmark,1961,0.00994053227292735,0.16468789886181145,0.1816532046098505,0.1643054336652523,6.885999999,0.1619768227979217,"reconstructed, resident currency",-0.053324746762187236,0.030674856977971565,0.017203013120704824,0.016923069958889814,0.030674856977971565,-0.0006075604733812856,0.012670737107930319,15,0.034516355186988035,0.016724475403290917,0.016058234223895518,0.023604783271376606,-0.016349518521511452,-0.035315054699374016
Denmark,1962,-0.012555097448445962,-0.14335923225941305,-0.09989947182743622,-0.14308937794122567,6.901999999,-0.14480319918534323,"reconstructed, resident currency",0.008898618415605908,-0.003518590503122865,0.06025895948034288,0.05743838369577681,-0.003518590503122865,0.028426064556466013,-0.03365772355946996,15,0.07377818602583419,-0.1668208561791109,-0.16213738880501327,0.01825126995188109,-0.19592724656055738,-0.07090278667886152
Denmark,1963,-0.06029767964927313,0.11231990358222221,0.15040329180219525,0.11193759955078986,6.910999999,0.10971372435168836,"reconstructed, resident currency",0.07879338083504805,0.006667592431877312,0.014628686093399512,0.013815608656994716,0.006667592431877312,-0.008706715226060036,-0.01646910345792914,15,0.06105035079734544,0.05620403502137172,0.05353799349169508,0.01837742808505438,0.020989952779422394,-0.06419857173943089
Denmark,1964,0.20359452938268308,0.06157843110725958,0.07063090133711075,0.06188239358909953,6.920999999,0.0597586288019214,"reconstructed, resident currency",-0.0863956387158592,0.03345383378129463,0.014016060812970466,0.013497915649879788,0.03345383378129463,-0.00498040319149895,0.014485734814259625,15,0.030928164431761163,0.273643542845154,0.2675007300818242,0.027000180476569158,0.24575037153534018,-0.030503149903511106
Denmark,1965,0.015804546571715372,0.027530621686111756,0.061400082450340523,0.02750575519345011,6.890999999,0.025450743683063104,"reconstructed, resident currency",-0.08599733764915884,0.014698928436206904,0.005952153857665676,0.004792034585953342,0.014698928436206904,-0.022547105968451886,-0.013769018324965318,15,0.05449998054796712,0.12412293815736386,0.12023620667907653,0.03155536016230376,0.09607076300986916,-0.05514537377929063
Denmark,1966,0.020225626361360938,-0.12034923368628436,-0.09270991015031312,-0.1200595063206783,6.915999999,-0.12181938730803699,"reconstructed, resident currency",-0.05898895950823202,-0.0006067036661907554,-0.01981430720406996,-0.020271690696850864,-0.0006067036661907554,-0.03651513053206912,-0.017481823535859163,15,0.07064956731571925,0.04974413938961164,0.04763584219446804,0.010884962315295343,0.02510080077618726,-0.07783971236920728
Denmark,1967,-0.21369590908538283,0.18852420786624946,0.1860617518256885,0.18766500577792922,7.461999999,0.18528967576637334,"reconstructed, resident currency",-0.017332174590294902,-0.010777434980330014,-0.012891193518733246,-0.011282653363327122,-0.010777434980330014,0.0033262485268046316,0.004794715284720337,15,0.08207869939364065,0.052275275194227255,0.058303008748509244,0.01912916025527034,0.11105058338921192,-0.009454266644826959
Denmark,1968,0.002590791933908765,0.12572533449069057,0.161851181972527,0.1255346931534036,7.500999999,0.1232836237670969,"reconstructed, resident currency",0.10928262986915316,-0.007289583569240032,0.004156604454343071,0.003210723674395899,-0.007289583569240032,-0.012140469572581525,-0.023126002902312058,15,0.0795360335074915,-0.05644990123304605,-0.056468474586602646,0.011003722479790534,-0.06722719182465231,0.10594576779928477
Denmark,1969,0.157747392687978,-0.0852153768406585,-0.09846076325246272,-0.08487425716067709,7.491999999,-0.0867045086463557,"reconstructed, resident currency",-0.11934889195120801,0.04843160834645044,-0.012569157283697896,-0.012722684177769783,0.04843160834645044,-0.03536581604923905,0.024371754043561268,15,0.03487913971355128,0.2239331385835699,0.21991878247479968,0.01323387456286551,0.20367659941363092,-0.19781325565606844
Denmark,1970,-0.10978578399428485,-0.06107545842797368,-0.0545133519566851,-0.06115205683349467,7.488999999,-0.10074903477818209,"MSCI World, resident currency",0.012261345620986575,0.028025624752259448,0.009209850187225976,0.008180940206105491,0.028025624752259448,-0.014770263363513503,0.003742599200780128,15,0.06514854536995385,-0.030472756098836595,-0.03071698468018702,0.020938455464238448,-0.043245336370732246,-0.00445887423177016
Denmark,1971,-0.06663984367398434,0.07414377540826678,0.10109548784641523,0.07391496815061926,7.061999999,0.08995079028572417,"MSCI World, resident currency",0.07899683684253622,0.02189139374843241,0.06840853316772999,0.06674744914620301,0.02189139374843241,0.053672274891508165,0.008396033631537573,15,0.05869860832789797,-0.10488580904653555,-0.09972538935385988,0.017643971771362565,-0.17247806744782412,0.0450966593464488
Denmark,1972,0.3950187033776529,0.13581074221451805,0.19789860892581784,0.13616079368521383,6.846999999,0.13285710896978076,"MSCI World, resident currency",0.031010406837602922,0.011340492324578344,0.029887283730418712,0.02781360478458783,0.011340492324578344,-0.016130028784502315,-0.03451331615583571,15,0.0656236370537997,0.12335725328826941,0.1140136829717493,0.01154035341542925,0.055745090665437314,0.34625415719948527
Denmark,1973,0.48606737150110213,-0.21000338064313118,-0.1576371492996027,-0.20852919268917824,6.289999999,-0.3167225343963517,"MSCI World, resident currency",-0.13701169750368425,-0.010971357563980266,-0.08052235919427508,-0.08109379230885483,-0.010971357563980266,-0.08980338017416578,-0.02024557988818768,15,0.09303372774166063,0.46274400745898725,0.40891836599462295,-0.005739170208360234,0.3132309954820638,0.4121806361650191
Denmark,1974,-0.32865123987446687,-0.41090702908987664,-0.33720693222550135,-0.4106964496966027,5.649999999,-0.41321850292991913,"MSCI World, resident currency",-0.12834577539131653,-0.016816487427169236,-0.09065646186720133,-0.0905618591471995,-0.016816487427169236,-0.15928198777469926,-0.09182112704168605,15,0.15275189706731607,0.2339445015718804,0.18866664462593596,-0.018682411153460032,0.0653660626976178,0.2770082482907552
Denmark,1975,0.06239945924997814,0.32033211319048305,0.22265177361949529,0.3196336275522309,6.177499999,0.37732505674734607,"MSCI World, resident currency",0.1825424186348923,-0.02860074055673112,0.007742368017103596,0.009817694388836173,-0.02860074055673112,0.033100098125008026,-0.0034631434098808165,15,0.09605635312857363,-0.14819606166678234,-0.1529528393096531,-0.002214119066057396,-0.04742105913297101,-0.23880188769641175
Denmark,1976,0.24478116022434837,-0.025140312727756853,0.064238501436746,-0.024352059111755087,5.787499999,0.00345292363814087,"MSCI World, resident currency",-0.100842223054461,0.011743094651766262,0.0033144533843600943,-0.0016589814427874217,0.011743094651766262,-0.08490724313419662,-0.07820884050623438,15,0.09000002328974666,0.14854557194946483,0.12946703662515735,0.0049242743921680265,0.03715970532962376,-0.17324844919996685
Denmark,1977,-0.02967551936425683,-0.03913456076759836,-0.06301858525978744,-0.039108216005494634,5.777499999,-0.059905826528711126,"MSCI World, resident currency",-0.08413885733526838,0.030075317327367568,0.047813831203622925,0.052939974481273744,0.030075317327367568,0.01780267012420622,-0.009064536449276168,15,0.11139122313099126,0.29198715437891987,0.2662056167789,-0.011551278487003214,0.1856343834850862,0.0950188863744903
Denmark,1978,-0.09183118383758748,-0.06526961775630491,0.02906915541843985,-0.06534449297418132,5.089999999,-0.059108060579227906,"MSCI World, resident currency",0.10665440195435694,0.04918725559540493,0.05346908658931859,0.04358070074153497,0.04918725559540493,-0.04501610707467962,-0.046925796682765246,15,0.10008961355147239,0.33724310794622103,0.2713805791341817,-0.010424790546951224,0.08714864470431949,0.07923620562346434
Denmark,1979,-0.06910205524562274,0.07837006691180926,0.0568863059479619,0.07801728398949193,5.364999999,0.08172298528554323,"MSCI World, resident currency",-0.042783970163080665,0.02757288537679914,-0.055560022931910646,-0.054696203336489724,0.02757288537679914,-0.02739638337993544,0.058629544168774174,15,0.09611039969032431,0.42027480705156695,0.42199413207295544,-0.02032579690849734,0.4255576903482714,1.0975274764006087
Denmark,1980,-0.12303379744219667,0.27104625810802063,0.11893462225012594,0.2701443725246713,6.014999999,0.2758205864455556,"MSCI World, resident currency",-0.029287927488729548,0.04115705909982026,-0.011296386171610773,-0.00982346005198309,0.04115705909982026,0.006342101204864781,0.06030675020592722,15,0.12305342452594403,0.21746752616768217,0.2363394681058768,0.000695567814542164,0.2989963276574503,0.13353443633539808
Denmark,1981,0.5886636091698991,0.06427951779422125,-0.0581705015322947,0.06540542672771932,7.324999999,0.057257361597909284,"MSCI World, resident currency",0.04578138997780723,0.02770273779489041,-0.02117640538023935,-0.021426590139367874,0.02770273779489041,0.002432299675785732,0.05444544742333837,15,0.11744374277075575,0.06012229036443628,0.10373965478431968,0.06875376114405274,0.31490391246837235,-0.2648422533730138
Denmark,1982,0.22472445657065876,0.1425598041090712,0.08175366849113333,0.1427952067947198,8.383999999,0.1749895298278452,"MSCI World, resident currency",0.019565074099308966,0.06172783645191049,0.15026437085466027,0.14085516245677843,0.06172783645191049,0.08032849045612589,-0.005411734412322692,15,0.10120813320194588,0.19152303387707126,0.22515069518345632,0.08419578734237465,0.3410225307494579,0.21528330730500045
Denmark,1983,0.6990560826054222,0.356486682919102,0.210745274532036,0.3573397608789255,9.875,0.3645947044017359,"MSCI World, resident currency",0.57679704239248,0.055203882632621104,0.10391590056926403,0.10397814778363967,0.055203882632621104,0.11449908904367345,0.06622508992917112,15,0.0690824886436121,0.11773076673455973,0.13976086923719122,0.04999397713684739,0.2776931510930485,-0.0773189084286453
Denmark,1984,0.031509406889591585,0.14249249422672428,0.08496903444245281,0.14202348003725795,11.26,0.1115224012681657,"MSCI World, resident currency",-0.021445125785088726,0.05157290501775047,0.08156926855087954,0.08077799940827068,0.05157290501775047,0.06745560937282491,0.03797401008599962,15,0.06290775889338462,0.05540045974344143,0.06899213083964817,0.06256920408590982,0.19164529221101056,-0.13759280610682012
Denmark,1985,0.018629844754003422,0.09655913240015646,0.24943660782851182,0.09630189098747421,8.969,0.07449469617593607,"MSCI World, resident currency",0.3803214779327251,0.05401049689930426,0.1227951381371768,0.11402012618206436,0.05401049689930426,0.05305815055495855,-0.013775993992713046,15,0.04678748944265476,0.2922744468528484,0.22251172531451036,0.041566294338919674,0.005087437377812698,-0.1994042040385452
Denmark,1986,-0.008667940407017904,0.09115062478955749,0.24676702179605808,0.09076699880146233,7.3425,0.12427625635942663,"MSCI World, resident currency",-0.11298174937743166,0.053500298209180785,0.11395407570624783,0.10157140509403417,0.053500298209180785,0.038777321724737135,-0.015722171162039274,15,0.03678185836003278,0.23334028277187335,0.18410520021360144,0.05503815580608573,-0.0076519430903195795,-0.059259860428295896
Denmark,1987,-0.17176759403458797,0.023382119674954183,0.08747298506041869,0.02283179311090855,6.0965,-0.07559486633562906,"MSCI World, resident currency",0.0495026700639829,0.05881010309256052,0.04847770831720988,0.04814692792127162,0.05881010309256052,0.024125213781166055,0.033288093621747415,15,0.0399252213348158,0.1925254342765732,0.15379812053363406,0.0219249880214456,-0.04941268546353683,-0.018185668589359327
Denmark,1988,0.10383687970541944,0.2436803234715601,0.1400481408196633,0.2433237162101436,6.874,0.3385186204578359,"MSCI World, resident currency",0.28659198911683004,0.03791756205297614,0.06721105808531513,0.0743168232585556,0.03791756205297614,0.13107326358867732,0.10143794488240318,15,0.045627361461399785,0.11818682302477446,0.1341271572169409,0.030389429819428715,0.24027099387436102,-0.09679338102418
Denmark,1989,0.35396089317781043,0.10055177289359118,0.21984878214777825,0.10134917300023094,6.6075,0.06451830607957687,"MSCI World, resident currency",-0.02469770101173785,0.04601264648321868,-0.003887592338976953,-0.005243779088662692,0.04601264648321868,-0.0411607197605246,0.0069205071748596435,15,0.04772729472417492,0.052624397941596124,0.0484828451220487,0.04313487985098852,0.005170850829344653,-0.11444631610650402
Denmark,1990,0.08458200316262232,-0.18021217181241,-0.12947910879990535,-0.17927069584364252,5.776,-0.3078151446050401,"MSCI World, resident currency",0.05200798469147383,0.08039035492797941,0.049269637964562296,0.04749368060896675,0.08039035492797941,0.02165397241501954,0.05246521180929855,15,0.02641604871288461,0.10146289373266226,0.08710784593693965,0.019629465469601426,-0.07102883313047514,-0.18837423188829672
Denmark,1991,0.06835276675826596,0.10773264681612593,0.05234908531551976,0.10758335081175519,5.9135,0.2089317062184639,"MSCI World, resident currency",0.1705378291624251,0.07133544820156668,0.14623696352405746,0.14931939754511325,0.07133544820156668,0.16144901761249075,0.085013925994698,15,0.023951000000000056,0.061638255993742064,0.0613982677431919,0.0295655869605842,0.05721474363260737,-0.08354985666561199
Denmark,1992,-0.08845915570966612,0.03664057147407673,0.00806102943274667,0.03617018510404191,6.2555,-0.013758932119463996,"MSCI World, resident currency",0.05450808006143104,0.08755480660889225,0.1299834342433408,0.12092992043851791,0.08755480660889225,0.05761726773181519,0.01893802530069321,15,0.020960963952376677,0.05287132569364239,0.05286321220729162,0.008383806062487231,0.03663376342970315,-0.03173902586010069
Denmark,1993,0.020722738748329972,0.26383981681586954,0.14716112333625667,0.2631349094345168,6.7725,0.3152573524740201,"MSCI World, resident currency",0.2469950422848617,0.090338897506959,0.26984315682392546,0.26186187879445555,0.090338897506959,0.241155159708778,0.06727530026565967,15,0.012578748706254084,0.2749386941335119,0.2770296103324683,0.004321478172269577,0.2872807844954042,0.2496485039740619
Denmark,1994,0.1821817011760012,-0.08032246907909057,-0.02202024411755661,-0.07947380843308638,6.083,-0.08284591101257333,"MSCI World, resident currency",-0.12766592316005387,0.04061456113378714,-0.09875757741644542,-0.09822264687738747,0.04061456113378714,-0.10610015661122307,0.03264164373904344,15,0.01992038270713925,0.04051080853019595,0.035912040651720156,0.016542435122898214,-0.08618107473734538,-0.1461647513607749
Denmark,1995,-0.008632772955588508,0.09210506530377915,0.19038848296106287,0.09175958227424807,5.546,0.07435972103582511,"MSCI World, resident currency",0.17999362619893122,0.03904406277941752,0.19594924659563162,0.1882360119215052,0.03904406277941752,0.15022933321431742,-0.0006676607875103491,15,0.020835436636468696,0.21580542808803216,0.1946769795161658,0.033488873052366586,0.1060652304392975,-0.10282943650305587
Denmark,1996,0.2921487411854178,0.2596721493448353,0.19715654713693123,0.25977189728498207,5.9445,0.1827980627960315,"MSCI World, resident currency",0.09191967344767837,0.017084207508330618,0.10460698791150436,0.10829949369239089,0.017084207508330618,0.1317696279316556,0.04271873775820226,15,0.02124582405597808,0.174875527874774,0.1913299986491086,0.020154971252071885,0.26975727716007425,-0.009494434262733997
Denmark,1997,0.4097050463030214,0.3570117853197723,0.22763021568620037,0.3571981032044471,6.826,0.30943302823332397,"MSCI World, resident currency",0.10038421260101726,0.016456997436728127,0.10452352199973425,0.10710958498784318,0.016456997436728127,0.123884786857968,0.03427521702593581,15,0.019802118561167203,0.21096096549479793,0.2551467114102528,0.038183713171633826,0.4227823770335484,-0.11457655197679706
Denmark,1998,-0.05148616886136248,0.1251450961873044,0.1819391961326381,0.12437502748385731,6.3865,0.14547493336733908,"MSCI World, resident currency",0.12990781360710102,0.027967071314935144,0.1388772275761394,0.1341498351323671,0.027967071314935144,0.10219970065988604,-0.005242507598756633,15,0.013127783487495659,0.26267887100401444,0.24710923789003458,0.0384762766424287,0.19394547292066577,-0.09007910855191925
Denmark,1999,0.20770952153553468,0.38971984286192374,0.22662860478005253,0.3890578069269708,7.3988,0.4106457719537906,"MSCI World, resident currency",-0.06239693174147298,0.012304941931205127,-0.06767337097652715,-0.06958001546638037,0.012304941931205127,-0.005116691095883197,0.07917832537079558,15,0.020518577631098323,0.014058826522509893,0.022243250573316997,0.025016298269186832,0.19044943915851298,0.1342232234006806
Denmark,2000,0.13875922602991908,-0.018448660281264018,-0.05388139882962028,-0.017929714346620607,8.0205,-0.08404834454347998,"MSCI World, resident currency",0.056322776862690604,0.02132430221284598,0.06876395685434278,0.06885417520396109,0.02132430221284598,0.06416961593322146,0.01671066824504316,15,0.02717031146454607,0.018961281661173945,0.024879256504496405,0.02935847551351123,0.12060029988999643,-0.006498294019247841
Denmark,2001,-0.1483556361610484,-0.14333613323538408,-0.16138002805045,-0.14335663662585008,8.4095,-0.13718491130313393,"MSCI World, resident currency",0.030405582807962128,0.02254218595098756,0.029041547261740464,0.028419768040048643,0.02254218595098756,0.014200374517103098,0.008118084205224108,15,0.023122580645161372,0.1189461576072448,0.12731000781434454,0.024736810195639336,0.18187862124318177,0.04091299040806673
Denmark,2002,-0.22076933798435783,-0.3213603578551223,-0.23070856131860795,-0.32099679910693446,7.0822,-0.34671894937460035,"MSCI World, resident currency",0.07315727309919429,0.010942472725806063,0.09021546734853891,0.08779449301088427,0.010942472725806063,0.06908390741654347,-0.00785944512381754,15,0.023646773949452582,0.06932173033265032,0.05718020378783728,-0.00596150761007852,-0.12133059911481914,0.019868103584715024
Denmark,2003,0.30471136201277815,0.04982958822857819,0.1752101705719215,0.05073211988498194,5.9576,0.10027570042865208,"MSCI World, resident currency",0.02212714861123799,0.0036589046821193794,0.019595359292756243,0.018900141555189043,0.0036589046821193794,0.0033271027114836205,-0.011827138242250398,15,0.02002045166138955,0.18595603968051289,0.15323611704728712,-0.006956332666097742,-0.010313603113759506,-0.012969315603436504
Denmark,2004,0.2294287228020533,0.06775370000093695,0.12167391760126606,0.0683601538651295,5.4676,0.03712735699529679,"MSCI World, resident currency",0.07567416279018357,0.012651147996547873,0.07728043575723631,0.07620526621520751,0.012651147996547873,0.0594101616130458,-0.004376831373274951,15,0.00885351241665866,0.1691719111707144,0.15368236779875533,-0.017486342515833142,0.059819817560568644,-0.057698934241048994
Denmark,2005,0.40794278872971135,0.22460893763988743,0.10343694456688984,0.22528460971801478,6.3241,0.24611284239237108,"MSCI World, resident currency",0.06083304685706925,0.005147030589675028,0.05234350965152368,0.05379071013145098,0.005147030589675028,0.07466914744841624,0.027019972663150874,15,0.016761448668063395,0.05550642968282027,0.06949079237990907,-0.0006986459582450921,0.23417927258957727,0.3349867410355354
Denmark,2006,0.20179223242315114,0.07701967571366697,0.1555379808572302,0.07758759886946143,5.6614,0.06235787141612703,"MSCI World, resident currency",-0.030408259160973672,0.012734820256297796,-0.02300943647451381,-0.023014700365796115,0.012734820256297796,-0.040898612104528054,-0.005479707003129978,15,0.01884015307624365,0.15665564881049243,0.14028599121644159,0.024767261591463807,0.061713033620865776,0.0856933052692681
Denmark,2007,0.05388899598884023,-0.030564700261854094,0.04135669606441357,-0.03017357735375914,5.0753,-0.05015684450304825,"MSCI World, resident currency",-0.01330521982056243,0.026278101587992708,-0.0023336204241989345,-0.0032746173650670674,0.026278101587992708,-0.02452576589858868,0.00434293704199636,15,0.016561687373591427,0.20865140064486698,0.18509046002601925,0.011644528236934182,0.08047051333107724,0.14456275513291073
Denmark,2008,-0.4978233293549206,-0.3758432888399651,-0.39431125949178986,-0.3764315084228188,5.2849,-0.3813258394743958,"MSCI World, resident currency",0.08077986364466883,0.011991084851645795,0.11453461091801609,0.10529115864556049,0.011991084851645795,0.06576014637092453,-0.030266734263355872,15,0.03638100002273803,0.287824018018932,0.30954317919352814,0.03138761247384991,0.3693884198659185,0.08427486273459928
Denmark,2009,0.34075752980063934,0.23903401492813314,0.2379497975352844,0.23945605162066275,5.1901,0.22455380816415382,"MSCI World, resident currency",-0.004608444047002225,0.007591091119293125,0.0018369858485973722,0.0007686952240435474,0.007591091119293125,0.03955807005594103,0.04740969033087482,15,0.010421466026020676,-0.0546519965673552,-0.04966760124431724,-0.019834602641820354,-0.10930264335893902,0.17318042607184814
Denmark,2010,0.29824161670870386,0.18418793407152179,0.09541521558704458,0.18470565258778526,5.6133,0.1852481719829433,"MSCI World, resident currency",0.053187979546029274,-0.014644435493050167,0.019050324252543716,0.023021486171918237,-0.014644435493050167,0.08965295571290643,0.053011081702094294,15,0.02198506101532982,-0.00435003005015544,-0.00318382306384557,-0.011732246102603261,0.07421847031078666,0.36510300565645837
Denmark,2011,-0.1848501441576692,-0.02502446647778378,-0.047807851901837804,-0.025852459815729034,5.7456,-0.057378480080278904,"MSCI World, resident currency",0.11293086641059302,-0.0172234121763456,0.06121881770751325,0.06267219685133929,-0.0172234121763456,0.07094359593632404,-0.008755989026157093,15,0.026558167698894186,0.06396291623482941,0.06562377442676981,-0.025979726392153846,0.0845565802897903,0.08272295918110628
Denmark,2012,0.23728614440329054,0.10580238219502469,0.12772819832280102,0.10642046710152164,5.6591,0.12886575470451023,"MSCI World, resident currency",0.03669682449189304,-0.022218726988366688,0.09643376653982383,0.09758912278896537,-0.022218726988366688,0.10507331156271538,-0.014445463228308909,15,0.02354268210652677,-0.07466439144674963,-0.07424217805087274,-0.014131120381582707,-0.08317794172359394,0.041288463008422926
Denmark,2013,0.29968654452480514,0.23163891946137238,0.2965374338734634,0.23197203951541945,5.4127,0.20202199215445416,"MSCI World, resident currency",-0.07201925254569508,-0.005429714818386389,-0.02929281963771002,-0.028161376231247037,-0.005429714818386389,-0.06401791633858389,-0.041790009334670156,15,0.0052270797104378985,0.05482189330895193,0.05223677423554851,-0.01307117198017016,0.010691697571138414,-0.3115366347493467
Denmark,2014,0.19348170752589255,0.21438227971018797,0.10422772119511192,0.2142813222777975,6.1214,0.18532705086161405,"MSCI World, resident currency",0.13944714797734914,-0.0028689835570375744,0.176236161355658,0.17827394691185416,-0.0028689835570375744,0.18652891980006303,0.005444178636760292,15,0.0035202413879809047,0.17374690395324688,0.2003270661895069,-0.006284064445272408,0.34056554402111594,0.13547130782043149
Denmark,2015,0.33684453416615723,0.1341218619384048,0.038810521610162,0.1351961094416405,6.83,0.09831415651586184,"MSCI World, resident currency",-0.03112893421249463,-0.0035072480977687004,0.005299863713399633,0.005578090966578575,-0.0035072480977687004,0.032466794251740705,0.02335135801065582,15,0.002255073916311634,0.07258334475583239,0.08078488843850073,-0.00531491867575451,0.1939377526525703,-0.029954808159415203
Denmark,2016,-0.0607596722206688,0.06365062050478842,0.03820990309262497,0.0627976992752135,7.0528,0.09705559435870148,"MSCI World, resident currency",0.04708433644687693,-0.004569223232050557,0.03726004478874323,0.03727233371667893,-0.004569223232050557,0.04139467078608883,-0.0003436941440620271,15,0.00017000000000000348,-0.07083586791652463,-0.07324769800184094,-0.014283553872012966,-0.03779858364689448,0.10335786658825352
Denmark,2017,0.17477300907328308,0.06652974106927068,0.16207397140218166,0.06721087746214849,6.2077,0.0685460474806785,"MSCI World, resident currency",0.020911411574622063,-0.01482141775908985,0.010316227991645999,0.009886686168899095,-0.01482141775908985,-0.017254528187142126,-0.04205862174296376,15,0.01057820170571011,0.026225428410972418,0.020706223201180762,-0.00991627081888169,-0.0824291334356756,-0.022479869867982116
Denmark,2018,-0.08598379260498523,0.037977852776063026,-0.009872039343441046,0.03715851681849913,6.5194,-0.04465862859024761,"MSCI World, resident currency",0.013379137388134676,-0.011909261042125197,0.00024650588781738314,0.00023425527332165963,-0.011909261042125197,0.01058127587885882,-0.0015048287299697569,14,0.00709374227059123,-0.08281865306423741,-0.08661168827628285,0.0017853235335945072,-0.006655789713533089,0.03337999654565116
Denmark,2019,0.2877259415690918,0.16854108579968896,0.13368415935602262,0.1693275143956805,6.6759,0.29312470652264655,"MSCI World, resident currency",0.06171842378884196,-0.01268719339139579,0.04760764984945243,0.048960160721814194,-0.01268719339139579,0.06975037271727813,0.008254253999896774,14,0.007279550455831396,-0.030184187882715485,-0.030180910232729397,-5.033643403207222e-06,0.016675962022770996,0.19322259788922036
Denmark,2020,0.30135930518072707,0.00632083855753196,0.0662763017701434,0.00827502056551821,6.0576,0.04376110761188112,"MSCI World, resident currency",0.01396197202265781,-0.00481943620899139,0.02646723345691937,0.025233374399707742,-0.00481943620899139,0.004221214518746352,-0.025873095640765943,15,0.0033355114938604657,-0.12339718058584603,-0.11401472678234836,-0.00489791713896115,-0.1973963872899267,0.12166679081547582
Denmark,2021,0.16445263933541399,0.16352890451707847,0.17365991420014715,0.16353624293523095,5.830730929664932,0.1260363592732603,"MSCI World, resident currency",-0.036454923856228394,-0.020452136703424162,-0.05210382375616518,-0.0522587921163854,-0.020452136703424162,-0.050439015532538045,-0.018590013725160833,15,0.01853045,0.056883311895560285,0.05375749614914649,-0.0646718177027612,-0.0016413486821216239,-0.12044821942610684
Denmark,2022,-0.17860258612650692,-0.10496143620386156,-0.14204840038482344,-0.105471397988817,6.562084133065336,-0.1319616075629042,"MSCI World, resident currency",-0.14351958869775305,-0.06575001596847563,-0.1912259208254794,-0.19307917514627493,-0.06575001596847563,-0.18190396301367084,-0.05430650671133108,15,0.07696567,0.09078290942436773,0.11984983786275083,-0.04319532740699539,0.26068267575501225,0.06096720184959503
Denmark,2023,0.06117832385056565,0.13649491953571324,0.15922446914082236,0.1359786434437218,6.38763569048274,0.17447517214353936,"MSCI World, resident currency",-0.07574816820895469,0.0019220914560544866,-0.010435120449526436,-0.010327571951792347,0.0019220914560544866,-0.03349930619600783,-0.02192386175736002,15,0.03305178,-0.03375998428579885,-0.03384169067394249,0.017003513512843016,-0.037682402968840734,0.08389883300837986
Denmark,2024,-0.020318122792722382,0.17453413468787526,0.1657092395085825,0.17319878813428335,6.388067555494631,0.167792024197162,"MSCI World, resident currency",0.031026229265865846,0.020458062534905563,0.0028886143544983867,0.0030189303826730907,0.020458062534905563,0.000708025967634418,0.018340963976162982,15,0.01432919,0.027222279945736894,0.028134562834931875,0.02171369326854866,0.04370538273061797,0.2334135547464986
Denmark,2025,0.03023050832709928,0.1491034635217663,0.17189297374760903,0.14828879924773486,6.132983613298945,0.13609066901452582,"MSCI World, resident currency",0.0011166345962818625,0.0027748299163607992,-0.007091324580215996,-0.007012921164452068,0.0027748299163607992,-0.010335801340204842,-0.0006321568324895536,15,0.02049498,0.09116334182734098,0.08803233324578663,0.015139307087717269,0.06415579843611474,0.5647741789860041
Finland,1927,0.7109637983659918,0.252149273182946,0.2588040329555632,0.25279783298039193,0.3988523,0.2502922373144312,"reconstructed, resident currency",0.08843672521321833,0.04219442327041523,0.0772564031278935,0.07908556210063833,0.04219442327041523,0.0880107690374674,0.05139080684578471,15,0.017084696474009453,0.2608387038973432,0.2578521188541598,0.06069651650102048,0.24642995809780643,-0.013304627618079379
Finland,1928,-0.10377402089709453,0.2734809835207197,0.32516477106228175,0.27271311860269587,0.39640949999999997,0.27016769236549054,"reconstructed, resident currency",0.01614613644605467,0.044369767732745036,0.07567531727490517,0.07205090093151223,0.044369767732745036,0.03419545919628031,0.004685931423850187,15,0.024541339051703526,0.30729655055826255,0.2951442758989038,0.05045226040342521,0.25356100114439206,-0.04092703658481023
Finland,1929,-0.14562722503482417,-0.054583782540070236,-0.07292301328873436,-0.05470339959885162,0.3996519,-0.056593992799653936,"reconstructed, resident currency",0.06927907809821177,0.07827513505542538,0.09619262855114141,0.09542330363746965,0.07827513505542538,0.07197289509231619,0.05399676837150751,15,-0.007674418604651123,0.23048240513959772,0.22624833060511418,0.03785806464463959,0.20328200727609524,0.0102203818462554
Finland,1930,0.044315517782982594,-0.14114357348174067,-0.18512689403535745,-0.14094147086958342,0.3967953,-0.14265958792784428,"reconstructed, resident currency",0.1706478874410633,0.15368447756089965,0.20263352404040758,0.20080273864537257,0.15368447756089965,0.15095589461238434,0.10202379564952606,15,-0.08120459339114139,0.23046658056980762,0.23259308108317445,0.10740235214556271,0.24644866784043717,0.11843407364311043
Finland,1931,0.17432023976532696,-0.08924669444810074,-0.2927060876202483,-0.08888630602887382,0.518175,-0.09070853341681606,"reconstructed, resident currency",0.17827593726175062,0.1468535973469014,0.07951595917756382,0.07531740082447103,0.1468535973469014,0.271259057201775,0.35119164507122347,15,-0.08009182502231849,0.35682186898876767,0.43456744015416104,0.15094084355712933,0.7593831610796085,0.4237197737604641
Finland,1932,0.018963775672440786,0.192029793470333,0.10650147335854888,0.19165009609754047,0.64883,0.18926679590534534,"reconstructed, resident currency",0.09098265030358377,0.05969637685379947,0.1875951052851612,0.19562665739090157,0.05969637685379947,0.27962796440824356,0.1459953029182145,15,-0.009150145570497759,0.04944822197808074,0.05837341289884912,0.16025907588768828,0.3087543443118903,0.2638100465863966
Finland,1933,0.48099910392744705,0.26965058652832874,0.3875650946875062,0.2700497980808283,0.53572,0.26750969848466655,"reconstructed, resident currency",0.2019264760143602,0.07725587952976065,0.11734799203958657,0.12410053627343265,0.07725587952976065,0.1654276330736968,0.12017175148228931,15,-0.029942633272701746,-0.0666845050054744,-0.028282891878385508,0.030170519994877854,-0.2791398369840118,-0.1990765523994713
Finland,1934,0.1645953674512226,-0.040019268781034456,0.013931979417896596,-0.039635194381757555,0.450595,-0.041555923992994015,"reconstructed, resident currency",0.08946954588173472,0.04999563037737231,0.15259285348578788,0.146570888769463,0.04999563037737231,0.1055426616877877,0.0076380445384408874,15,-0.009519688446560037,0.012480461095210726,0.012054025896854448,0.008767156750223437,-0.14855970363961746,0.44467659888159483
Finland,1935,0.1189896547397149,0.2878233517724791,0.2718034482434892,0.28746329158662043,0.46308,0.2848883650034473,"reconstructed, resident currency",0.0531877354980288,0.027227129571200992,0.032456954326205656,0.031241981131522767,0.027227129571200992,0.02618118733995889,0.022223320972221624,15,0.009611183923110556,0.05078480071268898,0.05127195341779989,-0.0020322077192309607,0.06241721475796469,0.006443560730325482
Finland,1936,0.45579013228416443,0.2590689851541059,0.26123924746918964,0.25940772849336446,0.45672399999999996,0.25688891303637784,"reconstructed, resident currency",0.07014147192239761,0.03635000064969063,0.07347392056525393,0.07039631486042963,0.03635000064969063,0.03317239137109773,-0.0017703517008633468,14,0.0,0.32056639017580624,0.3135616701716235,0.012372876775614161,0.2908813637400143,-0.013562764288856721
Finland,1937,-0.058080549404833426,-0.2595587534277868,-0.23790309725165562,-0.2591537878465796,0.45922100000000005,-0.26063548027088645,"reconstructed, resident currency",0.006047752514420246,-0.015190206219923064,-0.014288691055220903,-0.014168736566894324,-0.015190206219923064,-0.06617721069135785,-0.06858005574252783,14,0.05005048319630734,-0.08042545477153151,-0.08026151130073245,-0.011132956950033579,-0.08403705622247326,-0.04150466919203433
Finland,1938,-0.010060089057465915,0.01956035491626551,0.05546723324878159,0.019486622966696343,0.464215,0.01744764972076296,"reconstructed, resident currency",0.017101679781706958,0.00442434044434048,0.0349429529870815,0.02971749486327857,0.00442434044434048,-0.002524017286042235,-0.028578541375494378,14,0.02939560439560429,0.08553171399089488,0.08583520267480282,0.047570894586841384,0.08863038472863938,-0.014821389321641343
Finland,1939,-0.07197737266741155,-0.06580307991780832,0.016428127209499405,-0.06581723242822879,0.444235,-0.06768559796337237,"reconstructed, resident currency",0.02887726041695715,0.015758339544270195,-0.05116775024164033,-0.0474393514610606,0.015758339544270195,-0.13951028145795774,-0.07862360807693537,14,0.017614091273018495,-0.1098439485811401,-0.10194208966744922,0.022205827566040615,-0.16953700988025966,-0.0728519922865497
Finland,1940,0.02372938546857073,-0.11471945411999851,-0.08920883090621014,-0.11439533372256094,0.49870099999999995,-0.11616654305511587,"reconstructed, resident currency",-0.12056151693718653,-0.1334969062271565,-0.06719111231505104,-0.06349420275403683,-0.1334969062271565,-0.018728256254998743,-0.08748835827796246,14,0.19053238919485982,-0.14133941336701838,-0.14098932544208143,0.0059249679692383594,-0.053291043240572655,-0.06370306324923236
Finland,1941,0.2325362195083307,-0.12775398113974068,-0.05820456722374799,-0.12686217037621283,0.48608,-0.1286084460354604,"reconstructed, resident currency",-0.11401687152680262,-0.12768318052296423,-0.0754929763470642,-0.07701691233902053,-0.12768318052296423,-0.09145435225023368,-0.1423778210978183,14,0.18173807688071375,-0.14949685618107467,-0.14550073535773056,-0.07583315048804296,-0.21965321408386052,-0.21424410422794637
Finland,1942,0.11048713842590363,-0.01638277644917352,0.040616065503863145,-0.01598637291345828,0.48568799999999995,-0.01795440016763139,"reconstructed, resident currency",-0.11044797412626328,-0.12416933344232817,-0.0966954744063987,-0.09642765344426862,-0.12416933344232817,-0.09862892450877414,-0.12628812980808082,15,0.17699692422406565,-0.11541956407854681,-0.11546743448079744,-0.07087970183543024,-0.11664821020015803,-0.1405604398151865
Finland,1943,-0.1289603148453592,0.030104404872384194,0.10540753732614923,0.029551802816804917,0.48568799999999995,0.027492699211171256,"reconstructed, resident currency",-0.07399383809515059,-0.08783528355677794,-0.07099931568310158,-0.07129433832490761,-0.08783528355677794,-0.07902481316517418,-0.09567814115795598,15,0.13066202090592327,0.11103176626510058,0.11313004126550785,-0.019568422192413393,0.1209756838713596,-0.09432231404533953
Finland,1944,-0.0979910985652902,0.06724494518709623,0.12847921738991624,0.06676918853637592,0.48568799999999995,0.06463565015930306,"reconstructed, resident currency",-0.015602135057154465,-0.030034328309087255,-0.006651212285808339,-0.00859422395367515,-0.030034328309087255,-0.03757229895089553,-0.059417935849135996,14,0.06359434094410976,0.04270233666182155,0.04073723626679526,-0.011389603351630306,0.01652883548397366,-0.06728945511237727
Finland,1945,0.46637376831363153,1.4627924991497125,0.20653842929273722,1.460353097985192,1.3571069999999998,1.4554323917892216,"reconstructed, resident currency",-0.2533229090090737,-0.2645908149174987,-0.23302381124283578,-0.16193666589981937,-0.2645908149174987,0.8861616656442799,0.8057021282704036,13,0.4022125642038721,-0.1265108775314191,0.12461053409038647,-0.013237632217602213,1.3886016613017937,0.9850180963550008
Finland,1946,-0.48995376307881666,0.6057788121444028,-0.06632941101480033,0.6029481323206647,4.0,0.5997422360560234,"reconstructed, resident currency",-0.34276227917778945,-0.35290018529364064,-0.3517931239576715,-0.3320673354579805,-0.35290018529364064,0.31114662985462505,0.3024547760249568,12,0.5930309007232084,-0.018085718682925744,0.44708864291438344,-0.1458067950930625,1.5980183867247963,0.6898594530638873
Finland,1947,-0.23185388304692678,-0.24757175057080338,-0.10118265196063392,-0.24753260868649607,4.1,-0.2490375434691231,"reconstructed, resident currency",-0.23386267313963915,-0.20700118841125292,-0.24441519812469714,-0.2457161151984888,-0.20700118841125292,-0.26375513625682945,-0.22558127710708464,12,0.2992453275160665,-0.1534120841815283,-0.14827376668954295,-0.07460156340503099,-0.10868494227131331,-0.17619949655933398
Finland,1948,-0.44519841319390674,-0.0027291507739501952,-0.10316524129439673,-0.0035673245122743724,5.4,-0.005560189863249798,"reconstructed, resident currency",-0.35287263816260395,-0.21872211317477608,-0.2370469223490942,-0.23322297344994092,-0.21872211317477608,-0.07883691372088375,-0.06170678846032809,12,0.3464479386472441,-0.25299940677769883,-0.24997215902406755,-0.016410018909050028,-0.009502251289341457,0.02151186675306449
Finland,1949,0.4098821531789958,-0.3212794160799083,0.07667762699175797,-0.32039619549553633,3.61,-0.3217554031045453,"reconstructed, resident currency",0.19884974309735037,0.029190611965353552,0.03337070074994797,0.032927868112370584,0.029190611965353552,-0.31351851698822397,-0.32400581593944966,13,0.013514879849011008,0.20067100613507738,0.13401342799032068,0.031435476496074255,-0.21408966662361906,-0.3368310398615274
Finland,1950,0.6014504020523317,0.48755873603288546,0.18987102627647617,0.487737464608446,5.0,0.48476198967922923,"reconstructed, resident currency",-0.15430888358187855,-0.07414083040919583,-0.08502837196976021,-0.07871069557666188,-0.07414083040919583,0.2302735958347537,0.2423670911031083,14,0.14666467145517426,0.035252562992381664,0.054974720799867205,-0.044909057796571394,0.3036740791849071,0.14885161899598942
Finland,1951,-0.022303861504682554,-0.08897341630318478,0.13528085596967107,-0.08883570915747574,4.35,-0.09065803773916081,"reconstructed, resident currency",0.09433082527673675,-0.08885186075354068,-0.10473525236379999,-0.10339751629570149,-0.08885186075354068,-0.2371797582063082,-0.22601051095362382,15,0.16276372072790557,-0.11047214041503628,-0.11135717989785776,-0.044855439335450886,-0.24689697725871296,-0.2400915139988783
Finland,1952,-0.13694630893149018,0.01166139924667231,0.08581205306057474,0.011414425433860176,3.85,0.00939159658299249,"reconstructed, resident currency",0.030030449123066294,0.03774711532868524,0.06188962601951409,0.057335754375275494,0.03774711532868524,-0.021194847073793266,-0.042930569883011395,15,0.009976306272602598,-0.0062403826950905295,-0.003898123594550107,0.003226921042449371,-0.138889961474303,-0.11493131407332269
Finland,1953,0.3414189334390527,0.09171880009342415,0.06488080209745661,0.09204598725535518,3.95,0.08986189528084454,"reconstructed, resident currency",0.08457104091422041,0.028308260958578746,0.0545722244511897,0.05572859917004047,0.028308260958578746,0.08057208137104155,0.054086396960712824,15,0.019878997407087207,-0.047077546739224374,-0.04661006626015263,0.006703548557218442,-0.05439922892760651,0.003086582053242637
Finland,1954,0.05448929965496063,0.3247621610635616,0.46362943820902536,0.3242868026780985,3.54,0.3216382290727422,"reconstructed, resident currency",0.04940541833639145,0.04935000091791153,0.06992339036337003,0.064112498492924,0.04935000091791153,-0.051002850577297476,-0.06889675440773457,15,0.0,0.5494524023790428,0.4830664899825976,0.018564239040369523,0.35275135127961055,-0.10031401674877771
Finland,1955,0.6516518221188101,0.3212545732302865,0.2574180617155148,0.32167646140847195,3.58,0.319033108485655,"reconstructed, resident currency",0.10134631261547278,0.08655206476316013,0.05986004977807635,0.05958725208355564,0.08655206476316013,0.058000284528854085,0.08517752639689251,15,-0.02917675544794185,0.5182349137205229,0.5039441391348054,0.011922977581826144,0.46911540197855794,0.03153427118431673
Finland,1956,-0.07757124707057572,-0.05607333400985404,0.025884409756232695,-0.05610849212480651,3.58,-0.05799627514055694,"reconstructed, resident currency",-0.016953777668750836,-0.05309853396925568,-0.08284656104025168,-0.0829995269242706,-0.05309853396925568,-0.10949213038243033,-0.08040801390746637,15,0.10998877665544327,-0.0747738288773413,-0.07386855472167297,-0.012271588679896195,-0.1176978684733524,-0.11502186723701968
Finland,1957,-0.23760875460476905,-0.10597076855885779,-0.09021675224881522,-0.10616344881790407,3.8,-0.10795112192026823,"reconstructed, resident currency",0.028492652282216424,-0.057194935770377264,-0.07957124552000239,-0.07871498576243152,-0.057194935770377264,-0.04359487872902734,-0.019990116152614576,15,0.11279631502078424,-0.20428191524955275,-0.208630220729758,-0.011143687996010843,-0.1769139763288906,-0.046467563305602755
Finland,1958,-0.006924149905323418,0.19610314396365158,0.29467465944265436,0.1958398872160576,3.64,0.1934482074416255,"reconstructed, resident currency",0.0770386920678976,-0.022585970640411124,0.024649870683368214,0.021438839590724568,-0.022585970640411124,-0.013962764557977403,-0.05914864464377397,15,0.06602725896012118,0.03613500433631778,0.0316595767110599,0.006882515564111014,-0.014711458023501378,-0.09610222746745511
Finland,1959,0.4097801798305234,0.17003137769244914,0.2232685925411798,0.17025391735240292,3.5,0.16791340951769818,"reconstructed, resident currency",0.10834651897061875,0.024041797526943798,0.03840975828639781,0.03651248612565072,0.024041797526943798,-0.00599800827097674,-0.019876640337142114,15,0.015437067904157553,0.21042133231571514,0.19868086883509717,0.010506777644549326,0.14156488965099134,-0.0620348050827233
Finland,1960,0.11262485169797865,-0.0493441345864839,0.020078563322574943,-0.04917270353978098,3.3,-0.05107435813270145,"reconstructed, resident currency",0.09347120202595827,0.008069499406221814,0.006105111112450823,0.0044737809359078895,0.008069499406221814,-0.04370570709063071,-0.04173796443140706,15,0.032270098862152485,0.0013933991853793959,-2.7462822995594216e-05,0.012803101551821738,-0.06733681386997503,-0.09091396357869219
Finland,1961,-0.025398201789352592,0.1576354162755369,0.18146562301041508,0.15742588255730205,3.219,0.15511103079218747,"reconstructed, resident currency",-0.015200431121762614,0.023112247182591084,0.009739253411388704,0.009500338726238011,0.023112247182591084,-0.006512687397833283,0.006687152483122498,15,0.018070112034694663,0.009264226979813328,0.008631185789986118,0.023604783271376606,-0.022161630673550703,-0.041015104868661334
Finland,1962,0.09596485726927129,-0.12033738353690493,-0.09990057886658946,-0.12013716420653842,3.223,-0.1218968898781253,"reconstructed, resident currency",0.44448708007293325,-0.003962789793284349,0.05978633021430735,0.059683737357269395,-0.003962789793284349,0.055972291941664976,-0.007774400493128097,15,0.04463968761093362,-0.1671922605833831,-0.1660340365678623,0.01825126995188109,-0.17439028667220768,-0.046017066661510175
Finland,1963,-0.0006373296235279158,0.12267368723237282,0.15009481801330085,0.1225442871521829,3.22,0.12029919857787852,"reconstructed, resident currency",0.10257501214409492,-0.0071317879673229445,0.0007201751722130112,0.0009833550936009239,-0.0071317879673229445,0.0007491554965446401,-0.007087277562165007,15,0.04867895675813427,0.04172561000003938,0.040893069252406766,0.01837742808505438,0.030729097743732225,-0.055272033586114655
Finland,1964,-0.014254464471835537,-0.009410278227389268,0.07099223669881667,-0.009414639483653064,3.22,-0.011395810204685719,"reconstructed, resident currency",-0.060900683756389906,-0.058251210087599925,-0.07596414372154214,-0.0759204687829037,-0.058251210087599925,-0.07178812646668498,-0.05362898619775139,15,0.10353208036292938,0.16062491235385057,0.1609515390764713,0.027000180476569158,0.16210805297353748,-0.09559722190486497
Finland,1965,-0.100982102224065,0.038337041982678066,0.06143553012842456,0.038223695978226724,3.22,0.036147248586270164,"reconstructed, resident currency",0.13379495135374242,-0.008879767728483867,-0.01742329232377504,-0.017367533109347466,-0.008879767728483867,-0.012351267954710976,-0.003481615837652526,15,0.04815739245338424,0.09800154148710205,0.09931812902576742,0.03155536016230376,0.1075039072764461,-0.04528956919340832
Finland,1966,-0.10449190274322773,-0.09684147057560322,-0.09246866315015179,-0.09684686947748067,3.22,-0.09865317573852572,"reconstructed, resident currency",0.040419557181530896,0.00013349231513282156,-0.019088337244675735,-0.01883305658113954,0.00013349231513282156,-0.011098611415692128,0.008436790036224462,15,0.03936125507774202,0.05052162748788547,0.05066031712211627,0.010884962315295343,0.05214273461945518,-0.05351332664000008
Finland,1967,-0.06551086884937773,0.4711109842660566,0.18536746186025946,0.4707694931336919,4.2,0.4678279541474244,"reconstructed, resident currency",-0.06833932102182805,-0.017924470720044106,-0.02002295756090089,-0.00742585564304199,-0.017924470720044106,0.2424897852630823,0.24430829140641067,15,0.05633423180592989,0.04467268982489636,0.07864111069260082,0.01912916025527034,0.3758924405682025,0.2266627702971442
Finland,1968,0.2860808030805124,0.10696009833859432,0.16154591637121826,0.10704451739837895,4.2,0.10483042836358214,"reconstructed, resident currency",0.2141877132184764,-0.0447494728387543,-0.03373520627869642,-0.03341952210357535,-0.0447494728387543,-0.028368930987399565,-0.03917399503149632,15,0.09186016841030864,-0.09205472781191038,-0.09203834876178818,0.011003722479790534,-0.08255069386113656,0.08777739702713006
Finland,1969,0.23143039702878498,-0.07245808833965306,-0.09826653829676943,-0.07230555163656593,4.2,-0.07416094053329281,"reconstructed, resident currency",0.05699987261652639,0.019044803215480854,-0.040246153593431755,-0.04033210365278639,0.019044803215480854,-0.022117141655105033,0.03844088828498668,15,0.02208459920542194,0.18962714823516946,0.1956876084139123,0.01323387456286551,0.2202083786173874,-0.1867956998240995
Finland,1970,0.21572244392685969,-0.030991130475860218,-0.054774773105018056,-0.03083197018184458,4.18,-0.07170773220564164,"MSCI World, resident currency",0.04183422640503287,0.013993981281689605,-0.004564974548516343,-0.003419928176089937,0.013993981281689605,0.017047722929185882,0.03615845823869339,15,0.027323653824168348,-0.04370594824295626,-0.04310632287973093,0.020938455464238448,-0.012346952328083027,0.027692118288667134
Finland,1971,0.12467193787278696,0.12417146194795636,0.1008022640401397,0.12417189415226004,4.15,0.140958158501433,"MSCI World, resident currency",0.019489524459405327,-0.013169379267048753,0.03175177169742183,0.03788827614364787,-0.013169379267048753,0.10298188609880499,0.055586813484287255,15,0.06482305809036282,-0.1355968960210887,-0.1357377616060823,0.017643971771362565,-0.13375180907316953,0.09400495006874565
Finland,1972,0.5929753917632417,0.17354643729569919,0.19782311882680045,0.17390912373533496,4.18,0.17049567587571213,"MSCI World, resident currency",0.05028323025395043,-0.026350057479306743,-0.008494466287923608,-0.006218534009800769,-0.026350057479306743,0.016558520764352824,-0.0024355414224435843,15,0.07143230391388422,0.08149207254652135,0.08278136106018885,0.01154035341542925,0.09082165232179329,0.39098272602509954
Finland,1973,0.29899532120431926,-0.2200384297194401,-0.15675922868853495,-0.2194856771870053,3.845,-0.32618127739792513,"MSCI World, resident currency",-0.12744659726555596,-0.047784003885690374,-0.11474624689517265,-0.11548870883917117,-0.047784003885690374,-0.10240340921248248,-0.03380851109989688,15,0.10983222785797886,0.40829919616094434,0.36752936647238066,-0.005739170208360234,0.2950516831041976,0.3926315446440767
Finland,1974,-0.2922758523510899,-0.40156240364863305,-0.33726670659885316,-0.4013640023545453,3.551,-0.40392599583424516,"MSCI World, resident currency",-0.11696947876230701,-0.09400264331681585,-0.1620457103584504,-0.16121755005622895,-0.09400264331681585,-0.14596804019272314,-0.07743884221633758,15,0.16672525927227988,0.13707201394415058,0.12234424953280776,-0.018682411153460032,0.08223762689406922,0.2972314630099111
Finland,1975,-0.12262186294303579,0.21807995594901852,0.22287784208876643,0.21742908748510903,3.85,0.27065236289602645,"MSCI World, resident currency",-0.10582042928022728,-0.1033146830828332,-0.06976685863013476,-0.06790438163572399,-0.1033146830828332,-0.046912655542097004,-0.08064410406533923,15,0.17811676082862515,-0.2137114816894513,-0.21807832223256418,-0.002214119066057396,-0.12119751533735612,-0.2977560559925442
Finland,1976,-0.24249323028818504,-0.028355843046417917,0.06520395404307705,-0.028660810730264386,3.767,-0.000978623057778294,"MSCI World, resident currency",-0.09232078082177264,-0.07505465206063466,-0.0827601976392981,-0.08270486674977018,-0.07505465206063466,-0.08894856504140214,-0.0822797445526063,15,0.14341890725406814,0.0500114992498808,0.04702565508814138,0.0049242743921680265,0.032579299456042765,-0.17689963005458076
Finland,1977,-0.21455750582156363,0.013056952536583788,-0.06277262513136932,0.012827373448861534,4.018,-0.009094334688422356,"MSCI World, resident currency",-0.006064013371522403,-0.07065855254157105,-0.054654736233950896,-0.0356502430005059,-0.07065855254157105,0.07281425675821218,0.0444948947665773,15,0.1266042220047532,0.16564021285698782,0.18602175202404925,-0.011551278487003214,0.2497171674253036,0.15420396035971762
Finland,1978,0.10606896500291318,0.057829279544897805,0.02866439401281108,0.05786913520653103,3.926,0.06492770309045315,"MSCI World, resident currency",0.1570731591835961,0.03670096791790933,0.04093184120785609,0.04261148721219188,0.03670096791790933,0.08087736856095828,0.07871592867317873,15,0.07797880525153267,0.32132869223871285,0.2973997141693465,-0.010424790546951224,0.230465115723693,0.22150959679193805
Finland,1979,0.1747684904339406,-0.014141234857402263,0.05648211704260591,-0.013977058581344348,3.711,-0.010587589278561849,"MSCI World, resident currency",-0.029337759051791923,0.01670752984850643,-0.06554634728126774,-0.06513947563542821,0.01670752984850643,-0.11039508073092597,-0.031710314373623615,15,0.07468631288131689,0.40525709789818265,0.37227199223916707,-0.02032579690849734,0.3039054270050916,0.918531588225572
Finland,1980,-0.06732432471493466,0.18000056210396642,0.1185758623569951,0.1797411235762929,3.84,0.18501332973926066,"MSCI World, resident currency",-0.07570104434759006,0.006743980973363373,-0.04397573498763274,-0.04465340552670383,0.006743980973363373,-0.06528487087046153,-0.015161186490104228,15,0.11594078707770095,0.17722690662978402,0.18401206733391295,0.000695567814542164,0.20653952437388123,0.05285447738246574
Finland,1981,0.1063887807672923,-0.009768363713584027,-0.05690900686780475,-0.009677792915326,4.357,-0.017251632545190798,"MSCI World, resident currency",0.006931349910948681,-0.004876136460160718,-0.05220577762402412,-0.05472767573707282,-0.004876136460160718,-0.06821296141041999,-0.01986538030884412,15,0.12007832447063782,0.026515694290881076,0.06002232050154599,0.06875376114405274,0.22223757457239146,-0.31665164834842263
Finland,1982,0.2924418501055237,0.21854077311919862,0.08196920735199575,0.21860891634976842,5.291,0.25293902980382255,"MSCI World, resident currency",0.026062750987015715,0.019132281046259525,0.10411681019201269,0.11496111571581324,0.019132281046259525,0.15199812112355437,0.06056983905403226,15,0.09567065437219346,0.1437202131690556,0.2081115631030812,0.08419578734237465,0.4299867581530461,0.29590592029752316
Finland,1983,0.5577756637609805,0.24807953724112397,0.21158095305236063,0.24841976952904865,5.81,0.25509253870721516,"MSCI World, resident currency",0.010531057093282392,0.05816115623492624,0.1070096925896018,0.0948739395164977,0.05816115623492624,0.025065894322053417,-0.01933434840696556,15,0.08365661369040178,0.1208632757646646,0.12834165713264412,0.04999397713684739,0.17516441733317034,-0.15135963088384752
Finland,1984,-0.09288699941339273,0.11782736543980299,0.0850159080663874,0.11750425895945771,6.53,0.0876580377362246,"MSCI World, resident currency",0.03666894644489194,0.08812316789767483,0.1191621362443609,0.11115211214501697,0.08812316789767483,0.04453735897389599,0.01568872902901188,15,0.07067382643339681,0.0920837596488957,0.09946363683512938,0.06256920408590982,0.16606069182688477,-0.1561086711619435
Finland,1985,0.09678425323680195,0.12897795137517032,0.24891029198368053,0.12892809927855153,5.417,0.10647191709773618,"MSCI World, resident currency",0.07607979526580366,0.07172544610329701,0.14166616351795192,0.13477226156363087,0.07172544610329701,0.08439741471665396,0.015574269932009211,15,0.05867443240036674,0.3139939422952198,0.2462212362265297,0.041566294338919674,0.034999081562879786,-0.1755782803484276
Finland,1986,0.6099689780889033,0.18752397180730407,0.2453085761597553,0.18807626782530806,4.794,0.22457494600388173,"MSCI World, resident currency",0.11669713332362952,0.08749048967221063,0.14989475116561035,0.1446933066256848,0.08749048967221063,0.13144849894833488,0.07208700911738096,15,0.028997503947837622,0.2731328413708074,0.2338547173258223,0.05503815580608573,0.08087719662624693,0.024665244955072385
Finland,1987,0.25960059493195775,0.012661518155602902,0.0864305888428729,0.013105475124960186,3.946,-0.08438522496392009,"MSCI World, resident currency",-0.042819552817473294,0.056534476578235626,0.046224288496454324,0.045368099452988586,0.056534476578235626,0.014386596391920525,0.02346234452267745,15,0.04081632653061229,0.18996242275135233,0.15019843718418224,0.0219249880214456,-0.0584520158371753,-0.027521943091950662
Finland,1988,0.282604003368665,0.1587960969324862,0.1396097921258327,0.15909567943217096,4.169,0.24784167597263274,"MSCI World, resident currency",0.011971886224617645,0.07098524244539584,0.10121201873022256,0.09680447031071004,0.07098524244539584,0.05444954990731876,0.02682185373842185,15,0.05096374510993007,0.1538118532147068,0.15413016698456694,0.030389429819428715,0.15624976149159053,-0.15798043901185665
Finland,1989,-0.20747192583484253,0.09699140158861952,0.2215658782982354,0.0960723533355794,4.059,0.059417951651925094,"MSCI World, resident currency",0.0010089071156207385,0.06905137335692024,0.018052067542540406,0.01537975299962735,0.06905137335692024,-0.04575474143252989,0.00209611717824576,15,0.06633478531425019,0.07580875052691649,0.06922344007088221,0.04313487985098852,0.0003548438426215217,-0.11868920946660366
Finland,1990,-0.345537213602066,-0.1864815127683721,-0.12821635855071592,-0.18684867129630578,3.634,-0.3142062406903444,"MSCI World, resident currency",0.05128668486475951,0.06574852760314931,0.03504956946229543,0.03361487560281806,0.06574852760314931,0.012220814996527052,0.04274756739294496,15,0.0610304727951787,0.08653548400415123,0.07270889484464527,0.019629465469601426,-0.07960622967659381,-0.19586815237627253
Finland,1991,-0.22931153086640643,0.21088039774721667,0.052946029846786286,0.21004406050898172,4.133,0.3207679851800782,"MSCI World, resident currency",0.09201275481167959,0.0877450797637429,0.16379386065273205,0.18045069749324338,0.0877450797637429,0.2688927513364625,0.18538677541258858,15,0.041160000000000085,0.07789935578504759,0.08208315177990633,0.0295655869605842,0.1550159365230368,0.001229435131566703
Finland,1992,0.05266935792121075,0.2371643095499394,0.007642546559001442,0.23693666285716986,5.245,0.17733336937729938,"MSCI World, resident currency",0.15668687706386453,0.05040284044843579,0.09138206348411781,0.11052852564543314,0.05040284044843579,0.262539293771469,0.21636563065859776,15,0.026019055668677238,0.016904182129215295,0.01701440314065006,0.008383806062487231,0.23749006328825706,0.15586948490240582
Finland,1993,0.8889419917755625,0.27516848065781363,0.14567089203006747,0.2760963433748467,5.7845,0.32875363158189264,"MSCI World, resident currency",0.3518576108438445,0.03182515234747929,0.20169619899200963,0.2096629694223313,0.03182515234747929,0.2538910523613427,0.07822695570421627,15,0.021006318745611985,0.20651828098209357,0.22243835259588574,0.004321478172269577,0.3004899870328932,0.26247154956635166
Finland,1994,0.1643586595193982,-0.15291564712786399,-0.021840551894448133,-0.15209693156426474,4.7432,-0.15520299867068799,"MSCI World, resident currency",-0.12756283289441228,0.04613408687002574,-0.09397729571385216,-0.08638120407977623,0.04613408687002574,-0.17662264580065257,-0.04882660988662403,15,0.010864681990299774,0.046029783952046044,0.038613756635808016,0.016542435122898214,-0.15827504114147972,-0.2135264222873966
Finland,1995,-0.07259751352305377,0.11294048879915075,0.19055084669463454,0.11234476652694836,4.3586,0.09461682999119847,"MSCI World, resident currency",0.2760268340959613,0.02614251288841496,0.18109944433528602,0.17983556475644735,0.02614251288841496,0.17191696769127285,0.01817480294385328,15,0.009849982767065057,0.20070907659522774,0.1865023810805635,0.033488873052366586,0.12692014843934785,-0.08591323841738208
Finland,1996,0.4992009457337494,0.2709397424078479,0.19666997376906553,0.27152699681040326,4.6439,0.193834909209742,"MSCI World, resident currency",0.1539407451777559,0.02639832833114819,0.11472261341348844,0.118471815194366,0.02639832833114819,0.14233032121657319,0.052448485314712835,15,0.005766121789114287,0.1856346494279495,0.20227800198849466,0.020154971252071885,0.28160555159635314,-0.0002518947753720191
Finland,1997,0.3353247187697621,0.39023128065140944,0.22791605668353337,0.39004829570021915,5.4207,0.34112709480785264,"MSCI World, resident currency",0.10296843923682575,0.023236827665693127,0.1118907613241138,0.11673391164576996,0.023236827665693127,0.1510877659250498,0.059309248456342084,15,0.012163856764664915,0.21903814906543828,0.2687226574369064,0.038183713171633826,0.4572199988183048,-0.09314539123529797
Finland,1998,0.6976311932091264,0.12725118090334475,0.17900240343647605,0.12936179504779632,5.096,0.1505552820974283,"MSCI World, resident currency",0.16059973049304355,0.015929468242828593,0.1255408548498358,0.123170357727038,0.015929468242828593,0.10708811740864133,-0.0008306127453170238,15,0.013490632270143132,0.24789276794602522,0.23687202139228192,0.0384762766424287,0.19924079557719665,-0.08604347642179444
Finland,1999,1.6358294369449191,0.39528045833383985,0.21806111204781958,0.4027168111565107,5.91850487756321,0.42451705684158525,"MSCI World, resident currency",-0.07591186134456218,0.030411733877124147,-0.05099712689422242,-0.05254272597805598,0.030411733877124147,0.004666282122692378,0.08979019568832962,15,0.013107317006913588,0.032196989670994824,0.04008296645620657,0.025016298269186832,0.20215547028510272,0.1453763660045484
Finland,2000,-0.11893949708860174,-0.02291617539685631,-0.05240387659810908,-0.024130778945255837,6.389822675980655,-0.08983191774357324,"MSCI World, resident currency",0.05964177096853618,0.012733322282773019,0.059773933133740575,0.06005417727334583,0.012733322282773019,0.05745015335634851,0.01029087464777064,15,0.029508768166461197,0.010390178534276595,0.01639521910671471,0.02935847551351123,0.11352451829841237,-0.012771539781430974
Finland,2001,-0.32426070056304135,-0.138219216078184,-0.15944682029352414,-0.14034136251016738,6.746544876886418,-0.13414791351058597,"MSCI World, resident currency",0.01908339698589101,0.006358940692108073,0.012755439979598826,0.013013914605164434,0.006358940692108073,0.01777022898413816,0.011666529795093254,15,0.026657463959681715,0.10123717664896992,0.11250746614622287,0.024736810195639336,0.1860386815049888,0.04457686983659892
Finland,2002,-0.34141101325354883,-0.3198802695201428,-0.2297171594077559,-0.3200644531555251,5.6696195289405935,-0.34582192275987766,"MSCI World, resident currency",0.10007320887403437,0.003203409863951956,0.0818695463269139,0.08043819535382135,0.003203409863951956,0.07055187701003818,-0.006497127201970998,15,0.020066974478664568,0.06113575703163998,0.049592382528323764,-0.00596150761007852,-0.12012408954687437,0.02126849447550616
Finland,2003,0.0712170660414535,0.04423327681986433,0.17640278775685786,0.044421587630322,4.707624703087887,0.09366761720251682,"MSCI World, resident currency",0.030284456150528216,0.008051845702355287,0.024058052999736068,0.022957648172317047,0.008051845702355287,-0.0026987224477664773,-0.017761949407996906,15,0.01290755800940091,0.191146881818818,0.1565706968719398,-0.006956332666097742,-0.016257504334017625,-0.018897267031156684
Finland,2004,0.07414966520490829,0.08744096137602075,0.12235287845134012,0.08736519905042339,4.365120035239704,0.05557680235442097,"MSCI World, resident currency",0.09488828473667699,0.020343674671767342,0.08546391385346896,0.08525243089051959,0.020343674671767342,0.07825599550003037,0.013334296506982257,15,0.0014731879787861502,0.17805343580275723,0.16397635261536725,-0.017486342515833142,0.078672938811992,-0.04093635257033612
Finland,2005,0.3416622300302763,0.2335135858020596,0.10333302229960545,0.23406999549290375,5.0400356022717645,0.25504756821250485,"MSCI World, resident currency",0.06270382592636525,0.022867707940019244,0.07089625788510645,0.0716104645642992,0.022867707940019244,0.08237460866601709,0.03438378559836611,15,0.007747376679415607,0.0741149399926504,0.08733545813762822,-0.0006986459582450921,0.2430284337877795,0.34455869960853813
Finland,2006,0.20293597154089493,0.08399958785431227,0.15546072916596126,0.0847205569948335,4.514601366742597,0.06939001824012614,"MSCI World, resident currency",-0.02713785960230808,0.029649948655980696,-0.006691323878039723,-0.0066552509665341875,0.029649948655980696,-0.03454995883028633,0.0011033973423747383,15,0.012748151031529709,0.17597460419991684,0.157485764177822,0.024767261591463807,0.0687409120206588,0.09287991811782659
Finland,2007,0.23092860667487414,-0.03308534955915554,0.04024170680252436,-0.03146124205776457,4.03894436519258,-0.05141797688417804,"MSCI World, resident currency",-0.0024049985743932467,0.030036148059761958,0.00131965504954068,0.0003227090393851384,0.030036148059761958,-0.025820929354221978,0.00300944383068813,15,0.015830690881137643,0.21307726545165195,0.1884391178029894,0.011644528236934182,0.07903594348306386,0.14304308828646373
Finland,2008,-0.5314175675593681,-0.3670511086772018,-0.39379706334894726,-0.3682614088786984,4.2722785082992,-0.373219866281163,"MSCI World, resident currency",0.07301342322022952,-0.025864508987091805,0.07284316700938409,0.07045853400396274,-0.025864508987091805,0.07972391555365421,-0.017561125466037962,15,0.03916097145694897,0.2396503298396111,0.27897492112429734,0.03138761247384991,0.3873303778961783,0.09848121485371153
Finland,2009,0.24183161329137803,0.2119856538661209,0.23835659436214746,0.21215517913100768,4.127259475218656,0.1975811798650724,"MSCI World, resident currency",0.03508075756856632,-0.00809745799258943,-0.01376196981220168,-0.014840116571601447,-0.00809745799258943,0.0166602494522341,0.024338926052655915,15,0.016339348701727152,-0.06937139882328214,-0.06394014259964287,-0.019834602641820354,-0.12892158420701083,0.14733937331514357
Finland,2010,0.2140492940574299,0.1867790793385875,0.09570461960762315,0.18692454461525343,4.449730579254603,0.18746808012100247,"MSCI World, resident currency",0.0581761175186557,-0.002905362352363605,0.031190821268386903,0.03473575780529892,-0.002905362352363605,0.0916938189862917,0.05498331665254023,15,0.016860347954591237,0.007511685903731635,0.008531691045127632,-0.011732246102603261,0.07623042559632554,0.3676597725371664
Finland,2011,-0.2936907851938759,-0.021956764323483813,-0.04709496106832562,-0.023524663671353974,4.595200556457223,-0.05512601764603742,"MSCI World, resident currency",0.07706132425798717,-0.026621938443143978,0.051070129738529424,0.05360960084151567,-0.026621938443143978,0.07350269327079118,-0.0063873396258381735,15,0.03323864887479622,0.053787985798933846,0.05647845390834827,-0.025979726392153846,0.08714820683691205,0.08531020415770518
Finland,2012,0.10606142806638541,0.09294256020803049,0.1283428197464957,0.09300120659884792,4.506389267849023,0.11517426572237688,"MSCI World, resident currency",0.07089245714982795,-0.028507353863816975,0.089382022922178,0.08980493481935858,-0.028507353863816975,0.0916703900845357,-0.02639879693983882,15,0.031615288714609946,-0.08061571260351097,-0.07993718278645379,-0.014131120381582707,-0.09429765109306987,0.028659158364281234
Finland,2013,0.293769370921209,0.21154860492830418,0.29656434401677506,0.21188672822602683,4.311311725038069,0.18242496794064644,"MSCI World, resident currency",-0.050174086780576665,-0.019621814518069547,-0.0431444028673299,-0.04199478772841814,-0.019621814518069547,-0.07927759018558789,-0.05741207324992677,15,0.022155886545334402,0.039770028500306864,0.03710138529461493,-0.01307117198017016,-0.005785995681790945,-0.32276091627430814
Finland,2014,0.09419253447840581,0.20975210223152074,0.1047014275139242,0.20928391224640341,4.897232517914504,0.1804488029747513,"MSCI World, resident currency",0.15867987743466627,-0.00987717109583075,0.16796915985559768,0.17053177364879635,-0.00987717109583075,0.18164572558669478,0.001306243932386549,15,0.012095918511706882,0.16549739782984307,0.1925129240649437,-0.006284064445272408,0.33504840760921284,0.13079824269132478
Finland,2015,0.15042961668133747,0.13889848656215897,0.03995253058621763,0.13894413037045727,5.46131165610361,0.10194040612225108,"MSCI World, resident currency",0.0026723902097531838,0.0013669284995010411,0.010217118815954773,0.010478561302140754,0.0013669284995010411,0.03587563887425049,0.026730106647526588,15,-0.0015575701905028438,0.07782970568284409,0.08594309387277588,-0.00531491867575451,0.19787971796361004,-0.026752057858672074
Finland,2016,0.10221239355066936,0.05887803716959983,0.03724660826936088,0.05906800020760983,5.640574898017266,0.09320567331523355,"MSCI World, resident currency",0.033797778061454675,-0.0065017083545009235,0.03524635418217503,0.035192094358478476,-0.0065017083545009235,0.03774008183158961,-0.003851809747264408,15,0.003889999999999949,-0.0726397059165872,-0.07493671379116018,-0.014283553872012966,-0.0411752579922251,0.09948582884386092
Finland,2017,0.10065740941824552,0.06785300375353853,0.16244024913145344,0.06800505415910507,4.957666972400572,0.0693412177590702,"MSCI World, resident currency",-0.027402151127060126,-0.011591000859412004,0.01362907164837579,0.013134131173418773,-0.011591000859412004,-0.01652320734958712,-0.0413457591440822,15,0.008397334369303344,0.029590438599558677,0.023934989173352905,-0.00991627081888169,-0.08174631299650936,-0.021752437525835222
Finland,2018,-0.03655880082138396,0.030106746309623178,-0.010218151401059451,0.029709507362426946,5.192777292576421,-0.05152001650155491,"MSCI World, resident currency",-0.016382015112923698,-0.014734836420446262,-0.0026138305042320287,-0.0026857052294420036,-0.014734836420446262,0.0033231476775470448,-0.008676152931643612,14,0.011686028133396587,-0.08544145371318412,-0.08900980741569986,0.0017853235335945072,-0.013790119033082138,0.025958124921247272
Finland,2019,0.19106295339315116,0.1589803173757851,0.13436641181290682,0.1591694160796382,5.2926206159871825,0.2818911660970209,"MSCI World, resident currency",0.018372538694351404,-0.014760758889350134,0.045407452441315055,0.04634069217078651,-0.014760758889350134,0.0604573138215414,-0.000504580213451622,14,0.011365522628521196,-0.03222100599539113,-0.03221820363646588,-5.033643403207222e-06,0.007843967350071201,0.18285691991357966
Finland,2020,0.1766899530467363,0.01583623475573903,0.06719011540631063,0.01678116645276928,4.845350827153452,0.05256662601875961,"MSCI World, resident currency",-0.005248314019651423,-0.008053953873970898,0.02313102843047532,0.022241556465648404,-0.008053953873970898,0.012693161139994302,-0.01765503470285991,15,0.0038328232556792408,-0.1262462990350296,-0.11808359650195133,-0.00489791713896115,-0.19062535430775718,0.1311295476674803
Finland,2021,0.19973713883945554,0.16180257570841827,0.17345116462368326,0.1620194537748516,4.674895855808587,0.12633830381079636,"MSCI World, resident currency",-0.06040321408161997,-0.025620055261201258,-0.057104753699057986,-0.05744480266894514,-0.025620055261201258,-0.05018439253572582,-0.018326850478255937,15,0.02066185,0.05130738540375179,0.04849367953596584,-0.0646718177027612,-0.0013736406824776948,-0.12021236926599665
Finland,2022,-0.18005816295622679,-0.10044759544816817,-0.14208280279818475,-0.10090898852053154,5.259502363249291,-0.12800323435027616,"MSCI World, resident currency",-0.21163115651655628,-0.06373025712373448,-0.1894774288503862,-0.191619862901227,-0.06373025712373448,-0.1781733337392306,-0.04999401566968433,15,0.07171630999999999,0.09314107743791733,0.12278809917519751,-0.04319532740699539,0.2664315603398544,0.06580535669144139
Finland,2023,-0.058998211137075374,0.10388193943065738,0.15991066778233515,0.10284645067320253,5.111842138607323,0.16104073158798804,"MSCI World, resident currency",-0.005101093896632047,-0.00871855136517996,-0.020944526841027655,-0.020855731392345755,-0.00871855136517996,-0.044554794149926136,-0.03311175746574031,15,0.043404990000000004,-0.04402167526404377,-0.04411892020445196,0.017003513512843016,-0.048690041835553366,0.07150046581794678
Finland,2024,-0.02509699378944985,0.17100110719206518,0.16553131311636077,0.1698738499881005,5.1067305893466735,0.17258368366877064,"MSCI World, resident currency",0.013007611869992441,0.02650908962305598,0.008835459594548789,0.008933900914464665,0.02650908962305598,0.004814109920587617,0.022519399026460576,15,0.009105872000000001,0.03331341692598966,0.034125598538433666,0.02171369326854866,0.047987892526117015,0.23847447109080622
Finland,2025,0.3391166239910355,0.1643034671126422,0.1698857746733223,0.16536816560192458,4.899931121258789,0.13771115398512723,"MSCI World, resident currency",-0.003752101835589716,0.005754992740681031,-0.004140483140889217,-0.004087889515667853,0.005754992740681031,-0.008924174606872226,0.0007933108824772939,15,0.01844264,0.09440618790759814,0.09107520238623312,0.015139307087717269,0.06567367770823274,0.5670061249992844
France,1927,0.20084768914161844,-0.009037891680088617,0.2630709579898907,0.0031989623187291816,0.25484,0.0011925643940917663,"reconstructed, resident currency",0.17212118779091123,-0.014691488539918973,0.018456709541785132,0.008177506121794575,-0.014691488539918973,-0.1287570542061487,-0.1580811056242853,15,0.04444444444444451,0.1920185704217774,0.15182388801805247,0.06069651650102048,-0.0019002207307716734,-0.20988706426527837
France,1928,0.4836086928844452,0.3016575271508848,0.3136877975296072,0.31301218745081316,0.25504,0.3103861630759115,"reconstructed, resident currency",0.17705826461315155,0.03020000085234642,0.06108080395624249,0.060917029877480156,0.03020000085234642,0.0669421272421935,0.036498212549416216,15,0.0,0.2895594540458133,0.2903948926411348,0.05045226040342521,0.29325363914115865,-0.010559040201249648
France,1929,-0.05915604269714114,-0.12909088812381975,-0.07403873036751733,-0.12429691694701017,0.25536000000000003,-0.1260483231131162,"reconstructed, resident currency",0.2198225247859953,-0.027382001131773137,-0.011220192237198279,-0.010241630042074235,-0.027382001131773137,-0.006946635814390256,-0.023599345222297875,15,0.06382978723404276,0.10991090828401706,0.11065567151671907,0.03785806464463959,0.11469539095634995,-0.06415287797467917
France,1930,-0.27511117836036303,-0.2093776517527739,-0.17696353354026914,-0.21467753355938035,0.25478,-0.21624817849226163,"reconstructed, resident currency",0.0930307873404852,0.013366335836967558,0.05636190077559178,0.05808602597594548,0.013366335836967558,0.052165238189664453,0.0074331560991384975,15,0.010000000000000009,0.08080973123437718,0.08861366000547855,0.10740235214556271,0.13946152552717628,0.022434881303989407
France,1931,-0.29096879541259457,-0.3341549601197855,-0.2921575564788876,-0.33088328260468236,0.2551,-0.33222151603947303,"reconstructed, resident currency",0.03599181592694878,0.057480411930489694,-0.004609669588606313,-0.0036024168526772593,0.057480411930489694,-0.06639457518583336,-0.0076925370515966785,15,-0.03960396039603953,0.2510860603775351,0.2590033003700414,0.15094084355712933,0.29208099183667025,0.045571708353222995
France,1932,0.36596832255070866,0.009897539198733707,0.08455458638613189,0.03742377480046044,0.25461,0.035348927250859585,"reconstructed, resident currency",0.05809768136929372,0.11660227302292525,0.25136918739815806,0.22831549827252418,0.11660227302292525,0.11401532842906592,-0.002322261416829985,15,-0.09278350515463918,0.10580379028913245,0.1069591952142599,0.16025907588768828,0.13937209975385945,0.10024460490043663
France,1933,0.04745531537953562,0.22247188613367141,0.4232191090925258,0.20594779423779874,0.19876000000000002,0.2035358986493232,"reconstructed, resident currency",-0.0650916337966918,0.05216941202388092,0.09132788425674798,0.09574534522813782,0.05216941202388092,0.10660612329750396,0.0636343983589113,15,-0.03409090909090917,-0.08841897801492749,-0.047369571019402756,0.030170519994877854,-0.3155231197574617,-0.23950079245182399
France,1934,-0.03991220655237748,-0.10759505758473176,0.018962214301373778,-0.10213734580863154,0.15223,-0.10393307111701433,"reconstructed, resident currency",0.24925379073474474,0.0575243894283366,0.16085726300017722,0.14563601273994986,0.0575243894283366,0.03359209202358948,-0.05794072852236206,15,-0.03529411764705892,0.019740226007427975,0.019147832571471346,0.008767156750223437,-0.2039728654118258,0.3506546240883488
France,1935,0.10103616689642281,0.3987037063104093,0.28547174772243455,0.3761179470797782,0.15148999999999999,0.37336571118561857,"reconstructed, resident currency",0.09730655219405904,0.1287573342521986,0.13450407017761146,0.1321510128685517,0.1287573342521986,0.09684397068430428,0.0926135658437324,15,-0.08536585365853666,0.15464342440049506,0.1538448685166387,-0.0020322077192309607,0.1355752090711797,0.07574721212988877
France,1936,0.10281710047274828,0.3070900414978277,0.2737790927976062,0.2925071606089147,0.16356,0.28992214628769686,"reconstructed, resident currency",0.00741448812186718,-0.027999999234452844,0.006818788012834531,0.009443353750452133,-0.027999999234452844,0.06032596416420666,0.024464864847421403,14,0.06666666666666665,0.23856856415028993,0.2589183168416964,0.012372876775614161,0.3248079778949524,0.012362527084995412
France,1937,-0.2497200688513198,-0.06338438150787262,-0.2368104860985643,-0.07393806057966512,0.24716000000000002,-0.07579018445850583,"reconstructed, resident currency",-0.23767248887826897,-0.17758415831197605,-0.17683130191508012,-0.16566215862987044,-0.17758415831197605,0.16728374817280267,0.16428017832023498,14,0.26249999999999996,-0.23206219273461037,-0.2491765221016472,-0.011132956950033579,0.14495884062928255,0.19812456406208034
France,1938,-0.07004871319817452,0.3033168520397225,0.06298798146284768,0.2817522084487556,0.34745,0.27918870403185814,"reconstructed, resident currency",0.051337137040884606,-0.09749913071484662,-0.0700773795284747,-0.056827319743109395,-0.09749913071484662,0.2540792737404789,0.22132215556019674,14,0.13861386138613851,-0.024622088429293476,0.013898867790419267,0.047570894586841384,0.36868338276953927,0.2386183707627847
France,1939,0.09771567717438834,0.07228522901050427,0.011780266544801089,0.07360068149316423,0.39836,0.07145348013017783,"reconstructed, resident currency",-0.1335658002339426,-0.03805327815477,-0.10143383844075349,-0.10556622486345202,-0.03805327815477,-0.011090355856277934,0.05888307579417828,14,0.0608695652173914,-0.15700156005881694,-0.17174854931640904,0.022205827566040615,-0.04559828858231907,0.06551605047640341
France,1940,0.24022989437497877,-0.04754013878649477,-0.08894443302692082,-0.04754013878649477,0.48015,-0.04944505850892178,"reconstructed, resident currency",0.04018119881893023,-0.14414896502577035,-0.07865827866552055,-0.06695339631291153,-0.14414896502577035,0.055348943438497056,-0.01860192846138233,14,0.18852459016393452,-0.15189506299204403,-0.1512188418724284,0.0059249679692383594,0.01817697659034767,0.006978942625502249
France,1941,0.3041368267115423,-0.12242256131480145,-0.05748490911887069,-0.12242256131480145,0.4666666666666667,-0.12417771619217188,"reconstructed, resident currency",-0.018798600224887774,-0.13281470624839564,-0.08093151824983424,-0.08166416031219936,-0.13281470624839564,-0.0868347064696886,-0.13801710384615357,14,0.1724137931034484,-0.15450005990777071,-0.15101492922790583,-0.07583315048804296,-0.2156854159376167,-0.21024880259678214
France,1942,0.2740478341172381,-0.03878203338719288,0.040834376837781704,-0.03878203338719288,0.4666666666666667,-0.04070446932041849,"reconstructed, resident currency",-0.1347141351278235,-0.15729756062714062,-0.13086289818313113,-0.1298978656389903,-0.15729756062714062,-0.11951008756601711,-0.14652853969319224,15,0.2058823529411764,-0.1488787506124276,-0.14842029311150273,-0.07087970183543024,-0.13711193847063252,-0.1604702173552346
France,1943,-0.3357173743562436,-0.06049055114158275,0.10459332687708493,-0.06049055114158275,0.4666666666666667,-0.06236957003929955,"reconstructed, resident currency",-0.17513099799709997,-0.17959645676507252,-0.16445413932134234,-0.16423479088765625,-0.17959645676507252,-0.15957129322862496,-0.17476815749650373,15,0.23902439024390243,-0.0007348659081964914,0.004260281741966132,-0.019568422192413393,0.022937596783622505,-0.17353090806443383
France,1944,-0.278704501904092,-0.07334129680613921,0.1278271516749571,-0.07334129680613921,0.4666666666666667,-0.07519461421252693,"reconstructed, resident currency",-0.11536715373732276,-0.16988553048090538,-0.14987382953119077,-0.15099116740343577,-0.16988553048090538,-0.16397847354812234,-0.18295488360580484,14,0.22440944881889768,-0.10763615422034589,-0.10833791577369611,-0.011389603351630306,-0.1169830338452601,-0.18979255000170858
France,1945,-0.46065583317631487,-0.10436492843008416,0.20717455004094848,-0.10436492843008416,0.5017921146953406,-0.106156198573224,"reconstructed, resident currency",-0.3129675767289518,-0.3161373101881908,-0.286782909291182,-0.2877408885446904,-0.3161373101881908,-0.3133861396621722,-0.3426755874139387,13,0.48231511254019277,-0.18773570832446473,-0.1782466235189758,-0.013237632217602213,-0.13048439200700113,-0.2773997251644935
France,1946,-0.16508308667716054,3.06285319195423,-0.0624378371346123,2.906057500831659,3.45,2.8982453858299957,"reconstructed, resident currency",-0.3815754731351332,-0.33564850633664545,-0.3345119307490573,-0.26708288079600995,-0.33564850633664545,2.194996784343416,2.173816510220413,12,0.5249457700650759,0.008092112865763168,1.540175440642447,-0.1458067950930625,5.330840656754873,3.1178426543567257
France,1947,-0.45353852972402475,-0.4435605703229043,-0.07835172156840703,-0.44417640488398613,3.0,-0.4452880520742182,"reconstructed, resident currency",-0.47203388763280907,-0.31931639696561065,-0.35143132899771323,-0.34974182831715117,-0.31931639696561065,-0.4561594671403738,-0.4279616583356287,12,0.49217638691322896,-0.27331730589838255,-0.28116333554049844,-0.07460156340503099,-0.34161407459397863,-0.39148491646729544
France,1948,-0.4372914255587742,0.1417802099104466,-0.08643225711607239,0.11309409422606209,5.2,0.11086790603760988,"reconstructed, resident currency",-0.40488682013416954,-0.3564158053598546,-0.37151102020371995,-0.3676759367389121,-0.3564158053598546,0.029012010926339205,0.048147715455041346,12,0.5862726406101049,-0.38465201269387317,-0.3785462707734123,-0.016410018909050028,0.10646431169511095,0.1411095340767785
France,1949,-0.2527412358723896,-0.30796551707941566,0.09224435044201676,-0.3055380727725454,3.95,-0.3069269966270003,"reconstructed, resident currency",-0.08715618905467049,-0.0903154929286577,-0.08662078180195332,-0.08349932878476674,-0.0903154929286577,-0.2985100281392147,-0.30922661005474567,13,0.12698412698412698,0.06125318252282019,0.01976333421406018,0.031435476496074255,-0.19690737290310756,-0.32233223080468254
France,1950,-0.22697518441157472,0.11967699798937503,0.20276569938425115,0.10979646519506225,3.91,0.10757687226467216,"reconstructed, resident currency",-0.11303255038383686,-0.06762435924834942,-0.07858853055231552,-0.07707701903595032,-0.06762435924834942,-0.0822619444892635,-0.07324064965737895,14,0.09859154929577474,0.042538977268446576,0.03739231018462008,-0.044909057796571394,-0.02750793116134853,-0.14299969172925586
France,1951,0.2368118422372001,0.13518804732831047,0.13284857187924815,0.13724742850127547,4.26,0.13497293364427287,"reconstructed, resident currency",-0.21343257597514564,-0.11971428511398186,-0.1350596742293183,-0.1305344432649841,-0.11971428511398186,-0.047904568794686186,-0.033963945962919,15,0.16666666666666674,-0.1406022423166331,-0.14007955839737019,-0.044855439335450886,-0.06003287813537883,-0.05153880558469692
France,1952,0.016569704839996202,-0.004668812093214347,0.08719581199218818,-0.004141363847784962,4.12,-0.0061330811200893676,"reconstructed, resident currency",0.1345807909965515,-0.07474411903497047,-0.053218643639285634,-0.05259075864849028,-0.07474411903497047,-0.03624909815408317,-0.0576505204872533,15,0.1208791208791209,-0.1139633957106232,-0.11328939790050796,0.003226921042449371,-0.15213403430020622,-0.12854387647290688
France,1953,0.2562338101863859,0.004471343940983363,0.06054327511100566,0.010517898573980444,3.76,0.008496862776832481,"reconstructed, resident currency",0.019328673457494006,0.061207998394966046,0.0883122522321671,0.08335300142987778,0.061207998394966046,-9.940820427423169e-05,-0.024607769999445427,15,-0.019607843137254832,-0.016589705981927994,-0.009668207222904845,0.006703548557218442,-0.12499426285555004,-0.07180012855339712
France,1954,1.1585566997528076,0.4495469276112287,0.44244923704498307,0.4698047343403313,3.74,0.46686512487165066,"reconstructed, resident currency",0.09001980721950531,0.03590000048279762,0.0562096913560437,0.0559825210240088,0.03590000048279762,0.05327675264617038,0.03341659507862565,15,0.0,0.5295923600023746,0.5200765527207394,0.018564239040369523,0.5013970814140589,-0.0014529217326069155
France,1955,-0.04617027259699191,0.3231307791179987,0.2691699604231478,0.30995744660006186,3.9,0.3073375317068616,"reconstructed, resident currency",0.06469110244571574,0.02138613710309012,-0.0037050250797870943,-0.003580239969358301,0.02138613710309012,0.048619228450664576,0.07555549568595238,15,0.010000000000000009,0.4271788200762021,0.4355899376008885,0.011922977581826144,0.45608907847673597,0.0223878834318183
France,1956,0.0017501817872893621,0.05315852655130637,0.026562611813993053,0.05140282588509826,4.03,0.049300020233328024,"reconstructed, resident currency",-0.06144456042406632,0.002133653678286773,-0.0293495577516657,-0.029350945207320733,0.002133653678286773,-0.008061326140639924,0.024335535145871272,15,0.029702970297029507,-0.020805948022666665,-0.02088196179665891,-0.012271588679896195,-0.017201715841454135,-0.014220912180781364
France,1957,0.09050740780086697,0.06165602496716227,-0.097223000564193,0.06269962556276343,4.79,0.060574226311638,"reconstructed, resident currency",-0.014853415139224557,0.005174312296263528,-0.01868225425992709,-0.015684763823306525,0.005174312296263528,0.13708861303201836,0.1651527734406267,15,0.04807692307692313,-0.1516428910208646,-0.17233358827224365,-0.011143687996010843,-0.02141704990196147,0.13367322257852954
France,1958,-0.20228992086648956,0.22141542133863834,0.32169495819288907,0.19925000412966565,4.95,0.19685150412140628,"reconstructed, resident currency",-0.026496130466461376,-0.07140719705820098,-0.02653075680196515,-0.02520323297324656,-0.07140719705820098,-0.011150931393709818,-0.05646566579820251,15,0.1467889908256883,-0.015619298473562138,-0.015292086427971974,0.006882515564111014,-0.011901759871017048,-0.09352462730940914
France,1959,0.1911519375958839,0.15717250109032554,0.22473253443241287,0.15847865033378183,4.93706000393706,0.15616169303311422,"reconstructed, resident currency",0.07859712290136445,-0.021898496447873117,-0.008175107367721646,-0.00828228665847408,-0.021898496447873117,-0.015999802493662618,-0.029738785722931035,15,0.06399999999999983,0.15611972863677903,0.1516794979364262,0.010506777644549326,0.13007829584822495,-0.07147274881489385
France,1960,-0.10540843425669533,0.008693311502232959,0.026432792943758485,0.0032788282750257913,4.93706000393706,0.0012722706184757904,"reconstructed, resident currency",0.00678575292661554,0.003089856491356624,0.0011351718462475624,0.0017036123144209547,0.003089856491356624,0.009047406661560231,0.011123698073094464,15,0.03759398496240607,-0.0035532652541093723,-0.003808246939126958,0.012803101551821738,-0.015887288849060988,-0.04076505079582915
France,1961,0.01945800523103114,0.18190912485727484,0.18954809463181949,0.1739634691815346,4.93706000393706,0.17161554224317155,"reconstructed, resident currency",0.0281620930198212,0.007302816380077459,-0.005863533965410284,-0.005292305248074669,0.007302816380077459,0.0076825044842878665,0.021070946934744688,15,0.02898550724637694,-0.006331220149109806,-0.00636866403441283,0.023604783271376606,-0.008190034754592235,-0.02731289204141374
France,1962,-0.14788448700568813,-0.12394352950923004,-0.09721105529391688,-0.12512855333900186,4.93706000393706,-0.12687829623232383,"reconstructed, resident currency",0.017771734387282523,-0.012575838789843807,0.05062202240082181,0.05082501296994524,-0.012575838789843807,0.04998184842278741,-0.013403214295525349,15,0.04929577464788726,-0.17439381268485588,-0.17364074619828418,0.01825126995188109,-0.17907390232582754,-0.05142893298011342
France,1963,-0.21925116951266932,0.14520599388284938,0.17113732607345541,0.12541355380893093,4.93706000393706,0.12316272670131312,"reconstructed, resident currency",-0.015096875158353562,-0.006857692837142104,0.0009964379464304507,0.001365149396746368,-0.006857692837142104,0.0033071090815384174,-0.004549354203453082,15,0.046979865771812124,0.04201319289696892,0.04135834245449366,0.01837742808505438,0.033363681221769914,-0.05285727232925075
France,1964,-0.10838385768558678,0.0663723094541755,0.07859568162058479,0.05919419187674535,4.93706000393706,0.057075803492991906,"reconstructed, resident currency",0.011427382782379203,0.014872051081301851,-0.004216225410583085,-0.004356017869646123,0.014872051081301851,-0.007499338810090239,0.011917519816109919,15,0.03205128205128216,0.2507430834566544,0.24894903473640406,0.027000180476569158,0.242596699996811,-0.03295747357276668
France,1965,-0.07650123870965242,0.060406921651733336,0.06648662376162916,0.055444075635761036,4.93706000393706,0.053333187484489564,"reconstructed, resident currency",0.01011513647095974,0.010711446875728559,0.0019990446625937075,0.001942427103925226,0.010711446875728559,0.004030255795888227,0.013047023392469815,15,0.031055900621118182,0.11970545099738317,0.12056004224299799,0.03155536016230376,0.12587339530622343,-0.02945437284296548
France,1966,-0.19548168475826688,-0.08487912455302837,-0.08915083726105191,-0.08833906572272165,4.93706000393706,-0.09016238759127626,"reconstructed, resident currency",-0.057184168436704264,0.017615760718958207,-0.0019420651714994186,-0.0019123718394774558,0.017615760718958207,-0.0017830494555443055,0.017936377668438815,15,0.029661726167345526,0.06888467721763103,0.06830029944637017,0.010884962315295343,0.06205403715013347,-0.04459731605297712
France,1967,-0.04848476117831302,0.16557357985558085,0.19288880411341053,0.1587618112403173,4.93706000393706,0.15644428761783669,"reconstructed, resident currency",0.02777156240080969,0.01953680541517122,0.017358271782934587,0.016553530435097885,0.01953680541517122,-0.021090850238236314,-0.019658120308609407,15,0.027917770943512554,0.08452173497231152,0.08446944744043394,0.01912916025527034,0.08401188897908929,-0.0335603368668872
France,1968,0.12293239085796648,0.1570762131902781,0.1626125847256567,0.15620887534155115,4.93706000393706,0.15389645759086812,"reconstructed, resident currency",-0.032871086054471754,0.01536967713915871,0.027077131846611424,0.026364381433404693,0.01536967713915871,0.01478165321666114,0.0034967312915900567,15,0.045432048640203115,-0.03491275673901839,-0.03492463700553827,0.011003722479790534,-0.0418063467523796,0.13608609326241305
France,1969,0.1661177386369319,0.0019818461040637114,-0.10454371069269014,0.00588883895241521,5.55419000455419,0.003877061274510485,"reconstructed, resident currency",-0.08747602648591846,0.02747899835780676,-0.03230268417614135,-0.032272602314157184,0.02747899835780676,0.060307577292586734,0.12596997996530446,15,0.06045962841738928,0.19947318001234393,0.22396479351221976,0.01323387456286551,0.3230584611266407,-0.11825156356374944
France,1970,-0.13354192385523023,-0.04721519810882324,-0.05203045211148295,-0.04993682628229701,5.55419000455419,-0.09000681930893939,"MSCI World, resident currency",-0.14232912468044212,0.03210228326089304,0.013211894322802786,0.01255406796624392,0.03210228326089304,-0.0030009681089416818,0.015733044241462112,15,0.05299641245626652,-0.02662807422220126,-0.026727277969735175,0.020938455464238448,-0.03181619684751458,0.00743359816480571
France,1971,-0.10508873852529854,0.05895694724639311,0.10771419476561596,0.05364456344777935,5.11572151321783,0.06937770556252754,"MSCI World, resident currency",-0.010144800984565605,0.004198215360080804,0.049909950163098626,0.048128641476597345,0.004198215360080804,0.033783955918737396,-0.010637685339388418,15,0.05397518655950906,-0.12038394823762011,-0.1152142496137093,0.017643971771362565,-0.18809774402444857,0.025370207190725358
France,1972,0.10266959890027327,0.17942033430726378,0.200806767731387,0.1773541245141157,5.11572151321783,0.17393065941355235,"MSCI World, resident currency",0.027591459762231985,-0.010493792288573833,0.007652584098497561,0.009129548975720603,-0.010493792288573833,0.019541754155167457,0.0004919512319694415,15,0.06063003097182107,0.09910458845709291,0.09840232059361398,0.01154035341542925,0.09402282127582784,0.3950647597000567
France,1973,-0.09825740273348837,-0.19536126681250465,-0.1578301895655486,-0.192824454037399,4.7085,-0.30316461927827554,"MSCI World, resident currency",-0.08281725368981674,0.014242789154708113,-0.057081335198522876,-0.05762085000903938,0.014242789154708113,-0.07174282771403695,-0.0008048286075925597,15,0.07380601063989056,0.5000349820915433,0.44216530836705514,-0.005739170208360234,0.3392887469278001,0.4402017932503055
France,1974,-0.35885990256786615,-0.3722997154897225,-0.3364664617005395,-0.3718684547237454,4.444499999,-0.3745566808406531,"MSCI World, resident currency",-0.1454225513408226,-0.006505256691985206,-0.08111963489712803,-0.0805889160662916,-0.006505256691985206,-0.10388881266915584,-0.031983095019775,15,0.13649317472813816,0.24688561206388204,0.2169853033700362,-0.018682411153460032,0.13556083431468835,0.36114768681849374
France,1975,0.1814402807764215,0.19586025995990308,0.22357725318895727,0.19539503495147792,4.485499999,0.247655030892181,"MSCI World, resident currency",0.08227728856894756,-0.03371890608770345,0.002432715778907024,-0.004338128448196699,-0.03371890608770345,-0.06416242953945217,-0.0972833780208957,15,0.11685927249322647,-0.1526840963383571,-0.15341956313807903,-0.002214119066057396,-0.13710281964854398,-0.3104658557769804
France,1976,-0.19081526344396693,0.15783096834169985,0.07277447250694175,0.14723793864391932,4.969749999,0.1799330633473848,"MSCI World, resident currency",-0.049035814339904116,-0.00971941256864628,-0.017969253728578383,-0.011691004702451435,-0.00971941256864628,0.07603274096896584,0.08390921085226613,15,0.09625495781555382,0.12418101956334482,0.14051920536319007,0.0049242743921680265,0.2195679532758683,-0.02784528602911618
France,1977,-0.24017255388187275,-0.07136584440169014,-0.05898694263853074,-0.07503551807273567,4.704999999,-0.09505551549946145,"MSCI World, resident currency",-0.0052728140001242485,-0.0038774039560630635,0.013276423725414377,0.017814251027794104,-0.0038774039560630635,-0.020252503812639544,-0.04611515788359585,15,0.09494554671904298,0.24940145310397233,0.22319699215134037,-0.011551278487003214,0.14130405894042397,0.054076633609495106
France,1978,0.48369398405745834,-0.0622901107914412,0.019067433975322394,-0.05093754354122959,4.179999999,-0.044604981646711006,"MSCI World, resident currency",0.06461605984918473,-0.011629764253658026,-0.007596133187029452,-0.011065409603621124,-0.011629764253658026,-0.030295812216053597,-0.032234938125974,15,0.09250558467244274,0.2597286888515711,0.21869272885757218,-0.010424790546951224,0.10390615100757472,0.09587174815624788
France,1979,-0.014806815999585998,-0.02588427981713226,0.058495376947691774,-0.0255955700843149,4.019999999,-0.022246039596776068,"MSCI World, resident currency",-0.1518183811943301,-0.014521295129190759,-0.09424869157773552,-0.09375059308816092,-0.014521295129190759,-0.12087747881058519,-0.04311987126940082,15,0.10646734171666461,0.3620937233085719,0.33815591952170476,-0.02032579690849734,0.2885412406701895,0.8959251351804327
France,1980,-0.04191618900264782,0.26686700502552374,0.12280242835506736,0.25857828248293413,4.515999999,0.2642028081054446,"MSCI World, resident currency",-0.13692170003116955,-0.015080484194848753,-0.06470068459354461,-0.06083128513110092,-0.015080484194848753,-0.00282177308148146,0.050651467223909355,15,0.13562578848301543,0.1517066670213154,0.183062569261776,0.000695567814542164,0.2871675081826155,0.1232123330850372
France,1981,-0.21599756187021157,0.10548075245450916,-0.053046131924671516,0.09811108738419305,5.747999999,0.08971289413746386,"MSCI World, resident currency",-0.1099046498115851,0.017522874836058522,-0.03087209819845682,-0.028732558425210164,0.017522874836058522,0.033204820447508165,0.08681466023100377,15,0.13314405568007137,0.049621296994827535,0.10194662364479523,0.06875376114405274,0.35526864131074776,-0.24227448791305373
France,1982,-0.014080943837896154,0.15205928149522618,0.08410390516341247,0.1487755196710694,6.724999999,0.18113831744353193,"MSCI World, resident currency",0.08624112890059576,0.025822177091398224,0.11136457068321404,0.10956442342141615,0.025822177091398224,0.08598191142232214,-0.00020699696155673425,15,0.11978471952380554,0.1512279425120706,0.19549789227132286,0.08419578734237465,0.34804017858384917,0.22164295456977445
France,1983,0.44956610973498456,0.3962912911543546,0.20834402139149336,0.39709017711567474,8.347499999,0.40455758551509,"MSCI World, resident currency",0.13206776236560525,0.02808147364150515,0.07554142333332314,0.08367893599623,0.02808147364150515,0.147137787151417,0.09745005831829844,15,0.09459548472353196,0.08900119940043072,0.12014116855653101,0.04999397713684739,0.31511107403513106,-0.05029770231589592
France,1984,0.06324549707690874,0.13743109213444038,0.08513945994070003,0.13608811263856113,9.592,0.1057455552236406,"MSCI World, resident currency",0.13140029827375477,0.037771777343797774,0.0673744604759774,0.06760740581198532,0.037771777343797774,0.06190778891713644,0.03257941250735966,15,0.07673802622473191,0.041549098204393786,0.05590473476273461,0.06256920408590982,0.1854520284630805,-0.14207494122270048
France,1985,0.29551514724469197,0.06820855030190365,0.24764479284811824,0.07309905438021236,7.561,0.05175340103114401,"MSCI World, resident currency",0.14229171614261604,0.03876995600016109,0.10656000075051986,0.09686178295923309,0.03876995600016109,0.03077055221535918,-0.034649071616372686,15,0.058310997385451424,0.27358871116224837,0.20319766440999243,0.041566294338919674,-0.016184878010135018,-0.21634852712588615
France,1986,0.3481875098021803,0.14520117444968772,0.2432335171208976,0.15013650154833313,6.455,0.18546963896406665,"MSCI World, resident currency",0.1901094498628373,0.05075140627175356,0.11104744209391915,0.106289896409419,0.05075140627175356,0.09531707139014589,0.03785121832177265,15,0.025385259178140718,0.2301221354536629,0.1925793918282257,0.05503815580608573,0.04636070191570596,-0.008056189651894141
France,1987,-0.26186325809693245,0.03558904904526772,0.09831381905626546,0.02603239470319685,5.34,-0.07270225724520674,"MSCI World, resident currency",-0.03348464828198383,0.04537694742613718,0.03517564005448515,0.03597965861958019,0.04537694742613718,0.027329862690212092,0.036521414623316706,15,0.03288898214001512,0.1773958281762753,0.14156646553114904,0.0219249880214456,-0.04643814821019154,-0.015113417087587955
France,1988,0.5808053569595202,0.2657550384729843,0.12833101946414294,0.2738491791586639,6.059,0.3713812611538847,"MSCI World, resident currency",0.15274701498798393,0.04695695933163324,0.07650557731006735,0.08554046658786207,0.04695695933163324,0.15884280948375662,0.1284798992328657,15,0.027008152750810588,0.1279252986943522,0.14656997048439968,0.030389429819428715,0.270721507908662,-0.07461830318809959
France,1989,0.26437922887819587,0.10256598855130594,0.2187379005765528,0.10800058154216896,5.788,0.0709472809475733,"MSCI World, resident currency",0.019953779470516686,0.05384981609820905,0.0035757035596748477,0.0021396577791354954,0.05384981609820905,-0.035369975158104805,0.013001630061828078,15,0.03498302207007398,0.06051110559783868,0.05621104645168762,0.04313487985098852,0.011241406968321321,-0.10909816723438193
France,1990,-0.24378995035847906,-0.1697976713073398,-0.12440042078064699,-0.17247352223766943,5.129,-0.30208255944484375,"MSCI World, resident currency",0.0035162220980775594,0.06446464723688683,0.03380267135648296,0.033743661535669656,0.06446464723688683,0.030115178053187197,0.06118159213431776,15,0.031942833802948156,0.08522656211589164,0.07286300449966832,0.019629465469601426,-0.06333521446208079,-0.18165245258664575
France,1991,0.12997916677514043,0.08202715653070691,0.04921369126397421,0.08392472262727502,5.18,0.18310821788515752,"MSCI World, resident currency",0.13663194528936184,0.06081825391801088,0.1349844684622985,0.13601370129755197,0.06081825391801088,0.13663978727981685,0.061837393924874216,15,0.032134073240969396,0.05121625808833841,0.050316515450633315,0.0295655869605842,0.034632018357419136,-0.10312576774704063
France,1992,0.023412912654434903,0.03910060489547473,0.007113723180964926,0.038538147594733285,5.5065,-0.01150507277367896,"MSCI World, resident currency",0.05741231099626054,0.07803451445441945,0.1200917282269287,0.11246833958022306,0.07803451445441945,0.060034243297701684,0.02126660709057459,15,0.02363760462693576,0.04365464754486448,0.04365232313065048,0.008383806062487231,0.039002785337179935,-0.02952625647054974
France,1993,0.33628846863320283,0.23527858432672444,0.14000349766005374,0.2387733014862803,5.8955,0.289890478569512,"MSCI World, resident currency",0.3106240989195388,0.06507750909691468,0.24042294511019868,0.2335689656197486,0.06507750909691468,0.21721746692717914,0.046691162938991664,15,0.02104462771246296,0.24540042706339116,0.24828944442017686,0.004321478172269577,0.262453484135845,0.2255470032558642
France,1994,-0.15708172503366724,-0.06357756838291084,-0.0152886954376172,-0.06758128329132618,5.346,-0.07099695096985592,"MSCI World, resident currency",-0.1376630693771831,0.039712400588165275,-0.09953890931978693,-0.10016015369109521,0.039712400588165275,-0.09455162441397946,0.04598261852400971,15,0.016555153292699964,0.0396087379328689,0.03547125358319758,0.016542435122898214,-0.07437520257068408,-0.13513382442530264
France,1995,0.0009408912005768322,0.10467047856417255,0.1972882787519124,0.10066475452289803,4.9,0.08312296756754378,"MSCI World, resident currency",0.1504731997341895,0.044772521434432555,0.20254275505021369,0.19532408620408392,0.044772521434432555,0.15961142658361616,0.007483608739976259,15,0.01796481420956031,0.222508407660154,0.20182641656860212,0.033488873052366586,0.11508708978930815,-0.09551147150959471
France,1996,0.2805620140823153,0.25714833401229287,0.19469338273632034,0.25789951461472627,5.237,0.1810400853399825,"MSCI World, resident currency",0.15297063744015515,0.017115125349704385,0.10464056631472851,0.10813312172049927,0.017115125349704385,0.13008749337806824,0.04116895839041582,15,0.019828836508972936,0.17491124233670008,0.1910322355786993,0.020154971252071885,0.2678700533489149,-0.010966609868552135
France,1997,0.2624797289760967,0.36534935458240425,0.22705599377825117,0.3618122567968576,5.9881,0.3138847918314145,"MSCI World, resident currency",0.16291301847034845,0.020126592225905293,0.10851105297357289,0.11107957336239127,0.020126592225905293,0.12770573017824827,0.037791508934179194,15,0.012039429402697088,0.2153327550147508,0.2596155694003004,0.038183713171633826,0.42761950169553153,-0.11156632099146468
France,1998,0.3044725457097792,0.12916500426348043,0.17612552472514398,0.13571579125961075,5.6221,0.1570285167472869,"MSCI World, resident currency",0.22082265673317902,0.027236388456765903,0.1380677093620155,0.1348828227651644,0.027236388456765903,0.11331679783240367,0.004790897145858637,15,0.00651126867832974,0.2617813541164016,0.24914291410872158,0.0384762766424287,0.20598794383877572,-0.08090138970162764
France,1999,0.5479641838252871,0.40747800829521674,0.21213194433788468,0.41351350022501787,6.529534142942465,0.43548154205569145,"MSCI World, resident currency",-0.0975676547516916,0.021816646441121357,-0.058913149589995384,-0.061240535008381225,0.021816646441121357,0.012399182576597001,0.09817829355610501,15,0.005371416391346084,0.023587010683256526,0.032301818211055267,0.025016298269186832,0.2114084418909481,0.15419230974444864
France,2000,-0.011235237810479304,-0.01193112441553612,-0.055590417155104384,-0.011894334930179773,7.049511015583019,-0.07841930164445876,"MSCI World, resident currency",0.07078350926939359,0.025222926412437063,0.07284366886825966,0.07314603045245338,0.025222926412437063,0.07070954234116855,0.022958932477494913,15,0.016759598872093884,0.022850885680703703,0.028943369161064103,0.02935847551351123,0.1274870248859712,-0.0003926620353970067
France,2001,-0.20537395159341887,-0.12707908784203958,-0.1586141969675973,-0.13162113429238675,7.443061386587995,-0.12536486001963731,"MSCI World, resident currency",0.058814419654566796,0.025809266072925885,0.032329393210688506,0.03217822922422875,0.025809266072925885,0.02809431378123839,0.021928699725547483,15,0.016347807954959492,0.12252125387150103,0.1325617870319118,0.024736810195639336,0.1980696523192167,0.055172876552227246
France,2002,-0.30607381661796995,-0.3202939353516441,-0.22626654434386298,-0.319508854201929,6.254953752264709,-0.34528737112940766,"MSCI World, resident currency",0.07291350601266733,0.013458350194711866,0.09292862720140316,0.0904696527587674,0.013458350194711866,0.07142666213547777,-0.005685301494250424,15,0.019234122872706205,0.07198289308022154,0.059794515653349256,-0.00596150761007852,-0.11940511237703677,0.02210300843716717
France,2003,0.1873131597279345,0.028144042543004177,0.17505128458352162,0.036159011150534326,5.193642121931908,0.08501544796585292,"MSCI World, resident currency",0.03159248736309306,0.001734300384187204,0.017640195440283613,0.016483391580365936,0.001734300384187204,-0.010588523057749488,-0.025532582560829176,15,0.02098472191469214,0.18368186457931102,0.14905274654577316,-0.006956332666097742,-0.024040039378414146,-0.026658918515282126
France,2004,0.10628075864861541,0.06419972909899374,0.12283743149528546,0.06612963975969599,4.815777108876,0.034962050482750584,"MSCI World, resident currency",0.12076322683849416,-0.0011472379602659455,0.06260141103513761,0.06252784988709359,-0.0011472379602659455,0.05719833323254275,-0.006455485760827706,15,0.021420896464023675,0.1532407730763008,0.13969442610770977,-0.017486342515833142,0.05760713390353156,-0.059666263152686416
France,2005,0.2622932999095049,0.22053001816504958,0.09761462463027727,0.2222911931195921,5.560371280834111,0.2430685416345384,"MSCI World, resident currency",0.1252102908812227,0.0031959258105080934,0.05030079113520669,0.05170878487692421,0.0031959258105080934,0.07204369011526235,0.02451092406440205,15,0.017458693638048528,0.05345757157876019,0.06736630482640349,-0.0006986459582450921,0.23116412599367808,0.3317253179852535
France,2006,0.20541712459133676,0.07385442833146438,0.15312714168585412,0.08044985823910533,4.980690964312831,0.06517967799089264,"MSCI World, resident currency",0.0026592913134708684,0.011940241219165593,-0.023775971016158914,-0.0237953666357984,0.011940241219165593,-0.03835107264061577,-0.002838088790450207,15,0.016751244960872436,0.1557481512964911,0.14002119132469204,0.024767261591463807,0.06453312739472006,0.08857709479953635
France,2007,0.015518275105417478,-0.0332143598880289,0.04291011385647822,-0.030553942892413755,4.455926907139458,-0.05052937261224555,"MSCI World, resident currency",-0.10985910363262863,0.023412146237888676,-0.005119675484460018,-0.006032786326143791,0.023412146237888676,-0.024908346506657963,0.003949034140073312,15,0.014879980595385423,0.20527615475125494,0.182257727004715,0.011644528236934182,0.0800467532239002,0.14411385807389654
France,2008,-0.42509670959036505,-0.35774863380156263,-0.3930327400723832,-0.361482526980763,4.713350578429257,-0.3664941911962982,"MSCI World, resident currency",0.1879026920017417,0.007840179681911641,0.10996310080536964,0.10437777062452325,0.007840179681911641,0.09130991173749248,-0.007019048100484645,15,0.02812861949147938,0.2825417230915155,0.31440917799631385,0.03138761247384991,0.4022171505539698,0.11026848656268973
France,2009,0.28919014620178607,0.22753731029270785,0.23546107410583017,0.23088250015124467,4.553359711231429,0.21608333832567905,"MSCI World, resident currency",-0.0648629381496083,0.005591146210397024,-0.00015153786608335107,-0.0012379455264510675,0.005591146210397024,0.0323672506578514,0.040164559793267496,15,0.0008762047815749074,-0.05652839657055486,-0.051153214527486335,-0.019834602641820354,-0.11546376510331369,0.16506531561457227
France,2010,0.026180189890110173,0.19812090893248624,0.1003864528078534,0.18873550620481327,4.90912288579554,0.18927987101511046,"MSCI World, resident currency",0.07740191378574046,-0.011374486449262755,0.0224320909501603,0.026420346665411154,-0.011374486449262755,0.09335948137630057,0.056592967638992284,15,0.015311227042091868,-0.0010459185350257805,0.0001254822716889592,-0.011732246102603261,0.07787249456449441,0.3697464926466185
France,2011,-0.15180056486499305,-0.004592216154365558,-0.043097943123483355,-0.011931967175251468,5.069611252801608,-0.043908491819244166,"MSCI World, resident currency",-0.018508203396976675,-0.013889113861367708,0.06481924954476415,0.06728040411444769,-0.013889113861367708,0.08624729669070641,0.005408810853200537,15,0.021115979517499994,0.06757265806502177,0.07019231075105226,-0.025979726392153846,0.10005480953261059,0.09819498612078892
France,2012,0.18061546517245675,0.10224650393231793,0.12564957966852752,0.1059444408487622,4.971631044414128,0.12838007159301768,"MSCI World, resident currency",0.16633544933674127,-0.018683507605122607,0.10039798022534097,0.10104263746177877,-0.018683507605122607,0.1045978649100463,-0.014869488132926574,15,0.019541953161352987,-0.07131879210909031,-0.07071109788132846,-0.014131120381582707,-0.08357239517219306,0.040840459143864694
France,2013,0.211707301589934,0.22893292931292963,0.30070319865054257,0.22812960733006626,4.75641360307447,0.19827297201275274,"MSCI World, resident currency",-0.046949411000716146,-0.008136214565527933,-0.03193438130242365,-0.030799307156555544,-0.008136214565527933,-0.0669371771398184,-0.04477859737917429,15,0.008637154978613282,0.05195143233695654,0.049349804792045315,-0.01307117198017016,0.0075394228573844035,-0.31368390246989974
France,2014,0.021895237180680427,0.2268352124161035,0.10850769282916264,0.21772818958443452,5.402825137962275,0.18869172837441917,"MSCI World, resident currency",0.31714183640093885,-0.00448191427007838,0.17433351526486907,0.17719282332006792,-0.00448191427007838,0.18989700894629635,0.008298239392212296,15,0.00507758822938098,0.17184828441428568,0.19933729072077022,-0.006284064445272408,0.34437088258748894,0.1386944644784034
France,2015,0.1190262061979015,0.1375478469500495,0.03682076270729516,0.13674370258630741,6.025140075319188,0.09981146913451622,"MSCI World, resident currency",-0.00023195374951945347,-0.0023650065539176923,0.0064522005128087034,0.006733223906605135,-0.0023650065539176923,0.033874338304781926,0.024746475147748113,15,0.00037514380512226886,0.07381280603719542,0.08204126233095743,-0.00531491867575451,0.19556542725944714,-0.028632362393064215
France,2016,0.08740640584620829,0.059941636946521104,0.03505232725809968,0.061242147910348876,6.222910539796983,0.09544990182822222,"MSCI World, resident currency",0.03338229510192936,-0.0050181485954886584,0.03679225501023309,0.036761574086012105,-0.0050181485954886584,0.039870445712390845,-0.0018068293503482231,15,0.0018333486112471764,-0.0712549079496686,-0.07359451773323433,-0.014283553872012966,-0.03920689844424796,0.10174294981107601
France,2017,0.17299141602279566,0.0607477950236992,0.16162509422792198,0.0659696290986731,5.469498874343369,0.06730324621174155,"MSCI World, resident currency",0.025260813721206032,-0.013715247373614181,0.011450623228728363,0.010962893874338686,-0.013715247373614181,-0.01839753678493794,-0.04317278127148571,15,0.010322827506460408,0.02737768669002283,0.021745741840594413,-0.00991627081888169,-0.08349633895292441,-0.023616800991356657
France,2018,-0.09131802501783504,0.03111992877389813,-0.004483256376716892,0.022812356272425838,5.728882096069867,-0.05787307987064749,"MSCI World, resident currency",-0.008749488061015942,-0.02173487842338573,-0.009699988969691264,-0.009765781776345461,-0.02173487842338573,-0.003397263557028296,-0.015316191023420769,14,0.018508150831551218,-0.09193914436013251,-0.09550211483839599,0.0017853235335945072,-0.02039590300112959,0.019086101162117952
France,2019,0.26962926053659086,0.15150360477319147,0.12491162897456178,0.15949383480364765,5.839033291792769,0.28224993116678143,"MSCI World, resident currency",0.06563561494219705,-0.014835138080731336,0.045328530939072964,0.0462839715426675,-0.014835138080731336,0.06075410582091978,-0.00022484972346240424,14,0.011082549228827565,-0.03229406705102733,-0.03229123985254201,-5.033643403207222e-06,0.008126034362323953,0.18318796809973859
France,2020,-0.013102554704891745,0.017939842159839126,0.0737118777435618,0.015837853237262722,5.345587156710943,0.05159011303712324,"MSCI World, resident currency",0.034371487207966345,-0.009681854601154671,0.021451949460715714,0.020584889946041462,-0.009681854601154671,0.011753640549256872,-0.018566399919412727,15,0.004764988527251601,-0.12768023215138746,-0.1196041331534623,-0.00489791713896115,-0.19137624724791757,0.13008014836115045
France,2021,0.29889574846178935,0.15906353122286898,0.16445061625286495,0.16856347354392498,5.15753433285506,0.1263357546456707,"MSCI World, resident currency",-0.068971999416649,-0.02562226050927463,-0.05710688768994776,-0.057446935890225315,-0.02562226050927463,-0.05018654218899987,-0.0183290722325452,15,0.020664159999999997,0.051305006051016955,0.04849130655130085,-0.0646718177027612,-0.0013759008058173983,-0.12021436042969835
France,2022,-0.016638317437753902,-0.08998877167114017,-0.15165318248588877,-0.0847155319082803,5.802495894852126,-0.11758074282764308,"MSCI World, resident currency",-0.20845567185550273,-0.052539546512835766,-0.17978970412538064,-0.1819577454968131,-0.052539546512835766,-0.16835049746323316,-0.03863912341758322,15,0.059057979999999996,0.10620678371281334,0.1362081597836191,-0.04319532740699539,0.2815685112112287,0.07854433432585584
France,2023,0.05424256401728833,0.12118593911634079,0.1653809223892117,0.11728020375675086,5.639591158216808,0.14649636192345228,"MSCI World, resident currency",-0.023125127005063195,-0.02113634467620551,-0.033209165226482984,-0.03312148211933663,-0.02113634467620551,-0.05652366646423801,-0.04522397682300403,15,0.05664155,-0.05599722596434209,-0.05609325271634158,0.017003513512843016,-0.0606071118578716,0.058077768020546205
France,2024,0.039251693401365584,0.1733525020279063,0.17290837618946509,0.16484958425336416,5.6339518901734085,0.15541332030957844,"MSCI World, resident currency",-0.026558417180566285,0.011477724010672041,-0.005937107730180413,-0.005840107905021652,0.011477724010672041,-0.009899572024737235,0.0075464552036584275,15,0.02410199,0.018182414269500846,0.018982702953880493,0.02171369326854866,0.03264200876419476,0.22033925654204278
France,2025,0.03900950144798232,0.16621516572001505,0.1796367370451314,0.1583720244203557,5.405802346402459,0.14049487971551722,"MSCI World, resident currency",-0.004974976156482347,0.008215851142177488,-0.0017038367643249508,-0.0016511144542197265,0.008215851142177488,-0.006499232857597348,0.0032420291538480138,15,0.01595682,0.09708395603363362,0.09374482033278686,0.015139307087717269,0.06828114378294292,0.570840239883857
Germany,1927,-0.11770961394563206,0.22517129175779527,0.28590391399416115,0.20269216805887957,4.184100418410042,0.20028678372276176,"reconstructed, resident currency",-0.0023930363936913723,0.021868918938521276,0.0562470989141679,0.05633935420686398,0.021868918938521276,0.04449576478917927,0.00934041844109977,15,0.04964538966581511,0.2362490669105448,0.22802641515482702,0.06069651650102048,0.19657897641147337,-0.052767521316227306
Germany,1928,0.082375911790596,0.2939521639059819,0.337721828371777,0.2828241444319548,4.201680672268907,0.28025849614309095,"reconstructed, resident currency",0.025374699174118387,0.046321056280962614,0.07768509675440449,0.07451217898213813,0.046321056280962614,0.04241158964044245,0.01266762443419073,15,0.027027026942645138,0.309739088505111,0.29928663012685375,0.05045226040342521,0.263519873631727,-0.03330771423832457
Germany,1929,-0.23225207872909726,-0.0790586971814341,-0.06603575511110013,-0.085494381146487,4.184100418410042,-0.08732339238419407,"reconstructed, resident currency",0.033117892233254675,0.0686389598000543,0.08639633079841436,0.08401149748847159,0.0686389598000543,0.03705570865755492,0.01966511518199831,15,0.013157895175181844,0.21948600568727583,0.2108625838628686,0.03785806464463959,0.1640877119967965,-0.02268535072833866
Germany,1930,-0.24243703981538034,-0.16679521391566376,-0.18289413609165686,-0.16931401831313742,4.201680672268907,-0.1709753902765111,"reconstructed, resident currency",0.11169991892635589,0.09943513625852174,0.1460824671645422,0.1456407052510793,0.09943513625852174,0.11294270969192977,0.0656267151646353,15,-0.038961039297869315,0.17260673865564113,0.17695429978980126,0.10740235214556271,0.20528159625562203,0.08149500285703914
Germany,1931,-0.28375009580827015,-0.29603352676812367,-0.2923430096409292,-0.2956396885854433,4.23728813559322,-0.29704840920827247,"reconstructed, resident currency",-0.046943736015446436,0.18019117630774106,0.11089611843400515,0.11322999392252875,0.18019117630774106,-0.017219880082721573,0.0445741011256,15,-0.08108108105529377,0.3962629592010214,0.38928609828591254,0.15094084355712933,0.3601372467954944,0.1006438711750528
Germany,1932,0.27807972137521575,0.043621442928202026,0.10075071578759678,0.05097096997744521,4.201680672268907,0.04886902803749038,"reconstructed, resident currency",0.3982053993184591,0.1806148759422781,0.32310771134148797,0.29209941960974994,0.1806148759422781,0.12856269417387334,0.010705910268283365,15,-0.11029411752311291,0.1691973375213618,0.1686828776140452,0.16025907588768828,0.15425058681913306,0.11461214569433964
Germany,1933,0.17327864250669145,-0.032704341495422784,0.39694960764008347,-0.024224488140833,2.679528403001072,-0.026176039164551357,"reconstructed, resident currency",0.24037089510900111,0.07720762878048837,0.11729794554753381,0.10549144583270165,0.07720762878048837,-0.10460538876844039,-0.1393753490418272,15,-0.02479338830192568,-0.06672630860366924,0.0018578395898996014,0.030170519994877854,-0.44616526406388757,-0.38465287878997223
Germany,1934,0.11181642142004389,0.020905057711648967,0.010628572132536415,0.024127059274609897,2.488181139586962,0.022078805156060755,"reconstructed, resident currency",0.01954636385189179,0.01957851162937052,0.11920361578012706,0.12544089483091292,0.01957851162937052,0.17894382259048558,0.07453894741805597,15,0.02542372867915077,-0.01684988802642906,-0.0170489636622696,0.008767156750223437,-0.09202936034487941,0.5405941452248373
Germany,1935,0.14140847425976166,0.24763270072481958,0.2770098969448537,0.24329890403769494,2.486325211337643,0.24081230622961947,"reconstructed, resident currency",0.029360435005456154,0.01787560936120358,0.02305782360195785,0.02099820684232312,0.01787560936120358,-0.00902033176296424,-0.012842429798296143,15,0.016528924831336944,0.04121881961917495,0.04058032790154731,-0.0020322077192309607,0.025972676169686126,-0.028080890376499856
Germany,1936,0.2884269582374941,0.2655195077175416,0.2605999411048038,0.2663215706263784,2.4857071836937608,0.2637889274851257,"reconstructed, resident currency",0.06247782691775705,0.024768549102457627,0.061477600605345684,0.059473622151285266,0.024768549102457627,0.03884425652526313,0.003709686292146654,14,0.008130082074432776,0.3058087545766963,0.3039585837077927,0.012372876775614161,0.29796798847593253,-0.008147463772960828
Germany,1937,0.009619247488503957,-0.24244354190573347,-0.24628996050520768,-0.23382673083762606,2.481389578163772,-0.23535907737595085,"reconstructed, resident currency",0.08684475031375016,0.023446399855724387,0.02438328376524379,0.024373328114350556,0.023446399855724387,-0.03425292919664158,-0.03673791949279807,14,0.008064516434209024,-0.044348194283686304,-0.04396801640488224,-0.011132956950033579,-0.05272334318112448,-0.008736915928335476
Germany,1938,-0.034996387764911985,0.019815146947437023,0.05963975805654005,0.017304024807404783,2.450980392156863,0.015269416757790033,"reconstructed, resident currency",0.05815160615203685,0.02192460300425747,0.05297494671972758,0.04667975570656857,0.02192460300425747,-0.00465949331364679,-0.030658237802820017,14,0.007999999345629893,0.10444512463519806,0.10266793890760217,0.047570894586841384,0.08629975809722468,-0.016930538155769836
Germany,1939,0.1336694359779358,0.005886521374347753,0.01159390482437045,0.010734643422625423,2.4937655860349124,0.00871317413578021,"reconstructed, resident currency",0.04571683332324028,0.02500000037252903,-0.04253500218159023,-0.04153330560712232,0.02500000037252903,-0.0689972037269384,-0.003121154365720128,14,0.0,-0.10174505340974915,-0.10177954663124567,0.022205827566040615,-0.10148448105485364,0.00312341814232453
Germany,1940,0.29653391361131654,-0.10321831923760172,-0.10527061757313974,-0.08697552399829556,2.5012506253126565,-0.088801572950299,"reconstructed, resident currency",0.044512388967683725,-0.009252308628449057,0.06656082200556313,0.06047386339535166,-0.009252308628449057,0.01165356706395948,-0.05923546334644808,14,0.03174603225766992,-0.018219323171411617,-0.01824222550351995,0.0059249679692383594,-0.02397934192838802,-0.034713735585644945
Germany,1941,0.05052257758418488,0.028716168102320694,-0.06328222076995915,0.029827004847219785,2.4893917963224896,0.02776735083752535,"reconstructed, resident currency",0.04489314408446554,-0.0012481203187258982,0.05850661942466151,0.05922375521494616,-0.0012481203187258982,0.0715889421401712,0.01152698900920349,14,0.023076923316147635,-0.026223506646088857,-0.023182265911004696,-0.07583315048804296,-0.07961587962758077,-0.07323607656234665
Germany,1942,0.10923911174127587,0.126230379410887,0.036749885187481526,0.12527298623366723,2.4893917963224896,0.1230224402611999,"reconstructed, resident currency",0.03014667171978469,-0.008518979262061466,0.022582706075831238,0.02344118131144124,-0.008518979262061466,0.03076674336895091,-0.0008630589907511644,15,0.030075188375392248,0.0013861663228953436,0.0017280394104999264,-0.07087970183543024,0.010160712251499948,-0.017184220060135313
Germany,1943,0.03515437735646865,0.16335156367160053,0.10903782394338912,0.15563979540946682,2.4893917963224896,0.15332851581864793,"reconstructed, resident currency",0.0568297799861095,0.013899274908975023,0.03261297355549986,0.03268853179764575,0.013899274908975023,0.03376592958127689,0.0150730881897013,15,0.007299269741511072,0.23494614723692941,0.23986567727547703,-0.019568422192413393,0.2582602511343399,0.016594961846517764
Germany,1951,1.0226793929293057,0.12120557263681375,0.12499482490112554,0.13120815450328216,4.199999999,0.12894573819427557,"reconstructed, resident currency",-0.03772433824448729,-0.015169670550810754,-0.03233751090357584,-0.029050140270013958,-0.015169670550810754,-0.052960605886688494,-0.039094013770554284,15,0.0765306130570873,-0.038538326233325315,-0.03871015211015694,-0.044855439335450886,-0.06502450867749121,-0.056575543312991416
Germany,1952,0.1924849548723251,0.12876134199311196,0.08320343154341202,0.13006659389971764,4.199999999,0.12780646071191826,"reconstructed, resident currency",0.04074527775939085,0.0291512758663115,0.05309380995103696,0.054907643779816384,0.0291512758663115,0.09363182632512612,0.06934621834556323,15,0.021327015170155894,-0.01447186607708717,-0.01405870541836951,0.003226921042449371,-0.037870467595754076,-0.011101156834484316
Germany,1953,0.2755753251332773,0.10336396738157916,0.06186128445571753,0.10608908841472986,4.199999999,0.10387691023790047,"reconstructed, resident currency",0.03414422022860819,0.05538958626134005,0.08234523236128521,0.08275461407746287,0.05538958626134005,0.09446763451237783,0.06764135900076731,15,-0.018561475048005205,-0.021981567328338447,-0.020688133795402353,0.006703548557218442,-0.04223933141456593,0.01598571497235035
Germany,1954,0.888160323723789,0.46638675296309495,0.45497832512397307,0.47410937959279353,4.199799999,0.47116116083360793,"reconstructed, resident currency",0.06876160816373234,0.02647333729296819,0.04659821050499002,0.04697253684192737,0.02647333729296819,0.05636150442773413,0.036443182036666334,15,0.002364077033739198,0.5156731091202831,0.5123390295389156,0.018564239040369523,0.5057942517779648,0.001471542204266374
Germany,1955,0.09237617874715709,0.25664953371818644,0.26194882470120817,0.2527480310121488,4.215199999,0.2502425349501245,"reconstructed, resident currency",0.08454164146033016,0.014550370035963711,-0.010372866096328814,-0.010522309008544672,0.014550370035963711,0.002823165846024489,0.028583052802204672,15,0.016509412745893126,0.4176272297199366,0.4103160718648242,0.011922977581826144,0.3924976958407551,-0.02226258477011167
Germany,1956,-0.0725536403214061,0.019880673214299316,0.028188418231365902,0.017611425150535265,4.198599999,0.015576202300234154,"reconstructed, resident currency",-0.08016130772846686,0.020943416899289025,-0.011130725441186762,-0.011295917531800037,0.020943416899289025,-0.03994158783222845,-0.00858594052700273,15,0.025522062300496584,-0.0024267545912283195,-0.0014489848137723138,-0.012271588679896195,-0.04878821137258915,-0.04590320879645704
Germany,1957,0.05569782218967312,-0.08494454213907188,-0.09396165967183968,-0.08162800985096752,4.201699999,-0.08346475383126561,"reconstructed, resident currency",-0.022943876226930948,0.01810165181542689,-0.0060617291229665415,-0.006027093285036256,0.01810165181542689,-0.017341958718566697,0.006910744704253102,15,0.021116111472426757,-0.1407323452109388,-0.13857339838054172,-0.011143687996010843,-0.15432060970988926,-0.02029349728361096
Germany,1958,0.5781710240619073,0.28798545125750175,0.2860904375600252,0.29612544593007417,4.177499999,0.29353319503821407,"reconstructed, resident currency",0.10401632636877833,0.009732815385447458,0.05853053837107991,0.059425280027662675,0.009732815385447458,0.06872831819168312,0.01975305854192316,15,0.020864117840537322,0.07039543491453282,0.07017727259600637,0.006882515564111014,0.06791683777340873,-0.02029952669803059
Germany,1959,0.8020193050411388,0.2019391082755062,0.20373885563710925,0.22170123913533923,4.169999999,0.21925783665706855,"reconstructed, resident currency",0.08119820134634681,0.017116146891777095,0.031386936347481686,0.031987754738911356,0.017116146891777095,0.037700833119838295,0.023212061288936745,15,0.009766684780961654,0.20223518670211194,0.20044756062544922,0.010506777644549326,0.19175096922152512,-0.02079948299700174
Germany,1960,0.35895958363445013,0.009349012763382847,0.0032420656171942078,0.025992733103430865,4.170999999,0.02394074763722398,"reconstructed, resident currency",0.0055958973770340315,0.03032264461455858,0.02831489242774965,0.028725263911129284,0.03032264461455858,0.03189191021962445,0.03401520819024149,15,0.014866561146005042,0.023499169408432552,0.02314552681836446,0.012803101551821738,0.006392701350611096,-0.019048284997268072
Germany,1961,-0.09035313253710531,0.14630445934619973,0.1991068020533533,0.13168771172215665,3.996499999,0.12942433629871242,"reconstructed, resident currency",0.07540316185789941,0.006406754803908843,-0.006747883213914285,-0.00714313518439369,0.006406754803908843,-0.028605286638664795,-0.015698977202269225,15,0.022767379914976127,-0.007215153360239257,-0.00795425706120656,0.023604783271376606,-0.04390623771765512,-0.062340459201224885
Germany,1962,-0.23728492096012566,-0.1006639390654116,-0.09260713438727917,-0.10738002106249955,3.997999999,-0.1091652610203746,"reconstructed, resident currency",0.02582256957515483,-0.002136390338599914,0.06172962425568507,0.06292427647754506,-0.002136390338599914,0.07128284846982003,0.006611891880130353,15,0.02881795734506487,-0.16566516944106346,-0.16618738355639595,0.01825126995188109,-0.162419760283815,-0.03218525522172566
Germany,1963,0.08801011213864895,0.1396884422971192,0.15254228603066008,0.1376018041850886,3.975199999,0.13532660057671841,"reconstructed, resident currency",0.02419472740703177,0.00010124052216453627,0.008010405083196614,0.008558984243185686,0.00010124052216453627,0.014172944318973979,0.006231395385898105,15,0.029855737754868716,0.04931456382497146,0.04895422174591979,0.01837742808505438,0.0445550297120485,-0.04259969841987543
Germany,1964,0.07000785626537365,0.0685190063216432,0.0709520283555139,0.06857662548404098,3.976999999,0.06643947223307278,"reconstructed, resident currency",0.04480323892766869,0.009211203035094373,-0.009770601086633746,-0.009565642857379042,0.009211203035094373,0.0012923177437580424,0.020881172580209176,15,0.023452769513275573,0.2437665719518305,0.24593297362483524,0.027000180476569158,0.25360372885684224,-0.024391327374817418
Germany,1965,-0.14648364270916037,0.0699404254488809,0.06947769552975543,0.061748607099539665,4.005599999,0.059625109885340644,"reconstructed, resident currency",-0.029586625674213662,0.00846235406874496,-0.0002306608096468432,1.0236150507880737e-05,0.00846235406874496,0.010027674782240092,0.019098302641365836,15,0.032304275290237605,0.1172138185106204,0.11934543977903678,0.03155536016230376,0.13259862538595413,-0.023656969091602864
Germany,1966,-0.16653033066139022,-0.09841593529551107,-0.09012286191152839,-0.10051469307152161,3.977299999,-0.10231366368537853,"reconstructed, resident currency",-0.03402210256239302,0.016563654084961854,-0.002973951090408322,-0.0032992922354576626,0.016563654084961854,-0.015114669958423366,0.0043413956600195204,15,0.03622630593032938,0.0677795639683203,0.0660762393482488,0.010884962315295343,0.047869844656594385,-0.05735713344825055
Germany,1967,0.3573491367337007,0.1731710163593554,0.17990686015866508,0.1786731941960018,3.998999999,0.1763158478076099,"reconstructed, resident currency",0.14057095313549373,0.01713800296762935,0.014964595066784936,0.015015473884060437,0.01713800296762935,-0.004269934351418425,-0.0028125853551083323,15,0.016066646547020502,0.08197003367183253,0.08408973220201355,0.01912916025527034,0.1026388195877832,-0.01695368824458854
Germany,1968,0.14133235002571864,0.19121208619868701,0.16230058704658173,0.18955647793043795,3.999499999,0.18717736497457715,"reconstructed, resident currency",0.07178344409025339,0.009523401477297355,0.02116344723108554,0.022499714083323408,0.009523401477297355,0.04405018419551743,0.032439780344446854,15,0.016251826324959362,-0.040469517186845216,-0.04042419305091405,0.011003722479790534,-0.014169937939779942,0.16885331063365516
Germany,1969,0.1695511699977006,-0.1519269703810613,-0.10725196478841588,-0.1412991282551318,3.689899999,-0.14301652999862158,"reconstructed, resident currency",-0.009153465319024279,0.02880127956595535,-0.031057337090765524,-0.031273036856007685,0.02880127956595535,-0.09484328120484764,-0.038789013344945,15,0.018729291495549694,0.20101680362717533,0.1868360243725824,0.01323387456286551,0.1294602444561126,-0.24727452805219852
Germany,1970,-0.2412650960236442,-0.03543229094651079,-0.046683190025217425,-0.04380714297038757,3.647999999,-0.08413566235018055,"MSCI World, resident currency",0.01969353209194069,0.05037318272717961,0.03114838468762282,0.02994367808602627,0.05037318272717961,0.003431539219869162,0.02228642096722043,15,0.034365707647773025,-0.009396855100194501,-0.009706099344608865,0.020938455464238448,-0.025569601604988,0.013933427950190591
Germany,1971,0.018977747445458437,0.026770990380337922,0.1035978274008072,0.026515426238001627,3.268499999,0.041843472947734606,"MSCI World, resident currency",0.03137974787213138,0.008803656565135931,0.0547250339504608,0.05009522854623394,0.008803656565135931,0.007166187689939152,-0.03611168949196729,15,0.05236533642603902,-0.11634986418185256,-0.10927617525238098,0.017643971771362565,-0.20900252393544028,-0.0010309246583966036
Germany,1972,0.10365842199057518,0.16120393920355203,0.20118492287565404,0.15942192312250314,3.201499999,0.1560506005883624,"MSCI World, resident currency",-0.013521602691838663,-0.011314653180169998,0.006816669586636959,0.007387940366795354,-0.011314653180169998,0.004013182349965394,-0.014746474307655744,15,0.054956465344183414,0.09819280845469658,0.09531382396111399,0.01154035341542925,0.07735983335260266,0.3738166222837911
Germany,1973,-0.20673655069771812,-0.25835073221455773,-0.1548151261311698,-0.2569006241243894,2.702999999,-0.35848163501431307,"MSCI World, resident currency",-0.034619364501108585,0.0297950565495948,-0.04262274267666344,-0.042375959792758544,0.0297950565495948,-0.14543084360273928,-0.08012412918908703,15,0.06995075494626568,0.5230363239720361,0.418611214383551,-0.005739170208360234,0.23297173327075593,0.3258739800187449
Germany,1974,-0.04246422398343275,-0.3796758273101267,-0.34613537242163306,-0.36973691934596753,2.409499999,-0.3724342678340008,"MSCI World, resident currency",0.011871439260889627,0.01778524160187467,-0.05865342449074573,-0.058286004503307454,0.01778524160187467,-0.1008479007573394,-0.028698174377324366,15,0.0696362624018183,0.277371402790493,0.24031801882797033,-0.018682411153460032,0.13941430754042194,0.36576667860556933
Germany,1975,0.23802362177072056,0.36390523629409843,0.2215761427559661,0.3589942198886096,2.622299999,0.4184064061017645,"MSCI World, resident currency",0.07131069934407375,-0.014498360549040523,0.0223723625177914,0.025999704928057588,-0.014498360549040523,0.06391428090723794,0.026260470888412376,15,0.05939955491618387,-0.13582991796876553,-0.1413441143980434,-0.002214119066057396,-0.019008573593910172,-0.2160977007462983
Germany,1976,-0.06247991705486455,-0.017827117137670156,0.06962760483325907,-0.019470443795647996,2.362499999,0.00847366006952699,"MSCI World, resident currency",0.06566612159487839,-0.003946419897652209,-0.012244354772797617,-0.015980675727576332,-0.003946419897652209,-0.08032861325105678,-0.07359669543437572,15,0.04296597996139884,0.13073460535426062,0.11559564576883585,0.0049242743921680265,0.042349092290433266,-0.16911183099593896
Germany,1977,0.08447870324312223,-0.085986938936224,-0.06759332873826525,-0.08075476777992507,2.104999999,-0.10065097735678419,"MSCI World, resident currency",0.09520364107538448,0.004319775392470415,0.02161476341161861,0.024876100650962796,0.004319775392470415,-0.02631048840574912,-0.05201322825338927,15,0.03691078010176341,0.25968288616259927,0.2292753426883809,-0.011551278487003214,0.13424713618020268,0.04755905634472812
Germany,1978,0.08990942600478768,-0.01672070149501237,0.026521031062904824,-0.013007620514374207,1.827999999,-0.006421973500338685,"MSCI World, resident currency",0.010297765385190782,0.006561704155344739,0.010669576300334827,0.00888054140994754,0.006561704155344739,0.008459071565467102,0.006442447176914416,15,0.026862033926962292,0.28291465076983235,0.24739124947695013,-0.010424790546951224,0.14802450702475678,0.13966900382893344
Germany,1979,-0.12954253219412548,0.025627456574305763,0.06372015251970799,0.01989859848941511,1.731499999,0.02340451589388981,"MSCI World, resident currency",-0.03463517589099696,0.0168660071773421,-0.06540069111717328,-0.06480638638804137,0.0168660071773421,-0.07983194684454664,0.0015561016067582683,15,0.0411597915708215,0.4054761396428972,0.38699894889058983,-0.02032579690849734,0.3487022073258166,0.9844443732452002
Germany,1980,-0.019387753343958924,0.37762797836378414,0.12274136102569058,0.3654475838486726,1.959,0.37154970322292447,"MSCI World, resident currency",-0.0219874401046376,0.03453447554211819,-0.017585324270961267,-0.011634079950806675,0.03453447554211819,0.08185133937495626,0.1398651377947979,15,0.05420362809988233,0.2097234683904574,0.2529494685741047,0.000695567814542164,0.3964643983758718,0.21858734391501033
Germany,1981,-0.033175419328673184,0.060660729437086225,-0.05739219971479306,0.05829506038367693,2.254799999,0.050201374297388135,"MSCI World, resident currency",-0.011785429826099314,0.046442501886061915,-0.003327933662236049,-0.005047158760740356,0.046442501886061915,-0.004257792853297415,0.047408226443513383,15,0.06325001153455467,0.07945321252569171,0.11825889798638056,0.06875376114405274,0.3061284282345622,-0.2697485930330562
Germany,1982,0.09068003946423064,0.10113644681429523,0.08193237209855446,0.10086043238948661,2.376499999,0.13187338743515808,"MSCI World, resident currency",0.1263741874962867,0.03229059384695354,0.1183723829250205,0.10754951610861574,0.03229059384695354,0.04068592697540452,-0.04190806752216521,15,0.05266870024658199,0.15848711693733275,0.1884769520268672,0.08419578734237465,0.29181382129307054,0.17068858812235765
Germany,1983,0.34909729364161524,0.367773021234197,0.20810773291207602,0.36726257318598443,2.723799999,0.3745705538664399,"MSCI World, resident currency",0.015788509083393132,0.020207953600125395,0.06730443320261492,0.07330972685449799,0.020207953600125395,0.1226466182001229,0.07401971272692486,15,0.03276003497611435,0.0806611281235936,0.10908286681788248,0.04999397713684739,0.2870337080337084,-0.07057366191423808
Germany,1984,0.08379494979430113,0.20504044943228839,0.08477228660014177,0.20142141052903217,3.148,0.16933393621876291,"MSCI World, resident currency",0.10529976246359252,0.03063336748661971,0.06003242580486323,0.068455612275236,0.03063336748661971,0.1229751807274464,0.09196021017826482,15,0.02407901118393796,0.03438470569375229,0.05625584612142642,0.06256920408590982,0.25362410917481815,-0.09273803433207328
Germany,1985,0.6309220512996778,0.08490683349435257,0.236027030597613,0.10239460302674308,2.4613,0.08046621444598578,"MSCI World, resident currency",0.07904849845838147,0.029463700343521415,0.09664641958953957,0.09259344656164137,0.029463700343521415,0.0589105349434933,-0.008295041233063705,15,0.021823303523831994,0.2621787333524126,0.2010836690138511,0.041566294338919674,0.010673223903013396,-0.19495488247416404
Germany,1986,0.15179298896617355,0.08791064472016807,0.24997033249249545,0.09063375813054009,1.9408,0.12413892242572322,"MSCI World, resident currency",0.08756447869777695,0.04703891436672469,0.10712191355286094,0.09561537178060675,0.04703891436672469,0.038650431758834536,-0.01584240384090869,15,-0.0012501119582181142,0.22577589480833993,0.1780614632277442,0.05503815580608573,-0.0077731615733103165,-0.05937477483943754
Germany,1987,-0.33669318007517113,0.05644914386592692,0.10362130027989698,0.041378100864882805,1.5815,-0.058833261725990016,"MSCI World, resident currency",0.06556926042042432,0.03471609253357255,0.024618819077984355,0.02721840255885133,0.03471609253357255,0.04269497424551516,0.05202399830509793,15,0.002419899241152823,0.16538863201014298,0.13376417960914466,0.0219249880214456,-0.03217633731601144,-0.0003831023509532905
Germany,1988,0.2629062930626125,0.28211182371920174,0.13673624733839743,0.2816217452289531,1.7803,0.3797489326445671,"MSCI World, resident currency",0.03630145373814786,0.02700979288226346,0.05599543528093642,0.06789574285185718,0.02700979288226346,0.16591364836261113,0.13536547463636356,15,0.012736203298781001,0.10643548149128912,0.12889840393074548,0.030389429819428715,0.27847499006239795,-0.06897195941649448
Germany,1989,0.2792789212212887,0.10919889213788347,0.21860129158685326,0.11387851773885393,1.6978,0.07662864961496263,"MSCI World, resident currency",-0.011363727718116667,0.03707755286452441,-0.01239643556101444,-0.012785648768838254,0.03707755286452441,-0.030252618873385928,0.0183755974115144,15,0.027782345039029765,0.04363282640319177,0.04127403795894269,0.04313487985098852,0.01660603634543989,-0.10437193855026217
Germany,1990,-0.0942129487005261,-0.17678427299438992,-0.1298049383060919,-0.17426267315159116,1.494,-0.3035914895638989,"MSCI World, resident currency",-0.012559999575334824,0.05089299665668334,0.02062195308561221,0.021347691647081835,0.05089299665668334,0.027888020902588018,0.058887267944790884,15,0.026964692401965307,0.07139020245883376,0.06000959638972159,0.019629465469601426,-0.06536032749727338,-0.18342175822423623
Germany,1991,0.08895859977767606,0.08447442659495108,0.05123418363972062,0.08461416313332304,1.516,0.1838607449854448,"MSCI World, resident currency",0.07270140440318107,0.050212113751857856,0.1236368089414921,0.12647949463533026,0.050212113751857856,0.1373627576981289,0.06251278557793476,15,0.0363620687590307,0.04070611939394375,0.04041228509958961,0.0295655869605842,0.035290105775686476,-0.10255530246320876
Germany,1992,-0.06800778001306751,0.01614968750745782,0.010216020281312951,0.01344077545977207,1.614,-0.03539309758969311,"MSCI World, resident currency",0.07948797277110553,0.04148273836795591,0.08211396267535842,0.07594365537260472,0.04148273836795591,0.03441739528739052,-0.003413380011029014,15,0.05057910005715471,0.008268553243456545,0.008271364224786248,0.008383806062487231,0.013894184740022242,-0.05297878033303571
Germany,1993,0.40445591080623444,0.20372461761331362,0.13893825760221748,0.2096639509927074,1.7263,0.25957994960190156,"MSCI World, resident currency",0.09768941882056725,0.029021528281252262,0.19843100975319072,0.194274338956949,0.029021528281252262,0.18861464683962126,0.022095460170809395,15,0.044574844224746,0.2032399894215431,0.20824576654700633,0.004321478172269577,0.2327876841808001,0.19674845131636065
Germany,1994,-0.0953601344347641,-0.08685321958849224,-0.018709552983662107,-0.08714738216346651,1.5488,-0.09049137464895818,"MSCI World, resident currency",-0.05107777873941388,0.025439755093099814,-0.11189998332651063,-0.11189650060097944,0.025439755093099814,-0.11355177115370896,0.02403346739068303,15,0.02733485355169596,0.02533751546625762,0.021013008219099794,0.016542435122898214,-0.09379873620473245,-0.15328238450804887
Germany,1995,0.050589170081344115,0.11315501839723652,0.19473523495941936,0.11097207669756948,1.4335,0.09326601733417705,"MSCI World, resident currency",0.1458415457348996,0.026145260972956885,0.18110260740579975,0.1795827170047437,0.026145260972956885,0.17047076274579598,0.016918323623242162,15,0.01840357432440909,0.2007122921817679,0.18623722846850677,0.033488873052366586,0.12552947184982677,-0.08704126781847532
Germany,1996,0.20351312274614797,0.2852655901611709,0.1972575890571287,0.28277316731280266,1.5548,0.20439392287942293,"MSCI World, resident currency",0.0596952578417298,0.017590587263373036,0.1051569429809347,0.11119402305225612,0.017590587263373036,0.15243379648268096,0.06175699008144744,15,0.014877703427147226,0.17546046782135716,0.1958340143111763,0.020154971252071885,0.2929408630653427,0.008590495263542497
Germany,1997,0.38719265915514,0.3678826219769096,0.22287955995695052,0.3685165768819558,1.7921,0.3203531608414716,"MSCI World, resident currency",0.04967654231602592,0.01640434501253485,0.10446630773375132,0.10812415232262196,0.01640434501253485,0.13325752348836084,0.04290064671933702,15,0.015186530207989435,0.21089823777429695,0.25757218391434633,0.038183713171633826,0.4346477965660802,-0.10719248478259924
Germany,1998,0.1486318146685277,0.12924424930632328,0.18222770949387257,0.129998027417759,1.673,0.151203453938473,"MSCI World, resident currency",0.10593485066921926,0.02812172474644936,0.13904856698596424,0.13501191930059253,0.02812172474644936,0.10771180177602924,-0.0002677250063881494,15,0.005853658536585371,0.2628688358635418,0.24860871719902522,0.0384762766424287,0.19991639467827427,-0.08552859383271727
Germany,1999,0.30787470210379486,0.41885109954914546,0.22309448487696454,0.4143150530226649,1.9468743778618356,0.43629555214177995,"MSCI World, resident currency",-0.02606386872213018,0.02039202253705663,-0.060225219448677536,-0.06264728607938097,0.02039202253705663,0.012973277834265495,0.09880103107037339,15,0.00678952473326877,0.022159918525002542,0.030972816232844647,0.025016298269186832,0.21209538816032314,0.15484681079785245
Germany,2000,-0.11158654989997896,-0.003783425792256323,-0.05014011799397218,-0.00923156437001238,2.101912950026867,-0.07593580414095391,"MSCI World, resident currency",0.0537716969842017,0.026718249021963958,0.07440844795504842,0.07482440134773394,0.026718249021963958,0.0735949157871707,0.025715626448548138,15,0.014026974951830473,0.024342748587910634,0.030525278607680173,0.02935847551351123,0.130525403637322,0.002301103505428559
Germany,2001,-0.19444481761070354,-0.130732745781031,-0.15960446958680607,-0.13388239692217363,2.2192556450697833,-0.1276424140169059,"MSCI World, resident currency",0.03654509716410015,0.024267590507957237,0.030777918630424228,0.030576762686729486,0.024267590507957237,0.02541715137729672,0.019267592609458206,15,0.019001292087861943,0.12083423110275904,0.13068434809877338,0.024736810195639336,0.19494987333834124,0.052425201444118885
Germany,2002,-0.40713960594113485,-0.31059589981150537,-0.22151911196775248,-0.3153567717237046,1.865004291026986,-0.3412925787630534,"MSCI World, resident currency",0.07614490620384884,0.019472938273423113,0.09941484885104956,0.0969592699482742,0.019472938273423113,0.07796407544059547,0.0003816057138733046,15,0.013052882822406131,0.07834480773420194,0.06609345435993053,-0.00596150761007852,-0.11403207758313771,0.028339468703369786
Germany,2003,0.3608835096556511,0.035228459668187107,0.16905208672520983,0.0464609464130219,1.5485589865399843,0.0958031347817323,"MSCI World, resident currency",0.029614156915777734,0.012113962825355928,0.028184669869465218,0.026999865859628658,0.012113962825355928,-0.0007513717385678742,-0.015844011461384856,15,0.010933588573111441,0.1959468116689278,0.16089066236077731,-0.006956332666097742,-0.014336628777429805,-0.016981545928770547
Germany,2004,0.06600572292142703,0.07039330038399405,0.12418884801904324,0.07023413029982772,1.4358931062330225,0.038946548978223916,"MSCI World, resident currency",0.048657903885293674,0.002928430793927461,0.06693719658202246,0.06684366399860431,0.002928430793927461,0.06126843915209523,-0.0026304405619962537,15,0.017503611181918677,0.15794639893380036,0.14431025454807056,-0.017486342515833142,0.061678813664035825,-0.05604607402791295
Germany,2005,0.25775537040806706,0.21881982423045465,0.09937224055099118,0.22009493995953688,1.657904552004747,0.24083495504887242,"MSCI World, resident currency",0.02111875308778588,0.001579346112063451,0.04860830525829507,0.05000061824190527,0.001579346112063451,0.07011740662783605,0.022670049019933428,15,0.019290187891440436,0.05175999877212134,0.06562845347486701,-0.0006986459582450921,0.22895192965496514,0.3293324299775391
Germany,2006,0.2191132495992214,0.07421187716068345,0.15344944980382674,0.0792852612302819,1.485064540622627,0.0640315404282028,"MSCI World, resident currency",-0.014894352853628057,0.010325638547078464,-0.025333586635688077,-0.025355083727835237,0.010325638547078464,-0.03938761631342069,-0.003912911254677972,15,0.017848364972730124,0.15390409571165242,0.13829724353137873,0.024767261591463807,0.0633856867370135,0.08740373759206421
Germany,2007,0.1772788552452076,-0.04658270042586943,0.03609582706444546,-0.0381489729605734,1.3285986006385428,-0.05796790713510458,"MSCI World, resident currency",0.002194021901757326,0.015346618714455307,-0.012960343263711871,-0.013865767552484809,0.015346618714455307,-0.0325476064460809,-0.003916306118201122,15,0.022893741304172766,0.19577735406257868,0.17294958890514778,0.011644528236934182,0.07158523284779217,0.1351504102474177
Germany,2008,-0.44112828933697046,-0.3574559340085396,-0.39272462889189497,-0.36106151250190144,1.4053531651936473,-0.3660764812208951,"MSCI World, resident currency",0.07201194761178287,0.010445406471482954,0.11283231128531535,0.10697828915648078,0.010445406471482954,0.09202948057183313,-0.006364313695165073,15,0.02745115672564591,0.2858570424478002,0.3170878828216299,0.03138761247384991,0.40314171996332315,0.11100055597036995
Germany,2009,0.2509605048623287,0.22797647110877928,0.23782824857192425,0.2289357258707323,1.3576495904484234,0.2141599705259738,"MSCI World, resident currency",0.0466705868221402,0.003787299837169966,-0.0019450829156729688,-0.003028677083503406,0.003787299837169966,0.030734449792312102,0.03851942663696947,15,0.002461706783369877,-0.0582208118593156,-0.052872391572697075,-0.019834602641820354,-0.11686275517106304,0.1632226383555515
Germany,2010,0.17147001884656543,0.19442680139213597,0.09347239582781354,0.1935839968734716,1.4637254901960783,0.19413058198230382,"MSCI World, resident currency",0.02856068285378144,-0.007272219518890566,0.02667463708898299,0.030676092958161982,-0.007272219518890566,0.0978189622408594,0.06090248907368308,15,0.011186903137789805,0.0030992064260282337,0.004274335681051733,-0.011732246102603261,0.08226880871900644,0.37533327208860534
Germany,2011,-0.16879401627875057,-0.009326365634990452,-0.043667722132596454,-0.015507581921073044,1.5115774016539145,-0.04736839010704985,"MSCI World, resident currency",0.05667724720878686,-0.01632761170919894,0.06218611823585851,0.06453422042235935,-0.01632761170919894,0.08231639140622704,0.001770443402542162,15,0.024824608742579635,0.06493271800788603,0.06744422590170496,-0.025979726392153846,0.09607393770242711,0.09422084460855418
Germany,2012,0.26541360675937087,0.09758692283368608,0.12295397892542484,0.10381798413032817,1.482363195391845,0.12621047672408858,"MSCI World, resident currency",0.02436988082660907,-0.018556968525890838,0.10053987465826353,0.10092362356860374,-0.018556968525890838,0.10247399732298801,-0.01676364964603693,15,0.02150605581885201,-0.07119904025955237,-0.07049802099605629,-0.014131120381582707,-0.08533445804376816,0.03883918122662511
Germany,2013,0.24752368750090925,0.21809230585545936,0.2985651690573333,0.21925264305339942,1.4181930244362266,0.18961181255306214,"MSCI World, resident currency",-0.020509613148110617,-0.014851692323184396,-0.038488732036650486,-0.03735364801839969,-0.014851692323184396,-0.0736813882531897,-0.05168297149145305,15,0.015980699439128943,0.04482912728889077,0.042218113831203,-0.01307117198017016,0.00025689224281633116,-0.31864461951793266
Germany,2014,0.023074864370285164,0.22209234577244996,0.1078642380947788,0.2145686656383261,1.6109299069269414,0.18560754258282497,"MSCI World, resident currency",0.06282832827392792,-0.006674146350783339,0.17174751342069028,0.1745276681070531,-0.006674146350783339,0.18680969592741037,0.005682103493062514,15,0.007692151569888894,0.16926775530121763,0.1966121513081851,-0.006284064445272408,0.34088277084603735,0.13574000184988488
Germany,2015,0.1057812102468767,0.13038487538344956,0.03792833109981779,0.12949232701148672,1.7964820428033434,0.09279568711958674,"MSCI World, resident currency",-0.0016572431557086986,-0.007819429893725638,0.000949570383611098,0.001218636124178163,-0.007819429893725638,0.027279174322645927,0.01820953850726952,15,0.006797583081570968,0.06794189165436859,0.07605169247951471,-0.00531491867575451,0.18793882337538403,-0.03482879132026051
Germany,2016,0.052850822490738913,0.05947400022355054,0.03690726212093266,0.05921472624288526,1.8554501470448723,0.0933571288725299,"MSCI World, resident currency",0.03675606919756036,-0.0063640665171897925,0.03538977990465253,0.035335512563658966,-0.0063640665171897925,0.037883853041581705,-0.003713800786108101,15,0.0037509377344335793,-0.07251122700947654,-0.07480855311749468,-0.014283553872012966,-0.04104241991866309,0.09963815447023805
Germany,2017,0.14422222770181792,0.055495337800559374,0.16285987271576685,0.0588562971194988,1.6308096389560587,0.060181014859640225,"MSCI World, resident currency",-0.005629326716695804,-0.02005792126740291,0.004946110768482281,0.00445541005825012,-0.02005792126740291,-0.024947877434256416,-0.04955779400330329,15,0.01711011459890388,0.02077074927658562,0.015163745625564218,-0.00991627081888169,-0.08961226817191048,-0.030132312919505244
Germany,2018,-0.18428413652853093,0.04137747347819731,0.0059910573837351835,0.021967612782221924,1.7081484716157205,-0.05865118504100908,"MSCI World, resident currency",0.0058602982069040355,-0.022142575181177016,-0.010112701326324247,-0.010184035659761892,-0.022142575181177016,-0.004220360451357874,-0.016129444043333236,14,0.01935003478107533,-0.09231758314789695,-0.09585910810114662,0.0017853235335945072,-0.02120496067318689,0.01824443519608332
Germany,2019,0.2113073768045961,0.15160943397622417,0.12757378574516032,0.15669049414251868,1.7409916325440622,0.2791497996595034,"MSCI World, resident currency",0.04440027656198797,-0.01686772542437165,0.04317181420661287,0.044103058172215936,-0.01686772542437165,0.058189490963083124,-0.0026420340556509913,14,0.013532996289959742,-0.03429063321747161,-0.03428783685148307,-5.033643403207222e-06,0.005688659864210077,0.18032734147010743
Germany,2020,0.07191526378435054,0.011817131870084596,0.06745639784394981,0.016898090353027362,1.5938635808002606,0.052687665038025466,"MSCI World, resident currency",0.02825774140798898,-0.00793988586761396,0.02324868252780332,0.022359108278891204,-0.00793988586761396,0.01280961494349886,-0.01754207076476672,15,0.0037174016121384046,-0.1261458224586015,-0.11798218126236903,-0.00489791713896115,-0.1905322809469725,0.1312596209642467
Germany,2021,0.11589553718470058,0.15562949755803968,0.17879141722080494,0.15239795308257165,1.537792930668918,0.11383044901759098,"MSCI World, resident currency",-0.06444867843508084,-0.03644043029503463,-0.06757549484852798,-0.06791176761447759,-0.03644043029503463,-0.06073198348445652,-0.029228215696027383,15,0.03212346,0.03963274016158502,0.03685028016753544,-0.0646718177027612,-0.012463269307155356,-0.12998230774438102
Germany,2022,-0.10014536502938365,-0.10009382823713875,-0.1474895912700813,-0.09884367656371873,1.7300974829186422,-0.13999332005661103,"MSCI World, resident currency",-0.21984702349940444,-0.07660410586211841,-0.20062223520498523,-0.2027352104677872,-0.07660410586211841,-0.18947357308917367,-0.06305673977871744,15,0.08665801999999999,0.07811022443030313,0.10734959519275145,-0.04319532740699539,0.2490179373221495,0.05115037392498656
Germany,2023,0.05381538627897742,0.1106308099094282,0.16784913601215756,0.10603325480254444,1.6815250961534343,0.1425384964732188,"MSCI World, resident currency",-0.034310301597590076,-0.0245155186278746,-0.03654666211668922,-0.03645928170386614,-0.0245155186278746,-0.05978067844232182,-0.04851999690675178,15,0.06030186,-0.059256055288503195,-0.05935175054275299,0.017003513512843016,-0.06385002721255728,0.05442513589646092
Germany,2024,0.2548918940431517,0.15356793214358277,0.1563249833734119,0.16189898378768497,1.679843667398604,0.15496678514669804,"MSCI World, resident currency",-0.017495625056259012,0.01108681595872052,-0.00632128543326782,-0.006224323095847972,0.01108681595872052,-0.010282218345411098,0.0071570664779307515,15,0.02449793,0.017788915040951148,0.018588894435978,0.02171369326854866,0.0322429213039106,0.2198676293077786
Germany,2025,0.10676530576921217,0.1478195773919555,0.17655865469506066,0.14445029267978016,1.6118176043802148,0.1357201472965377,"MSCI World, resident currency",-0.025701750628372988,0.003994910745690472,-0.005883247947243597,-0.0058307463614287736,0.003994910745690472,-0.010658567901994154,-0.0009580881161905067,15,0.02022805,0.09249096537284007,0.08916580911176619,0.015139307087717269,0.06380873737365067,0.5642638475196216
Italy,1927,0.44736776742013107,0.04614139301733844,0.2594431858807037,0.04614139301733844,19.395,0.04404911023130387,"reconstructed, resident currency",0.04437871098382962,0.1782159306950355,0.21785400810880273,0.19539265501348013,0.1782159306950355,-0.09146306644630287,-0.12204234847484136,15,-0.08573634517667272,0.4253964651884168,0.3456838672299609,0.06069651650102048,0.040823936900432845,-0.17606588695022118
Italy,1928,0.33345347157108285,0.38844491182818186,0.32429170895185755,0.38844491182818186,19.022,0.38566802200452543,"reconstructed, resident currency",0.19933904043054307,0.13794683720914502,0.17205741010128528,0.16820867740380585,0.13794683720914502,0.12823809401240194,0.0960451723812755,15,-0.07324317279363102,0.42443224704957805,0.41156862656517057,0.05045226040342521,0.3675512322966057,0.0462844742166042
Italy,1929,-0.12478549987099186,-0.08007101632686808,-0.07301853542335257,-0.08007101632686808,19.108,-0.0819108742942144,"reconstructed, resident currency",-0.0041165254427458775,0.050109305131217585,0.06755877237086794,0.06676050503517761,0.050109305131217585,0.04320584194308852,0.025712115659046703,15,0.01598947344137902,0.19834074015897052,0.19408344874299455,0.03785806464463959,0.17099119319367406,-0.016889504560435586
Italy,1930,-0.11538181111555867,-0.17963714441555734,-0.1848768609393688,-0.17963714441555734,19.093,-0.18127787012672625,"reconstructed, resident currency",0.1084922868105962,0.09470217470826814,0.14114869338233493,0.13997762937420877,0.09470217470826814,0.09911191419254273,0.052383926431866075,15,-0.03170010697989212,0.16755878045911476,0.17058505593404094,0.10740235214556271,0.19030328413603348,0.06805501525672031
Italy,1931,-0.19546510854273236,-0.2853292739475074,-0.29206749886720124,-0.2853292739475074,19.207,-0.28675861539961234,"reconstructed, resident currency",0.1910308187133838,0.17332784774526022,0.10443577098127244,0.10634504243123977,0.17332784774526022,-0.002833960873392938,0.05986455961413248,15,-0.09658668658051761,0.38814307859100117,0.3865794881555342,0.15094084355712933,0.3800469134131361,0.11675507803412111
Italy,1932,0.010878179781682817,-0.016308327462883132,0.10630942043993054,-0.016308327462883132,19.511,-0.018275710807957313,"reconstructed, resident currency",0.09870584581547015,0.08730353271864133,0.2185342722881396,0.19225660442495696,0.08730353271864133,0.056316259828487425,-0.05399576609019567,15,-0.026214880356360215,0.07678839343572763,0.07691131635140724,0.16025907588768828,0.08035970803211545,0.04325877417126023
Italy,1933,0.43599801539154304,0.21143279900792633,0.3877415801265523,0.21143279900792633,14.904,0.20900993340991048,"reconstructed, resident currency",0.21000456918249322,0.10407029766669051,0.14516035940033567,0.14638940570052972,0.10407029766669051,0.11163929297030517,0.06847212000535928,15,-0.05911788104455096,-0.04345296604429161,0.0051613978106423986,0.030170519994877854,-0.31240991786670724,-0.23604181868777618
Italy,1934,0.24880092401539788,-0.06548056989082629,0.014214783968526302,-0.06548056989082629,11.68,-0.06734960875104468,"reconstructed, resident currency",0.501774401391716,0.09396358398828952,0.20085700587671207,0.18586593263329432,0.09396358398828952,0.07579025399285766,-0.019479550240091723,15,-0.05161376788459704,0.05487748890893096,0.05427810978110048,0.008767156750223437,-0.17147369846142924,0.4057974052992952
Italy,1935,0.10297406108105212,0.29460088213084834,0.27147755262041323,0.29460088213084834,12.125,0.29201168036658665,"reconstructed, resident currency",-0.13460170308377772,0.03037172775028263,0.03561756230188262,0.03448317335095297,0.03037172775028263,0.031870251398939065,0.02789044294574896,15,0.014197084065763477,0.05400151479257054,0.05460061982889752,-0.0020322077192309607,0.06830716837111672,0.012023201011575502
Italy,1936,0.2620197001492328,0.3428498186909503,0.2615742537323157,0.3428498186909503,13.714,0.34016411905356847,"reconstructed, resident currency",-0.08407732501716036,-0.023739312553311076,0.011232100149697555,0.01608038179850002,-0.023739312553311076,0.10162525371264941,0.06436737833429085,14,0.07553240056324184,0.24399773347210063,0.27524251040173375,0.012372876775614161,0.37640874041923733,0.0517936591586432
Italy,1937,0.024914544684904394,-0.020289739940699048,-0.23754165893649853,-0.020289739940699048,19.009,-0.022249160460817596,"reconstructed, resident currency",-0.05023523488744641,-0.040407364354286934,-0.03952893349541964,-0.030127270181390053,-0.040407364354286934,0.23490645258696685,0.23172888089753188,14,0.09463116018887274,-0.10397219127823654,-0.11828298599653009,-0.011132956950033579,0.2112882257230566,0.2675339286435232
Italy,1938,-0.08637288999862369,-0.03581938593377032,0.05530412100009373,-0.03581938593377032,19.01,-0.03774774716190277,"reconstructed, resident currency",-0.020252928905478473,-0.02255744862354203,0.007141344313962961,0.0006862798816549276,-0.02255744862354203,-0.056635973573851195,-0.08127706887598354,14,0.07678962500529218,0.05637114255308795,0.05374652991619433,0.047570894586841384,0.029573404096646216,-0.06826622693233209
Italy,1939,0.35640836694969735,-0.03681645404771716,0.01622548703531641,-0.03681645404771716,19.246,-0.038742821139621686,"reconstructed, resident currency",-0.04000186740694922,0.008074652790226011,-0.058345175723127474,-0.056108095351024345,0.008074652790226011,-0.11279723076551995,-0.05002039093918905,14,0.044168700343945266,-0.1165775189541759,-0.11297975765535206,0.022205827566040615,-0.14375610921958748,-0.04406960105541946
Italy,1940,0.01134925431784306,-0.17041048885138832,-0.08894443302692082,-0.17041048885138832,19.839,-0.1720696678736855,"reconstructed, resident currency",-0.08127227773464107,-0.09802670896823473,-0.029006695561272666,-0.03471656055409145,-0.09802670896823473,-0.08079442532844816,-0.1452053996557774,14,0.16699686179130357,-0.10619024817047995,-0.10621800460168729,0.0059249679692383594,-0.11317109027966143,-0.12292454226333427
Italy,1941,0.11449183526879181,-0.09045680035107118,-0.05748490911887069,-0.09045680035107118,19.7227,-0.09227588675036902,"reconstructed, resident currency",-0.07965204355554889,-0.09028871010128414,-0.03586121667131792,-0.03753416277502675,-0.09028871010128414,-0.053572657781316035,-0.10661937414316637,14,0.15707039336714956,-0.11303749423256881,-0.10881792405577828,-0.07583315048804296,-0.18711675474679623,-0.1814821127479258
Italy,1942,0.03426854942347202,10.467688400832657,0.040834376837781704,10.467688400832657,225.53,10.444753024030991,"reconstructed, resident currency",-0.09518392804301501,-0.092243443463359,-0.0637681038509087,0.448841277466248,-0.092243443463359,9.504572642821447,9.182232444417656,15,0.15581649157320454,-0.08317472640259027,0.2822003737254202,-0.07087970183543024,9.294576004740131,9.015903036555525
Italy,1943,0.2040195510263545,-0.17152392927185744,0.10459332687708493,-0.17152392927185744,269.179,-0.17318088141331378,"reconstructed, resident currency",-0.5548014050655397,-0.37371000987382896,-0.3621504768604451,-0.35799654591570773,-0.37371000987382896,-0.25889508236546677,-0.2722959464135499,15,0.6770186573813866,-0.23716839581643245,-0.20779295972738987,-0.019568422192413393,-0.09795551091780597,-0.2712049179526468
Italy,1944,-0.4339988838380836,-0.4548851457723355,0.1278271516749571,-0.4548851457723355,574.713,-0.4559753754807908,"reconstructed, resident currency",-0.7008150245376388,-0.7634982246369607,-0.7577968388926747,-0.7469199817832872,-0.7634982246369607,-0.508203234964206,-0.5193662693874568,14,3.443941266119463,-0.745763215139544,-0.7258516517322384,-0.011389603351630306,-0.48055776832725006,-0.5233885847316214
Italy,1945,-0.7288679930335644,-0.357984520562708,0.20717455004094848,-0.357984520562708,588.582,-0.35926855152158266,"reconstructed, resident currency",-0.4041668184924576,-0.46835329429938133,-0.4455326743603045,-0.4488913361464024,-0.46835329429938133,-0.5078165865474721,-0.5288120560614592,13,0.9695410295142322,-0.36853166394209735,-0.3698867893911916,-0.013237632217602213,-0.3767076595545582,-0.4820205498687624
Italy,1946,1.2047048218679164,-0.15813367545840318,-0.06742378835955298,-0.15813367545840318,675.0,-0.15981740810748635,"reconstructed, resident currency",-0.0874617706353894,-0.11276895109304097,-0.11125107213836705,-0.11250527545205591,-0.11276895109304097,-0.31138745418245317,-0.31595240478159814,12,0.18018863448640698,0.34629127987773667,0.3515255012037102,-0.1458067950930625,0.364475959154712,-0.11248796011686912
Italy,1947,-0.5450403551528455,-0.48993208401731114,-0.10150805985720171,-0.48993208401731114,585.0,-0.4909522198492765,"reconstructed, resident currency",-0.4024657348461588,-0.352960514810148,-0.3834881035405452,-0.3813124906380726,-0.352960514810148,-0.5009286945353132,-0.47505214359595876,12,0.6206120698960382,-0.3092350187490409,-0.319181189751369,-0.07460156340503099,-0.3958127365678147,-0.44157818554504913
Italy,1948,0.2042461834444942,0.08542916652162957,-0.10381315798979374,0.08542916652162957,660.0,0.08325830818858626,"reconstructed, resident currency",0.036379085654367316,-0.005856310272534415,-0.02917386950889833,-0.024735799009691695,-0.005856310272534415,0.0034368658986734246,0.022096970129874955,12,0.058800665266208973,-0.049472743952429954,-0.04787596828744378,-0.016410018909050028,0.07896416112440519,0.1127483084384171
Italy,1949,0.09341087053663233,0.03094499406499751,0.07708012776410136,0.03094499406499751,665.0,0.02888310407686756,"reconstructed, resident currency",0.1500792201490051,0.04134622990983705,0.04557568910419696,0.05798887830833088,0.04134622990983705,0.041378290907812865,0.0254692740904152,13,0.006965761511216195,0.2148519536271325,0.21121305913592692,0.031435476496074255,0.19220981196407005,0.0060136731761888385
Italy,1950,0.10559916478508069,0.30554254209381626,0.190516911951289,0.30554254209381626,700.0,0.30293145700962865,"reconstructed, resident currency",0.0379383473051218,0.054393848962422275,0.04199481763149593,0.044334914153866256,0.054393848962422275,0.0796088395876553,0.09022131183564196,14,-0.006917575331222947,0.1789740496107859,0.17640584305825024,-0.044909057796571394,0.14402037448779614,0.008158158837096252
Italy,1951,-0.00540509819984436,0.050335429453987945,0.1349553619459545,0.050335429453987945,690.0,0.048234758595079974,"reconstructed, resident currency",-0.11516397329978645,-0.08378749992698431,-0.09975917490500685,-0.09672671963036583,-0.08378749992698431,-0.12066667415191124,-0.10779143724048847,15,0.1428571428571428,-0.10552794983595193,-0.10569882834766009,-0.044855439335450886,-0.13186810022740925,-0.12402317122010331
Italy,1952,0.3929004451566005,0.04113600567487663,0.0854418469476388,0.04113600567487663,634.0,0.039053733663526824,"reconstructed, resident currency",0.06606778405742775,0.024548479134848034,0.04838393215169523,0.046010033466074685,0.024548479134848034,0.007568472057766007,-0.014805980053037496,15,0.018595041322313932,-0.018879561796812272,-0.017207296720303078,0.003226921042449371,-0.11358524912020784,-0.08892254921286835
Italy,1953,0.0666509347558022,0.0619192953399903,0.0652431556338646,0.0619192953399903,629.0,0.059795456749310416,"reconstructed, resident currency",0.014625424694269862,0.027116201780736482,0.053349718956891,0.05298012221168169,0.027116201780736482,0.050761924502439104,0.025006910836483556,15,0.014198782961460488,-0.04818221544539869,-0.04611966582921767,0.006703548557218442,-0.08048588043999194,-0.024585952596974603
Italy,1954,0.30846754709879587,0.45452831257333215,0.4629098387839199,0.45452831257333215,638.5,0.4516192559481855,"reconstructed, resident currency",0.023732647751317115,0.010133335084626438,0.029937848808700318,0.030437924894610946,0.010133335084626438,0.042329516231110365,0.022675775295838235,15,0.031249999999999778,0.4915457391727469,0.48960397520586985,0.018564239040369523,0.48579230445318133,-0.011831325043890062
Italy,1955,0.04319040433448906,0.22567473240630576,0.25792146349478273,0.22567473240630576,635.5,0.22322338294149313,"reconstructed, resident currency",0.009087404564899648,0.011061766458784872,-0.01377576935414071,-0.014053180256812903,0.011061766458784872,-0.018848974397429386,0.006354212333044414,15,0.030303030303030276,0.4127526177038454,0.3981043209596218,0.011922977581826144,0.3624042492783319,-0.043392593634892784
Italy,1956,0.016142559903008502,0.0009102917548968747,0.025715216315692208,0.0009102917548968747,624.969999998,-0.0010915288286129643,"reconstructed, resident currency",-0.00029118188789922783,0.011937144611562811,-0.01985405505595761,-0.02004142456683533,0.011937144611562811,-0.05569815582363702,-0.024857120319545116,15,0.02941176470588247,-0.011226866454810969,-0.010105446131073337,-0.012271588679896195,-0.0643995877552982,-0.06156193410988753
Italy,1957,0.021972634947635905,-0.07624391055712798,-0.09043249186963699,-0.07624391055712798,624.89,-0.07809142273601377,"reconstructed, resident currency",0.05138553280225944,0.02702817079466846,0.0026529299912363413,0.0026371857168470125,0.02702817079466846,-0.011580972404850343,0.012813916281428377,15,0.014285714285714235,-0.13319845209226477,-0.13063022763408516,-0.011143687996010843,-0.14936268214141357,-0.014549814825929208
Italy,1958,0.2566681855345425,0.2925283026661327,0.29428358925640435,0.2925283026661327,624.0,0.28994324606080046,"reconstructed, resident currency",0.0955320533416042,0.01014520692294596,0.058962859703571624,0.05957183977567615,0.01014520692294596,0.06576227128407974,0.016922932911000353,15,0.028169014084507005,0.07083260206648578,0.07031509229338817,0.006882515564111014,0.0649530429713634,-0.023018494194027572
Italy,1959,0.6040031909942627,0.22911816596618828,0.2234417163476084,0.22911816596618828,620.600000001,0.22665992963425596,"reconstructed, resident currency",0.0766841247677803,0.03629999980330467,0.050839950973417425,0.05079791498694952,0.03629999980330467,0.04400069670760698,0.029423963796617898,15,0.0,0.22491057442182938,0.22049028049741937,0.010506777644549326,0.19898606848815548,-0.014854773804039989
Italy,1960,0.21365028458672586,0.026928562898050235,0.020176516069261914,0.026928562898050235,620.600000001,0.024874705772254035,"reconstructed, resident currency",0.046601724634702135,0.02229594575190852,0.020303834900635254,0.021053439789236128,0.02229594575190852,0.03283312077916656,0.03495835545502475,15,0.013698630136986356,0.015525628632681476,0.015355800176011236,0.012803101551821738,0.007310653539378098,-0.01815353807327602
Italy,1961,0.026024982725319168,0.17620214856593908,0.1812288088839348,0.17620214856593908,620.600000001,0.17384974426880717,"reconstructed, resident currency",0.03174119050565527,0.009028947176902058,-0.004159965244699748,-0.0035824405191434705,0.009028947176902058,0.009604095835325843,0.023018069259181876,15,0.027027027027026973,-0.004628452863193133,-0.004662098482842492,0.023604783271376606,-0.006298711403628365,-0.025458034856137846
Italy,1962,-0.17056812817537337,-0.11686180584871264,-0.09971927678521064,-0.11686180584871264,620.600000001,-0.11862808223701526,"reconstructed, resident currency",0.022318145142325774,-0.0045924062215829675,0.059116416603498534,0.059459982318081916,-0.0045924062215829675,0.0599032315510466,-0.004080762941926386,15,0.03947368421052633,-0.16771869617130875,-0.16713971601223898,0.01825126995188109,-0.1713168898143762,-0.042465790432056116
Italy,1963,-0.1753642756272764,0.09825324155409798,0.1499366427546034,0.09825324155409798,622.380000002,0.09605673507098977,"reconstructed, resident currency",-0.07898941125501602,-0.037222352492458644,-0.02960835648756943,-0.028952245889662387,-0.037222352492458644,-0.020906331638027575,-0.028573189959299954,15,0.07594936708860756,0.010154338702091037,0.010023401168601564,0.01837742808505438,0.008424866365846828,-0.07571526275096518
Italy,1964,-0.2658497542142868,0.036426901894111685,0.07091548847100616,0.036426901894111685,624.799999997,0.0343540480903235,"reconstructed, resident currency",-0.0037926466514667245,-0.021272222407990093,-0.039680677354659744,-0.03947905643146432,-0.021272222407990093,-0.028833056965425485,-0.00983356208072311,15,0.05882352941176472,0.2061983548624131,0.20833209184522694,0.027000180476569158,0.21588718854248135,-0.05374397126465502
Italy,1965,0.20018412775181704,0.04174776985654116,0.061303391865701135,0.04174776985654116,624.700000002,0.03966427431682806,"reconstructed, resident currency",0.023750993958179034,-0.00779787252875086,-0.01635072313510233,-0.0162127383373305,-0.00779787252875086,-0.008998862195688573,-9.910355201485644e-05,15,0.04444444444444451,0.099200107068103,0.10087148455245298,0.03155536016230376,0.11126314105706858,-0.04204896689970927
Italy,1966,-0.022159184569243262,-0.09069370371001839,-0.0924771479375978,-0.09069370371001839,624.450000002,-0.09251231630259837,"reconstructed, resident currency",0.001607320895514519,0.0037649472810559192,-0.015526676170213527,-0.015179645188194923,0.0037649472810559192,-0.004361244333641934,0.015307251451234556,15,0.03191489361702127,0.054336040274042485,0.05476165701193958,0.010884962315295343,0.05931096383591061,-0.04706493023737823
Italy,1967,0.015517431497573675,0.1542868643695421,0.18520780991030175,0.1542868643695421,623.859999999,0.15197829064080293,"reconstructed, resident currency",0.01837292004376634,0.004725998826324851,0.0025791127423699933,0.002252127442743168,0.004725998826324851,-0.024871235813603954,-0.02344403885050484,15,0.030927835051546504,0.0687668926039342,0.06990102576120982,0.01912916025527034,0.07982561397121857,-0.037292567342882554
Italy,1968,0.03441192677208016,0.18435324311401402,0.16160460929597836,0.18435324311401402,623.5,0.1819845366277859,"reconstructed, resident currency",0.027777995548996293,0.015294116793894252,0.027000700272532763,0.02773104829411044,0.015294116793894252,0.03948340794799421,0.027923789123672313,15,0.020000000000000018,-0.03498457523719978,-0.03495613514240492,0.011003722479790534,-0.01848205375534273,0.16374063346866463
Italy,1969,0.1658833276193874,-0.06706907222378355,-0.09810104705259963,-0.06706907222378355,625.5,-0.06893493407933604,"reconstructed, resident currency",-0.01151493340372478,0.029807693038422123,-0.03010947964796462,-0.030203889438496723,0.029807693038422123,-0.01659736791401034,0.04430248888256346,15,0.019607843137255054,0.20219168503122975,0.20712711530794792,0.01323387456286551,0.2270959869944844,-0.18220547339365212
Italy,1970,-0.20453681967674053,-0.04929243464770827,-0.05460026946573748,-0.04929243464770827,623.0,-0.08938960562316367,"MSCI World, resident currency",-0.01907280716327353,0.024543116945739074,0.005791082116594293,0.0055187702364876134,0.024543116945739074,-0.0023247416709356594,0.016421977245909887,15,0.04807692307692313,-0.03375709659991466,-0.03370742740750721,0.020938455464238448,-0.031159514680733524,0.008116901971352286
Italy,1971,-0.17736481985320207,0.08959577624055481,0.10082287757068842,0.08959577624055481,594.0,0.10586574601017684,"MSCI World, resident currency",0.0580667508685071,0.002405071258545055,0.04803518101346049,0.04961914874573137,0.002405071258545055,0.06905750856667803,0.023120164639096757,15,0.05504587155963292,-0.12195463250165084,-0.11901985400766146,0.017643971771362565,-0.1603949761422716,0.06035667586234306
Italy,1972,0.08039644816197655,0.16383920846843902,0.19816481285974402,0.16383920846843902,582.5,0.16045504152163925,"MSCI World, resident currency",0.004699951053158458,-0.00040289202381749156,0.01792853956842788,0.01805915762071142,-0.00040289202381749156,0.007838375430303524,-0.01099275370407146,15,0.05217391304347818,0.1103131637002015,0.10632645795147089,0.01154035341542925,0.08146447007652391,0.3790507306895332
Italy,1973,0.08108009097736257,-0.11253911549654605,-0.15627386626041995,-0.11253911549654605,607.920000001,-0.23385421371864035,"MSCI World, resident currency",-0.05943446834363164,-0.03448320669469551,-0.10238079548429246,-0.1041318043037549,-0.03448320669469551,0.020585838215847918,0.09857965225890514,15,0.1074380165289257,0.42797068043427644,0.4440016920464911,-0.005739170208360234,0.47250047638229375,0.5834507917074536
Italy,1974,-0.39538360238075254,-0.3233753246941884,-0.3371850291774423,-0.3233753246941884,649.429999999,-0.3262710877507967,"MSCI World, resident currency",-0.24410463711246844,-0.04047625605016936,-0.11253931225668912,-0.11109417311498859,-0.04047625605016936,-0.03470706777038046,0.042749928655019226,15,0.19402985074626855,0.20425030814056888,0.20934762138584406,-0.018682411153460032,0.22322861602222188,0.46623126726069253
Italy,1975,-0.16123861297566622,0.19134698053670807,0.22221780785993087,0.19134698053670807,683.549999997,0.2434300045969049,"MSCI World, resident currency",-0.04480915656064277,-0.05339037670808677,-0.01797472657051935,-0.023079439206905694,-0.05339037670808677,-0.06733152535953313,-0.10034031392914701,15,0.16874999999999996,-0.16993368345133486,-0.17134543608425123,-0.002214119066057396,-0.14002491204334444,-0.3128008761301223
Italy,1976,-0.2068488728084149,0.24641959487857545,0.06476574145983657,0.24641959487857545,875.0,0.2819412967982038,"MSCI World, resident currency",-0.14774549687751182,-0.0077276747297803094,-0.015994108682716224,-0.0040877784786259586,-0.0077276747297803094,0.16905852560974344,0.1776159364748522,15,0.1657754010695187,0.12644206951506298,0.16045218752535106,0.0049242743921680265,0.32500272440938627,0.056199977294316916
Italy,1977,-0.36276589543558657,-0.09261149101134103,-0.06292572012669716,-0.09261149101134103,871.549999997,-0.11225107282224778,"MSCI World, resident currency",-0.09461134840967134,-0.028920703916810453,-0.012198136859083775,-0.0072147597986627066,-0.028920703916810453,-0.03886945161562505,-0.06424066918609586,15,0.17431192660550465,0.21799052488515658,0.1941433387794318,-0.011551278487003214,0.11961724863949108,0.034047299781524876
Italy,1978,0.17391446741615857,-0.008906043766768956,0.028728345723128993,-0.008906043766768956,829.75,-0.002293029229719079,"MSCI World, resident currency",0.019425169516108287,-0.0010722422849011037,0.00300447501304002,0.002216648116826425,-0.0010722422849011037,0.012649855977602265,0.010624851240961013,15,0.12109375,0.2731847934834357,0.2414801403913931,-0.010424790546951224,0.1527952739744951,0.1444050483853332
Italy,1979,-0.040968949014836054,-0.05240477249822029,0.05658491649489368,-0.05240477249822029,804.0,-0.049147399063826036,"MSCI World, resident currency",-0.04921850958403118,-0.018515253003607346,-0.09791952946865723,-0.09755046761652697,-0.018515253003607346,-0.14506514965197226,-0.06944692015114927,15,0.14634146341463405,0.35657341635012285,0.32289422355984754,-0.02032579690849734,0.2530890589279726,0.8437617427017456
Italy,1980,0.515930160095817,0.2141460476508814,0.11838085702838268,0.2141460476508814,930.5,0.21957200775962393,"MSCI World, resident currency",-0.10917640974124276,-0.04420964550553719,-0.09236232008259193,-0.08892031639894993,-0.04420964550553719,-0.038025667638159066,0.013559779429776006,15,0.2127659574468086,0.1176447474960085,0.14636654452009568,0.000695567814542164,0.2417259732477126,0.08355899181536586
Italy,1981,-0.08072995995270449,0.07030728519042984,-0.05678167926306756,0.07030728519042984,1200.0,0.06212173136288146,"MSCI World, resident currency",-0.1262872711894043,0.01619782003950565,-0.03213413132470222,-0.03145281554330348,0.01619782003950565,0.007044423031072444,0.05929687976097334,15,0.17794486215538852,0.04825444248124122,0.09493921764985891,0.06875376114405274,0.32095369662498285,-0.261459842197581
Italy,1982,-0.2162267216762198,0.07855931148586714,0.08216328146307353,0.07855931148586714,1370.0,0.10894400917964986,"MSCI World, resident currency",-0.03839231000521948,0.02624685798092341,0.11182466533217417,0.0984747578792633,0.02624685798092341,0.01960381520416199,-0.06131699838599225,15,0.16382978723404262,0.15170454022811786,0.17733359324858622,0.08419578734237465,0.2656443856716162,0.14697289540049674
Italy,1983,0.15643783448415505,0.3019383730796008,0.21196128269940984,0.3019383730796008,1659.5,0.3088971977151924,"MSCI World, resident currency",0.027913498678846294,0.028524090822613868,0.07600447332028115,0.07378376379182172,0.028524090822613868,0.06900952334044796,0.02270588317559789,15,0.1462522851919561,0.0894700441889622,0.10821003146135943,0.04999397713684739,0.22554263153086418,-0.11497920133581563
Italy,1984,0.08373582961319159,0.12034875717672544,0.08474311421904322,0.12034875717672544,1935.879999995,0.09042656530516524,"MSCI World, resident currency",0.14636362550927573,0.04079519195093528,0.0704841186932672,0.06858442240574725,0.04079519195093528,0.047196127056120085,0.0182740657343165,15,0.10845295055821369,0.04458351755006351,0.05699807393154965,0.06256920408590982,0.16902878571336033,-0.15396062800130006
Italy,1985,0.8307916680657657,0.14384978402378001,0.24867472408001054,0.14384978402378001,1678.5,0.12109678571154125,"MSCI World, resident currency",0.05309037234001002,0.041233383207452956,0.10918419102152677,0.10920646214036012,0.041233383207452956,0.09873051207802153,0.028997692646861865,15,0.09208633093525198,0.27660900748854744,0.22124090425321064,0.041566294338919674,0.048679253060561534,-0.16468142960512389
Italy,1986,0.6382187694719397,0.056490693012174686,0.24578532576009232,0.056490693012174686,1358.13,0.0889469543206276,"MSCI World, resident currency",0.11404643034281814,0.05299828487308078,0.11342325497201733,0.09692682727648672,0.05299828487308078,0.006134741626936391,-0.04665215701597223,15,0.05797101449275344,0.23275257219319267,0.17726670540796974,0.05503815580608573,-0.03883552811390045,-0.08882171619368662
Italy,1987,-0.31729977412257837,0.05306527675023687,0.08674192082034078,0.05306527675023687,1169.25,-0.048270737702758026,"MSCI World, resident currency",0.0669199558911795,0.05726144962482316,0.04694416737904916,0.0488313894252288,0.05726144962482316,0.05439692913458094,0.06383065094508847,15,0.04732254047322537,0.1907812039903649,0.15683077644639187,0.0219249880214456,-0.0213146480194909,0.010835395993781693
Italy,1988,0.21758547401670936,0.2249976229797006,0.13995580042592998,0.2249976229797006,1305.77,0.3187893924946108,"MSCI World, resident currency",0.03905127827094934,0.057780118178727635,0.08763420180524029,0.09088313052481123,0.057780118178727635,0.11440169703787562,0.08520319105096358,15,0.0511296076099883,0.1395854864094408,0.15034489794796335,0.030389429819428715,0.22198989654756152,-0.11010628456643534
Italy,1989,0.059155288087928026,0.09961409913489105,0.22027079147213524,0.09961409913489105,1270.5,0.06284125584216382,"MSCI World, resident currency",0.044654526966956265,0.059855120694929376,0.00929452392067942,0.007210075984571018,0.059855120694929376,-0.042671282456706594,0.0053341969479996365,15,0.06221719457013575,0.06655436918249169,0.061058858918145775,0.04313487985098852,0.0035872970244015256,-0.11584142411670362
Italy,1990,-0.3239856804609299,-0.1950658119944978,-0.12871801429025703,-0.1950658119944978,1130.15,-0.32113639453904197,"MSCI World, resident currency",0.07652649658918387,0.055235210165381465,0.024839088841641876,0.023401043095248708,0.055235210165381465,0.0019920167878040296,0.032210287096515,15,0.06496272630457933,0.07581710893266536,0.062108487889585895,0.019629465469601426,-0.08890708775985312,-0.20399414848373132
Italy,1991,-0.01231205895164611,0.06136994384818828,0.05240975806747115,0.06136994384818828,1151.06,0.15848958564154603,"MSCI World, resident currency",0.09376004868145849,0.05866948221499135,0.13268546719587904,0.13049137432719826,0.05866948221499135,0.11298809042446245,0.03974221792290296,15,0.06299999999999994,0.0490869359911823,0.04713470105745743,0.0295655869605842,0.013102943685841417,-0.12178831827185677
Italy,1992,-0.0660377326809144,0.21611954526474775,0.0076981047442096565,0.21611954526474775,1470.86,0.1575193498468268,"MSCI World, resident currency",0.03819828475145948,0.08791356367678538,0.13035618745189037,0.14251121559776747,0.08791356367678538,0.24129129479730582,0.19589471478299297,15,0.05079962370649116,0.05321864155062661,0.05330031074943897,0.008383806062487231,0.2166636322021085,0.13641669341256057
Italy,1993,0.44912448839540664,0.3099794567934224,0.14679452074588828,0.3099794567934224,1703.97,0.3640349097063673,"MSCI World, resident currency",0.34196120978116795,0.058427608941443054,0.23267826111763856,0.24103933681298284,0.058427608941443054,0.2871845673551525,0.10685620961655949,15,0.04476275738585489,0.23762466574760177,0.25412488232179586,0.004321478172269577,0.33502080436430326,0.2959928952890045
Italy,1994,0.052328189475925324,-0.03895844201209231,-0.021360071158628917,-0.03895844201209231,1629.74,-0.04247896184778399,"MSCI World, resident currency",-0.1435644418688542,0.049387260743676276,-0.09115982764019781,-0.09360333935746123,0.049387260743676276,-0.0667567028014866,0.07809157765830417,15,0.04027420736932297,0.04928263347384543,0.0458254034651977,0.016542435122898214,-0.04596091702903071,-0.10858467131667093
Italy,1995,-0.05250858052394969,0.1294211702278938,0.1897059344011254,0.1294211702278938,1584.72,0.11142107940133483,"MSCI World, resident currency",0.15423087456098994,0.05325882168310114,0.21231056447460972,0.2087209765289353,0.05325882168310114,0.1899079070533265,0.033805535875232176,15,0.05244398682042828,0.23243839068620264,0.21545362816880553,0.033488873052366586,0.14422030930005292,-0.07188043579341563
Italy,1996,0.03803454293683406,0.11512929752417489,0.19744830421947485,0.11512929752417489,1530.5699,0.04699332928548361,"MSCI World, resident currency",0.2647078747299014,0.04331991144700087,0.1331003434168747,0.11834034489589973,0.04331991144700087,0.0018238007012167934,-0.07700257796069836,15,0.03959012794413552,0.20518146152959282,0.19109738955643962,0.020154971252071885,0.12396819103308832,-0.1232208163280557
Italy,1997,0.5681859911258844,0.36023386590911666,0.22827401333053,0.36023386590911666,1759.1899,0.3123619506522304,"MSCI World, resident currency",0.17292068926490156,0.04403563518087927,0.13449159164748226,0.1339676907676346,0.04403563518087927,0.12639867743314137,0.03658867010459677,15,0.01848391052969678,0.24381690910471687,0.28181279458499175,0.038183713171633826,0.42596483777149174,-0.11259604855949767
Italy,1998,0.4229506393001503,0.12132558609151833,0.1809215191765051,0.12132558609151833,1653.1,0.1423682664721182,"MSCI World, resident currency",0.1534751161810468,0.025098588702068936,0.13569925659180382,0.1309962204568622,0.025098588702068936,0.09921040144240223,-0.007940410521285912,15,0.020313082370480906,0.25915543869944124,0.2436504340212302,0.0384762766424287,0.19070734804566958,-0.0925469243271817
Italy,1999,0.2105611130935039,0.40347739050622033,0.22655978938061277,0.40347739050622033,1927.4039418674101,0.4252894566931631,"MSCI World, resident currency",-0.08250905055122781,0.013335575917948095,-0.06672416340989806,-0.06909214126432783,0.013335575917948095,0.005211031013883094,0.09038110036115032,15,0.01650860554970146,0.015091246150114479,0.02380116429882495,0.025016298269186832,0.20280730151615867,0.14599741054090787
Italy,2000,0.06119809588838154,-0.0206074176081692,-0.053245488816046536,-0.0206074176081692,2080.891993551854,-0.08654576939286862,"MSCI World, resident currency",0.05031205876720657,0.018983921704740947,0.0663148676404981,0.0663653024738422,0.018983921704740947,0.06126806143854524,0.013938514854209353,15,0.025805114029025633,0.016626316051379986,0.02250234225833636,0.02935847551351123,0.11754488204288016,-0.009207166079956863
Italy,2001,-0.23943068003041323,-0.13747247166680143,-0.16132682672823817,-0.13747247166680143,2197.0611596505164,-0.1312583536151697,"MSCI World, resident currency",0.041008245483355354,0.016881068084149797,0.023344446869247637,0.02328423239666555,0.016881068084149797,0.021166776826790024,0.015042708102733797,15,0.023242653300456606,0.1127513167763321,0.12301739353965457,0.024736810195639336,0.1899967822729669,0.04806287798724895
Italy,2002,-0.20638073701716253,-0.3240701074597854,-0.23067263871241506,-0.3240701074597854,1846.352627062077,-0.3496758339769197,"MSCI World, resident currency",0.08823777399462385,0.006364771535869229,0.08527880598865711,0.08286900350398696,0.006364771535869229,0.06424501343454114,-0.012350077642917075,15,0.026112032867188217,0.06447967899003482,0.05239324001724821,-0.00596150761007852,-0.12530763781741006,0.015251970468655118
Italy,2003,0.14008893575882242,0.028958321704596557,0.1756687319005017,0.028958321704596557,1533.0720506730008,0.07747523531434886,"MSCI World, resident currency",0.01881314460825867,-0.006078784759064648,0.009703051340175683,0.00858774135181739,-0.006078784759064648,-0.017464344918138197,-0.03230455208737219,15,0.028129611806223975,0.17444966878953472,0.14022896354659853,-0.006956332666097742,-0.03082238119321179,-0.03342306067620615
Italy,2004,0.23589810342624284,0.06493471517884486,0.12207811310943495,0.06493471517884486,1421.5329270978636,0.03380205872541753,"MSCI World, resident currency",0.0805349682836698,-0.0017328889539529602,0.06197838270111666,0.06185924144671873,-0.0017328889539529602,0.05601341891433753,-0.00756905649177717,15,0.02256699576868826,0.15256460074101774,0.1389461264098366,-0.017486342515833142,0.05642176139904942,-0.06072019492088643
Italy,2005,0.1828669109325176,0.21677777386321861,0.10455919283312284,0.21677777386321861,1641.3240654403662,0.23746140147594175,"MSCI World, resident currency",0.04189072050626774,-0.00033751630831357904,0.04660143694391983,0.047932961603261326,-0.00033751630831357904,0.06720799600405014,0.019889637182112438,15,0.022068965517241468,0.04974709862124649,0.06351158635450149,-0.0006986459582450921,0.2256106833785143,0.32571827150262234
Italy,2006,0.19566300326296826,0.074588569151256,0.15574851481766974,0.074588569151256,1470.2126044039483,0.059401227491225894,"MSCI World, resident currency",-0.02879894663131488,0.0093222447117427,-0.02630156590233812,-0.026309221882216294,0.0093222447117427,-0.04356788332487982,-0.00824755243600687,15,0.02229706328448744,0.15275810850512106,0.13655098624128947,0.024767261591463807,0.058758184341442865,0.08267171659213868
Italy,2007,-0.06096564945780358,-0.035652142196500036,0.04141473579279928,-0.035652142196500036,1315.311459819305,-0.055522523552732905,"MSCI World, resident currency",-0.00168971803983764,0.01971274692616687,-0.008715938828888548,-0.009643042597382911,0.01971274692616687,-0.030036235317812743,-0.0013306121379897285,15,0.0202453271028038,0.20091935891517632,0.17765774322653272,0.011644528236934182,0.07436691826526931,0.1380971019766768
Italy,2008,-0.4863401174953499,-0.36567495143738893,-0.39481042170142816,-0.36567495143738893,1391.2984120140827,-0.37065370970357514,"MSCI World, resident currency",0.038518113865575465,0.002563669038085248,0.10415192931833617,0.09842017498627298,0.002563669038085248,0.08414450976017052,-0.01353883464293039,15,0.03492379741907414,0.2758270224976378,0.3070308808013755,0.03138761247384991,0.3930103712192001,0.10297860499613432
Italy,2009,0.21633747849201312,0.22260040121364377,0.23837633249473925,0.22260040121364377,1344.0719144800769,0.20790081682330697,"MSCI World, resident currency",0.08617343748201556,0.0018793040319904364,-0.0038421826253869362,-0.004936956422662675,0.0018793040319904364,0.025420878677717917,0.03316572294691109,15,0.007656307048891975,-0.06001094283693342,-0.054410564375132364,-0.019834602641820354,-0.12141544335888,0.1572260732729991
Italy,2010,-0.0893400002498358,0.1877011586422348,0.09633589592826433,0.1877011586422348,1449.0869630294867,0.18824504978752232,"MSCI World, resident currency",-0.023052113077606795,-0.004784620930513683,0.029247300439561474,0.03290552669883273,-0.004784620930513683,0.09240812280353095,0.055673600500541015,15,0.016195443315948355,0.0056127939562353735,0.006671437071778641,-0.011732246102603261,0.07693461159414139,0.3685546430395157
Italy,2011,-0.23562690884218063,-0.019842527938558563,-0.04851781357165058,-0.019842527938558563,1496.460313780045,-0.05156304567534209,"MSCI World, resident currency",-0.09153326201517986,-0.001456025901600766,0.07824470866598299,0.07881269638758814,-0.001456025901600766,0.07755070398758646,-0.0026405817250423126,15,0.02935710426796323,0.08103283272462747,0.08185664924048486,-0.025979726392153846,0.09124767265065103,0.0894027391508796
Italy,2012,0.09440051208134093,0.09137870874475307,0.12824321334611563,0.09137870874475307,1467.5382749734729,0.11351885322863708,"MSCI World, resident currency",0.20549343787249152,-0.013743361050415737,0.10593760717846568,0.1042697492298652,-0.013743361050415737,0.09004986775153401,-0.027844052309341127,15,0.03314893929692331,-0.06664362226823006,-0.06520549698804978,-0.014131120381582707,-0.09564211449226678,0.027132172605285776
Italy,2013,0.21332852823526105,0.2235093255608145,0.2965528500163397,0.2235093255608145,1404.0098615038794,0.19376501232011578,"MSCI World, resident currency",0.07511838722545994,-0.0038456616447039016,-0.02774677325699737,-0.026470746953626723,-0.0038456616447039016,-0.07044740368618418,-0.04837218555243152,15,0.012446024892049934,0.05650190928435439,0.05341167777393885,-0.01307117198017016,0.0037490118132676997,-0.31626585614517677
Italy,2014,0.03224890878478481,0.2210562581368014,0.10465885069774562,0.2210562581368014,1594.8192076435216,0.19194043986315612,"MSCI World, resident currency",0.19313381574780553,0.0018983775315652984,0.18185983809841777,0.18405512846166094,0.0018983775315652984,0.19314901448406863,0.0110539328964199,15,0.002338183642749625,0.17935867936239647,0.20623644050512158,-0.006284064445272408,0.3480450674304827,0.14180653273008614
Italy,2015,0.17466269948329982,0.13593053031718472,0.040389833338590475,0.13593053031718472,1778.5156608799487,0.0990247164250635,"MSCI World, resident currency",0.0448648074154292,-0.0006039510592755759,0.008228820408312965,0.008481986265332253,-0.0006039510592755759,0.03313475387624787,0.024013420357494698,15,0.0010912767938489054,0.07570833291296863,0.08375088231281569,-0.00531491867575451,0.1947101767318593,-0.029327232506905943
Italy,2016,-0.04582287470964852,0.06371967711916815,0.03753139611368053,0.06371967711916815,1836.8940328242102,0.09800729095371197,"MSCI World, resident currency",0.016834723447956,-0.0012005603249883867,0.04077026319810639,0.04067581958993727,-0.0012005603249883867,0.04229808148591663,0.0005235084912066219,15,-0.0005000400032003638,-0.06769145966697754,-0.06993467424197086,-0.014283553872012966,-0.036963873157866756,0.10431503040940338
Italy,2017,0.16446193079346538,0.06288208903804238,0.1621538819303079,0.06288208903804238,1614.5001250729601,0.06421184338039998,"MSCI World, resident currency",0.018034445082835138,-0.016439736538062744,0.008656616471528489,0.008166853470576552,-0.016439736538062744,-0.02124071059220023,-0.04594419453531779,15,0.013257689459886812,0.024539683397637457,0.01891705378626707,-0.00991627081888169,-0.08615095658174954,-0.026444857400444777
Italy,2018,-0.1349462232394092,0.028960353004439554,-0.010375107014483437,0.028960353004439554,1691.065502183406,-0.052210073170956495,"MSCI World, resident currency",-0.005428240326449174,-0.01108490221897096,0.0010810062023609568,0.000948133285384456,-0.01108490221897096,0.0025931904389493443,-0.009397380204867856,14,0.01242260558721009,-0.08205345356790728,-0.08541734631407716,0.0017853235335945072,-0.014507625693877202,0.025211699842230706
Italy,2019,0.2736253064150149,0.16495824362652556,0.1347005876742663,0.16495824362652556,1723.5802029553136,0.28829285923305203,"MSCI World, resident currency",0.23641380152807479,-0.006896195783862358,0.05375230162881173,0.054505700054919615,-0.006896195783862358,0.06575317862386676,0.004486844283078225,14,0.006339917093391767,-0.02449581737832507,-0.024493203317336842,-5.033643403207222e-06,0.01287708402847021,0.1887640415362155
Italy,2020,-0.040404901496055357,0.02216437298011087,0.06783336983962687,0.02216437298011087,1577.9235596120932,0.05813929368668447,"MSCI World, resident currency",0.12724116366484073,-0.0005469546226644084,0.030874034105443426,0.029911052327147303,-0.0005469546226644084,0.01805472429154409,-0.012454145855028843,15,-0.001453840562151698,-0.11963377368187456,-0.11117597665047929,-0.00489791713896115,-0.1863402327698006,0.13711815580182996
Italy,2021,0.25511967297243454,0.16588784602070894,0.17359826979051635,0.16588784602070894,1522.4136647184598,0.12771841005147855,"MSCI World, resident currency",-0.05088074194538306,-0.02382524621331994,-0.05536793950414043,-0.05568793043076936,-0.02382524621331994,-0.04902058016876332,-0.01712400295422063,15,0.01941276,0.0532438948912628,0.05039211344872774,-0.0646718177027612,-0.000150020331522005,-0.11913436242245523
Italy,2022,-0.049314599786698055,-0.10989307209835997,-0.1423016454302722,-0.10989307209835997,1712.795004295301,-0.14054864341491946,"MSCI World, resident currency",-0.21119847500884537,-0.07226881912124516,-0.19686920592830603,-0.19836292115297238,-0.07226881912124516,-0.18999694606741557,-0.06366174261177078,15,0.08736015,0.0831718854045882,0.11140731205742371,-0.04319532740699539,0.24821142168486765,0.05047162529506477
Italy,2023,0.14156850484475259,0.10942778203607095,0.15855252849010293,0.10942778203607095,1664.708383616679,0.14390647805364543,"MSCI World, resident currency",0.0002850543331924804,-0.021883417400837435,-0.033947023925347986,-0.03389082575358249,-0.021883417400837435,-0.0586549371938454,-0.04738077304480436,15,0.05903386,-0.0567176927225298,-0.0568429152387413,0.017003513512843016,-0.06272915826744674,0.0556876177894543
Italy,2024,0.23090076564676054,0.17655662285682316,0.16443453073468967,0.17655662285682316,1663.0437706108885,0.16908798149342608,"MSCI World, resident currency",0.03809065592495364,0.020609931472671317,0.003037868531765797,0.0031853794940919222,0.020609931472671317,0.0018185617829258316,0.019471067945880258,15,0.01212321,0.027375155563297504,0.02834308257523599,0.02171369326854866,0.04486363486616374,0.23478233554176353
Italy,2025,0.2812721812565553,0.1516782943218915,0.1709199810059871,0.1516782943218915,1595.6980273506786,0.13533506540623552,"MSCI World, resident currency",0.016904228405981492,0.0007258071778011299,-0.009120187284536119,-0.00901872006435045,0.0007258071778011299,-0.010994018030032526,-0.001296827328341473,15,0.02057409,0.08893371017705953,0.0859791334888187,0.015139307087717269,0.06344803805834598,0.5637334618601191
Japan,1927,-0.050801907409948055,0.2890133501946224,0.2663850194118635,0.28157628154467673,2.11,0.27901312898158737,"reconstructed, resident currency",0.12403738385370167,0.0612226409601746,0.09692477679091982,0.09917863598359089,0.0612226409601746,0.11300383745589215,0.07554266555693191,15,-0.015324438729036105,0.2838588935987494,0.28203553653096747,0.06069651650102048,0.27506212802483043,0.009361090086076107
Japan,1928,0.14975230300464926,0.3934767360270075,0.3270864142967635,0.3896357492552647,2.15,0.38685647775675425,"reconstructed, resident currency",0.11016552698285875,0.08588434282001889,0.11843431423963136,0.11859666957274095,0.08588434282001889,0.1292057580065331,0.09698522524324074,15,-0.03798226043423858,0.3592626860078798,0.3614023925268228,0.05045226040342521,0.3687241496928946,0.04718184846649942
Japan,1929,-0.08728362718734872,-0.0382458293541198,-0.07282694207073706,-0.03889572357371196,2.17,-0.04081793212656448,"reconstructed, resident currency",0.06337401402396692,0.06307345660893127,0.08073834669589375,0.08209538954611673,0.06307345660893127,0.08989890924084842,0.07162217762283743,15,-0.022908535550653197,0.21313488663631786,0.21473337349053967,0.03785806464463959,0.2234038316112601,0.027113742621531545
Japan,1930,-0.19198222117015662,-0.17608701710958397,-0.1847879176505627,-0.17628352977012718,2.02,-0.17793096271058695,"reconstructed, resident currency",0.17249431631337186,0.15618591979160423,0.20524109859272865,0.1993743601983049,0.15618591979160423,0.10360504523487513,0.05668603509545615,15,-0.10159777700590489,0.23313450332336272,0.22808302095230037,0.10740235214556271,0.19516920230749757,0.07242118678302445
Japan,1931,0.2713486455180134,-0.2701809839633108,-0.29879816207590215,-0.26378815056492155,2.05,-0.2652605742637917,"reconstructed, resident currency",0.13859877448674163,0.1747871716039422,0.10580941047518899,0.1071318308026481,0.1747871716039422,0.027221945852207163,0.09181028288949865,15,-0.11527804626586757,0.3898695784075228,0.3960059622216321,0.15094084355712933,0.4216433574144056,0.15041555697515352
Japan,1932,0.12235428185410724,0.6304954719076039,0.10595511077202412,0.6195169086987515,3.56,0.616277874881354,"reconstructed, resident currency",0.16951153314500855,0.02466170043118132,0.1483319624231647,0.2235834018773204,0.02466170043118132,0.7390835883701248,0.5574695763826631,15,0.011143481427531077,0.014752360330941627,0.04104596303207053,0.16025907588768828,0.7786679134145447,0.7175861828340695
Japan,1933,0.2980160605501663,0.5926547913099411,0.38974819795319543,0.5862096419184635,3.9,0.5830372226346265,"reconstructed, resident currency",0.06504802705273915,0.0015710677498250725,0.03884642701947305,0.07069586712770692,0.0015710677498250725,0.4555433584833828,0.39902170410236143,15,0.03054094936252949,-0.13225649111595406,-0.1381424778166701,0.030170519994877854,-0.09969251380637167,0.00030132435931728985
Japan,1934,0.04523219324140504,-0.03814068491788658,0.013542036289146716,-0.03637076909230841,3.37,-0.038298027554123815,"reconstructed, resident currency",0.028894501785557525,0.01660656891542378,0.11594127845798696,0.11457131269991327,0.01660656891542378,0.10930056847723457,0.011063158720009425,15,0.014118962745509389,-0.019715646551808796,-0.020049162499802375,0.008767156750223437,-0.1456655292387703,0.4495872732387505
Japan,1935,0.06693020688441509,0.27953617113073137,0.276399571802766,0.2745404495142991,3.48,0.2719913686152706,"reconstructed, resident currency",0.03424936803000134,0.006066628210251501,0.011188720497275373,0.01035743381397447,0.006066628210251501,0.01588095003747303,0.011962810536006792,15,0.02474326280239869,0.029139019983720704,0.030086079494434648,-0.0020322077192309607,0.05175326032062055,-0.003658561229202273
Japan,1936,0.05737850964735447,0.24098624783370237,0.2657590918492968,0.23729891452646412,3.45,0.2348243166974111,"reconstructed, resident currency",0.0057742532603235475,0.004283943347477948,0.04025919945009293,0.038111600016571545,0.004283943347477948,0.015035122812417923,-0.019294202866118708,14,0.02313693839117592,0.27970629704876715,0.276995904707684,0.012372876775614161,0.2682200323232147,-0.03087960048173244
Japan,1937,0.09195786353269497,-0.2845925727272137,-0.24328142657431098,-0.27814550022757045,3.47,-0.2795892092271153,"reconstructed, resident currency",-0.028756694197727417,-0.0470770567462927,-0.0462047314611852,-0.045908754688690157,-0.0470770567462927,-0.09011590881578269,-0.09245715654572821,14,0.07803050223507757,-0.11020007344079163,-0.11032182620931419,-0.011132956950033579,-0.10751791432027502,-0.06607585190526621
Japan,1938,-0.10921023835574739,-0.037219804332348394,0.059725623593860494,-0.039103986217043696,3.52,-0.04102577824460962,"reconstructed, resident currency",-0.03870766015804883,-0.06268487701787662,-0.03420532319096681,-0.03861427189533029,-0.06268487701787662,-0.05984965958166444,-0.08440681195087651,14,0.09598146228428539,0.013003419999013888,0.014282793069542388,0.047570894586841384,0.026066035201844473,-0.07144029304640487
Japan,1939,-0.03853675034739645,-0.028071778114036383,0.017488423743132215,-0.028307682737169215,3.85,-0.030251067371694917,"reconstructed, resident currency",-0.066886842539438,-0.08136211342582422,-0.14188914951709208,-0.14366225185308146,-0.08136211342582422,-0.10495967425697572,-0.04162826331496705,14,0.11817726589884825,-0.19495509713115644,-0.20273384641081793,0.022205827566040615,-0.1361920436961247,-0.035624904104768707
Japan,1940,-0.05764634069011476,-0.10532300236330161,-0.08980656313670247,-0.10404491774710856,4.27,-0.1058368279116143,"reconstructed, resident currency",-0.11424893299091776,-0.11681576788061931,-0.049233514450511606,-0.04615933779347503,-0.11681576788061931,-0.007259740878481358,-0.07682346971773515,14,0.16261133502512815,-0.12480925191545589,-0.12448089566909981,0.0059249679692383594,-0.04222647698062365,-0.0527601864319186
Japan,1941,-0.1905238714918842,0.051242013623231664,-0.053376831011974796,0.04400020121400772,4.27,0.04191220081157976,"reconstructed, resident currency",0.023969251353362475,0.012627974876805004,0.07321291326505319,0.07392901290353904,0.012627974876805004,0.08633689536915523,0.025448327814705303,14,0.013995292103573531,-0.012694405378954055,-0.009604057305871105,-0.07583315048804296,-0.06694891244812995,-0.060481306090498954
Japan,1942,0.2150133158152392,0.13126703819898222,0.036482169754163185,0.133308593136088,4.29,0.13104197594981581,"reconstructed, resident currency",0.009963342743895431,-0.0007416068797582165,0.03060404620288293,0.03143045445716086,-0.0007416068797582165,0.03812747846090825,0.006271806768810044,15,0.027562046260340978,0.009241236617820059,0.00955811628296055,-0.07087970183543024,0.017374299079964795,-0.010165904183268681
Japan,1943,0.16000663603101573,0.09607598782580817,0.10310704695512717,0.0977459267545131,4.29,0.09555043490100412,"reconstructed, resident currency",-0.0214283185619093,-0.03170723659842101,-0.013835304519630776,-0.013974959652365837,-0.03170723659842101,-0.018022447026106336,-0.03577883667154909,15,0.060423084822345485,0.17939665916768122,0.18273670126201402,-0.019568422192413393,0.19522542488286931,-0.034333204032000464
Japan,1944,-0.20748345789165423,-0.16006812068842868,0.1372394601620252,-0.16136274822086794,4.29,-0.1630400227244262,"reconstructed, resident currency",-0.23306663652769055,-0.24134502258118362,-0.22305600692179728,-0.22440576085105524,-0.24134502258118362,-0.24339048135490204,-0.2605643602863337,14,0.35292066935233923,-0.18445431548551128,-0.1856859787108046,-0.011389603351630306,-0.20085904420040201,-0.2667525304670907
Japan,1945,-0.9034720866582836,-0.8131876759073997,0.2348125348715286,-0.8153798158410986,6.9,-0.8157490562094165,"reconstructed, resident currency",-0.903536555020095,-0.9045777949447451,-0.900481853312896,-0.8977423846232939,-0.9045777949447451,-0.8584660411751992,-0.8645035707555955,13,9.756406218684686,-0.8866613854593332,-0.8757392476090565,-0.013237632217602213,-0.8207639062243052,-0.8510480439543732
Japan,1950,-0.22497891126348624,-0.05412248703712996,0.19354513202029397,-0.05535871434847184,425.0,-0.05724799691977489,"reconstructed, resident currency",0.13278499669449562,0.11152514568089167,0.098454284996365,0.0955306917053822,0.11152514568089167,-0.21883581013513143,-0.21115702594767674,14,-0.06866704380751698,0.24285560233225834,0.21235735849847637,-0.044909057796571394,-0.17223005568666006,-0.2705348247200079
Japan,1951,0.20497366420707208,0.055352654616694474,0.13437220941145553,0.05658849134568977,435.0,0.05447531436299835,"reconstructed, resident currency",-0.10568791990326387,-0.11840325804382501,-0.13377150135319427,-0.1302756634717973,-0.11840325804382501,-0.11543165536098776,-0.1024797670760897,15,0.17967767984064276,-0.1393223240976934,-0.1392404368048733,-0.044855439335450886,-0.12669976795258475,-0.11880813498267495
Japan,1952,0.7241663221510193,0.0423375152344414,0.07935493176307812,0.048773868841027745,415.0,0.04667632110334563,"reconstructed, resident currency",0.0048624582930894,-0.00942468623544035,0.013620403217838861,0.013426134880582419,-0.00942468623544035,0.014960080914014018,-0.007578512099330906,15,0.04989492939566431,-0.051412689876210615,-0.05042970171399319,0.003226921042449371,-0.10708243436903697,-0.0822388067767712
Japan,1953,0.4732292784257417,0.0586084154180011,0.055898343614754084,0.06789254391368416,435.0,0.06575675882585674,"reconstructed, resident currency",-0.009884991114453068,-0.023962456259129072,0.0009664637831270362,0.0037205681371894617,-0.023962456259129072,0.05667241336385165,0.03077252889714795,15,0.0655327817820508,-0.09551627078328295,-0.09680618318889433,0.006703548557218442,-0.07531365461524653,-0.019099292176565363
Japan,1954,-0.1346000387826657,0.36715513537723443,0.479930864495407,0.35325772570313885,424.0,0.3505512102517325,"reconstructed, resident currency",-0.0010517266194025598,-0.022849699845390314,-0.003691846265324261,-0.005031395308631836,-0.022849699845390314,-0.03024199778369696,-0.048527359800865595,15,0.06431937741960092,0.4428435495645493,0.42242549612387714,0.018564239040369523,0.38234498250110005,-0.08063192574343925
Japan,1955,0.22582414834430886,0.21422492569251417,0.258460442653412,0.214416483569962,401.0,0.211987650602822,"reconstructed, resident currency",0.07601555629234613,0.05253590383003015,0.026679522871890127,0.02604344386110391,0.05253590383003015,-0.02786118791559611,-0.0028895012235733725,15,-0.01191019202146315,0.4707042662400718,0.435554728594606,0.011922977581826144,0.3498900922605441,-0.05217936547149915
Japan,1956,0.4580787382083855,0.03724874760838781,0.01690421508110355,0.045653434126649683,402.0,0.043562127258396366,"reconstructed, resident currency",0.05867358568607428,0.03537758869794505,0.002849979815471304,0.002724233614237681,0.03537758869794505,-0.01348554975500238,0.01873415559974353,15,0.004464468285235279,0.011677008034231218,0.01239940798317507,-0.012271588679896195,-0.022575957013387327,-0.019611453297491588
Japan,1957,0.14085236085380082,-0.10284094427056567,-0.09739184191547193,-0.09572242052697078,400.0,-0.09753097568591684,"reconstructed, resident currency",0.0311208666495002,0.08401720940091728,0.058289404394588296,0.056929004662047866,0.08401720940091728,-0.03242297832332397,-0.008542485252857123,15,0.031110938384517173,-0.08510027106627782,-0.07204021196123,-0.011143687996010843,-0.1672993947281981,-0.03532921912547027
Japan,1958,0.1301389168630942,0.312224621640508,0.29959171114544025,0.3065207728529862,391.0,0.3039077313072802,"reconstructed, resident currency",0.06780257693089942,0.10163168382944265,0.15487063666983736,0.14838809773198403,0.10163168382944265,0.07729984982410465,0.027931793445608047,15,-0.004310321618913315,0.16781539369710763,0.15977635624970743,0.006882515564111014,0.07648186108191313,-0.012442025914842447
Japan,1959,0.5242994121736835,0.2505290264995832,0.21299828764967843,0.25971338619877793,402.0,0.25719395942638035,"reconstructed, resident currency",0.05407366372775502,0.07423242346838266,0.08930459078049946,0.08865834814106344,0.07423242346838266,0.06998797126199285,0.05504839418676276,15,0.008658162123880597,0.26974684468104204,0.2627704726726203,0.010506777644549326,0.22883124028444546,0.009667469859047317
Japan,1960,0.3124764829074125,-0.06946549346059938,0.006647838302858009,-0.05256985593643093,380.0,-0.05446471622455806,"reconstructed, resident currency",0.024718611659380274,0.043685965593865284,0.04165217279049882,0.038544548240154075,0.043685965593865284,-0.04712239218281744,-0.04516167995037644,15,0.038626593249922125,0.036773989674054874,0.03455281570833524,0.012803101551821738,-0.07066906883344148,-0.09416198119333885
Japan,1961,0.14317969481417947,0.1241720122949248,0.18360572625377525,0.12528960136146328,373.0,0.1230390221587403,"reconstructed, resident currency",0.010041671491366033,0.02770131662963271,0.014268339608987546,0.013153835433032501,0.02770131662963271,-0.03409716440273636,-0.02126382208550979,15,0.05371890161332793,0.01379118249303235,0.012520042424513989,0.023604783271376606,-0.04931161001505702,-0.06764161177242156
Japan,1962,-0.08136602258309722,-0.08049412662887456,-0.10073374205411564,-0.08053979582420656,398.5,-0.0823787162325581,"reconstructed, resident currency",-0.00221874937415123,0.02035156451165676,0.08565687004586264,0.08766130478775325,0.02035156451165676,0.10349529455586404,0.036879744430065996,15,0.06666666666666665,-0.14686251563352304,-0.14841174140329738,0.01825126995188109,-0.13723452712794837,-0.0030839956132303614
Japan,1963,0.027700089692113572,0.047134750702036765,0.15895549118241847,0.045799352235350144,381.0,0.04370775353087941,"reconstructed, resident currency",-0.011980969347289872,-0.0016378197378359438,0.0062575917017912985,0.0031040095394356815,-0.0016378197378359438,-0.06766901711872009,-0.07496969711008614,15,0.07720597240365779,0.04748992729393908,0.04088588820606032,0.01837742808505438,-0.039738712238096996,-0.11986020808075348
Japan,1964,-0.12188612730594739,0.06113430668032027,0.08242644944409461,0.05082294402998744,380.0,0.04872129814192738,"reconstructed, resident currency",0.030242024253695154,0.06043065899687727,0.040485490935704194,0.039081473170172076,0.06043065899687727,-0.01534348022118559,0.0039199189759392995,15,0.03754261253506841,0.3068901747886186,0.2905682649650556,0.027000180476569158,0.23277594660804302,-0.04060040886184091
Japan,1965,-0.05707838234043672,0.04222509349414727,0.06765354413893897,0.03716951381530964,386.0,0.035095174787679095,"reconstructed, resident currency",0.007272153734759312,0.0036457304264208013,-0.005005764824770886,-0.0054364602960491615,0.0036457304264208013,-0.013354097769309958,-0.004493451639197425,15,0.06578941761385271,0.11187777550409828,0.11111595269461527,0.03155536016230376,0.10637938000073999,-0.0462589544143448
Japan,1966,0.19584624443413512,-0.12967274002291285,-0.1083213095049921,-0.11271637726758832,384.0,-0.1144909445130532,"reconstructed, resident currency",0.017627257514923667,0.005635191081825974,-0.013692377078674656,-0.014094236211306455,0.005635191081825974,-0.028474821229311997,-0.009282680731763911,15,0.05246913668392894,0.0563005095938689,0.05436315689494364,0.010884962315295343,0.03365529682063073,-0.07014425790569756
Japan,1967,0.01743075293679852,0.16230816601620712,0.19627055738715174,0.15334627835969417,386.0,0.15103958580297472,"reconstructed, resident currency",0.024655045556126964,0.024830163654854687,0.022640319240220252,0.021400280230145174,0.024830163654854687,-0.025665832461721272,-0.024239798469057112,15,0.03812323161222686,0.09015249006760562,0.08900317202426167,0.01912916025527034,0.0789457037020056,-0.03807704230373066
Japan,1968,0.080435068967873,0.10994027373506987,0.1656741867469974,0.10853160458014721,373.0,0.10631454137098695,"reconstructed, resident currency",0.011529308480515699,0.023847753704254737,0.03565296265789675,0.03200367304523799,0.023847753704254737,-0.02706374399136824,-0.03788332242218176,15,0.05367228315662076,-0.026854525609428692,-0.02694838730165061,0.011003722479790534,-0.08131828894729698,0.08923860278562779
Japan,1969,0.2724654744043433,-0.1137825930834806,-0.11935247060904891,-0.09283326857063012,376.0,-0.09464760203348888,"reconstructed, resident currency",0.011978448907715267,0.022190882529918188,-0.03728312221973373,-0.03740806391025886,0.022190882529918188,-0.0437554111803673,0.015462610636481067,15,0.05361925838860637,0.1932998634594132,0.19328166029839267,0.01323387456286551,0.19320800986340925,-0.20479001650134532
Japan,1970,0.016020928267565182,-0.06744224770626783,-0.060856243497083684,-0.06065032951416183,380.0,-0.10026846837818915,"MSCI World, resident currency",-0.009129067580178285,0.00604436423099286,-0.012369091138229593,-0.012345671706118888,0.00604436423099286,-0.014243749268991968,0.004279006706662939,15,0.07633593537726502,-0.05120320329541572,-0.051041261714418695,0.020938455464238448,-0.04273403956688249,-0.003926849654251496
Japan,1971,0.0628219505605998,-0.06802156762727207,0.10386334574305434,-0.058328292073601906,314.799999998,-0.044267141548833044,"MSCI World, resident currency",0.0065111889853504135,0.003250769479653748,0.0489193759498745,0.03727733567196889,0.003250769479653748,-0.07607827424133673,-0.11577914134926655,15,0.060693627709408116,-0.12121385272445584,-0.1095201688190921,0.017643971771362565,-0.2743801747033021,-0.08359787753985781
Japan,1972,0.5404446778191423,0.10642724672265924,0.16484647160876037,0.14492780566848174,301.999999999,0.14159862857234806,"MSCI World, resident currency",0.03943160097637488,0.0008666626491788954,0.01922137637625121,0.018264506798183255,0.0008666626491788954,-0.008538145773255512,-0.02706328498595859,15,0.046321491325760356,0.11172333511248089,0.10511329213311305,0.01154035341542925,0.06389158710553922,0.35664232267244556
Japan,1973,0.17440907546821371,-0.28321250376353024,-0.2125611719779768,-0.21664850846115213,279.999999999,-0.3237319470643434,"MSCI World, resident currency",-0.10450373753354902,-0.03855779126290593,-0.10616884493533141,-0.10686939027440678,-0.03855779126290593,-0.09914064656818322,-0.03029640607456777,15,0.11458337337022728,0.4219444907929384,0.37795700195115,-0.005739170208360234,0.29975919458255795,0.39769375881442115
Japan,1974,-0.2969491414364719,-0.35509875612209285,-0.3434397873178306,-0.34727542373080933,300.949999999,-0.3500689010943806,"MSCI World, resident currency",-0.15161319330701628,-0.09630893556287379,-0.16417879327143636,-0.16261154425054325,-0.09630893556287379,-0.0688036615270462,0.005917357401213737,15,0.24532713751096846,0.1341775017807052,0.14649045821798778,-0.018682411153460032,0.18002107994744554,0.4144402614386209
Japan,1975,-0.060199943472697415,0.24930915803775733,0.27630651549642204,0.19955989808679653,305.149999999,0.2520019725238809,"MSCI World, resident currency",-0.034199029436767114,-0.01027174032005762,0.026757113933708165,0.0179506139325476,-0.01027174032005762,-0.060901887807307764,-0.09413823263331017,15,0.11819884512297785,-0.1321236646214552,-0.13203054723172347,-0.002214119066057396,-0.13409640875428908,-0.30806345719421013
Japan,1976,0.047947642036603844,-0.013304144008061236,0.06763753128614877,-0.00437051041687242,292.799999998,0.024003926327127,"MSCI World, resident currency",-0.011643586733917521,-0.022112085470664677,-0.030258685605491165,-0.032014988276475864,-0.022112085470664677,-0.06616588191633599,-0.05933029408797589,15,0.09395973196977736,0.1101126758687132,0.10125533656860841,0.0049242743921680265,0.05840103254192397,-0.15631634113254167
Japan,1977,0.020825747120712945,-0.22546066885117888,-0.0779952971582255,-0.18790356606615521,239.999999999,-0.20548063938656336,"MSCI World, resident currency",0.12656064612607576,-0.021261394627457464,-0.0044069296766094945,-0.009481180249716559,-0.021261394627457464,-0.13980540512047968,-0.1625121896008158,15,0.07975458911984368,0.22759732649160092,0.17291813927098065,-0.011551278487003214,0.0020373478217778906,-0.07454622099254149
Japan,1978,0.09552315484683205,-0.12125520616914143,0.016900179497000622,-0.0886427226436105,194.599999999,-0.08256174627835278,"MSCI World, resident currency",0.033947032683561806,0.005024970687552477,0.009126571280008378,0.0010218657475877801,0.005024970687552477,-0.06882106398204313,-0.0706831506104726,15,0.0383523107534125,0.28095600494412687,0.22278006548377127,-0.010424790546951224,0.06004920687002224,0.05233400176635472
Japan,1979,0.06357350643050852,0.3936021454333205,0.055027055402148785,0.3334439845209174,239.699999999,0.3380277191001668,"MSCI World, resident currency",-0.0919615693356366,0.022214087803084537,-0.06048528198618752,-0.05817550057541421,0.022214087803084537,0.20305347712584143,0.30946249051210295,15,0.035567709155187144,0.4128680670544864,0.5269269447357141,-0.02032579690849734,0.7633310291163795,1.5945181374299704
Japan,1980,-0.015501821481682998,-0.00010060932630429065,0.1475436260461966,-0.0028553136096290954,202.999999999,0.001600877885180818,"MSCI World, resident currency",-0.013217792077925727,0.026575287202321052,-0.025143529064291736,-0.03476958986383982,0.026575287202321052,-0.20995699338276552,-0.16759128742969243,15,0.08058124141352563,0.20041646398255986,0.15860704577054374,0.000695567814542164,0.019795319164847225,-0.11010286351491771
Japan,1981,0.12067515488640312,-0.01128867721693505,-0.09021783775955053,0.00963360925001222,219.899999999,0.001912078836297848,"MSCI World, resident currency",0.08609236182223934,0.024255402882042976,-0.02445977967433899,-0.02758967155965808,0.024255402882042976,-0.050043002072009846,-0.0007526373231577122,15,0.04889971511903801,0.056566207025296356,0.08900855902823124,0.06875376114405274,0.246071354301151,-0.3033262732903267
Japan,1982,-0.02016684406237823,0.1847294054760018,0.10730125711292701,0.14432182990100806,234.999999999,0.17655916028763108,"MSCI World, resident currency",0.0735338803743446,0.041435216291039856,0.1282795672534469,0.12286796712453363,0.041435216291039856,0.08177166629909927,-0.004083096158975389,15,0.02680654870597854,0.1687496605988521,0.20790280429042474,0.08419578734237465,0.3428139593180439,0.21690676491716698
Japan,1983,0.20126632885696427,0.19426022128329756,0.2145278605468949,0.1956161521754527,232.199999999,0.2020066874776647,"MSCI World, resident currency",0.09212288377634703,0.04494516755052946,0.09318360619002353,0.07717267844068121,0.04494516755052946,-0.018290666161142388,-0.06081294004931658,15,0.018161174381973844,0.10686416392619069,0.10942508676043361,0.04999397713684739,0.12545923504193612,-0.18725403308362054
Japan,1984,0.2469278412129634,0.09584076007421882,0.04412689341132521,0.12609991968488843,251.1,0.09602412618977008,"MSCI World, resident currency",0.10535916028240955,0.03785912452751461,0.06746429925857811,0.06656797765955225,0.03785912452751461,0.05257177019049153,0.02350124128333361,15,0.0222965472339971,0.04163676331768462,0.05494394570241368,0.06256920408590982,0.17502984072439154,-0.14961759652516382
Japan,1985,0.1918710563781485,0.10700015098648752,0.26765708913211333,0.1282580325499303,200.5,0.10581517906608107,"MSCI World, resident currency",0.09705561637061444,0.052488743333182875,0.121174075054304,0.11720290782665188,0.052488743333182875,0.08375377883880786,0.014971483510836874,15,0.01962924499818164,0.29040869385162993,0.22821602698965893,0.041566294338919674,0.034384765691787944,-0.17606760962018897
Japan,1986,0.30852548083940423,0.02767388970453144,0.22819473763474424,0.0891739389623305,159.1,0.12263425641437564,"MSCI World, resident currency",0.05415434534253838,0.042920668707346454,0.10276734759324802,0.09165142495783529,0.042920668707346454,0.037260192553375315,-0.01715970409197982,15,0.006417104983667654,0.22095463536048254,0.1739538614307372,0.05503815580608573,-0.009101262548682598,-0.06063380677711061
Japan,1987,0.4735992964944933,-0.17787375053471177,-0.0511919982387878,-0.00664333676841522,123.5,-0.10223361726162483,"MSCI World, resident currency",0.04485492209663744,0.03558738962032826,0.02548161361509438,0.02466596880526306,0.03558738962032826,-0.005387188836941781,0.0035116426281503427,15,0.0010626913494935497,0.1663699637274476,0.12744451758567843,0.0219249880214456,-0.07680593305939232,-0.04647879081201989
Japan,1988,0.08854205320660613,0.20001743389755045,0.16226795295974672,0.16628090838792864,125.85,0.2555770409657905,"MSCI World, resident currency",0.041326678504788994,0.03068876879500748,0.05977824416678268,0.06035194831439661,0.03068876879500748,0.06098607797210431,0.0331871178376726,15,0.007430982822192345,0.1103989777633041,0.11732150132892549,0.030389429819428715,0.16341734861470636,-0.1527607635025059
Japan,1989,0.18079539968487457,0.42741644289029646,0.242444429470168,0.3387129263259736,143.45,0.293944238208512,"MSCI World, resident currency",-0.029975243106854288,0.02841369536567928,-0.020646982035592898,-0.010835863185884698,0.02841369536567928,0.16548917472643265,0.22393291045528116,15,0.02212855175282824,0.034914205443650426,0.051225376596387484,0.04313487985098852,0.22180616661800356,0.07640900147437568
Japan,1990,-0.1577976220042807,-0.10443052585181667,-0.11160388866270965,-0.12420228106322628,134.4,-0.26137166740911644,"MSCI World, resident currency",-0.04688590387933933,0.04175962295670965,0.011751666830414065,0.01759271119943695,0.04175962295670965,0.09020381513428477,0.12308239403048032,15,0.03092783987808745,0.062078686320960585,0.056188556159387115,0.019629465469601426,-0.00869772191372209,-0.1339166364076626
Japan,1991,-0.1820857795067472,0.07507179278078935,0.15101384448925995,-0.001051942147718421,125.2,0.0903558446575401,"MSCI World, resident currency",0.12397943498238262,0.04090355882841901,0.11367745424250342,0.10446186788992717,0.04090355882841901,0.047530408964796766,-0.021407686093596962,15,0.03300002013306291,0.031481820850167486,0.027252155328705285,0.0295655869605842,-0.04648023635370968,-0.17343819755744228
Japan,1992,-0.27316152548490324,0.06453122237117204,0.10099753340691535,-0.019675052179086716,124.75,-0.0669131989049192,"MSCI World, resident currency",0.09727617036147551,0.029653190212152403,0.06982290996756713,0.0611711764162417,0.029653190212152403,0.0006161224370517804,-0.03597847067434402,15,0.016456909103997885,-0.00318373584898346,-0.003191756975943205,0.008383806062487231,-0.019236458785406696,-0.08392424082785854
Japan,1993,0.11486472557352845,0.02874249198309098,0.15438572041135026,0.0452848658151106,111.85,0.08841786805546015,"MSCI World, resident currency",0.1348985327397092,0.017033049593867755,0.18446884839518285,0.15147583365423056,0.017033049593867755,0.027095914206604732,-0.1167952760284258,15,0.013333342463974107,0.18922180168441916,0.16822208107248726,0.004321478172269577,0.06526635598254438,0.03412443044374447
Japan,1994,0.05845384387476038,-0.10319425251463854,-0.03896472911009265,-0.07398258005580383,99.74,-0.07737479828821314,"MSCI World, resident currency",-0.06837366134205936,0.015277654724630496,-0.120701047905732,-0.12272033630253154,0.015277654724630496,-0.10076776277883315,0.038801676065783934,15,0.0065789340305089095,0.015176428291731936,0.011695141770351247,0.016542435122898214,-0.08072985731401638,-0.141071355442435
Japan,1995,-0.1360125533504538,0.3610039209157829,0.27126954801812075,0.2614698153606583,102.83,0.24136520615905033,"MSCI World, resident currency",0.15882354003990828,0.013080513592367726,0.16606496333805731,0.19520385033279042,0.013080513592367726,0.3290284858958945,0.15467507855923407,15,-0.0009336998875701941,0.1854249801697736,0.20324844186678614,0.033488873052366586,0.2779992268193492,0.036632609831505514
Japan,1996,0.16871299658689698,0.3907811740103495,0.20338546758068246,0.35275518368145153,116.0,0.27009993963514756,"MSCI World, resident currency",0.07075526960741119,0.0037601135548011033,0.09013632050755915,0.10524454605218914,0.0037601135548011033,0.21530511532869534,0.11968141269395141,15,0.0009345724978062631,0.15948432250402522,0.1948610006301974,0.020154971252071885,0.36347758066154845,0.06361440623032433
Japan,1997,-0.1431287543678117,0.404415172634468,0.28966128135664515,0.32675112534027306,129.95,0.28005759782923856,"MSCI World, resident currency",0.08848901835525358,-0.012675175946772255,0.07286731732979335,0.07617467426979996,-0.012675175946772255,0.09867189041598734,0.011072594974003163,15,0.017740439205020886,0.17625420967885264,0.22102162986030005,0.038183713171633826,0.39086410111141334,-0.13443987779395838
Japan,1998,-0.15435858113105339,0.10025578888645814,0.2159544911401585,0.0761683376073039,115.6,0.09636360171692315,"MSCI World, resident currency",0.018185571093044972,-0.002689930490929915,0.1049125586711337,0.09846566740951368,-0.002689930490929915,0.054943760379316364,-0.04789194819143579,15,0.0064220053527532794,0.22502207293257293,0.20638699118788906,0.0384762766424287,0.14275600522908816,-0.1290912469879666
Japan,1999,0.20847254861389874,0.07407745974358937,0.2281182691219298,0.08473891770596143,102.2,0.10159732755894879,"MSCI World, resident currency",0.047969887838418046,0.0033294157675118896,-0.07593977540199992,-0.06751502111037766,0.0033294157675118896,-0.22307866644378238,-0.1572512512893614,15,-0.002734710801193363,0.005067749672076571,0.0015680497826351392,0.025016298269186832,-0.07035774193351119,-0.11426575218600266
Japan,2000,0.12880323702924978,0.044875287920135065,-0.07519353468188027,0.053905109622806924,114.9,-0.0170498548269834,"MSCI World, resident currency",0.02224387489511548,0.008458281318665772,0.055300320113258916,0.06318911938248495,0.008458281318665772,0.14200970350222586,0.09107930860425197,15,-0.007312629057815712,0.006125028659254017,0.01756300868580629,0.02935847551351123,0.2025680841297257,0.06617269623983657
Japan,2001,-0.21206649544157596,-0.016794448220291525,-0.15642532605643436,-0.03399620873712261,131.8,-0.027036591333569504,"MSCI World, resident currency",0.06328519576669644,0.008036236388193618,0.014443396703565092,0.020212320107204196,0.008036236388193618,0.14367477619253566,0.1368160112127964,15,-0.0073970916210025495,0.10307260564162357,0.13359839843566057,0.024736810195639336,0.3327590894261143,0.17379756629223464
Japan,2002,-0.16066338473536468,-0.24959493988322745,-0.23703080807519028,-0.24219071089924105,119.9,-0.27089821092699506,"MSCI World, resident currency",0.07771354044085954,0.009438185183844094,0.08859322118732593,0.09881940063474826,0.009438185183844094,0.19316332353488064,0.10728981481953252,15,-0.009241561610410787,0.06773057415840111,0.06218486267107348,-0.00596150761007852,-0.019350964526227643,0.1382354627158653
Japan,2003,-0.043047327891900244,0.15994700691600583,0.19816106773823905,0.1410180772668963,107.1,0.19481877484055032,"MSCI World, resident currency",-0.024489453510451176,0.002606254525126639,0.018525994780548283,0.021200231787105173,0.002606254525126639,0.08953970278451151,0.07308330771650713,15,-0.002585914972652814,0.1847121939820069,0.16637665114730815,-0.006956332666097742,0.07472689594370974,0.07184298680892787
Japan,2004,0.25302972289881254,0.1298344424736413,0.10792329285424304,0.14185187719497394,104.12,0.10847059878727139,"MSCI World, resident currency",0.017748150054487377,0.00011140150827948503,0.0639403792255342,0.06982186498642862,0.00011140150827948503,0.1322862214402647,0.0641113672784463,15,-0.00010288171689010195,0.154693954575009,0.1515819549314361,-0.017486342515833142,0.1327240573245314,0.007121275467855126
Japan,2005,0.15717447561328313,0.23144800035414215,0.0985482576090458,0.22383274968167144,117.97,0.2446363026380194,"MSCI World, resident currency",0.022890692572825833,0.0028499857658708105,0.049938607544524505,0.05146229497540311,0.0028499857658708105,0.07339575416893096,0.025803039680389092,15,-0.002829538322237979,0.053094299410324286,0.06715299561996035,-0.0006986459582450921,0.2327168731198177,0.33340489312609
Japan,2006,0.26849343921226887,0.22804573629827152,0.13822633663864745,0.23348634135809965,118.95,0.21605327065832292,"MSCI World, resident currency",0.001968843779172502,-0.0012692305473626098,-0.0365192173299258,-0.03717558972030066,-0.0012692305473626098,0.09785827452713147,0.13840136885586046,15,0.0025176961016983856,0.14066146736802598,0.15353298017074768,0.024767261591463807,0.21531514169908017,0.24276473147850397
Japan,2007,0.02621782185301602,0.057159553517321715,0.04357177059789447,0.05331360507578786,114.0,0.03161008507395335,"MSCI World, resident currency",0.03815353056396287,0.004096104789418797,-0.02389720285234631,-0.023684584568732348,0.004096104789418797,0.05944760648647507,0.0908014620405854,15,0.0006278433067785638,0.18252758346684095,0.1808649976148815,0.011644528236934182,0.17348245521041483,0.24309205615887586
Japan,2008,-0.28338892359243284,-0.5423730285527388,-0.40922989183407377,-0.5126973703113447,90.75,-0.516522163295942,"MSCI World, resident currency",0.04040086377522245,-0.009104803832519104,0.09130110773945543,0.05675995685835966,-0.009104803832519104,-0.1671360420563579,-0.24217856278335584,15,0.01384503029243267,0.26097813712571827,0.21016173198085597,0.03138761247384991,0.07014159162860722,-0.15266727063216623
Japan,2009,-0.23966212264782372,0.38324606898702895,0.30074911226226003,0.3113517171631077,92.06,0.2955850568440723,"MSCI World, resident currency",0.02348808111896772,0.014745098582672034,0.008950138532280105,0.0080831310076801,0.014745098582672034,0.09985848911393425,0.10816554906703549,15,-0.013493633642773784,-0.04793992186596552,-0.04705550174768525,-0.019834602641820354,-0.05763701215816108,0.24123171955943623
Japan,2010,0.045301084586227613,-0.00761885670246365,0.10198219445379186,-0.002347227632964133,81.45,-0.0018903664898947126,"MSCI World, resident currency",0.04674018651840406,0.008213924013252383,0.04269033756939633,0.03821313017314387,0.008213924013252383,-0.0823920778884244,-0.1132485755439899,15,-0.007219622563891637,0.018747139921113654,0.01705298664320898,-0.011732246102603261,-0.09538961623716802,0.14956723232045532
Japan,2011,-0.04564209689661025,-0.06724426421363572,-0.04881804372755684,-0.06520215758946069,77.72,-0.09545471637282277,"MSCI World, resident currency",0.03712118818188892,0.0035115239001490828,0.08360875314244942,0.07943379413322171,0.0035115239001490828,0.02768392007158149,-0.04879628132568295,15,-0.0027244569214672776,0.08641074754178413,0.08272801421208631,-0.025979726392153846,0.04074702178611389,0.03898746793468
Japan,2012,-0.0431063589666677,0.31360391952484346,0.1454065772556336,0.28112684690211576,86.55,0.30711629791973594,"MSCI World, resident currency",0.036729327776792386,0.0013875337098454565,0.1229046164585803,0.14111040920591633,0.0013875337098454565,0.2795669723525793,0.14117590345383363,15,-0.0005609224057339102,-0.0523243096597803,-0.0579736941472927,-0.014131120381582707,0.061590405830937334,0.2057103470114361
Japan,2013,0.7157964872221896,0.5550227791195839,0.2537933773726486,0.5699027633163936,105.3,0.5317373986771678,"MSCI World, resident currency",0.013467908160243791,-0.0026706233233149135,-0.026599928078966717,-0.030046891967105194,-0.0026706233233149135,0.19272257196085651,0.22104760817020896,15,0.003429782988276564,0.05774813206553442,0.07123175277465976,-0.01307117198017016,0.28792508107730286,-0.12269069030638757
Japan,2014,0.07419154875916756,0.2179304076176134,0.10865242321367616,0.20127292096659777,120.64,0.17262883202242074,"MSCI World, resident currency",0.025372864962070363,-0.026210833142557677,0.14870163770463907,0.1530417251874454,-0.026210833142557677,0.1738178255314382,-0.0053269838045609365,15,0.027613779959811957,0.1462706513527805,0.17494049928528344,-0.006284064445272408,0.32620428006962787,0.1233071855709238
Japan,2015,0.10291953493448269,-0.001851764420459645,0.032012273530913814,0.010526767892027111,120.5,-0.02230474057919629,"MSCI World, resident currency",0.009813889544674215,-0.007137548706772745,0.0016374781109917969,0.0007026971615959887,-0.007137548706772745,-0.08092062342934658,-0.08903498556115502,15,0.007922428738459164,0.06867584019823103,0.06827989978070659,-0.00531491867575451,0.06281729493039423,-0.13648696972541763
Japan,2016,0.006347258834403791,-0.0021958489621761723,0.04226133951445332,-0.0010707076365631396,116.8,0.03112847280666453,"MSCI World, resident currency",0.16399971451436524,0.0005606619678826252,0.04260549429304783,0.039849535003021685,0.0005606619678826252,-0.021187529603392874,-0.060417644019820325,15,-0.0011400228004559976,-0.06604748338921473,-0.06388846883475152,-0.014283553872012966,-0.09562169676864585,0.037052012482033714
Japan,2017,0.21349962110085485,0.1738353436277007,0.1550114230539332,0.1786790639024447,112.9,0.18015368994011616,"MSCI World, resident currency",-0.005724948253881368,-0.005455758731575444,0.019920859549724668,0.02188395000085075,-0.005455758731575444,0.0853914041105992,0.05799656922768593,15,0.004862286191922527,0.035981301732944004,0.034834743556411585,-0.00991627081888169,0.013409432855553183,0.07962028523333542
Japan,2018,-0.1600079834714171,-0.013481441963842822,0.012921330012430891,-0.0332209891709252,110.83,-0.10948618646185071,"MSCI World, resident currency",0.023367170011442173,-0.010338293288064904,0.001836800123869553,0.0008660102065167763,-0.010338293288064904,-0.057994751608907325,-0.06926071729209202,14,0.009890544639324927,-0.08136042431676282,-0.08172389060057705,0.0017853235335945072,-0.0740621443485695,-0.03674310660287461
Japan,2019,0.17927993501610473,0.11924352440100261,0.12788514392083317,0.12720493004125033,109.12,0.24654258657702255,"MSCI World, resident currency",0.04172725927332732,-0.005335900019996065,0.05540788410207953,0.054022338443327156,-0.005335900019996065,0.031214847162442938,-0.02806600216612077,14,0.00468087671012718,-0.022963172918283092,-0.02296296199775283,-5.033643403207222e-06,-0.019947668606119073,0.1502392429998276
Japan,2020,0.0785911606181513,0.056166226033245614,0.06622055512936789,0.0590898714771102,103.63,0.09636437952559751,"MSCI World, resident currency",0.004715779984178159,-6.0070204914386416e-05,0.031376225285099535,0.031465041161026885,-6.0070204914386416e-05,0.05483176249146782,0.02322076506622833,15,-0.0002699460107978835,-0.11920490251129756,-0.11441954340297611,-0.00489791713896115,-0.1569469245053654,0.1781963383944727
Japan,2021,-0.021381545766844368,0.3139030710509121,0.20291585802822715,0.27009427781619055,106.6676016031283,0.22962942317769564,"MSCI World, resident currency",-0.0034693275467645446,0.0032491472321332093,-0.029168388688218694,-0.031600611189866123,0.0032491472321332093,0.03691867139737859,0.07169771685064079,15,-0.0025829029999999997,0.08245581570123162,0.08286973480634607,-0.0646718177027612,0.0902056247426688,-0.03953123742824605
Japan,2022,-0.012701329439353093,0.0018132175585952037,-0.1611590826244424,-1.924990492141454e-05,127.71576911654626,-0.029748173725580807,"MSCI World, resident currency",-0.07300626304205293,-0.023828668230099548,-0.1549348852414575,-0.16553750543076828,-0.023828668230099548,-0.08557135160197193,0.05705098640053418,15,0.02506056,0.13972814938651634,0.1858183170115728,-0.04319532740699539,0.4091308393280111,0.18589842820394353
Japan,2023,0.28604821280457804,0.24225461675037163,0.1403462046603546,0.2477087794016497,136.49052327449638,0.29011641765648966,"MSCI World, resident currency",-0.028693025915584536,-0.030786493907903778,-0.042740294286859104,-0.039815150623483286,-0.030786493907903778,0.061664343638017316,0.07437953018786553,15,0.03251569,-0.06530369841843264,-0.06275459229836233,0.017003513512843016,0.05706937053745542,0.1906217455330932
Japan,2024,0.0630021257922031,0.27325436251739466,0.1790783664397901,0.24688318400345333,147.01708270369576,0.2435657373212914,"MSCI World, resident currency",-0.048616218455801996,-0.022221092716235846,-0.03905572460766604,-0.03702353257439872,-0.022221092716235846,0.06564027529757444,0.0844173495551173,15,0.02591557,-0.015739778734392362,-0.008701504480361,0.02171369326854866,0.11142757180063612,0.31344520672239384
Japan,2025,0.322116806950971,0.14804238299805417,0.15212992376785828,0.16733147308882068,145.29323796880868,0.17097866474044054,"MSCI World, resident currency",-0.0909320250269039,-0.010763018283561632,-0.020495975876998362,-0.01967369635722982,-0.010763018283561632,0.020055611312522537,0.030057243223307155,15,0.01917833,0.07643221451712434,0.0787974997664973,0.015139307087717269,0.09683475968464839,0.612826536387935
Netherlands,1927,0.1511128544807434,0.26766338390492495,0.2594431858807037,0.26766338390492495,2.4934,0.26512805713711507,"reconstructed, resident currency",0.032375022768974304,0.03669999912381172,0.07157713305959335,0.0748193923196383,0.03669999912381172,0.10092097614972717,0.0638664858175225,15,0.0,0.2541915923172149,0.2556484008389954,0.06069651650102048,0.261219948572077,-0.0015966170205113928
Netherlands,1928,0.07679118937860929,0.29873036763423966,0.32429170895185755,0.29873036763423966,2.4861,0.2961329068989711,"reconstructed, resident currency",0.05903250598963172,0.03480148025505958,0.0658202151967584,0.06446181028589781,0.03480148025505958,0.055336846376089044,0.02522407446196153,15,0.007246337268355552,0.2953193853809486,0.29167099264778673,0.05045226040342521,0.279186735857343,-0.021321329875360395
Netherlands,1929,0.05836773838714193,-0.06139370282315504,-0.07301853542335257,-0.06139370282315504,2.4899,-0.06327091541750873,"reconstructed, resident currency",0.01894853786816464,0.05579561080273776,0.07333956630570038,0.07353146516364872,0.05579561080273776,0.06438604487688271,0.04653714355655654,15,-0.007194205627997108,0.2048297139390174,0.20326314601437656,0.03785806464463959,0.19476582146773702,0.0030705828571815363
Netherlands,1930,-0.17985760534098083,-0.17642406743800043,-0.1848768609393688,-0.17642406743800043,2.486,-0.17807121930312442,"reconstructed, resident currency",0.14405847333534938,0.05917606208222059,0.10411526279198124,0.10621563280760515,0.05917606208222059,0.10341675462164113,0.05650574952825707,15,-0.0362319952266984,0.129668269514277,0.13835638041540488,0.10740235214556271,0.19496528955538328,0.07223821657662977
Netherlands,1931,-0.20093599852666955,-0.31719556817050865,-0.29206749886720124,-0.31719556817050865,2.4857,-0.31856117703416764,"reconstructed, resident currency",-0.040388610408286674,0.07964079926277678,0.016249568104942158,0.0172874632823532,0.07964079926277678,-0.04729637584806101,0.012606494239400811,15,-0.06015037513659871,0.27730361615559307,0.28526213915069487,0.15094084355712933,0.31851230820092025,0.06696033397313061
Netherlands,1932,-0.2503848857504264,0.014506205603957989,0.10630942043993054,0.014506205603957989,2.4817,0.012477193192750091,"reconstructed, resident currency",0.33564263915539616,0.08631460430322857,0.21742598639486466,0.1957518785574901,0.08631460430322857,0.08940578699056534,-0.024361807034711847,15,-0.07199995635084899,0.07580902878950724,0.07713051019772443,0.16025907588768828,0.11420240577639507,0.07593927039936998
Netherlands,1933,0.18061241131652106,0.17264418454070785,0.3877415801265523,0.17264418454070785,1.9335,0.17029889617162652,"reconstructed, resident currency",0.011600775813643827,0.019791256494878562,0.05774471450689367,0.06226636023516785,0.019791256494878562,0.07604594598733794,0.03426093374244879,15,-0.008620643193882338,-0.11647084092771254,-0.07707517632086092,0.030170519994877854,-0.3344257214913017,-0.2605028365735922
Netherlands,1934,0.10269230604171753,-0.13193436465257646,0.014214783968526302,-0.13193436465257646,1.4841,-0.1336704959232713,"reconstructed, resident currency",0.12409166991710663,0.008899999782443047,0.1074816846743678,0.0944759592835509,0.008899999782443047,-0.0007093269063652707,-0.08920448332193436,15,0.0,-0.027146868590721462,-0.027685058282322816,0.008767156750223437,-0.23039030845714015,0.3058309741706813
Netherlands,1935,0.08990997267350709,0.30392543793268567,0.27147755262041323,0.30392543793268567,1.4768,0.3013175870568203,"reconstructed, resident currency",0.01532478442347629,0.06898204816232623,0.07442445580246404,0.07221400128210487,0.06898204816232623,0.03930245067535876,0.03529397705863089,15,-0.03478266671229924,0.09349729588292988,0.09276460417721277,-0.0020322077192309607,0.07600180997261385,0.019312448949560856
Netherlands,1936,0.29639606156513976,0.404260626495629,0.2615742537323157,0.404260626495629,1.5509,0.40145210524263764,"reconstructed, resident currency",0.16889491633960452,0.06434326906511556,0.10246995817465532,0.10479726073045881,0.06434326906511556,0.15200445158488574,0.11304271015075205,14,-0.045044930877198186,0.3562367422744268,0.3758498257991991,0.012372876775614161,0.43935425483347346,0.09989397339611839
Netherlands,1937,0.5206813441189395,-0.1422561399645481,-0.23754165893649853,-0.1422561399645481,1.8167,-0.14397162768461902,"reconstructed, resident currency",-0.0220617436269418,-0.05177317567010142,-0.05090514930896062,-0.04558906229525772,-0.05177317567010142,0.08117008732818332,0.07838809890002262,14,0.05660373058953394,-0.11458511454311904,-0.12253249592205062,-0.011132956950033579,0.06049214824421667,0.10973569330057664
Netherlands,1938,-0.06266129532989817,0.02062533285965862,0.05530412100009373,0.02062533285965862,1.8179,0.018584082193939366,"reconstructed, resident currency",0.01572909365137809,-0.016070203894584467,0.013825698671173114,0.009783457488506064,-0.016070203894584467,-0.0014098920548514249,-0.027493517599554422,14,0.017857172307586655,0.06338223299180457,0.0659741677083372,0.047570894586841384,0.08984632436035578,-0.013720999571504189
Netherlands,1939,-0.03595647561859361,0.017434550363389922,0.01804844066015318,0.015632318806446888,1.8749,0.01360105416883406,"reconstructed, resident currency",-0.19207114430337047,0.0022087433859123706,-0.06382459321870115,-0.06395553566508638,0.0022087433859123706,-0.06448588168287062,0.0017093805473628201,14,0.00877188171875476,-0.12171808689247832,-0.12497285379807954,0.022205827566040615,-0.09713058127734375,0.00798421212414957
Netherlands,1940,1.0044190824875003,-0.17853642565983452,-0.08894443302692082,-0.17853642565983452,1.8823,-0.18017935280851483,"reconstructed, resident currency",-0.034372200751293325,-0.11171207278545658,-0.043739278851105845,-0.04890037041750295,-0.11171207278545658,-0.089798163096794,-0.1535782235804445,14,0.14782602464234507,-0.11975174911379005,-0.1197601225342223,0.0059249679692383594,-0.1218576944175479,-0.13151561007461743
Netherlands,1941,-0.3679856768384925,-0.07572255211062806,-0.05748490911887069,-0.07572255211062806,1.88,-0.07757110700640679,"reconstructed, resident currency",-0.015198964076743371,-0.10834469033525862,-0.05499747562280244,-0.05395862085322822,-0.10834469033525862,-0.038240900689211266,-0.09214695335033543,14,0.14393980330412748,-0.1306419558351023,-0.12817521397093457,-0.07583315048804296,-0.1739483604026013,-0.16822243938148174
Netherlands,1942,0.03271359905232485,0.0799478820989643,0.040834376837781704,0.0799478820989643,1.8791946308724834,0.07778798633476636,"reconstructed, resident currency",0.005607280474711374,-0.05158921964451968,-0.021838601080255704,-0.020842987800843815,-0.05158921964451968,-0.010751724197002543,-0.04110750318348557,15,0.07284735807529485,-0.04211435662921792,-0.041662920696956096,-0.07087970183543024,-0.030527760710808427,-0.056771260819108216
Netherlands,1943,0.17468439648523426,0.12922227690466648,0.10459332687708493,0.12922227690466648,1.8791946308724834,0.12696383235085706,"reconstructed, resident currency",0.03579561962511857,-0.018590677186673843,-0.00047665070444025126,-2.3199830120779197e-05,-0.018590677186673843,0.010134404704038147,-0.008131124920210737,15,0.03086446823477007,0.1953728462618043,0.20257338619273857,-0.019568422192413393,0.2294968651725242,-0.006644040758919334
Netherlands,1944,0.0325155495676035,0.10162747029121566,0.1278271516749571,0.10162747029121566,1.8791946308724834,0.09942421535063328,"reconstructed, resident currency",-0.016917378097690783,-0.019651176525667502,0.003982247781631143,0.002951897653390212,-0.019651176525667502,-0.0061235316520747984,-0.028683007470951555,14,0.029939523676633772,0.05386410964252142,0.05355488076279302,-0.011389603351630306,0.04974543841926837,-0.03681174042133839
Netherlands,1945,-0.20392984205218734,0.512487302860372,0.20717455004094848,0.512487302860372,2.65,0.5094623282546513,"reconstructed, resident currency",-0.04066563983968707,-0.11645900543896692,-0.07853353158335474,-0.06265529643439227,-0.11645900543896692,0.15950656544588138,0.11004454766816317,13,0.1511633382210198,0.049434061552487085,0.11887176043720116,-0.013237632217602213,0.46837853772641647,0.2202779630060545
Netherlands,1946,-0.17945756951439995,0.9479448859229949,-0.06742378835955298,0.9479448859229949,6.5,0.9440489961511489,"reconstructed, resident currency",-0.06338032844886943,-0.07233338871305672,-0.07074633241249006,-0.04977299538707447,-0.07233338871305672,0.5933399969859783,0.5827774267597164,12,0.09090915614648454,0.40764851607476893,0.9112283496915081,-0.1458067950930625,2.1571805274994884,1.053561817224117
Netherlands,1947,0.17140570493804086,-0.1722420365539198,-0.10150805985720171,-0.1722420365539198,5.85,-0.17389755248081196,"reconstructed, resident currency",-0.008606877598712481,-0.022696106793451243,-0.06880570597451452,-0.06730604831324194,-0.022696106793451243,-0.19008776188179966,-0.1480942930997017,12,0.03703669595019066,0.04334792685678113,0.03612769381331926,-0.07460156340503099,-0.01950151529299582,-0.0937714578919272
Netherlands,1948,0.0929651818606303,-0.14256376281750305,-0.10381315798979374,-0.14256376281750305,5.1,-0.14427863529186802,"reconstructed, resident currency",-0.00927105182782939,-0.021931333730085045,-0.04487185460109955,-0.04099880954644508,-0.021931333730085045,-0.20733369151711378,-0.19259311695828937,12,0.03571460287295003,-0.06484250196215458,-0.0658722543896405,-0.016410018909050028,-0.14767080256927678,-0.12098296973521394
Netherlands,1949,-0.08354985217290822,-0.20931531697230488,0.07708012776410136,-0.20931531697230488,4.15,-0.21089668633836023,"reconstructed, resident currency",-0.0233480468108076,-0.044933247879296534,-0.04105421539234544,-0.03547022205758166,-0.044933247879296534,-0.20131348558984863,-0.21351492794803661,13,0.060344732551773195,0.11419686971797649,0.08208153457787115,0.031435476496074255,-0.08563304278881145,-0.22843642786368434
Netherlands,1950,-0.05949142641789362,0.11909550085937415,0.190516911951289,0.11909550085937415,4.11,0.1168573098576553,"reconstructed, resident currency",-0.07579041025930178,-0.05668006949374971,-0.06777293899876813,-0.066290239763374,-0.05668006949374971,-0.07457217507988756,-0.06547529040336851,14,0.09000001732768914,0.054776371886019026,0.04932927909336926,-0.044909057796571394,-0.019359375354043973,-0.13581884669968058
Netherlands,1951,-0.07177722185116409,0.11978381111983971,0.1349553619459545,0.11978381111983971,4.23,0.11754424349759995,"reconstructed, resident currency",-0.17520204979402298,-0.08054261304431931,-0.09657085380661812,-0.09270068577365553,-0.08054261304431931,-0.06252498463778411,-0.0487984345724982,15,0.11926589947926858,-0.10236005961151551,-0.10217910712268985,-0.044855439335450886,-0.07446705117106178,-0.06610341394106545
Netherlands,1952,-0.04733774811029434,0.07745819788703301,0.08806534775466446,0.07504021576523545,3.94,0.07289013533370503,"reconstructed, resident currency",0.11061902344226837,0.029804479330778122,0.05376220976863366,0.05279945207811898,0.029804479330778122,0.04037956779441254,0.017276499901534074,15,0.0,-0.013846350269543839,-0.0125949084348147,0.003226921042449371,-0.08471947963647863,-0.05925364800139543
Netherlands,1953,0.22624242305755615,0.04905026593821171,0.06205045933943361,0.0524957496916576,3.82,0.05039075819227423,"reconstructed, resident currency",0.08535558730363846,0.030113309621810913,0.05642337576086898,0.05539118794862152,0.030113309621810913,0.041437390138546304,0.015910928254274752,15,0.0,-0.045404827122230484,-0.04264394931217863,0.006703548557218442,-0.08864571265886678,-0.03324184466152591
Netherlands,1954,0.6629032520337446,0.3920857152057142,0.45804671458856105,0.39851469878759427,3.76,0.39571766939001907,"reconstructed, resident currency",0.009998073422728515,-0.009861798765965935,0.009550693539742028,0.009117920983156669,-0.009861798765965935,0.0021896011432072093,-0.0167072778976095,15,0.039999981062632584,0.462021263875096,0.45073317310218264,0.018564239040369523,0.4285747201765149,-0.049885516245043005
Netherlands,1955,0.20573558085654797,0.26974216249982086,0.25937002548755816,0.26801346926744385,3.83,0.265477442328909,"reconstructed, resident currency",-0.02488782548068702,0.010253280943299359,-0.014564393780411633,-0.014597105400564359,0.010253280943299359,0.015043129270619904,0.04111691491517005,15,0.019230988089032897,0.41162292408247736,0.410995409164143,0.011922977581826144,0.40946606224028037,-0.010348305304012873
Netherlands,1956,0.09025297341393679,0.026513526208268745,0.02384649038034626,0.028307199847596998,3.829999999,0.02625058544790182,"reconstructed, resident currency",-0.09125909025436763,0.011848085544441389,-0.019940316227379462,-0.02004357068337026,0.011848085544441389,-0.02985073368223068,0.001834482386442852,15,0.01886768856969301,-0.01131388689213464,-0.010734404528636277,-0.012271588679896195,-0.03879034113558488,-0.035875015258444054
Netherlands,1957,-0.13062404184314147,-0.12562248356264372,-0.08929340133899114,-0.12576032869657572,3.790999999,-0.12750880803918252,"reconstructed, resident currency",-0.16148376904281236,-0.02464989546922869,-0.047798621416244025,-0.047871225186640554,-0.02464989546922869,-0.06456354045147161,-0.04147629944671852,15,0.060956845595571574,-0.17681422535363933,-0.17393121611478946,-0.011143687996010843,-0.19495968940066466,-0.0673732429822782
Netherlands,1958,0.3731049523527843,0.2949046003630704,0.29219890665315107,0.29691956614160375,3.774999999,0.29432572700932047,"reconstructed, resident currency",0.031836474101953005,0.014892613348091777,0.06393969575614422,0.06443482208003526,0.014892613348091777,0.06938311496368921,0.020377848771217823,15,0.021818326055186743,0.07586522266446072,0.0752232084642237,0.006882515564111014,0.0685711373612854,-0.019699276197944093
Netherlands,1959,0.31356714682926623,0.2185252211320845,0.22085392917609314,0.22117800659569875,3.769999999,0.21873565058250732,"reconstructed, resident currency",0.005853993256976997,0.026427274858835226,0.04082870538952332,0.04094488590927048,0.026427274858835226,0.037256404625450656,0.02277383807341653,15,0.010675821298671728,0.21324097567133826,0.20948976486722892,0.010506777644549326,0.191240563840676,-0.02121885686429137
Netherlands,1960,0.050226735607846296,0.016351856932872222,0.019261321062808565,0.017353042296060384,3.769999999,0.015318336211468164,"reconstructed, resident currency",0.05025044372738696,0.013824203213776975,0.011848600938429765,0.012551134933981967,0.013824203213776975,0.023202543557194533,0.025307961637081076,15,0.023239754715705496,0.007109991553809536,0.0069199664165608965,0.012803101551821738,-0.002081941295407619,-0.027308693907717063
Netherlands,1961,0.04040753371570771,0.1416401157371483,0.18554335228292193,0.13863071135417226,3.599999999,0.1363534499314638,"reconstructed, resident currency",0.04594657611108821,0.023995296800563448,0.01061076077964862,0.009907901476485126,0.023995296800563448,-0.02264569808119421,-0.009660207347043611,15,0.013076165742736956,0.010135324352092745,0.009164872080052344,0.023604783271376606,-0.03804052178653761,-0.05658783877485751
Netherlands,1962,-0.0735959135152856,-0.10327458500802511,-0.10040251050099222,-0.10251814923162816,3.599999999,-0.10431311293316492,"reconstructed, resident currency",-0.01000539064194883,0.014199911116560049,0.0791114939198172,0.07919037330079415,0.014199911116560049,0.07711785107649582,0.012094648391560521,15,0.022860698024737003,-0.15200604290855502,-0.15106446508732196,0.01825126995188109,-0.1578576757801522,-0.026913816808773694
Netherlands,1963,0.09607374143393987,0.1413590357154184,0.1513922311962996,0.14016744948054294,3.599999999,0.13788711458158187,"reconstructed, resident currency",-0.06480573006145984,0.003825507351099544,0.01176412476952815,0.012245907344053286,0.003825507351099544,0.016460219210589377,0.008500759618806926,15,0.03343182796656441,0.05322209564758107,0.05274427237705415,0.01837742808505438,0.046910825639906895,-0.040440463465624465
Netherlands,1964,0.10825209204042752,0.029002670424740584,0.06994561447206868,0.03100917058698416,3.591999999,0.028947152245810237,"reconstructed, resident currency",-0.05385026621897704,-0.01668162591467337,-0.035176423346618635,-0.03520508931203459,-0.01668162591467337,-0.03390965382151834,-0.015009475307385204,15,0.057908647886634856,0.21185587277990736,0.21134395403307815,0.027000180476569158,0.20953136154178975,-0.05869035089072283
Netherlands,1965,-0.12170980582849544,0.03794339673840441,0.065871204435595,0.03405565829152124,3.610999999,0.03198754697493822,"reconstructed, resident currency",-0.104763616813212,-0.010041960421774077,-0.018575466836085353,-0.01862117842719324,-0.010041960421774077,-0.01631626812985476,-0.0074822239886447395,15,0.05794888095773065,0.09671401921968448,0.09759296469804202,0.03155536016230376,0.10305773826529419,-0.04912233574545999
Netherlands,1966,-0.1899747174787093,-0.11036662968806621,-0.0904419452978932,-0.11199442108645119,3.613999999,-0.1137704322442783,"reconstructed, resident currency",-0.04787394113948307,0.005936990238103013,-0.013396378280037702,-0.013783957098381538,0.005936990238103013,-0.027684320210276114,-0.008476563641263975,15,0.05796884909191036,0.05661751381706792,0.0547249948811388,0.010884962315295343,0.03449635126093109,-0.06938766206264191
Netherlands,1967,0.28574496316949705,0.1427122563924852,0.18339408475871338,0.14524689040647032,3.595999999,0.1429563966256573,"reconstructed, resident currency",0.0027095243603647567,0.021112505355519007,0.018930604787144256,0.017547399784173745,0.021112505355519007,-0.032508105738223714,-0.031092086086228782,15,0.03486800923827382,0.08619786949146291,0.0846770656942275,0.01912916025527034,0.07136879466894808,-0.04483215771154658
Netherlands,1968,0.2984393090014701,0.16672121967186793,0.15905913100648977,0.16912676644002822,3.605999999,0.16678851290714825,"reconstructed, resident currency",-0.04983350325267655,0.014615169619375923,0.026313924675053446,0.0263059414755189,0.014615169619375923,0.026119430641274866,0.01470842648695286,15,0.036755968520679305,-0.03562990005999922,-0.035622094715507036,0.011003722479790534,-0.03110080597347109,0.1487791600120718
Netherlands,1969,-0.09781187734221819,-0.11328842731520428,-0.0981070222680838,-0.11297510422225665,3.623999999,-0.11474915401381214,"reconstructed, resident currency",-0.09675655532023264,0.003041662591920735,-0.055318185480139004,-0.05544599729239452,0.003041662591920735,-0.06498692318744304,-0.0070837199389190975,15,0.07428239686273619,0.1709451722486961,0.17010689320882122,0.01323387456286551,0.16671519569791937,-0.2224460749096222
Netherlands,1970,-0.07810811604176993,-0.04164019418943021,-0.05417793458050627,-0.04228380299845902,3.596999999,-0.08267657097112557,"MSCI World, resident currency",0.09076396858405644,0.04123310728632701,0.02217559846102901,0.021474296116002378,0.04123310728632701,0.005030136575569832,0.023915056609466134,15,0.03679953171917716,-0.01801682714938735,-0.01813156232354296,0.020938455464238448,-0.024017206850284856,0.015548756184778245
Netherlands,1971,-0.11937617261812328,0.01846410093940487,0.10463437472530807,0.01611877471844325,3.258099999,0.03129157742887201,"MSCI World, resident currency",-0.003302895473327294,-0.02444763956850815,0.01996011788853136,0.017565833576468348,-0.02444763956850815,-0.003034492794785182,-0.045874047282199314,15,0.07477573112196101,-0.14547596037847843,-0.14001430812649573,0.017643971771362565,-0.21701382595905627,-0.011148583964506464
Netherlands,1972,0.21397805707008266,0.14637446601951964,0.19796070544937827,0.14723593139953395,3.226499999,0.143900042824056,"MSCI World, resident currency",-0.05666552739988351,-0.05441130038696307,-0.03707031928263438,-0.034478058740785134,-0.05441130038696307,-0.006539400869194467,-0.025101885974168202,15,0.07791756316631271,0.05032274728382524,0.05249426673666435,0.01154035341542925,0.06603634726866114,0.3593772558597539
Netherlands,1973,-0.20126586861181117,-0.23721927711455315,-0.1557169620473342,-0.23677969236532037,2.824499999,-0.3411112163824085,"MSCI World, resident currency",-0.15407564772135862,-0.014606427193045612,-0.08390180151099624,-0.08420776266775709,-0.014606427193045612,-0.12229164010251636,-0.05521661314980741,15,0.08013524812342232,0.457367847367693,0.3886027045976499,-0.005739170208360234,0.266356958600503,0.36177472322909576
Netherlands,1974,-0.26295296020101877,-0.3891959297472687,-0.33806783493213755,-0.38771222867735156,2.506499999,-0.3903326479037237,"MSCI World, resident currency",0.059729563727846324,-0.00369671310708497,-0.07852202119853158,-0.07822463233843946,-0.00369671310708497,-0.12649201290028467,-0.056400020329633205,15,0.09609360743069306,0.25041047478757017,0.21187032043454135,-0.018682411153460032,0.10691783858433124,0.32681456594658864
Netherlands,1975,0.33807647926137374,0.2868319201999576,0.22078848255856076,0.28745640989100085,2.688499999,0.34374112313432414,"MSCI World, resident currency",0.017522177706095876,-0.054850535887648544,-0.019489514908053063,-0.017207906969675557,-0.054850535887648544,0.007909555819059833,-0.027762147824777712,15,0.10212727291881762,-0.17121407287684964,-0.17596097834014646,-0.002214119066057396,-0.07064821800481413,-0.2573625221266985
Netherlands,1976,-0.03323561220298055,-0.04898183276808599,0.06603900483476302,-0.04877987695564068,2.456999999,-0.021671062388243345,"MSCI World, resident currency",0.012422309838088896,-0.016290960813845068,-0.024486055642398252,-0.02917061752322081,-0.016290960813845068,-0.1078189085394714,-0.10128821739060276,15,0.09057484480250322,0.11672090179454186,0.09864552966154982,0.0049242743921680265,0.01119178463300008,-0.19394826871345505
Netherlands,1977,0.02655665246901684,-0.06869113509551217,-0.0639129327575587,-0.06765178227091562,2.279999999,-0.0878315938036317,"MSCI World, resident currency",0.04401126697110791,-0.025169948549595533,-0.008382791238118803,-0.0012656582612345924,-0.025169948549595533,-0.01243145034984161,-0.03850055883988637,15,0.06474114809889797,0.22269496510631703,0.20517314170201417,-0.011551278487003214,0.15041477378993084,0.06249103603198369
Netherlands,1978,0.01629299003624718,-0.03218459978515631,0.028874609432489654,-0.031621038618279806,1.968999999,-0.0251595885118443,"MSCI World, resident currency",0.009887753481800488,0.02073714850967523,0.024902871964491258,0.02031733820042958,0.02073714850967523,-0.010559180986297045,-0.012537774409583147,15,0.04080010866152284,0.3009819835207874,0.2549989251123328,-0.010424790546951224,0.1263742282719278,0.11817629921516049
Netherlands,1979,0.06602592013238717,0.040790663981987274,0.056479152037242394,0.04107023431970158,1.905499999,0.04464892955390187,"MSCI World, resident currency",-0.008065624013666395,0.046264200829114754,-0.03838087604279794,-0.03781558606042801,0.046264200829114754,-0.06073057446014973,0.022346973442670188,15,0.0421045346756439,0.4461092805233373,0.42351967401712054,-0.02032579690849734,0.3766993356867121,1.025638599473215
Netherlands,1980,0.11337012493247367,0.3369916465117866,0.1184359863794133,0.33455808027822975,2.129499999,0.3405221559513336,"MSCI World, resident currency",-0.03765018892319805,0.033634769819121724,-0.018439702860564067,-0.01378295828552556,0.033634769819121724,0.05737742239301058,0.11407881786555348,15,0.06541501162033625,0.20867140569609077,0.2448283416686612,0.000695567814542164,0.3648732245147386,0.19102015015671014
Netherlands,1981,-0.06878331722839781,0.06290171523862487,-0.05666221264463227,0.06160381656786784,2.468499999,0.05348482559743695,"MSCI World, resident currency",-0.016079742390717522,0.03993700489298191,-0.009524019083996804,-0.010686890479466249,0.03993700489298191,-0.0011446079683921084,0.05068294497556512,15,0.0674845330268452,0.07274249539063682,0.11339611611741818,0.06875376114405274,0.31021203466536384,-0.26746546430150964
Netherlands,1982,0.17231398808708587,0.10359887844977589,0.08130144096342357,0.10424957405488677,2.624499999,0.1353580065062494,"MSCI World, resident currency",0.2853989067072462,0.020777942439953456,0.10589970181702957,0.09775699827454276,0.020777942439953456,0.04388981361892075,-0.03895845720635383,15,0.058620707735633104,0.1455670550707442,0.179357633564041,0.08419578734237465,0.29579083774027004,0.17429270482460102
Netherlands,1983,0.5610671851371369,0.39744104922458967,0.20847055338234355,0.39906095848698264,3.064499999,0.4065389006583813,"MSCI World, resident currency",-0.0022329103670705175,0.023935736696535814,0.07120430421496726,0.08013191104141337,0.023935736696535814,0.14875597745743518,0.09899815747918451,15,0.028230219293456482,0.08460980375599902,0.11661004889498106,0.04999397713684739,0.31696621298633354,-0.04895802100740054
Netherlands,1984,0.240395767082344,0.1933983935433108,0.08287700974901163,0.19395516538639557,3.5495,0.16206709900003147,"MSCI World, resident currency",0.12613382659331074,0.02429479518350064,0.053513044241465524,0.06187577017291446,0.02429479518350064,0.11599644044953217,0.08517421273911001,15,0.032734915834949474,0.028023062016069078,0.04975164503202412,0.06256920408590982,0.24583344984929711,-0.0983762227186813
Netherlands,1985,0.3020351130559109,0.09766530169661491,0.2478788945764709,0.10066853069005544,2.771999999,0.07877447644367663,"MSCI World, resident currency",0.0722556669265908,0.039914748634500175,0.10777950246116919,0.10184006519257971,0.039914748634500175,0.05725254770700405,-0.00984780146137371,15,0.02223924226081464,0.2749922894687775,0.21040018239030212,0.041566294338919674,0.009090764148202979,-0.19621538039689668
Netherlands,1986,0.09392042130376654,0.09123154965249358,0.24803939210428527,0.09127087573325765,2.192,0.12479561280417362,"MSCI World, resident currency",0.07636931489842058,0.055760594589562285,0.11634407632562138,0.10371072672806592,0.055760594589562285,0.039257182162635074,-0.01526748662081822,15,0.0010002991771849157,0.23598642780065648,0.1863043881331059,0.05503815580608573,-0.0071935305285733,-0.05882528800754505
Netherlands,1987,-0.17304335684181105,0.04909375940301741,0.0901448987045395,0.046221565534519726,1.7775,-0.05445588155899628,"MSCI World, resident currency",0.08098318376164304,0.06110223350007926,0.050747470977974274,0.05189589408222717,0.06110223350007926,0.04754456371236837,0.05691697719832497,15,-0.00707807848966735,0.19510703394365336,0.15944606087478297,0.0219249880214456,-0.02767497540648478,0.0042661303560855846
Netherlands,1988,0.3422321005567548,0.2868348840153774,0.13786029386715812,0.28740289401871655,1.9995,0.3859727142726721,"MSCI World, resident currency",0.054478680315623196,0.04040114239852288,0.06976473335328959,0.08078406313629172,0.04040114239852288,0.17117286021844302,0.14048688956558722,15,0.0074639744135232,0.12086247561785757,0.14219467057100244,0.030389429819428715,0.28424194444582374,-0.0647722712869101
Netherlands,1989,0.26131440037925446,0.13627662145040942,0.2197945584294513,0.13771080614652909,1.9155,0.09966394841727366,"MSCI World, resident currency",-0.03366725567621187,0.0623866213401969,0.011705258830272625,0.011160604911721661,0.0623866213401969,-0.00950412709304993,0.04016452731575367,15,0.010821588620352873,0.0691018712146827,0.066418592926341,0.04313487985098852,0.03835710512837198,-0.08520928667525629
Netherlands,1990,-0.15209849014575472,-0.1703668401063122,-0.12841460344522954,-0.17013280691873278,1.69,-0.3001084521644606,"MSCI World, resident currency",-0.02462259026743474,0.06079217039373375,0.030235980456224443,0.030642093786878766,0.06079217039373375,0.03302892938602442,0.06418321694709588,15,0.024540931383522535,0.08148245522677056,0.06965097757104144,0.019629465469601426,-0.060685793964811,-0.1793377005008585
Netherlands,1991,0.15121132983266605,0.08611916039250267,0.05097352861013291,0.08705181543931961,1.7104,0.1865214523347345,"MSCI World, resident currency",0.08982298803382771,0.05961573344322724,0.13369787478157447,0.1354151182384815,0.05961573344322724,0.1399189615937595,0.06490076540518726,15,0.031333000000000055,0.050024622226956916,0.04935146782663091,0.0295655869605842,0.0376169030825082,-0.10053831042049466
Netherlands,1992,0.045938005027873485,0.02770525937989432,0.007160098505447313,0.027958221228226776,1.8141,-0.021575192554970757,"MSCI World, resident currency",0.138933828468641,0.059785182907324375,0.1011304379922493,0.09446288998948837,0.059785182907324375,0.049235329202885314,0.0108626315326092,15,0.03183646794973116,0.025987309970471717,0.025988524585617956,0.008383806062487231,0.028418125554656504,-0.03941278858393371
Netherlands,1993,0.4353750335316988,0.2290656069460928,0.14245751689690797,0.23212027157476456,1.9409,0.2829629156924256,"MSCI World, resident currency",0.15933142195461936,0.04162421469993127,0.21310849685646582,0.21036955795175905,0.04162421469993127,0.21068020606873983,0.0410697408379525,15,0.02584180866348995,0.21797637331277486,0.22436273593132872,0.004321478172269577,0.2556732760204654,0.21896500729191581
Netherlands,1994,-0.005021101013537921,-0.09256941056258439,-0.02165493359503293,-0.09101747069964472,1.7351,-0.0943472861463347,"MSCI World, resident currency",-0.10841960066681744,0.023104447933096184,-0.11392251689558286,-0.1137559217208246,0.023104447933096184,-0.11730991684047287,0.019692021569774905,15,0.028014953277876842,0.023002441143854968,0.018623238250515595,0.016542435122898214,-0.09764062596213485,-0.15687209008928682
Netherlands,1995,0.17554150113782874,0.1076892370791267,0.18998733001357007,0.10901095628020441,1.6044,0.09133615217088797,"MSCI World, resident currency",0.19113747886236676,0.024030938029354187,0.1786690023046864,0.17721328032773287,0.024030938029354187,0.16840461350685865,0.015123229642862139,15,0.01923190020049015,0.19823828226857243,0.18385701844685398,0.033488873052366586,0.12354265429258282,-0.0886528492861346
Netherlands,1996,0.3747327186721874,0.27604809394119423,0.19406359900076306,0.27789687897397175,1.7436,0.19981558261541577,"MSCI World, resident currency",0.06336974777759674,0.009024107968763628,0.09585329553388,0.10245969498683394,0.009024107968763628,0.14805297559691577,0.057720864785614674,15,0.020763520548891412,0.16556497754731314,0.18680225524455452,0.020154971252071885,0.28802592360915535,0.004756475192002618
Netherlands,1997,0.4226003223206931,0.3678382535169076,0.22378773288945675,0.36907398008175907,2.0172,0.32089094685675,"MSCI World, resident currency",0.06751840248138374,0.01451987233268226,0.10241856306111674,0.1063609011896367,0.01451987233268226,0.13371910457584257,0.04332542502847731,15,0.018552417480241834,0.2086531621226977,0.25591732142930335,0.038183713171633826,0.43523213532083527,-0.10682884010762961
Netherlands,1998,0.20144288571271596,0.11783060369582565,0.18036373913597162,0.12004308710366574,1.8888,0.14106170024043885,"MSCI World, resident currency",0.1420159341871836,0.016413480223463228,0.126077088196215,0.1224557892166882,0.016413480223463228,0.09795319635872923,-0.00907506350270096,15,0.017843643469454884,0.2484872925356878,0.23509036878054856,0.0384762766424287,0.1893454947288109,-0.0935848099025306
Netherlands,1999,0.2804206553553692,0.3957859798978809,0.22508970205882775,0.39272084020880627,2.193619350985467,0.41436573406463983,"MSCI World, resident currency",-0.09267440808891247,0.009088398178649149,-0.07063578800099213,-0.07282166917657862,0.009088398178649149,-0.0024931208931997517,0.0820241868627764,15,0.02036154708520188,0.010836709897303232,0.019316299616700006,0.025016298269186832,0.19358872961441342,0.13721424176984343
Netherlands,2000,-0.04373764661918855,-0.017706770997245935,-0.05350064186794558,-0.018387080388914345,2.3683073616335304,-0.08447491806852037,"MSCI World, resident currency",0.06795843569731685,0.019964002620784793,0.06734047249059216,0.06750936330344093,0.019964002620784793,0.06367401490274638,0.016237169615376548,15,0.023484817271640868,0.017604129370988764,0.023570738197028707,0.02935847551351123,0.12007841817578413,-0.006960983859185754
Netherlands,2001,-0.23147115012907815,-0.15848991779707378,-0.15949009627135607,-0.16035216966782218,2.5005219562010668,-0.15430288942100678,"MSCI World, resident currency",-0.002829145356504248,-0.008093541063532883,-0.0017889029256922262,-0.0019367134842225298,-0.008093541063532883,-0.0059210397297698725,-0.011882659328040364,15,0.05112515599210976,0.0854221333670897,0.09512509436975569,0.024736810195639336,0.15843052368269706,0.02026160632144114
Netherlands,2002,-0.35316295685691923,-0.33166659496985196,-0.22789787515783452,-0.3321427637529738,2.1013731286354536,-0.35744268010903757,"MSCI World, resident currency",0.08062670753834866,-0.0051314960365179685,0.07288105926979571,0.07044316338161583,-0.0051314960365179685,0.0515346949532709,-0.02414561805202651,15,0.03851505751088302,0.05231953233032827,0.04034222646296115,-0.00596150761007852,-0.13575412180947155,0.003126777754104193
Netherlands,2003,0.06812935578843415,0.03421885051621376,0.17771513843296977,0.034852095795243176,1.7448218527315915,0.08364690960985266,"MSCI World, resident currency",0.02346781417714916,0.0010374386203717556,0.01693226865645281,0.015754664614981317,0.0010374386203717556,-0.011836475387461354,-0.02676168583298831,15,0.0222741241548865,0.18285843003021873,0.14816136951643877,-0.006956332666097742,-0.02527102520680513,-0.027886601131211775
Netherlands,2004,0.08238287317346638,0.0739722115467163,0.12275772160848308,0.07411378377164635,1.6178768078702004,0.0427127833671872,"MSCI World, resident currency",0.08723704972607438,0.00713621572867007,0.07141353021087404,0.07127072454057681,0.00713621572867007,0.06511559153484958,0.0009850751129485266,15,0.01382843125465949,0.16280456155345635,0.14902541995834495,-0.017486342515833142,0.06552745367538915,-0.05262419275684149
Netherlands,2005,0.2840352807026427,0.22442056620512107,0.10167946809405612,0.2253619892708032,1.8680257692633722,0.24619153729615384,"MSCI World, resident currency",0.0541348091241074,0.006836003718559969,0.05411178817801465,0.055444149446378654,0.006836003718559969,0.07473701528692955,0.027084831346234836,15,0.014908909763734712,0.05728002294116563,0.07113167038052803,-0.0006986459582450921,0.2342572138608674,0.33507104853126357
Netherlands,2006,0.1818435337135067,0.07862483193719183,0.1552155766440098,0.08069067522620732,1.6732801822323462,0.06541709147086161,"MSCI World, resident currency",-0.02386473686350321,0.014035638987550447,-0.021754529859404514,-0.021766354114123088,0.014035638987550447,-0.038136734700200736,-0.0026158355083757117,15,0.01652467599247398,0.15814132828303307,0.14204265462536414,0.024767261591463807,0.06477039676770868,0.08881972323268283
Netherlands,2007,0.06475509994123474,-0.0334642993765073,0.04093696727358599,-0.03149411398771751,1.4969839005502334,-0.051450171488227614,"MSCI World, resident currency",-0.0035870758631921795,0.02649063426403142,-0.0021270129704134,-0.0030847118074415203,0.02649063426403142,-0.025853992714783947,0.00297540197546086,15,0.01586516905602231,0.20890170113961548,0.1850243328240211,0.011644528236934182,0.07899932131006349,0.1430042937291749
Netherlands,2008,-0.5055645901266526,-0.3548802178420547,-0.39266857673746264,-0.35773897745842365,1.5834662642810944,-0.36278002444572777,"MSCI World, resident currency",0.09855315294828437,0.023682139371826283,0.12741030231087125,0.12043582149951959,0.023682139371826283,0.09770812771659698,-0.0011973227362619928,15,0.022135961884499178,0.30270163999844213,0.3313899791410475,0.03138761247384991,0.41043817748899025,0.11677785433752441
Netherlands,2009,0.43143422095487005,0.21693119566889152,0.23548130083197824,0.22010028878356147,1.529716784673052,0.20543076377617187,"MSCI World, resident currency",0.03500662305966107,0.0025378104118918277,-0.003187436813700928,-0.004293866565632243,0.0025378104118918277,0.023323981373984504,0.03105298810426708,15,0.009721099657879373,-0.05939311513185119,-0.05357252683141156,-0.019834602641820354,-0.12321207304160908,0.15485964570816835
Netherlands,2010,0.08249071701342015,0.1976086038433278,0.09655476070872328,0.19581713820415758,1.6492366412213741,0.19636474594884978,"MSCI World, resident currency",0.05858235052321392,-0.0011780150656220956,0.03297723611806758,0.03680046483557042,-0.0011780150656220956,0.09987293155061261,0.06288738934243991,15,0.0092985514874393,0.009257079481528985,0.010370861881372262,-0.011732246102603261,0.08429368439930496,0.3779064580406737
Netherlands,2011,-0.11470757837410517,-0.013708314781827657,-0.04740212888098838,-0.015382522932975595,1.7031532575933226,-0.047247378362342496,"MSCI World, resident currency",0.10177084379698043,-0.010528448580809702,0.06844815287837136,0.0702736082490647,-0.010528448580809702,0.08245387686596728,0.0018976971991760663,15,0.0246944429355207,0.07121094501313663,0.07322734925043473,-0.025979726392153846,0.09621317076812863,0.09435984227788019
Netherlands,2012,0.09490546998172533,0.09667326275411448,0.12887429223077468,0.09664042038227927,1.670236471123238,0.11888730605045938,"MSCI World, resident currency",0.08264553024887755,-0.02184419884590294,0.09685374318823303,0.09683587983640884,-0.02184419884590294,0.09530517283369822,-0.02315713270712767,15,0.028191861574673016,-0.07430995202743085,-0.07346825247804278,-0.014131120381582707,-0.09128206021180763,0.03208414139720994
Netherlands,2013,0.15592832580919724,0.20886968694240116,0.2992509769528765,0.20787303699634885,1.5979334348488146,0.1785088521741809,"MSCI World, resident currency",-0.053768210810442474,-0.022764104823968845,-0.04621129900143495,-0.04506359666084481,-0.022764104823968845,-0.08232696384004634,-0.060533864096118585,15,0.02555245058106559,0.03643737654078283,0.03377106941305352,-0.01307117198017016,-0.009078768790542369,-0.3250038887464336
Netherlands,2014,0.09274793535292924,0.22225084156282127,0.10486970393316737,0.21999819116860464,1.8150976031628363,0.19090760226941428,"MSCI World, resident currency",0.1775475803487947,-0.0011046046737894777,0.17831745880863692,0.18090276658747073,-0.0011046046737894777,0.1921151296389194,0.010177836678629393,15,0.0032074807701976127,0.17582379677621862,0.2030786700413365,-0.006284064445272408,0.3468769624001171,0.1408171370586726
Netherlands,2015,0.07876430602620665,0.13567114194859742,0.03970931917141838,0.13467956798652914,2.024166437034996,0.09781439723386853,"MSCI World, resident currency",-0.003679562652925461,-0.0023833958468265637,0.00643364869331986,0.006694122247734802,-0.0023833958468265637,0.03199699709878945,0.022885708599808933,15,0.0021949606109807895,0.07379301256728965,0.08187608672884084,-0.00531491867575451,0.19339448234100165,-0.030396201986217286
Netherlands,2016,0.07631597014675351,0.06171233320881364,0.036698169096575146,0.062019471528511616,2.090608101698131,0.09625228145749132,"MSCI World, resident currency",0.09848825178637255,-0.0037329704504360794,0.03813143797645302,0.038077026938374336,-0.0037329704504360794,0.040632115288814497,-0.0010756869540886318,15,0.0011000770053903874,-0.07005528516967197,-0.07235869447726362,-0.014283553872012966,-0.038503150320902235,0.10254993888300334
Netherlands,2017,0.1482876264952755,0.06114738063337688,0.1624827980895377,0.06316650627711451,1.8374968731760204,0.06449661644921334,"MSCI World, resident currency",-0.011154263091668115,-0.0160689424671856,0.009036871659575896,0.00854417348972536,-0.0160689424671856,-0.02097880382221995,-0.04568889818503614,15,0.012986623777509365,0.02492592637033031,0.01929609869819382,-0.00991627081888169,-0.08590641918241015,-0.02618434321114904
Netherlands,2018,-0.10686923734220732,0.028058462234997084,-0.008406572430108705,0.025360893128524298,1.9246375545851526,-0.055525586545652206,"MSCI World, resident currency",0.005696624560870944,-0.01889575567376578,-0.006825938542815435,-0.006897509730521834,-0.01889575567376578,-0.0009140330904254812,-0.012862658893709347,14,0.015976646482179113,-0.08930376855410205,-0.0928570525757112,0.0017853235335945072,-0.017955027966450543,0.02162535332545179
Netherlands,2019,0.29912078480275195,0.13864808299581033,0.13133958216166353,0.14186268407689284,1.9616432259213097,0.26275216315182615,"MSCI World, resident currency",0.03773007280792107,-0.02947066347099303,0.029799219199392324,0.030718525391912,-0.02947066347099303,0.04462438183069262,-0.015427333633499416,14,0.02669436409171211,-0.046670224077567934,-0.04666746355866558,-5.033643403207222e-06,-0.0072034322806942,0.1651965266815254
Netherlands,2020,0.1504540820936744,0.006517582680693579,0.06614065400008884,0.009407319202538789,1.7958683073914103,0.04493325732839515,"MSCI World, resident currency",0.026612133204299893,-0.015247693162161458,0.01571113104297961,0.014828109660262712,-0.015247693162161458,0.005348960708301931,-0.024779145534303472,15,0.011165948112850765,-0.13258288997299583,-0.12447938456474028,-0.00489791713896115,-0.19649505882477258,0.1229264290615164
Netherlands,2021,0.17145848448184497,0.15638485364501986,0.1736082102199061,0.1567239767143953,1.7326913173662337,0.11800815805233489,"MSCI World, resident currency",-0.0673522614099411,-0.03282635103959608,-0.06407819570140594,-0.06441572974529386,-0.03282635103959608,-0.057209015978851085,-0.02558708516530964,15,0.028266680000000002,0.04353215150845502,0.04073925517890564,-0.0646718177027612,-0.008759257511108842,-0.12671908148177602
Netherlands,2022,-0.09761012191229212,-0.1252875296034287,-0.14351067578006796,-0.1244498424861672,1.9493683623232287,-0.16286994012107214,"MSCI World, resident currency",-0.24315400796213338,-0.10116691163086677,-0.22188609493965306,-0.22394286397357344,-0.10116691163086677,-0.21103399297087133,-0.08797991245390022,15,0.1163536,0.04943193789242839,0.07789352635218516,-0.04319532740699539,0.21579341770830585,0.023189233278403387
Netherlands,2023,0.07856349643403626,0.12945020969344867,0.16019965263218444,0.1284442028870627,1.8946399583012246,0.16376594296963431,"MSCI World, resident currency",-0.002765852979810912,-0.006391801396176344,-0.018646473856214207,-0.018557469985587383,-0.006391801396176344,-0.04231215952162959,-0.03084226357836368,15,0.04096163,-0.04177778929148679,-0.04187526248660767,0.017003513512843016,-0.04645711351966453,0.0740155070093893
Netherlands,2024,0.11591374426883494,0.1503828051358882,0.16548003697983357,0.14964568929706235,1.8927454268944524,0.1466077015283309,"MSCI World, resident currency",-0.009433317507204553,0.003769065051317577,-0.013513045033350046,-0.013416784461813491,0.003769065051317577,-0.017445310654065405,-0.00013224282843955494,15,0.031966800000000004,0.010422657624644671,0.01121684716082716,0.02171369326854866,0.024772052873221595,0.21103882518296757
Netherlands,2025,0.0818762876189707,0.13418283529287311,0.172879289266622,0.13300763470432608,1.8160978065316118,0.1286622637216701,"MSCI World, resident currency",-0.011675851087860178,-0.0022443720623763763,-0.012061143366740579,-0.012008968049752822,-0.0022443720623763763,-0.016806787302840354,-0.007166590727747975,15,0.026607859999999997,0.08570172767326212,0.08239723545148925,0.015139307087717269,0.05719774413541101,0.5545427977148363
Norway,1927,0.13538608736792934,0.32894593536285455,0.2596160010209692,0.3286766759606914,3.758,0.32601932260877,"reconstructed, resident currency",0.12203064668901886,0.13969622796634962,0.17803840798224857,0.17730020613182162,0.13969622796634962,0.1539088701766329,0.11507092812584023,15,-0.09554846761891533,0.3787956285512919,0.36700732987436124,0.06069651650102048,0.3219231147641506,0.04645705240673581
Norway,1928,0.18493910335715547,0.40496401790664915,0.3244522734558517,0.4047107931304792,3.75,0.40190137154421834,"reconstructed, resident currency",0.1637397893530006,0.11588056167950311,0.1493296860089337,0.14811504082562954,0.11588056167950311,0.1414556057491636,0.10888553826402089,15,-0.06800061330879847,0.396810645223441,0.39381680747414216,0.05045226040342521,0.38357234039376276,0.058541884590657345
Norway,1929,0.13320572785017015,-0.031836413059614155,-0.07321634626614759,-0.03167825591905726,3.73,-0.03361489940721918,"reconstructed, resident currency",0.10563611191903566,0.08731856490679157,0.10538633136185993,0.1057067772307192,0.08731856490679157,0.09808356757317727,0.07966958579145206,15,-0.04425433906391574,0.24080238837249346,0.2395241935839154,0.03785806464463959,0.23259105281067805,0.03482691214626499
Norway,1930,-0.03186461555530207,-0.1802555789615703,-0.18504307974643108,-0.18009455522336748,3.74,-0.1817343661129207,"reconstructed, resident currency",0.12998564626623077,0.06202350266900347,0.10708351587502385,0.10855180592098468,0.06202350266900347,0.09849908090161263,0.05179714732718243,15,-0.027799294259401863,0.1327052181344075,0.14028063686229175,0.10740235214556271,0.18963960515175282,0.06745949840221055
Norway,1931,-0.07380369734543213,-0.015006237253567645,-0.29234690092332594,-0.015081408345487324,5.433,-0.017051245528796333,"reconstructed, resident currency",0.040967061186177434,0.09156988808228861,0.027478239130520832,0.02012328439126132,0.09156988808228861,0.37423758256770867,0.46064512137720964,15,-0.05338172804532726,0.2914167066362494,0.4093181249856559,0.15094084355712933,0.9019022506823475,0.5390484017105288
Norway,1932,0.05175294967253752,0.05501581745210893,0.10640020590614903,0.055010396851094434,5.95,0.052900376057392284,"reconstructed, resident currency",0.15713634399541054,0.054384761108126733,0.1816424107223613,0.17076194295202796,0.054384761108126733,0.13290034631239256,0.014590577620590527,15,-0.021135322173383875,0.04418797402226815,0.04812897394090365,0.16025907588768828,0.1586869708606664,0.11889617863495472
Norway,1933,0.2392538397834012,-0.0029254355530300424,0.3879722520907322,-0.0025497996902015263,3.92,-0.0045447000908210855,"reconstructed, resident currency",0.035742382336220846,0.0417282758015205,0.08049816142640331,0.07247497407605508,0.0417282758015205,-0.08471618371774092,-0.12025848152902159,15,-0.01442629215629998,-0.0974649942928163,-0.036660551194132696,0.030170519994877854,-0.43386305396673,-0.3709843075057757
Norway,1934,0.11393647217656011,0.16423487033807938,0.014077617861952899,0.16416578046627928,4.045,0.16183744890534668,"reconstructed, resident currency",0.11824058332453369,0.022522000178223367,0.1224347186224366,0.14677863787526202,0.022522000178223367,0.3401521255810622,0.22147096987008433,15,0.0024234199302055615,-0.014011567030655092,-0.013889394038269831,0.008767156750223437,0.03212617885837754,0.7512543675272045
Norway,1935,0.2915242620905849,0.24141177626216748,0.27144818104628077,0.2414850914968103,4.058,0.2390021213138167,"reconstructed, resident currency",0.00805300268128506,0.0028881638615112504,0.007994073932299228,0.006399781534933702,0.0028881638615112504,-0.010466043123420476,-0.014282565211306079,15,0.022048157818393754,0.025887663072364786,0.02582854059625328,-0.0020322077192309607,0.02447591452966691,-0.02949879484342688
Norway,1936,0.31885476332337803,0.24905170707922641,0.261491801998457,0.24915203981803602,4.073,0.2466537357384,"reconstructed, resident currency",0.005122874255045318,-0.0006037811918394587,0.035196387831841536,0.033944327218691894,-0.0006037811918394587,0.02475899660296932,-0.009899198513393128,14,0.026019490964140912,0.2734781263081738,0.2751042417994518,0.012372876775614161,0.28036937696735964,-0.02159558238130055
Norway,1937,0.050167641374118555,-0.2909916190085722,-0.2379637408879844,-0.29049185683320866,4.001,-0.2919108731195422,"reconstructed, resident currency",0.015936763172063495,-0.03845385737529616,-0.03757363823591309,-0.03795481277575308,-0.03845385737529616,-0.10567826031888872,-0.10797946413501891,14,0.07119144227222152,-0.1021480874734696,-0.10121141209522533,-0.011132956950033579,-0.1227826277734978,-0.0820493764571385
Norway,1938,-0.01540205293894037,0.07469889236171223,0.0554457708664275,0.07451874869359543,4.278,0.07236971119620828,"reconstructed, resident currency",0.0358225225210167,-0.007799999639394151,0.02234718632238497,0.02049450424346566,-0.007799999639394151,0.05131996894551616,0.023859015567886728,14,0.033057851239671754,0.07232025713030765,0.07967318635869947,0.047570894586841384,0.14739490684485168,0.038358781898785166
Norway,1939,0.024801672790066176,0.008915959959864272,0.016210724375648584,0.008943257920552616,4.4,0.0069253714047115,"reconstructed, resident currency",-0.13774720142356833,0.013462804503117543,-0.05331203751224567,-0.05271045219349291,0.013462804503117543,-0.07064727570427287,-0.004887982408088544,14,0.01266666666666505,-0.11185563219581063,-0.11301770560777047,0.022205827566040615,-0.10307697388618198,0.0013455224703560198
Norway,1940,-0.008317398915674845,-0.19670954100235072,-0.08910614788791402,-0.19633243639982467,4.393432336331311,-0.19793977152702502,"reconstructed, resident currency",-0.02434401905587158,-0.123050663303926,-0.05594551110285284,-0.061798019411362426,-0.123050663303926,-0.10951658053009183,-0.1719149234588575,14,0.16688610928242342,-0.13098771682832933,-0.13102705568702644,0.0059249679692383594,-0.140881581038373,-0.1503302696814547
Norway,1941,0.03845560633528766,-0.09800183298218657,-0.05748490911887069,-0.09800183298218657,4.387872451646628,-0.09980582931622217,"reconstructed, resident currency",-0.006986619781252479,-0.12979965142524208,-0.07773607446328068,-0.07672543278828037,-0.12979965142524208,-0.06142365945201833,-0.11403033161797106,14,0.1721438645980249,-0.15156040134723092,-0.14915101000468756,-0.07583315048804296,-0.1938599535449287,-0.1882720532046871
Norway,1942,0.16080464232156677,0.09163579334468253,0.040834376837781704,0.09163579334468253,4.3805541035023525,0.08945252175799312,"reconstructed, resident currency",-0.03493444969258852,-0.037776264681887106,-0.007592348686962791,-0.006780384353621827,-0.037776264681887106,-4.5424162326002104e-05,-0.030729733494087454,15,0.06004452199025345,-0.028163406760982945,-0.027846727583806463,-0.07087970183543024,-0.020035490041249382,-0.04656301468918389
Norway,1943,0.0395036442445762,0.1362792008045033,0.10459332687708493,0.1362792008045033,4.3805541035023525,0.13400664240289428,"reconstructed, resident currency",0.0319747167825708,-0.004355679106719634,0.014021084977654974,0.014147105488117706,-0.004355679106719634,0.01644710484146672,-0.0019325727722302381,15,0.02446222827629163,0.21271131021952105,0.2178745636734063,-0.019568422192413393,0.23718044172788022,-0.000436195276957152
Norway,1944,-0.03459684883432712,0.12082446256435952,0.1278271516749571,0.12082446256435952,4.3805541035023525,0.11858281363923084,"reconstructed, resident currency",0.008645269369189634,0.007607267509359916,0.03189781544287307,0.030383470461058826,0.007607267509359916,0.011195788533623574,-0.011756809365684264,14,0.012299168975069108,0.08316663458604912,0.08203080520582495,-0.011389603351630306,0.06803833289908345,-0.020027193852409253
Norway,1945,-0.1222425340491089,0.30618330112383485,0.20717455004094848,0.30618330112383485,4.717937169237699,0.3035709345215871,"reconstructed, resident currency",0.05763925768818545,0.0019051710478310557,0.04491135707008298,0.0432196760881034,0.0019051710478310557,0.001349307504683983,-0.04136606705678409,13,0.018060420315237913,0.19002221675695408,0.20296167886187289,-0.013237632217602213,0.26809099294894434,0.05383145696070768
Norway,1946,-0.049782145361797814,0.25413332359093,-0.06742378835955298,0.25413332359093,7.0,0.25162505694374815,"reconstructed, resident currency",0.02694384295008545,-0.009701563318828321,-0.008007356203628024,-0.0028438122154095247,-0.009701563318828321,0.025830248315034332,0.01902981397048269,12,0.024943554456508643,0.5026865340464743,0.6552347558047957,-0.1458067950930625,1.0326680373471433,0.3221320200824833
Norway,1947,0.08557072791918863,0.08464521964900817,-0.10183208336498499,0.08464681987279432,8.0,0.08247752623304883,"reconstructed, resident currency",0.01484998340089061,0.009967642273764898,-0.03768304600733108,-0.043274866465916606,0.009967642273764898,0.0612627993257433,0.11628864550462686,12,0.00498269170250798,0.07821901977838408,0.10195010497556112,-0.07460156340503099,0.284789286592978,0.18747019017897704
Norway,1948,0.11727864528537446,0.1860147073563836,-0.10428975487270109,0.1858668550773448,9.25,0.18349512136719004,"reconstructed, resident currency",0.04253502270428822,0.02193342407523513,-0.002035941115854034,0.0026904900386830466,0.02193342407523513,0.09628758571618401,0.11667435972464678,12,-0.006784614581703652,-0.022902238894838445,-0.020394556112958262,-0.016410018909050028,0.17880362529236238,0.21571391088485714
Norway,1949,-0.04169428578870149,0.02365098882015393,0.07739840928612181,0.023476350120053224,9.2,0.0214293974198132,"reconstructed, resident currency",0.01876523829316845,0.013736936437493075,0.017854259651741478,0.030682515438918312,0.013736936437493075,0.03383406331898908,0.018040298801963554,13,0.0012459477225614801,0.18264248942611827,0.18279201735696748,0.031435476496074255,0.1835728908436527,-0.0012743567109078091
Norway,1950,0.12291872724563357,0.23427817745738633,0.19067836651497938,0.23401283526193462,9.7,0.23154480959141077,"reconstructed, resident currency",-0.05865390078494637,-0.03550077571275312,-0.04684270085046127,-0.04420536304445666,-0.03550077571275312,0.020457872614980666,0.03048889538569289,14,0.05235958112335082,0.0784580708844056,0.0786698449316956,-0.044909057796571394,0.08134034732792195,-0.047078078372096877
Norway,1951,-0.029921306952973348,-0.04634876402465893,0.1353342274365932,-0.046311102371713986,8.8,-0.04821848016697061,"reconstructed, resident currency",-0.1313825127188053,-0.12382083920062059,-0.1390946417057043,-0.13683324146847353,-0.12382083920062059,-0.20157846088099107,-0.1898879378800284,15,0.1584388730938222,-0.1446113535792415,-0.14504690209207416,-0.044855439335450886,-0.2117491886182814,-0.2046261101357827
Norway,1952,-0.10166343851463888,-0.06260383765332023,0.08582200393536435,-0.06268303729682945,7.79,-0.06455767122223577,"reconstructed, resident currency",-0.05034639004882124,-0.068830212158982,-0.04716715357191148,-0.049769607319680054,-0.068830212158982,-0.09290331445940025,-0.11304665152615717,15,0.09002677376171331,-0.10830016451773494,-0.10664608509846896,0.003226921042449371,-0.2019759402602097,-0.17977253278682925
Norway,1953,-0.031051341364838225,0.06428126416736513,0.06542224915568404,0.06410428876946761,7.79,0.061976080191928684,"reconstructed, resident currency",-0.003272762039997157,-0.005059691339886818,0.020352023158659804,0.021866787474903004,-0.005059691339886818,0.05292396064874305,0.027115953750737602,15,0.020161702998670483,-0.07799927728615341,-0.07796131145766405,0.006703548557218442,-0.07859389832951824,-0.022578951411528547
Norway,1954,0.23842328137554492,0.4407304413925348,0.4633295440048715,0.44035290912508085,7.93,0.4374722033068308,"reconstructed, resident currency",-0.03222318470163088,-0.028096061800386707,-0.009041067559509175,-0.007174146657892511,-0.028096061800386707,0.03217128053994234,0.012709079160563875,15,0.044341894060994536,0.43509686054009755,0.4473194139746901,0.018564239040369523,0.47131221137154955,-0.021461725168343215
Norway,1955,0.07868688458691975,0.21224025832250404,0.2582222994050791,0.21201647155151182,7.64,0.2095924386084087,"reconstructed, resident currency",-0.09041031945295586,0.010361938626539668,-0.014458405359513482,-0.014807919076342824,0.010361938626539668,-0.02978239440790753,-0.004860058452631666,15,0.008549471661863262,0.4117747510346217,0.39299394873939697,0.011922977581826144,0.34722234813087915,-0.05405251273603273
Norway,1956,0.13500977728059382,-0.006446310147094847,0.02554788838334013,-0.006230074570801047,7.52,-0.00821761442165947,"reconstructed, resident currency",0.004032682913973851,-0.015724771964257478,-0.046646939876464955,-0.04676731801160494,-0.015724771964257478,-0.06243468470638991,-0.03181366521489892,15,0.037717877893132856,-0.03825558071654345,-0.03756343466350598,-0.012271588679896195,-0.07107404173277532,-0.06825663154644435
Norway,1957,-0.1410126037905658,-0.09645131060161061,-0.09034550759430032,-0.09652781255429987,7.45,-0.09833475692919125,"reconstructed, resident currency",-0.012676700238385852,-0.005776506824091476,-0.029373169260176968,-0.029213219246131517,-0.005776506824091476,-0.033284747802933556,-0.009425523819707552,15,0.02753556677374891,-0.16088527329849656,-0.1597483427327967,-0.011143687996010843,-0.16804103694499262,-0.03618840017070457
Norway,1958,-0.07936142594131157,0.21833203759502218,0.29489475953961863,0.21784589626862894,7.149999999,0.21541020447609172,"reconstructed, resident currency",0.010126142381299053,-0.02600353392606214,0.021067145580691893,0.019683140237619634,-0.02600353392606214,0.004182427420712065,-0.04183496940645314,15,0.048771773112997074,0.032512121051004206,0.02995147334152337,0.006882515564111014,0.003419956395703805,-0.07946857711209077
Norway,1959,0.10718372556955136,0.21034942224308084,0.22358158597564765,0.21022545306040175,7.154999999,0.207805002154281,"reconstructed, resident currency",0.030996348617582825,-0.00038077108078282684,0.013644525435621446,0.014634433754155074,-0.00038077108078282684,0.02795341502022497,0.013600740330501382,15,0.021889106549698,0.18155376255037203,0.18138372538898806,0.010506777644549326,0.18055651452238353,-0.02999739104328314
Norway,1960,0.09801063423647549,0.03655313999271459,0.020089584766513804,0.03662170400814535,7.147499999,0.03454846060012895,"reconstructed, resident currency",0.04076326370979566,0.01867366239679802,0.01668861015708245,0.01794685150265396,0.01867366239679802,0.04258199479493996,0.0447272894831003,15,0.003167194532422535,0.011927334423876168,0.012028452174979831,0.012803101551821738,0.016818621921233845,-0.0088859252638267
Norway,1961,0.06075564051454685,0.17575016468555238,0.18138638071957153,0.17559995506045212,7.134999999,0.17324875515033122,"reconstructed, resident currency",0.002499911629379792,-0.0029793287970321103,-0.01601128229233384,-0.01512679814157647,-0.0029793287970321103,0.009087197417510406,0.022494303137810038,15,0.02575606513791895,-0.01647419452210419,-0.016279468376463546,0.023604783271376606,-0.0068074678815147616,-0.025956982118689353
Norway,1962,-0.2306289070979065,-0.12575089055673905,-0.09955794305073427,-0.1258799836949186,7.149999999,-0.1276282237275288,"reconstructed, resident currency",0.000566081848589528,-0.02708616911622974,0.03518299103812139,0.03679233591594122,-0.02708616911622974,0.04908001508821269,-0.014250605962789804,15,0.05240563745342652,-0.18652620620738092,-0.18761188963468556,0.01825126995188109,-0.17977899881984494,-0.05224366421545479
Norway,1963,0.07905430178483042,0.15023653247607371,0.15001348380972124,0.15015944988357655,7.162499999,0.14785913098380932,"reconstructed, resident currency",0.040209347964142106,-0.001797720572829009,0.006096426312804937,0.007250405774397839,-0.001797720572829009,0.02536809579016297,0.017338882476253835,15,0.026244901100592744,0.047322158004063475,0.047985631023385045,0.01837742808505438,0.05608555992696296,-0.03203124315315675
Norway,1964,-0.02509136675153778,0.034560247093075924,0.07101885183751264,0.03449609375209883,7.159999999,0.03242710156459472,"reconstructed, resident currency",-0.017121065176565642,-0.029746779749208696,-0.04799584052052075,-0.04763752012004363,-0.029746779749208696,-0.030642289278324464,-0.011678189441116975,15,0.05632218389080523,0.19575418707929937,0.1996891634433251,0.027000180476569158,0.21362205544036272,-0.055506795870396086
Norway,1965,-0.06949383161570633,0.04249066966293791,0.06144159220334394,0.04237247173424841,7.149999999,0.040287726790779965,"reconstructed, resident currency",-0.007774169993914781,-0.01594922977741231,-0.024431815123433842,-0.023979362924825054,-0.01594922977741231,-0.008404591404322481,0.0005005041319242102,15,0.042527511537094,0.09016971647287764,0.09318461809569945,0.03155536016230376,0.11192952901673836,-0.041474515169218074
Norway,1966,-0.11495447722285335,-0.0906516430486809,-0.09245514525910692,-0.0906754094186164,7.154999999,-0.09249405859977922,"reconstructed, resident currency",0.014415539037350156,-0.006513995623055435,-0.025608065357670018,-0.02496972959686783,-0.006513995623055435,-0.004341213123475018,0.0153276783709604,15,0.03302914737128737,0.043539229736794915,0.04489036303075933,0.010884962315295343,0.059332276064294476,-0.04704575818069667
Norway,1967,-0.07453156949303574,0.1404314315609665,0.18546613664351988,0.1402178501003828,7.149999999,0.13793741440018192,"reconstructed, resident currency",0.014480752310411349,-0.015715345895823574,-0.017818553167273765,-0.01778381598692136,-0.015715345895823574,-0.03675658331350751,-0.03534678172677325,15,0.04390533324543533,0.04702262351479236,0.04903697294195819,0.01912916025527034,0.06666416993151514,-0.049026517563719896
Norway,1968,0.10287998292476641,0.16757343724306772,0.16165091621947786,0.16752246383372915,7.149999999,0.1651874189060616,"reconstructed, resident currency",0.014901887646135314,-0.006955989325622358,0.004494045119205925,0.005674789016639981,-0.006955989325622358,0.024711365986348932,0.013316020274063282,15,0.03530154720555623,-0.05613282701250433,-0.05609197867030691,0.011003722479790534,-0.03243035170524067,0.14720277885874222
Norway,1969,0.18132222063972714,-0.08029838802938782,-0.09832055503713687,-0.0800930266987282,7.149999999,-0.0819328406453308,"reconstructed, resident currency",-0.07674242978379997,0.003941782442089092,-0.05447043719105482,-0.05454524356455148,0.003941782442089092,-0.030325920296079945,0.029723758916243452,15,0.03073705924621084,0.17199596707837084,0.17952059287872002,0.01323387456286551,0.20996541302037675,-0.19362209424656773
Norway,1970,0.2323651919074894,-0.09697213489075796,-0.05488073664770389,-0.09665056962983998,7.139999999,-0.13475035749332498,"MSCI World, resident currency",-0.0444659354539384,-0.06103606977932374,-0.07822176360868482,-0.07686628034729481,-0.06103606977932374,-0.05202250497291694,-0.03420962699443296,15,0.10589977783263338,-0.1144665176912889,-0.1137963995456499,0.020938455464238448,-0.07942091508612725,-0.04210099684555313
Norway,1971,-0.23526365975645247,0.06690139629009972,0.10121930711218433,0.06654539861289344,6.709999999,0.08247117748589305,"MSCI World, resident currency",-0.011051093020449487,-0.02276793927852705,0.021716279192911525,0.023643685798680147,-0.02276793927852705,0.04644161759546672,0.001476077292525139,15,0.062388392857141595,-0.14400464593615225,-0.14139725458168118,0.017643971771362565,-0.1781568042256887,0.03792485083914965
Norway,1972,0.09078993413954684,0.15259299925764935,0.19827385782097176,0.15253029859871625,6.639999999,0.14917901526565536,"MSCI World, resident currency",0.0017406304905125403,-0.03177798309991109,-0.014021933660307684,-0.012550015290546335,-0.03177798309991109,-0.0019546898557400993,-0.020602838780670395,15,0.07217144658051966,0.07546294619145955,0.07484011318004025,0.01154035341542925,0.07095598734934616,0.36565063185657976
Norway,1973,0.33910118387755306,-0.24452635224108543,-0.1567220543635829,-0.24399879544625946,5.727499999,-0.34734347461797765,"MSCI World, resident currency",-0.03260686572287341,-0.03179812103920465,-0.09988453185962032,-0.10024851466882356,-0.03179812103920465,-0.13059365599716521,-0.06415307434011269,15,0.07446600039192841,0.43194184242449896,0.36801801631056485,-0.005739170208360234,0.2543788163394127,0.3488940490624519
Norway,1974,-0.3834992853171898,-0.37186812844221817,-0.3370990300295432,-0.37188968585767046,5.204999999,-0.374577821111304,"MSCI World, resident currency",-0.11764550662450912,-0.045512926916060015,-0.11719771432205117,-0.11635941851238296,-0.045512926916060015,-0.10391910163772133,-0.03201581443453106,15,0.09420025533466947,0.19792903419555574,0.1811674819631206,-0.018682411153460032,0.13552245183838285,0.3611016794032511
Norway,1975,-0.2102368519718666,0.2717059796097898,0.2228872798423711,0.27096104946348176,5.584999999,0.3265246224612981,"MSCI World, resident currency",-0.04458190264559281,-0.06280476761775111,-0.02774133952241853,-0.025905330915989122,-0.06280476761775111,-0.005004148500439065,-0.04021881328521469,15,0.11684307025585405,-0.17818900707434904,-0.18270310023066927,-0.002214119066057396,-0.08255541151458556,-0.26687746396891665
Norway,1976,0.026355812837122405,-0.03476766983605173,0.06480487978159238,-0.03470545062706132,5.184999999,-0.007195529097941189,"MSCI World, resident currency",-0.01081129102137035,-0.039488134522727814,-0.04748997806383115,-0.04994797990259103,-0.039488134522727814,-0.09461803448381712,-0.08799071403829807,15,0.09170957391239565,0.0903871306169386,0.0793849951248553,0.0049242743921680265,0.026153562598054902,-0.1820217803705595
Norway,1977,-0.28192768075033536,-0.02749829076229271,-0.06272226127559886,-0.027734443278488174,5.139499999,-0.04877822855238512,"MSCI World, resident currency",-0.092808855449099,-0.0364335036485669,-0.01984031150163501,-0.007809620944086437,-0.0364335036485669,0.029850079045541378,0.0026648538288919148,15,0.09063568010936596,0.20856748505149159,0.20641020191677661,-0.011551278487003214,0.19966836341883587,0.1079802792731046
Norway,1978,0.012184257402189091,0.05456157785810789,0.028740047282550935,0.054531625754520974,5.022499999,0.0615679243082905,"MSCI World, resident currency",0.01028670064128212,-0.01686186600706574,-0.01284958763542221,-0.006882491196143814,-0.01686186600706574,0.07746726960450134,0.07531264892130515,15,0.08153672599648742,0.2530601061247941,0.24608736441993395,-0.010424790546951224,0.2265830769937376,0.21765581215134744
Norway,1979,0.5399969073497357,0.04911065622209887,0.056269063127042815,0.04943118372015842,4.925999999,0.053038619848859936,"MSCI World, resident currency",-0.09059963672378446,0.02001658752492408,-0.06250499965473233,-0.06176231919822173,0.02001658752492408,-0.0531871985365584,0.030557554278505934,15,0.04772806022393872,0.40983076008777375,0.4026464065576554,-0.02032579690849734,0.3877557592649359,1.0419067255568262
Norway,1980,-0.14053871731831757,0.20686468853665407,0.11869665928128362,0.20644147940650548,5.179999999,0.21183300817148187,"MSCI World, resident currency",-0.016255560535348934,-0.03396154717876987,-0.08263052048330388,-0.0800511593513743,-0.03396154717876987,-0.04413003778980562,0.007128065135206518,15,0.1089620675281393,0.12962826795410343,0.153752238242314,0.000695567814542164,0.23384639194016654,0.07668308572861404
Norway,1981,0.06399591009886607,-0.035843676709199745,-0.0569046312215649,-0.03574214306344803,5.807499999,-0.043116646349377175,"MSCI World, resident currency",-0.17452204096175283,-0.05346416375111862,-0.09848288264610905,-0.09965161548627033,-0.05346416375111862,-0.09273672091367835,-0.045661602727334556,15,0.13667117726657518,-0.023605073983514968,0.012974953346261753,0.06875376114405274,0.1900694298211727,-0.33463673500322066
Norway,1982,-0.21067630129395776,0.19991136386413433,0.08249875029546679,0.19944154433522532,7.053999999,0.23323168303031672,"MSCI World, resident currency",0.030350872979590715,-0.02948191185750948,0.051448723234877036,0.06814104116550168,-0.02948191185750948,0.13387846333065778,0.043888247134087316,15,0.1134259259259256,0.08916298237085218,0.160766898092362,0.08419578734237465,0.40749464620338816,0.2755227518035692
Norway,1983,0.7784519077594902,0.2436183940732668,0.2114823718446144,0.2440701601012234,7.72218,0.2507196807371648,"MSCI World, resident currency",0.10078258389176109,-0.0002863925609851714,0.04586399408806563,0.0413898465725977,-0.0002863925609851714,0.021494470361210993,-0.022751077833897307,15,0.08411048411048383,0.05895237436955081,0.07439327689506836,0.04999397713684739,0.17107003629753126,-0.15431637207013382
Norway,1984,0.24468116680481744,0.17860771463381808,0.08452766661796939,0.1786966004012116,9.087,0.14721605864166265,"MSCI World, resident currency",0.0782847227574286,0.02296681013043589,0.0521471781035725,0.058963609720136256,0.02296681013043589,0.10173417608358126,0.07130585174419193,15,0.06279107994082689,0.026690243312915696,0.046963465483923494,0.06256920408590982,0.22991188829795584,-0.10989883713224835
Norway,1985,0.2850955015689638,0.1374558786444906,0.2486062056362387,0.13773311165058888,7.5825,0.11510178371686264,"MSCI World, resident currency",0.01334384892929874,0.031364685972858464,0.09867146338992594,0.09936845340104461,0.031364685972858464,0.09285511247339118,0.023495185371344044,15,0.05665824612053294,0.2645094455795238,0.21071831560706844,0.041566294338919674,0.04307149974791091,-0.16914824866975164
Norway,1986,-0.1288348069920927,0.2585325587967131,0.24653453585523588,0.2577594015144036,7.4,0.29639880275922303,"MSCI World, resident currency",0.06401708421364538,0.020834958506104728,0.07941427694356573,0.09192285955828083,0.020834958506104728,0.19781029671310324,0.1349671325621612,15,0.07186768149883016,0.19509873753955143,0.1847149372051191,0.05503815580608573,0.14427288277345696,0.08476398371825855
Norway,1987,-0.1798014112642221,-0.0073726423083771975,0.08716334208090748,-0.007644832356916709,6.2325,-0.10313873936438744,"MSCI World, resident currency",0.059220690608654536,0.019903883818024326,0.009951155250605304,0.010129264214387534,0.019903883818024326,-0.006389950865442362,0.0024999088568859722,15,0.08725931995083869,0.14870581459131427,0.11245890163962602,0.0219249880214456,-0.07773669118443871,-0.047440124560401586
Norway,1988,0.25358389832624884,0.13897664758721984,0.13979377718038513,0.13913983432558275,6.57,0.2263579144116763,"MSCI World, resident currency",0.13650677258133115,0.04162679188334084,0.07102497475526293,0.06785855853336509,0.04162679188334084,0.036295369657962206,0.009143332259244071,15,0.06698484467889165,0.12218291295669559,0.12403176153476791,0.030389429819428715,0.1363429138048149,-0.17247726807779584
Norway,1989,0.528190784567619,0.15541316309242736,0.21977283798445058,0.15601502792811828,6.615,0.11735604792824161,"MSCI World, resident currency",0.10492973357475988,0.0453783936730634,-0.004491587994205015,-0.003437103123271168,0.0453783936730634,0.006431606340691065,0.05689936194549299,15,0.045554422035626985,0.051986136076716205,0.052254660110967244,0.04313487985098852,0.05506286078971945,-0.07049154644639377
Norway,1990,-0.11442402928119111,-0.17350763969087335,-0.1287472194946581,-0.1733871673035734,5.9075,-0.3028531073887546,"MSCI World, resident currency",0.07952295227948869,0.046458802879870253,0.016315486559287384,0.017428269854345313,0.046458802879870253,0.028977861393198134,0.06000997605708567,15,0.04113033362104601,0.0668695216822035,0.05594760449772962,0.019629465469601426,-0.06436935558349455,-0.18255596349412828
Norway,1991,-0.1462876657822535,0.08352976434237935,0.052888114182247876,0.08297781684654448,5.973,0.182074666396425,"MSCI World, resident currency",0.11387724040791936,0.05104701416939483,0.1245300807183658,0.12697969752344007,0.05104701416939483,0.13564683014661783,0.06090978341326399,15,0.03420682694733923,0.04153346271082037,0.04111000339063131,0.0295655869605842,0.033728174189406435,-0.1039092680929411
Norway,1992,-0.06953657471011798,0.13318138489059317,0.007832640469154745,0.13282888283158867,6.9245,0.07824214901296189,"MSCI World, resident currency",0.1123090629181589,0.061635264238510956,0.10305269629458014,0.10854672998439785,0.061635264238510956,0.15627664749659664,0.11398922828503093,15,0.023421162693432196,0.02777838989763537,0.02783113413525018,0.008383806062487231,0.13333570586540433,0.05858478982792836
Norway,1993,0.5582370981383014,0.2536439072747838,0.14610426937675297,0.2541540483078448,7.518,0.30590590193601597,"MSCI World, resident currency",0.29788599917829095,0.04056370982970958,0.21187339935117766,0.21361321453035775,0.04056370982970958,0.23233057411404756,0.05968699660623181,15,0.02271488897970375,0.21673631969508378,0.22713693830721016,0.004321478172269577,0.27812824673381065,0.2407635308904117
Norway,1994,0.09869790677542589,-0.07319294684560351,-0.021637065634259704,-0.07279727785668821,6.762,-0.07619383812807456,"MSCI World, resident currency",-0.1149538947547456,0.026050124880770298,-0.1113713619073442,-0.11262523654304024,0.026050124880770298,-0.0996167456107564,0.040131342100748896,15,0.013985548266791215,0.025947824398105723,0.022118260331812856,0.016542435122898214,-0.07955319162907437,-0.13997192686868443
Norway,1995,0.1399853993097968,0.11487777399831778,0.18984622278349844,0.11494841679750922,6.319,0.09717898472175479,"MSCI World, resident currency",0.1655205387141283,0.015261071266036819,0.16857480522099655,0.17000397183015736,0.015261071266036819,0.17466005780310123,0.020558030861075185,15,0.024564053725657065,0.1879764926136387,0.1767290742846075,0.033488873052366586,0.12955791510817072,-0.08377364796329889
Norway,1996,0.31782691645589023,0.20824264644736523,0.19713509399624696,0.20852703119665605,6.4425,0.13468433008922687,"MSCI World, resident currency",0.08191891667963924,0.0241986215328025,0.11233361603955228,0.10976353693833363,0.0241986215328025,0.08573162442388838,0.0003031368074535079,15,0.012596557581973977,0.18309367822143807,0.18916558312048193,0.020154971252071885,0.21810622686042946,-0.04978611340348982
Norway,1997,0.33336671798677364,0.33428558168511935,0.22797815163379795,0.3342830021209191,7.3157,0.287324398599057,"MSCI World, resident currency",0.084631316181496,0.0018544877513859692,0.08865584095827117,0.09088309841631248,0.0018544877513859692,0.10490897674131472,0.016812385998999733,15,0.02579767029627722,0.19356419487705256,0.23636783366344383,0.038183713171633826,0.39875994293744443,-0.12952615127646627
Norway,1998,-0.28665156546440074,0.23570994207660667,0.18233483178275123,0.23413578106051158,7.6,0.2572954459332606,"MSCI World, resident currency",0.03927741985093136,0.015434722118025102,0.12499272922335125,0.1359767043619471,0.015434722118025102,0.2097957133595978,0.09186506711883542,15,0.024881242596016984,0.24728505832600667,0.26160410632587383,0.0384762766424287,0.3104976478035151,-0.0012532272407868028
Norway,1999,0.44298019759643936,0.2645225068610024,0.22615129974689518,0.2648587079737028,8.0395,0.2845164395781301,"MSCI World, resident currency",-0.027386426952466625,0.0266469014501709,-0.05446451441755451,-0.05131590549414855,0.0266469014501709,-0.09407167188455057,-0.01731368162311943,15,0.023331389050912366,0.028425634425364166,0.031004643410054822,0.025016298269186832,0.08400840628313766,0.03280951573801483
Norway,2000,0.01151729055443429,-0.0064969659351417075,-0.05337996940169568,-0.006459636658614598,8.8485,-0.07335049857458975,"MSCI World, resident currency",0.042126337880795006,0.017499281929167054,0.06476126759631229,0.06625425829534404,0.017499281929167054,0.07659857172822204,0.028585327850731614,15,0.030860679097793664,0.015145111261436028,0.02204734074887349,0.02935847551351123,0.13368833715648343,0.005105296800307357
Norway,2001,-0.171135916293646,-0.17362338378386555,-0.16130626855939323,-0.17361818138210683,9.0116,-0.1676644767084282,"MSCI World, resident currency",0.00795247776411201,0.027108265626577976,0.03363664931116839,0.03122184725971877,0.027108265626577976,-0.021626985312516722,-0.027494414331630447,15,0.030173775671406666,0.12394272144444107,0.12609376487506951,0.024736810195639336,0.14012790639220785,0.004141988152785325
Norway,2002,-0.3196267420373837,-0.3702902495286997,-0.23044865383994498,-0.37016300011694725,6.9657,-0.39402262542330746,"MSCI World, resident currency",0.08803579838414932,0.04217525986527382,0.12389737165714121,0.11029027138278358,0.04217525986527382,-0.008327795826501783,-0.07969972788989281,15,0.012881459898788084,0.1023581284345485,0.08406087506771853,-0.00596150761007852,-0.18495450593653662,-0.053979913801058044
Norway,2003,0.4481385670508209,0.19169363204153367,0.17501041583309918,0.19231173684093994,6.68,0.2485310066713975,"MSCI World, resident currency",0.127836662909125,0.012047793414305508,0.028117449796869476,0.03231156813663283,0.012047793414305508,0.13851918849160882,0.1213230078380367,15,0.024753974261922496,0.1958686237384355,0.18372751462006498,-0.006956332666097742,0.12304048240997467,0.12002692918247493
Norway,2004,0.3780401390177348,0.05610031671403326,0.12138141449875804,0.05697422048387768,6.04,0.026074283785948227,"MSCI World, resident currency",0.0898351903977408,0.009103720429530338,0.07350660473677606,0.07182323681825986,0.009103720429530338,0.04811961181117619,-0.014987578161053146,15,0.004653911501810937,0.1650761742760538,0.14856687912668987,-0.017486342515833142,0.04852490189451819,-0.0677414064551225
Norway,2005,0.38371305375214293,0.18856069897213135,0.10367927692259442,0.18917390236456555,6.77,0.2093883003356798,"MSCI World, resident currency",0.056339133871088576,-0.0013992903721595784,0.04548980748991949,0.04526272362373951,-0.0013992903721595784,0.04299727074523818,-0.003247621808244309,15,0.015220588235293375,0.04863212805758432,0.06030769936035396,-0.0006986459582450921,0.19780642812494986,0.29564297131548334
Norway,2006,0.2941691903068524,0.10743584554668129,0.15520082113759515,0.108171787641963,6.26,0.09250980868547942,"MSCI World, resident currency",-0.02805650847716057,-0.0030503652673994353,-0.03823748728474308,-0.03842330839166286,-0.0030503652673994353,-0.013677309697059492,0.02274685797498525,15,0.023321503585137737,0.13862721368777664,0.13056148370628096,0.024767261591463807,0.09184666904554328,0.1165075509345237
Norway,2007,0.10654410191232033,-0.057189236381662845,0.04112512769878983,-0.056464393159964654,5.41,-0.0759059382200632,"MSCI World, resident currency",0.004498612287727521,0.027211655634378884,-0.0014260930355162182,-0.002662774378049293,0.027211655634378884,-0.05096968701024773,-0.022883579525769176,15,0.007289970981669391,0.20975085059317689,0.1806039777983588,0.011644528236934182,0.051180270678670814,0.11353504968873906
Norway,2008,-0.5572881432227941,-0.224538259206432,-0.3940343463875474,-0.22612008441165155,7.0,-0.23219419584001433,"MSCI World, resident currency",0.0836439470267123,0.011697834198195256,0.11421164561937136,0.13609114183664994,0.011697834198195256,0.32266203833500184,0.20348784130091188,15,0.03766160764474358,0.28745083762192425,0.3971669404310163,0.03138761247384991,0.6994800235866807,0.3456397341778801
Norway,2009,0.6128695500364734,0.02833630312081059,0.2368829999428974,0.030657935437274464,5.78,0.018266116095082996,"MSCI World, resident currency",-0.002731749072892531,0.0025757155060164294,-0.003149748186259904,-0.004883493731873578,0.0025757155060164294,-0.1355653370282417,-0.1290363965855214,15,0.02166847237269809,-0.0593575515928656,-0.04111738863803949,-0.019834602641820354,-0.25934905276006504,-0.0244529330026666
Norway,2010,0.15574532163181698,0.10816510269647628,0.09607674244901744,0.1083717538259199,5.86,0.10887931717904653,"MSCI World, resident currency",0.05655389531916377,-0.003020116615449986,0.031072142921990897,0.03149498757805458,-0.003020116615449986,0.01944356806858316,-0.014837367514124811,15,0.02399257688229084,0.00739573275675709,0.0073602254323095195,-0.011732246102603261,0.005003569730447355,0.2771456008735207
Norway,2011,-0.13579953039300285,-0.013566887361311508,-0.04809276913652067,-0.014159251096644287,5.99,-0.046063694874911576,"MSCI World, resident currency",0.13820334489783814,0.01045428494800893,0.09110566420252209,0.09111287627570186,0.01045428494800893,0.0837986989644357,0.003142437684099934,15,0.013009708737864,0.093927044106765,0.09422125509328394,-0.025979726392153846,0.09757508717693608,0.09571945614321398
Norway,2012,0.14550618869318055,0.061296660531514835,0.12817453807529736,0.06163033401013984,5.57,0.08316699107988645,"MSCI World, resident currency",0.054196781439470154,0.016788732601513034,0.14017473092703292,0.1311473722103753,0.016788732601513034,0.060337714045893165,-0.05434269957143311,15,0.007092198581560627,-0.03774919133605137,-0.033655600001504915,-0.014131120381582707,-0.1202927486458587,-0.0008649951310930604
Norway,2013,0.21012432156793714,0.3844333084773064,0.29684748658681254,0.38384110451318243,6.08,0.35019902069079056,"MSCI World, resident currency",-0.06826125958985074,0.0012561319055031106,-0.022767388988536474,-0.02359493538187807,0.0012561319055031106,0.051363536601069626,0.07633154755642475,15,0.021317091739626592,0.06191277225912972,0.06621074458455589,-0.01307117198017016,0.1352828394054164,-0.2266675920988691
Norway,2014,0.028688883733256842,0.2914014348424545,0.1048954568622632,0.290585764926641,7.43,0.2598120308355554,"MSCI World, resident currency",0.1364958643862464,0.0010282140305921672,0.18083337541772826,0.1937869483186001,0.0010282140305921672,0.26108942423263093,0.06862546641403425,15,0.02025096285252803,0.1783343889749165,0.2176060455327209,-0.006284064445272408,0.4248055836182769,0.206823393780599
Norway,2015,0.03686773692472478,0.18382635138660053,0.04040035441720547,0.18338866937342058,8.81,0.1449409643172448,"MSCI World, resident currency",0.0032059294263477867,-0.007474023937348306,0.0012980290755675306,0.0021051748879235,-0.007474023937348306,0.07629817937164196,0.06679576487746103,15,0.021736483195324396,0.06831367225717022,0.08022932905464875,-0.00531491867575451,0.2446240756772542,0.011226588301946894
Norway,2016,0.14152520361337873,-0.027831530164616036,0.03719839597182829,-0.0272909613726956,8.62,0.004063043453227166,"MSCI World, resident currency",-0.03526141647229031,-0.026902877532225866,0.013987901913160572,0.01135543373777348,-0.026902877532225866,-0.04687974979364051,-0.08508013812038398,15,0.035456766581249965,-0.09168275249995395,-0.08966221228761806,-0.014283553872012966,-0.11936014228772251,0.009831099938253152
Norway,2017,0.16445753992218326,0.14577808740544995,0.16214559982096766,0.14584500318241078,8.21,0.14727855106543997,"MSCI World, resident currency",0.0038553849118680983,-0.011094747177221254,0.014137987653408679,0.015471363296573282,-0.011094747177221254,0.05515602591564006,0.02852431960564224,15,0.01849999999999996,0.030107368379384436,0.027825203684350486,-0.00991627081888169,-0.014820768114054084,0.049545671128824686
Norway,2018,-0.027116445016482582,0.02473204127308848,-0.010261729816190411,0.02438327025907916,8.69,-0.056426088790653695,"MSCI World, resident currency",-0.030956515436687093,-0.019818358741803377,-0.007759891730251711,-0.007831573962769234,-0.019818358741803377,-0.0018666043229916829,-0.013803837796099996,14,0.027666666667000017,-0.09016016189053011,-0.09370946525322521,0.0017853235335945072,-0.018891351586668215,0.020651292079202577
Norway,2019,0.1227795480952627,0.13750027715410607,0.13478050045021195,0.1374022537399433,8.78,0.2578195051929364,"MSCI World, resident currency",0.001549574312033286,-0.01218497675556629,0.04814053667726892,0.04773550578804375,-0.01218497675556629,0.040543791100817295,-0.019273345812750912,14,0.021749999999999936,-0.02969087144715865,-0.02968956981284676,-5.033643403207222e-06,-0.011081569285105175,0.16064494792464523
Norway,2020,0.02157492059096966,0.06983310185579694,0.06814077879893121,0.06951452086424115,8.53,0.1071559228732395,"MSCI World, resident currency",0.02691178011676465,-0.006665020982473457,0.024563626849762876,0.02515506885762231,-0.006665020982473457,0.06521449920015399,0.03329235389803391,15,0.012750000000000039,-0.12502286026124,-0.12202730597966704,-0.00489791713896115,-0.1486487309681951,0.18979335585988721
Norway,2021,0.1744281339747047,0.08705327479953895,0.17359301920554843,0.0876535930918998,7.797763992202134,0.052802684419434476,"MSCI World, resident currency",-0.054471448508896736,-0.02858238960158843,-0.05997136746978149,-0.058222577244615215,-0.02858238960158843,-0.11219531657707049,-0.08241766834861836,15,0.03461339,0.04811117432931389,0.04198595729934529,-0.0646718177027612,-0.06657128833815973,-0.17765135375227015
Norway,2022,-0.03807563768418576,-0.09471913191380199,-0.14301180532790275,-0.09433563249043397,8.726111450383463,-0.1212366350513594,"MSCI World, resident currency",-0.11038221094826794,-0.03442049333107311,-0.164104158711339,-0.16350117145418208,-0.03442049333107311,-0.17179604891110667,-0.04262207338645065,15,0.05779309,0.12736167146601574,0.15283543204622263,-0.04319532740699539,0.27625893040118354,0.0740758894083795
Norway,2023,0.013476784524153684,0.257140087302802,0.15954551068237685,0.2554829899316835,9.586175283091555,0.2977594439575453,"MSCI World, resident currency",-0.051128619564755895,-0.0123310576446376,-0.024512478253409187,-0.021841678341693593,-0.0123310576446376,0.06795395315717845,0.08074446818428119,15,0.05511063,-0.04750552710641409,-0.045196718440845274,0.017003513512843016,0.06333175809448988,0.19767533634953138
Norway,2024,0.14848908385742354,0.17222695319022496,0.16453827356812592,0.1720719905781527,9.747739015896553,0.16679770079548195,"MSCI World, resident currency",-0.0015167011260792673,0.01479766660202686,-0.0026743253117540444,-0.002460805701855584,0.01479766660202686,-0.00014403277900132405,0.017473891560535672,15,0.03223369,0.021524363461914442,0.022702821606819024,0.02171369326854866,0.04281671363115036,0.232363357505875
Norway,2025,0.13171812683791173,0.14337559109376752,0.1712108179484898,0.14326931281671063,9.422715815941384,0.13728699637755382,"MSCI World, resident currency",0.014519250053085075,0.015166043925729511,0.005177974091661985,0.005066873094293545,0.015166043925729511,-0.009293664129366608,0.00042019852005349044,15,0.02641665,0.10464676610603796,0.100082521784433,0.015139307087717269,0.0652763768678506,0.5664219190989515
Portugal,1927,0.25364659919561783,0.20332299463731762,0.25945038146359534,0.20338538630731562,19.8847,0.2009786155347011,"reconstructed, resident currency",0.0318183761163886,0.005752845234832771,0.039588840912652135,0.04098249786156627,0.005752845234832771,0.04509780040876299,0.009922190914164634,15,0.07382246376811596,0.21675196634392613,0.21271354974459578,0.06069651650102048,0.19726867108495072,-0.052221547161598325
Portugal,1928,0.30552306823816644,0.5435631820718396,0.32431487859974856,0.5432696868994566,22.3839,0.5401831475256578,"reconstructed, resident currency",0.23530198584416206,0.1285500201676164,0.1623789183785076,0.16841646433393076,0.1285500201676164,0.25404734120991,0.21826460351336727,15,-0.04301982285955297,0.41266972108974875,0.4369528639971867,0.05045226040342521,0.5200461639536194,0.16295511559470377
Portugal,1929,-0.16299923663672522,-0.10655383799133333,-0.07293999349229467,-0.10660306481641146,22.3644,-0.10838985868677864,"reconstructed, resident currency",0.15138077973839814,0.03791613551152562,0.0551629911632332,0.05322306026949386,0.03791613551152562,0.013118315107599976,-0.0038708674537536753,15,0.0405464962538562,0.18442640587438874,0.17707786463008213,0.03785806464463959,0.13721815672015203,-0.04524379690095126
Portugal,1930,-0.14070065449084534,-0.1674293965830167,-0.18491625253035726,-0.16740558399825456,22.2519,-0.16907077283025806,"reconstructed, resident currency",0.1635197841903222,0.13155372582983893,0.1795637987717984,0.17668602027962454,0.13155372582983893,0.11549960616604871,0.06807490694216653,15,-0.04997882253282515,0.2068629428875799,0.20702097140498688,0.10740235214556271,0.20805063390414524,0.08397965075086278
Portugal,1931,-0.18521541521776863,-0.2339269446959631,-0.29215534835722434,-0.2338869289329335,23.5655,-0.2354191550750676,"reconstructed, resident currency",0.18207856499257713,0.20603517621530965,0.13522268497549272,0.13628587568715744,0.20603517621530965,0.06894253360386826,0.1361541239643378,15,-0.11279536335265272,0.4268385307803868,0.43698637096379245,0.15094084355712933,0.4793833586712588,0.1971396494553228
Portugal,1932,0.119525465615411,0.2785271893221253,0.10629713036346368,0.2783794652657341,31.2891,0.27582270633520256,"reconstructed, resident currency",0.137019017144556,0.08740379438454093,0.21864663491036884,0.2349142406523168,0.08740379438454093,0.3727604422107065,0.22940187504647647,15,-0.020603015075376874,0.07688768548702551,0.08814696209605088,0.16025907588768828,0.40400666632321025,0.35579128205796406
Portugal,1933,0.1867781086180369,0.2182973409289517,0.3879278690026686,0.21826815032811764,25.533,0.21583161402746143,"reconstructed, resident currency",0.16604931572226533,0.05554158081065341,0.09482555467499942,0.09979052170247726,0.05554158081065341,0.11791157246860151,0.07450083436908386,15,-0.0005130836326322497,-0.08549739045134364,-0.045183868149194284,0.030170519994877854,-0.3085302806474499,-0.2317312844447873
Portugal,1934,0.2608705575509769,-0.04899734669801992,0.01400968570785671,-0.04873990060004463,21.6972,-0.05064242079884451,"reconstructed, resident currency",0.26513139958061815,0.0393292690301692,0.14088426012996158,0.1350093907120986,0.0393292690301692,0.09506160169103928,-0.0019148340304334357,15,0.010266940451745477,0.0021951969068798594,0.0017746223084234014,0.008767156750223437,-0.15663175471377355,0.43098039100693875
Portugal,1935,0.059245705574327845,0.3053551686517939,0.27170118880857475,0.3050961074058556,22.4341,0.30248591519104395,"reconstructed, resident currency",0.06942691697793846,0.047870183299327795,0.053205106089906584,0.051748389109701476,0.047870183299327795,0.04023554057222101,0.036223468131848194,15,0.00203252032520318,0.07190126704556898,0.07211344991229951,-0.0020322077192309607,0.07696784870103057,0.020227591742924433
Portugal,1936,0.06770430497906221,0.2301811892293084,0.2617398346845989,0.23004253896634386,22.1582,0.22758245388841125,"reconstructed, resident currency",0.05089102706086157,0.019159250012962925,0.055667366339462454,0.05222119598495634,0.019159250012962925,0.009082255666601036,-0.025045739131479585,14,0.02535496957403649,0.29866111927454275,0.2897229286403227,0.012372876775614161,0.26078231396804497,-0.03656319197228963
Portugal,1937,-0.0112837053938184,-0.25030427067014127,-0.2377027651219829,-0.2501341980111955,22.3254,-0.25163392961517317,"reconstructed, resident currency",-0.0035276595471191996,0.00041864804576152714,0.001334451877080367,0.001358267288065873,0.00041864804576152714,-0.05480818645889807,-0.05724028545838273,14,0.03956478733926816,-0.06585055395965989,-0.06553121400848094,-0.011132956950033579,-0.072885470479367,-0.02983526385365831
Portugal,1938,0.07568696187329027,0.08400862738309178,0.055280756196449114,0.08399909919917992,22.5902,0.0818311010007815,"reconstructed, resident currency",0.07964070282865499,0.07318605700572678,0.10579393809863302,0.09995164972840076,0.07318605700572678,0.06059563938983503,0.03289240130237253,14,-0.03092293054234052,0.15984594656197815,0.15961796683035767,0.047570894586841384,0.15751823498448347,0.047520097338762834
Portugal,1939,-0.021191303856181398,0.15691641113979649,0.016265169075791883,0.15672772072123253,24.7678,0.15441426527978996,"reconstructed, resident currency",0.04410135115829927,0.10452554649571444,0.031750780079551344,0.030088964256017592,0.10452554649571444,0.06547920319748424,0.1408705563321558,14,-0.05841924398625431,-0.03205313618098804,-0.04004229046559615,0.022205827566040615,0.028299381074532892,0.14801711074296442
Portugal,1940,-0.05721667184387336,-0.024423499860717013,-0.08898281911941287,-0.02446312700599007,26.9469,-0.02641420075197809,"reconstructed, resident currency",-0.055934188303372046,-0.007108014790853878,0.0688691996257833,0.06904011643037866,-0.007108014790853878,0.08091883986357518,0.00517622301830977,14,0.04744525547445244,-0.016094436811818658,-0.015860083594398056,0.0059249679692383594,0.04284623882411531,0.031376889319110646
Portugal,1941,0.14611805475212147,-0.12704447736794344,-0.05775706670666403,-0.12667982642237763,24.9856,-0.12842646676953284,"reconstructed, resident currency",-0.03153387906212968,-0.07913418941569361,-0.024039327549091882,-0.029603229587239266,-0.07913418941569361,-0.09126461381486894,-0.14219871739426534,14,0.12394225983076179,-0.10216191015684795,-0.09547886346557333,-0.07583315048804296,-0.21949024838305253,-0.21408000890195855
Portugal,1942,0.4298249937815457,-0.05775619567296619,0.040188364729306175,-0.056947792846418044,24.82956,-0.05883389726072519,"reconstructed, resident currency",-0.033822125384477264,-0.15263596797082368,-0.12605507641608216,-0.12623624505320397,-0.15263596797082368,-0.1361501926317943,-0.16265803143363555,15,0.22143489813994677,-0.14417058746917977,-0.14453093856434263,-0.07087970183543024,-0.15341939162947837,-0.17633622966472295
Portugal,1943,-0.09640604679576092,0.02997533283474163,0.10507594499080648,0.029672606310619187,24.82956,0.027613261097998,"reconstructed, resident currency",-0.06054403218772264,-0.0933450926788214,-0.07661082022012511,-0.07667691134100751,-0.0933450926788214,-0.07891674961753947,-0.09557203164527105,15,0.13052936910804935,0.10432072729341435,0.10786285909884463,-0.019568422192413393,0.12110721467799035,-0.09421604544531992
Portugal,1944,0.1061185907173039,0.10277079853988536,0.12787625081892548,0.10277835329206586,24.82956,0.10057279658548168,"reconstructed, resident currency",-0.029575422958951547,-0.00861596053424385,0.01528349147217889,0.013793528573313951,-0.00861596053424385,-0.0050852173732339745,-0.02766826133826557,14,0.028864656831302016,0.06572684441308985,0.0646093027324961,-0.011389603351630306,0.05084211965941332,-0.03580548647028681
Portugal,1945,-0.01731248673350938,0.1344595314660848,0.20783412010732324,0.13401491326142967,24.85962,0.1317468834349067,"reconstructed, resident currency",-0.023079546717599264,-0.06429511050445746,-0.02413053235631779,-0.029846277474185334,-0.06429511050445746,-0.13063882602288746,-0.1677238750635356,13,0.09008728179551118,0.11139221455784587,0.10966040911136687,-0.013237632217602213,0.10094356292820361,-0.08507436343027985
Portugal,1946,-0.17310189625538486,-0.22543639411484107,-0.06713747911816026,-0.22529498956805427,25.3,-0.2268443995889181,"reconstructed, resident currency",-0.09066637694255353,-0.10378391999077419,-0.1022506694036106,-0.10509727260269885,-0.10378391999077419,-0.36632268812791524,-0.3705234620494253,12,0.13811838718901925,0.359925235809863,0.32990308344758157,-0.1458067950930625,0.2556225749339378,-0.18329073859734157
Portugal,1947,-0.07968744257877647,-0.08762235735849466,-0.10157721129521342,-0.08759729036145936,24.95,-0.08942209578073645,"reconstructed, resident currency",-0.059889286415128695,-0.017852790460313517,-0.06419089929572319,-0.06519316507557338,-0.017852790460313517,-0.10726788111825047,-0.060980250680487375,12,0.03090452261306509,0.04851854378608733,0.05222273471485961,-0.07460156340503099,0.08076214757120637,-0.0011024793661797982
Portugal,1948,0.10244769863486813,0.27890936057848026,-0.10452672358105702,0.27830099086403903,25.8,0.275744388882311,"reconstructed, resident currency",0.1749353013112942,0.23023254945113925,0.20137754524727636,0.2067174559046563,0.23023254945113925,0.18173933362994754,0.20371518471639968,12,-0.1759688033146477,0.1762581019357159,0.17743207990830667,-0.016410018909050028,0.27068720724728146,0.3104745193253169
Portugal,1949,-0.2320969281718135,-0.014226643446782483,0.07804641460664413,-0.014905443087054882,28.6,-0.01687563220088073,"reconstructed, resident currency",-0.29164529088884594,-0.12564062506426132,-0.12208938802966163,-0.10719120606310995,-0.12564062506426132,-0.004936158605649554,-0.020137634885059146,13,0.1594202898550725,0.02004229170239591,0.03919047795510067,0.031435476496074255,0.13918725366056428,-0.038727963828318446
Portugal,1950,0.034948018133936776,0.2870492351523082,0.19094198796771916,0.2863622715396663,29.1,0.283789546996587,"reconstructed, resident currency",0.07791001508297746,0.040560356037689704,0.028323998182484766,0.030607770069241313,0.040560356037689704,0.06374785538507766,0.07420441537252742,14,-0.025765306122448983,0.16350608269331635,0.1608394706062568,-0.044909057796571394,0.1272130935339757,-0.006653113583683812
Portugal,1951,0.16136806957377492,0.2012167131342848,0.13488524774179544,0.20111121244603525,29.1,0.19870899002114317,"reconstructed, resident currency",0.0930875083354632,-0.00012622682968443932,-0.017556308740652282,-0.013556630255429747,-0.00012622682968443932,0.005561735361675257,0.020285214150968275,15,0.013877978528410662,-0.023851842534739043,-0.02374412490601563,-0.044855439335450886,-0.00724765683569184,0.0017234127172189861
Portugal,1952,0.15097384258543722,0.14841509677009146,0.08527099024024154,0.1484217506499379,29.0,0.14612490714863813,"reconstructed, resident currency",0.0684935045709556,0.01592573498929495,0.0395605854801091,0.042989420451985616,0.01592573498929495,0.11139518974776808,0.08671512170395256,15,0.0015495867768595684,-0.027136809439932907,-0.027223221213367288,0.003226921042449371,-0.022243036011962536,0.004961076466100778
Portugal,1953,0.11195823480916567,0.07574597819394846,0.06511036990323839,0.0758486183241216,29.0,0.07369692108747339,"reconstructed, resident currency",0.04054910652272814,0.00839892672857978,0.03415438703471274,0.03554965637253904,0.00839892672857978,0.06454489491276183,0.03845204963814419,15,0.009025270758122872,-0.0655273174330373,-0.06534233565129177,0.006703548557218442,-0.06842450325622063,-0.01179132934343885
Portugal,1954,0.2919453368588343,0.4539515424984828,0.46348134656042506,0.4534117852397812,28.75,0.45050496166930154,"reconstructed, resident currency",0.11811351557366123,0.009502408796029593,0.029294552679501873,0.0297872631131757,0.009502408796029593,0.04152940159231,0.021890747292871143,15,0.007922310247891806,0.49061412412272976,0.4886018533616392,0.018564239040369523,0.4846517782045263,-0.0125898646516861
Portugal,1955,-0.03519595977351131,0.230411589681202,0.2589062180634278,0.22952224486330253,28.8,0.22706320037357597,"reconstructed, resident currency",-0.03436221573378473,-0.015692911382425567,-0.03987319727146976,-0.03993850761802353,-0.015692911382425567,-0.01576904569090387,0.009513256299383635,15,0.03372210953346855,0.3753684119016829,0.3728408972013799,0.011922977581826144,0.3666809690164248,-0.04038970974152967
Portugal,1956,-0.05073568563167841,0.007299925230617399,0.025941006207206494,0.007129027739263716,28.899999999,0.005114769683785214,"reconstructed, resident currency",-0.018523421889097613,-0.022899436518458938,-0.05359620387628938,-0.05365266357444742,-0.022899436518458938,-0.04983113266795791,-0.018798479334711682,15,0.043904831984302284,-0.04526601174100853,-0.04498507804716678,-0.012271588679896195,-0.058586627294662574,-0.055731343079378326
Portugal,1957,-0.03452048434431565,-0.06815942098297423,-0.09068174633376341,-0.06801012492322345,28.749999999,-0.06987410467337696,"reconstructed, resident currency",0.005863684410916781,0.019760394197185782,-0.004442354935903836,-0.004177389838466161,0.019760394197185782,-0.0027708216705810695,0.021841507838335997,15,0.0002349624060149491,-0.13933238316026175,-0.13894339762932562,-0.011143687996010843,-0.1417806316331769,-0.005766126501332125
Portugal,1958,-0.06286716153616556,0.3137844572367139,0.2959526687680317,0.31203243171632344,28.749999999,0.30940836685289086,"reconstructed, resident currency",0.055718576319036206,0.006822892763203914,0.055479986865763165,0.05773412184724136,0.006822892763203914,0.08184452250679697,0.0322682031667326,15,0.01432933991073515,0.06731069027382786,0.0685176340500111,0.006882515564111014,0.08102308301587291,-0.008275936271246453
Portugal,1959,0.09760419498171125,0.22571383141490786,0.2238831650397174,0.22526598304059808,28.879999999,0.22281545107451683,"reconstructed, resident currency",0.006242853576796437,0.006710856701646506,0.020835653287232248,0.022102822583678128,0.006710856701646506,0.04072869099691112,0.026197643068200775,15,0.013200555812876269,0.1899360937886332,0.19083845262950971,0.010506777644549326,0.19522832265952728,-0.017942320408312562
Portugal,1960,0.05709576402825833,0.016521378519551266,0.020056227912843595,0.016653146315331435,28.829999999,0.01461984002270067,"reconstructed, resident currency",-0.011600684134659422,-0.0021243295965512887,-0.004068853547265161,-0.002790438108699278,-0.0021243295965512887,0.022498623366332238,0.024602593007387187,15,0.02217142857142851,-0.008732919567260411,-0.008609616234964701,0.012803101551821738,-0.0027684668272013324,-0.027977864497788385
Portugal,1961,-0.021461864683265275,0.21035488977823769,0.18179427727260827,0.20970996438827672,28.799999999,0.20729054445950013,"reconstructed, resident currency",-0.024705335664872097,0.02502129656988994,0.011623349812702521,0.012558306955681386,0.02502129656988994,0.03836584239221996,0.052161955018491406,15,-0.0024597495527727276,0.01114743701805132,0.011366251914990633,0.023604783271376606,0.022009993695493835,0.0023048566833763218
Portugal,1962,-0.06315713805564438,-0.08002913480903973,-0.09979367279387039,-0.07999487367529612,28.849999999,-0.08183488392794558,"reconstructed, resident currency",-0.004865390726267571,0.026710304181190025,0.09242258653728164,0.09383583150343311,0.026710304181190025,0.10414928591350114,0.03749425578785021,15,-0.0004483299708586408,-0.14154583915250707,-0.14232184221299993,0.01825126995188109,-0.1367232053618207,-0.002493168942400481
Portugal,1963,0.1311394258535623,0.1500393356246219,0.14997391821670705,0.15000193069451528,28.889999999,0.14770192683312633,"reconstructed, resident currency",0.027188634977477477,0.00022923417389386636,0.008139410955302573,0.00919300809643464,0.00022923417389386636,0.025227667303526324,0.017199553624254856,15,0.026014801525005682,0.049448855832015415,0.0499403672877865,0.01837742808505438,0.055940924554019,-0.03216381055816342
Portugal,1964,0.13806501271563731,0.04408209043184019,0.07077157362309779,0.04428308384440527,28.949999999,0.04219451767671645,"reconstructed, resident currency",0.0023705525062536204,-0.02165164695759636,-0.040052965476868096,-0.039665653626010045,-0.02165164695759636,-0.02147154966119913,-0.0023280373947547933,15,0.04896174863387981,0.20573074652635936,0.20999718036556048,0.027000180476569158,0.22510369089953475,-0.0465712902779678
Portugal,1965,0.06053493084417938,0.0495683103080613,0.06130507112125237,0.04959222252114981,28.829999999,0.04749303807610761,"reconstructed, resident currency",0.018167281926700696,-0.0024278513053441753,-0.011026991864120927,-0.010812435741354931,-0.0024278513053441753,-0.0015365361499607433,0.007430238461902857,15,0.03250677224421761,0.10514922543854088,0.10715573528792777,0.03155536016230376,0.11963105060310664,-0.034835511059815305
Portugal,1966,0.11458892949604405,-0.08028055895383668,-0.09297522025988594,-0.07981294882574153,28.979999999,-0.08165332292809002,"reconstructed, resident currency",-0.045067621885123144,0.0020197794256340273,-0.017238303184009873,-0.016498042881401553,0.0020197794256340273,0.007552564355346902,0.027456413268702785,15,0.025428859737638865,0.05250294840200276,0.054169828218857186,0.010884962315295343,0.0719866738697601,-0.03566211365398608
Portugal,1967,-0.0822768686805535,0.13941345543059658,0.18610812560799667,0.138669780176496,28.859999999,0.13639244061614297,"reconstructed, resident currency",-0.07539366611824816,-0.008854620452866668,-0.010972487637563422,-0.011295614690230216,-0.008854620452866668,-0.03806437564689635,-0.03665648814301463,15,0.041724070064947716,0.05432064926633373,0.055438024125856744,0.01912916025527034,0.06521596359075899,-0.05031765104882013
Portugal,1968,0.033047248531724804,0.18194821922873383,0.16196693270163431,0.18152973924907978,28.769999999,0.17916667977058154,"reconstructed, resident currency",-0.04451118709768653,0.014867543680755269,0.026569208669592337,0.0271803574488807,0.014867543680755269,0.03700527447139779,0.02547321383431241,15,0.019837521254487234,-0.03539002389208623,-0.03536491766465444,0.011003722479790534,-0.0208219972906325,0.16096627016490883
Portugal,1969,0.28440264462564424,-0.08156810648498258,-0.09924924371635807,-0.08047282608046191,28.649999999,-0.08231188042830095,"reconstructed, resident currency",-0.033447298675778225,0.007925311348432995,-0.050718681450707126,-0.05080045633322916,0.007925311348432995,-0.03072626688181468,0.02929861978984962,15,0.026861800666913682,0.17664631622672333,0.1831503555907339,0.01323387456286551,0.20946585803370787,-0.19395502120433372
Portugal,1970,0.046378645814292296,-0.04460333867969701,-0.055045606823433776,-0.04420385161897156,28.749999999,-0.08451563936109852,"MSCI World, resident currency",-0.019324602696779714,-0.0050781501354076886,-0.023288032054829322,-0.021921307901850318,-0.0050781501354076886,0.003015232021019054,0.021862291188853907,15,0.05033375428468334,-0.06169280631626084,-0.061009813270243796,0.020938455464238448,-0.02597387670874407,0.0135127636908845
Portugal,1971,0.11251294344553986,0.07593663650177684,0.10076174660372181,0.07612691031317143,27.559999999,0.09219576142370167,"MSCI World, resident currency",-0.0723744324717821,-0.02470094410206025,0.019695282773182887,0.022657843789003262,-0.02470094410206025,0.055842523188129656,0.01047302647500381,15,0.07402954311233256,-0.14569783961535454,-0.14378339617693237,0.017643971771362565,-0.1707736209065852,0.0472492444517032
Portugal,1972,0.3520029271623315,0.12740451289154664,0.1973372700691839,0.1286062327949451,26.999999999,0.12532451494149455,"MSCI World, resident currency",-0.009299241403196268,-0.03363566003645291,-0.015913678200097814,-0.015602822330285537,-0.03363566003645291,-0.022671977465503756,-0.04093303067369582,15,0.08395969934431458,0.07339951169361392,0.06998968307774,0.01154035341542925,0.0487252299059715,0.33730264341651717
Portugal,1973,0.6140488208948969,-0.1674743329450351,-0.16079338233772839,-0.16291584807697757,25.844999999,-0.277344492633542,"MSCI World, resident currency",0.061094522896752324,-0.022627073723798907,-0.09135841584288174,-0.09249410860354779,-0.022627073723798907,-0.037347734682908085,0.036218759146286125,15,0.0768663322514016,0.4455055492042048,0.42513221522359546,-0.005739170208360234,0.3889139611695436,0.4935661799110127
Portugal,1974,-0.4441120022987808,-0.47856253833341256,-0.3354590632600625,-0.4780152871356328,24.595999999,-0.4802492347033056,"MSCI World, resident currency",-0.3096351569254894,-0.21853413112574105,-0.2772245170460992,-0.2764351179281942,-0.21853413112574105,-0.255321048065311,-0.19556654972370824,15,0.3788190163036034,-0.01922123415179522,-0.02918963606328817,-0.018682411153460032,-0.05633557095260633,0.13112976065780835
Portugal,1975,-0.5301081830652374,0.2595815285298688,0.23482797451835627,0.24656329325241044,27.471999999,0.301060250944597,"MSCI World, resident currency",-0.32668008997390574,-0.08463073107570473,-0.050383881078378434,-0.0481988234027817,-0.08463073107570473,-0.024104392545023612,-0.05864306587684607,15,0.18531399046104924,-0.1973278333094617,-0.20191401707080758,-0.002214119066057396,-0.10016695784520135,-0.28095070792433086
Portugal,1976,-0.5383164955928356,0.08592260126725981,0.06998931191011429,0.0805622103914081,31.548999999,0.11135714405648511,"MSCI World, resident currency",-0.32405954292058925,-0.09233166661249925,-0.09989328063521818,-0.09245599420690631,-0.09233166661249925,0.013495350763358172,0.02091405216826523,15,0.20638779445049882,0.030398379412497123,0.05065950037754319,0.0049242743921680265,0.14868851432163432,-0.0843454429231073
Portugal,1977,-0.5794611413274771,0.01890721511719584,-0.060680691980958906,0.016317769421180017,39.854999999,-0.005679485096261483,"MSCI World, resident currency",-0.36759949577769835,-0.1536563807774497,-0.1390818367794323,-0.11251586615104547,-0.1536563807774497,0.07651137895198135,0.04809442304688674,15,0.3297199638663053,0.061538963056800844,0.10820026195707833,-0.011551278487003214,0.2540239307317351,0.15818156696878427
Portugal,1978,-0.3855349925254642,0.06298295081177852,0.0288210491405803,0.06288260438997084,46.009999999,0.0699746243440853,"MSCI World, resident currency",-0.0017338597175435844,-0.06580157185021496,-0.061989020980211085,-0.05113280628013561,-0.06580157185021496,0.08599987870707393,0.08382819529114068,15,0.2676107859531771,0.19068393447893506,0.2026960456294793,-0.010424790546951224,0.23629655435222818,0.22729859329158253
Portugal,1979,0.1329956890069277,-0.022636336527357526,0.05657322198846994,-0.022612521021350585,49.780999999,-0.019252736255941483,"MSCI World, resident currency",-0.05221739612078957,-0.07437744170879768,-0.14926234414438444,-0.14844908255497213,-0.07437744170879768,-0.11818612650085503,-0.04019047123411357,15,0.24100259718844064,0.2793626798526827,0.28363368777539,-0.02032579690849734,0.29248599053232316,0.901729334673286
Portugal,1980,0.748812454212582,0.14487328988978976,0.11829836373741447,0.14495230625114064,53.039999999,0.15006904286791856,"MSCI World, resident currency",0.0771603658157769,-0.07134343833354195,-0.1181291136623367,-0.11629221259647404,-0.07134343833354195,-0.09284823475470849,-0.044202623542035496,15,0.1839683752449921,0.08591609393588295,0.10560180432947885,0.000695567814542164,0.17096046192518255,0.021807359204035315
Portugal,1981,-0.4064699414432089,0.03613503445838462,-0.05671744279434427,0.036053744458167,65.248999999,0.028130156708330745,"MSCI World, resident currency",-0.05644000927765214,-0.058923223867463514,-0.10368230135914225,-0.10057534031211013,-0.058923223867463514,-0.025184486965887598,0.02539571014313251,15,0.16079795740860248,-0.02923634370864392,0.023477185261914446,0.06875376114405274,0.2786786024731882,-0.2850956855929626
Portugal,1982,-0.30930652017688853,0.22625195482892524,0.08223718319295975,0.22615087109952925,89.064,0.26069345317969495,"MSCI World, resident currency",-0.050370664132470155,-0.08155042586557948,-0.0049617375730255375,0.025711571527955,-0.08155042586557948,0.15912782252714153,0.06713369200782952,15,0.22399207193270798,0.030729143066332343,0.12252684568442129,0.08419578734237465,0.43883692761926985,0.3039262652003871
Portugal,1983,-0.23233785481497682,0.44894399789958883,0.2120121027547081,0.4488660800763984,131.449999999,0.45661022924673067,"MSCI World, resident currency",-0.060698387442833845,-0.057815959184474575,-0.014321344872290975,0.011370597081124867,-0.057815959184474575,0.18965050087813684,0.13812135402595116,15,0.2550010861193941,-0.0019861491426559352,0.04839683613430079,0.04999397713684739,0.36384884663359807,-0.015101911226744869
Portugal,1984,-0.16887235386327482,0.06442160444619205,0.08478385111503603,0.06438413770369222,169.28,0.03595664475616256,"MSCI World, resident currency",0.01272590983934152,-0.058437387467479174,-0.03157909330645603,-0.02760265697605624,-0.058437387467479174,-0.005114309661832572,-0.032591631436346157,15,0.2880003776435045,-0.055010252354035005,-0.038485873245548974,0.06256920408590982,0.1106324598136117,-0.19622271041966133
Portugal,1985,0.9806113879241469,0.12055433322561115,0.2485513987201463,0.12069922141420064,157.486999999,0.09840672475116441,"MSCI World, resident currency",0.0880835545244576,0.00473398040840034,0.07030284009736998,0.07274512907126574,0.00473398040840034,0.07649312578290912,0.008171640274028035,15,0.19600513102437223,0.23185874579631371,0.18220548596828867,0.041566294338919674,0.027454862371826927,-0.18158757858811725
Portugal,1986,0.7233597687200821,0.14625360567886303,0.2456688931300946,0.14639426984429793,146.117,0.181612442830277,"MSCI World, resident currency",0.15363287645806967,0.024352291017051275,0.08313344711641091,0.0815652122174837,0.024352291017051275,0.09175320721836377,0.034474332423406036,15,0.11799916240206731,0.19921650369588528,0.16729226859938895,0.05503815580608573,0.04295612846960273,-0.011283705316955328
Portugal,1987,0.9410854824279618,0.04240984865971509,0.08609444661436726,0.04309040467495806,129.865,-0.05728573216825861,"MSCI World, resident currency",0.05361062441224829,0.04158012759346774,0.03141587147518732,0.03366956604430826,0.04158012759346774,0.04440944334724084,0.053753806814698726,15,0.09153867940905047,0.17311951440990758,0.14051230168662454,0.0219249880214456,-0.030584976652945794,0.0012605348842047448
Portugal,1988,-0.34254846528887406,0.183928536810545,0.14174681568296424,0.18198152559592917,146.371,0.2724797737067437,"MSCI World, resident currency",0.012906333096406541,0.027477408479106513,0.05647624854986022,0.05888102082507696,0.027477408479106513,0.07526920320672992,0.04709601004772232,15,0.09947267096342172,0.10693926099916884,0.11635848525262049,0.030389429819428715,0.1790794162284126,-0.14135512456923005
Portugal,1989,0.16952133361709953,0.09122628761412943,0.22037998114546226,0.09139438116186738,149.841,0.05489641830325809,"MSCI World, resident currency",-0.004726152391169469,0.01977766303792694,-0.028871030744332615,-0.029423736175738346,0.01977766303792694,-0.04982740392866036,-0.002180769960891397,15,0.12600301475402342,0.02622358553559523,0.023593246117291633,0.04313487985098852,-0.003914611644593946,-0.12245059195377339
Portugal,1990,-0.4086881210587151,-0.24194479821997483,-0.12811891051809216,-0.24230084781466665,133.6,-0.36097337400740337,"MSCI World, resident currency",0.028773685716161346,0.03088790634207461,0.001193110745329573,-0.002776537642462551,0.03088790634207461,-0.05680673907293188,-0.028361733090329706,15,0.1339981745039045,0.05099492165425756,0.03490262921626641,0.019629465469601426,-0.1423717150380166,-0.2507052529065664
Portugal,1991,-0.12296710016277235,-0.0010043687107044175,0.05279890891647788,-0.001274397601616739,134.184,0.09011303363005219,"MSCI World, resident currency",0.10448165135367149,0.056886965772817266,0.13077832761831787,0.11895906715494631,0.056886965772817266,0.04729713472118968,-0.02162560853276694,15,0.11400276644964347,0.047320553995583436,0.04222007170708175,0.0295655869605842,-0.04669257539391858,-0.17362226436601358
Portugal,1992,-0.18468031711872068,0.004744666974221268,0.008073052700662768,0.004376193464505906,146.758,-0.044020891706355925,"MSCI World, resident currency",0.07714827053535744,0.07167922415025507,0.11348849984719744,0.10259860678373856,0.07167922415025507,0.025165190793587255,-0.012327212324690369,15,0.08899890283389977,0.03750203538495178,0.037485707796126366,0.008383806062487231,0.004825547287645948,-0.0614492817227531
Portugal,1993,0.43893097809068493,0.3362493550645942,0.1462330189754428,0.33644633598409124,176.812,0.39159392750609956,"MSCI World, resident currency",0.09072946955778649,0.06333318403488386,0.23839144898696518,0.25071124725638905,0.06333318403488386,0.313190897655685,0.12921917831003168,15,0.0650009337802373,0.24336077909539267,0.26345877882290236,0.004321478172269577,0.36199361997824453,0.32217718941186146
Portugal,1994,0.030568644813727897,-0.10624628065971498,-0.021469762558698785,-0.1059578894217158,159.093,-0.10923297462284332,"MSCI World, resident currency",-0.10625876707967696,0.05614887712840244,-0.08530381162932077,-0.08109760162540247,0.05614887712840244,-0.13181818187211625,0.002931935122861954,15,0.051998154130133756,0.05604357570376872,0.049926649808625934,0.016542435122898214,-0.11247218372187384,-0.17073009462104227
Portugal,1995,-0.08351443966458316,0.1032708986611095,0.19035942242332526,0.10282521180224746,149.41299,0.08524899267200547,"MSCI World, resident currency",0.20035174246260112,0.05462557725532835,0.2138837126744204,0.20506730528680173,0.05462557725532835,0.16188758827361704,0.009461163928677558,15,0.041001368613138744,0.23403765765004847,0.2115573289244621,0.033488873052366586,0.1172758561782965,-0.09373608184854199
Portugal,1996,0.2858226816079745,0.21837142666824394,0.19724690297000774,0.21852479553761084,156.38499,0.14407121696950886,"MSCI World, resident currency",0.24409559690810956,0.04138277226404252,0.13099650829461362,0.1273070100947098,0.04138277226404252,0.09471354095393392,0.008578330305952394,15,0.031000990245035887,0.20294379290457232,0.20732083797730194,0.020154971252071885,0.22818323687678088,-0.04192529253108623
Portugal,1997,0.6169010923218277,0.3819596843056936,0.22726819966379824,0.38256617129258963,183.326,0.33390829543172007,"MSCI World, resident currency",0.12703921144199803,0.03465337856365713,0.1242964499451844,0.12702968787160218,0.03465337856365713,0.1448918791379561,0.053607372048436484,15,0.0220008828145406,0.23263931225569867,0.2778504455433852,0.038183713171633826,0.4493763135635047,-0.09802665976632519
Portugal,1998,0.23508532240518631,0.11593482371444863,0.18069094834377664,0.11643988752255718,171.82899,0.13739088338735028,"MSCI World, resident currency",0.14772416962562196,0.02047693068715395,0.1305789553548211,0.1259186505307861,0.02047693068715395,0.09442106036972286,-0.012262887575907166,15,0.022152780834177044,0.25347853514165064,0.2380842779108212,0.0384762766424287,0.1855193480048647,-0.09650076453934298
Portugal,1999,0.10177070289769863,0.39228600676346814,0.2271373666803947,0.3909475724485614,199.56400557435796,0.4125649071616433,"MSCI World, resident currency",-0.06469271033600366,0.007779266310986355,-0.07184149040406129,-0.0740257214152863,0.007779266310986355,-0.003763186464328272,0.08064651048214495,15,0.021687023667704697,0.009525309872965959,0.0179952334408906,0.025016298269186832,0.1920690048051692,0.1357662952085501
Portugal,2000,-0.1071955548826069,-0.022395694002010136,-0.053019189581314026,-0.022749910153573194,215.45620634067703,-0.08854401699534065,"MSCI World, resident currency",0.05004497802055052,0.015430715845910159,0.06259661835868391,0.06276475884993893,0.015430715845910159,0.05894646032456241,0.011720450567600339,15,0.028054057091481344,0.013081331184109368,0.019021421316852916,0.02935847551351123,0.11510017128850247,-0.011374597505186879
Portugal,2001,-0.22455269680614431,-0.15442792473760558,-0.16108098505016188,-0.15469953536796532,227.48439804833768,-0.1486095304651961,"MSCI World, resident currency",0.017396506863347705,-0.0014158754216849756,0.004931206502158059,0.004782400701766942,-0.0014158754216849756,0.0007712479467989475,-0.00523050616287819,15,0.04409614517429383,0.0927293607992592,0.10249764306222486,0.024736810195639336,0.16622925057225446,0.027130159472394944
Portugal,2002,-0.23484526750561063,-0.3315040048413894,-0.23065837249547458,-0.331174654687471,191.1719271478974,-0.35651124516646304,"MSCI World, resident currency",0.07886617648661098,-0.0036893632479028104,0.0744362768163287,0.07199484740634676,-0.0036893632479028104,0.053058973220577954,-0.022731044064502638,15,0.03701183122186169,0.05384494447839394,0.041850276851433055,-0.00596150761007852,-0.134501332704121,0.004580885121196143
Portugal,2003,0.13715725535802914,0.024350524400042817,0.17579882609168884,0.024730309697219344,158.7347585114806,0.07304786625919246,"MSCI World, resident currency",0.01646771323026397,-0.008753613265437665,0.006985750951289171,0.005819665080344594,-0.008753613265437665,-0.021501605183919192,-0.036280833620798224,15,0.03237164925034075,0.17128900433725525,0.13693131305486705,-0.006956332666097742,-0.0348047529989115,-0.037394746233639475
Portugal,2004,0.15107949070281834,0.06204823919012559,0.12199394518088454,0.0623058783673045,147.18596285147933,0.031250074205533496,"MSCI World, resident currency",0.08005544184598135,-0.003935390874713507,0.05963531299379721,0.05949407689835029,-0.003935390874713507,0.05340660470351888,-0.010018914647417998,15,0.025097492695688395,0.15002166837467668,0.13639400250270795,-0.017486342515833142,0.05381393917737287,-0.06303884722204056
Portugal,2005,0.14743255322319704,0.21789116681194343,0.10443961802255837,0.2176952026300798,169.94320589980504,0.23839442532958244,"MSCI World, resident currency",0.042723793896947804,0.0005364818993078835,0.04751647356368505,0.04884049844845406,0.0005364818993078835,0.06801265182271243,0.02065861580111173,15,0.02129892432084346,0.050664885471926935,0.06442986643220183,-0.0006986459582450921,0.22653477200180805,0.32671783946413124
Portugal,2006,0.2933318353949621,0.06546022540128549,0.1553713211546982,0.0660832422676263,152.22627182991647,0.051016107828312895,"MSCI World, resident currency",-0.03405200355781568,0.0003291659387083534,-0.03497723590257795,-0.03498890033172197,0.0003291659387083534,-0.05113800646582212,-0.016097234627242395,15,0.030453059318075626,0.1424870136884191,0.12660594188627416,0.024767261591463807,0.05037815434014181,0.07410241190974287
Portugal,2007,0.15512915799805205,-0.04004478197731187,0.04103852571811792,-0.03940120238566025,136.1877589837646,-0.059194334381008185,"MSCI World, resident currency",-0.008623431065717502,0.01811014602744976,-0.010273860637854404,-0.01122374061753506,0.01811014602744976,-0.03380712826445209,-0.005213102894690695,15,0.024227177953041412,0.19903197008956264,0.17534954169607753,0.011644528236934182,0.07019014096522591,0.13367256315296028
Portugal,2008,-0.5101675788572211,-0.35991351082807943,-0.3943725571251416,-0.3604816780329282,144.05547172522807,-0.3655011978187006,"MSCI World, resident currency",0.07082760795650067,0.01931062815998663,0.1225958324795231,0.11565113487714385,0.01931062815998663,0.09302049355095421,-0.005462592744252344,15,0.026519593742393877,0.29713860963392924,0.3257044373500215,0.03138761247384991,0.4044150662243615,0.11200878513484325
Portugal,2009,0.4123870415214068,0.2426520646843502,0.23782384016522876,0.24318927568886628,139.1656254338469,0.22824214688618527,"MSCI World, resident currency",0.06221912626133119,0.021509681846937356,0.01567609092281308,0.014548723252954643,0.021509681846937356,0.04268920423561107,0.05056447347957969,15,-0.009031826951057864,-0.04159321501306612,-0.035662478569357,-0.019834602641820354,-0.10661987553917651,0.17671402889482057
Portugal,2010,-0.07498112707003635,0.19130253848966428,0.09693293271889038,0.19037776744256618,150.03891632989072,0.1909228843034434,"MSCI World, resident currency",-0.1364445000077955,-0.00572132008183357,0.028278570360529276,0.03208440845367733,-0.00572132008183357,0.09486997877948355,0.058052671387873823,15,0.013910489966828088,0.004666308732568458,0.005775024896361947,-0.011732246102603261,0.07936159639397933,0.3716388240850925
Portugal,2011,-0.23106435789073387,-0.025111716892615488,-0.047992204025253525,-0.025703017491470304,154.9439678491383,-0.05723387410939462,"MSCI World, resident currency",-0.336926659540164,-0.020899822236116306,0.05724896780940214,0.05905528924975312,-0.020899822236116306,0.07110788757955522,-0.00860392396127038,15,0.03554878572041531,0.05998280110293486,0.061978069935425095,-0.025979726392153846,0.08472296027789517,0.08288905787650269
Portugal,2012,0.04784027783281575,0.09722700439607523,0.1284504100716915,0.09710006293416962,151.94937092617857,0.11935627309478147,"MSCI World, resident currency",0.7623716435862276,-0.021434218485436585,0.09731347413547131,0.09729560341332633,-0.021434218485436585,0.09576425573396596,-0.022747701739626192,15,0.027761088897636288,-0.07392196195560363,-0.07307990966133915,-0.014131120381582707,-0.0909011829205556,0.03251672602540734
Portugal,2013,0.15095424214787156,0.23350217059758394,0.29687929100043164,0.23331750711993027,145.37161917192373,0.20333475056006645,"MSCI World, resident currency",0.11743228669517247,-0.002178125820470167,-0.02611924725686221,-0.024947367981375868,-0.002178125820470167,-0.06299570679845146,-0.04074352413905976,15,0.004394363925900535,0.05827046533462665,0.055547991097290694,-0.01307117198017016,0.011795499356903605,-0.31078474661785815
Portugal,2014,-0.2099507989422258,0.22674333559374293,0.10529131227068605,0.22586720816850847,165.1280784119924,0.19663667384806893,"MSCI World, resident currency",0.3455022532854002,0.0037007584679265015,0.1839859635512684,0.18658370836745442,0.0037007584679265015,0.1978500102414813,0.01503747576605609,15,-0.0015955205009331452,0.1814803053161702,0.20886629292417802,-0.006284064445272408,0.3533563521617802,0.1463052395982063
Portugal,2015,0.18005925924479982,0.13135588773078055,0.04018434925865552,0.13142743571237547,184.14806650133187,0.09466792510816502,"MSCI World, resident currency",0.047987996638193975,-0.005248989994972919,0.0035427281110174125,0.0038025255371059163,-0.005248989994972919,0.02903916579928878,0.01995399138240021,15,0.005075631941303449,0.0707086062329092,0.0787689716847837,-0.00531491867575451,0.1899740658451754,-0.03317520664412088
Portugal,2016,-0.006336574615801394,0.05657162604764121,0.03760333350218836,0.056468634214811075,190.1925813490181,0.09052252015623607,"MSCI World, resident currency",-0.04146355712038041,-0.008940140705115396,0.03270545580104933,0.03265132915212554,-0.008940140705115396,0.035193062870060965,-0.006296745982731119,15,0.006359999999999921,-0.07491580982213408,-0.0772071799433679,-0.014283553872012966,-0.04352858792660175,0.09678726173343866
Portugal,2017,-0.013566692898630883,0.06058648250433318,0.16242696855873553,0.06047142017487017,167.16584674393405,0.0617981585689662,"MSCI World, resident currency",0.10489397229096165,-0.018563169761844245,0.006479002094079034,0.005987552895093007,-0.018563169761844245,-0.0234605848076469,-0.04810804003396931,15,0.01556103183751345,0.022327778663755904,0.016712222387706088,-0.00991627081888169,-0.08822361116623101,-0.028652928354928497
Portugal,2018,-0.01218353595963706,0.030015199988914887,-0.010362489071986017,0.02972280706522179,175.09344978165936,-0.05150776595730222,"MSCI World, resident currency",0.005749201503725931,-0.014722110759707863,-0.0026009482888780244,-0.0026728239424200773,-0.014722110759707863,0.003336106574766129,-0.008663349017097628,14,0.01167296139018803,-0.08542964129738406,-0.08899804108866904,0.0017853235335945072,-0.013777381170397063,0.025971376171278537
Portugal,2019,-0.0008716287428053304,0.17003182762162705,0.13565302368337742,0.16883955499517933,178.46003204557587,0.29258508665669813,"MSCI World, resident currency",0.0552384354122768,-0.006541597656814946,0.054128554937824314,0.055069580033007215,-0.006541597656814946,0.06930396677528972,0.007833510337169789,14,0.002998210745200458,-0.024147503380718804,-0.024144677643675005,-5.033643403207222e-06,0.01625170398828102,0.19272466709022473
Portugal,2020,0.0025090219954466697,0.022057573735506653,0.06829660118162044,0.021919926143535662,163.37869774264522,0.05788624358062022,"MSCI World, resident currency",-0.0007512637644807585,-0.003040709603297942,0.028301879996907253,0.02740791268654319,-0.003040709603297942,0.017811260262282413,-0.012690313800615716,15,-0.00121498481268989,-0.12183039279451469,-0.11362643638289438,-0.00489791713896115,-0.18653481649958592,0.1368462181924337
Portugal,2021,0.12640618635937617,0.17323313244458394,0.17394437367045534,0.17289184135971802,157.63118590386995,0.13889006223744294,"MSCI World, resident currency",-0.049932477327485736,-0.014761699791311367,-0.04659725935818304,-0.04694109778680455,-0.014761699791311367,-0.03959977864626285,-0.007387220541998407,15,0.009413089999999999,0.06302300964301555,0.06017794822582112,-0.0646718177027612,0.009754913481245797,-0.11040813747314826
Portugal,2022,-0.0489383787500034,-0.10727680932317674,-0.14295350120647443,-0.10686620612112607,177.34332921086963,-0.13551324888417016,"MSCI World, resident currency",-0.21842093109584437,-0.0717938184276653,-0.19645800094556742,-0.1985819834246897,-0.0717938184276653,-0.18525126160672833,-0.05817587944562516,15,0.08102658,0.08372647212910245,0.11311816085036197,-0.04319532740699539,0.25552450219583966,0.056626178471564925
Portugal,2023,0.0612075522281339,0.12374298666092298,0.1591747822425317,0.12337049990539417,172.3644255006993,0.15085160740814385,"MSCI World, resident currency",-0.013832181639620633,-0.01741789282885242,-0.029536574926479986,-0.02944855873370944,-0.01741789282885242,-0.05293964197186962,-0.04159702770922127,15,0.05264283,-0.05241120165960056,-0.05250759319259024,0.017003513512843016,-0.05703859932672983,0.06209713395546568
Portugal,2024,-0.029507675555393353,0.16141789380739757,0.16579513856985728,0.16008825368503943,172.19207095064849,0.15180675841417668,"MSCI World, resident currency",-0.004941796540932408,0.008320449506958427,-0.009040022752773824,-0.008943325707466476,0.008320449506958427,-0.012990118423492403,0.00440145194870977,15,0.027308680000000002,0.015004211427864345,0.015802002053217246,0.02171369326854866,0.029418671059032953,0.21653003175231267
Portugal,2025,0.26834224489361724,0.14173281446170893,0.17024119880456298,0.14261321365976798,165.21907167870117,0.1341414418030331,"MSCI World, resident currency",-0.006877955217624354,0.002599309650810344,-0.007265117927613307,-0.00721268932152197,0.002599309650810344,-0.012033799958520164,-0.002346804305021477,15,0.02164819,0.09097235051622832,0.08765181638188912,0.015139307087717269,0.06232999219005264,0.5620894457224463
Spain,1927,0.33008880301511967,0.12521301603516544,0.2589599175454782,0.1266049959579223,5.86,0.12435178596600638,"reconstructed, resident currency",0.08994653613274561,0.05461186615922031,0.09009159929068211,0.08259115916323001,0.05461186615922031,-0.021583262849707463,-0.054514539765146995,15,-0.018596288017915907,0.2758612296833769,0.2437370628133093,0.06069651650102048,0.12087854954534505,-0.11269327999274004
Spain,1928,0.2190886763269435,0.3178135288356059,0.3251257289107445,0.3170370219880081,6.03,0.314402947944032,"reconstructed, resident currency",0.03303253866993505,0.009695877234865202,0.03996205812586506,0.04158872002080938,0.009695877234865202,0.07021267230183237,0.039675436526071944,15,0.02506113324285697,0.2638932858882028,0.2714296366309401,0.05045226040342521,0.2972179069232228,-0.007526062910121034
Spain,1929,-0.002444197385067959,0.023831311745080574,-0.07353570871520046,0.023640163866837982,6.82,0.02159288353910438,"reconstructed, resident currency",-0.015085614722610385,0.00678364021915967,0.023513173098810736,0.033034479671412154,0.00678364021915967,0.1608150389279388,0.14134910062416114,15,0.02802624000098941,0.1488993066768558,0.1728880047840673,0.03785806464463959,0.30300668656104435,0.0939446484583637
Spain,1930,0.0006458098312540628,0.008344238725085162,-0.18630783272531917,0.008285313772393277,8.68,0.006268743144848488,"reconstructed, resident currency",0.009666011447226897,0.03141040608079293,0.07517155298764466,0.09957409569460607,0.03141040608079293,0.35088807803601374,0.29345599968129527,15,0.003480277149673805,0.10005470318669252,0.14834233610207614,0.10740235214556271,0.46296887061566117,0.3127169018605709
Spain,1931,-0.2468816141727369,-0.2246328519874079,-0.29250754683624014,-0.22484743439793065,10.55,-0.22639773952913478,"reconstructed, resident currency",-0.028903355260287977,0.028460670655304332,-0.03192551348554129,-0.03449507880601155,0.028460670655304332,0.0815551629345308,0.14955979393964833,15,0.0063583661293928895,0.21675332629041577,0.2708454837136629,0.15094084355712933,0.49683884702007,0.21126489770857892
Spain,1932,-0.08776221007687734,0.12000710319115737,0.10860855223187242,0.11757451583493261,12.41,0.11533936680326273,"reconstructed, resident currency",0.10556610798074018,0.042786455976411064,0.16864426266326893,0.16859551190174504,0.042786455976411064,0.20008348713742463,0.07475772460567853,15,-0.007466970617784563,0.03270183425214279,0.03940322681696151,0.16025907588768828,0.2273993074654228,0.18524884573626266
Spain,1933,0.17323947234808212,-0.07275250840725667,0.3901643050433957,-0.07000514705763783,7.39,-0.07186513676352257,"reconstructed, resident currency",0.16346157392436322,0.08431736503594056,0.12467228406813513,0.10949385086884056,0.08431736503594056,-0.14661480055889886,-0.17975345150705577,15,-0.044560170429494006,-0.06056655850285342,0.013827687919282017,0.030170519994877854,-0.472149641447842,-0.41352324531298457
Spain,1934,-0.03779070720555633,0.10339941071391245,0.014695329079197052,0.10210671982612807,7.35,0.0999025063864758,"reconstructed, resident currency",0.05631937536480636,0.015095562533723461,0.11428262854866,0.1313764545754763,0.015095562533723461,0.2687116285110045,0.15635709840841788,15,0.020593564476212745,-0.021172666365797732,-0.02117722485671969,0.008767156750223437,-0.022894147453228153,0.6578989341222035
Spain,1935,0.5580435766791632,0.2273492245788853,0.2688813742563707,0.23031829008897042,7.3109,0.2278576535087924,"reconstructed, resident currency",0.10843028042126157,0.013151470094098006,0.018309632769454298,0.01606940484745012,0.013151470094098006,-0.019366616524130742,-0.023148810093280233,15,0.022551937228161067,0.03638634041820543,0.03550163641975468,-0.0020322077192309607,0.015261048267458888,-0.038228174115300884
Spain,1942,-0.004836981529681816,0.01572251575204775,0.04137727770673248,0.015480993565522017,10.95,0.013450031578390975,"reconstructed, resident currency",-0.08474823443531232,-0.097396096084307,-0.06908238960160928,-0.0687383626312521,-0.097396096084307,-0.06980435014793496,-0.09834805778106367,15,0.1411428588565622,-0.08837885532342882,-0.08837967398454682,-0.07087970183543024,-0.08839986715454873,-0.11307677611131906
Spain,1943,-0.1897868945222574,0.019239408828870097,0.1082304181717153,0.01668839009309675,10.95,0.014655013312910636,"reconstructed, resident currency",-0.0918455522897963,-0.10041111495038013,-0.08380726117793003,-0.08405053366691795,-0.10041111495038013,-0.09053164934781033,-0.10697690754691264,15,0.1449674584103322,0.09571419487298716,0.09808929330116567,-0.019568422192413393,0.10697000408387636,-0.10563802039174552
Spain,1944,-0.052925947519818495,0.05486748901493477,0.12975366697080826,0.05373071354682568,10.95,0.051623252119731955,"reconstructed, resident currency",0.01015421795137783,-0.04342201462678541,-0.02036163767725563,-0.022210713240150226,-0.04342201462678541,-0.049335471007445064,-0.07091410189033623,14,0.07675486481908433,0.028310722387860254,0.026493318668520782,-0.011389603351630306,0.004104417962317308,-0.07868941233151328
Spain,1945,0.07722051207130809,0.13547496393899916,0.2085093450953481,0.13488269914039663,10.95,0.1326129337421158,"reconstructed, resident currency",-0.02480420304084907,-0.053253684941930834,-0.012615160141538406,-0.019001110657531073,-0.053253684941930834,-0.12997356197593624,-0.16708698972792396,13,0.08793663407738972,0.12450677080904571,0.12074093726991109,-0.013237632217602213,0.10178604151140047,-0.08437423194308757
Spain,1946,0.14166927726795775,0.9347190202706306,-0.0695159784478416,0.9268623599834045,29.0,0.9230086352634377,"reconstructed, resident currency",-0.14610118521207538,-0.13501959406879793,-0.13353978161635294,-0.11167639698824294,-0.13501959406879793,0.5760953449119914,0.5656470929410319,12,0.19077841794646488,0.3125279815273925,0.8336516173724606,-0.1458067950930625,2.123010494841999,1.0313362036592517
Spain,1947,0.19342125680858535,0.1329425361229779,-0.10596681675193373,0.13384323971358714,41.5,0.13157555323416004,"reconstructed, resident currency",-0.17136760724464095,-0.14437166516944067,-0.18474056151912455,-0.1961747035472825,-0.14437166516944067,0.10939858811934089,0.16692024637374295,12,0.20379370037274347,-0.08655019640169204,-0.037195555867438834,-0.07460156340503099,0.3430635856478479,0.2413303785408647
Spain,1948,-0.33868297851628926,-0.13723047698598823,-0.09833498569211402,-0.1418221172165306,37.5,-0.14353847298209754,"reconstructed, resident currency",-0.04403121678226096,-0.03970703424017463,-0.062230627504149094,-0.05838970760402917,-0.03970703424017463,-0.2066480691288446,-0.1918947446047129,12,0.07258934101893288,-0.08183832259127388,-0.08264761111963348,-0.016410018909050028,-0.1469335743388348,-0.12022265767303875
Spain,1949,-0.15002726292216262,0.25143493663896277,0.08099746432560595,0.24462760232831027,47.75,0.24213834712365356,"reconstructed, resident currency",-0.022984805690667076,-0.02284815602184298,-0.018879424266644906,0.0031543582208402032,-0.02284815602184298,0.2572233948377156,0.2380169371015328,13,0.05408387209928045,0.13996170778858175,0.18807219134046238,0.031435476496074255,0.4393175661936177,0.21452879946360648
Spain,1950,-0.03820187217237769,0.20053442884867545,0.19371132053315004,0.19724603770590954,51.45,0.19485154563049778,"reconstructed, resident currency",-0.0750625918610297,-0.0708010716676658,-0.08172788676279674,-0.07908220234712027,-0.0708010716676658,-0.009946161236841555,-0.00021400779143284802,14,0.10848169097442328,0.038986925528827765,0.0397316216065744,-0.044909057796571394,0.0491223504778906,-0.07546991221534438
Spain,1951,0.09246870375072591,0.1251056680273277,0.13540893025987868,0.12476093084119788,52.0,0.1225114089795154,"reconstructed, resident currency",-0.054997006541540605,-0.058737902545642706,-0.0751462491775372,-0.07145579151340553,-0.058737902545642706,-0.05835817552614542,-0.0445706148601009,15,0.09427544369956253,-0.08107274460388292,-0.08100320365211522,-0.044855439335450886,-0.0703533211397478,-0.06195250992724999
Spain,1952,0.11850415352277888,0.07975835850992796,0.08508371025148083,0.08017356218940264,47.7,0.0780132150650239,"reconstructed, resident currency",0.06721528395715248,0.0508648749913132,0.07531256181630508,0.07349036044555257,0.0508648749913132,0.045347408676823076,0.02213402300306915,15,-0.019854955816310693,0.006321348028778484,0.007851728978030437,0.003226921042449371,-0.08034899012602481,-0.054761558448594094
Spain,1953,0.024708604510810694,-0.03209558356963371,0.06573724874052987,-0.03141151130043751,43.25,-0.03334868827783666,"reconstructed, resident currency",0.03527255103057603,0.01357428890832546,0.0394619328489878,0.034906429239282666,0.01357428890832546,-0.04158827426616185,-0.06507971083070586,15,0.016205729171379968,-0.06073136371752497,-0.05431012352057307,0.006703548557218442,-0.16130086786172637,-0.11031391728508422
Spain,1954,0.24510213062171538,0.4878678505581939,0.4655020351442264,0.4850126024264405,44.0,0.4820425772215877,"reconstructed, resident currency",0.039622463536971964,0.017477734551503588,0.037426241404984406,0.03860495599000835,0.017477734551503588,0.0641748628088088,0.044109214913603444,15,0.01230716344221916,0.5023903547805324,0.5072980518836046,0.018564239040369523,0.5169318311842463,0.008878907992295737
Spain,1955,0.32387271479113444,0.21442252161344544,0.2572415260481651,0.2155394052573516,43.85,0.21310832644683697,"reconstructed, resident currency",0.002813071724657279,-0.009843623641430654,-0.034167601932429625,-0.03435345045504723,-0.009843623641430654,-0.02696229056858912,-0.0019675135702862906,15,0.04023972770584838,0.383541598587138,0.37411421438781334,0.011922977581826144,0.3511382809015082,-0.05130295415736863
Spain,1956,0.4113919593218729,0.13643943661899738,0.02093710470050137,0.13980411201438092,50.5,0.13752450379035208,"reconstructed, resident currency",-0.04640291123542006,-0.027017571845114108,-0.0575849631215104,-0.057222237862198266,-0.027017571845114108,0.07534025161023217,0.11046102055018586,15,0.05860082312348336,-0.049289879817185245,-0.05170936688653849,-0.012271588679896195,0.0654313437112719,0.06866277146274502
Spain,1957,-0.014074297712716177,0.005372412038489038,-0.09171960452456517,0.0050500473361621,60.0,0.0030399472414897044,"reconstructed, resident currency",-0.08473913578841308,-0.07019511917300969,-0.09226288568113572,-0.08907159015173571,-0.07019511917300969,0.0754035635874466,0.10194529284813475,15,0.10775929506128379,-0.21525394057166936,-0.23761682819191898,-0.011143687996010843,-0.07450344701348788,0.0721734520353392
Spain,1958,-0.22214434338204658,0.1744980115635193,0.3054694512144219,0.1660888557101976,59.6,0.16375667799877713,"reconstructed, resident currency",-0.06872182063335985,-0.0914469268447845,-0.047538953858238586,-0.0467448960030733,-0.0914469268447845,-0.038494163093178324,-0.08255587383454682,15,0.1336707009888507,-0.03686297299184693,-0.037070807210305756,0.006882515564111014,-0.03922422998241959,-0.11859009678522592
Spain,1959,-0.1182709457781922,0.17793038180637422,0.2280819466498954,0.1739620523773917,60.75,0.1716141282726369,"reconstructed, resident currency",-0.023398658187822163,-0.0401026232080941,-0.026634649658424436,-0.02518891176634186,-0.0401026232080941,-0.0028483554086494722,-0.01677096412031062,15,0.0730313721367104,0.1346023809855752,0.13640629391417813,0.010506777644549326,0.1451821189444329,-0.05906271369305127
Spain,1960,0.009797895081218755,0.041575505261180146,0.02028169354627585,0.041256700118616374,61.5,0.039174186718379245,"reconstructed, resident currency",0.07271018856457334,0.017693748669507237,0.0157106059519585,0.017183637807031582,0.017693748669507237,0.047243640863160685,0.04939852770291962,15,0.012092292672554183,0.01095391033073767,0.011169140656938747,0.012803101551821738,0.021365073475775542,-0.00445440519852891
Spain,1961,0.25845768102177025,0.17671485786053154,0.18048271432484286,0.17749700472367103,61.15,0.17514201071422364,"reconstructed, resident currency",0.02560406883837918,0.009745319949992615,-0.0034529561056179103,-0.002864249216430914,0.009745319949992615,0.010715547707742523,0.02414428829225074,15,0.02005919609556428,-0.00392177633277957,-0.003947620836120769,0.023604783271376606,-0.005204766596560884,-0.024385182144490036
Spain,1962,0.18574743797744686,-0.14699396407775622,-0.10270161378839407,-0.1435536789051569,60.3,-0.14526657154734657,"reconstructed, resident currency",0.012713448731787036,-0.025516802549535922,0.03685280137997826,0.03624288813149068,-0.025516802549535922,0.027868831163841534,-0.03418131801481799,15,0.05697050705874873,-0.18521402568909173,-0.18342007342676947,0.01825126995188109,-0.19636291831544328,-0.07140620059464942
Spain,1963,0.0014369600868144872,0.0819861830680999,0.15189979382206817,0.08093522390992414,60.15,0.07877335346210423,"reconstructed, resident currency",-0.03961561754157927,-0.052742390071783385,-0.04525113217203258,-0.04458969731785589,-0.052742390071783385,-0.03634535861508226,-0.043891320605108315,15,0.08734940583639261,-0.006129414185360171,-0.006231414684274683,0.01837742808505438,-0.007476675252946485,-0.09029002454749635
Spain,1964,-0.05033026341538238,0.02294776840602286,0.07229096929667074,0.02212578574051305,60.17,0.02008153416903191,"reconstructed, resident currency",-0.033491632066560584,-0.03723493970175762,-0.0553431590069583,-0.05508627787088749,-0.03723493970175762,-0.04223368486449919,-0.023496354135039497,15,0.069835250367704,0.18652566979134289,0.1892970260066662,0.027000180476569158,0.19910979316491995,-0.06680086640434701
Spain,1965,-0.017263799385685896,-0.025802787970821695,0.06215607811546392,-0.02571110968595758,60.25,-0.027659687466585647,"reconstructed, resident currency",-0.0690486335723629,-0.0790617810784745,-0.08700033188988021,-0.08661918865502016,-0.0790617810784745,-0.07317161909136816,-0.06484816861332991,15,0.11842464365920247,0.02025117747087468,0.02289084393361218,0.03155536016230376,0.03930276010716649,-0.10408154831663308
Spain,1966,0.0026059472912665083,-0.1322809232978952,-0.09349474787028239,-0.13085262072213522,59.999999999,-0.1325909154806909,"reconstructed, resident currency",-0.023927155468419392,-0.042346202121125276,-0.060751603221652406,-0.060369538704084125,-0.042346202121125276,-0.048332977869402716,-0.029533128318694642,15,0.0755452561362091,0.005901746164778343,0.006468568810700459,0.010884962315295343,0.012527188929390753,-0.08915068345460742
Spain,1967,0.015587193114169784,0.30419758326467927,0.18728054440233471,0.3007133906274231,69.7,0.2981119638461682,"reconstructed, resident currency",-0.0036815235397565926,-0.03175612205324252,-0.033825053592653864,-0.027037418670708968,-0.03175612205324252,0.09882827251610538,0.10043651588980082,15,0.06378157692424491,0.029959413735462848,0.04912160683191624,0.01912916025527034,0.21680639275228009,0.08483123872123532
Spain,1968,0.1668853125853469,0.15343164798389974,0.16154961524619152,0.15357031242715413,69.82,0.15126317180229987,"reconstructed, resident currency",-0.002199876380016952,-0.018699273484255374,-0.007384641908450562,-0.006225301744924638,-0.018699273484255374,0.012465838753122238,0.0012066699398966799,15,0.04962726664497352,-0.06729456838675674,-0.06725441099829566,0.011003722479790534,-0.04399302278660644,0.13349345217724662
Spain,1969,0.49234405332555853,-0.07516259740558495,-0.10501642383298469,-0.06859282510687525,70.059999999,-0.07045563945666156,"reconstructed, resident currency",0.030707296950501117,0.022995632984387893,-0.03652519446068159,-0.036611285602118904,0.022995632984387893,-0.018203556058563164,0.042596833210875665,15,0.021509738745959295,0.19423932459514615,0.20035353408755774,0.01323387456286551,0.22509177532956537,-0.18354117438779027
Spain,1970,0.035793330728741246,-0.06029921079428824,-0.05633151306218839,-0.0584934047778789,69.719999999,-0.09820251439157068,"MSCI World, resident currency",-0.043243453012788424,-0.002278789961361549,-0.020539908084135416,-0.020019533895732078,-0.002278789961361549,-0.011980266236046866,0.006585021495144335,15,0.057409614115670804,-0.0590527398734777,-0.05869867491834169,0.020938455464238448,-0.040535975635916266,-0.0016396770659896642
Spain,1971,-0.038505345421367854,0.05692153561410884,0.10368482333796575,0.05500082224378988,66.019999999,0.07075421617126731,"MSCI World, resident currency",-0.004782065776173683,-0.038986164089869435,0.004759790580446843,0.007202269647616388,-0.038986164089869435,0.035114649999102854,-0.00936417111243782,15,0.08219045371078937,-0.1582108162488851,-0.15600884800780834,0.017643971771362565,-0.18705265765057266,0.02669007103372656
Spain,1972,0.244763478826862,0.10782557335897236,0.19716117000050254,0.11071276001799912,63.569999999,0.10748307211739294,"MSCI World, resident currency",0.011520756634900042,-0.039300909916925586,-0.021682822079270747,-0.021975349834081892,-0.039300909916925586,-0.038167011833743714,-0.05613854541235705,15,0.08254500273961796,0.06710677488220496,0.062268816839255114,0.01154035341542925,0.03209822944599039,0.31610039612318763
Spain,1973,0.164376390166727,-0.25201323342199955,-0.16339121811644755,-0.24297148742457486,56.949999999,-0.3464565986713639,"MSCI World, resident currency",-0.09505761003785573,-0.05780266209263474,-0.12406036765660056,-0.12463628003420957,-0.05780266209263474,-0.12941224503390525,-0.06288137920522636,15,0.11441622524334893,0.3934818980300303,0.3440175430074752,-0.005739170208360234,0.25608335518471415,0.3507270219051637
Spain,1974,-0.0943792826881491,-0.36025456775767595,-0.34506781162799804,-0.3518942449297995,56.111999999,-0.35466795503940973,"MSCI World, resident currency",-0.12114918175135336,-0.07803884831139474,-0.1472808433253684,-0.14591934633246462,-0.07803884831139474,-0.07539300953833838,-0.0012007328066855486,15,0.1497230623193473,0.15710737541966235,0.16101896362999235,-0.018682411153460032,0.1716709938966503,0.4044313742268366
Spain,1975,-0.24650460677675068,0.21680595601226926,0.24243869474557045,0.19764514441323544,59.773999999,0.2500035101044391,"MSCI World, resident currency",-0.08969937512512416,-0.09323576240732845,-0.05931085375896483,-0.05994862442725668,-0.09323576240732845,-0.0624008888684664,-0.09558418139299317,15,0.17665830380033598,-0.2048734429097394,-0.20814901665727625,-0.002214119066057396,-0.1354785757348056,-0.309167935627777
Spain,1976,-0.24287827739654477,0.11424586388904467,0.07532999235162928,0.10238963830746961,68.287999999,0.13380663166359508,"MSCI World, resident currency",-0.05887792171213091,-0.06519844047525702,-0.07298609629726971,-0.06593363500338678,-0.06519844047525702,0.033968023691682836,0.04153658335425361,15,0.17635483334470825,0.06120041492662054,0.08016004823602141,0.0049242743921680265,0.1718920980702101,-0.06584916048012812
Spain,1977,-0.42796701564158557,0.02778203545921043,-0.05473131534200992,0.017776046744948815,80.911999999,-0.004252770831226216,"MSCI World, resident currency",-0.2760972140139394,-0.0916745931008568,-0.07603268559816956,-0.054712920680771826,-0.0916745931008568,0.0780560258920806,0.049598295532721694,15,0.24539985247463925,0.1392805341211132,0.16753227840371987,-0.011551278487003214,0.2558232839622614,0.15984339948488757
Spain,1978,-0.27581100038812967,-0.15381458026000405,0.0334518093398126,-0.15567786816179807,70.109999999,-0.15004417975447504,"MSCI World, resident currency",-0.19698825267781583,0.008337443162051539,0.012452562263460143,-0.001648697615377892,0.008337443162051539,-0.13731419727934235,-0.13903931759257826,15,0.19773478534057864,0.28517792144488685,0.2053561054258879,-0.010424790546951224,-0.017923016103935208,-0.025070727086825784
Spain,1979,-0.19722837161137552,-0.08411047668629024,0.059727441222078584,-0.08549388879115505,66.149,-0.08235025971221122,"MSCI World, resident currency",-0.14620752684324978,-0.02183841876752768,-0.10097384380736185,-0.10077205793937749,-0.02183841876752768,-0.17491865446607857,-0.10194094099699545,15,0.15660424618481916,0.3519802544622228,0.30555521969699106,-0.02032579690849734,0.20933239110938806,0.7793793514126262
Spain,1980,-0.12629079164719492,0.3233053890633628,0.12069682249440043,0.3190895937418119,79.25,0.32498454149488376,"MSCI World, resident currency",-0.01750970545937247,-0.0008515166223540538,-0.05118857176002467,-0.045425834057870706,-0.0008515166223540538,0.04512165873318641,0.10116584431323801,15,0.15555146626995597,0.16834518068166848,0.2101747461248713,0.000695567814542164,0.3490533636864095,0.17721537130927278
Spain,1981,0.2432780328868147,0.047861847074434305,-0.0591900089432935,0.04941780187032263,97.45,0.04139200776085916,"MSCI World, resident currency",-0.030249506027545392,0.011720916452212293,-0.03639810640321861,-0.03661236501384313,0.011720916452212293,-0.012610341510469247,0.038622289568987965,15,0.14552011754912875,0.043636312052897974,0.08669803604766502,0.06875376114405274,0.29517227796690837,-0.27587413472937294
Spain,1982,-0.12597337280526155,0.24209035195945172,0.0841627585887251,0.23858816985698716,125.600999999,0.2734811300376878,"MSCI World, resident currency",0.004294253547505011,0.02411428427397211,0.10951425821171568,0.12270238782399101,0.02411428427397211,0.17088528187953278,0.07795802109691533,15,0.14413825279377424,0.14931126145550433,0.21771854880419927,0.08419578734237465,0.4534315791861008,0.31715246835387934
Spain,1983,0.0021823622818717414,0.37271878758996113,0.21338485988328465,0.37022124515152544,156.699999999,0.37754503985189736,"MSCI World, resident currency",-0.017671403073400316,0.0648717309854423,0.11403005167942193,0.11414107223024739,0.0648717309854423,0.12507595631089874,0.07634382521036608,15,0.1217579466465375,0.12797149056995005,0.1502611817547126,0.04999397713684739,0.28981876967829967,-0.06856244058451066
Spain,1984,0.3183913934031368,0.05706280081276516,0.0833457497802693,0.05861641940569906,173.4,0.030342970252539736,"MSCI World, resident currency",0.049919338171972916,0.01189242193196538,0.04075689038665353,0.03548077256776905,0.01189242193196538,-0.010505427583746174,-0.03783385438137616,15,0.11278380150326628,0.015575546138547391,0.024457961126712835,0.06256920408590982,0.10461412965075167,-0.20057824411882508
Spain,1985,0.23572747291318907,0.17662016607279374,0.2487674853347615,0.17704063100566403,154.15,0.15362741375916622,"MSCI World, resident currency",0.03895580927794273,0.025696842036531553,0.09263373640888628,0.09983531378920363,0.025696842036531553,0.13061214269950394,0.05885590081228279,15,0.08814315492914493,0.2575603592950777,0.21421131150401673,0.041566294338919674,0.0791085568970924,-0.14044316752006836
Spain,1986,0.9601850443746038,0.0847049641311528,0.24100521724845136,0.09052393961613925,132.395,0.1240257301964156,"MSCI World, resident currency",0.0332807639767525,0.024771081385204896,0.08357626923830708,0.07513176264556876,0.024771081385204896,0.038545847569552816,-0.015941501016601953,15,0.08795842349049576,0.19970678455480728,0.15729790060876292,0.05503815580608573,-0.007873071260253495,-0.059469488636864964
Spain,1987,0.4055326852287564,-0.0021959111541962617,0.08334596580287378,0.0021016836539284878,109.0,-0.09433012635836746,"MSCI World, resident currency",0.06011137285225243,0.10277731000781754,0.09201586139392592,0.08725417949291758,0.10277731000781754,0.0033688900900874508,0.012346062463110645,15,0.052477522445466995,0.24204518514351525,0.19230727233579437,0.0219249880214456,-0.06867858940930982,-0.038084462011365394
Spain,1988,0.09105808751034794,0.14534525881084615,0.14053463898993424,0.14471013960104417,113.45,0.23235470932166713,"MSCI World, resident currency",0.08325110142231629,0.06157154196308823,0.09153263221675956,0.08676592525813698,0.06157154196308823,0.041362773492504834,0.014077964740697483,15,0.04837022956656711,0.1436701269157532,0.14343894453234163,0.030389429819428715,0.14189954235625835,-0.16843074621955567
Spain,1989,0.05466664046070813,0.08755697489722936,0.22238150660201636,0.08714304542204787,109.72,0.05078725398800299,"MSCI World, resident currency",0.03215232971269821,0.07115948257031901,0.020059608991710443,0.016899011067931013,0.07115948257031901,-0.0535286349285623,-0.006067600081849522,15,0.06792376403447986,0.07793018490824033,0.07044846625403345,0.04313487985098852,-0.00779468788881954,-0.12586893203897043
Spain,1990,-0.17352249502528472,-0.20285986904845787,-0.128072644175707,-0.20244328980606185,96.909,-0.3273583953696644,"MSCI World, resident currency",0.06744333842469175,0.07531110742351887,0.044336698526674656,0.04084084748778616,0.07531110742351887,-0.007191558691245881,0.022749751560322027,15,0.06721052885587131,0.09628457773906884,0.08017768114100488,0.019629465469601426,-0.09725754403874465,-0.21128979525205605
Spain,1991,-0.004949465525040608,0.04398803017562458,0.05322955449880916,0.04329845540592969,96.688,0.1387644829299577,"MSCI World, resident currency",0.1148546268055961,0.06859895868604737,0.14330915464939586,0.13666015210871763,0.06859895868604737,0.0940377220547377,0.022038975445547084,15,0.05934660003417136,0.05892653581153606,0.055504630346397965,0.0295655869605842,-0.004146723354151005,-0.13674124995057468
Spain,1992,-0.13224060011911498,0.12257085168807547,0.009549641176662196,0.11924345283385551,114.623,0.06531134943853178,"MSCI World, resident currency",-0.023451389647209275,0.06685802961749077,0.10847921670837768,0.11173768047763599,0.06685802961749077,0.1424100206029446,0.10062973250552164,15,0.05924746466217412,0.03283459476651873,0.0328780212283557,0.008383806062487231,0.1197441978015561,0.04588973077988823
Spain,1993,0.4927998383328047,0.4006556286250611,0.14275662158131341,0.4017185517431041,142.214,0.45955955892685263,"MSCI World, resident currency",0.36681949351289167,0.07419110208932511,0.2510369236832388,0.27340486776143,0.07419110208932511,0.37732731473182435,0.18437039228795332,15,0.0456860654894935,0.25605699666315096,0.2852734607324314,0.004321478172269577,0.42851356846548216,0.3867524981655712
Spain,1994,-0.13290402158205084,-0.07452224225024662,-0.01979589382421238,-0.07532960647582398,131.739,-0.0787168902356381,"MSCI World, resident currency",-0.1645364545148088,0.029557105634306913,-0.10833407995077837,-0.10907301755932575,0.029557105634306913,-0.10207582627222167,0.03729058861463617,15,0.04717357988197324,0.029454455494432707,0.025406353985077512,0.016542435122898214,-0.08206706884229253,-0.14232079152453492
Spain,1995,0.10531441365939931,0.07585174644522019,0.19083699116030214,0.07624139734057156,121.409,0.05908885636285621,"MSCI World, resident currency",0.19634482640252338,0.04114821710740357,0.19837114752690144,0.18734296698102315,0.04114821710740357,0.13388006383416973,-0.014872092149402948,15,0.04676098578565746,0.21826753950865574,0.19363816766297437,0.033488873052366586,0.09034370614645648,-0.11558174841076951
Spain,1996,0.3799129025831669,0.2517315778457827,0.1952625153265982,0.25324891728951693,131.275,0.176673646051285,"MSCI World, resident currency",0.2463348757601096,0.0395054225895326,0.128957607725803,0.12914065304467748,0.0395054225895326,0.1259094316069207,0.03731963853877045,15,0.03557259849500749,0.20077518958386142,0.21159793280556172,0.020154971252071885,0.2631825938099679,-0.014623178604964315
Spain,1997,0.4272088623593313,0.36639808010091546,0.22552501139108994,0.36722694645568166,151.702,0.31910891752106707,"MSCI World, resident currency",0.14773840613986744,0.035421710650338945,0.12513135084565286,0.12632625278515808,0.035421710650338945,0.1321895909490094,0.04191786256581622,15,0.018771698055239705,0.23355466840736594,0.27522048915791775,0.038183713171633826,0.43329584695823975,-0.10803382770520653
Spain,1998,0.3708367394914194,0.12081244684260573,0.17791561099528425,0.12470808063158212,142.60699,0.1458142365561086,"MSCI World, resident currency",0.15651603574464112,0.025326913301190412,0.13595221575138305,0.13164531072272667,0.025326913301190412,0.10252618521419676,-0.004947848694059435,15,0.017626658624849245,0.2594358957832197,0.24468098016944406,0.0384762766424287,0.19429913365507212,-0.08980957924926691
Spain,1999,0.17082136860230435,0.3940160961220136,0.22757501659957455,0.3900235181908529,165.62412900656977,0.41162649176583166,"MSCI World, resident currency",-0.085640058166638,0.004767536678622175,-0.07461527488279307,-0.07690717020808313,0.004767536678622175,-0.004425020804794122,0.0799285998801433,15,0.022359199276919206,0.006508362221824493,0.015081525231583903,0.025016298269186832,0.19127707241232317,0.13501176663994152
Spain,2000,-0.13416700019682426,-0.027157951508734457,-0.0517028866806864,-0.029159699662818617,178.81354110693175,-0.0945222625424148,"MSCI World, resident currency",0.05054235320030842,0.006063803871497964,0.052794621203041237,0.053202494861153804,0.006063803871497964,0.05200082380555493,0.005084569744753531,15,0.03484158961129302,0.003736091273559339,0.009794454175366063,0.02935847551351123,0.10778622222475143,-0.017858997761912243
Spain,2001,-0.06976790307767744,-0.1495964163368967,-0.16318610396893257,-0.14800761098156645,188.79609667536593,-0.14186939381105657,"MSCI World, resident currency",0.021583292162628664,0.007445714300446493,0.013849121209393411,0.013656484906287902,0.007445714300446493,0.008693975780927232,0.0026447080516934043,15,0.03589535307134262,0.10242640988545326,0.11213296544790863,0.024736810195639336,0.17546184689577982,0.03526156084950305
Spain,2002,-0.22859988403128673,-0.32942835778414203,-0.23071729453987352,-0.32730190242343427,158.65929245732812,-0.35278520136499913,"MSCI World, resident currency",0.08890471175062675,0.001656858673508399,0.08020172241570567,0.07779215198656497,0.001656858673508399,0.059156583831907916,-0.01707228638105475,15,0.031041708916379473,0.059499896594839674,0.04746425544517918,-0.00596150761007852,-0.1294897673578278,0.010397789227070353
Spain,2003,0.2905533849103772,0.021002507768329348,0.17318999223160644,0.026695479287874857,131.73871733966746,0.07510569651573418,"MSCI World, resident currency",0.019556068438644436,-0.007064226719142419,0.008701962180640788,0.00754195121711887,-0.007064226719142419,-0.0196250965339837,-0.03443266773580554,15,0.030395615058811165,0.1732852384847201,0.1389033347957993,-0.006956332666097742,-0.03295375637033293,-0.03554871654699354
Spain,2004,0.19451879929564675,0.05396169356152902,0.12055849067973588,0.05684964433572559,122.15402687027384,0.025953349538438086,"MSCI World, resident currency",0.06995185569992635,-0.009687076291229113,0.05351654427062802,0.05343040423976486,-0.009687076291229113,0.04799607927697469,-0.015103672812196482,15,0.030389798801206513,0.14338097177922582,0.12992726126987209,-0.017486342515833142,0.04840132159238042,-0.06785128348184155
Spain,2005,0.21684444230109934,0.2028036833865654,0.10205824269510806,0.2031096020254406,141.04094261252862,0.22356088862856316,"MSCI World, resident currency",0.035314488951436074,-0.012396213048195048,0.03397652649512173,0.03535173671530312,-0.012396213048195048,0.05521995464648821,0.008433127114283753,15,0.03368038830634701,0.03708424278504796,0.05076228064883925,-0.0006986459582450921,0.2118432906906551,0.31082636146563236
Spain,2006,0.35774423495183405,0.05456550178873987,0.1511986531558124,0.061244033872139614,126.33712984054668,0.04624529278203582,"MSCI World, resident currency",-0.049525516903639044,-0.006643337131640781,-0.04170364598311582,-0.0417251097583351,-0.006643337131640781,-0.05544511940336516,-0.02056340606091643,15,0.035151862738069584,0.13452364074877154,0.11919351736018347,0.024767261591463807,0.045610235118274556,0.06922680257339331
Spain,2007,0.06201664648942651,-0.045370932249734985,0.040911528234636146,-0.042810499248506995,113.02628897493369,-0.06253338270410536,"MSCI World, resident currency",-0.017042777959904942,0.010312293463998978,-0.017854315997279935,-0.018754084001184945,0.010312293463998978,-0.03723627926348905,-0.008743738010958823,15,0.0278752481647353,0.1898484111611849,0.16715585660589016,0.011644528236934182,0.06639188939620078,0.12964900376203503
Spain,2008,-0.39415966886633114,-0.3685773080671765,-0.394827382226128,-0.3692271232249087,119.5559387799094,-0.3741780008253539,"MSCI World, resident currency",0.05433742008961806,-0.0021637518189198124,0.09894548605576525,0.09312472516011283,-0.0021637518189198124,0.07807338337175018,-0.01906294176908828,15,0.04075192867008792,0.2698110741221369,0.3005396708151915,0.03138761247384991,0.38520961961467215,0.09680200911397074
Spain,2009,0.35995589337770073,0.2321520588620407,0.2350987214350811,0.23550702241725996,115.49770928779668,0.22065225897791563,"MSCI World, resident currency",0.05311329805693865,0.009656137808956577,0.0038902395637638865,0.002798277673758065,0.009656137808956577,0.03624593553377209,0.04407253977226065,15,-0.0028700906344411026,-0.05271451639084834,-0.0472945885928725,-0.019834602641820354,-0.11214049296899176,0.16944255754689297
Spain,2010,-0.16178006890520136,0.19410691849647255,0.10265571945237265,0.18560147765249768,124.52177817691963,0.18614440727822323,"MSCI World, resident currency",-0.07696437435243553,-0.013223811793782292,0.020519526937875066,0.024464080855299386,-0.013223811793782292,0.09047690588773105,0.053807324818136014,15,0.017995108966173845,-0.002914564524374552,-0.0017576076086870396,-0.011732246102603261,0.07503074957068523,0.36613523968497885
Spain,2011,-0.11596381356303842,-0.020539691544842364,-0.04723719763455987,-0.02231777489418918,128.59262694180384,-0.05395818701815336,"MSCI World, resident currency",0.06018701859288522,-0.02111333000480886,0.057018418501786794,0.059164221387409066,-0.02111333000480886,0.07482950440934588,-0.0051592697258210215,15,0.03196317909797286,0.05975165564115703,0.062069525957600735,-0.025979726392153846,0.08849188334478919,0.08665160895965873
Spain,2012,0.02504265122374072,0.10210914264266457,0.13024505627198818,0.10064268367152174,126.10732150977718,0.12297076085166436,"MSCI World, resident currency",0.039438250797295904,-0.021233819232245543,0.09753819157898636,0.09790195249252043,-0.021233819232245543,0.09930256304682006,-0.019592078679881487,15,0.024453050966173562,-0.07373231160125204,-0.07302643700790967,-0.014131120381582707,-0.08796563270914215,0.035850802185696695
Spain,2013,0.28076142270357085,0.2205016177251231,0.29682709104007865,0.22153025284079075,120.64824885795085,0.19183405215443128,"MSCI World, resident currency",0.14291875657633057,-0.012419732674539774,-0.036115123324964915,-0.03496720798705877,-0.012419732674539774,-0.07195099025210472,-0.049911479620603535,15,0.014086348006193461,0.04740841637409199,0.04475576636396772,-0.01307117198017016,0.0021254097323273324,-0.3173718220447269
Spain,2014,0.09249287297911302,0.22812162582183348,0.10487457427353598,0.22575859679637977,137.0447244872745,0.19653065229025235,"MSCI World, resident currency",0.2929454781190888,0.0026610647976181845,0.18275951961202375,0.185531580161314,0.0026610647976181845,0.1977438811825183,0.014947543828673042,15,-0.0015070544026809518,0.18025645688857095,0.20781834178177472,-0.006284064445272408,0.35323644529959486,0.14620367738647455
Spain,2015,-0.02712171533919916,0.14594131439639102,0.04160156039949937,0.14288987143009768,152.82998071093965,0.10575795203145999,"MSCI World, resident currency",0.020980641195596617,0.0042676419640435,0.013143469103008565,0.013412169634020144,0.0042676419640435,0.03946431098906045,0.0302870951168822,15,-0.005004617355298002,0.08095191298845439,0.08913475727039133,-0.00531491867575451,0.20202963459397338,-0.023380352202426957
Spain,2016,0.024776081555448526,0.06610751895633649,0.03777080544947026,0.06534604591111592,157.84650412674318,0.09968608361850007,"MSCI World, resident currency",0.057636943253613904,-7.426300000001884e-05,0.04194388897001189,0.04186637952708727,-7.426300000001884e-05,0.043891697838136734,0.0020532538224456703,15,-0.0020258874484795353,-0.06664014088031256,-0.06891409789560188,-0.014283553872012966,-0.03549144396819892,0.10600346726036092
Spain,2017,0.07615049511160321,0.05595926474892865,0.16368299534655556,0.056311987236635996,138.73592929208715,0.05763352183242865,"MSCI World, resident currency",0.012529310268261096,-0.022029110596728074,0.0029246249142818037,0.0024251093627036813,-0.022029110596728074,-0.027290815525571666,-0.0518415972959558,15,0.019560000000000022,0.018717431583295197,0.013103609127238292,-0.00991627081888169,-0.09179982517055951,-0.03246279340870961
Spain,2020,-0.09517895676352006,0.02862756300169167,0.07418559686570295,0.023984046374365242,135.5928612175047,0.060023010211183614,"MSCI World, resident currency",0.054234930606162024,-0.00037289432206988327,0.031053566545793165,0.03013783891214805,-0.00037289432206988327,0.01986708162335704,-0.010696100902674803,15,-0.0032283094962112235,-0.11948045301243937,-0.11118687217201828,-0.00489791713896115,-0.18489174261543595,0.13914247176209327
Spain,2021,0.09979238003771096,0.15404097165414665,0.17631768153079955,0.1521039330968128,130.8228294699839,0.1160385352976856,"MSCI World, resident currency",-0.06899533010739956,-0.03450186849311132,-0.0656995729172899,-0.06603554543532186,-0.03450186849311132,-0.058869954283846226,-0.027303732611626812,15,0.0300814,0.04172435170431843,0.03893474044354428,-0.0646718177027612,-0.010505550959577503,-0.12825756217704287
Spain,2022,0.003904052272810654,-0.11568233534594963,-0.14765528519498214,-0.11146280229756533,147.1825259827803,-0.1372682383687167,"MSCI World, resident currency",-0.2200076101808598,-0.06967673946193476,-0.1946252595804997,-0.19624357316721552,-0.06967673946193476,-0.1869052782432843,-0.06008787107040332,15,0.08322563000000001,0.08619826618122062,0.11473101196005064,-0.04319532740699539,0.2529756692656646,0.05448112786214754
Spain,2023,0.1192485695586285,0.13235511467005923,0.1601042834501742,0.13182169052589843,143.050385078757,0.17159819111899544,"MSCI World, resident currency",0.003945621393247389,-0.00016380034597596183,-0.012495285892961117,-0.012395873227430854,-0.00016380034597596183,-0.035866835303675626,-0.024319745942078648,15,0.0340027,-0.035771589923361935,-0.035860496967286326,0.017003513512843016,-0.04003968521022738,0.08124372675406955
Spain,2024,0.23999305314966501,0.15282408057025143,0.16153216656765207,0.15604763364716612,142.90734288960905,0.15111085374526345,"MSCI World, resident currency",-0.005542996042992132,0.0026706689116708926,-0.01459252984800885,-0.014408246272545444,0.0026706689116708926,-0.01358645524808133,0.0037946073936067156,15,0.02792974,0.009316980646554285,0.010395116562298856,0.02171369326854866,0.028796711468829894,0.21579502223549474
Spain,2025,0.4611807738051863,0.12669023807420254,0.15999431563058325,0.13886030628391244,137.12024251719544,0.13534852618022675,"MSCI World, resident currency",-0.005820959978126372,-0.000281207807866668,-0.010117294397436694,-0.00999878479913241,-0.000281207807866668,-0.010982292164775087,-0.0012849864911286036,15,0.02056199,0.08783793293549969,0.08501185239043263,0.015139307087717269,0.06346064652445227,0.5637520018166076
Sweden,1927,0.27892311613940635,0.27065026102635725,0.2593129248107415,0.27070521362424915,3.7058695652173905,0.2681638031970006,"reconstructed, resident currency",0.09379743044016631,0.052307691403042034,0.08770990643703058,0.08993787342105786,0.052307691403042034,0.10356269806612728,0.06641929339644322,15,-0.011695906432748537,0.2730736569922696,0.2712439625662746,0.06069651650102048,0.2642463169052487,0.0007991081544682643
Sweden,1928,0.20412091806269528,0.307878684495029,0.32502946430048757,0.30724557914781214,3.7361875000000007,0.30463108798951644,"reconstructed, resident currency",0.019347308061973267,0.0258596479152029,0.05661034658855901,0.05643335193411114,0.0258596479152029,0.062256232176953086,0.0319460238830356,15,0.01183431952662728,0.2841263894376227,0.2849060219307813,0.05045226040342521,0.28757380825715395,-0.014904558474908902
Sweden,1929,-0.0031370658959661846,-0.06005365433442034,-0.07345329690883641,-0.0597017421203877,3.709565217391306,-0.06158233863614693,"reconstructed, resident currency",0.11059190638895533,0.05958928686699694,0.07719628116589972,0.07726683553365032,0.05958928686699694,0.06630474003791265,0.04842366373675349,15,-0.01754385964912275,0.2091588981111352,0.20725369286254347,0.03785806464463959,0.1969195432411932,0.004878748872475747
Sweden,1930,-0.040533634247603256,-0.17216753185054134,-0.1859087542439845,-0.1712331756993628,3.7291012000000006,-0.17289070934796413,"reconstructed, resident currency",0.17325657606124878,0.07437036876325243,0.11995424038470492,0.12136691773408881,0.07437036876325243,0.11037144658067155,0.06316476753767017,15,-0.0357142857142857,0.1458738152675363,0.15340782689903132,0.10740235214556271,0.20249699999550708,0.07899639427490834
Sweden,1931,-0.32411583252013865,-0.0441995245003447,-0.29175995882361894,-0.046860107069532364,5.367083333333333,-0.04876638685539325,"reconstructed, resident currency",-0.07847722007590496,0.07002547819902949,0.0071988117006864805,0.0003410720023635516,0.07002547819902949,0.329897387873731,0.4135169610923901,15,-0.030864197530864224,0.26592790270200006,0.3769005604596656,0.15094084355712933,0.8405367945531383,0.48939053567560875
Sweden,1932,-0.2098262514798872,-0.005241876830757275,0.10960618617240782,-0.007353330384756385,5.5778,-0.00933862372398686,"reconstructed, resident currency",0.265848762277634,0.05200129182588675,0.1789712715970302,0.15945285058373093,0.05200129182588675,0.06593239187923938,-0.045383855074716234,15,-0.01273885350318471,0.0418275548918261,0.04349232920109802,0.16025907588768828,0.09019471863437145,0.052756037933123556
Sweden,1933,0.2220119872432671,0.04032062900847322,0.3888141397048364,0.04148892812026728,3.7927272727272725,0.03940595026402671,"reconstructed, resident currency",0.15493863574321698,0.05512913822239596,0.09439776225670937,0.08823987856196713,0.05512913822239596,-0.044305208972272525,-0.08141674560728947,15,-0.02580645161290318,-0.08585472343576361,-0.027469713566992682,0.030170519994877854,-0.40886736910741006,-0.34321244394640904
Sweden,1934,0.2876018830820133,0.1630600684237704,0.012667982468539674,0.1637607512616981,3.928695652173914,0.16143322975917473,"reconstructed, resident currency",0.267630036724241,0.013289473240116756,0.11230006257186598,0.13775776694197273,0.013289473240116756,0.33968586831895276,0.22104600340598915,15,0.0066225165562914245,-0.022914226109349123,-0.02276942970353868,0.008767156750223437,0.03176708803792483,0.7506450821699122
Sweden,1935,0.08022286584300398,0.24507158122903294,0.272868074420423,0.2438816957699521,3.94,0.24139393237841222,"reconstructed, resident currency",-0.0821417335541017,0.0002580640777465337,0.005350583769171191,0.0039095552826549085,0.0002580640777465337,-0.008555813733061912,-0.012379703362617638,15,0.019736842105263053,0.023197246515423542,0.0233336188936355,-0.0020322077192309607,0.02645359704177208,-0.027625306912482106
Sweden,1936,0.38163026540902,0.2666362922736638,0.2608162236762368,0.26735780515953644,3.9609090909090896,0.2648230895492174,"reconstructed, resident currency",0.11604023748522341,0.007006368985411404,0.04307914726807671,0.04224803068366745,0.007006368985411404,0.03969434572705399,0.004531024775456686,14,0.012903225806451646,0.28317534109272335,0.2869165633802957,0.012372876775614161,0.29903011936258195,-0.007335828029181646
Sweden,1937,-0.036809816263776995,-0.2656060456011068,-0.23891410878963923,-0.26405233614036894,3.8876470588235286,-0.26552423146808823,"reconstructed, resident currency",0.01577392020435253,-0.011481481914718983,-0.010576571707416771,-0.010733034236145023,-0.011481481914718983,-0.07235173916464654,-0.0747386963671206,14,0.031847133757961776,-0.0769624018166607,-0.0763663347264395,-0.011132956950033579,-0.09009349363392138,-0.047842334945479514
Sweden,1938,0.06858054291118276,0.09157851077069878,0.05518889101209661,0.09138062214722065,4.162608695652175,0.08919786090292625,"reconstructed, resident currency",0.21745363311334076,0.0014545450156384643,0.03188292275186355,0.03034856610102854,0.0014545450156384643,0.06781779580724501,0.039925911725677124,14,0.0185185185185186,0.08232210726183542,0.09045892475465167,0.047570894586841384,0.16540038859570472,0.05465321547765467
Sweden,1939,-0.22121159162591486,-0.025461215015986083,0.01830776374350379,-0.027162983331139978,4.2,-0.029108657364477653,"reconstructed, resident currency",-0.34460214306326475,-0.010000000433886713,-0.07522892967776551,-0.07412413168811849,-0.010000000433886713,-0.10390527451433251,-0.040499256181485824,14,0.030303030303030276,-0.132417174232773,-0.1320521820183732,0.022205827566040615,-0.13517443715860478,-0.03448882473082604
Sweden,1940,-0.017259593223043046,-0.17375427058518722,-0.089506451432506,-0.1725368766218588,4.201,-0.17419180286861513,"reconstructed, resident currency",-0.061557596520438684,-0.09424352300367822,-0.024934015940317522,-0.031248561158528365,-0.09424352300367822,-0.083150515257579,-0.1473963926227925,14,0.1352941176470588,-0.10244130289490849,-0.10249300350898449,0.0059249679692383594,-0.11544419296814423,-0.1251726450925622
Sweden,1941,0.09608834941093236,-0.06922010572062887,-0.058667491306722316,-0.06795688467751138,4.197,-0.06982097090815631,"reconstructed, resident currency",0.03619490543456916,-0.09448630150118376,-0.040309947505097865,-0.039794126989626144,-0.09448630150118376,-0.030160316949906174,-0.08451928175181038,14,0.13471502590673579,-0.11713011815356833,-0.1142890650302929,-0.07583315048804296,-0.1670079743417462,-0.16123394482409248
Sweden,1942,0.07239293345274067,0.08309239451201589,0.04057200484501651,0.08300417461893073,4.19,0.08083816626969287,"reconstructed, resident currency",-0.039348513819277287,-0.040705127856479284,-0.010613087125880272,-0.010063925519563588,-0.040705127856479284,-0.007952114923405085,-0.038393801889145214,15,0.06849315068493156,-0.031121530017751198,-0.03099149807767987,-0.07087970183543024,-0.027784118353275655,-0.05410188853924147
Sweden,1943,0.11316521212141573,0.1595002424306653,0.10452270370790943,0.15912161084273757,4.19,0.15680336762105207,"reconstructed, resident currency",0.013193202082147026,0.020638298243284225,0.03947638010515497,0.039401980100697065,0.020638298243284225,0.03688055247874322,0.018131391614692304,15,0.004273504273504258,0.2431543895237107,0.24714183320140437,-0.019568422192413393,0.2620512506991466,0.019657850509233077
Sweden,1944,0.15834057171884774,0.13930569024321304,0.12758032308393613,0.13945843130296987,4.19,0.13717951444036403,"reconstructed, resident currency",0.053714859737162834,0.029380342254462954,0.05419577714821333,0.052426261615024616,0.029380342254462954,0.02800715493531669,0.004672964729621032,14,-0.004255319148936176,0.10657244839537094,0.10501246136058406,-0.011389603351630306,0.0857947198906246,-0.003734916832809576
Sweden,1945,0.10543173980047782,0.24117081979715782,0.20807539009127948,0.2399795215599101,4.19,0.23749956251679016,"reconstructed, resident currency",0.1143723108481951,0.024879828894854628,0.06887218849692078,0.06251009664291796,0.024879828894854628,-0.04940398934384416,-0.08995433910440992,13,-0.004273504273504258,0.21731058101577316,0.21507424782466256,-0.013237632217602213,0.20381791849457187,0.0004181072309044076
Sweden,1946,0.13771519472456384,-0.19971943694426175,-0.06905948069448758,-0.19705015822604532,3.9,-0.1986560579095933,"reconstructed, resident currency",0.022723114388620624,0.01564102519590116,0.017378588527964034,0.012587547361899931,0.01564102519590116,-0.34321956041081747,-0.3475734895970041,12,0.0042918454935623185,0.5411415745558692,0.47213542281230847,-0.1458067950930625,0.3014010937000091,-0.1535144817858447
Sweden,1947,-0.06308718322470963,0.05779142037795015,-0.10186009883761121,0.05669390218276327,4.45,0.054580514378397726,"reconstructed, resident currency",-0.005854877121591828,-0.009626556450647805,-0.05635278238616526,-0.061620835094522874,-0.009626556450647805,0.03391252167451353,0.08752027219231999,12,0.029914529914529808,0.05730068847975378,0.07963107655216173,-0.07460156340503099,0.25167840799253294,0.15686736548316427
Sweden,1948,-0.09743702506609997,0.1271151460607347,-0.10387414107043894,0.12498781401457437,5.2,0.12273783838654517,"reconstructed, resident currency",-0.041184060414339974,-0.03600000042249174,-0.0586105418625984,-0.054137173377378334,-0.03600000042249174,0.04000729028363459,0.05934746513411887,12,0.05809128630705396,-0.0782939288389346,-0.0758499588037499,-0.016410018909050028,0.1182871904144891,0.15330260662716833
Sweden,1949,0.13723432645201683,0.2842199293166692,0.07652262814010807,0.28287019902402477,6.5,0.28030445862597664,"reconstructed, resident currency",0.050367221105261706,0.016015624554711394,0.020142202729636294,0.04263052551249924,0.016015624554711394,0.29585301156424015,0.27605641359994093,13,0.0039215686274509665,0.1853008451500826,0.23323221842748199,0.031435476496074255,0.4835422331526593,0.25184657625590146
Sweden,1950,0.26506602947528535,0.14059121529364904,0.18976245299135364,0.14183831593920293,6.12,0.1395546393073246,"reconstructed, resident currency",-0.05678200721740723,0.009624615082374,-0.0022479572464568776,-0.0013593514189965683,0.009624615082374,-0.05576517078425414,-0.046483414695204464,14,0.015625,0.12891517927739682,0.11948504859533693,-0.044909057796571394,0.0005696909043442222,-0.11825652771091733
Sweden,1951,0.05335483817677744,0.056876979764445945,0.1358435758399595,0.05683905440416703,6.21,0.054725376295358785,"reconstructed, resident currency",-0.11569354246909691,-0.11907894794191975,-0.1344354124342162,-0.1309289126483687,-0.11907894794191975,-0.11522188575656722,-0.1022669260159716,15,0.1692307692307693,-0.1399819808131122,-0.13989447055843462,-0.044855439335450886,-0.12649267050745538,-0.11859916608833954
Sweden,1952,-0.17044198330194682,-8.239613864569062e-05,0.08791363615622193,-0.0017122929065660486,5.76,-0.0037088683207529005,"reconstructed, resident currency",-0.08827244668650491,-0.03950920307928807,-0.017164010314520417,-0.01828092888050048,-0.03950920307928807,-0.033898343513552476,-0.05535196760629266,15,0.07236842105263164,-0.08022199948925257,-0.07898873049724575,0.003226921042449371,-0.15006594300234144,-0.12641824471217233
Sweden,1953,0.17602913199764925,0.04036961946765261,0.06433218828364667,0.04147601846615778,5.56,0.039393066429225465,"reconstructed, resident currency",0.011391674759002823,0.023719511528658366,0.04986627403001043,0.04860345705204616,0.023719511528658366,0.030533440995877736,0.005274243610474668,15,0.006134969325153339,-0.05132989258742604,-0.04833808005020568,0.006703548557218442,-0.0981876792659988,-0.04336389506886573
Sweden,1954,0.37429757262721197,0.44822993982010306,0.46369988130925266,0.4475766041854652,5.48,0.4446814509770942,"reconstructed, resident currency",-0.028428723595359084,0.023757575091087446,0.043829203500734604,0.04343518469985641,0.023757575091087446,0.03734785256855444,0.017788043854835914,15,0.0060975609756097615,0.5116630607433703,0.5005351651311793,0.018564239040369523,0.47869117432308284,-0.01655413477329759
Sweden,1955,-0.05216886455901959,0.17844522608474556,0.26056742825114637,0.17649407180494925,5.22,0.1741410836613393,"reconstructed, resident currency",-0.06293251048938364,0.009371680232275859,-0.015424337269335453,-0.01596728120125157,0.009371680232275859,-0.05821802910095508,-0.034026129737261275,15,0.027272727272727337,0.41039106688681826,0.3805250872154471,0.011922977581826144,0.30773726527837764,-0.08177682636589012
Sweden,1956,-0.02311970396072005,0.017044336797658488,0.026025770015462593,0.016790537404833605,5.32,0.01475695633002383,"reconstructed, resident currency",-0.04385477948666994,-0.00937724675397178,-0.040498829661892444,-0.0405691551673083,-0.00937724675397178,-0.040716048659051096,-0.00938569535701282,15,0.05014749262536866,-0.032053355187169896,-0.0316842316861472,-0.012271588679896195,-0.049555535796777406,-0.046672860497248614
Sweden,1957,0.0378270311060771,-0.11086974669091743,-0.0912095811858411,-0.10997425915968384,5.28,-0.11175431064136443,"reconstructed, resident currency",-0.021162516908139417,0.0010107527737335253,-0.022746996857228474,-0.022958562606722466,0.0010107527737335253,-0.04767244584378716,-0.024168320540735602,15,0.04494382022471921,-0.15515689379270936,-0.15114251089574493,-0.011143687996010843,-0.18042314668786963,-0.05053288292826963
Sweden,1958,0.1731564262785863,0.24993794798565094,0.2951847637236884,0.24937091947104273,5.17,0.24687217763210056,"reconstructed, resident currency",0.011498991784054002,0.0035371141335398537,0.052035415223810055,0.050234212765568165,0.0035371141335398537,0.03017658187070249,-0.01703201616437898,15,0.043010752688172005,0.063827508988896,0.06079675722827682,0.006882515564111014,0.029394373605680313,-0.0556398032466896
Sweden,1959,0.471595616596739,0.22746404200845394,0.2218921496107664,0.2289790316558189,5.180999999,0.22652107359250717,"reconstructed, resident currency",0.030551480324676916,0.03698209896112048,0.051531620418263646,0.051449861336194225,0.03698209896112048,0.04388251741371696,0.029307434566763258,15,0.0077319587628865705,0.22571681824251022,0.22113591288715995,0.010506777644549326,0.1988503450854746,-0.01496629074802125
Sweden,1960,-0.002876265162112368,-0.0001009422323402509,0.02034120233749373,-0.00012062816821822864,5.179999999,-0.0021203869118817664,"reconstructed, resident currency",-0.03239665633062916,0.006224571404571222,0.004263778254757211,0.004583378932073945,0.006224571404571222,0.005628404275142662,0.007697660491656485,15,0.04092071611253201,-0.00043931048782586135,-0.0008276016053084811,0.012803101551821738,-0.019221803843813223,-0.04401527130956562
Sweden,1961,0.00237978296802166,0.1842878772273724,0.18250629567663562,0.18299775516589856,5.184999999,0.18063175965556666,"reconstructed, resident currency",0.011161520853280482,0.024837739801464087,0.011442192295705533,0.011756242067061162,0.024837739801464087,0.015437168207596219,0.028928641988377843,15,0.02211302211302213,0.010966364725639277,0.010734228087053488,0.023604783271376606,-0.0005575188344709714,-0.019827536885747565
Sweden,1962,-0.09425204691536937,-0.12377653982083636,-0.0997513498081416,-0.12360434713451862,5.187999999,-0.12535713844024954,"reconstructed, resident currency",0.048315350068818486,-0.005321100490902619,0.05834108389743431,0.057974656379909284,-0.005321100490902619,0.051811133004046495,-0.011684359545112126,15,0.04807692307692313,-0.16832797283380607,-0.1668289958004172,0.01825126995188109,-0.1776436800271426,-0.049776326861508124
Sweden,1963,0.245395755980222,0.14618571406512437,0.1493256601157983,0.14681666600349663,5.199999999,0.1445230326714897,"reconstructed, resident currency",-0.012944798062001661,0.017171491626110758,0.0252156539449786,0.02535321021028558,0.017171491626110758,0.022388001211013364,0.014382123726617653,15,0.029816513761467878,0.06722481367344502,0.06614908542485187,0.01837742808505438,0.05301618916618178,-0.03484451426711921
Sweden,1964,0.1630841087123489,0.04874081661834673,0.07030937216726618,0.04948784470101675,5.147999999,0.047388869011614654,"reconstructed, resident currency",-0.026699433104209414,0.025523759110893218,0.006235139385826427,0.0056254458612654545,0.025523759110893218,-0.01659451329606476,0.002644411224819169,15,0.031180400890868487,0.263870403428484,0.2566776478341175,0.027000180476569158,0.23120967100620304,-0.04181935231717804
Sweden,1965,0.050633268143974064,0.04095632994069298,0.06137839287461568,0.04102387500383964,5.179999999,0.038941827253831995,"reconstructed, resident currency",-0.02580786938540014,0.010138603696098425,0.001431139430585926,0.0008995248692387214,0.010138603696098425,-0.009687493977234451,-0.0007939196419498362,15,0.05183585313174954,0.11907083304308852,0.11788205761886594,0.03155536016230376,0.11049094101874357,-0.04271463266071873
Sweden,1966,-0.2501340074633358,-0.11837092847909392,-0.09150887451719505,-0.11917523158542576,5.179999999,-0.12093688112225487,"reconstructed, resident currency",-0.014469565454016342,0.0016811200505506552,-0.017570453775179184,-0.018064599263738157,0.0016811200505506552,-0.03554689991421667,-0.016494465860408983,15,0.06570841889117052,0.05214722689021456,0.049921471576589216,0.010884962315295343,0.026130950821246834,-0.07691300988186578
Sweden,1967,0.03958302992913465,0.1420330158343106,0.1860041664501836,0.14147580996755615,5.164999999,0.13919285834762096,"reconstructed, resident currency",0.04603874538507724,0.02358333104186605,0.021396150843733475,0.019762873077414866,0.02358333104186605,-0.03569387274429148,-0.03428251577599866,15,0.040462427745664664,0.08882618476751625,0.08667403580906075,0.01912916025527034,0.06784098076411804,-0.04797734395575948
Sweden,1968,0.36687481143729883,0.18724181581315236,0.1606801099756826,0.18804722245638805,5.179999999,0.18567112801147534,"reconstructed, resident currency",0.040234702711962056,0.03393829371881574,0.04585984900705298,0.045680712674639024,0.03393829371881574,0.04272554052797051,0.03112986743234824,15,0.020370370370370372,-0.017263682328481855,-0.01726050619697883,0.011003722479790534,-0.015420714548752601,0.1673703224021892
Sweden,1969,0.02768204428334542,-0.07931266926893943,-0.09879186155458988,-0.07872825227581737,5.169999999,-0.08057079577126569,"reconstructed, resident currency",-0.033856763548049895,0.04651060360796455,-0.014378392442848331,-0.014518687057650359,0.04651060360796455,-0.028887311370451085,0.03125145757449921,15,0.02722323049001818,0.221690568500704,0.21972267273035406,0.01323387456286551,0.21176051828234788,-0.1924257516022424
Sweden,1970,-0.24313001780470544,-0.06311036625163213,-0.05358318734601097,-0.06407632684485842,5.169999999,-0.10354997038168223,"MSCI World, resident currency",0.006515776175112675,0.005702482126961117,-0.012704715833455227,-0.012836872828287493,0.005702482126961117,-0.01783900073905975,0.0006161990170919562,15,0.06890459363957602,-0.0515256310696659,-0.05142428330158444,0.020938455464238448,-0.04622538121340081,-0.007559728933911103
Sweden,1971,0.18112770158510938,0.055429744576790174,0.10044316803726112,0.05602129181031401,4.864999999,0.07178992350702673,"MSCI World, resident currency",0.0163968725846364,-0.018038461815852336,0.026661045446408238,0.02720381841025299,-0.018038461815852336,0.036115884288134836,-0.00840595980721995,15,0.07438016528925617,-0.13986191372553447,-0.136319108499252,0.017643971771362565,-0.1862663189060304,0.027683156488877314
Sweden,1972,0.08063811401151266,0.14883060774025525,0.19871692514294154,0.14851175363723068,4.742999999,0.14517215527485483,"MSCI World, resident currency",0.004103135387852452,-0.004716981413229515,0.01353533486956393,0.013115708137183546,-0.004716981413229515,-0.005434589652987043,-0.024017717792785245,15,0.06000000000000005,0.1055212428350627,0.10022851323350035,0.01154035341542925,0.06722186878242598,0.3608889969802829
Sweden,1973,-0.03116058472569294,-0.14664557159022829,-0.15679459399438875,-0.14616690951562417,4.587499999,-0.2628851187867206,"MSCI World, resident currency",0.009872900780771854,-0.011027211163725181,-0.0805742850272797,-0.08179427463349098,-0.011027211163725181,-0.01808634547764887,0.056952115874151825,15,0.06676342525399126,0.4626614016427182,0.4461165432699843,-0.005739170208360234,0.41670427896398876,0.5234504491653962
Sweden,1974,-0.0764454607840277,-0.3896234589905766,-0.33847136487133267,-0.38808600780216285,4.080499999,-0.3907048273591459,"MSCI World, resident currency",-0.06764930699684535,-0.022122522041496562,-0.09556399767099155,-0.09512616862447543,-0.022122522041496562,-0.12702525734223802,-0.05697605335052998,15,0.0993197278911564,0.22728516264504472,0.19477465751517165,-0.018682411153460032,0.10624210602797102,0.3260045945402106
Sweden,1975,0.22385485922201642,0.29565505084527466,0.22220589073579589,0.2951361496026872,4.385499999,0.3517566038809181,"MSCI World, resident currency",-0.07134340589250754,-0.029853440728773495,0.00644280038256273,0.006798229033413206,-0.029853440728773495,0.013921785034856748,-0.02196270204533839,15,0.09777227722772275,-0.14929453372111345,-0.15326846409444583,-0.002214119066057396,-0.0651045897068131,-0.2529326536772549
Sweden,1976,-0.049990761781585014,-0.03217422503439482,0.06551890372985081,-0.03229039490815311,4.126499999,-0.0047116467256981265,"MSCI World, resident currency",-0.040957459287605635,-0.01696118407248226,-0.025150695397232914,-0.028838661761140805,-0.01696118407248226,-0.09235287314520113,-0.08570897190768098,15,0.10372040586245768,0.11596005453994285,0.10101744365892418,0.0049242743921680265,0.028720880554465644,-0.17997529313146565
Sweden,1977,-0.21378926105728935,0.08893651994628504,-0.06209037422562452,0.0872695285425118,4.669499999,0.06373658907415058,"MSCI World, resident currency",-0.032336883663857674,-0.025490824885051167,-0.008709193256243752,0.013704218145915714,-0.025490824885051167,0.1516654088714564,0.1212645921395574,15,0.11338100102145043,0.22229250123151179,0.25120732833572346,-0.011551278487003214,0.3415705687447035,0.23903720290353392
Sweden,1978,0.10251132523020101,-0.025358298286823122,0.02840908753494863,-0.02480739151805278,4.295499999,-0.01830047776304944,"MSCI World, resident currency",-0.0205522478868565,-0.028083333062629,-0.024116850544089408,-0.02395447872605383,-0.028083333062629,-0.0035973397689912368,-0.005589854846793655,15,0.10091743119266061,0.23875776933880077,0.21124863427818386,-0.010424790546951224,0.13429955172513974,0.12604394091590443
Sweden,1979,-0.03206515298290169,0.01000712063350706,0.05701886766847543,0.009802175769348498,4.146499999,0.013273386562607348,"MSCI World, resident currency",-0.028732125903733308,0.021772938234438932,-0.060890741583676355,-0.06037701359958125,0.021772938234438932,-0.08894109323607857,-0.008358740706645345,15,0.07166666666666677,0.4122583257627441,0.3872286208967828,-0.02032579690849734,0.33535081373745723,0.9647994896396963
Sweden,1980,0.1305867278518782,0.1812380210676663,0.11832745992841173,0.1810174016812245,4.372799999,0.18629531146946743,"MSCI World, resident currency",-0.10546060965423865,-0.020756333903202306,-0.07009058525180634,-0.06929545937008219,-0.020756333903202306,-0.06427366898064357,-0.014095759347275376,15,0.13608087091757382,0.14506966384976372,0.1596005852575313,0.000695567814542164,0.20784479376469878,0.053993485839752386
Sweden,1981,0.4576075186222899,0.10950619264158834,-0.058862814086250874,0.11090887880885658,5.570999999,0.10241280992208468,"MSCI World, resident currency",0.0010592899261376854,-0.003255494771313816,-0.0506622161785506,-0.0466226516979954,-0.003255494771313816,0.04524617030997247,0.09948079892926162,15,0.12114989733059556,0.028187460177899082,0.0868861469670128,0.06875376114405274,0.37106344166851346,-0.23344367546407385
Sweden,1982,0.29240381365685963,0.32652772107906514,0.08069211898961472,0.3262905976073258,7.294499999,0.363654271939605,"MSCI World, resident currency",0.02968135247315007,0.024901572057581367,0.11036719721924992,0.13773797487477957,0.024901572057581367,0.2537937774853254,0.15428648746202395,15,0.08547008547008539,0.15019479440646788,0.24155255638536333,0.08419578734237465,0.5563467217377593,0.4104179071843861
Sweden,1983,0.5547751988340544,0.23766787769490882,0.20897235677390238,0.2404087756229718,8.000999999,0.24703872626002954,"MSCI World, resident currency",0.06710485856312709,0.007410941477220545,0.05391666483409141,0.04797531541812261,0.007410941477220545,0.018488141523538282,-0.02562718896473249,15,0.08942632170978637,0.06710581961168782,0.08094916614658909,0.04999397713684739,0.16762349622980977,-0.1568052774455042
Sweden,1984,-0.1609624106059454,0.11053127659114637,0.08755332717535992,0.10746122926082058,8.9895,0.07788323653312457,"MSCI World, resident currency",0.05535080949161508,0.025443357296188074,0.05469436935756278,0.053230083180758614,0.025443357296188074,0.03515008404102127,0.0065607172219630085,15,0.08002065049044926,0.02917580470845893,0.04178591018492672,0.06256920408590982,0.15558128464383314,-0.16369273682432794
Sweden,1985,0.19889019539816943,0.13620222777549662,0.24918328849147092,0.13683612931940314,7.6155,0.11422264379623859,"MSCI World, resident currency",0.033856774294684255,0.04320569652218098,0.11128521734638253,0.10999608116858228,0.04320569652218098,0.09199351170217618,0.02268826757319698,15,0.07361376673040154,0.2790271713543804,0.22150966966352192,0.041566294338919674,0.042249148094560374,-0.16980328747731244
Sweden,1986,0.473802234463486,0.18417812033276437,0.2437624966092274,0.18672489814742277,6.819,0.22318206114022177,"MSCI World, resident currency",0.19761175129822006,0.045766769770321236,0.10577676855341456,0.10617291609026291,0.045766769770321236,0.1301615401604399,0.07086757067271975,15,0.04229741763134465,0.22428658609250762,0.1947366513333384,0.05503815580608573,0.07964775983957328,0.02349974608979366
Sweden,1987,-0.0977770751693332,0.05563152344408939,0.08864385131042102,0.0540663960914205,5.848,-0.047365955641197166,"MSCI World, resident currency",0.004498187614391025,0.04337602316050737,0.03319424180146857,0.03609322058581865,0.04337602316050737,0.055399314439980696,0.06484200462269876,15,0.04228961982058954,0.17514221058058443,0.14384406629463187,0.0219249880214456,-0.020384239566726747,0.011796368583064432
Sweden,1988,0.4686925128667878,0.14425368677175854,0.13697458556552328,0.147169482904685,6.157,0.23500235189705032,"MSCI World, resident currency",0.10792979055555363,0.03477923977199593,0.06398416188030964,0.062309650566464425,0.03477923977199593,0.043600080977649114,0.016256652397665435,15,0.05819672131147535,0.11480579282613701,0.11866370428762973,0.030389429819428715,0.14435284725482722,-0.1666441679365055
Sweden,1989,0.19401255037413234,0.14018520163505088,0.22055497906243085,0.14076152660929497,6.227,0.10261264793869707,"MSCI World, resident currency",-0.04426925168054119,0.025659098331931807,-0.023270170476619167,-0.021950195582258747,0.025659098331931807,-0.006848156866312682,0.04295368181000817,15,0.064291247095275,0.03214219685085906,0.032927611887314745,0.04313487985098852,0.0411414131011536,-0.08275631643606118
Sweden,1990,-0.3604325845307512,-0.20014155324599114,-0.12624173957120413,-0.2018364300398724,5.698,-0.32684658332959515,"MSCI World, resident currency",0.036161672574258175,-0.004981425557683106,-0.033643002632412156,-0.03149467414562257,-0.004981425557683106,-0.0064361321606145605,0.023527960391329584,15,0.10480349344978168,0.014425974208222447,0.005188651036942549,0.019629465469601426,-0.09657064858823716,-0.21068966677927548
Sweden,1991,-0.006741210966449418,-0.0167705866160206,0.05296570595081482,-0.016677200280709292,5.5295,0.07330081222049922,"MSCI World, resident currency",0.16910871664922467,-0.012453872662202659,0.05658958287978355,0.053476113252958646,-0.012453872662202659,0.03114523967238858,-0.03671454553594192,15,0.09321475625823461,-0.021392645879277916,-0.023562884043718313,0.0295655869605842,-0.06139491817802223,-0.186367039477214
Sweden,1992,0.0026207124751296274,0.24710968144290013,0.007736685834439878,0.24526591676518295,7.043,0.18526126808253207,"MSCI World, resident currency",0.08795585867363154,0.053868042810412575,0.09498245331416588,0.1146938456312172,0.053868042810412575,0.27104095005059947,0.2245563638521097,15,0.022898463392588164,0.020258874860542786,0.020371583392472026,0.008383806062487231,0.24582304367058527,0.16365285062627266
Sweden,1993,0.49677634406955407,0.3296994626734522,0.14429922314051574,0.3308822530371558,8.3035,0.3858002462840293,"MSCI World, resident currency",0.2386360617714669,0.0028369450098169047,0.16793561611223695,0.19309881442883992,0.0028369450098169047,0.3077236350481398,0.12451785285893477,15,0.04653902798232701,0.17262222600977695,0.20374363888641533,0.004321478172269577,0.3563231749549689,0.3166725137998654
Sweden,1994,0.04256628749620739,-0.0819832880505329,-0.021926224789081027,-0.08088991779919064,7.4615,-0.08425683283910501,"MSCI World, resident currency",-0.13481808557010688,0.024906933480010274,-0.11236144279413762,-0.11297101521516673,0.024906933480010274,-0.10747530481686762,0.031053059387044762,15,0.021953278919223163,0.02480474697718882,0.020725062268517558,0.016542435122898214,-0.08758686584990993,-0.14747826541804443
Sweden,1995,0.17651638247747115,0.06278191148543644,0.1898321912151241,0.0638603102693327,6.6582,0.046905092219226896,"MSCI World, resident currency",0.24105426844428557,0.03390457329752783,0.19003364706146897,0.17817156885195762,0.03390457329752783,0.12083590122031507,-0.026205009126527862,15,0.025337372624621324,0.2097916126652597,0.18437913935526606,0.033488873052366586,0.07780038603562,-0.12575610093742118
Sweden,1996,0.41981683712113993,0.23132435636513637,0.19542577386379134,0.23302331780599328,6.871,0.15768385913862448,"MSCI World, resident currency",0.21967867016792297,0.01897813270545834,0.10666389037040114,0.1073168635248749,0.01897813270545834,0.10773890466351532,0.02057882092780916,15,0.004566210045662045,0.17706327825896473,0.18846281858575797,0.020154971252071885,0.24279667935634563,-0.03052571532766646
Sweden,1997,0.27237972474478656,0.3756150509213152,0.22777598907865065,0.3744623740139048,7.877,0.3260897022685241,"MSCI World, resident currency",0.13237146732020877,0.018266723283190123,0.10649004372257043,0.11047819865474873,0.018266723283190123,0.13818119006773788,0.04743173956755077,15,0.005347593582887722,0.21311699114451965,0.2606283298614198,0.038183713171633826,0.44088091416091046,-0.10331350190943811
Sweden,1998,0.13269256764291515,0.24927114005305828,0.18147039064926854,0.2479593420106756,8.061,0.27137841840350774,"MSCI World, resident currency",0.21557302816662305,0.01987145460058426,0.1299081528105781,0.1420090628069075,0.01987145460058426,0.22334664109179858,0.10409505310279468,15,-0.0015957446808511078,0.25273481301013145,0.2691444641825034,0.0384762766424287,0.3251765383984313,0.00993374027031857
Sweden,1999,0.6894711128032092,0.28369748150042384,0.22175411829661074,0.28786670055704455,8.525,0.3078820096047934,"MSCI World, resident currency",-0.059734044758522065,0.025810523205540337,-0.05523481363976057,-0.05293788558331536,0.025810523205540337,-0.07759268326477764,0.0005615477463230138,15,0.004794885455514208,0.027587807100663886,0.03112060847232634,0.025016298269186832,0.10372670146884855,0.05159649449564463
Sweden,2000,-0.11669841831235561,0.03244738545957104,-0.052492870343786344,0.03069909593428255,9.535,-0.03869350596383547,"MSCI World, resident currency",0.13304767955410468,0.029448103849172513,0.07726510224247107,0.08113678596508334,0.029448103849172513,0.11686370831734139,0.06705475350953598,15,0.009809119830328727,0.027066287396744215,0.03574317748857658,0.02935847551351123,0.17608864953272985,0.04269656166437419
Sweden,2001,-0.16871848338112228,-0.08621069448993868,-0.16124656661885395,-0.08709695759646874,10.6675,-0.08051990690667576,"MSCI World, resident currency",-0.020550322075740146,0.01517016712054886,0.0216226712799521,0.02428450742332422,0.01517016712054886,0.08080754149154656,0.07432579941789577,15,0.02441585718036232,0.11087911425445052,0.13063085908985972,0.024736810195639336,0.2594979838924527,0.10927449677310674
Sweden,2002,-0.37253785912439086,-0.33122188425288634,-0.22930591180496235,-0.331616123496444,8.825,-0.3569359901558312,"MSCI World, resident currency",0.09534545868590327,0.018735011137659408,0.09861905720227582,0.09366814854499483,0.018735011137659408,0.05236388489304322,-0.0233761059854466,15,0.021527421834956373,0.0775642672554282,0.06402267348232327,-0.00596150761007852,-0.13507261886798572,0.003917795526909851
Sweden,2003,0.329258471015871,0.015697773335228593,0.17440875090150124,0.018249153607786672,7.1892,0.06626111403097568,"MSCI World, resident currency",0.01965639460579749,0.010802051893690212,0.026851927947392218,0.0246787226841656,0.010802051893690212,-0.02769035628267047,-0.0423761098945401,15,0.019317611640742527,0.194396614997854,0.15516898226544829,-0.006956332666097742,-0.04090936510357446,-0.04348297729612394
Sweden,2004,0.20905152160551932,0.07547739115332042,0.12135959614383135,0.07657185085859397,6.6146,0.04509899050153221,"MSCI World, resident currency",0.11828958176080073,0.01733581148921104,0.08226408322431977,0.08144569754465181,0.01733581148921104,0.06755306661328397,0.003275790030525368,15,0.0036918533103618145,0.1745806612419949,0.15947885240939508,-0.017486342515833142,0.0679658712841098,-0.050456160537221684
Sweden,2005,0.36365660187788973,0.28924069640413386,0.10222790276320065,0.28990430014030655,7.9584,0.31183098287009137,"MSCI World, resident currency",0.09944058760131358,0.012449515925723409,0.05998888173525496,0.06474415046642434,0.012449515925723409,0.13134560209717483,0.08118348060623735,15,0.004659146640510148,0.0631747806705778,0.0816533245575648,-0.0006986459582450921,0.29926805432062475,0.40539195892481716
Sweden,2006,0.24099528457984687,0.04148114953828386,0.1548541224739112,0.043552678531975975,6.8644,0.028803972353552032,"MSCI World, resident currency",-0.022163327984052517,0.009518030961823465,-0.026112689885664175,-0.026001226868484162,0.009518030961823465,-0.07119122067467198,-0.0368909992096036,15,0.013668537954600879,0.15298171814861883,0.13146377752860205,0.024767261591463807,0.028179501350759084,0.05140237134004688
Sweden,2007,-0.04906070338119739,0.006096391017493152,0.0424283900324687,0.005485277490197893,6.4136,-0.015232740131902789,"MSCI World, resident currency",-0.03202618112125766,0.01332123741388136,-0.014929258732411244,-0.01533862575777134,0.01332123741388136,0.011340749289697305,0.041270904943524166,15,0.02191187093667235,0.19339205524153713,0.17993816868954826,0.011644528236934182,0.12019756169600138,0.18664636534608747
Sweden,2008,-0.41288660558318224,-0.26787989726026484,-0.39462796949041534,-0.2693288989497,7.8106,-0.2750638684144263,"MSCI World, resident currency",0.207905611307583,0.004493896812540088,0.10627774415385005,0.1202058131035808,0.004493896812540088,0.2488125203933389,0.13629229598942372,15,0.034401508011310034,0.2782833620103071,0.3651733951822287,0.03138761247384991,0.6045912486345,0.2705072794676209
Sweden,2009,0.5266003792228191,0.16161791496085232,0.23559496695492507,0.16510633684559783,7.1165,0.15109801580695215,"MSCI World, resident currency",-0.04846717469486117,0.006743585400056817,0.0009943200263877738,-0.0003157447615478315,0.006743585400056817,-0.02280061212541884,-0.01541997726961323,15,-0.0027334851936217097,-0.05544714833739284,-0.04566228468109068,-0.019834602641820354,-0.16273180232796947,0.10280630514672295
Sweden,2010,0.2488651589251445,0.03978825912200623,0.09459508791885209,0.04214751610157674,6.7097,0.04262475299064339,"MSCI World, resident currency",0.018258603478760405,-0.00765168758984669,0.026282192904690138,0.024271720407430752,-0.00765168758984669,-0.0414672887493448,-0.07369996857345416,15,0.012791228871630977,0.0027157738996859138,0.0018584271746011627,-0.011732246102603261,-0.05504450988354803,0.200837274187192
Sweden,2011,-0.15910616078219564,-0.020788853558436737,-0.04700294040715648,-0.022657962904246376,6.8877,-0.05428736563419512,"MSCI World, resident currency",0.1751124363613652,-0.009374559839348207,0.06969414149994768,0.07072594093164764,-0.009374559839348207,0.0744555136576821,-0.0055054280988230545,15,0.02616147947677039,0.07246015551080887,0.07372255278608186,-0.025979726392153846,0.08811313871974669,0.08627350466463879
Sweden,2012,0.1554830363892783,0.07529024243756766,0.12787921950727424,0.07634769340685499,6.5045,0.09818291270880697,"MSCI World, resident currency",0.015202403555508504,0.003709513255778507,0.12550836522085151,0.11986067789458033,0.003709513255778507,0.07503715387873755,-0.041233071944306844,15,0.00879120879120876,-0.05012687510515201,-0.04725193749081946,-0.014131120381582707,-0.10809738518712053,0.012985992808324465
Sweden,2013,0.2782070112155639,0.27929352362666426,0.2967738170903916,0.27928059283662865,6.4238,0.24818044355199764,"MSCI World, resident currency",-0.0728362425252368,0.009689952168084215,-0.014535924597583572,-0.013778715180019385,0.009689952168084215,-0.0280755760156578,-0.0049941024615427565,15,-0.0004357298474944038,0.07085751793447304,0.0696065800451755,-0.01307117198017016,0.04950293721960852,-0.2850991793688895
Sweden,2014,0.15875779960353298,0.30161011660727444,0.10402051754842906,0.29994420690228796,7.7366,0.26894732281784917,"MSCI World, resident currency",0.19023037534613785,0.0059624090160377285,0.18665385284081015,0.2001281118978837,0.0059624090160377285,0.2702339789949053,0.07637440468138229,15,-0.0017436791630339732,0.18414254857697987,0.2241349684467706,-0.006284064445272408,0.4351372955767052,0.21557444854385333
Sweden,2015,0.10239405717168548,0.11314306767421467,0.03966265031379629,0.11301846504911373,8.4408,0.07685705267988441,"MSCI World, resident currency",0.00472861021478832,-0.0024560580132614307,0.006360344330719636,0.006403822525558489,-0.0024560580132614307,0.012296110772857416,0.003358757333286618,15,-0.0004366812227074579,0.07371480203403391,0.08026347861327454,-0.00531491867575451,0.1706125080671519,-0.04890599829334086
Sweden,2016,0.08602478690227855,0.09453082319411266,0.03691293414889263,0.09442370730206884,9.0622,0.12970102542874984,"MSCI World, resident currency",0.051032941897220185,-0.01622018170019468,0.025119498218807212,0.026890762256169154,-0.01622018170019468,0.0723837821097828,0.02940339542402497,15,0.009829619921362998,-0.08171121250667635,-0.08700724717468333,-0.014283553872012966,-0.009166051098331796,0.13619083637075402
Sweden,2017,0.08885108580740786,0.09026928929306122,0.16308503055880713,0.09025150015043892,8.208,0.09161549591397544,"MSCI World, resident currency",0.00023802044918985743,-0.0244644815129621,0.0004271134963484968,0.0007938784174232882,-0.0244644815129621,0.003962522812667624,-0.021377080428085067,15,0.01795370971230792,0.01618059246914516,0.012177888168705797,-0.00991627081888169,-0.06261917406143158,-0.0013756317420177133
Sweden,2018,-0.05879999845660988,0.06593714297078823,-0.009782012729651936,0.06442788295959767,8.9562,-0.019540429950153926,"MSCI World, resident currency",0.010159648615570394,-0.025901156315131235,-0.013917521570160019,-0.013371267644905371,-0.025901156315131235,0.037151863094218696,0.02474798602683796,14,0.019549511262218378,-0.09580643328188687,-0.10154696964222865,0.0017853235335945072,0.019461594018256312,0.06055001639481783
Sweden,2019,0.3149309923886079,0.17153055191943478,0.1324976755875872,0.17326213565141946,9.2993,0.2974758877733801,"MSCI World, resident currency",0.03901666034254059,-0.021742420966421094,0.037999422735180755,0.040132093955965065,-0.021742420966421094,0.07334993101297393,0.011646886577286932,14,0.01792413505627355,-0.039078940210243496,-0.03907480113261341,-5.033643403207222e-06,0.020096932453319116,0.19723762271219258
Sweden,2020,0.15990024630189814,-0.026685617227220737,0.06670511901197756,-0.024426747465720156,8.1772,0.009908405794466502,"MSCI World, resident currency",0.01296477802188889,-0.006233374083129517,0.02500884394374636,0.022873477435653822,-0.006233374083129517,-0.028349074875928415,-0.057467324804032154,15,0.004914004914004844,-0.12464264494883992,-0.11211758259252058,-0.00489791713896115,-0.22342753616154865,0.08528734428211049
Sweden,2021,0.36305186029936176,0.12136349836524296,0.17122927569930005,0.12434837260680132,7.630096555541338,0.08826575157169825,"MSCI World, resident currency",-0.03673727046736808,-0.0215896425011054,-0.053204573843504965,-0.05227355108927911,-0.0215896425011054,-0.08229011442261036,-0.051509422837230964,15,0.021631969999999997,0.05565599984701186,0.050807137640458855,-0.0646718177027612,-0.035129266415724225,-0.14995100144880102
Sweden,2022,-0.2829919999524144,-0.06580728566804306,-0.14054043418800596,-0.06849248503913274,8.997607621438577,-0.0961158224127443,"MSCI World, resident currency",-0.13287242969966462,-0.06801414064801803,-0.19318595869985145,-0.20023329293963876,-0.06801414064801803,-0.14812055547143543,-0.015253941670797626,15,0.08369291000000001,0.08813943225287946,0.12656520104737368,-0.04319532740699539,0.3127427697915992,0.10478001324160147
Sweden,2023,0.09466245168370602,0.16600934797299383,0.15934379659883463,0.16513651478473745,9.43841593576683,0.20452362283854786,"MSCI World, resident currency",-0.10979987079523112,-0.044701211093185145,-0.05648339422731574,-0.05482904630609953,-0.044701211093185145,-0.008771794594842008,0.0030998026955115334,15,0.08548625,-0.07872286211031798,-0.07735510427132208,0.017003513512843016,-0.013061914129936736,0.11162992636353941
Sweden,2024,0.05831690860539518,0.15187073538394613,0.1657205521765475,0.1507505198655814,9.391502333382935,0.14606676085787695,"MSCI World, resident currency",0.011911922587240387,0.006558902682166634,-0.01077124064314694,-0.010731769031427252,0.006558902682166634,-0.017908855240155508,-0.0006039552844162354,15,0.02835037,0.01323098799808542,0.013842988197655393,0.02171369326854866,0.024288591197004994,0.2104674875291499
Sweden,2025,0.11856875531700806,0.1246476833229817,0.17152610826214998,0.12459637077366614,8.72548917287056,0.11265640691022405,"MSCI World, resident currency",0.0012990878557619379,0.01600714244789958,0.006010797168817694,0.005520313637274343,0.01600714244789958,-0.030749709190319274,-0.021246222781744217,15,0.008359053,0.10556200235537005,0.09821700852982129,0.015139307087717269,0.04220534449743729,0.5324974168890053
Switzerland,1927,0.2767530648893841,0.28731376474516535,0.2591922573052037,0.28716286158434,5.1916,0.2845885358611713,"reconstructed, resident currency",0.06407476726496286,0.055024701976365664,0.0905183239185734,0.09362521026268311,0.055024701976365664,0.1178555853478751,0.08023111467520398,15,-0.012345400556224573,0.27636067524265995,0.2772435950562604,0.06069651650102048,0.2806203119084838,0.013761043955299535
Switzerland,1928,0.20362124130388382,0.305527105993199,0.3261465068378038,0.30398444635016464,5.1922,0.3013764774574643,"reconstructed, resident currency",0.04091081886326409,0.0355280966312288,0.06656861229242472,0.06546657232888142,0.0355280966312288,0.05960626441763117,0.029371669777297646,15,0.006249857269523984,0.29622893208700396,0.29354517320184237,0.05045226040342521,0.2843617498325721,-0.017362036323305685
Switzerland,1929,-0.061824049800634384,-0.07062796673288607,-0.07315994547259147,-0.07051814194595152,5.1869,-0.07237710566205957,"reconstructed, resident currency",0.04743756353855133,0.041999999433755875,0.059314715878024504,0.0597321025269999,0.041999999433755875,0.05403886768571642,0.03636348023802891,15,0.0,0.18908674027135186,0.18816279899821042,0.03785806464463959,0.1831511881153185,-0.006680530572034993
Switzerland,1930,-0.03764247860301506,-0.19629594866399347,-0.18682998360232075,-0.194218900134135,5.1594,-0.1958304623338667,"reconstructed, resident currency",0.07887295325461441,0.06076590012272454,0.10577255519947482,0.10581362796025373,0.06076590012272454,0.0795754598893843,0.033678051058639316,15,-0.018633610854147498,0.131363917341224,0.136391011543618,0.10740235214556271,0.16914592480151436,0.04907058998629554
Switzerland,1931,-0.2636198736371338,-0.32562757620423854,-0.29254004190388283,-0.32461439717296725,5.1544,-0.32596516837862133,"reconstructed, resident currency",0.11580109930190718,0.09072650704165941,0.02668437730270501,0.028144624668309248,0.09072650704165941,-0.057647722365640086,0.0016042891022539122,15,-0.050632771389372166,0.29041891769225225,0.29307778751697344,0.15094084355712933,0.3041863652278054,0.055367561722160286
Switzerland,1932,0.14304203455397402,0.022813615360249173,0.10570527310127488,0.02475903528047163,5.1533,0.022709517209910768,"reconstructed, resident currency",0.13974916436395501,0.11978297056765275,0.2549337752537151,0.22955848628957742,0.11978297056765275,0.10041556881439662,-0.014501786304311752,15,-0.08000029654844087,0.10895372781451562,0.10952196165109784,0.16025907588768828,0.12546278785043663,0.08681295655401478
Switzerland,1933,0.15394046660626404,0.229514197530289,0.39194984170614666,0.2281779727360318,4.0265,0.2257216167905598,"reconstructed, resident currency",0.09271552608526679,0.08491527868973692,0.12529245020802549,0.1288821921345924,0.08491527868973692,0.1270050591102183,0.08324120277064265,15,-0.05072465019417838,-0.06004853665831211,-0.016151761928329567,0.030170519994877854,-0.3029056223015937,-0.22548191600266076
Switzerland,1934,-0.05808812793180029,-0.11964714101803187,0.015260612845002554,-0.11876941370041005,3.0896,-0.1205318748730092,"reconstructed, resident currency",0.05001812629660041,0.04636637146661471,0.1486089722552677,0.13260370435649382,0.04636637146661471,0.01444576294230715,-0.07539149751041692,15,-0.015266833050771367,0.008980871545416935,0.008377922351783695,0.008767156750223437,-0.21871852532357716,0.32563500744507334
Switzerland,1935,-0.10632446936533146,0.2749803345443329,0.276927769039286,0.2695578125219842,3.0772,0.26701869689694013,"reconstructed, resident currency",0.04582553563456626,0.03820625691368695,0.043491978665870956,0.041428827939427704,0.03820625691368695,0.011909506052800722,0.008006683967763857,15,-0.007751761372102872,0.06201571528305205,0.061413742248545455,-0.0020322077192309607,0.047641578573949905,-0.007553618237151616
Switzerland,1936,0.501703704768379,0.3518579712541845,0.25902998202436844,0.3534290035687915,3.3125,0.3507221455616538,"reconstructed, resident currency",0.038121267379764845,0.0141870211514874,0.05051702330233243,0.05349436841490385,0.0141870211514874,0.11030403302431213,0.07275263416604005,14,0.015624641234581294,0.2923252691132938,0.31472502437305416,0.012372876775614161,0.3872523078306449,0.060079857226888356
Switzerland,1937,0.02277538724855188,-0.034525539104134806,-0.24105480148941513,-0.033762524364790214,4.3596,-0.03569499931606068,"reconstructed, resident currency",-0.012065651154662071,-0.02285706306978985,-0.02196256630372606,-0.013519364274955148,-0.02285706306978985,0.21792425989397968,0.2147903855506981,14,0.053846158546309475,-0.08758444775228424,-0.10039520557419424,-0.011132956950033579,0.194630826279655,0.25010304926312155
Switzerland,1938,0.017958728596568108,0.04162567694419672,0.05600554444452081,0.041189357844711116,4.3723,0.039106979129021724,"reconstructed, resident currency",0.05638665333390236,0.02645833045244217,0.05764642777044293,0.05227387159332242,0.02645833045244217,0.018710157162498353,-0.007899013173356626,14,0.0,0.10934495106256081,0.10958589657690565,0.047570894586841384,0.11180504547226433,0.006150999833230308
Switzerland,1939,-0.17101904145598779,0.004292923876124899,0.019394620628595895,0.001375134088588137,4.4396,-0.0006276161795890633,"reconstructed, resident currency",0.0099502929396178,0.01740716910876916,-0.04962755844183331,-0.048557328019763646,0.01740716910876916,-0.07761838775227803,-0.01235235755177432,14,0.007299105020374341,-0.10839900291103555,-0.10821290685787366,0.022205827566040615,-0.10980482946783254,-0.006165610443359726
Switzerland,1940,-0.05299289629509252,-0.14890210664621129,-0.08951287135016647,-0.1474092668884187,4.4099,-0.14911444835464183,"reconstructed, resident currency",-0.06994202564524721,-0.062399830376455134,0.009346391957647082,0.002399258875567245,-0.062399830376455134,-0.05530850588457026,-0.12150534068559672,14,0.09420308624600748,-0.07088581972542807,-0.07095618463508735,0.0059249679692383594,-0.08858284715275222,-0.09860672361861389
Switzerland,1941,0.16860894916176905,-0.1064750524809871,-0.06086485562916793,-0.10242330804663613,4.3086,-0.10421846143054281,"reconstructed, resident currency",-0.07926999045417094,-0.10940391943249328,-0.05612007777627015,-0.05717413116915715,-0.10940391943249328,-0.06602443585884354,-0.11837323711362312,14,0.15231811768864723,-0.1316746972165681,-0.12790752853908416,-0.07583315048804296,-0.19781154484986418,-0.1922510356539957
Switzerland,1942,-0.04049531454427435,0.04435327010451773,0.04223151703801292,0.0429202964697466,4.3,0.04083445587680701,"reconstructed, resident currency",-0.06752672518422376,-0.0758765115830271,-0.046887759051275624,-0.04637721112950344,-0.0758765115830271,-0.0446695417584011,-0.07398452866186352,15,0.10919519240952891,-0.06664428474278417,-0.06653220080182765,-0.07087970183543024,-0.06376752806482267,-0.08911123155925094
Switzerland,1943,-0.06446691277392436,0.10849758462919401,0.10711125030172698,0.10595931663613523,4.297,0.10374739800286292,"reconstructed, resident currency",-0.017289390475705102,-0.02558774150437093,-0.007602860940565503,-0.007697688181743212,-0.02558774150437093,-0.010675241902402544,-0.028564485742512278,15,0.051813533344418294,0.18685030577385997,0.19050456203641564,-0.019568422192413393,0.2041681612408297,-0.027108036807311997
Switzerland,1944,0.030342467227819636,0.10650392806532194,0.1290876896438499,0.10553168443871352,4.29,0.10332062106983608,"reconstructed, resident currency",0.004835312468115749,0.00014927906436335014,0.02426003608960081,0.022478250365926433,0.00014927906436335014,-0.0026011915931767327,-0.02524061914440175,14,0.024630374174614778,0.07514937974357805,0.07352138014098641,-0.011389603351630306,0.053465780460906664,-0.03339816066668966
Switzerland,1945,0.14941219069083522,0.22388512447889442,0.20793182765762305,0.22292140206486466,4.29,0.22047555926073503,"reconstructed, resident currency",0.01624141037566651,0.014874750600448738,0.05843764814290053,0.05189907952284467,0.014874750600448738,-0.06248112494112179,-0.10247363265691607,13,0.009615549855245487,0.2054269559035442,0.20241543164403808,-0.013237632217602213,0.18725726604272808,-0.013344419747511882
Switzerland,1946,0.08624509511292788,-0.27008764132373897,-0.06920924402742287,-0.2659950163932504,3.6,-0.26746302636046393,"reconstructed, resident currency",0.04348567843885576,0.03403983618512618,0.03580887628755902,0.029188469157692465,0.03403983618512618,-0.3996136611362503,-0.4035937425244867,12,-0.009523971631205663,0.5690600731537581,0.4598538726400099,-0.1458067950930625,0.18965698571741885,-0.22619750749630707
Switzerland,1947,0.0531141297882356,0.051346568565827644,-0.10375347002677127,0.051371869519936775,4.14,0.049269125780896816,"reconstructed, resident currency",-0.01268936694798295,-0.019316900254973346,-0.06558593178878003,-0.07095875398612639,-0.019316900254973346,0.028705227301478287,0.08204298269709542,12,0.043269401517087136,0.04695549269259702,0.06975013091294846,-0.07460156340503099,0.2453743370057213,0.1510408097578575
Switzerland,1948,-0.08168035107006189,-0.04828471553614322,-0.10418708267685349,-0.0488395474319665,3.99,-0.05074186833710259,"reconstructed, resident currency",-0.007948501430812938,-0.008598648833982092,-0.03185188674284234,-0.027733758356759175,-0.008598648833982092,-0.120689315406735,-0.10433748542745207,12,0.03215849919926783,-0.05209476688020298,-0.05212472962402703,-0.016410018909050028,-0.05450482495457498,-0.024899811711935005
Switzerland,1949,0.14979486416171817,0.11872637924205987,0.07570381506379077,0.11930350631604436,4.3,0.11706489930341224,"reconstructed, resident currency",0.05219512513279034,0.031918615362987346,0.0361097840158533,0.052070330539303766,0.031918615362987346,0.13063100274488249,0.11335848247632606,13,-0.007980556989894083,0.20385354059088834,0.2184039167034555,0.031435476496074255,0.29438973997447193,0.09223541340266572
Switzerland,1950,0.11404867993496581,0.2506636112534735,0.19196163405691427,0.24813039179775376,4.29,0.24563413101415832,"reconstructed, resident currency",0.07403943912025146,0.03921025796794675,0.02698977644612799,0.02881397504068306,0.03921025796794675,0.03213228255416545,0.042278063880892,14,-0.015470332204238102,0.16199646596876605,0.1569792403305248,-0.044909057796571394,0.0937112749646869,-0.03617630432373564
Switzerland,1951,0.14083904271332748,0.1819185944787025,0.1348543173797916,0.18122501787243128,4.36,0.17886256783668641,"reconstructed, resident currency",-0.03931263420107867,-0.023544147658333237,-0.040566001761771275,-0.03655626499283282,-0.023544147658333237,-0.011086844818048558,0.0033928647340830008,15,0.04776882377355296,-0.04671408863213622,-0.0465646847694684,-0.044855439335450886,-0.023684158347789364,-0.014861618283916633
Switzerland,1952,0.05705456560416389,0.10606141687236859,0.08598213430108566,0.10514610379335143,4.28,0.10293581158576481,"reconstructed, resident currency",-0.0033260731889989126,-0.0020271606232771244,0.021190027444914605,0.02341309360203092,-0.0020271606232771244,0.06951480414690825,0.04576474801592579,15,0.025194905292108327,-0.04432872682513711,-0.04406812263164195,0.003226921042449371,-0.05908757074945581,-0.032908583025413884
Switzerland,1953,0.11191201304414733,0.0948130107867835,0.06432333927037945,0.09514350837850793,4.29,0.09295322136175099,"reconstructed, resident currency",0.04536085228465403,0.029744453621671108,0.05604509883036268,0.057286149200811654,0.029744453621671108,0.08363705746746808,0.057076248046031945,15,-0.006436337723835117,-0.04574664209921564,-0.04536543624121925,0.006703548557218442,-0.05171709063247132,0.005931775307484566
Switzerland,1954,0.2525760741060219,0.46807827544792846,0.46709387016610576,0.4638750438750472,4.28,0.46094729378729715,"reconstructed, resident currency",0.02430865184701836,0.015920514481603698,0.03583849072573364,0.036375796189527465,0.015920514481603698,0.049027477234579786,0.029247442273947384,15,0.00706697550732116,0.500090990053579,0.49848752627390613,0.018564239040369523,0.4953399367129552,-0.00548139908800005
Switzerland,1955,0.05006514917286098,0.2607449839579752,0.2616664263019495,0.25701632902642224,4.28,0.2545022963683694,"reconstructed, resident currency",0.005380294661410323,0.013698534466550782,-0.011203775648001013,-0.01132306800409455,0.013698534466550782,0.006239932842648788,0.032087587547506916,15,0.00935662438533269,0.4164369632392284,0.41085244379332875,0.011922977581826144,0.3972421416534022,-0.01893128863984772
Switzerland,1956,0.006040127072067802,0.032575630389734433,0.026027729713008912,0.03216073819679455,4.28,0.030096416720400976,"reconstructed, resident currency",0.005768564968128498,0.00811399248871103,-0.023557098342856353,-0.023636569272142416,0.00811399248871103,-0.02621513976364731,0.005588815330913836,15,0.015063779651429465,-0.014962503717126485,-0.014535939866852421,-0.012271588679896195,-0.03518824802313558,-0.03226199708384436
Switzerland,1957,-0.11979311589982944,-0.08034110220913837,-0.08998134756995527,-0.08093813325038945,4.28,-0.08277625698388869,"reconstructed, resident currency",-0.01145897761336101,0.004751732515357432,-0.01909480463345059,-0.018818753355110518,0.004751732515357432,-0.016603790747067526,0.007667131189352087,15,0.01959681926773249,-0.15199954414744887,-0.15173169961132815,-0.011143687996010843,-0.1536853394390072,-0.019557546493617295
Switzerland,1958,0.20548430244653915,0.31711244295743835,0.2956977027254446,0.3153626490628245,4.307999999,0.3127319237646988,"reconstructed, resident currency",0.009510514676312587,0.009920710590882509,0.05872751405606902,0.06093958444338443,0.009920710590882509,0.08459047398480757,0.03488831940267832,15,0.018380273377176737,0.07059461846791981,0.07175402684128085,0.006882515564111014,0.08376694950575692,-0.0057587296838668145
Switzerland,1959,0.3003598211272447,0.24750523303195915,0.22239112586070092,0.24821742306223338,4.322999999,0.24572098821610888,"reconstructed, resident currency",0.07217213103853015,0.034095984610799546,0.04860501203944412,0.04947212341028928,0.034095984610799546,0.060223414967730315,0.045420174323639276,15,-0.006459085051341851,0.22230542001094622,0.22150603203007546,0.010506777644549326,0.21761710316872307,0.00045338978271147745
Switzerland,1960,0.42411800137617406,0.016253132264083314,0.014443850014357109,0.021960480610017985,4.304999999,0.019916559648798016,"reconstructed, resident currency",0.04345854907645563,0.012534472460502544,0.010561383436469285,0.01148935960042552,0.012534472460502544,0.027836473379122095,0.029951426579586056,15,0.014385216964103886,0.005828802247103804,0.0057586933056335,0.012803101551821738,0.0024374789124377294,-0.022903521853354758
Switzerland,1961,0.46683375502984004,0.1840291059241681,0.17597849829353435,0.1891340927168259,4.315999999,0.18675582453139228,"reconstructed, resident currency",0.017857345992122742,0.008669641905944214,-0.00451457407383149,-0.003624472205103757,0.008669641905944214,0.020704350836362684,0.034265806353641244,15,0.01845370063436569,-0.004982894868497567,-0.004789319630890465,0.023604783271376606,0.004626697619353193,-0.014743276103739933
Switzerland,1962,-0.21118612672871173,-0.11736055534374967,-0.09728268727401614,-0.11936764489445084,4.318999999,-0.12112890960466194,"reconstructed, resident currency",-0.019202387650766206,-0.014992403854395375,0.04805079052791439,0.04917329094387468,-0.014992403854395375,0.05689583483792293,-0.006906609822006349,15,0.04315608787770775,-0.1764143537529398,-0.1768562307283239,0.01825126995188109,-0.17366821660309284,-0.04518272264703205
Switzerland,1963,-0.0347784981605731,0.14106289516831927,0.15315847190345971,0.13804842214361557,4.314999999,0.13577232529932837,"reconstructed, resident currency",-0.021567632689978855,-0.006337512964739722,0.001520731590564539,0.00238596686657222,-0.006337512964739722,0.014571104596426743,0.0066264378427225434,15,0.03439717595193281,0.042558969958134574,0.04274113828019743,0.01837742808505438,0.044965117875782834,-0.04222382685689807
Switzerland,1964,-0.09713762689658412,0.06276820370127845,0.07337002335382992,0.06046628681606592,4.314999999,0.0583453542424337,"reconstructed, resident currency",-0.009680206993658902,-0.001071913905066224,-0.019860307459281912,-0.01959495195884997,-0.001071913905066224,-0.006307342972070473,0.01313283535110826,15,0.030813272668675173,0.2310935090020938,0.2339554728433617,0.027000180476569158,0.24408906181847234,-0.03179605301984978
Switzerland,1965,-0.10070301136200255,0.05496854411620866,0.06335376114521621,0.05302297265232525,4.317999999,0.05091692670702064,"reconstructed, resident currency",0.011491904027887356,-0.002186982308547636,-0.01078819917464946,-0.010464394367003083,-0.002186982308547636,0.0017270919391931816,0.010723175803274842,15,0.03414498594178883,0.10541606948144056,0.10789266952086618,0.03155536016230376,0.12329073318392658,-0.03168072568127667
Switzerland,1966,-0.16101768769397817,-0.10163097274683197,-0.09179031065614973,-0.1022201762035243,4.326999999,-0.10401573585111723,"reconstructed, resident currency",-0.024001459445482487,-0.013873624708899968,-0.03282624778964427,-0.03234460900831748,-0.013873624708899968,-0.0169820771349547,0.002437098507107479,15,0.04776124621920719,0.03580881216316523,0.03667068454601674,0.010884962315295343,0.04588301470970091,-0.05914444614365888
Switzerland,1967,0.41500399566952595,0.14193200530438776,0.1829971183662579,0.14453398825865316,4.324999999,0.14224492028213587,"reconstructed, resident currency",0.014745394081504326,-0.00432432727911547,-0.006451874738217733,-0.006751602973466331,-0.00432432727911547,-0.033110357580330985,-0.0316952193832081,15,0.04021490116990112,0.05913970178766892,0.06032546730913069,0.01912916025527034,0.07070188072993466,-0.045426737982401266
Switzerland,1968,0.36208515520117457,0.17207896559513203,0.15956869068417834,0.17398911714107523,4.301999999,0.1716411389067931,"reconstructed, resident currency",0.03453309367530322,0.011637434145620462,0.023301855200613453,0.02371783452377718,0.011637434145620462,0.03038701964544166,0.01892855758865603,15,0.024123499762094047,-0.038460174180085294,-0.038440546653015883,0.011003722479790534,-0.02707119360759902,0.15355688584503824
Switzerland,1969,0.019468681389020137,-0.07250213214957346,-0.09952166645725959,-0.07140409752121779,4.317999999,-0.07326128932617537,"reconstructed, resident currency",-0.02050452669916858,0.03669658453052982,-0.023621403671162056,-0.023733953894976345,0.03669658453052982,-0.02116691873576071,0.03944995631804618,15,0.024890036153784934,0.21023373805421608,0.2124454464505503,0.01323387456286551,0.22139407275022105,-0.1860054974419405
Switzerland,1970,-0.13767935197106518,-0.033666870145475425,-0.053565138364918,-0.03494687444195754,4.315999999,-0.07564908570663753,"MSCI World, resident currency",0.0005389796317893936,0.0302459893505862,0.011389575837720711,0.011569100695265844,0.0302459893505862,0.012729530542459289,0.031759125282200304,15,0.03616030901038103,-0.02837873828679005,-0.02815237250632241,0.020938455464238448,-0.016540340479920257,0.023328731811273595
Switzerland,1971,0.08376620733461215,0.0256151593309919,0.10100283780597771,0.026222289378737385,3.914999999,0.041545958935086835,"MSCI World, resident currency",0.034681489196784376,-0.05088542025652598,-0.007681127216277561,-0.006665491936301615,-0.05088542025652598,0.006878576295633598,-0.036386942240052574,15,0.0657301253297986,-0.16863383490010875,-0.16553458915052188,0.017643971771362565,-0.20922840511549168,-0.0013161952444618041
Switzerland,1972,0.1319044129939011,0.12856167808340624,0.19886742792790374,0.1285967520106972,3.773999999,0.12531506172510665,"MSCI World, resident currency",-0.026574134534233074,-0.03722281189316001,-0.0195666141895795,-0.01903394029800698,-0.03722281189316001,-0.022680187446852407,-0.04094108725423857,15,0.06660192363871431,0.06941504445685154,0.06655462638858078,0.01154035341542925,0.04871642015696298,0.33729140949146186
Switzerland,1973,-0.2643914466196938,-0.25561277718869524,-0.15518096256505268,-0.2557006280973748,3.243999999,-0.3574456773561162,"MSCI World, resident currency",-0.08326754479834175,-0.04703278197627381,-0.11404785281500662,-0.11440812301147674,-0.04703278197627381,-0.14405084030065396,-0.07863866516347273,15,0.08755052838582866,0.40941023106845176,0.34660803946323027,-0.005739170208360234,0.23496280099248912,0.32801507118366446
Switzerland,1974,-0.39087197777335236,-0.46124929027067585,-0.3366384570323923,-0.4605400189910507,2.539999999,-0.4628487557849287,"MSCI World, resident currency",-0.07189003967086138,-0.03458910495944045,-0.1070943035335904,-0.10752374387229935,-0.03458910495944045,-0.2303903095858748,-0.16863531993556247,15,0.09766733157350527,0.21163897732127745,0.148149993946169,-0.018682411153460032,-0.024743096058820968,0.1689982947099702
Switzerland,1975,0.37545930814863837,0.2778635151769975,0.22055915110086466,0.27890856203010617,2.619999999,0.3348195824928415,"MSCI World, resident currency",0.07053628309610915,-0.036987777330048655,-0.0009584542415354003,-0.0011106065833124124,-0.036987777330048655,0.0012177117500147272,-0.034217155684578095,15,0.06696465077280611,-0.1555505154457072,-0.1592668213131273,-0.002214119066057396,-0.07681849109578331,-0.2622931373521079
Switzerland,1976,0.0606559400222062,0.043132345752113554,0.06481675779880804,0.043347204867143496,2.4495,0.07308154839178793,"MSCI World, resident currency",0.12133064225464363,-0.002023895578572854,-0.010337846641917725,-0.010549769116735441,-0.002023895578572854,-0.02140984461989759,-0.014246646332822554,15,0.01715862326650952,0.13291708310510075,0.12884227604160414,0.0049242743921680265,0.10912721096025302,-0.11588096125998426
Switzerland,1977,0.06720109422307519,-0.14029014745665336,-0.06462226362071896,-0.1376197715695865,1.999999999,-0.15628519093581217,"MSCI World, resident currency",0.06856857401546712,0.011697049171518703,0.029119078263389664,0.026134519758207686,0.011697049171518703,-0.08654344455939611,-0.11065619911517795,15,0.01285261405208038,0.2689359405718601,0.21927621333305702,-0.011551278487003214,0.06408199913453294,-0.0172435095223481
Switzerland,1978,-0.015512307757944765,-0.06533617115669976,0.029447470367402084,-0.06453924622653107,1.619999999,-0.05829744087131006,"MSCI World, resident currency",0.06530372517884087,-0.003916666017093284,0.00014844292244364787,-0.005138551208411224,-0.003916666017093284,-0.04419334653022644,-0.0461046814197387,15,0.010558018212471154,0.269559429172473,0.22176809937895503,-0.010424790546951224,0.08808527098403451,0.08016601498958065
Switzerland,1979,0.07025020174328778,0.05465489332290252,0.05636797827568498,0.05489860200866348,1.579999999,0.05852483247335449,"MSCI World, resident currency",-0.05540818265464431,-0.02552857987394097,-0.10436546275752556,-0.10336520463251953,-0.02552857987394097,-0.04825441046353651,0.035926643083019516,15,0.03647643826703573,0.3468798446246484,0.3625360282178769,-0.02032579690849734,0.3949858104925794,1.0525448296535194
Switzerland,1980,0.019656756738828385,0.37079308034312386,0.11999311422506873,0.3651508378008179,1.763499999,0.37125163103129877,"MSCI World, resident currency",-0.016863068486522415,-0.016642622778294536,-0.06618412270622376,-0.057608038695405095,-0.016642622778294536,0.081616225912438,0.13961741647709294,15,0.04022032821781729,0.14987999449376876,0.20688805892128026,0.000695567814542164,0.39616091159535416,0.2183225142851144
Switzerland,1981,-0.1727431327440131,-0.062129764948388955,-0.0550624068238076,-0.06374578586581336,1.798499999,-0.0709061213807689,"MSCI World, resident currency",-0.0431717648755503,-0.033393336306831056,-0.07936665502160767,-0.08323389680574333,-0.033393336306831056,-0.119085146920756,-0.0733771680168006,15,0.06490230689600196,-0.0029010992082778575,0.02421773539202321,0.06875376114405274,0.1555078455074037,-0.35395998456011957
Switzerland,1982,0.07193577437788834,0.15521160113334953,0.08230720512173093,0.1540559879917891,1.994499999,0.1865675447911297,"MSCI World, resident currency",0.047892197126741864,-0.041007970927824045,0.038961516410523034,0.05036808469466836,-0.041007970927824045,0.09097374227347288,0.004388657445610292,15,0.05655205636272265,0.07622787376712337,0.13876174898642923,0.08419578734237465,0.3542365880095202,0.22725836577098413
Switzerland,1983,0.23625715000841563,0.3084900926041225,0.21161750639189664,0.30748228686338885,2.179499999,0.3144707435649934,"MSCI World, resident currency",0.0030718141996401993,-0.01091951347286868,0.03474000995523774,0.03860733594670984,-0.01091951347286868,0.07356157953142506,0.027060769213012117,15,0.02967690326109862,0.04768918003788358,0.07290195862933846,0.04999397713684739,0.23076123697951734,-0.1112106059044915
Switzerland,1984,0.01559421957741347,0.2296986918711459,0.0856735955310729,0.22685591241456193,2.585,0.19408913530621197,"MSCI World, resident currency",0.003354000924738809,0.0041343431749538695,0.03277751061513001,0.04729193161022893,0.0041343431749538695,0.14674894911654013,0.11507738104046282,15,0.02915180068816081,0.007789229233836403,0.03496108574062995,0.06256920408590982,0.2801637600326401,-0.07353098843275885
Switzerland,1985,0.5598677889729591,0.11257465765921215,0.24427676621317043,0.11880796660584259,2.076499999,0.09655309002025336,"MSCI World, resident currency",0.0246620074862407,-0.012736278064446105,0.05169247394540366,0.05660587086738089,-0.012736278064446105,0.07467647171427139,0.006470283276641712,15,0.03442472110828976,0.2104392545570999,0.16556796767255544,0.041566294338919674,0.02572096364886778,-0.18296870422614708
Switzerland,1986,0.08893047721524816,0.07166793741648325,0.2486140485457693,0.07197373556002762,1.6235,0.10490564864478746,"MSCI World, resident currency",0.06372835573202296,0.02106687577685995,0.07965950249255105,0.06946271570674711,0.02106687577685995,0.020879809535739646,-0.032680689672761616,15,0.007524604829468373,0.19537024473587516,0.150399440797774,0.05503815580608573,-0.02474950680568866,-0.07546825058327988
Switzerland,1987,-0.28516756024071466,-0.001161616765275042,0.09312380867275317,-0.005952881461280812,1.278,-0.10160960416897391,"MSCI World, resident currency",0.030603197544417426,-0.008723605916304833,-0.018396973222910007,-0.01615893415187175,-0.008723605916304833,-0.0046958604154085926,0.004209156386370561,15,0.01447487928236768,0.11646300775752394,0.08562894120044162,0.0219249880214456,-0.07616424587227422,-0.04581602404987106
Switzerland,1988,0.21353508210197325,0.3336601904381604,0.1390089249348288,0.3321339676289754,1.504,0.4341286161989262,"MSCI World, resident currency",0.01026480839020949,0.029605101481911866,0.05866399214706197,0.07507577759100403,0.029605101481911866,0.21186549782564668,0.1801133369238389,15,0.018594407411534286,0.10923150304821272,0.13790845984300715,0.030389429819428715,0.32886319022465527,-0.03227759493517879
Switzerland,1989,0.18831499376386462,0.1966813390563149,0.22068499509429887,0.19657428405532706,1.5465,0.15655893806231802,"MSCI World, resident currency",-0.10883393120953133,0.06328348856908717,0.012559340831791221,0.014535975244186927,0.06328348856908717,0.04174266745141941,0.0939811047310169,15,0.031592241214886574,0.07000440746031789,0.07193109026461597,0.04313487985098852,0.09208016918731987,-0.03787936535074232
Switzerland,1990,-0.2345620317817778,-0.23415761307970895,-0.12735283351878682,-0.23416276286764348,1.2955,-0.35410989402232185,"MSCI World, resident currency",-0.048553116715276734,0.03167971108637002,0.0019621075006188704,-0.0013344620441004817,0.03167971108637002,-0.04667635043946705,-0.01792583022428671,15,0.054106218067169864,0.051802170201918685,0.03640928320445003,0.019629465469601426,-0.13316033897159174,-0.24265743566324838
Switzerland,1991,0.11172996618597963,0.09483041914457258,0.05163177759430192,0.0950491864304377,1.3555,0.1952506151110336,"MSCI World, resident currency",0.02820678687478595,0.016235201002404276,0.08728442896075617,0.09723811808257876,0.016235201002404276,0.1483052728129639,0.07273517253161234,15,0.058440999999999965,0.007036748651163327,0.009109959005406454,0.0295655869605842,0.045250584571051355,-0.09392102804103575
Switzerland,1992,0.1305815162070325,0.03114209193986417,0.006173481259449769,0.03236072449533056,1.456,-0.017384829247943046,"MSCI World, resident currency",0.09602167279881657,0.02231890402950598,0.06220249227640551,0.060582452799187836,0.02231890402950598,0.05372895731868299,0.015191918410239405,15,0.040526585799302905,-0.010284122486248881,-0.01026258318210116,0.008383806062487231,0.032822598483812415,-0.035298819504971934
Switzerland,1993,0.4596712275598267,0.1575736014060316,0.14224493714410275,0.16190348348444283,1.4795,0.2098486773691015,"MSCI World, resident currency",0.1440177976628758,0.007812900355777197,0.17373077104908874,0.16527212448126383,0.007812900355777197,0.1416852569262954,-0.018259348266502624,15,0.033177885767831095,0.1784406353367769,0.1794018195706386,0.004321478172269577,0.18411423558659568,0.14949791906915677
Switzerland,1994,-0.08391733868428852,-0.08110519510746705,-0.020296124453084635,-0.08115222298850067,1.3115,-0.08451817714320231,"MSCI World, resident currency",-0.03059057186834857,0.026353517737020438,-0.11110860322322236,-0.11157700886300936,0.026353517737020438,-0.10773002279207833,0.03075880674726996,15,0.008424468043969568,0.02625118700511697,0.022109546210194564,0.016542435122898214,-0.08784725979457131,-0.14772156693253224
Switzerland,1995,0.20870555109691669,0.050817019763203186,0.18940520604973626,0.05327716011899364,1.1505,0.03649061047086133,"MSCI World, resident currency",0.1350830223941526,-0.0006029674499548054,0.15031515115050098,0.14348729114469205,-0.0006029674499548054,0.10968596497210359,-0.035892200672806115,15,0.018113889610287703,0.16941367600824142,0.14971093949824854,0.033488873052366586,0.06707856174402638,-0.13445297059454264
Switzerland,1996,0.1733670135111065,0.39688264239198445,0.19783502286644233,0.3933499618080587,1.3464,0.3082143197314702,"MSCI World, resident currency",0.04253647271648742,0.006820451244941461,0.09346000833295554,0.11243302732062599,0.006820451244941461,0.2517751596560336,0.15328188901746348,15,0.008124138131747616,0.16301944362048326,0.20487883912826454,0.020154971252071885,0.4043941267855309,0.09553236991956982
Switzerland,1997,0.5438748661722566,0.2920497290311235,0.22311285797061892,0.29610166979431796,1.4553,0.2504868157197704,"MSCI World, resident currency",0.08318481449187565,0.004786557254658597,0.09184194695455972,0.09011454566305344,0.004786557254658597,0.07329132384118298,-0.012284328537511846,15,0.005188606957549746,0.1970573300766083,0.23078283923048426,0.038183713171633826,0.35873356312031435,-0.15443529817176416
Switzerland,1998,0.1534413978474487,0.15134550703917848,0.18150391406073924,0.15138900406828926,1.3765,0.17299585145219343,"MSCI World, resident currency",0.11411883584999671,0.008563286008175464,0.11737991522898672,0.11885747055134188,0.008563286008175464,0.12868089792698,0.018657307809853974,15,0.0001851287189091888,0.23884469342378978,0.23517191851261354,0.0384762766424287,0.22263093307424486,-0.0682175578642712
Switzerland,1999,0.10795494967713015,0.41682968165793444,0.22902758132854967,0.4105339683649585,1.5996,0.43245570396613586,"MSCI World, resident currency",-0.05873034075153605,0.002835761720247243,-0.07639442774510918,-0.07950081293389866,0.002835761720247243,0.010265155827574146,0.09586345382294707,15,0.008078828460994059,0.00457324033685369,0.014051794276300766,0.025016298269186832,0.20885492538927752,0.15175939859151533
Switzerland,2000,0.10190023440303642,-0.06578136263852274,-0.0562340281095542,-0.06261239069281987,1.6365,-0.12572272566203702,"MSCI World, resident currency",0.0306289805494131,0.019084204628125656,0.06641980862131014,0.06257055769728925,0.019084204628125656,0.015751547266610544,-0.029548091836163064,15,0.015617743311695964,0.016726366951881788,0.01980581383480784,0.02935847551351123,0.06961472253885415,-0.051701082278135524
Switzerland,2001,-0.2279184194715015,-0.14993369375103038,-0.15982821042955458,-0.15165008121198043,1.6773,-0.14553810638072107,"MSCI World, resident currency",0.027976715758963433,0.006534523520416169,0.012932138826646122,0.012588845040010455,0.006534523520416169,0.004381568973381933,-0.001641836696632204,15,0.009900779513575042,0.10142931320213755,0.11060050197354365,0.024736810195639336,0.1704364677498016,0.030835571292917363
Switzerland,2002,-0.26423375222714207,-0.3231461853377352,-0.22998719315554336,-0.3219670518243294,1.3868,-0.3476524467627691,"MSCI World, resident currency",0.1301600676509238,-0.002000129767446013,0.07625797144094126,0.07509132686398567,-0.002000129767446013,0.06755625399027121,-0.009277151355747255,15,0.006412956488774713,0.055631726730590136,0.04428207663272632,-0.00596150761007852,-0.12258616222966046,0.018410776435762166
Switzerland,2003,0.21292165523300755,0.12751456362726787,0.17492638636810257,0.1291832338270802,1.2369,0.182425900949313,"MSCI World, resident currency",-0.008843441646684935,-0.0054271041211628734,0.010365079596036164,0.01291864029013956,-0.0054271041211628734,0.07823880224592861,0.06195309584893997,15,0.006361629330459584,0.17521971584920526,0.15660830601755982,-0.006956332666097742,0.06357963648527964,0.06072563977150569
Switzerland,2004,0.0604174257809027,0.0660010218032201,0.12323450221713125,0.06589823431312514,1.1316,0.03473741002014252,"MSCI World, resident currency",0.052528370214782294,-0.0024858382364949527,0.06117737878895513,0.061199782445678474,-0.0024858382364949527,0.05696886634287779,-0.006671136469176024,15,0.008005739179255844,0.15169527160094232,0.13833532618827182,-0.017486342515833142,0.0573775782829109,-0.05987036436156912
Switzerland,2005,0.34036267113741747,0.23466535721084747,0.10040762676636328,0.2364940721811677,1.3143,0.2575128510278053,"MSCI World, resident currency",0.05268266529017107,-0.005364659277438899,0.041338245475756485,0.04419208465498414,-0.005364659277438899,0.08450071096687428,0.036415619797840096,15,0.011727573722808415,0.044468088122918026,0.0602001103815053,-0.0006986459582450921,0.24547010748554343,0.34719980863122535
Switzerland,2006,0.19397171711628491,0.12531570214932564,0.15495636186050174,0.12670966780533188,1.2203,0.11078568985893145,"MSCI World, resident currency",-0.03168557829514329,0.008674453562724116,-0.0269264934026745,-0.02713548800672483,0.008674453562724116,0.002822236708244885,0.039855720429375775,15,0.010633308865508617,0.15201825906302102,0.1447928419052622,0.024767261591463807,0.1101114569902073,0.13518487462344608
Switzerland,2007,-0.007826090818118692,0.007232085556682533,0.04248797473569309,0.006910882705819299,1.1255,-0.013836509502504146,"MSCI World, resident currency",-0.021134202747329467,0.012563914676543941,-0.015665467984426695,-0.016050907741485543,0.012563914676543941,0.012774656557396735,0.04274724802501386,15,0.007343817776477524,0.19250015353788896,0.17950214343932624,0.011644528236934182,0.12178580920417637,0.1883288258309972
Switzerland,2008,-0.3561015931616913,-0.42884849437885064,-0.395619025468879,-0.42735995084349865,1.0637,-0.4318545492906949,"MSCI World, resident currency",0.08318484369352874,-0.02361086876004337,0.07532516519217514,0.060411799797502885,-0.02361086876004337,-0.02128322573952901,-0.10946734406737708,15,0.0242842407794992,0.24251823258679028,0.24652011375870075,0.03138761247384991,0.25754694577813564,-0.00428065387802079
Switzerland,2009,0.2377442438219457,0.24147484077981174,0.2383906049527565,0.24139246455710506,1.0305,0.22646693919643046,"MSCI World, resident currency",0.047528098148167386,0.005316050085752755,-0.00042506298431943534,-0.0014752670473323626,0.005316050085752755,0.041182180642522326,0.04904606757189097,15,-0.004790583082398103,-0.056786498864706325,-0.052123695521239743,-0.019834602641820354,-0.10791109915565766,0.1750132960238373
Switzerland,2010,0.02215839341245185,0.013568845742786717,0.09794164360100835,0.013750846991692933,0.9396,0.014215080023036508,"MSCI World, resident currency",0.045121152861214986,-0.006432399955398571,0.02754317473094403,0.024348809312476183,-0.006432399955398571,-0.06758560291489102,-0.09893999945439023,15,0.006876633200385118,0.003947799921892425,0.0026899782817637607,-0.011732246102603261,-0.08079286888437653,0.16811659097962894
Switzerland,2011,-0.07931305849416259,-0.022757963884696086,-0.0478919627764654,-0.02388443799785611,0.9409,-0.055474148712930216,"MSCI World, resident currency",0.11607069220095378,-0.001579454506640765,0.07811142836613172,0.07830895185798559,-0.001579454506640765,0.07310717001065314,-0.006753428058787136,15,0.0022830604718324654,0.08089920778871407,0.08137087922584585,-0.025979726392153846,0.08674765599925016,0.08491033051705132
Switzerland,2012,0.185440191656697,0.12671794455982544,0.1270668708610065,0.12790131862762766,0.9166,0.15078237536612704,"MSCI World, resident currency",0.04912548174426057,0.006777901510733875,0.12894909842412217,0.128835449834932,0.006777901510733875,0.12652800843155299,0.0046888092338889095,15,-0.006930924382836268,-0.047223067278651665,-0.046322703245617936,-0.014131120381582707,-0.06537809158046826,0.06150479444372925
Switzerland,2013,0.24869475493408055,0.2623183829386462,0.29750446378375545,0.2620527711930152,0.8915,0.2313714415387027,"MSCI World, resident currency",-0.03838257704077541,0.0022614012313086906,-0.021786239473719493,-0.020927554242772706,0.0022614012313086906,-0.04116429222165141,-0.018393652359447944,15,-0.002156524466750409,0.06297894134675541,0.06136159686086695,-0.01307117198017016,0.03536948634252135,-0.2947266089567926
Switzerland,2014,0.13014470867723027,0.19681894905292086,0.10417636937512412,0.1955801684244407,0.9891,0.16707182191423375,"MSCI World, resident currency",0.09719694265338119,-0.01988446076489092,0.15616435608176715,0.15847526124894729,-0.01988446076489092,0.16825518086202673,-0.010040673127554493,15,-0.00011788282447233733,0.15371757644997652,0.18019947152585458,-0.006284064445272408,0.3199194861189649,0.11798390746761256
Switzerland,2015,0.03860873465389503,0.03454240253636387,0.04042465702931357,0.034620382021585794,0.9921,0.0010060840968508789,"MSCI World, resident currency",0.054133132328461064,0.0014326889025313427,0.010283460416611545,0.009495168546719501,0.0014326889025313427,-0.05900735546147162,-0.06731518531360485,15,-0.011416332625953207,0.07790048744507949,0.07859370156093237,-0.00531491867575451,0.08815765266054232,-0.1158985494991216
Switzerland,2016,-0.003572528438546163,0.060055524325977494,0.03836185547800641,0.05879544829010985,1.016,0.09292433604281558,"MSCI World, resident currency",0.0019326410346778289,-0.004677326945151439,0.03714739842004566,0.037004521431434956,-0.004677326945151439,0.03747301866934327,-0.0041081692060659075,15,-0.0043429866232037595,-0.07093677507662333,-0.07309144954691194,-0.014283553872012966,-0.04142201223456754,0.0992028753688654
Switzerland,2017,0.1941350902377259,0.16956154550936064,0.16156936670756222,0.17000261082016976,0.9753,0.17146638188974883,"MSCI World, resident currency",6.700038122775531e-05,-0.01524886069162712,0.00987787849941446,0.011890940884366374,-0.01524886069162712,0.07740165704366575,0.050208480107209436,15,0.005330139242401444,0.025780176337417693,0.024772862375950444,-0.00991627081888169,0.005949557078855694,0.07167302033453793
Switzerland,2018,-0.09901794651750073,-0.004195089564862142,-0.009489578539426419,-0.005132986030688347,0.9847,-0.0836139297093651,"MSCI World, resident currency",-0.0008436004163282496,-0.018668657545662937,-0.00659604659041424,-0.007076590389555548,-0.018668657545662937,-0.030626505010092342,-0.04221978280487914,14,0.009343080312437468,-0.08909296790714971,-0.0911812631306077,0.0017853235335945072,-0.047160706578527,-0.008757432168971402
Switzerland,2019,0.2943257164145894,0.125199214401561,0.1330935779391374,0.1268849076992693,0.9682,0.24618868333609112,"MSCI World, resident currency",0.022823194843825778,-0.013562383226074282,0.04667901248169759,0.04579166368828469,-0.013562383226074282,0.030922077159687422,-0.02834194186967239,14,0.003611361900131893,-0.031043867747692633,-0.03104311108198099,-5.033643403207222e-06,-0.020225913168396614,0.14991268103529665
Switzerland,2020,0.04760144498330665,0.021172933000069394,0.0680360730105744,0.021435093053840726,0.8806,0.057384346863568636,"MSCI World, resident currency",-0.001793090699146016,-0.0012530446212520863,0.03014574591956798,0.02918323807326395,-0.0012530446212520863,0.017328376461492656,-0.013158726631601565,15,-0.0072560475300770255,-0.12025573165215908,-0.11180318873363415,-0.00489791713896115,-0.18692075166748512,0.13630686021499017
Switzerland,2021,0.1989514820344478,0.1924463371301124,0.1733382808237885,0.1925123664968318,0.8579994829508036,0.1542314488290002,"MSCI World, resident currency",-0.03439375312967874,-0.013097091263243543,-0.04498643857257256,-0.0457304005579221,-0.013097091263243543,-0.02666273444248879,0.005983742020857245,15,0.005818141999999999,0.0648190392604282,0.0626045308041614,-0.0646718177027612,0.023356788678933205,-0.09842491527792063
Switzerland,2022,-0.07792263800400034,-0.13094036514125418,-0.14296145755013662,-0.13040250448294377,0.8962976187177778,-0.15618712851923322,"MSCI World, resident currency",-0.11738394334855429,-0.029294097143630737,-0.1596662711792558,-0.15363321987419853,-0.029294097143630737,-0.20473567513720836,-0.08069925355240927,15,0.02835028,0.1333469917162451,0.14911263279607812,-0.04319532740699539,0.2254990999513682,0.03135735578020249
Switzerland,2023,0.006474857415115887,0.11211415407860792,0.16011864444874946,0.11103735554816141,0.8435977998768119,0.1486150003519353,"MSCI World, resident currency",0.05070958652643531,-0.006014927184747609,-0.01827424782505027,-0.01847087617295784,-0.006014927184747609,-0.05478019366922671,-0.04345962305749939,15,0.02135401,-0.04141433693618046,-0.0417779737928512,0.017003513512843016,-0.05887118496062216,0.06003301558530172
Switzerland,2024,0.1407257088068914,0.1525165340771928,0.16466736159504095,0.1524058466835172,0.826107829906586,0.14691184599835294,"MSCI World, resident currency",0.04588125056540582,0.0012909730019552423,-0.015948471233476536,-0.015804466653604243,0.0012909730019552423,-0.0171846822151841,0.00013297800401404676,15,0.01131472,0.00792813927223146,0.008875436473961607,0.02171369326854866,0.02504387971731048,0.2113600603893684
Switzerland,2025,0.10161042076751681,0.14903688915423707,0.17154120891353797,0.14864105087513524,0.7798482763250719,0.13010905284102403,"MSCI World, resident currency",0.01700492008162713,-0.0021155113124988745,-0.01193355045888389,-0.011862071970780153,-0.0021155113124988745,-0.015546469413180164,-0.005893915437684272,15,0.008729184,0.08584194671573497,0.08267830617205285,0.015139307087717269,0.05855292561208825,0.5565355068516573
UK,1927,0.11248106008670367,0.3468057965882423,0.2976418151711928,0.29846464708747744,0.2057,0.29586771779330245,"reconstructed, resident currency",0.09804106387691403,0.06813524635966672,0.10406993921227659,0.10690441679168905,0.06813524635966672,0.1276707877796286,0.08971595976842449,15,-0.02399999999999991,0.2922217098236719,0.2921477002157695,0.06069651650102048,0.29186465130647976,0.022662256235551848
UK,1928,0.1681900429749561,0.3459616083589532,0.35766350018903426,0.31465086090582606,0.2055,0.3120215591840143,"reconstructed, resident currency",0.06249876701485069,0.04463390012083934,0.07594736717441797,0.07478822603680979,0.04463390012083934,0.06827369884423717,0.03779178935190625,15,-0.0030000000000000027,0.3076271799679935,0.30474161774863595,0.05045226040342521,0.2948676534125525,-0.00932419207750712
UK,1929,-0.13454906851444182,-0.04543847726162831,-0.06169284438560016,-0.05929095228059211,0.2059,-0.06117237037603096,"reconstructed, resident currency",-0.007027977786198791,0.06215943496835963,0.07980913693100455,0.07974407764213676,0.06215943496835963,0.06677057856272439,0.048881690522675214,15,-0.009000000000000119,0.21209184343697451,0.20981148523424675,0.03785806464463959,0.19744244369676278,0.005317752110867824
UK,1930,-0.021195235505025667,-0.2108884210882218,-0.21319270418795228,-0.18291241419008564,0.2057,-0.18454658936170543,"reconstructed, resident currency",0.16402033425162355,0.05432098838711452,0.09905419583564523,0.1008508981384797,0.05432098838711452,0.09472374863034894,0.04818232071315525,15,-0.027999999999999914,0.12449007214382979,0.13261455412260048,0.10740235214556271,0.1855510402447922,0.06379084326844642
UK,1931,-0.16542711489626616,-0.3030652808907687,-0.3161175617025678,-0.2810983505984499,0.2205,-0.28253615389725295,"reconstructed, resident currency",0.0392446116648435,0.08244514157032135,0.01888925313797074,0.018950562293656326,0.08244514157032135,0.003069363446509543,0.06613906554902456,15,-0.04299999999999993,0.2806213831136506,0.30140101971344957,0.15094084355712933,0.3882169314310919,0.12336638162134284
UK,1932,0.3781167582075209,0.21745168615505328,0.031218095397483693,0.25223000743981006,0.2852,0.24972554742493047,"reconstructed, resident currency",0.4406383894307413,0.04199178627782052,0.16775368129960833,0.18727582430122425,0.04199178627782052,0.3446804063027269,0.20425426171559655,15,-0.026000000000000023,0.03191484967763514,0.04373356914921889,0.16025907588768828,0.3752874838692717,0.32805835305353837
UK,1933,0.2707772214760942,0.25739459606925097,0.4345666102014653,0.26122049615980836,0.236,0.25869805516748867,"reconstructed, resident currency",0.05379092239749084,0.027477017591447828,0.0657165157211943,0.07530201421479488,0.027477017591447828,0.1573256575015134,0.11238439179593691,15,-0.02100000000000002,-0.10981203306361864,-0.07829997109270714,0.030170519994877854,-0.2841512090040078,-0.20464451906123138
UK,1934,0.14047059416770935,-0.12295338107790055,-0.03527117799733302,-0.04877756812628442,0.1985,-0.050680012990031886,"reconstructed, resident currency",0.2769678235054016,0.007300000172108412,0.10572534582580584,0.1038948355376208,0.007300000172108412,0.09501823998413927,-0.001954355712466079,15,0.0,-0.028689702004839224,-0.029028581660339725,0.008767156750223437,-0.15666514999181502,0.43092372775420595
UK,1935,0.1319845115771483,0.36877944533672835,0.33996728935708664,0.2908017259943527,0.204,0.28822012254236395,"reconstructed, resident currency",-0.037924186579046726,-0.001489573018671253,0.0035940490925723267,0.0034503745911047545,-0.001489573018671253,0.02884210870895676,0.024873979464328573,15,0.006999999999999673,0.021409530395772203,0.02324225856225537,-0.0020322077192309607,0.06517209733076745,0.009053301788217727
UK,1936,0.18368640616018217,0.28013351338361026,0.2958623376403526,0.25065315639857455,0.2012,0.24815185008577734,"reconstructed, resident currency",-0.004285789049547906,-0.0011916584645093042,0.034587451738524955,0.033446839982474774,-0.0011916584645093042,0.025990458163950292,-0.008709385998871269,14,0.007000000000000117,0.27272902516729536,0.2748949724541325,0.012372876775614161,0.2819080076862106,-0.02041982551028476
UK,1937,-0.15902681173162259,-0.2843219003213353,-0.27002595321187206,-0.24765384618389463,0.2023,-0.2491585384915268,"reconstructed, resident currency",-0.12188981787609643,-0.02746615106351602,-0.026575873551513363,-0.025710740270750376,-0.02746615106351602,-0.05168174938755998,-0.05412189310808876,14,0.03400000000000003,-0.09188822298128563,-0.09289003152464281,-0.011132956950033579,-0.0698188281397446,-0.026626223156374418
UK,1938,-0.11210486504036632,0.10241444336001315,0.13551081192576478,0.03292819726578311,0.2045,0.030862340871251615,"reconstructed, resident currency",-0.03721735614725952,-0.009744094604054565,0.020344021621375274,0.016557485645859904,-0.009744094604054565,0.01062735442513163,-0.015770689445243853,14,0.016000000000000236,0.07021917628810592,0.0734281750021939,0.047570894586841384,0.1029835953259417,-0.0018321541566235222
UK,1939,-0.009463825563860384,0.09085906530363141,0.024884264852897495,0.06556876207282247,0.2255,0.06343762454867674,"reconstructed, resident currency",-0.01795689585520832,-0.014396887229110478,-0.07933611524290374,-0.08217326625533661,-0.014396887229110478,-0.018488676957112427,0.05096126306906545,14,0.028000000000000025,-0.1362703696590868,-0.1473278939820588,0.022205827566040615,-0.05273844578684084,0.057544614535617544
UK,1940,-0.1856975519187647,-0.026868881145762025,-0.05406567886408302,-0.0689540238497679,0.2611,-0.07081611580206837,"reconstructed, resident currency",-0.007391092711932168,-0.13501712311799208,-0.06882765791675893,-0.06026894676137984,-0.13501712311799208,0.03162183230580773,-0.04066642310420169,14,0.16800000000000015,-0.1428458711473486,-0.1422966485175573,0.0059249679692383594,-0.004714407748933613,-0.015660679490484553
UK,1941,0.10770156775140571,-0.1606327906187458,-0.11368962833354682,-0.09251058190156858,0.248,-0.09432556073776543,"reconstructed, resident currency",-0.002126882706738664,-0.08835740107706747,-0.0338143585598315,-0.03581639776641854,-0.08835740107706747,-0.05570972506419514,-0.10863666001553043,14,0.1080000000000001,-0.11115448067590372,-0.10672310205742341,-0.07583315048804296,-0.18895227461265163,-0.18333035583988577
UK,1942,0.10585411556628577,0.07108365699416197,0.013399112479389762,0.08140150557929648,0.2478,0.07923870256813781,"reconstructed, resident currency",-0.04052916667263262,-0.056956115988344935,-0.0273738511472843,-0.026012911536329675,-0.056956115988344935,-0.009420183531548942,-0.03981682177969644,15,0.07099999999999995,-0.04753486962178699,-0.046821397887228944,-0.07087970183543024,-0.02922283884011423,-0.055501663030803394
UK,1943,0.07388782028533969,0.14901400394413233,0.11832588561256886,0.1257979903289992,0.2478,0.12354639434834125,"reconstructed, resident currency",-0.037700102212379516,-0.023210831937637733,-0.005182080379501186,-0.004662984064866982,-0.023210831937637733,0.007071243666222804,-0.011138897033127168,15,0.03400000000000003,0.18974542108206593,0.1973466840088154,-0.019568422192413393,0.22576850301004914,-0.00965632234922964
UK,1944,0.0949367078741199,0.10873647136606102,0.14104454077385595,0.10478059593070088,0.2478,0.10257103473883955,"reconstructed, resident currency",0.029454723015035933,-0.016553067403619615,0.007155043510811643,0.006108364615485806,-0.016553067403619615,-0.0032788155757769166,-0.025902862098939963,14,0.026999999999999913,0.05719454257955636,0.056860852239480675,-0.011389603351630306,0.05275006507036073,-0.0340548614592282
UK,1945,0.03561807757221769,0.2729161109974463,0.2795556525852174,0.2025050917438953,0.2481,0.20010008156040748,"reconstructed, resident currency",0.11687606642682269,-0.018482490649251226,0.023648567070601922,0.018277625813977405,-0.018482490649251226,-0.07813272466997567,-0.11745756932364614,13,0.028000000000000025,0.16580658131724602,0.1660767076517322,-0.013237632217602213,0.16743635790143085,-0.029816342204947555
UK,1946,0.14191319905474398,0.12471362942749398,-0.13675023711702647,0.12899257286835186,0.3333333333333333,0.12673458772261514,"reconstructed, resident currency",0.07430652231989732,-0.025218234831967612,-0.023550573709680167,-0.020669671113597743,-0.025218234831967612,-0.07652981578126483,-0.08265168474276757,12,0.030999999999999917,0.47914141625939677,0.5800862733418151,-0.1458067950930625,0.8298430271360435,0.19020617899746695
UK,1947,-0.0895039567323489,0.1375452839351936,-0.10662617588902562,0.0696764902910676,0.4,0.06753713731048538,"reconstructed, resident currency",-0.19938950616622642,-0.06065420543548661,-0.10497292592853302,-0.11207029098037302,-0.06065420543548661,0.046615216732364795,0.10088159444859435,12,0.07000000000000006,0.0028247039361670723,0.0331800370792672,-0.07460156340503099,0.26705658437971413,0.17108068920064046
UK,1948,-0.10562565012341196,-0.2669052362592398,-0.10306120208174732,-0.21961430438159624,0.33003300330033003,-0.22117507577283302,"reconstructed, resident currency",-0.06502349411129615,-0.0667595170064722,-0.08864859649149115,-0.08504155304817396,-0.0667595170064722,-0.27856390747918724,-0.26514794366512845,12,0.07699999999999996,-0.10770392177862309,-0.10915302061573473,-0.016410018909050028,-0.22426241767143673,-0.1999727946212213
UK,1949,-0.0826910216694674,0.4105549417526728,0.13702484406228968,0.2759834612449128,0.42016806722689076,0.273431494322423,"reconstructed, resident currency",-0.11415115984497348,-0.02217898831307752,-0.018207538713000182,0.004984056105490575,-0.02217898831307752,0.2888965791070013,0.26920625376420504,13,0.027999999999999803,0.14074237004571422,0.19455496558829743,0.031435476496074255,0.475578242445156,0.24512638031019152
UK,1950,0.06773530906501768,0.1338913059457052,0.22496980216059823,0.1193953435627424,0.3968253968253968,0.11715655287561688,"reconstructed, resident currency",0.0014018661048977865,-0.03270346906631727,-0.04407828883138454,-0.04290938197273897,-0.03270346906631727,-0.07432422235325842,-0.06522490032041775,14,0.03918495297805635,0.08158588877541173,0.07418828318124682,-0.044909057796571394,-0.019096629291977862,-0.13558730398236418
UK,1951,-0.0075217318176235,0.22390583609103043,0.17072737085170106,0.17746168071358892,0.41841004184100417,0.17510675735216163,"reconstructed, resident currency",-0.17178857239944811,-0.07785228234078145,-0.0939274217074727,-0.08936147024683072,-0.07785228234078145,-0.014237483830476072,0.00019609392781236857,15,0.09049773755656121,-0.09973356671841371,-0.0992603844791039,-0.044855439335450886,-0.02679466280719711,-0.018000231014276502
UK,1952,-0.09752588198651235,-0.05111844479991057,0.12437580307654818,-0.05926090267698714,0.37735849056603776,-0.06114238087163315,"reconstructed, resident currency",-0.10244046824635034,-0.07636750010773563,-0.05487979161530265,-0.056912585108826796,-0.07636750010773563,-0.08959151376160823,-0.10980839394545164,15,0.10650069156293251,-0.11551796573041084,-0.1140427810696697,0.003226921042449371,-0.1990623626008161,-0.17677789071441785
UK,1953,0.20077737134098284,0.0029218011099367835,0.041886597580653266,0.032006089661664294,0.3717472118959108,0.0299420774823409,"reconstructed, resident currency",0.09877941548033409,-0.012786489703543236,0.012427875072315464,0.01267177917418838,-0.012786489703543236,0.021163010814246208,-0.0038665098463384136,15,0.036250000000000115,-0.08515962008616462,-0.08380423469387455,0.006703548557218442,-0.10638767458124743,-0.05206239186080164
UK,1954,0.4528661877760347,0.44934708132878654,0.4649728060022412,0.44994673691408815,0.3731343283582089,0.4470468434402599,"reconstructed, resident currency",0.03687402865199263,-0.00490672228954514,0.014602918458524572,0.01567447703353353,-0.00490672228954514,0.03904631335413944,0.01945447915543878,15,0.022919179734619988,0.4693378457054158,0.47331166614041775,0.018564239040369523,0.4811122512717265,-0.014943928290778397
UK,1955,0.055125286415905306,0.22212111251478905,0.2986733549470238,0.19417839131316517,0.36900369003690037,0.19179003453053878,"reconstructed, resident currency",-0.14456029840056184,-0.012570144485276491,-0.036827143624901915,-0.03711414484177511,-0.012570144485276491,-0.0440617543864511,-0.01950621759515706,15,0.050707547169811074,0.37973184176796915,0.36450483174978254,0.011922977581826144,0.3273943499898233,-0.06797467268611712
UK,1956,-0.1362345717060146,-0.013426154550553182,0.052338310101591325,-0.030764490669123234,0.3589890868606365,-0.03270296168778497,"reconstructed, resident currency",-0.07744291834056127,-0.0020229458260243582,-0.03337557277700676,-0.03361502630115365,-0.0020229458260243582,-0.0855815087107824,-0.05571646785613207,15,0.05162738496071828,-0.02486739980221153,-0.023409223576869587,-0.012271588679896195,-0.09400757534199355,-0.09125972201390742
UK,1957,-0.04612559643033254,-0.13070340872543884,-0.09624891705219762,-0.12088880523916179,0.34972371838487926,-0.12264702762868351,"reconstructed, resident currency",-0.09772285433890016,0.009321375628445372,-0.014633616336340194,-0.015194652211149906,0.009321375628445372,-0.059351010289328765,-0.036135120311286704,15,0.03842049092849509,-0.1481428108693872,-0.14141713372083842,-0.011143687996010843,-0.19047376536177796,-0.06217636931827475
UK,1958,0.4360978269910478,0.3036069814975102,0.27443850471874875,0.3198713824137527,0.3568242641772789,0.3172316396489252,"reconstructed, resident currency",0.13753593853720414,0.01635244829983984,0.06547008067962223,0.06742802014434401,0.01635244829983984,0.08830817818268666,0.038435657076818126,15,0.02877697841726623,0.07741276142349718,0.0782990254714182,0.006882515564111014,0.08748183086820993,-0.0023507199022774206
UK,1959,0.5393956995531246,0.18581185200341976,0.17880026666639792,0.2295852725709433,0.3571428572704081,0.2271261020258013,"reconstructed, resident currency",0.0038151866502043053,0.02764031624693364,0.042058766523403346,0.04246664400506828,0.02764031624693364,0.04439745239335324,0.02981517982929658,15,0.005994005994006235,0.21467479524460376,0.21207745923349997,0.010506777644549326,0.19944172387354286,-0.014480385193944567
UK,1960,0.010364474440589744,0.035427947722071584,0.022060117379408536,0.0313914367447119,0.35665882029982837,0.02932865387122252,"reconstructed, resident currency",-0.0783536664958071,0.040632808626872574,0.03860496539921332,0.038832744473947356,0.040632808626872574,0.03732165492771822,0.03945612554714219,15,0.00794438927507457,0.033741052723552656,0.033285154823812446,0.012803101551821738,0.011688270964350655,-0.013886584114955913
UK,1961,-0.013931115881276823,0.20131647443249445,0.21676245484433065,0.16816196716130904,0.3561126741768857,0.16582564322698645,"reconstructed, resident currency",-0.1084272701662915,0.018292937349556615,0.004982936275935712,0.005124402034761832,0.018292937349556615,0.002702731059491592,0.016025010398435277,15,0.0325123152709359,0.004510147428319344,0.004155583199295654,0.023604783271376606,-0.01309136913858533,-0.03211972493699211
UK,1962,-0.03665600901114785,-0.13065427934187734,-0.11022648690682399,-0.11722960676011562,0.3568242641772789,-0.11899514754659535,"reconstructed, resident currency",0.1974912759585259,-0.00027325834000935245,0.06371200182477343,0.06356808866422647,-0.00027325834000935245,0.05946181323492694,-0.004495533818669747,15,0.041984732824427384,-0.1641073654433003,-0.16289175817459434,0.01825126995188109,-0.17166201179552154,-0.042864575081288936
UK,1963,0.17336804038206033,0.153131868883849,0.14539981679780337,0.15641445091279915,0.35757705798382927,0.15410162201097366,"reconstructed, resident currency",0.01496253745972842,0.01531515609255818,0.02334463783447993,0.02396365894096819,0.01531515609255818,0.030944434353610495,0.022871555148378894,15,0.021062271062270987,0.06527713094715848,0.06501607092163764,0.01837742808505438,0.06182895164970126,-0.026767063850934525
UK,1964,-0.08368505586058461,0.09113221084494194,0.10257287640379706,0.061419339225646574,0.3584100929566718,0.05929650054719526,"reconstructed, resident currency",-0.05418907854541,0.013187226943742747,-0.005869360441181692,-0.005919307950173702,0.013187226943742747,-0.005414300738727618,0.01404334868091482,15,0.03228699551569525,0.2486666816731513,0.24790479881293903,0.027000180476569158,0.24520713798255156,-0.03092591776321174
UK,1965,0.06634703059991232,0.03460903320776132,0.060481436574314235,0.03905653072986315,0.3567860711990817,0.036978417668403374,"reconstructed, resident currency",0.0012998190553239475,0.015853415060167686,0.007096688727494582,0.006292044223591864,0.015853415060167686,-0.011559003060697126,-0.0026822359504568905,15,0.042571676802779956,0.12540192334146227,0.12304518012562848,0.03155536016230376,0.10839231672532113,-0.044523726506899064
UK,1966,-0.07539090714775598,-0.09609494847423639,-0.09511547643707093,-0.0933256072792672,0.35839724763758773,-0.09513895606470868,"reconstructed, resident currency",0.002066234986369375,0.020384615717025767,0.0007735744715602344,0.0005673623510580317,0.020384615717025767,-0.007243029278288682,0.01236853785177799,15,0.040000000000000036,0.0717930310335948,0.07046284959734916,0.010884962315295343,0.05624488553199991,-0.04982311328483269
UK,1967,0.31245618329900204,0.35687393130860934,0.16518183044321177,0.3508341226632725,0.41557578041623067,0.34813245441794605,"reconstructed, resident currency",0.0010345630044101828,0.0348815047255131,0.032670182729632735,0.038439147723717815,0.0348815047255131,0.14116971206538964,0.14283992630504366,15,0.022435897435897356,0.10084450020284552,0.11754561003770458,0.01912916025527034,0.2636939143155257,0.12663332687674989
UK,1968,0.42499680993425804,0.13120660198848189,0.11797228447637517,0.17295815184526142,0.41939271951828244,0.1706122355415709,"reconstructed, resident currency",-0.060883507076384236,0.029165634780156324,0.04103216017177891,0.040362872516690906,0.029165634780156324,0.029482161803915385,0.01803376225669763,15,0.03996865203761768,-0.02179999295685653,-0.021810549686145375,0.011003722479790534,-0.02792559320981247,0.15254386357874195
UK,1969,-0.16228961556039756,-0.0948515631706125,-0.08698919822698166,-0.10480318720918014,0.4165451744976653,-0.10659358083476178,"reconstructed, resident currency",-0.05179231341882862,0.023101793335254417,-0.03642521082428174,-0.036571419031584895,0.023101793335254417,-0.05637290422785779,0.002063745346683173,15,0.051996985681989294,0.19436325558920897,0.19101419674775322,0.01323387456286551,0.17746382271224803,-0.21528268391656669
UK,1970,-0.09392102974609173,-0.05211261012726698,-0.04807565646287694,-0.058062692736233434,0.4177632954913997,-0.09778996811930007,"MSCI World, resident currency",-0.028783166085864287,0.0047069301561930565,-0.013682046389310365,-0.01346655437853106,0.0047069301561930565,-0.011528275778545094,0.007045505034928246,15,0.06518624641833837,-0.05246453252809191,-0.052228049922945274,0.020938455464238448,-0.040097048589715634,-0.0011829560879625944
UK,1971,0.33986833675111394,-0.01441635577730338,0.06353192604207344,0.0333935338514586,0.3917727719458463,0.04882428525717475,"MSCI World, resident currency",0.15987804581507947,-0.03504941761768421,0.008875740229824514,0.009023973375572147,-0.03504941761768421,0.01391464684262278,-0.02965321126789977,15,0.09414929388029569,-0.15476246776978397,-0.15102607746958374,0.017643971771362565,-0.2037024908104792,0.005662610214134167
UK,1972,0.08567236664645161,0.29527048015020774,0.21615529932525468,0.26637189589269417,0.42587624054592066,0.2626895883357283,"MSCI World, resident currency",-0.105610658346308,-0.015590367567460683,0.0024625436421568114,0.009003916700764947,-0.015590367567460683,0.096627596802344,0.07613747021941096,15,0.07191149354640447,0.09344351303302134,0.10495456435478778,0.01154035341542925,0.17674005253152125,0.5005432671869532
UK,1973,-0.3415498115907618,-0.09620615965126367,-0.12713341041976423,-0.12954981161110823,0.43044077153514154,-0.24853956309849112,"MSCI World, resident currency",-0.1658348045739192,0.00030791897016113623,-0.07003626998247692,-0.07134123503123246,0.00030791897016113623,0.0010234261074775208,0.07752226826763932,15,0.09346330275229353,0.4794257226802483,0.46677154096222706,-0.005739170208360234,0.44427584297064526,0.5530994819196771
UK,1974,-0.5696518080613707,-0.32660799242169614,-0.3081785418938739,-0.3535700120997848,0.4258037046735379,-0.3563365503978436,"MSCI World, resident currency",-0.2721773704752751,-0.0376000934945927,-0.10987915797105718,-0.10885914990698109,-0.0376000934945927,-0.07778370893829456,-0.0037832666111980552,15,0.15731515469323543,0.20786003605575076,0.1973264687156222,-0.018682411153460032,0.16864147630598603,0.40080002244355906
UK,1975,1.0342776659584465,0.19741349126959373,0.16632488369703383,0.25130442497759997,0.49419322979698205,0.30600865433937585,"MSCI World, resident currency",0.10941426924799869,-0.10204113561225359,-0.0684456637338986,-0.06415893499378067,-0.10204113561225359,-0.02039270806817184,-0.05506274448501858,15,0.2270049841413686,-0.21259472898396148,-0.21806308370767458,-0.002214119066057396,-0.09674456685500687,-0.2782159030178424
UK,1976,-0.11526135551014083,0.19902819484508427,0.08550099635892519,0.16656755728996253,0.5874060153826398,0.1998135566383601,"MSCI World, resident currency",-0.015344842145573745,-0.03897126225485792,-0.04697741176152692,-0.03779976813447061,-0.03897126225485792,0.094162635241964,0.10217181443864476,15,0.15657311669128493,0.09097389158191427,0.11651948191946371,0.0049242743921680265,0.24011624814626242,-0.011465615122989492
UK,1977,0.29247365474700926,-0.20837082792401396,-0.09348596303340004,-0.16871401321129786,0.5246589719436826,-0.18670642658668157,"MSCI World, resident currency",0.2663333356380464,-0.06335799977183332,-0.04722846357321886,-0.04675076007568779,-0.06335799977183332,-0.11947930965427556,-0.14272264745850524,15,0.14942528735632177,0.17479703880913244,0.13865730677389965,-0.011551278487003214,0.025715137607681404,-0.05267807397831892
UK,1978,0.01110698040464042,0.018126871324307903,0.030918227861795218,0.017350911417007175,0.4915212585360144,0.024139123900969173,"MSCI World, resident currency",-0.09348833731176576,0.009656244329963704,0.01377674558187536,0.01431121474948771,0.009656244329963704,0.03947788950362274,0.03739923651468161,15,0.07472222222222236,0.2868588013480087,0.25959605253580254,-0.010424790546951224,0.18333616634342653,0.17472365932888523
UK,1979,0.000978529544918505,-0.08834397929253524,0.06293952800410177,-0.07918321918852023,0.44964028797196054,-0.07601789708398887,"MSCI World, resident currency",-0.06454774954183995,0.014613595161561799,-0.06747087804289331,-0.06741586655756371,0.014613595161561799,-0.1692250722109755,-0.09574376643953983,15,0.11372447660894291,0.40236293561947645,0.3422567038823354,-0.02032579690849734,0.21767754820185137,0.7916581924688901
UK,1980,0.17089032329820153,0.016258526287385777,0.11314617971611825,0.030276355791023057,0.41928721191584367,0.03488061111789964,"MSCI World, resident currency",0.034483427021927415,-0.0002981086668107924,-0.050663044472105234,-0.05746582151579227,-0.0002981086668107924,-0.18370659655991972,-0.13993322471570732,15,0.15154328150382912,0.16899230323508907,0.14230020455528192,0.000695567814542164,0.053679590757580664,-0.08053465929237802
UK,1981,0.01625627052057732,0.09986380608839385,-0.06336957755778594,0.09294648019127116,0.5241090149497426,0.0845877851062018,"MSCI World, resident currency",-0.016303804510345965,0.010466408341714972,-0.037592948153695405,-0.03533300225073155,0.010466408341714972,0.028345478702625604,0.08170318209724545,15,0.11809754131398598,0.04234222966655077,0.09482248847633779,0.06875376114405274,0.34889457747178954,-0.24583820261819023
UK,1982,0.18851923111797575,0.20325391288495198,0.0713086463207144,0.20188936381461042,0.6193868074446496,0.23574846140152905,"MSCI World, resident currency",0.42004195103131714,0.030237142638827486,0.11614769625777699,0.12220935286090273,0.030237142638827486,0.13619248171938603,0.046018613551445604,15,0.08111031002162972,0.15618263331222448,0.2133575937586658,0.08419578734237465,0.4103670603100851,0.27812583775887045
UK,1983,0.227228790587912,0.31537767686479357,0.21029941256002274,0.30672455318343594,0.6893699163721011,0.31370895981945557,"MSCI World, resident currency",0.027572082948089882,0.04436100966823542,0.09257248147249642,0.08866617668151533,0.04436100966823542,0.0729394114343982,0.026465550031834727,15,0.04934978326108719,0.10624539133786248,0.12329554609554894,0.04999397713684739,0.2300479659466248,-0.11172569177988523
UK,1984,0.26200429471626907,0.2827520305268847,0.0657347852350569,0.28074265174459967,0.8646779082271318,0.24653667158163195,"MSCI World, resident currency",-0.004814158349602415,0.048360562919934624,0.0782652936419681,0.09340229669682643,0.048360562919934624,0.19711717987024002,0.16405451320155767,15,0.04258023514458209,0.05217642524168653,0.0805295264857131,0.06256920408590982,0.3363919202742722,-0.03283803205662994
UK,1985,0.1450053426954485,0.09306201764190347,0.2630015239621768,0.09936884567029747,0.6922810665920949,0.07750064423385417,"MSCI World, resident currency",0.1429258010269685,0.06364444126317559,0.13305779294437303,0.12320923294572195,0.06364444126317559,0.056004128896034455,-0.011016987227877117,15,0.04922279792746087,0.3040861889184707,0.23213721953156186,0.041566294338919674,0.007899215454685748,-0.19716450068159752
UK,1986,0.23122436059117812,0.3189184661920801,0.24748924368627667,0.30973158438786297,0.678195998643608,0.34996761375185903,"MSCI World, resident currency",0.08916357783812767,0.06788150072286303,0.12916052527337674,0.14151415375158338,0.06788150072286303,0.2473053080113934,0.18186538615331999,15,0.03326071169208422,0.2501764587131379,0.2382001396504334,0.05503815580608573,0.1915556615378513,0.12958778075644117
UK,1987,0.05276802369730538,-0.031147045825626773,0.0908813548269234,-0.022033150971706994,0.5343307507347048,-0.1161424763247505,"MSCI World, resident currency",0.14237861760271153,0.05837948575262719,0.0480512931551178,0.04461418952412699,0.05837948575262719,-0.020796464210619536,-0.012035500007049234,15,0.032049479898791366,0.19204043500351098,0.1467164206848408,0.0219249880214456,-0.09110873656360052,-0.0612514447755641
UK,1988,0.07444893010498577,0.15883614235149346,0.14829245337319724,0.1493091470166248,0.5526388505111909,0.23730583908869374,"MSCI World, resident currency",0.02996593272280723,0.058219477708382206,0.08808596152649906,0.08411293357236271,0.058219477708382206,0.04554657072808377,0.018152142052907508,15,0.03759193680196127,0.14005882461527897,0.14089817482470313,0.030389429819428715,0.14648725786734373,-0.16508981908665032
UK,1989,0.2872601646622832,0.2854767138468084,0.2130269720034091,0.28565074644969046,0.6228589224540642,0.24265654196871211,"MSCI World, resident currency",0.0282447087626454,0.07642140254439656,0.02507050803955657,0.03030705707150516,0.07642140254439656,0.11929301495458322,0.175420233111291,15,0.052375951693357736,0.08322536500319644,0.09109350211375578,0.04313487985098852,0.17337778640883972,0.03374368695213725
UK,1990,-0.1550252864097329,-0.2599001641664296,-0.12592150054843967,-0.24982298595271568,0.5186721991701245,-0.36731737814248,"MSCI World, resident currency",0.011574947790402579,0.06653396775355258,0.03581238495624883,0.028688009365114953,0.06653396775355258,-0.0661703895126976,-0.03800777432296042,15,0.069726830485219,0.08733624381931526,0.06751100078500283,0.019629465469601426,-0.15088591016675046,-0.25814395542787105
UK,1991,0.12342989778239466,0.054628755719422495,0.044277760932961874,0.06169730386451344,0.5345592558935158,0.15884690042313254,"MSCI World, resident currency",0.10182748785041684,0.03057072101097469,0.10262220477387429,0.10499527875560011,0.03057072101097469,0.11333137110766156,0.04006290726539489,15,0.07532649253731338,0.021242510708425755,0.020817868374395365,0.0295655869605842,0.01341541663470025,-0.12151745004901504
UK,1992,0.14988442148879555,0.1907946828105358,-0.00799837089102369,0.1867274446372782,0.6613756613756614,0.1295435432401375,"MSCI World, resident currency",0.1511078821236551,0.04487226292514168,0.08563572229271843,0.09952084758017032,0.04487226292514168,0.2112908242130247,0.16699142321628357,15,0.04261548471047538,0.011549981629693784,0.011637778534319576,0.008383806062487231,0.1872583816683855,0.10895091183082717
UK,1993,0.24429255119198334,0.16771222168404742,0.13421630699057294,0.17646291772197542,0.6751282743721306,0.22500889722032014,"MSCI World, resident currency",0.19788144479275904,0.026373933722921183,0.1953475374129594,0.18541856297181858,0.026373933722921183,0.15599134314985164,-0.0059574758128964804,15,0.025065002600104025,0.2001441439403706,0.19994217626185828,0.004321478172269577,0.19895198552693305,0.16390190321823428
UK,1994,-0.07774323380986137,-0.021496186956201258,-0.01356209900880799,-0.028330171837180895,0.64,-0.0318896255104979,"MSCI World, resident currency",-0.12151131218623745,0.031099791124014065,-0.10699801022817779,-0.1118920437739922,0.031099791124014065,-0.05643585682026031,0.09001431759125632,15,0.0197849025974024,0.030996987173457224,0.028586487648851966,0.016542435122898214,-0.03541008803837864,-0.0987264056958379
UK,1995,0.19837571456840686,0.2006589027152399,0.18855405700199138,0.2003911319437055,0.6451612903225806,0.1812599610643577,"MSCI World, resident currency",0.14518006914119286,0.03578486977523143,0.19219788555379114,0.20536211651132685,0.03578486977523143,0.26467870189496745,0.0987672536442154,15,0.026564520943189285,0.2119917837127625,0.212786636223524,0.033488873052366586,0.21612021137918003,-0.01355975642617313
UK,1996,0.1309529642025058,0.062358613599999835,0.20577154851202253,0.0699894387809663,0.5889281507656066,0.00461157938979162,"MSCI World, resident currency",0.052383525173191225,0.03300469980688647,0.12189748059062899,0.1037113449166962,0.03300469980688647,-0.03872950997732061,-0.11436503749225449,15,0.024003084273058306,0.193265939067093,0.17335802654572663,0.020154971252071885,0.07847053844003238,-0.1587123854113971
UK,1997,0.2135290210839893,0.21558981535313926,0.22999333782727532,0.21537461212758502,0.6046680372475511,0.17260085689671056,"MSCI World, resident currency",0.14667238519794523,0.045719733839246324,0.13632160175732988,0.12195613910011538,0.045719733839246324,0.006441899438635046,-0.07380371534699064,15,0.018246062710850275,0.2458232681956254,0.25172291678065917,0.038183713171633826,0.27410550865515404,-0.2071008814637555
UK,1998,0.11930754370670082,0.2006536813024038,0.188383767658093,0.1918659239955811,0.6011421701232341,0.2142323570871385,"MSCI World, resident currency",0.19311267378155494,0.051818996668856476,0.165302601868216,0.16571460288201512,0.051818996668856476,0.16835951754852418,0.05446806345879756,15,0.015573975192950451,0.29197681547867216,0.2860046823065008,0.0384762766424287,0.2656123530841765,-0.035460876007209374
UK,1999,0.22175662413390507,0.2451784167363582,0.22711500299131265,0.24275154503020846,0.6186587478346943,0.26206569938530455,"MSCI World, resident currency",-0.054044034756311254,0.03662624036757145,-0.045273604616212104,-0.04087919963078768,0.03662624036757145,-0.10990546030575654,-0.03448904391912044,15,0.01328710306726344,0.03842226320082376,0.039658338303616425,0.025016298269186832,0.06506213954302886,0.014758101686725755
UK,2000,-0.06683520820096156,0.007986028288345715,-0.05163289247126551,4.931294707932743e-05,0.6701514542286557,-0.06727976896010801,"MSCI World, resident currency",0.08926901242993468,0.04964007286631289,0.09839497123382102,0.09763104234094078,0.04964007286631289,0.08365165795148743,0.035323866425672396,15,0.007964563930879853,0.04721153860088134,0.05267913263030399,0.02935847551351123,0.14111543375706614,0.011690011389342336
UK,2001,-0.14277223671824013,-0.15138658053241838,-0.16351091646335186,-0.15047936270898277,0.689464975179261,-0.1443589533840478,"MSCI World, resident currency",0.01700370410680474,0.03483518495985383,0.04141268157225886,0.03986845774160619,0.03483518495985383,0.005767610347142682,-0.0002641075915622645,15,0.012335119951847107,0.13239812486632463,0.13766815948038236,0.024736810195639336,0.17205166402557381,0.03225811905314435
UK,2002,-0.23226768739190673,-0.2703838363194212,-0.2304945420446349,-0.26655540842260617,0.6204243702692642,-0.294339919560031,"MSCI World, resident currency",0.08838472765892802,0.02568748877137428,0.1061167129612961,0.11071557192047599,0.02568748877137428,0.15480134527462863,0.07168879778687666,15,0.012589129587851966,0.08491823210897476,0.0762700221018573,-0.00596150761007852,-0.05088029185111531,0.10163949700482444
UK,2003,0.18561407752968928,0.12975689437114224,0.17459617925620055,0.1351943896186767,0.5603182607721185,0.1887204916673626,"MSCI World, resident currency",0.007397021837709961,0.021688759935658775,0.0379114990285474,0.039621439420763016,0.021688759935658775,0.08397875766386154,0.06760635504663526,15,0.013615926630131003,0.20726070367816152,0.18425166458901354,-0.006956332666097742,0.069241554498368,0.06637236466237839
UK,2004,0.11102325946275937,0.0668096076414495,0.12318155534811956,0.07082227614418546,0.5177591384487936,0.03951750077091254,"MSCI World, resident currency",0.05224341280384803,0.030554265085873666,0.09632616321980714,0.09391684582391746,0.030554265085873666,0.06185165791195679,-0.0020823373525538165,15,0.013435230404932774,0.18984222953716468,0.17177073736784276,-0.017486342515833142,0.062262257944703636,-0.05552732531386284
UK,2005,0.19191899945569513,0.18302799218020005,0.096333869905284,0.18379308405525085,0.5807538184563563,0.2039160151664734,"MSCI World, resident currency",0.06314585944090156,0.024428089375563955,0.07252990672085202,0.07015824590857922,0.024428089375563955,0.03827787789627668,-0.007757764047123258,15,0.020569437639501142,0.07575349891771532,0.08488213228398633,-0.0006986459582450921,0.19238654904195474,0.28978039780245335
UK,2006,0.13781992105290408,0.04257592841933455,0.15755464160384075,0.05129268353493721,0.5094243504839531,0.03643458655913778,"MSCI World, resident currency",-0.02766280161462331,0.022684616943392077,-0.01341081571234004,-0.013275517482659982,0.022684616943392077,-0.0643022683997515,-0.02974764302081858,15,0.02328712465674254,0.16801942174735185,0.1452235793546539,0.024767261591463807,0.03580548387000482,0.0592005973249059
UK,2007,0.026960451783330397,0.05556745019289022,0.04277871625297627,0.05310072023463008,0.49915144254766897,0.031401586723567076,"MSCI World, resident currency",0.03795129299517597,0.031343524389349176,0.002590582888168713,0.0024965342584810646,0.031343524389349176,0.05923348190445621,0.09058100054188058,15,0.023228416234869487,0.21461696724347679,0.2070124341950732,0.011644528236934182,0.1732452830853468,0.24284081526191548
UK,2008,-0.3219340464426441,-0.16318138706828078,-0.40162260562624047,-0.1767523729825783,0.6859651529702291,-0.18321396698303438,"MSCI World, resident currency",0.1194089004463681,0.00693119017367283,0.10896200476504037,0.14170115477260858,0.00693119017367283,0.4070379169583278,0.28026130351510065,15,0.036019155331397545,0.2813849752324089,0.4215850532765162,0.03138761247384991,0.8078940522930806,0.4314814167778007
UK,2009,0.2621891094966369,0.1089229346587246,0.23585619466111568,0.123590960900269,0.617474529175671,0.11008178804740765,"MSCI World, resident currency",-0.036036428163766954,-0.016006610261213527,-0.02162595485460006,-0.02295668784238225,-0.016006610261213527,-0.0576204381603489,-0.05050279203017629,15,0.021653204511010493,-0.07679196989808468,-0.0662328751480159,-0.019834602641820354,-0.1925655633283,0.06351082034402333
UK,2010,0.10513020971315101,0.12289329307180452,0.09535368908282034,0.12110870909446048,0.638773554774832,0.12162210515823002,"MSCI World, resident currency",0.06602578360855227,-0.027088297346047896,0.006180937897988015,0.008165808466083169,-0.027088297346047896,0.03115859696612633,-0.003516281119693702,15,0.03298171575771702,-0.016923897927175857,-0.016426999098356543,-0.011732246102603261,0.016552660067867597,0.2918220362243755
UK,2011,-0.07553777685261986,-0.05056269367861832,-0.04557057496084801,-0.05301896335986045,0.646788694133627,-0.08366580289878112,"MSCI World, resident currency",0.13348353916845568,-0.03813471595395701,0.038638437439458384,0.03945261721512372,-0.03813471595395701,0.0410776959628294,-0.03639926976792866,15,0.04463693294069393,0.041324147642702425,0.042371528088513966,-0.025979726392153846,0.054311048717970545,0.05252856265022565
UK,2012,0.09061084492234395,0.09611819483352257,0.13256929536501022,0.09555036529808558,0.633713561470215,0.11777513767335845,"MSCI World, resident currency",0.009923314944111361,-0.024460615481551873,0.09391982777602026,0.09411403018513398,-0.024460615481551873,0.09421644497887893,-0.024128109623681216,15,0.02828242099093714,-0.07678603082603574,-0.07602233219148591,-0.014131120381582707,-0.09218532129169632,0.031058254930930396
UK,2013,0.17523965048826007,0.2132875610942795,0.3093062600686012,0.20966816169938718,0.60723828030119,0.18026033621967996,"MSCI World, resident currency",-0.08474538073771742,-0.022062138793991326,-0.04552617551059468,-0.04439035178273232,-0.022062138793991326,-0.08096313048499482,-0.05913764212859872,15,0.02564798821532066,0.03718186805416446,0.03455821856010277,-0.01307117198017016,-0.007606074950688879,-0.3240007185814803
UK,2014,-0.0026177932777952106,0.13203956248348292,0.11473550057883675,0.12047708320976436,0.640697078421322,0.09375955327031682,"MSCI World, resident currency",0.13931820518883176,-0.010654646295390924,0.16705203419287162,0.15622036212491763,-0.010654646295390924,0.0948685768366413,-0.07222721791036373,15,0.014610314088341791,0.16458221307143517,0.17612186597710067,-0.006284064445272408,0.2370057441043747,0.047755207721089876
UK,2015,0.010593388351745059,0.07880699113865708,0.04286372356615195,0.07357763841578957,0.674809366354005,0.03869763874622145,"MSCI World, resident currency",0.007272233813872431,0.00399740331166476,0.012870842051895703,0.012445612119744709,0.00399740331166476,-0.02357552717415423,-0.03219617732564846,15,0.0004009937308258049,0.0806610393447702,0.08393678955409833,-0.00531491867575451,0.12913078387721266,-0.08260888356546547
UK,2016,0.14653668681702925,0.23886750625957487,0.02861772903811651,0.23188808411383355,0.812875955129247,0.27159638680300113,"MSCI World, resident currency",0.06424486219300118,-0.004542694552691184,0.037287688236969485,0.044049034100755335,-0.004542694552691184,0.2070798484753087,0.15870093831873625,15,0.006596661169451679,-0.07081110527314705,-0.08439687731460987,-0.014283553872012966,0.11528700159135585,0.2789013462206973
UK,2017,0.1107108057880124,0.08430668756143334,0.16637139969055736,0.08630738194423704,0.740110276431188,0.08766644328619866,"MSCI World, resident currency",0.010164081644060241,-0.02227555988315466,0.0026718872706279484,0.0028883138159401245,-0.02227555988315466,0.0003305655404020058,-0.02491736858504472,15,0.026999999999999913,0.018460714142311874,0.014169935603849382,-0.00991627081888169,-0.06601026389824349,-0.004988277586999379
UK,2018,-0.11756097543530342,0.04491686001887474,-0.0016491403764351126,0.03268535517836013,0.787680674254657,-0.04877892101086656,"MSCI World, resident currency",-0.0026046099459251515,-0.01756292682926819,-0.005476712867386713,-0.0054694476462566755,-0.01756292682926819,0.006222739238412656,-0.00581123920200638,14,0.02499999999999991,-0.0880665889038601,-0.09190761999210995,0.0017853235335945072,-0.01093998460260126,0.02892313128804891
UK,2019,0.16286836637729274,0.08759046868714604,0.13242937871463345,0.09320733865637698,0.762107990702283,0.2089456559987133,"MSCI World, resident currency",0.038508815416418374,-0.010709233791748485,0.04970640274095128,0.046819454497912805,-0.010709233791748485,0.00011240955816438358,-0.05738047199390379,14,0.018000000000000016,-0.0282412813564078,-0.028242768794388917,-5.033643403207222e-06,-0.0495069952294529,0.11554691444789067
UK,2020,-0.1024777042145062,0.09507163567016419,0.08152273659256018,0.08037425041598034,0.745156482861401,0.11839785896616295,"MSCI World, resident currency",0.0480914741193339,-0.008529236868186185,0.022640803402041554,0.023602816358379464,-0.008529236868186185,0.07603056681797082,0.04378428766078908,15,0.008999999999999897,-0.12666495111477039,-0.12497364992107762,-0.00489791713896115,-0.1400042064153686,0.20187438310639316
UK,2021,0.14723140852068628,0.11693374428635273,0.17559505918650065,0.11906668580435587,0.6948676912367595,0.08314326568862818,"MSCI World, resident currency",-0.07423196610162053,-0.024311091215122538,-0.05583808561614978,-0.054847252535482616,-0.024311091215122538,-0.0866097908682163,-0.055973984535257586,15,0.02582376,0.0527196923547526,0.047785087716489594,-0.0646718177027612,-0.0396709297958634,-0.15395219691848072
UK,2022,-0.034469354293866106,-0.13005969960451325,-0.15071338085183528,-0.1231425256385047,0.7762065811871903,-0.14914146805445028,"MSCI World, resident currency",-0.3004358533773829,-0.06574024787214883,-0.1912174646486028,-0.19071608198317103,-0.06574024787214883,-0.1980953848523429,-0.07302328516723282,15,0.09053559,0.09079431415833938,0.11559061887158006,-0.04319532740699539,0.2357317603550928,0.039968973346466985
UK,2023,-0.002375912455017337,0.12245992751849855,0.17139807481205954,0.11323193676954557,0.7690392623413413,0.15088382823044588,"MSCI World, resident currency",-0.03486857794486775,-0.022931175383989144,-0.03498185937935894,-0.03477544054303061,-0.022931175383989144,-0.05291312676929372,-0.04157019494323733,15,0.0730187,-0.05772813624776829,-0.05771322283315328,0.017003513512843016,-0.05701219888419373,0.0621268698856241
UK,2024,0.06757312510492319,0.13234391184089578,0.17195330016703647,0.12770102470992062,0.7477303713334467,0.12222513749482244,"MSCI World, resident currency",-0.03836975745637994,0.02371765148589766,0.006092082254301356,0.0054682847818718905,0.02371765148589766,-0.03833929435700789,-0.021394388182757577,15,0.026198990000000002,0.030503475437109184,0.028980163640250023,0.02171369326854866,0.0029803187294283884,0.185286136043753
UK,2025,0.22935402686840445,0.13810733615746562,0.16704624009813662,0.14406556656876046,0.7256062085592487,0.14160301591231295,"MSCI World, resident currency",0.020223082724180053,0.017770729936692042,0.007757032978934708,0.007666381695191848,0.017770729936692042,-0.005533920183953933,0.004216806705615203,15,0.0265082,0.10748103937192144,0.10305689347434721,0.015139307087717269,0.06931911512751898,0.5723665114701293
USA,1927,0.3746708842187094,0.18146192725169508,0.11242175182185668,0.289778235743114,1.0,0.2871986792716277,"reconstructed, resident currency",0.055107553585850066,0.057931033573274116,0.09352243164787599,0.09657622035616376,0.057931033573274116,0.12012694563833692,0.08242602615621711,15,-0.016949152542372947,0.27987673259426504,0.28057020706047187,0.06069651650102048,0.28322239232186974,0.015820895522387968
USA,1928,0.39868573034018784,0.2386247853586856,0.21171237149950126,0.33499977294913363,1.0,0.33232977340323533,"reconstructed, resident currency",0.03170606474343085,0.05783505580927173,0.08954423465592076,0.08859181557524365,0.05783505580927173,0.08480904536276634,0.053855319577899415,15,-0.01724137931034464,0.32415181121266823,0.322061858113722,0.05045226040342521,0.31491034974400356,0.006010050251256338
USA,1929,-0.03369330242276192,-0.13373658202924288,-0.143357842340359,-0.06956839279950822,1.0,-0.07142925601390915,"reconstructed, resident currency",0.03400000184774399,0.040735989809036255,0.058029702445006714,0.05859741730802215,0.040735989809036255,0.05511588979887372,0.037422441553123,15,0.0,0.18764430544875466,0.187133084600684,0.03785806464463959,0.1843601378342279,-0.005665551839464711
USA,1930,-0.21098271387065948,-0.1377210857650627,-0.13449730346926536,-0.18597719610204777,1.0,-0.18760524170984372,"reconstructed, resident currency",0.06842639071944956,0.06527083766406894,0.11046863026705589,0.11103219785438556,0.06527083766406894,0.09061759207912412,0.04425073458609898,15,-0.023391812865497186,0.13616867566119195,0.14214758321322774,0.10740235214556271,0.18110420315296616,0.05980071174377222
USA,1931,-0.34404796656025083,-0.20565545877297797,-0.19782106712813755,-0.29485245391562853,1.0,-0.29626274900779725,"reconstructed, resident currency",0.04252809545907543,0.14427125397579466,0.07708523838841064,0.07871398552224673,0.14427125397579466,-0.016121466996882328,0.0457415788131847,15,-0.08982035928143717,0.35376674498055816,0.3552906489800165,0.15094084355712933,0.3616574164856825,0.10187401574803157
USA,1932,-0.037741728942759734,0.15471264452133782,0.29242741732289906,0.04622515292609375,1.0,0.044132702620241604,"reconstructed, resident currency",0.30215522668657524,0.1479759079261418,0.28652942391485237,0.2598892560546804,0.1479759079261418,0.12346650005383575,0.006141916133454221,15,-0.09868421052631582,0.136874015766286,0.1372927078033499,0.16025907588768828,0.14903839516689743,0.109578947368421
USA,1933,0.6085833884202516,0.5409522055078564,0.19475079579366628,0.5724920002658818,1.0,0.56934701626535,"reconstructed, resident currency",0.04959279249350601,0.0862968596271596,0.1267254492898624,0.15193985986838743,0.0862968596271596,0.44295572714272247,0.386922875615952,15,-0.05109489051094884,-0.05885155930038999,-0.050062181024630226,0.030170519994877854,-0.10747843008525881,-0.008349344978165862
USA,1934,-0.05515052503280671,0.2532585633907094,0.0853002029516672,0.09716546523875302,1.0,0.09497113430827553,"reconstructed, resident currency",0.07566885149745817,-0.0028597100345945092,0.09457290953088182,0.11328472529642042,-0.0028597100345945092,0.263023406997007,0.15117261426149634,15,0.03076923076923066,-0.0384864171311482,-0.0384567291480441,0.008767156750223437,-0.027274965290006614,0.6504658057633383
USA,1935,0.42701517404430955,0.07863355232948832,0.14170119491678349,0.237096513363813,1.0,0.2346223203370854,"reconstructed, resident currency",0.023477626379823757,0.0004759546994725916,0.00556958371690186,0.003942135585553785,0.0004759546994725916,-0.013963988539560046,-0.017767019442175964,15,0.022388059701492713,0.02342013408034127,0.023312686108060365,-0.0020322077192309607,0.020854451310268196,-0.03292946058091295
USA,1936,0.3438782685523407,0.17467926007289702,0.18065483319662207,0.2585611223283517,1.0,0.256044000083695,"reconstructed, resident currency",0.05532878514030837,0.004658413997335131,0.04064708431175812,0.03952865087954982,0.004658413997335131,0.032477866400140165,-0.002441387264032115,14,0.014598540145985606,0.2801834653355415,0.2825030638176529,0.012372876775614161,0.290013600190437,-0.014225872689938468
USA,1937,-0.3312084772106674,-0.16542498912697035,-0.13222833680164947,-0.25316846869889464,1.0,-0.2546621317614969,"reconstructed, resident currency",-0.033361338751597525,-0.017003805311914144,-0.016103950353166918,-0.015719551355437678,-0.017003805311914144,-0.05863282789003743,-0.06105508559967515,14,0.03597122302158273,-0.08211891839341834,-0.08236776387049882,-0.011132956950033579,-0.07663696365801775,-0.03376095617529884
USA,1938,0.22330771608555566,-0.07866290685423549,-0.08782933592005704,0.060253685917633915,1.0,0.05813317854579858,"reconstructed, resident currency",0.08317968946822152,0.039676384088841,0.07126610116181498,0.06610192144526916,0.039676384088841,0.037362887812345535,0.010266499710376307,14,-0.02083333333333337,0.12363036395209326,0.12446600076770808,0.047570894586841384,0.13216235702209622,0.024573770491803426
USA,1939,0.038369303167187896,-0.026162523964693207,-0.008204215780856065,0.007687041080523871,1.0,0.0056716669983627455,"reconstructed, resident currency",0.07273644602877627,0.030896637615539957,-0.03702688143723554,-0.03565991804116553,0.030896637615539957,-0.0718043958231912,-0.006126978223165784,14,-0.014184397163120477,-0.09657755724403416,-0.09556936946401329,0.022205827566040615,-0.1041937163796457,9.876543209874633e-05
USA,1940,-0.10105093472770277,-0.019537532317314033,-0.07162180225304828,-0.06751810307635175,1.0,-0.06938306687019902,"reconstructed, resident currency",0.054781722782978104,0.0072665774263442895,0.08434375185001852,0.07859395506437017,0.0072665774263442895,0.0332128678263548,-0.03918687531925104,14,0.007194244604316502,-0.001849945505864925,-0.001855231581009642,0.0059249679692383594,-0.0031794123845751976,-0.014142566191445938
USA,1941,-0.14349025204068144,0.20690147858997077,0.05517325246246385,0.008201227605892702,1.0,0.006184825150680862,"reconstructed, resident currency",-0.036738816648721695,-0.034680209699131215,0.023074307726135057,0.024816962225496786,-0.034680209699131215,0.04908618813593857,-0.00971449838133992,14,0.050000000000000044,-0.058819573221437604,-0.05653411057277091,-0.07583315048804296,-0.0989434189812235,-0.09269758812615958
USA,1942,0.04082276557852138,0.04948359705591243,0.040845039782544466,0.04533754687394209,1.0,0.04324687178019415,"reconstructed, resident currency",-0.08012269978965725,-0.08723624581413958,-0.0586038358367974,-0.057352368896465555,-0.08723624581413958,-0.04245530453994695,-0.07183823686951833,15,0.10884353741496611,-0.0781175055853518,-0.07747385674553331,-0.07087970183543024,-0.061597555604926635,-0.08699999999999986
USA,1943,0.19655001318523646,0.008381868774897772,0.02310483942907366,0.09678754269381606,1.0,0.09459396760842842,"reconstructed, resident currency",-0.03519075124852933,-0.048585703542639136,-0.031025299987269328,-0.030511256079839066,-0.048585703542639136,-0.018879759826632703,-0.036620647304955636,15,0.06134969325153383,0.1588384062525685,0.16629627639200262,-0.019568422192413393,0.19418193661456473,-0.0351762767710051
USA,1944,0.17646302037279704,0.04843950541132469,0.07471109174326736,0.11526973442956501,1.0,0.11303919496070591,"reconstructed, resident currency",0.007528409457087992,-0.008155516650400818,0.015755035349632518,0.014741455876215781,-0.008155516650400818,0.006184372487705092,-0.01665447393170911,14,0.017341040462427904,0.06622181648024306,0.06596079360891993,-0.011389603351630306,0.06274520915406812,-0.024883870967741806
USA,1945,0.3427650451660156,0.012673918008285101,0.012506901638324575,0.2072431201360112,1.0,0.20482863389573924,"reconstructed, resident currency",0.08334791925218377,-0.013291578657097292,0.02906229588535636,0.023584840010183683,-0.013291578657097292,-0.07450044622536467,-0.11398023594476833,13,0.022727272727272707,0.17197213547785872,0.17198275561412357,-0.013237632217602213,0.1720362108648006,-0.025993690851734863
USA,1946,-0.15628744776432324,-0.2750862004207373,0.08365948862528506,-0.20028422493771303,1.0,-0.20188365648783757,"reconstructed, resident currency",-0.07796316353890753,-0.06823392498951686,-0.06663985530757777,-0.0697187438845559,-0.06823392498951686,-0.34586489595488734,-0.35020128868149275,12,0.08333333333333326,0.41386907414696017,0.37998788863300614,-0.1458067950930625,0.29615939896803867,-0.15692389853137534
USA,1947,-0.08279218665019294,-0.25556456429253527,-0.12167051403193024,-0.16596412668448723,1.0,-0.1676321984311182,"reconstructed, resident currency",-0.15123382992541323,-0.11674979084376003,-0.1584218985718494,-0.15974406910028183,-0.11674979084376003,-0.18394519816439514,-0.1416332410997789,12,0.14358974358974375,-0.0570616969554848,-0.05189243392074494,-0.07460156340503099,-0.012065185609763662,-0.08689840881272937
USA,1948,-0.0039012074933244545,-0.10858944792410863,-0.21297938055064722,-0.053928458748362385,1.0,-0.05582060183086568,"reconstructed, resident currency",-0.04192946686227306,-0.060327981371767425,-0.08236791200103499,-0.07836025847749128,-0.060327981371767425,-0.1253938151379561,-0.10912947093712481,12,0.07672214344354056,-0.10155455928485324,-0.10103250980063838,-0.016410018909050028,-0.059563425827745986,-0.03011680572109654
USA,1949,0.17545245757798433,-0.14011889293223012,-0.05462521375298386,0.04052633114154691,1.0,0.03844527847926371,"reconstructed, resident currency",0.07210923321807217,0.020806983432346327,0.024953021856203073,0.03824206882276049,0.020806983432346327,0.05105659235631865,0.034999721236740194,13,-0.009807998890968395,0.19089052466861078,0.19288327027861207,0.031435476496074255,0.20328990269651248,0.015363304981774073
USA,1950,0.2694433512450294,0.13613792661196022,0.06202416518187208,0.21871842697681565,1.0,0.21628099012286195,"reconstructed, resident currency",-0.0112594872849765,0.00042680876585943217,-0.011337602946512648,-0.00936707839536921,0.00042680876585943217,0.007810273744402796,0.017716971586403903,14,0.010640159602394172,0.11863062102510047,0.11490601442985571,-0.044909057796571394,0.06793816844078338,-0.05888863375430542
USA,1951,0.16425398947552527,0.05974268399958049,0.07934999510918922,0.12818928092297965,1.0,0.12593290236113375,"reconstructed, resident currency",-0.10808717544516622,-0.06251513973730394,-0.07885764050403588,-0.07508206949214491,-0.06251513973730394,-0.05548798530400678,-0.04165839918753913,15,0.07941125541125515,-0.08476035320397501,-0.08464850652431166,-0.044855439335450886,-0.06751969296143345,-0.05909327548806953
USA,1952,0.1463877995310343,0.0944573461491156,-0.02947065912975245,0.1283906501556178,1.0,0.12613386885530664,"reconstructed, resident currency",-0.011333081902120679,-0.009430111421171894,0.013614851818694929,0.017388228607812195,-0.009430111421171894,0.09200991711413642,0.0677603258728654,15,0.022843942505133663,-0.05141788510192291,-0.05163190332977208,0.003226921042449371,-0.03929735250638755,-0.012567741935483823
USA,1953,0.0016133766427675056,0.23651489989798624,0.1988864509288579,0.0773800876523274,1.0,0.07522532747702271,"reconstructed, resident currency",0.02819500499952987,0.006570557410350952,0.03227931943849871,0.033856010198158426,0.006570557410350952,0.06606027340308951,0.039930284991841695,15,0.007590966122961174,-0.0672216480558111,-0.06722951687513345,0.006703548557218442,-0.06709840655834731,-0.010384615384615326
USA,1954,0.4651078793619292,0.48489271211397056,0.4591010890067091,0.4723476634473387,1.0,0.4694029681204439,"reconstructed, resident currency",0.06284436212029942,0.011527380161749923,0.03135922531218438,0.03239609319370307,0.011527380161749923,0.05509904104234953,0.03520452314681847,15,0.003611232177324064,0.49360416247468053,0.4971109218102774,0.018564239040369523,0.5039946688692505,0.00027467811158787825
USA,1955,0.34776507212314534,0.13409681609998025,0.09421669117524671,0.27205278755369755,1.0,0.2695086819785901,"reconstructed, resident currency",-0.009618100357524306,0.018874244995518152,-0.006155210561463731,-0.006226472410324924,0.018874244995518152,0.01827659829344297,0.044433443244300715,15,-0.0025746014020719965,0.4236689631435333,0.42084308027386874,0.011922977581826144,0.41395598460865246,-0.007195721925133736
USA,1956,0.04650851688351332,0.0039514448905761945,-0.016610592932623857,0.03248895938637464,1.0,0.030423981467601946,"reconstructed, resident currency",-0.07099612533645194,0.00386779639470225,-0.027669895175289616,-0.027734724661257926,0.00386779639470225,-0.02590548176814922,0.005908586801559997,15,0.014741097807494885,-0.01911150115227045,-0.018778910806398152,-0.012271588679896195,-0.03488144342455346,-0.031954261954261876
USA,1957,-0.1227844380675327,-0.03118421287252393,-0.020976716344211166,-0.09367617882097301,1.0,-0.09548882646333101,"reconstructed, resident currency",0.04212230670722783,-0.00945125296679905,-0.03296069985742334,-0.03268373235487232,-0.00945125296679905,-0.030233499671565522,-0.00629896870168621,15,0.033926874865916945,-0.16398672244589663,-0.1637597739637524,-0.011143687996010843,-0.16541512075547649,-0.033146316851664914
USA,1958,0.3333005940167395,0.22547123057680385,0.22209992790267444,0.2954664790454826,1.0,0.29287554608739175,"reconstructed, resident currency",-0.0765438797404634,-0.0017094638117031158,0.04653528400854001,0.048392621379332645,-0.0017094638117031158,0.06818496293812704,0.01923460294169542,15,0.02730021342186406,0.05826572769790417,0.05906741462078147,0.006882515564111014,0.06737389508695801,-0.02079761904761901
USA,1959,0.12783232548488677,0.42055151333091123,0.4175258187534606,0.22444030562285477,1.0,0.22199142501160907,"reconstructed, resident currency",-0.034633489403492534,0.019145280532027575,0.03344454002927644,0.03405919180034389,0.019145280532027575,0.04002736884315228,0.025506113039822833,15,0.009319906512393006,0.2046336304474845,0.20289263342433106,0.010506777644549326,0.19442288690212695,-0.01860410557184744
USA,1960,-0.019875119909145256,0.09390154270641804,0.08013452776692838,0.025689898864606375,1.0,0.023638519066877084,"reconstructed, resident currency",0.11474352653453312,0.014378498547133134,0.012401816136671462,0.013403131089139153,0.014378498547133134,0.03158733476689668,0.03371000602028261,15,0.014922813036020388,0.00766061597836476,0.007628263431548321,0.012803101551821738,0.006095652299639598,-0.019337824831568762
USA,1961,0.28483912145258894,0.07368096844517824,0.04077400914568479,0.19519844307899814,1.0,0.1928080461928401,"reconstructed, resident currency",0.0005052556917024553,0.020000807212866123,0.006668482749893956,0.007397696958407307,0.020000807212866123,0.025909742589552698,0.039540358866901514,15,0.010703622331136309,0.006194900945953208,0.006266516659591215,0.023604783271376606,0.009750096498311045,-0.00971866028708146
USA,1962,-0.10765110932613964,-0.06913339663783202,-0.08725501420405983,-0.09267196527554467,1.0,-0.09448662134499353,"reconstructed, resident currency",0.06418165549391297,0.023664238933907455,0.08918156473916938,0.08943244956775276,0.023664238933907455,0.088934803692307,0.02319823792988842,15,0.011760771417423488,-0.14409271861314332,-0.14336446293907767,0.01825126995188109,-0.14861861625557993,-0.01623818525519849
USA,1963,0.2053265281872858,0.10612696462863891,0.07342609226852354,0.16366895198435572,1.0,0.16134161408038694,"reconstructed, resident currency",-0.018575072608142174,0.02506569959750249,0.03317229218582196,0.03363857421321459,0.02506569959750249,0.03741182802707255,0.029288305464004412,15,0.012560599382988036,0.07550748252596984,0.07497619922470178,0.01837742808505438,0.0684900922653966,-0.020661710037174652
USA,1964,0.1504899174757537,-0.030279977214383247,-0.050382488834448964,0.07887898088448253,1.0,0.07672122292271366,"reconstructed, resident currency",0.03655507928388113,0.025752919793436302,0.0064599898871353645,0.0065060593002699285,0.025752919793436302,0.010945972026580542,0.03072368682833493,15,0.013220892274210971,0.2641528243882352,0.26449134368793836,0.027000180476569158,0.26568996660338806,-0.014985294117647041
USA,1965,0.1074571069787833,0.00420431668307808,-0.024376099287333464,0.07130915910653624,1.0,0.06916654078832307,"reconstructed, resident currency",-0.020337424436334683,0.027224939790123193,0.01837019013187091,0.018265245234752925,0.027224939790123193,0.019122503867668117,0.028274808508664137,15,0.015786930140149424,0.13799974071618548,0.13866443915869975,0.03155536016230376,0.14279714882987515,-0.014865454545454515
USA,1966,-0.10873207594545875,-0.04633840920741095,-0.0584931547172716,-0.08854444977476772,1.0,-0.09036736087521824,"reconstructed, resident currency",0.013696804593344547,0.024215686265042224,0.004531014663557986,0.004367546784335152,0.024215686265042224,-0.0020079333289402257,0.017707051292688836,15,0.029893746365702745,0.07581711631625732,0.07461918188302263,0.010884962315295343,0.06181477170237715,-0.0448125544899739
USA,1967,0.17495522836546473,0.12657811210376857,0.20573924409713257,0.15884328463140318,1.0,0.15652559806214028,"reconstructed, resident currency",-0.07685916635967072,0.021756993369961064,0.0195737156675706,0.018675131810407475,0.021756993369961064,-0.021022022419419417,-0.01958919175350243,15,0.027845502373925246,0.0868834369529603,0.08659676034012098,0.01912916025527034,0.08408810664842892,-0.033492385786801915
USA,1968,0.10292200537141882,0.27791506485470685,0.28436119682600164,0.15951974655885803,1.0,0.1572007070657404,"reconstructed, resident currency",-0.04186153653674529,0.015487339762513264,0.027196151148094927,0.02664571017327244,0.015487339762513264,0.017687539375417227,0.006370302421472118,15,0.04244694132334614,-0.03480092092260112,-0.03480826524364333,0.011003722479790534,-0.03906250361572616,0.13933934172537255
USA,1969,-0.1604813634807657,0.014187157203701783,0.021820845083879728,-0.10071314851439028,1.0,-0.10251172221736149,"reconstructed, resident currency",-0.1040722672649399,0.02203879742352144,-0.03742635857733545,-0.037564103772216084,0.02203879742352144,-0.05206159382101194,0.006642045263029843,15,0.05437125748502969,0.19312232016510378,0.19108530721045258,0.01323387456286551,0.18284350294322937,-0.211697411782669
USA,1970,-0.03400650757291579,-0.08819994346052196,-0.08672280649823816,-0.05517731693501182,1.0,-0.09502628631846977,"MSCI World, resident currency",0.07849412764558683,0.015870977988368118,-0.0027223321867508865,-0.0028840652372128517,0.015870977988368118,-0.008500354099186591,0.010130322579099774,15,0.058836892321671774,-0.041935759446080634,-0.04184437637476823,0.020938455464238448,-0.03715663978950989,0.0018766557419620522
USA,1971,0.08932812544434743,0.27284118601486984,0.12059001479975084,0.1568044420297925,1.0,0.17407797934665692,"MSCI World, resident currency",0.13181040314869286,0.007468723223079232,0.05332933360247005,0.06040483775917305,0.007468723223079232,0.13499932879898258,0.08622846838519875,15,0.042265608238575725,-0.11751918392146665,-0.11819965049100456,0.017643971771362565,-0.10860629021498613,0.12576180958202943
USA,1972,0.17804104957016031,0.2624950467672764,0.23265185245999664,0.20916185641642304,1.0,0.2056459020147834,"MSCI World, resident currency",0.022074312504803517,0.013487376024672315,0.03207353874458607,0.03376094451409739,0.013487376024672315,0.04708598244141826,0.02752152465647851,15,0.03272951832029625,0.12574192728755085,0.12544305921455035,0.01154035341542925,0.12357925112951218,0.4327542236760791
USA,1973,-0.21380169158010065,0.025001684872975716,-0.07648676404414301,-0.1137554753903488,1.0,-0.23490429831787318,"MSCI World, resident currency",-0.094976240259256,0.020300571639191967,-0.05144955133670437,-0.05276393914987876,0.020300571639191967,0.019187016359622167,0.09707393155336312,15,0.06258720350807279,0.5089942625890667,0.4951296941261274,-0.005739170208360234,0.4704822572648628,0.5812805033370305
USA,1974,-0.3283359392465227,-0.305151914294976,-0.3497227869166607,-0.3187432435430143,1.0,-0.3216588306024447,"MSCI World, resident currency",-0.07617728735674967,-0.006908297785515161,-0.0814924064187379,-0.08025045954227117,-0.006908297785515161,-0.0280988027160185,0.04988845384659315,15,0.11011067341962089,0.24637977532546151,0.24241084853194073,-0.018682411153460032,0.2316026739344499,0.47626888850657867
USA,1975,0.2619999215355191,0.14152862543104883,0.1659922673250326,0.21208095584798947,1.0,0.26507042291147864,"MSCI World, resident currency",-0.024116175758209235,-0.024783728151410722,0.011702186889410493,0.005293006583975357,-0.024783728151410722,-0.05109954135929318,-0.08468280858075161,15,0.09141601892531259,-0.14484898664288104,-0.1457831567060176,-0.002214119066057396,-0.1250580698610798,-0.3008409938279626
USA,1976,0.15910577921052838,-0.04586939458980732,-0.06585255316135553,0.07314601310454916,1.0,0.10372959262333126,"MSCI World, resident currency",0.10932336637937823,-0.00478898779329906,-0.01307990339391385,-0.011396338554575558,-0.00478898779329906,0.006539451881929947,0.01390723668740203,15,0.0577488775352224,0.12977810994477612,0.13166678844602098,0.0049242743921680265,0.14080474737010218,-0.09062983337891817
USA,1977,-0.11647261187110525,0.21613611445903835,0.030423180667852934,0.004770911542420819,1.0,-0.01697642195693172,"MSCI World, resident currency",-0.047563461306693644,-0.007783651909134659,0.00930290784314014,0.022045798802419192,-0.007783651909134659,0.06428063353787228,0.036186535857887635,15,0.06469555035128804,0.2445019840143896,0.2433564260413119,-0.011551278487003214,0.23977638282851466,0.14502292864328914
USA,1978,0.001996600417771832,0.21373395593509104,0.07072751971045918,0.0843483151564548,1.0,0.09158356376861354,"MSCI World, resident currency",-0.09843946362540223,0.005498016106319614,0.009601547241226083,0.016201544396721612,0.005498016106319614,0.10793246015349056,0.10571691796341805,15,0.07629914764916124,0.28155892565500884,0.2762143736455318,-0.010424790546951224,0.26126448980221784,0.252084808174486
USA,1979,0.07817731551298035,-0.05157544643687906,0.026503882612264686,0.023958479015253165,1.0,0.027478352322615196,"MSCI World, resident currency",-0.10113344957509363,0.015913386044539957,-0.06627624310343305,-0.06565462833501678,0.015913386044539957,-0.07616906078407226,0.005542966691650212,15,0.09482758620689635,0.4041594604906562,0.38785805269853735,-0.02032579690849734,0.3540709467620575,0.9923437929301375
USA,1980,0.1650751938414705,0.11287441611569449,0.04851174869513528,0.14416400085148573,1.0,0.14927721456946563,"MSCI World, resident currency",-0.12897714842946206,0.016799403235820298,-0.0344269044413007,-0.03716719664920021,0.016799403235820298,-0.09347281329037749,-0.04486069482476395,15,0.11198600174978135,0.1889851230866071,0.18462623222603436,0.000695567814542164,0.1701542497800319,0.02110383971744212
USA,1981,-0.107281264680954,-0.10572044939867653,0.03346961710597123,-0.10672126446164287,1.0,-0.11355292979170994,"MSCI World, resident currency",-0.0868780254480519,0.059113331605083586,0.008740251656603526,-0.0028133729486965464,0.059113331605083586,-0.15952046549314247,-0.11591055166530762,15,0.09441384736428016,0.0925237518251869,0.09422620885445232,0.06875376114405274,0.10246829499617993,-0.38361419432115207
USA,1982,0.11421685537039217,-0.07506677201597822,0.035763121467181504,0.03688189069733294,1.0,0.06609247045635724,"MSCI World, resident currency",0.28576978626897764,0.058771012127399436,0.1470609795950628,0.12089471525777284,0.058771012127399436,-0.019795461953175608,-0.09758935358119758,15,0.06038820992092031,0.18820474064897197,0.1946227935712721,0.08419578734237465,0.2167376699550616,0.10265185390970011
USA,1983,0.17980901428022378,0.18415716070993993,0.2604207469232514,0.18154328752495408,1.0,0.18785860375439878,"MSCI World, resident currency",-0.028789887512986834,0.045990463767699774,0.09427715705155038,0.07659792542077315,0.045990463767699774,-0.02984576480723189,-0.07186753508145703,15,0.042711864406779654,0.10797139994144067,0.10855543747328911,0.04999397713684739,0.11221214444719929,-0.196820367535394
USA,1984,0.004606997815150615,0.04633926588397941,0.1965650748631204,0.022028832536522547,1.0,-0.005267438048441875,"MSCI World, resident currency",0.10395979645026032,0.05955911713295392,0.08978328923809675,0.07457650401063098,0.05955911713295392,-0.0447040456678891,-0.07108795547983164,15,0.041612483745123274,0.06341574037474684,0.06371711712819739,0.06256920408590982,0.06643678355573668,-0.22820762186344035
USA,1985,0.26478400558467086,0.5205913361185879,0.23262134973176854,0.3929100010675566,1.0,0.36520279742416983,"MSCI World, resident currency",0.25039906126228395,0.04461131807400953,0.11278256964894195,0.14785406615892294,0.04461131807400953,0.33796652333829225,0.25305017947483904,15,0.03433208489388262,0.28075054016210776,0.27984364073760437,0.041566294338919674,0.27701717472173226,0.01719964197351964
USA,1986,0.21785596622903158,0.5154858472779775,0.27732381926060234,0.35763925301743793,1.0,0.3993470452866872,"MSCI World, resident currency",0.23799981666488002,0.046861667959362086,0.10693449608537509,0.12803786561234132,0.046861667959362086,0.2929295336835931,0.22509593503793043,15,0.017501508750754402,0.22556839118015048,0.22752402116129522,0.05503815580608573,0.23514066358491514,0.17090610714756105
USA,1987,-0.028551493887789547,0.47163050412244023,0.1874258069975472,0.2384566143242426,1.0,0.11928047193365643,"MSCI World, resident currency",-0.06336402338117775,0.033069748961187306,0.022988541343728297,0.039473252065707065,0.033069748961187306,0.24002270309365015,0.25111722442282425,15,0.03440094899169632,0.16353437450174502,0.16152512715417244,0.0219249880214456,0.15098216061489622,0.18879219531846791
USA,1988,0.14634880388911164,0.08617871294399837,0.13487989858425156,0.1128087589094866,1.0,0.19801080393544757,"MSCI World, resident currency",0.03719903819786641,0.039716436576632264,0.06906070284896715,0.06360202632338785,0.039716436576632264,0.01234153123568471,-0.014182890199739832,15,0.03612385321100908,0.1201248168136535,0.11881282276424687,0.030389429819428715,0.1100764888582626,-0.19160535297676506
USA,1989,0.24627381029083506,0.08639519829166686,0.2030150169692741,0.1501701921057692,1.0,0.11170667270605761,"MSCI World, resident currency",0.1330585421348427,0.04515692234149915,-0.004702493992382095,-0.0038921161850385966,0.04515692234149915,0.0013430673828305206,0.05155565697446981,15,0.043718871057000674,0.05176326484486937,0.05158567370384892,0.04313487985098852,0.049728441206415175,-0.07519116035733364
USA,1990,-0.06820780546519722,-0.08998807210058057,-0.16657731208866863,-0.08160553945421845,1.0,-0.22544652219788808,"MSCI World, resident currency",0.004763061268242774,0.03065277642074893,0.0009647537572290421,0.011390640537082719,0.03065277642074893,0.14322876508597826,0.17770648074564105,15,0.049310710498409405,0.05075520562720737,0.04981993433531495,0.019629465469601426,0.0395168898431173,-0.09179237819928221
USA,1991,0.17610081525356946,-0.018281967342876793,-0.04808644582295503,0.06885381217821229,1.0,0.1666582581867766,"MSCI World, resident currency",0.12951360519399668,0.02119680694774395,0.09259292140589648,0.0976046558031789,0.02119680694774395,0.12083592554538325,0.04707358612416342,15,0.036382011116725455,0.011953444623074905,0.012403365319624937,0.0295655869605842,0.02024647462832796,-0.11559592453578293
USA,1992,0.12522103089474124,-0.17663917601717005,-0.11218058359116426,-0.024211376637596205,1.0,-0.07123093506692224,"MSCI World, resident currency",0.04696622159824715,0.01166079601682335,0.051128580946584457,0.04411538392188086,0.01166079601682335,-0.004014096756981611,-0.04043935321306802,15,0.024865919063871367,-0.020602330124620094,-0.020603915331456002,0.008383806062487231,-0.0237748127770252,-0.08816326063595137
USA,1993,0.071437537435036,0.25137369403118015,0.23905993122169752,0.15233034443606286,1.0,0.199880508944974,"MSCI World, resident currency",0.12600419486758319,0.006367050114751027,0.1720468881402455,0.16208081144313558,0.006367050114751027,0.13227869960944805,-0.026348092213037053,15,0.025214081826831602,0.176749995461027,0.17634477584559227,0.004321478172269577,0.1743580980178865,0.1400269917748591
USA,1994,-0.015388112139507193,0.06722365828950161,-0.027944946204379154,0.02390157704092899,1.0,0.020150786264184983,"MSCI World, resident currency",-0.09468934287063102,0.02489025113596144,-0.1123758908296798,-0.12253001597128987,0.02489025113596144,-0.005714918546261827,0.14860763031932284,15,0.02088167053364276,0.02478806629642305,0.024485080504646595,0.016542435122898214,0.016441082587344447,-0.050278780089130115
USA,1995,0.34796093846764276,0.03167624926559198,0.023562287661529596,0.1936642585909938,1.0,0.17464029690385807,"MSCI World, resident currency",0.26111851075041614,0.03425063189537414,0.19043196368171444,0.2026557370768456,0.03425063189537414,0.2575915673492932,0.09260987046911355,15,0.024090909090909163,0.2101965424817802,0.21002492975653775,0.033488873052366586,0.2093051938187167,-0.01908767013026269
USA,1996,0.20162607362220863,0.12721719666226905,0.19205236579051463,0.1691555684720616,1.0,0.09771851910355611,"MSCI World, resident currency",-0.03876378268834535,0.02656147831473521,0.11489980288375778,0.10790936422290365,0.02656147831473521,0.050360597482445923,-0.03228479597971204,15,0.026631158455392878,0.18582311064057522,0.18453972406647323,0.020154971252071885,0.17842269255177268,-0.08074223573323402
USA,1997,0.2878287326996982,0.02765051749141878,0.144353857821858,0.17983184051984447,1.0,0.13830897353182614,"MSCI World, resident currency",0.11957597245718032,0.03381050273561659,0.12338054678298138,0.10713614103161673,0.03381050273561659,-0.02299078264247867,-0.10088967113450886,15,0.02161694768698652,0.23163514805682928,0.2327219586006848,0.038183713171633826,0.2368451934844924,-0.23028865583134628
USA,1998,0.23666892804532047,0.14675310985586165,0.09510680832953056,0.2012599225115983,1.0,0.22380264241112702,"MSCI World, resident currency",0.10587973194605116,0.040575088476587196,0.15284555791567778,0.1560595028196694,0.040575088476587196,0.17756824426270978,0.0627791253189371,15,0.013542107490478239,0.2781656286244798,0.2775816488878353,0.0384762766424287,0.2755876030912152,-0.027858612265115323
USA,1999,0.18922188475983903,0.21225794908230622,0.286136947614979,0.19809685576198266,1.0,0.21671701173529856,"MSCI World, resident currency",-0.11155004052784934,0.03133830815273431,-0.050143757681906376,-0.044418348125827456,0.03133830815273431,-0.14188843811684027,-0.06918189294536058,15,0.02129436325678502,0.03312516929720388,0.0328313234094586,0.025016298269186832,0.026792206117607353,-0.021704301353082323
USA,2000,-0.0879792220575295,-0.11527728844060747,-0.008966099235273658,-0.09997930156193113,1.0,-0.1605738807879532,"MSCI World, resident currency",0.16387007992085656,0.02962027217334029,0.07744526764045867,0.06919738333943615,0.02962027217334029,-0.024739170932583487,-0.0682330388048122,15,0.033932951757972285,0.027238057378007774,0.02722284942469444,0.02935847551351123,0.02697686643262842,-0.08950294863945585
USA,2001,-0.15206605778639715,-0.23456558214583967,-0.17379289062235284,-0.18723036538120819,1.0,-0.18137473029433404,"MSCI World, resident currency",0.0063494811137447815,0.008164477093099975,0.014572452516823375,0.012287767349158596,0.008164477093099975,-0.03774277246518587,-0.04351355303244545,15,0.028469750889679846,0.10321293671644427,0.10562308143960641,0.024736810195639336,0.12134768822347164,-0.012398266238120348
USA,2002,-0.21301158305531098,-0.1506489598550339,-0.25615809591634064,-0.1874848443635757,1.0,-0.21826472419410903,"MSCI World, resident currency",0.1410541799283227,0.0014719585743561137,0.08000232338613844,0.09976098669702882,0.0014719585743561137,0.27929717603754023,0.18722450247386244,15,0.01576316801230293,0.059304319003336214,0.05880358798238294,-0.00596150761007852,0.05144158978069657,0.220404100927446
USA,2003,0.19402943801915185,0.3258046670524495,0.14728655917406264,0.24579103922511591,1.0,0.30453193761812236,"MSCI World, resident currency",-0.002432601159641168,-0.010952995093932327,0.004751446552469396,0.011820456690650571,-0.010952995093932327,0.1895857091591413,0.17161822036809996,15,0.022710068130204375,0.1686901431595198,0.16947744098668927,-0.006956332666097742,0.17341272961069643,0.17026400810519982
USA,2004,0.09804543533840704,0.2175238282183558,0.1611918015185713,0.1435173427557188,1.0,0.11008737557264014,"MSCI World, resident currency",0.040924920917631225,-0.011084231718166415,0.052030219774645836,0.059002628558849635,-0.011084231718166415,0.1339377348671611,0.06566344322664448,15,0.02701702442635079,0.14176786455671708,0.14072084881222247,-0.017486342515833142,0.13437620936366912,0.00859022764395112
USA,2005,0.03585817901441657,0.05159451539582505,0.21764893128326146,0.041805138635311545,1.0,0.059514460744425346,"MSCI World, resident currency",0.04078206419685082,0.0012020759476669696,0.04821332044830684,0.03908057468325854,0.0012020759476669696,-0.08625650623143666,-0.12677048539130384,15,0.03387387387387375,0.05136382679714724,0.05120760774413258,-0.0006986459582450921,0.049367875825126584,0.13507999348894484
USA,2006,0.1061561522825516,0.2939092285041449,0.22006548950602628,0.18789763941628634,1.0,0.17110888153734494,"MSCI World, resident currency",-0.030869375714086655,0.018517597716183554,-0.017430760895998043,-0.017833158039087027,0.018517597716183554,0.05728228112240119,0.09632693401633009,15,0.0324154757755315,0.16326022296061216,0.1644908980398787,0.024767261591463807,0.17039803325401204,0.19683310740815418
USA,2007,0.03457492218155345,0.1147422859980951,0.05031478495513935,0.06941193658870981,1.0,0.047376710570449454,"MSCI World, resident currency",0.05614382460547063,0.02365332456869429,-0.004885220991321493,-0.004716391720852919,0.02365332456869429,0.07563968708583646,0.10747273967916278,15,0.028359216745442284,0.2055601913363505,0.20296060151451067,0.011644528236934182,0.19141738883088721,0.262090868976532
USA,2008,-0.41020352469943877,-0.3919818813314858,-0.37456566607540365,-0.40233302843548113,1.0,-0.40702406086727005,"MSCI World, resident currency",0.20071420381614158,-0.008436957759935138,0.09203662564450665,0.08022652352321469,-0.008436957759935138,0.021491059441749893,-0.0705470978941299,15,0.03841103086014441,0.26182801438796655,0.27532302791454777,0.03138761247384991,0.31250735220235915,0.039236719474163406
USA,2009,0.29534534334682583,0.2594600381231371,0.16468792808229948,0.27969869720294027,1.0,0.2643126078682194,"MSCI World, resident currency",-0.14924743639655058,0.00906757834508709,0.003305041218450322,0.002362390119643454,0.00906757834508709,0.07331043015032002,0.08141697674681032,15,-0.0034777110338287676,-0.05326671809149297,-0.05079354118651147,-0.019834602641820354,-0.08038349128613309,0.21127123536576575
USA,2010,0.12010430515779835,0.07581124802581152,0.06411433262392689,0.10130137562781316,1.0,0.10180570120006571,"MSCI World, resident currency",0.08320463540848722,-0.013163628432197427,0.020581768301649594,0.021167766588495507,-0.013163628432197427,0.012940468767296043,-0.021121786414438456,15,0.016497461928933976,-0.002853752403032872,-0.0028322841582753,-0.011732246102603261,-0.0014074158471926168,0.2689986029181377
USA,2011,-0.008524362875906855,-0.11696521660477899,-0.10633516289521062,-0.05286429196506748,1.0,-0.08351613708407268,"MSCI World, resident currency",0.2150861120079719,-0.027619122872171498,0.049993353089675674,0.049853008994147796,-0.027619122872171498,0.04124773626257361,-0.036241883861345636,15,0.031523096129837835,0.052708424822128785,0.05285156271397984,-0.025979726392153846,0.054483250434944175,0.05270047323190119
USA,2012,0.14483198106288908,0.0977458393758388,0.10350552791766898,0.1259312284533971,1.0,0.14877231915558475,"MSCI World, resident currency",0.010888617485761642,-0.017974333244686336,0.10119321197768527,0.10404531591062605,-0.017974333244686336,0.12456031699990655,0.0029339327047620102,15,0.021180030257186067,-0.07064765603142387,-0.07082802976808278,-0.014131120381582707,-0.0670105831894312,0.059650678191806916
USA,2013,0.27672151601227535,0.27458872538588985,0.3273035794224496,0.2758853286284273,1.0,0.24486772044097793,"MSCI World, resident currency",-0.1450856838130603,-0.01254562078975141,-0.03623799095853386,-0.03583681070574307,-0.01254562078975141,-0.03065510409441452,-0.007634889736655448,15,0.014814814814814836,0.04727490188847816,0.047242250370398864,-0.01307117198017016,0.04671751252146428,-0.28699655605254604
USA,2014,0.13888021709331655,-0.06154761647736373,0.05243508451913419,0.05953608140578304,1.0,0.03427167626882888,"MSCI World, resident currency",0.22318280624942877,-0.015767298321260448,0.16102104519133786,0.14183860704967022,-0.015767298321260448,0.03532038177227759,-0.12268733319004821,15,0.016934306569343027,0.15856398739457123,0.16034264251303765,-0.006284064445272408,0.16972693009503237,-0.009230564643794903
USA,2015,0.019273513583714763,0.015882178306645844,0.0738912872208439,0.017962355780352768,1.0,-0.015110731216547046,"MSCI World, resident currency",-0.02054440582480177,-0.0004219260497774213,0.00841245417473191,0.007477388481441638,-0.0004219260497774213,-0.07415791738535504,-0.08233198605310668,15,0.0017226528854434875,0.07590425706108106,0.07554832139122714,-0.00531491867575451,0.07063764334350231,-0.13013312811198385
USA,2016,0.02329518408190423,0.006515401860246239,0.05739955524470761,0.016290787595183875,1.0,0.049049593151024196,"MSCI World, resident currency",-0.010484216433944926,-0.00878438030560258,0.03286776145076953,0.0312030746667189,-0.00878438030560258,-0.004175666834448921,-0.044087604728862716,15,0.012897678417884695,-0.07477041852039412,-0.07439568618665648,-0.014283553872012966,-0.07990350758420672,0.05507608456343349
USA,2017,0.16790912951293757,0.2458912031777507,0.15371484338320282,0.19952791871063358,1.0,0.20102862840847768,"MSCI World, resident currency",0.0035850013753302434,-0.011263157894736864,0.013965279797248709,0.016572875258992203,-0.011263157894736864,0.10459015675445782,0.07671075321120263,15,0.021505376344086002,0.02993194093521656,0.03000320778673471,-0.00991627081888169,0.03133494521419378,0.09871695646823575
USA,2018,0.11489757762495523,-0.16635667898804862,-0.1297983524977404,-0.02909123238309752,1.0,-0.10568220910516446,"MSCI World, resident currency",-0.04052685137803891,-0.005932125473228855,0.006297173839944881,0.005319739178898386,-0.005932125473228855,-0.05397082005357057,-0.06528491017649843,14,0.02437673130193918,-0.07727046094406831,-0.07762722062338179,0.0017853235335945072,-0.07010684732448147,-0.03262839512344651
USA,2019,0.0623882794166466,0.19492769095806906,0.20464875631043405,0.12975928078635568,1.0,0.24936736750191835,"MSCI World, resident currency",0.09876037030264362,0.003420132802124831,0.0646986447459077,0.06290252005774133,0.003420132802124831,0.033551675491535926,-0.025863509730721528,14,0.018117901568415418,-0.014362313063664534,-0.014362548392459984,-5.033643403207222e-06,-0.01772677927515509,0.15284579163096157
USA,2020,0.1114791177744816,0.09105005121334786,0.025155395616723437,0.10115006954319572,1.0,0.13990487990932166,"MSCI World, resident currency",0.10486387243887241,-0.008576337880377816,0.022592221619562425,0.024155813496973266,-0.008576337880377816,0.09672285601586483,0.06385647427567769,15,0.012483399734395828,-0.1267064399476382,-0.1271172601112176,-0.00489791713896115,-0.12346631035684918,0.22498667478442758
USA,2021,0.22948679702645447,0.12204498202997671,0.11761435752526912,0.17580804800760053,1.0,0.13823314334142767,"MSCI World, resident currency",-0.07651749126931484,-0.04430839805996023,-0.07518922852978327,-0.07652026491981367,-0.04430839805996023,-0.04015374348805367,-0.00795976578835101,15,0.046821890000000005,0.03114359517861609,0.029970112831001705,-0.0646718177027612,0.009172480545000194,-0.1109212596116338
USA,2022,-0.24170914341930372,-0.1725192485870245,-0.0414384161653925,-0.2073913610646636,1.0,-0.23081348403126045,"MSCI World, resident currency",-0.21433958589324298,-0.05337623663450397,-0.18051402127204685,-0.1672755112431008,-0.05337623663450397,-0.2750684233555385,-0.16200171603615868,15,0.0799169,0.10522990675182964,0.1072635190087392,-0.04319532740699539,0.11711662013430746,-0.05985533283087896
USA,2023,0.21280858238276967,0.1025198038207995,0.1036599898489527,0.15798502986433816,1.0,0.1970131822384058,"MSCI World, resident currency",-0.004646530253984538,0.010076322212978273,-0.0023814599447704587,-0.00203524115042486,0.010076322212978273,-0.014952296510061469,-0.0031547209529372883,15,0.0412827,-0.02589615522973221,-0.02575699654607977,0.017003513512843016,-0.019215666309970625,0.1046986961468841
USA,2024,0.2146450571741596,0.09422303849984925,0.11291837729173458,0.155231789088224,1.0,0.15076346319534473,"MSCI World, resident currency",-0.03459896471869628,0.020861800536042585,0.003285401110748598,0.0031480618263006743,0.020861800536042585,-0.013884142254196985,0.003491675004833465,15,0.02926926,0.027628694168187806,0.027676156027201193,0.02171369326854866,0.028486233764455138,0.21542811082988278
USA,2025,0.15116672457931468,0.2282730581965735,0.1944300509338755,0.18741073311277656,1.0,0.1792876874690803,"MSCI World, resident currency",0.05499533124003575,0.01566952343190242,0.005676499936807744,0.00617992192378547,0.01566952343190242,0.027293715228575932,0.03736631665347053,15,0.024004340000000002,0.10519462427330262,0.10512773774894901,0.015139307087717269,0.10461767257811427,0.6242708203460645
