country,year,international_equity_real,international_equity_real_constant_real_fx,world_equity_real_resident,resident_xrusd,markets,world_markets,weight_source
Australia,1871,0.3790877510969104,0.3349758893104634,0.37211709807254034,0.3691464495849117,4,5,PIB proxy
Australia,1872,0.2193162426413724,0.11964240323796219,0.2197048027517301,0.36923880927016545,6,7,PIB proxy
Australia,1873,-0.047822460141996426,-0.05862191748920012,-0.044205619197668744,0.3624047757834013,7,8,PIB proxy
Australia,1874,-0.0018280493234739126,0.05328412428858691,0.000859994176249268,0.37222345512135085,8,9,PIB proxy
Australia,1875,0.002067063543164105,0.09694713921006322,0.00376148172949331,0.3609256158331147,8,9,PIB proxy
Australia,1876,-0.007627523284086335,-0.012983705582377002,-0.0053532157413545,0.3720217079912038,8,9,PIB proxy
Australia,1877,0.014520832251073923,0.040804061121711595,0.016527456242749983,0.39991067984815576,6,7,capitalisation
Australia,1878,0.11659882791233667,0.1340883129291227,0.11270704672576315,0.41257288115076557,8,9,PIB proxy
Australia,1879,0.3538623000675636,0.3291242871511672,0.3494080719307302,0.4150882566293221,8,9,PIB proxy
Australia,1880,0.2428049720192884,0.1911807662954194,0.2428049720192884,0.41252253898543567,7,7,capitalisation
Australia,1881,0.1777911102798102,0.15841061139927726,0.17582740027862576,0.415874878239073,8,9,PIB proxy
Australia,1882,-0.05149512030647774,-0.0295728692474005,-0.0486242802831125,0.4124365263221646,9,10,PIB proxy
Australia,1883,-0.08840678586392259,0.023227900212575085,-0.08321007243808398,0.4131763213548113,9,10,PIB proxy
Australia,1884,0.03783121379554433,0.05556121975626679,0.037691669929315275,0.4137967507243865,7,8,capitalisation
Australia,1885,0.11484238513790879,0.13681739478726548,0.114799635954838,0.41309466050859567,9,10,PIB proxy
Australia,1886,0.09167727887557708,0.11128120935491148,0.0901438083752506,0.4121250083411612,9,10,PIB proxy
Australia,1887,0.03335900607958853,-0.0045420989295893366,0.0398125201658186,0.41447168205588253,10,11,PIB proxy
Australia,1888,0.11198737918920898,0.06365577596596197,0.11697989268215236,0.4129029645341571,10,11,PIB proxy
Australia,1889,0.11150164603961565,0.10734900644005235,0.10854069365657382,0.4117739386444417,10,11,PIB proxy
Australia,1890,-0.0416717948380938,-0.05157592306588924,-0.040262738585684854,0.4127704266670076,10,11,PIB proxy
Australia,1891,0.084850074846063,0.06458072928354411,0.0806710514757798,0.41335053898449514,10,11,PIB proxy
Australia,1892,0.07332035789617808,0.08901204589672305,0.07347215530884021,0.4123145091878488,10,11,PIB proxy
Australia,1893,-0.015050209409300241,-0.006226767968513972,-0.015129065714407197,0.4131714963323109,10,11,PIB proxy
Australia,1894,0.13827047266133552,0.0867299060865199,0.13912060120212133,0.4124115766942889,10,11,PIB proxy
Australia,1895,0.16251245153573501,0.09694235042150554,0.16507494949102752,0.41104284708261263,10,11,PIB proxy
Australia,1896,0.09364086730268495,0.07509019261898793,0.09224330716267093,0.4130498688942322,10,11,PIB proxy
Australia,1897,0.08568100146216606,0.08366936010604366,0.08566782517928173,0.4129649029197701,11,12,PIB proxy
Australia,1898,0.14794429722324276,0.11750761423853394,0.14844276247652077,0.4162815219700577,11,12,PIB proxy
Australia,1899,0.017537441231919804,0.06854114876653385,0.018080005304007996,0.4155174733995985,9,10,capitalisation
Australia,1900,0.07461750721686333,0.07356802818659379,0.07492210649564579,0.4155043641520236,10,11,capitalisation
Australia,1901,0.05582304730359389,0.07032711004231033,0.05398816568994702,0.4150841148947982,14,15,PIB proxy
Australia,1902,-0.013306011374229043,0.044923511480264924,-0.012566648201971953,0.4152713811266021,12,13,capitalisation
Australia,1903,-0.07133508819202783,-0.07175382445281504,-0.06945311621546824,0.4155164907043526,12,13,capitalisation
Australia,1904,0.2651521577988538,0.2051043122478043,0.2639463346248714,0.4146392388698032,12,13,capitalisation
Australia,1905,0.15240973908058808,0.15085650585291777,0.15236032477059713,0.41488145716796226,12,13,capitalisation
Australia,1906,0.09736720228580875,0.08339032466198583,0.0971364027993411,0.4149464723511342,14,15,PIB proxy
Australia,1907,-0.16637684474004932,-0.1849047058081023,-0.1639773329723473,0.41196953439646916,12,13,capitalisation
Australia,1908,0.19377331980729595,0.23266561519439083,0.19323771285112623,0.41480299208149884,12,13,capitalisation
Australia,1909,0.14104174530459312,0.17090100707087413,0.14084275903284937,0.41355515351010147,12,13,capitalisation
Australia,1910,-0.029881890273190104,-0.04774295630765864,-0.02919261909320814,0.41395996734233387,12,13,capitalisation
Australia,1911,-0.013965702453803464,0.046929956518999644,-0.013570923134913704,0.4146558862439013,12,13,capitalisation
Australia,1912,-0.011639772651034663,0.048620158222549975,-0.011530015103890956,0.41416473580788926,12,13,capitalisation
Australia,1913,-0.02896643146727451,-0.048431081477992445,-0.027790815873606767,0.41384943971647487,13,14,capitalisation
Australia,1914,-0.11172362103034827,-0.06618032650200291,-0.1102070144124554,0.40966984169970594,14,15,capitalisation
Australia,1915,0.0911496338862865,0.11907362107819168,0.08901805915047567,0.4272693557290839,12,13,capitalisation
Australia,1916,0.09643750583086486,0.013824038883270669,0.09498614559459417,0.42591712884425026,12,13,capitalisation
Australia,1917,-0.1729077328380364,-0.2802448399236268,-0.17067595248095058,0.42450906625965557,12,13,capitalisation
Australia,1918,0.0620886253074191,-0.07377892655286973,0.0612770047650153,0.424438120878588,11,12,capitalisation
Australia,1919,0.021785991407285987,0.07379181895870339,0.022321362764275987,0.4573750556384178,11,12,capitalisation
Australia,1920,-0.08245602402694796,-0.2666484364596491,-0.08024475551003052,0.5594117322889597,11,12,capitalisation
Australia,1921,0.1592349413923433,0.26314829629831477,0.1615994791233506,0.5297549951485833,12,13,capitalisation
Australia,1922,0.07584618563848622,0.40066856890868224,0.07763348225506861,0.45266236183674174,13,14,capitalisation
Australia,1923,1.2566660960140066,0.2818893761646467,1.2453477538376654,0.435687530180402,13,14,capitalisation
Australia,1924,0.15944084287189852,0.15715105693748269,0.15903105715303556,0.44232046227806776,12,13,capitalisation
Australia,1925,0.11123586060476653,0.16696896494167868,0.11187424401044832,0.41447141948415456,13,14,capitalisation
Australia,1926,0.1735827115909605,0.1885256242329177,0.1731936918581407,0.41257451845657517,12,13,capitalisation
Australia,1927,0.29908689941390865,0.3000094105019845,0.29673042233610314,0.41433834413409815,12,13,capitalisation
Australia,1928,0.3350685472818995,0.35921827631660835,0.33370849701165417,0.4151414263418,12,13,capitalisation
Australia,1929,-0.007553931410165915,-0.062571892354272,-0.007896023328142987,0.4365832221661474,13,14,capitalisation
Australia,1930,0.018797249309430164,-0.21179386231305375,0.017165710994579086,0.5307128194828947,13,14,capitalisation
Australia,1931,-0.32763451403298416,-0.3175159916672084,-0.32446681476304584,0.5523449889357013,13,14,capitalisation
Australia,1932,0.24138059262306832,0.027856881390488506,0.24203183013180274,0.7169864074720653,13,14,capitalisation
Australia,1933,0.23522760864006842,0.4371229426359739,0.23551761656655046,0.5933163830278935,13,14,capitalisation
Australia,1934,-0.11731253652880935,-0.032998344122186385,-0.1122047828238888,0.5002905825283235,13,14,capitalisation
Australia,1935,0.35624017721188683,0.33788214653494575,0.3514644192237295,0.5122578566716348,13,14,capitalisation
Australia,1936,0.2479120843182152,0.2970486124535949,0.24667739840712777,0.504946822636257,13,14,capitalisation
Australia,1937,-0.27698384474493043,-0.2673566465818714,-0.27320352113707436,0.5077324401141773,13,14,capitalisation
Australia,1938,0.0967336336468192,0.1312641156932046,0.09444715821393745,0.5134151834605164,13,14,capitalisation
Australia,1939,0.10132241162683386,0.03402387043222608,0.10008816749353144,0.5659629860207143,14,15,capitalisation
Australia,1940,0.08492531219122523,-0.05182857904170333,0.08298129561496093,0.655393891728929,12,13,capitalisation
Australia,1941,-0.10618532226137845,-0.1045197943998046,-0.10613661204109492,0.6225099601593626,11,12,capitalisation
Australia,1942,0.025805002938414034,0.012860663388950536,0.02730218756282987,0.6220839813374806,11,12,capitalisation
Australia,1943,0.20147254775575552,0.12334702054043903,0.1996286810387995,0.6198090987975704,11,12,capitalisation
Australia,1944,0.1326324460582169,0.10299347382080899,0.1318295551706834,0.6195786864931846,11,12,capitalisation
Australia,1945,0.2374208348502307,0.22342308575891526,0.23592583504799491,0.6211180124223602,10,11,capitalisation
Australia,1946,-0.14050525232222688,-0.12265436154640905,-0.13708598782219983,0.6223937262712392,10,11,capitalisation
Australia,1947,-0.06229858008566824,-0.1208011022455118,-0.05985281248403107,0.6230529595015576,12,13,capitalisation
Australia,1948,-0.12056070542372499,-0.09929124311023438,-0.11896567181798057,0.6203473045260441,12,13,capitalisation
Australia,1949,0.5205568214769334,0.1394610844441497,0.5080303522570371,0.892856999892857,12,12,capitalisation
Australia,1950,0.13746320455880423,0.22306585914145707,0.13894332113099184,0.892856999892857,13,14,capitalisation
Australia,1951,0.06802785329832939,0.17561587331472986,0.06184587185772972,0.899280575941751,13,14,capitalisation
Australia,1952,-0.011037566883418504,0.1303806156267728,-0.014869270132991996,0.8920606609217285,13,14,capitalisation
Australia,1953,0.011380589042600642,0.04182095805776629,0.01234627450876058,0.8920606609217285,14,15,capitalisation
Australia,1954,0.48319329721437376,0.4690739497729358,0.4788932547282314,0.899280575941751,13,14,capitalisation
Australia,1955,0.26116488793880066,0.2938770837002863,0.25933407438547307,0.8940545381262892,14,15,capitalisation
Australia,1956,0.009396161767903921,0.051869292135162795,0.009441517496219687,0.899280575941751,14,15,capitalisation
Australia,1957,-0.10273777614340074,-0.09600577759138222,-0.10006082172863562,0.8924587245813981,14,15,capitalisation
Australia,1958,0.30062865909158143,0.2751356884720387,0.29908519993841276,0.8940545381262892,14,15,capitalisation
Australia,1959,0.18030036557166707,0.18817088314153957,0.18328823146940754,0.8948545865299573,14,15,capitalisation
Australia,1960,0.014660096950340984,0.03202711008499164,0.012761917866493055,0.8936550499500042,14,15,capitalisation
Australia,1961,0.20258081110899684,0.20886836542597906,0.2007464777685264,0.8924587245813981,14,15,capitalisation
Australia,1962,-0.09565239376390622,-0.11515335851523212,-0.09370243015111446,0.8940545381262892,14,15,capitalisation
Australia,1963,0.1573770103884813,0.12958076171941044,0.15932171582342636,0.8960573484724516,14,15,capitalisation
Australia,1964,0.08941842162850544,0.09132196125594431,0.08796043792403929,0.8976660690269841,14,15,capitalisation
Australia,1965,0.04443623395581375,0.06677629203573235,0.04143657382174193,0.8940545381262892,14,15,capitalisation
Australia,1966,-0.0883889495508996,-0.0960813257589783,-0.08618567471147554,0.8976660682226211,14,15,capitalisation
Australia,1967,0.14439755647922525,0.15747619606803012,0.1485760680709607,0.8920606609206608,14,15,capitalisation
Australia,1968,0.14080179262022208,0.1117163814483951,0.14482040610017965,0.9009009009009008,14,15,capitalisation
Australia,1969,-0.07517222667189305,-0.08672765698840498,-0.07135577219731692,0.8944543836265245,14,15,capitalisation
Australia,1970,-0.027584057595969713,-0.04761646856888982,-0.03193676451537952,0.8968609873514449,14,15,capitalisation
Australia,1971,0.014279543265927952,0.0636349309267177,0.010545082300673192,0.8396305632574564,14,15,capitalisation
Australia,1972,0.12143536969144031,0.21216108574572445,0.12526689479685982,0.7843137261053441,14,15,capitalisation
Australia,1973,-0.23084498260655217,-0.11990061431682894,-0.2328471075411802,0.6720430112043301,14,15,capitalisation
Australia,1974,-0.23256381887013855,-0.30923632170198834,-0.23516959653343805,0.7535795032054102,14,15,capitalisation
Australia,1975,0.15071438686156435,0.15535268160598478,0.15398108170440317,0.7954816647804325,14,15,capitalisation
Australia,1976,0.18837934883720653,0.08486150871019832,0.18298251766748552,0.9204712812960235,14,15,capitalisation
Australia,1977,-0.14122134343857318,-0.09788906020930513,-0.13883616483283678,0.8761170500053592,14,15,capitalisation
Australia,1978,0.07388003907913854,0.029936700472609924,0.07523895011146475,0.8691873106207626,14,15,capitalisation
Australia,1979,0.054998688543418384,0.05774139601291002,0.0590970498357688,0.9045680695654166,14,15,capitalisation
Australia,1980,0.06275939065160596,0.1117002852458942,0.07074936709659174,0.846955196787461,14,15,capitalisation
Australia,1981,-0.06052859807999911,-0.06031502361523729,-0.06393028545412682,0.8866034230752756,14,15,capitalisation
Australia,1982,0.14142761344579302,0.07241752883957074,0.13163407858551524,1.0197838068731224,14,15,capitalisation
Australia,1983,0.21697436563946604,0.20413623266484612,0.22199830558092426,1.1086474501108647,14,15,capitalisation
Australia,1984,0.12016310206586422,0.06800960807743667,0.11710515905054053,1.2080212611741967,14,15,capitalisation
Australia,1985,0.655476847846078,0.27187640497201204,0.6491447510923487,1.4686444411807902,14,15,capitalisation
Australia,1986,0.32093496623199114,0.2537683048394176,0.3222282469411315,1.5042117930204575,14,15,capitalisation
Australia,1987,0.07174065062355184,0.0854820439442116,0.06437859923110412,1.3840830449826989,14,15,capitalisation
Australia,1988,-0.09238729968345916,0.15060077783021697,-0.08468233103286926,1.168907071887785,14,15,capitalisation
Australia,1989,0.20556916374437328,0.21195411683235682,0.20336346581999054,1.2615112905260504,14,15,capitalisation
Australia,1990,-0.09225081075427388,-0.1285879746105707,-0.09424248511315536,1.29315918789603,14,15,capitalisation
Australia,1991,0.08104794686842864,0.039942008235584,0.08357044135871572,1.3161358252171624,14,15,capitalisation
Australia,1992,0.09438997563423235,-0.008559420050411702,0.09203842841049759,1.4522218995062446,14,15,capitalisation
Australia,1993,0.16923757065255018,0.13443962398489556,0.1734759640321426,1.476886722788362,14,15,capitalisation
Australia,1994,-0.09793203992124011,-0.009895435055024491,-0.0981179739431437,1.2873326799004294,14,15,capitalisation
Australia,1995,0.21571126961902132,0.18416891228591362,0.21418968866928156,1.342281879194631,14,15,capitalisation
Australia,1996,0.08435026448935035,0.20475376847107157,0.08504210441431148,1.2554926390529346,14,15,capitalisation
Australia,1997,0.4804035184512756,0.23900859714192743,0.471875260246684,1.5320974179240476,14,15,capitalisation
Australia,1998,0.30552013447170134,0.19631905701128513,0.30048100574942493,1.628929766591794,14,15,capitalisation
Australia,1999,0.12965445696589373,0.22775797819532803,0.13067098843601022,1.5295197308045272,14,15,capitalisation
Australia,2000,0.06351931668042865,-0.04907614413665836,0.06229017651601332,1.8050541516245486,14,15,capitalisation
Australia,2001,-0.14032621042704474,-0.17125971369874965,-0.13614437770896282,1.9584802193497843,14,15,capitalisation
Australia,2002,-0.2820018142801318,-0.23295507887419348,-0.27754599376027045,1.7661603673613564,14,15,capitalisation
Australia,2003,-0.07085118493353604,0.1749375633962915,-0.06501994158576907,1.3333333333333333,14,15,capitalisation
Australia,2004,0.10126234998146044,0.12262945941331609,0.10520506118054884,1.2836970474967908,14,15,capitalisation
Australia,2005,0.11038756540492933,0.09606531731571369,0.11246776048035723,1.362954886193267,14,15,capitalisation
Australia,2006,0.08912852311163699,0.1571302753458494,0.0925482441703358,1.2637432073802604,14,15,capitalisation
Australia,2007,-0.040131503811963065,0.03635877806358696,-0.03410714125925385,1.134301270417423,14,15,capitalisation
Australia,2008,-0.22808190610298518,-0.4029028850832824,-0.2345826231988365,1.443418013856813,14,15,capitalisation
Australia,2009,-0.05987311553220831,0.2304197420203451,-0.04455131533309298,1.11495149960977,14,15,capitalisation
Australia,2010,-0.04467112163541709,0.09505850565032799,-0.04274388072707658,0.983961428711995,14,15,capitalisation
Australia,2011,-0.05195644897581486,-0.04531121967597967,-0.05522458585815815,0.984639621898385,14,15,capitalisation
Australia,2012,0.10212487172006579,0.13077415714424803,0.10426121990567028,0.961076405574243,14,15,capitalisation
Australia,2013,0.4973890125682061,0.3123583814085641,0.4871943749003367,1.12803158488438,14,15,capitalisation
Australia,2014,0.14875975030137956,0.11597366593841743,0.1455152997706779,1.21921482565228,14,15,capitalisation
Australia,2015,0.13724431016581806,0.045433253376859745,0.13393344743046964,1.36873802354229,14,15,capitalisation
Australia,2016,0.02831019260880896,0.02533031160443193,0.030416967630728875,1.38197899391929,14,15,capitalisation
Australia,2017,0.11410878895609211,0.16823610774386338,0.11374598455328244,1.28205128205128,14,15,capitalisation
Australia,2018,0.08621371769888131,-0.006797189388819513,0.08185724017605445,1.4168319637291,14,15,PIB proxy
Australia,2019,0.1380653321750589,0.13684361723817118,0.14056926930389002,1.42734798743934,14,15,PIB proxy
Australia,2020,0.014427128163205571,0.07673922419912746,0.015218157345357586,1.29836406128278,14,15,PIB proxy
Australia,2021,0.10141987485362014,0.18309908512039846,0.10023300871026164,1.1915045254910985,14,15,PIB proxy
Australia,2022,-0.14016349641753045,-0.15212286686533938,-0.1340605853950586,1.2902006398127905,14,15,PIB proxy
Australia,2023,0.2100081731377177,0.17525732937571326,0.2037246363401941,1.347286465182621,14,15,PIB proxy
Australia,2024,0.1683293656258127,0.1768652598574111,0.16666447133168716,1.3550269160802253,14,15,PIB proxy
Australia,2025,0.21977865104929695,0.1770273933794016,0.2141874954760583,1.387434688836703,14,15,PIB proxy
Belgium,1871,0.3648132055609803,0.3466357145142748,0.34621595882173706,4.613972775695403,4,5,PIB proxy
Belgium,1872,0.12695061079376035,0.11654702667906323,0.13230617939321543,4.669705653604547,6,7,PIB proxy
Belgium,1873,-0.1221395137742739,-0.06174751483043575,-0.11258528163458381,4.573538023952095,7,8,PIB proxy
Belgium,1874,0.08755990080491816,0.05436618327474726,0.08667573923299465,4.649791374824896,8,9,PIB proxy
Belgium,1875,0.07823439807026644,0.10301414636345887,0.07307549911230948,4.503980103979203,8,9,PIB proxy
Belgium,1876,-0.038702550467839214,-0.0045702336423489205,-0.04334694914213577,4.647440688137627,8,9,PIB proxy
Belgium,1877,0.04132095893822485,0.044947364326539875,0.038822372309928355,4.957429200440308,6,7,capitalisation
Belgium,1878,0.15997984765227669,0.1337000285102378,0.15501643190974534,5.146446999999999,8,9,PIB proxy
Belgium,1879,0.35321471036694696,0.32375779925458287,0.3534727549524277,5.200773922607739,8,9,PIB proxy
Belgium,1880,0.28380025158233657,0.19402578271988866,0.2777227312716368,5.2164447555244475,6,7,capitalisation
Belgium,1881,0.1572985472906363,0.16331113999343008,0.15110825751296963,5.23,8,9,PIB proxy
Belgium,1882,-0.00794826471304444,-0.025986973049506402,-0.009874415218543708,5.26,9,10,PIB proxy
Belgium,1883,-0.01296807019005386,0.028873079261350264,-0.014118677336395713,5.16,9,10,PIB proxy
Belgium,1884,0.13141155113899505,0.05605110950148493,0.12629371399820544,5.14,7,8,capitalisation
Belgium,1885,0.16740422445260084,0.14160481507541048,0.1610730847201196,5.17,9,10,PIB proxy
Belgium,1886,0.18270223422914333,0.11006762877335043,0.17910677619959214,5.14,9,10,PIB proxy
Belgium,1887,-0.04119462684328701,0.002801994724397946,-0.039662373645332094,5.21,10,11,PIB proxy
Belgium,1888,0.09311429654070791,0.06563689599309167,0.09631392393050864,5.2,10,11,PIB proxy
Belgium,1889,0.07498236659608382,0.098459426676396,0.08184956329082471,5.18,10,11,PIB proxy
Belgium,1890,-0.06732230997314437,-0.05109287403899338,-0.0655602363140273,5.23,10,11,PIB proxy
Belgium,1891,0.06822532299061423,0.06387368388509877,0.06508008206805371,5.24,10,11,PIB proxy
Belgium,1892,0.11060735542972022,0.08967220570485653,0.10896510673935023,5.3,10,11,PIB proxy
Belgium,1893,0.03467398754134643,-0.00830267191614472,0.03500803226361282,5.56,10,11,PIB proxy
Belgium,1894,0.11298598370549628,0.08613104342808879,0.11451954263545217,5.66,10,11,PIB proxy
Belgium,1895,0.06380325756713368,0.10233507166793748,0.06366438160864107,5.39,10,11,PIB proxy
Belgium,1896,0.15458369600247912,0.07134424018818526,0.1544259859754693,5.51,10,11,PIB proxy
Belgium,1897,0.04622987255953026,0.08254989858350914,0.04862353667893515,5.39,11,12,PIB proxy
Belgium,1898,0.15403694480227892,0.11749200402576533,0.1538580874018387,5.56,11,12,PIB proxy
Belgium,1899,0.05714861021256179,0.07108771828175506,0.05534059405539549,5.52,9,10,capitalisation
Belgium,1900,-0.030197267159880692,0.08700710854957515,-0.0378800335963867,5.47,10,11,capitalisation
Belgium,1901,0.03125259626051258,0.07411895732253466,0.026630541667632013,5.35,14,15,PIB proxy
Belgium,1902,0.045517536511104906,0.04536757471352146,0.04535899682012001,5.19,12,13,capitalisation
Belgium,1903,-0.0721931451196296,-0.07602058724073409,-0.06616212762691465,5.13,12,13,capitalisation
Belgium,1904,0.3806079334621266,0.20083210689436726,0.37750050979404404,5.13,12,13,capitalisation
Belgium,1905,0.11789863463785033,0.15142207285561132,0.11851759926395733,5.11,12,13,capitalisation
Belgium,1906,0.023785020300313153,0.08544303936812774,0.023506089526470486,5.16,14,15,PIB proxy
Belgium,1907,-0.17887179309539514,-0.186482074738956,-0.17505302774779696,5.17,12,13,capitalisation
Belgium,1908,0.20539524448533975,0.24320399113865315,0.1958316955347419,5.11,12,13,capitalisation
Belgium,1909,0.17940547261363538,0.16975876914271118,0.17967630512139143,5.13,12,13,capitalisation
Belgium,1910,-0.033488010026934356,-0.05210220431806027,-0.02911754014588197,5.17,12,13,capitalisation
Belgium,1911,-0.0005944687302883445,0.05233018888829857,-0.0035587285773429622,5.18,12,13,capitalisation
Belgium,1912,0.007623560664128615,0.05051373740152721,0.007523822483376241,5.21,12,13,capitalisation
Belgium,1913,0.016515633911282857,-0.05036101967758067,0.016071577215993393,5.25,13,14,capitalisation
Belgium,1914,-0.059921135754115507,-0.06799211578446356,-0.05742471873754662,5.23,14,15,capitalisation
Belgium,1915,-0.025367650827433863,0.13309858851131562,-0.03540989112471926,6.06,12,13,capitalisation
Belgium,1916,-0.24141903989133395,0.025141958606079054,-0.24538350241687856,6.57,12,13,capitalisation
Belgium,1917,-0.4840935184715721,-0.27233368646157335,-0.4828613804498496,7.41,12,13,capitalisation
Belgium,1918,-0.13693085861758336,-0.07055078447775028,-0.13681364627731218,7.85,11,12,capitalisation
Belgium,1919,0.907511909771441,0.040387031487441584,0.9110032374369605,8.76,11,12,capitalisation
Belgium,1920,-0.005829692391636554,-0.2625439012857636,-0.014167356886309213,13.5501,11,12,capitalisation
Belgium,1921,0.2632608365166318,0.26926340654621916,0.2582537188400069,13.4302,12,13,capitalisation
Belgium,1922,0.27983268639152703,0.39997953363897776,0.2832452975140505,13.0159,13,14,capitalisation
Belgium,1923,2.0627819420275553,0.27906454987210083,1.9928666473839196,19.1608,13,14,capitalisation
Belgium,1924,0.12564110911338955,0.17943329433889146,0.10644581585662216,21.5341,12,13,capitalisation
Belgium,1925,0.13504856141542132,0.17316751838838254,0.13056157399374824,21.0172,13,14,capitalisation
Belgium,1926,0.44277369693881363,0.17897167036103281,0.4394807096450979,30.6251,12,13,capitalisation
Belgium,1927,0.20899672736160246,0.2982577699509765,0.2131585061703336,35.930499999999995,12,13,capitalisation
Belgium,1928,0.29123629720204836,0.3668753613760289,0.2863881515350293,35.8985,12,13,capitalisation
Belgium,1929,-0.10313585877698861,-0.048041659940105515,-0.1149216701791741,35.939,13,14,capitalisation
Belgium,1930,-0.2305386705022623,-0.20936709919002253,-0.23241491441517892,35.836,13,14,capitalisation
Belgium,1931,-0.3181702081159381,-0.31671445154859706,-0.3158128167853965,35.8975,13,14,capitalisation
Belgium,1932,0.013122807130657943,0.0262143983782507,0.018286526305837603,35.936,13,14,capitalisation
Belgium,1933,0.1987850925106598,0.46095428488533313,0.18525698691446735,27.933500000000002,13,14,capitalisation
Belgium,1934,-0.14339426078621487,-0.024975924807352345,-0.14330006938289952,21.4715,13,14,capitalisation
Belgium,1935,0.7198945275439088,0.3259191982492478,0.7143140230589395,27.1385,13,14,capitalisation
Belgium,1936,0.36476356886600914,0.29857344509607087,0.3586807912622134,29.5565,13,14,capitalisation
Belgium,1937,-0.31784800882094655,-0.2688653364814822,-0.31096263250224865,29.6275,13,14,capitalisation
Belgium,1938,0.07259938066079497,0.1383735835986804,0.06512807790151331,29.596,13,14,capitalisation
Belgium,1939,0.024942622549461113,0.04144315937627317,0.017848351429429865,29.6705,14,15,capitalisation
Belgium,1940,-0.3603321570272172,-0.0689730621442554,-0.3339160234156212,29.62,12,13,capitalisation
Belgium,1941,-0.4839845513318498,-0.10533131613350794,-0.46143140988077425,31.124944419742107,11,12,capitalisation
Belgium,1942,-0.27766435370030895,0.0532601950914267,-0.27828102324018045,31.11111111111111,11,12,capitalisation
Belgium,1943,0.10518163392236168,0.161110889407934,0.07282552948620857,31.11111111111111,11,12,capitalisation
Belgium,1944,0.7147551234297642,0.09487061978376096,0.6740746373453426,43.821,11,12,capitalisation
Belgium,1945,0.6702742166790898,0.21869389976135295,0.6499471560941807,43.821,10,11,capitalisation
Belgium,1946,0.3046939463281133,-0.12438952697040351,0.2955319365792084,57.0,10,11,capitalisation
Belgium,1947,-0.14519080257466,-0.11021175228552593,-0.15117154185104564,48.75,12,13,capitalisation
Belgium,1948,-0.07693119695029649,-0.09767338521536309,-0.07796812097050398,53.75,12,13,capitalisation
Belgium,1949,0.09527603289636755,0.1297859034878683,0.10323569959034251,50.4,12,12,capitalisation
Belgium,1950,0.29339186374889326,0.2255897054767245,0.28685147941749656,51.7,13,14,capitalisation
Belgium,1951,0.202235812746429,0.16072191808094496,0.2066189107991021,54.0,13,14,capitalisation
Belgium,1952,0.09633473450862429,0.1307475506595633,0.09145423364092542,51.1,13,14,capitalisation
Belgium,1953,0.04359613972048759,0.0401483209645133,0.04569446765625185,50.45,14,15,capitalisation
Belgium,1954,0.4470323165532619,0.4676738917201867,0.44520914725461,49.999999999,13,14,capitalisation
Belgium,1955,0.29812683482289093,0.2917723276130469,0.2978437019703648,49.959999999,14,15,capitalisation
Belgium,1956,0.045794020871470664,0.05497614070160746,0.042574214381703834,50.224999999,14,15,capitalisation
Belgium,1957,-0.09988030179437091,-0.09003067147044128,-0.10296031831443753,50.017499999,14,15,capitalisation
Belgium,1958,0.2965424386543223,0.27751989711586206,0.292401419028139,49.842499999,14,15,capitalisation
Belgium,1959,0.19712014073036843,0.19645541937790853,0.19170885301406893,49.937499999,14,15,capitalisation
Belgium,1960,0.04799046950096808,0.03311910920226446,0.04442146131984703,49.699999999,14,15,capitalisation
Belgium,1961,0.22349854464597718,0.20778098667498124,0.22239459891286772,49.779999999,14,15,capitalisation
Belgium,1962,-0.11176650677142963,-0.11390786748396801,-0.11082320493080511,49.751299999,14,15,capitalisation
Belgium,1963,0.14025064177552626,0.13205851185253814,0.14016855466282196,49.827499999,14,15,capitalisation
Belgium,1964,0.06356088791917269,0.0907231799035183,0.06292418778173992,49.632499999,14,15,capitalisation
Belgium,1965,0.045998519103432445,0.06468923432223392,0.04483892865571515,49.642499999,14,15,capitalisation
Belgium,1966,-0.09186050540547275,-0.09274359445590839,-0.09286567769126353,50.052499999,14,15,capitalisation
Belgium,1967,0.1493036152256415,0.16105907930975527,0.14974744305721344,49.627499999,14,15,capitalisation
Belgium,1968,0.14428443036412575,0.1163163115568588,0.14419341078192982,50.14,14,15,capitalisation
Belgium,1969,-0.0816374623966859,-0.08321770140209839,-0.08103720067819498,49.666299999,14,15,capitalisation
Belgium,1970,-0.03469393423063727,-0.05180295759667285,-0.03436590236681181,49.674999999,14,15,capitalisation
Belgium,1971,-0.011865250339968103,0.05856886183448579,-0.011425586993150438,44.754999999,14,15,capitalisation
Belgium,1972,0.1903185828592615,0.21370762294745327,0.1906910150286334,44.0625,14,15,capitalisation
Belgium,1973,-0.14169867243772627,-0.12521195279093908,-0.14070611579187453,41.319999999,14,15,capitalisation
Belgium,1974,-0.3913732446897952,-0.3100757531679751,-0.390875930132614,36.122499999,14,15,capitalisation
Belgium,1975,0.22182296762422182,0.15906855492784602,0.220798184492913,39.527499999,14,15,capitalisation
Belgium,1976,-0.031655983769676266,0.08291322678638248,-0.03225973276777794,35.982499999,14,15,capitalisation
Belgium,1977,-0.13201064030973597,-0.09647525286689478,-0.13153100653075533,32.939999999,14,15,capitalisation
Belgium,1978,-0.02164310374691425,0.03176200252519098,-0.021049920596474814,28.799999999,14,15,capitalisation
Belgium,1979,0.03479862172112891,0.06183194726285894,0.03490996451592654,28.048,14,15,capitalisation
Belgium,1980,0.32998660165074556,0.12010058454312256,0.3271735665727631,31.523,14,15,capitalisation
Belgium,1981,0.11218043028211744,-0.06408808925328378,0.1118749282360274,38.459999999,14,15,capitalisation
Belgium,1982,0.22717895855081616,0.06395948498325224,0.22698329703934128,46.919999999,14,15,capitalisation
Belgium,1983,0.3633064234620196,0.20880805341820735,0.36323149917242836,55.639999999,14,15,capitalisation
Belgium,1984,0.1359480127954149,0.06547032958512952,0.13612486174652738,63.08,14,15,capitalisation
Belgium,1985,0.10103042601260692,0.2727764067798583,0.10229206693773607,50.36,14,15,capitalisation
Belgium,1986,0.11373240761403824,0.2554619736215396,0.11551345792461354,40.41,14,15,capitalisation
Belgium,1987,0.01471952235057783,0.07900767646047234,0.013825025671284852,33.1525,14,15,capitalisation
Belgium,1988,0.29283295733255854,0.1477311041804769,0.294100270179916,37.345,14,15,capitalisation
Belgium,1989,0.11383698158143529,0.21032965354416644,0.11382348407824061,35.76,14,15,capitalisation
Belgium,1990,-0.20605621386650408,-0.1293598524749336,-0.20616926732005125,30.9825,14,15,capitalisation
Belgium,1991,0.07457752234074033,0.0428092159387646,0.07468794639632925,31.27,14,15,capitalisation
Belgium,1992,0.03578860832513708,-0.008810541295295961,0.03533273588086394,33.18,14,15,capitalisation
Belgium,1993,0.2439770216588768,0.1384037260138981,0.24435191370981868,36.11,14,15,capitalisation
Belgium,1994,-0.0923224802823186,-0.012136348627866679,-0.09208241559060959,31.8375,14,15,capitalisation
Belgium,1995,0.10941684737950608,0.1837917735325429,0.10946271871553015,29.415,14,15,capitalisation
Belgium,1996,0.2691773103418156,0.20250933527247367,0.2690010454579368,32.005,14,15,capitalisation
Belgium,1997,0.37408130250716254,0.23556770527616225,0.3738478105048224,36.92,14,15,capitalisation
Belgium,1998,0.1433629084858985,0.19240793002057466,0.144926826408174,34.5745,14,15,capitalisation
Belgium,1999,0.4061017537085625,0.2290701876189935,0.4022959957748551,40.1551861437388,14,15,capitalisation
Belgium,2000,-0.011397233127910744,-0.04818218120270888,-0.011350074936049448,43.35292853304674,14,15,capitalisation
Belgium,2001,-0.14379569642314383,-0.1671713269077466,-0.14318585897729652,45.77317599001475,14,15,capitalisation
Belgium,2002,-0.317078843896223,-0.22941853883895819,-0.31680861432981944,38.466577667588446,14,15,capitalisation
Belgium,2003,0.03977464316748569,0.17358545050402097,0.04064748829188769,31.93974663499604,14,15,capitalisation
Belgium,2004,0.0676278053779551,0.12448584354633677,0.0694868996567346,29.61596064899787,14,15,capitalisation
Belgium,2005,0.21098197677097819,0.09741491136978199,0.21122093911333617,34.19504958887853,14,15,capitalisation
Belgium,2006,0.06709952456448476,0.15823430862492555,0.06812573088776097,30.630144267274105,14,15,capitalisation
Belgium,2007,-0.03194152891226065,0.04078983550314147,-0.03215636878721451,27.40296175531552,14,15,capitalisation
Belgium,2008,-0.36290356835717574,-0.4023440376524715,-0.36460853095643075,28.986060214126592,14,15,capitalisation
Belgium,2009,0.21399339929070482,0.2334005915621739,0.21615878886348572,28.00215188116061,14,15,capitalisation
Belgium,2010,0.17619054752725583,0.09150604584728372,0.17549391680064508,30.190016464601108,14,15,capitalisation
Belgium,2011,-0.023906680576374795,-0.04793825735205527,-0.024973968931260138,31.17698431099776,14,15,capitalisation
Belgium,2012,0.0973188445016211,0.13024920549547206,0.09931648811476679,30.57442777019858,14,15,capitalisation
Belgium,2013,0.2273805521350749,0.3090511206034974,0.2269243411721904,29.250888260459725,14,15,capitalisation
Belgium,2014,0.22824815242084107,0.11314499738227385,0.22781042293537723,33.22617576805864,14,15,capitalisation
Belgium,2015,0.13646593825849274,0.04409863725875467,0.13608583222326587,37.053274547625605,14,15,capitalisation
Belgium,2016,0.049910925706311726,0.028259120477431583,0.04893967523050491,38.26951902096575,14,15,capitalisation
Belgium,2017,0.05318060159935256,0.16787606379353626,0.052832425388196436,33.63620445259737,14,15,capitalisation
Belgium,2018,0.024840588770729255,-0.005435296602930414,0.02158519091442823,35.23135371179039,14,15,PIB proxy
Belgium,2019,0.15655200347967013,0.13814689555903198,0.1575511555031599,35.90875912408758,14,15,PIB proxy
Belgium,2020,0.02822101546710365,0.07800515826245538,0.02646213958533372,32.87417488387254,14,15,PIB proxy
Belgium,2021,0.162056485152676,0.18011693861190925,0.16149221005227554,31.717691744114305,14,15,PIB proxy
Belgium,2022,-0.12471828866380219,-0.1458625954012111,-0.12476842383382147,35.684062240169,14,15,PIB proxy
Belgium,2023,0.1395289904994026,0.1732319756270055,0.1368266839933414,34.68223425671961,14,15,PIB proxy
Belgium,2024,0.15911136500717182,0.17513027612708726,0.15911537221024008,34.64755400954732,14,15,PIB proxy
Belgium,2025,0.14069452714414443,0.1719796138090522,0.14191307001252906,33.24448493935435,14,15,PIB proxy
Switzerland,1901,0.05557817200134374,0.0693894461416016,0.054740863179851385,5.17617,14,15,PIB proxy
Switzerland,1902,0.048736812942560936,0.044700144257535185,0.04918817563881883,5.1852621,12,13,capitalisation
Switzerland,1903,-0.07674873685703665,-0.07147565085149346,-0.07507531017058877,5.1774192,12,13,capitalisation
Switzerland,1904,0.2088377896081055,0.20532023152611126,0.20789325429636962,5.180187999999999,12,13,capitalisation
Switzerland,1905,0.1145104838155,0.15245799469785082,0.11341818046713836,5.179064,12,13,capitalisation
Switzerland,1906,0.0879558177920381,0.08442766004272229,0.0868543333431504,5.1914529,14,15,PIB proxy
Switzerland,1907,-0.18294123757285252,-0.18375923429601781,-0.18152591623654124,5.1906876,12,13,capitalisation
Switzerland,1908,0.20496615007923835,0.23493806380059037,0.20239584206398176,5.1701745,12,13,capitalisation
Switzerland,1909,0.14370143156691695,0.17181460016066122,0.14285409065709476,5.1681672,12,13,capitalisation
Switzerland,1910,-0.051604712010824394,-0.048041985650844624,-0.05040417707675504,5.193867200000001,12,13,capitalisation
Switzerland,1911,0.03606546412140732,0.04743377763539255,0.035620156830074245,5.1986561,12,13,capitalisation
Switzerland,1912,0.036881571516734324,0.049749817448359344,0.0356071669032465,5.199355499999999,12,13,capitalisation
Switzerland,1913,-0.020647336398865512,-0.04946560150192822,-0.018842214953488923,5.1978524,13,14,capitalisation
Switzerland,1914,-0.08796726808878186,-0.06719641956650231,-0.0854348757263863,5.114616,14,15,capitalisation
Switzerland,1915,0.056941683014354094,0.12305517666300898,0.05213602758529712,5.3274,12,13,capitalisation
Switzerland,1916,-0.05519199698223798,0.014899611966337174,-0.05550052438688324,5.2202,12,13,capitalisation
Switzerland,1917,-0.3676962095067092,-0.2779403001287051,-0.3650870584963223,4.7687,12,13,capitalisation
Switzerland,1918,-0.1240513690353583,-0.07159962484284431,-0.1239405223261334,4.3793,11,12,capitalisation
Switzerland,1919,0.18763488065972056,0.07879178296948823,0.17975529704690296,5.2679,11,12,capitalisation
Switzerland,1920,-0.1484883459991061,-0.2635243739490538,-0.14871080358775168,5.9161,11,12,capitalisation
Switzerland,1921,0.21853772011031913,0.2689323056553492,0.21443894163430888,5.7624,12,13,capitalisation
Switzerland,1922,0.3718133676998976,0.3969151650680909,0.37403766624001245,5.2452,13,14,capitalisation
Switzerland,1923,1.4807368490228994,0.2825410989658894,1.462652774366247,5.5371,13,14,capitalisation
Switzerland,1924,0.10869021007904789,0.1579817141168313,0.10832806920575022,5.4876,12,13,capitalisation
Switzerland,1925,0.13528436867556137,0.1667256358503324,0.13599455967844687,5.1742,13,14,capitalisation
Switzerland,1926,0.22249066185317834,0.18677228038948865,0.22311327923972502,5.1779,12,13,capitalisation
Switzerland,1927,0.33615263254904626,0.29802477350950723,0.3350832516105533,5.1916,12,13,capitalisation
Switzerland,1928,0.3375011085648434,0.36054690592452,0.33504115417778024,5.1922,12,13,capitalisation
Switzerland,1929,-0.05752118449060084,-0.06250984070328816,-0.05758392780050703,5.1869,13,14,capitalisation
Switzerland,1930,-0.22345972740760311,-0.21461932907367537,-0.2206428707219702,5.1594,13,14,capitalisation
Switzerland,1931,-0.34532034591041916,-0.3153987235011946,-0.3437544074042931,5.1544,13,14,capitalisation
Switzerland,1932,-0.005649025102395622,0.028515614197841672,-0.0026359913185013406,5.1533,13,14,capitalisation
Switzerland,1933,0.23078587482187318,0.4415785015385495,0.2289199606394119,4.0265,13,14,capitalisation
Switzerland,1934,-0.18199238515596206,-0.02854990441780247,-0.17958649448984487,3.0896,13,14,capitalisation
Switzerland,1935,0.3483330572659675,0.3426932080047376,0.33895852547623995,3.0772,13,14,capitalisation
Switzerland,1936,0.38104096944616916,0.29201711345770504,0.38282262227494424,3.3125,13,14,capitalisation
Switzerland,1937,-0.08079890824248015,-0.2690826175047961,-0.07889088334582017,4.3596,13,14,capitalisation
Switzerland,1938,0.1096142304567973,0.13131748134349733,0.10719584697159279,4.3723,13,14,capitalisation
Switzerland,1939,0.040125566438268256,0.03838284730194963,0.03555397813640715,4.4396,14,15,capitalisation
Switzerland,1940,-0.10353941834564862,-0.05122569108603031,-0.10251491744552177,4.4099,12,13,capitalisation
Switzerland,1941,-0.16526908804284945,-0.10977506382237352,-0.15894351748628754,4.3086,11,12,capitalisation
Switzerland,1942,-0.019225432773898432,0.015847124693594727,-0.019707566717220404,4.3,11,12,capitalisation
Switzerland,1943,0.15762256471377611,0.12654187845756204,0.15314608038855893,4.297,11,12,capitalisation
Switzerland,1944,0.11344658895105497,0.10380612784122523,0.1120588754072136,4.29,11,12,capitalisation
Switzerland,1945,0.251975043488998,0.22338179609415998,0.2501953825069181,4.29,10,11,capitalisation
Switzerland,1946,-0.2586500786897328,-0.12263390510082985,-0.2534448440227055,3.6,10,11,capitalisation
Switzerland,1947,0.11488847878605535,-0.12084111699018248,0.11365815663658663,4.14,12,13,capitalisation
Switzerland,1948,-0.10445803763824735,-0.09861173493410484,-0.10393104696347111,3.99,12,13,capitalisation
Switzerland,1949,0.23840986334651615,0.1356714565414891,0.23619809773099631,4.3,12,12,capitalisation
Switzerland,1950,0.26370418424655817,0.2252123142657317,0.260220295940341,4.29,13,14,capitalisation
Switzerland,1951,0.22728498274695563,0.16754035671838186,0.22549776728423265,4.36,13,14,capitalisation
Switzerland,1952,0.1160478601791739,0.12593607989921343,0.11471156739931754,4.28,13,14,capitalisation
Switzerland,1953,0.0639259719953349,0.040800499382413785,0.06499165104285165,4.29,14,15,capitalisation
Switzerland,1954,0.46834241387204845,0.4700865986740231,0.4632696279491413,4.28,13,14,capitalisation
Switzerland,1955,0.28539575101756975,0.29681564308836805,0.2805301319617375,4.28,14,15,capitalisation
Switzerland,1956,0.051362229807203175,0.05227393313865843,0.05055729627687411,4.28,14,15,capitalisation
Switzerland,1957,-0.08806979679136284,-0.09295502744038361,-0.08859981883554213,4.28,14,15,capitalisation
Switzerland,1958,0.3001823291409842,0.27510844285046077,0.29854128956855,4.307999999,14,15,capitalisation
Switzerland,1959,0.2147597494799196,0.18940221687164976,0.21603818387587448,4.322999999,14,15,capitalisation
Switzerland,1960,0.026980005638753468,0.02341942655435025,0.03333536745142318,4.304999999,14,15,capitalisation
Switzerland,1961,0.20808339075432025,0.20156419089630653,0.21332006072934329,4.315999999,14,15,capitalisation
Switzerland,1962,-0.13269001808741376,-0.11053365548811615,-0.13456109622786205,4.318999999,14,15,capitalisation
Switzerland,1963,0.1263164206560563,0.135392987523595,0.1231571619383629,4.314999999,14,15,capitalisation
Switzerland,1964,0.0814121510876551,0.09300765726832684,0.0784226825546348,4.314999999,14,15,capitalisation
Switzerland,1965,0.05411405601228192,0.06573068380547518,0.05191022661436562,4.317999999,14,15,capitalisation
Switzerland,1966,-0.10298466307319476,-0.09297735306501072,-0.10363682898591453,4.326999999,14,15,capitalisation
Switzerland,1967,0.14314490168454985,0.15866770520633228,0.1460677163605133,4.324999999,14,15,capitalisation
Switzerland,1968,0.1275097470780815,0.1135550801354344,0.1302073164626223,4.301999999,14,15,capitalisation
Switzerland,1969,-0.05831229333907717,-0.08403140944378817,-0.0572417929886222,4.317999999,14,15,capitalisation
Switzerland,1970,-0.030779280244954688,-0.050124575136181175,-0.03228096798611402,4.315999999,14,15,capitalisation
Switzerland,1971,-0.02684740415737452,0.0581688292874419,-0.0255404218142653,3.914999999,14,15,capitalisation
Switzerland,1972,0.1528384880957976,0.2149045085819387,0.15258791918757542,3.773999999,14,15,capitalisation
Switzerland,1973,-0.22493939310360866,-0.12271643227779902,-0.2253901578423264,3.243999999,14,15,capitalisation
Switzerland,1974,-0.4404964121441465,-0.3093584082575345,-0.439947316323292,2.539999999,14,15,capitalisation
Switzerland,1975,0.21434299731850848,0.15608978087423783,0.2161431411736643,2.619999999,14,15,capitalisation
Switzerland,1976,0.06685936630361788,0.08177514125412255,0.06677570831690827,2.4495,14,15,capitalisation
Switzerland,1977,-0.18441151777868403,-0.09848890930258433,-0.18093025656353567,1.999999999,14,15,capitalisation
Switzerland,1978,-0.06330306936883878,0.03292665394583729,-0.06245054505215997,1.619999999,14,15,capitalisation
Switzerland,1979,0.04421284595327091,0.06164020811730969,0.04466120905444537,1.579999999,14,15,capitalisation
Switzerland,1980,0.3571918781576071,0.12022256977819251,0.3513063181434324,1.763499999,14,15,capitalisation
Switzerland,1981,-0.05884908694247615,-0.061994380252880836,-0.06062624873948885,1.798499999,14,15,capitalisation
Switzerland,1982,0.14891114405416594,0.06429143789122783,0.1477622058633583,1.994499999,14,15,capitalisation
Switzerland,1983,0.31474799265862896,0.2089844630092504,0.3135539642946321,2.179499999,14,15,capitalisation
Switzerland,1984,0.2313072385191377,0.06673270529450101,0.22818121863809737,2.585,14,15,capitalisation
Switzerland,1985,0.11748557314332708,0.2684968574451248,0.1243783955129174,2.076499999,14,15,capitalisation
Switzerland,1986,0.09287967141315234,0.2597162454633618,0.09280331165751177,1.6235,14,15,capitalisation
Switzerland,1987,-0.021379741875868885,0.08446539515408806,-0.026210867079668243,1.278,14,15,capitalisation
Switzerland,1988,0.344578203953259,0.14895762347931046,0.3427438783684842,1.504,14,15,capitalisation
Switzerland,1989,0.1955411971352885,0.20991927958207146,0.19544100151621424,1.5465,14,15,capitalisation
Switzerland,1990,-0.24691609520999613,-0.1285036368835252,-0.24674561312422705,1.2955,14,15,capitalisation
Switzerland,1991,0.08600972781722649,0.042153600875732396,0.08637332513418983,1.3555,14,15,capitalisation
Switzerland,1992,0.030411820101983622,-0.010880832498345414,0.031751661502904316,1.456,14,15,capitalisation
Switzerland,1993,0.15050538581701534,0.13419892481388745,0.15542621904683251,1.4795,14,15,capitalisation
Switzerland,1994,-0.07303359250526009,-0.01101487526831628,-0.07323705140776526,1.3115,14,15,capitalisation
Switzerland,1995,0.04710291780303666,0.18297704186780078,0.04989474087444146,1.1505,14,15,capitalisation
Switzerland,1996,0.3855162115639508,0.20318610049745306,0.3818133359949576,1.3464,14,15,capitalisation
Switzerland,1997,0.295501443936774,0.2305352407349603,0.2998837430323884,1.4553,14,15,capitalisation
Switzerland,1998,0.16697805181486913,0.1946089603140261,0.1666701961154966,1.3765,14,15,capitalisation
Switzerland,1999,0.41442375369540296,0.22932139409601102,0.40765466331949285,1.5996,14,15,capitalisation
Switzerland,2000,-0.05607356487439885,-0.051050934619625885,-0.052843582051839366,1.6365,14,15,capitalisation
Switzerland,2001,-0.15462347460693426,-0.16492476054240546,-0.15635755842193377,1.6773,14,15,capitalisation
Switzerland,2002,-0.32305250298681787,-0.22899632063056127,-0.3217838600798901,1.3868,14,15,capitalisation
Switzerland,2003,0.1257867417599885,0.17271132711584944,0.1276158842994568,1.2369,14,15,capitalisation
Switzerland,2004,0.06638823209994937,0.12731270100498557,0.06627035953192006,1.1316,14,15,capitalisation
Switzerland,2005,0.2328398309989217,0.09403426424937014,0.23482253361731997,1.3143,14,15,capitalisation
Switzerland,2006,0.11938784931060065,0.15778605969689669,0.12101017434994876,1.2203,14,15,capitalisation
Switzerland,2007,0.008874793473118592,0.04110096241992124,0.008495414881741103,1.1255,14,15,capitalisation
Switzerland,2008,-0.4223211328475053,-0.4048008632854069,-0.4208764981408124,1.0637,14,15,capitalisation
Switzerland,2009,0.2250991486099354,0.23537418718101977,0.22540118879827875,1.0305,14,15,capitalisation
Switzerland,2010,0.010102769490549779,0.0931240963101882,0.010380797467270053,0.9396,14,15,capitalisation
Switzerland,2011,-0.023863372157515994,-0.048140870957517824,-0.025067370515305165,0.9409,14,15,capitalisation
Switzerland,2012,0.12723641031271327,0.13078166017157272,0.12852436325982075,0.9166,14,15,capitalisation
Switzerland,2013,0.2659844080645486,0.309168131721226,0.26561740329826344,0.8915,14,15,capitalisation
Switzerland,2014,0.20680813399151843,0.11329045201888141,0.20527087748965012,0.9891,14,15,capitalisation
Switzerland,2015,0.04007054461674886,0.0446464215454692,0.04004056634797948,0.9921,14,15,capitalisation
Switzerland,2016,0.06453343349918073,0.028189143549460335,0.06309592652524687,1.016,14,15,capitalisation
Switzerland,2017,0.16873389981444809,0.16580483678410057,0.1692212538702682,0.9753,14,15,capitalisation
Switzerland,2018,-0.0008411189529151653,-0.007364126859170644,-0.0018388828861035655,0.9847,14,15,PIB proxy
Switzerland,2019,0.12482299885872017,0.13778232661734346,0.12655872340986618,0.9682,14,15,PIB proxy
Switzerland,2020,0.03145279969408987,0.07588674009786611,0.0316174542807961,0.8806,14,15,PIB proxy
Switzerland,2021,0.19457175701900442,0.17911537933350324,0.1946173605010404,0.8579994829508036,14,15,PIB proxy
Switzerland,2022,-0.13447415580781485,-0.14635356947835065,-0.13388525502720727,0.8962976187177778,14,15,PIB proxy
Switzerland,2023,0.12273525633443194,0.17182049002292596,0.12151810636039939,0.8435977998768119,14,15,PIB proxy
Switzerland,2024,0.15980633212238238,0.1752754670832093,0.15961751623256237,0.826107829906586,14,15,PIB proxy
Switzerland,2025,0.14982234960431895,0.17345391857515982,0.1494080046496309,0.7798482763250719,14,15,PIB proxy
Germany,1871,0.30315565028158953,0.33768214464515617,0.30705865561493395,3.6960599999999995e-12,4,5,PIB proxy
Germany,1872,0.11153021730357549,0.1504439043720263,0.09696348935283794,3.6989832e-12,6,7,PIB proxy
Germany,1873,-0.08666579458872603,-0.02666238486582438,-0.10065659039246488,3.6105075e-12,7,8,PIB proxy
Germany,1874,0.0792831271891905,0.08588514034768868,0.04987802845938294,3.7361250000000005e-12,8,9,PIB proxy
Germany,1875,0.14882691490776212,0.13790338979891897,0.10506625505960021,3.6608307e-12,8,9,PIB proxy
Germany,1876,-0.02089473745059256,-0.035129727819484036,0.00022005826284088315,3.7680296e-12,8,9,PIB proxy
Germany,1877,0.06738532594773483,0.04757079783712548,0.05758454167750804,4.026483e-12,6,7,capitalisation
Germany,1878,0.14241231640079444,0.12963933799024177,0.1395885237342318,4.1765035e-12,8,9,PIB proxy
Germany,1879,0.33909492542847963,0.31191331452761023,0.34590400587226156,4.209198e-12,8,9,PIB proxy
Germany,1880,0.17570953301755488,0.2058195761645664,0.1646170938572431,4.216752e-12,6,7,capitalisation
Germany,1881,0.16453061930517565,0.14661223070347143,0.1709866016082109,4.229631e-12,8,9,PIB proxy
Germany,1882,-0.04713967068527558,-0.031225091946765815,-0.039787986219485205,4.202491e-12,9,10,PIB proxy
Germany,1883,0.035547217053758295,0.0016454067969765476,0.05305139443082907,4.213696999999999e-12,9,10,PIB proxy
Germany,1884,0.05500646512278018,0.05101870632513376,0.05842363584913324,4.207962e-12,7,8,capitalisation
Germany,1885,0.17401502796137303,0.1630806964061809,0.14487099151760874,4.2015954e-12,9,10,PIB proxy
Germany,1886,0.09927110189575594,0.11016767799533503,0.10072627676701029,4.1946343999999996e-12,9,10,PIB proxy
Germany,1887,0.004997037701393703,0.0019074587583651874,0.00524491776410585,4.1948e-12,10,11,PIB proxy
Germany,1888,0.03597428908689326,0.04853073558939822,0.05976065252105234,4.1797e-12,10,11,PIB proxy
Germany,1889,0.06010843455249404,0.09727321046643342,0.07497020929545783,4.1864e-12,10,11,PIB proxy
Germany,1890,-0.06777108871658999,-0.04541503624539362,-0.0677195243097024,4.181899999999999e-12,10,11,PIB proxy
Germany,1891,0.07156258621242695,0.0917506975486073,0.04485144493616233,4.1794e-12,10,11,PIB proxy
Germany,1892,0.06913800634211165,0.09458705714941032,0.06844025868930625,4.1784e-12,10,11,PIB proxy
Germany,1893,-0.01012097622441499,-0.03545576968923965,0.013800356622284626,4.1875e-12,10,11,PIB proxy
Germany,1894,0.05852546234556111,0.06147220512239305,0.0862771718890658,4.180799999999999e-12,10,11,PIB proxy
Germany,1895,0.057459346344772566,0.0978768053836124,0.06900871155930943,4.1753e-12,10,11,PIB proxy
Germany,1896,0.07879127631434368,0.07258891278809565,0.07892398273154,4.1812e-12,10,11,PIB proxy
Germany,1897,0.07082267457405789,0.09045452128111614,0.068291951448755,4.1856e-12,11,12,PIB proxy
Germany,1898,0.13433674241314253,0.12631457502521284,0.12485849771724178,4.2091e-12,11,12,PIB proxy
Germany,1899,0.054200444128157166,0.08137162110822795,0.04628297857786534,4.1963e-12,9,10,capitalisation
Germany,1900,0.09597086342655259,0.10269556897205948,0.06816378375355048,4.2012e-12,10,11,capitalisation
Germany,1901,0.07665424247308894,0.07547636055269785,0.06918374318622855,4.1853e-12,14,15,PIB proxy
Germany,1902,0.04369491913147572,0.041205057438220796,0.04743235608227914,4.1937e-12,12,13,capitalisation
Germany,1903,-0.07482013008917798,-0.09203414463327222,-0.054631789177263856,4.196399999999999e-12,12,13,capitalisation
Germany,1904,0.21507436800410007,0.21768893933183012,0.20218435535845458,4.1788e-12,12,13,capitalisation
Germany,1905,0.12739911508775492,0.1670609316524671,0.11685530445389047,4.184200000000001e-12,12,13,capitalisation
Germany,1906,0.07913353390385369,0.10242164732071901,0.06458316660674934,4.2154e-12,14,15,PIB proxy
Germany,1907,-0.18379455433849523,-0.21659069329245575,-0.15404009067511293,4.203299999999999e-12,12,13,capitalisation
Germany,1908,0.26196437631969305,0.2743220280720015,0.22148226992543596,4.197e-12,12,13,capitalisation
Germany,1909,0.12891773793398298,0.18091586839861026,0.12581306679427628,4.1879999999999995e-12,12,13,capitalisation
Germany,1910,-0.06074992069664309,-0.06103939645592726,-0.046652133917952865,4.2023e-12,12,13,capitalisation
Germany,1911,0.059292300447455926,0.04575150573843358,0.058268269082530244,4.197900000000001e-12,12,13,capitalisation
Germany,1912,0.06182189663432025,0.04887757671722874,0.05914892389174553,4.201e-12,12,13,capitalisation
Germany,1913,-0.0588622045326741,-0.062402760310572944,-0.044106444594212424,4.2107e-12,13,14,capitalisation
Germany,1914,-0.055284160283688544,-0.05647801314821112,-0.06406678389707654,4.28e-12,14,15,capitalisation
Germany,1915,0.08361929195575546,0.1614606498654127,0.05100435722371066,4.86e-12,12,13,capitalisation
Germany,1916,-0.016109644070917417,0.03396369703037062,-0.03028071121258835,5.519999999999999e-12,12,13,capitalisation
Germany,1917,-0.3119936052951161,-0.29132183399604555,-0.2951636550133121,6.58e-12,12,13,capitalisation
Germany,1918,-0.10863868859010806,-0.010789329895276104,-0.15514540530670418,6.01e-12,11,12,capitalisation
Germany,1919,1.827121231923313,0.05764288804349449,1.6420005767328667,1.976e-11,11,12,capitalisation
Germany,1920,0.05473617564384914,-0.2514922379054168,-0.0055181274889254395,6.306e-11,11,12,capitalisation
Germany,1921,0.37029534054225,0.20761819036925355,0.40832494313075585,1.0457e-10,12,13,capitalisation
Germany,1922,0.9972471632489943,0.29629335461486705,0.9864747390881417,1.88578e-09,13,14,capitalisation
Germany,1923,-0.7236006025056778,0.053430000578401624,-0.37403547265742776,0.5349,13,14,capitalisation
Germany,1924,0.09159027979565049,0.15676964772414317,0.09159027979565049,4.2011511154056205,13,13,capitalisation
Germany,1925,0.13288728392225613,0.21052096599240078,0.09483099047377919,4.200445247196203,13,14,capitalisation
Germany,1926,0.10963217499490852,0.12770358226631856,0.17076987840232505,4.202386955790889,12,13,capitalisation
Germany,1927,0.2803472191053389,0.33503879469838593,0.24746775900773077,4.184100418410042,12,13,capitalisation
Germany,1928,0.32912959823369836,0.3764362665716003,0.3133768820503724,4.201680672268907,12,13,capitalisation
Germany,1929,-0.06453242555360106,-0.053733393363610445,-0.0727685690082841,4.184100418410042,13,14,capitalisation
Germany,1930,-0.194714614853856,-0.21071328302677061,-0.19655469441173878,4.201680672268907,13,14,capitalisation
Germany,1931,-0.31684555698521655,-0.3156043375567114,-0.3156008241361328,4.23728813559322,13,14,capitalisation
Germany,1932,0.012447542464148142,0.02073396403695277,0.022875216062574477,4.201680672268907,13,14,capitalisation
Germany,1933,-0.03543472324092223,0.45025317075297344,-0.023634985933265074,2.679528403001072,13,14,capitalisation
Germany,1934,-0.05458306663706669,-0.03627083960184586,-0.04655185163801634,2.488181139586962,13,14,capitalisation
Germany,1935,0.3219434593837942,0.3455081948920434,0.31126416682793656,2.486325211337643,13,14,capitalisation
Germany,1936,0.294103304308837,0.2954600602875587,0.2938233999120079,2.4857071836937608,13,14,capitalisation
Germany,1937,-0.2834722745243178,-0.27727417255761705,-0.26961104184222506,2.481389578163772,13,14,capitalisation
Germany,1938,0.08999167637545447,0.1397868600955287,0.08179629659856347,2.450980392156863,13,14,capitalisation
Germany,1939,0.040641395532450275,0.02866639603051626,0.04523294538287126,2.4937655860349124,14,15,capitalisation
Germany,1940,-0.05763821189357832,-0.070691415119323,-0.038898951870958154,2.5012506253126565,12,13,capitalisation
Germany,1941,-0.041019170855818965,-0.11537089347406924,-0.035020978085472,2.4893917963224896,11,12,capitalisation
Germany,1942,0.053483182926684414,0.0068247534010069735,0.057699804593245974,2.4893917963224896,11,12,capitalisation
Germany,1943,0.22023854002451881,0.13057593487897684,0.20494622213657832,2.4893917963224896,11,12,capitalisation
Germany,1944,0.12513243533592244,0.10959471142433741,0.11702538265702134,2.4893917963224896,11,12,capitalisation
Germany,1947,0.28135968357028496,-0.12413534142415711,0.2683839204610363,23.5,12,13,capitalisation
Germany,1948,-0.23764106457981238,-0.051002803285252724,-0.27447336503107833,20.5,12,13,capitalisation
Germany,1949,-0.6862472295770632,0.13602396647361978,-0.6862472295770632,6.05,12,12,capitalisation
Germany,1950,-0.08030093361084945,0.22648460246261315,-0.07940082612264043,4.199999999,13,14,capitalisation
Germany,1951,0.1619110206943719,0.15520193497102003,0.17360625342529334,4.199999999,13,14,capitalisation
Germany,1952,0.138506849924541,0.12264075958183508,0.13984775391029203,4.199999999,13,14,capitalisation
Germany,1953,0.07193328545033983,0.03806130801347223,0.07563587370884473,4.199999999,14,15,capitalisation
Germany,1954,0.46414131748035437,0.45542194952811693,0.4734997310448068,4.199799999,13,14,capitalisation
Germany,1955,0.2814273427027154,0.29740250336074137,0.27618199097640694,4.215199999,14,15,capitalisation
Germany,1956,0.0388554524040976,0.05501008698670026,0.035748665788499556,4.198599999,14,15,capitalisation
Germany,1957,-0.09315942551390755,-0.0973890271377082,-0.08928394433513642,4.201699999,14,15,capitalisation
Germany,1958,0.26999325440859145,0.26416430816594594,0.2795500991303148,4.177499999,14,15,capitalisation
Germany,1959,0.16702716495520553,0.1679132839232994,0.19020559129222536,4.169999999,14,15,capitalisation
Germany,1960,0.018898352519482353,0.010881133708281636,0.03741250075647118,4.170999999,14,15,capitalisation
Germany,1961,0.17293714238590208,0.22905029873260405,0.15470526959347808,3.996499999,14,15,capitalisation
Germany,1962,-0.11614461207130311,-0.1057265135486521,-0.12278029352647457,3.997999999,14,15,capitalisation
Germany,1963,0.12439711832416656,0.13418873589955577,0.12271638793524509,3.975199999,14,15,capitalisation
Germany,1964,0.08745570722172435,0.09075804570116705,0.086670349917078,3.976999999,14,15,capitalisation
Germany,1965,0.06995781749126428,0.07281588437824218,0.06062664054558753,4.005599999,14,15,capitalisation
Germany,1966,-0.09959807499267248,-0.0911097724111777,-0.10193403702312753,3.977299999,14,15,capitalisation
Germany,1967,0.17407495350448476,0.15458909418361116,0.18025267040150816,3.998999999,14,15,capitalisation
Germany,1968,0.14534653322699564,0.11542963807600054,0.14519412068870996,3.999499999,14,15,capitalisation
Germany,1969,-0.13999986202597192,-0.09259747013246047,-0.1282028145458065,3.689899999,14,15,capitalisation
Germany,1970,-0.03141944817254727,-0.042104510750373095,-0.04116571252155865,3.647999999,14,15,capitalisation
Germany,1971,-0.026967196483468348,0.05999347209218655,-0.025262070795011637,3.268499999,14,15,capitalisation
Germany,1972,0.18701291471775416,0.21794842181543378,0.18406835696755275,3.201499999,14,15,capitalisation
Germany,1973,-0.22729859099173488,-0.12160437212104186,-0.22663902189913654,2.702999999,14,15,capitalisation
Germany,1974,-0.35581815256153915,-0.3192160583477059,-0.34567800732417153,2.409499999,14,15,capitalisation
Germany,1975,0.29460154198908994,0.15516795570959735,0.2922984085654128,2.622299999,14,15,capitalisation
Germany,1976,0.005290708710042669,0.0875638218552545,0.0025474808060239607,2.362499999,14,15,capitalisation
Germany,1977,-0.13413475349280024,-0.10236165862961834,-0.12692112865335203,2.104999999,14,15,capitalisation
Germany,1978,-0.014873224642841798,0.029725238352332158,-0.010803859283546213,1.827999999,14,15,capitalisation
Germany,1979,0.015918712301856486,0.06990255865861225,0.010000867365010047,1.731499999,14,15,capitalisation
Germany,1980,0.3643765289295362,0.12321667414967394,0.35160005477549294,1.959,14,15,capitalisation
Germany,1981,0.06444987960945903,-0.06456773058855246,0.06182122953905522,2.254799999,14,15,capitalisation
Germany,1982,0.09497881059559754,0.0636377445570324,0.09485675857524978,2.376499999,14,15,capitalisation
Germany,1983,0.37436485174449396,0.205108356289049,0.37361185790793083,2.723799999,14,15,capitalisation
Germany,1984,0.20672403563985542,0.06539209877715353,0.20271924123298923,3.148,14,15,capitalisation
Germany,1985,0.0884577379376954,0.2597449490446231,0.10788331149771757,2.4613,14,15,capitalisation
Germany,1986,0.10987560212324587,0.26151931653099436,0.11182591807426956,1.9408,14,15,capitalisation
Germany,1987,0.03565116781556377,0.09568999985736568,0.020155542902402956,1.5815,14,15,capitalisation
Germany,1988,0.29266600073169813,0.14659153744659575,0.29182934645309655,1.7803,14,15,capitalisation
Germany,1989,0.1077082921936412,0.20747905791269605,0.11282355684618928,1.6978,14,15,capitalisation
Germany,1990,-0.1910339498489193,-0.1311909834177314,-0.18782969318042986,1.494,14,15,capitalisation
Germany,1991,0.075565194698755,0.04152292476707224,0.07602097649303619,1.516,14,15,capitalisation
Germany,1992,0.0157867596043757,-0.006839704416235993,0.012842874690494055,1.614,14,15,capitalisation
Germany,1993,0.19607340575207144,0.13037350225297925,0.20292043623214662,1.7263,14,15,capitalisation
Germany,1994,-0.07863745392717836,-0.009041116519249376,-0.07928385429860108,1.5488,14,15,capitalisation
Germany,1995,0.10969068185382813,0.1887668325698086,0.10740438010766384,1.4335,14,15,capitalisation
Germany,1996,0.27454357212264546,0.20263610716912303,0.27215209260794504,1.5548,14,15,capitalisation
Germany,1997,0.37196163556073225,0.2304199108629128,0.3725099595323327,1.7921,14,15,capitalisation
Germany,1998,0.14483348987410927,0.19567709758998753,0.1449953192182909,1.673,14,15,capitalisation
Germany,1999,0.41622721298199683,0.22287593642992362,0.4114280296971884,1.9468743778618356,14,15,capitalisation
Germany,2000,0.007610810728226447,-0.04424146754942035,0.0010935425111704422,2.101912950026867,14,15,capitalisation
Germany,2001,-0.13555921777531366,-0.16484199835565258,-0.13868846666690005,2.2192556450697833,14,15,capitalisation
Germany,2002,-0.31001023768466807,-0.21980097456229986,-0.31517179400596407,1.865004291026986,14,15,capitalisation
Germany,2003,0.032851802828509635,0.16634600737381228,0.04500841858502924,1.5485589865399843,14,15,capitalisation
Germany,2004,0.07079405267617833,0.12842024047003753,0.07060776926185897,1.4358931062330225,14,15,capitalisation
Germany,2005,0.21702386846451138,0.09281955937683531,0.21844557035107592,1.657904552004747,14,15,capitalisation
Germany,2006,0.06816357359631353,0.15621381367611226,0.07382566550776093,1.485064540622627,14,15,capitalisation
Germany,2007,-0.04557641544090363,0.0342511895427028,-0.036635349533749584,1.3285986006385428,14,15,capitalisation
Germany,2008,-0.34962343370640514,-0.40193793173905307,-0.35382742632556485,1.4053531651936473,14,15,capitalisation
Germany,2009,0.21131504966620218,0.23469653222298692,0.21310491438817358,1.3576495904484234,14,15,capitalisation
Germany,2010,0.19037139437626438,0.08815846285830009,0.18961612134176797,1.4637254901960783,14,15,capitalisation
Germany,2011,-0.009990411237277397,-0.04352445127744999,-0.016700666162183797,1.5115774016539145,14,15,capitalisation
Germany,2012,0.09758553695813577,0.1263204697510893,0.10442772530056388,1.482363195391845,14,15,capitalisation
Germany,2013,0.2215828937523625,0.3105916278944766,0.22269638741579167,1.4181930244362266,14,15,capitalisation
Germany,2014,0.23297731937001598,0.11748015623615476,0.22441328491963386,1.6109299069269414,14,15,capitalisation
Germany,2015,0.13660533409000353,0.0420501903103635,0.13540952786508642,1.7964820428033434,14,15,capitalisation
Germany,2016,0.06398129752823811,0.026415820945103117,0.0635169074469133,1.8554501470448723,14,15,capitalisation
Germany,2017,0.054516865530750636,0.16728211717986385,0.058149166452396095,1.6308096389560587,14,15,capitalisation
Germany,2018,0.04567462787343124,0.00876565909867253,0.02535144869160444,1.7081484716157205,14,15,PIB proxy
Germany,2019,0.15109000812212936,0.1324935117898265,0.15635568242899467,1.7409916325440622,14,15,PIB proxy
Germany,2020,0.022763881706530986,0.0759488650516339,0.027035223644598982,1.5938635808002606,14,15,PIB proxy
Germany,2021,0.1579486604353848,0.18520659227296538,0.1544321380938578,1.537792930668918,14,15,PIB proxy
Germany,2022,-0.10407565622671855,-0.1512904211740037,-0.10245282067015171,1.7300974829186422,14,15,PIB proxy
Germany,2023,0.12216144119340244,0.18072375537913526,0.1164668004216427,1.6815250961534343,14,15,PIB proxy
Germany,2024,0.16125310960091555,0.16752747818672956,0.16917006067831575,1.679843667398604,14,15,PIB proxy
Germany,2025,0.14874775911743576,0.1787625606647155,0.14521444826260965,1.6118176043802148,14,15,PIB proxy
Denmark,1874,0.1038045354275321,0.053569695509345754,0.10455132381842702,3.345723,8,9,PIB proxy
Denmark,1875,0.1363561481963691,0.09584000485762292,0.13688038849724493,3.2547277,8,9,PIB proxy
Denmark,1876,0.06032621614390066,-0.01106478208647976,0.05999777497471337,3.3457535999999997,8,9,PIB proxy
Denmark,1877,0.11027426583907474,0.04282057157261374,0.10873997364273835,3.5828390000000003,6,7,capitalisation
Denmark,1878,0.18384068529716657,0.1286884814537559,0.18436962604227358,3.7182189999999995,8,9,PIB proxy
Denmark,1879,0.29677998743409195,0.32710493480871716,0.29524440782913075,3.7388999999999997,8,9,PIB proxy
Denmark,1880,0.12403235373690347,0.191842439106083,0.12391838175703662,3.741,6,7,capitalisation
Denmark,1881,0.13290150766108044,0.1578480361812595,0.1322007068486335,3.7667789999999997,8,9,PIB proxy
Denmark,1882,-0.023824446431733315,-0.028212053529704503,-0.02286466871172077,3.7378971000000005,9,10,PIB proxy
Denmark,1883,0.07415750703517876,0.02502197280284186,0.07471589957724478,3.750778,9,10,PIB proxy
Denmark,1884,0.07338344072299297,0.054968561630344005,0.07324016078327844,3.746934,7,8,capitalisation
Denmark,1885,0.15804884011892706,0.1381933683331207,0.15591347498330554,3.7477918000000003,9,10,PIB proxy
Denmark,1886,0.14112668784500637,0.1086186329466418,0.1414387605588967,3.7328378999999994,9,10,PIB proxy
Denmark,1887,0.007393242336864336,0.002453962045806007,0.007659435445919627,3.7419515999999997,10,11,PIB proxy
Denmark,1888,0.09513102988090605,0.06895856230639524,0.09573104834369683,3.7274268,10,11,PIB proxy
Denmark,1889,0.07392518256824343,0.10502503341497182,0.07369549338840309,3.7354044,10,11,PIB proxy
Denmark,1890,-0.05319980117245693,-0.05038872566705197,-0.052700179973421135,3.7404488000000002,10,11,PIB proxy
Denmark,1891,-0.03075671569105809,0.06204548828652075,-0.030992484445016566,3.7342778,10,11,PIB proxy
Denmark,1892,0.1171742796571964,0.08846838654506281,0.1171890093588297,3.722328,10,11,PIB proxy
Denmark,1893,0.01221406037349304,-0.00795119166855255,0.013479082621100202,3.7326680000000003,10,11,PIB proxy
Denmark,1894,0.09050190359492949,0.08818501516817845,0.09089976999727645,3.717059999999999,10,11,PIB proxy
Denmark,1895,0.11676392048186757,0.10043855359870803,0.11700192823760269,3.7149222,10,11,PIB proxy
Denmark,1896,0.11974476471917961,0.07377321844144835,0.11954111591278416,3.7282480000000002,10,11,PIB proxy
Denmark,1897,0.08697863421431529,0.0841851025834983,0.08645997065854139,3.7302008000000004,11,12,PIB proxy
Denmark,1898,0.06989753549582822,0.11961421242204776,0.06932351186421548,3.7536285000000005,11,12,PIB proxy
Denmark,1899,0.049083162751984544,0.06948988830143374,0.04823103500462733,3.746032,9,10,capitalisation
Denmark,1900,0.06932280004311808,0.0743026563964559,0.06894399937176177,3.7501440000000006,10,11,capitalisation
Denmark,1901,0.030341680421621664,0.06873065829099809,0.030195658813775728,3.7282788,14,15,PIB proxy
Denmark,1902,0.05555992508106744,0.044953950106531276,0.05575103334515297,3.7348176000000004,12,13,capitalisation
Denmark,1903,-0.020719005646011812,-0.07112229239101436,-0.019799733705466838,3.7413032,12,13,capitalisation
Denmark,1904,0.20610469536203024,0.2055130828117228,0.20501281339416844,3.7343774,12,13,capitalisation
Denmark,1905,0.12616369001318928,0.15142470669316982,0.1257517940570545,3.7371912,12,13,capitalisation
Denmark,1906,0.10769970452944833,0.0833309208542402,0.10754743156739077,3.7555542,14,15,PIB proxy
Denmark,1907,-0.20369910886964615,-0.1833277607120136,-0.20254689295467943,3.760995,12,13,capitalisation
Denmark,1908,0.19350155887153808,0.23477836369750466,0.19089731391063713,3.740922,12,13,capitalisation
Denmark,1909,0.19891728245591622,0.17061138988537392,0.19852739387991414,3.7348452,12,13,capitalisation
Denmark,1910,-0.024399235100155292,-0.04761273301273211,-0.023865213268653096,3.7427424,12,13,capitalisation
Denmark,1911,0.07061033050187215,0.045995269683905014,0.07118649859804083,3.7433286,12,13,capitalisation
Denmark,1912,0.01764654811963018,0.04846056390672343,0.01766962104576808,3.7444154999999997,12,13,capitalisation
Denmark,1913,-0.08040902801382221,-0.047453563561285377,-0.07975150652146401,3.7377,13,14,capitalisation
Denmark,1914,-0.0773275069646665,-0.06537437278834324,-0.07693047350409121,3.7558,14,15,capitalisation
Denmark,1915,0.011599714027402896,0.11587933271124758,0.013205641339986807,3.8765,12,13,capitalisation
Denmark,1916,-0.1291765489960356,0.009825586356966497,-0.12474132174552921,3.5315,12,13,capitalisation
Denmark,1917,-0.27902726204178985,-0.279053403831347,-0.277053128984893,3.3294,12,13,capitalisation
Denmark,1918,-0.04136710457505888,-0.07483636685765173,-0.03980777390773549,3.3065,11,12,capitalisation
Denmark,1919,0.17654680133823453,0.07904072169676683,0.16898715888595706,4.2946,11,12,capitalisation
Denmark,1920,-0.04573294737484257,-0.26219657204991936,-0.04854811737200515,6.3391,11,12,capitalisation
Denmark,1921,0.16537041711898826,0.2684984760720457,0.16225110263773224,5.6192,12,13,capitalisation
Denmark,1922,0.23580152046751057,0.4014315439844466,0.23451892848644773,4.774,13,14,capitalisation
Denmark,1923,1.5568411895600858,0.28140492106141196,1.5500392853648517,5.4454,13,14,capitalisation
Denmark,1924,0.1967062326002993,0.1574303399123654,0.195783767697288,5.9799,12,13,capitalisation
Denmark,1925,-0.0217280770272833,0.16749299958567718,-0.021357147729004988,4.7324,13,14,capitalisation
Denmark,1926,0.1125537372210188,0.18842690355668718,0.11243460192435806,3.8131,12,13,capitalisation
Denmark,1927,0.34242686182450144,0.298232474834441,0.34164043852038817,3.7418,12,13,capitalisation
Denmark,1928,0.34327113579543767,0.358663980651871,0.34233228311430186,3.7393,12,13,capitalisation
Denmark,1929,-0.04529581918106107,-0.06289851269666513,-0.044944859651020574,3.7481,13,14,capitalisation
Denmark,1930,-0.1940208967516307,-0.21282901870941168,-0.19318909897590208,3.7362,13,14,capitalisation
Denmark,1931,-0.2979793593453741,-0.31556708006125644,-0.2968925015276268,3.9907,13,14,capitalisation
Denmark,1932,0.23694890123424317,0.03159703978663814,0.23494712078069546,5.3102,13,14,capitalisation
Denmark,1933,0.4277090745024408,0.4361134535450035,0.426245902860811,5.2436,13,14,capitalisation
Denmark,1934,-0.13796593890321207,-0.030624206883160112,-0.13575988735649613,4.4445,13,14,capitalisation
Denmark,1935,0.3182699256505801,0.3357450461810152,0.3160949383907794,4.5697,13,14,capitalisation
Denmark,1936,0.27465502677107834,0.29608253790317446,0.273812813021892,4.5067,13,14,capitalisation
Denmark,1937,-0.28830006063447455,-0.26492556006224066,-0.28695191332222625,4.5312,13,14,capitalisation
Denmark,1938,0.10635198491599995,0.12911636256153566,0.10572477583387063,4.582,13,14,capitalisation
Denmark,1939,0.07144502780447604,0.033745870040903236,0.0713280314199154,4.9149,14,15,capitalisation
Denmark,1940,-0.1602186531964992,-0.05045401459554261,-0.1603490128470768,5.1791,12,13,capitalisation
Denmark,1941,-0.14037856004133498,-0.10555782090881874,-0.13913400483546157,5.165538461538461,11,12,capitalisation
Denmark,1942,-0.022312321378341826,0.014112783710794904,-0.02164848331168634,4.789118756429307,11,12,capitalisation
Denmark,1943,0.2009261230182744,0.12266372999701367,0.20052959883687804,4.766780432309443,11,12,capitalisation
Denmark,1944,0.11368095303627679,0.10272956487484827,0.11347166013136989,4.766780432309443,11,12,capitalisation
Denmark,1945,0.25072320605955256,0.22381952155571683,0.24885629940407683,4.773840720063804,10,11,capitalisation
Denmark,1946,0.505896801863652,-0.12019493523098765,0.5041872133273682,8.1,10,11,capitalisation
Denmark,1947,-0.010637636743040413,-0.11812628157782007,-0.010450873002618932,8.15,12,13,capitalisation
Denmark,1948,0.1016333477379836,-0.0988944684174252,0.10115725369236639,9.6,12,13,capitalisation
Denmark,1949,0.07381034775602013,0.1370961007921833,0.07309418359054942,9.3,12,12,capitalisation
Denmark,1950,0.22222780409282938,0.2228459349168812,0.22200978318263176,9.7,13,14,capitalisation
Denmark,1951,0.03780156334545337,0.16838379098602993,0.037036524281552685,8.8,13,14,capitalisation
Denmark,1952,-0.005832941683019066,0.12507045263052075,-0.006000227413177184,7.8,13,14,capitalisation
Denmark,1953,-0.0011668169313633348,0.04223348661002584,-0.0008654423889019602,7.45,14,15,capitalisation
Denmark,1954,0.48427127849766594,0.4661733669264844,0.4830014003798331,7.48,13,14,capitalisation
Denmark,1955,0.1652135696570669,0.29226039659600345,0.16502975408120868,7.11,14,15,capitalisation
Denmark,1956,0.06357674790544698,0.05130746131367327,0.0636878266424612,7.52,14,15,capitalisation
Denmark,1957,-0.16923834415648065,-0.0939599123496128,-0.1684408705892525,6.913999999,14,15,capitalisation
Denmark,1958,0.3035667639635624,0.2746091372251664,0.3027649868239526,6.905999999,14,15,capitalisation
Denmark,1959,0.18360672036063308,0.19079892557357833,0.18388815606406705,6.907999999,14,15,capitalisation
Denmark,1960,0.038923525500620615,0.0294948883424331,0.039233329734114086,6.905999999,14,15,capitalisation
Denmark,1961,0.18848114211447298,0.20748017865506446,0.1879864080380338,6.885999999,14,15,capitalisation
Denmark,1962,-0.15820839250409013,-0.11316414809529014,-0.15787356087278825,6.901999999,14,15,capitalisation
Denmark,1963,0.09778852323927478,0.13254430995577518,0.0973879970868401,6.910999999,14,15,capitalisation
Denmark,1964,0.0795539831826022,0.08954011943051321,0.07986276762282118,6.920999999,14,15,capitalisation
Denmark,1965,0.026445675832226234,0.06347663665626598,0.026419973602956892,6.890999999,14,15,capitalisation
Denmark,1966,-0.12177951661198638,-0.09400865633017791,-0.12144800951006518,6.915999999,14,15,capitalisation
Denmark,1967,0.1902300931005445,0.1623299463502113,0.18925653142386412,7.461999999,14,15,capitalisation
Denmark,1968,0.08370356617057184,0.11661506637229395,0.08355991257594031,7.500999999,14,15,capitalisation
Denmark,1969,-0.07128808564607136,-0.08299658234387125,-0.07091739021660348,7.491999999,14,15,capitalisation
Denmark,1970,-0.05846642039946692,-0.051249433072922145,-0.058558540760174194,7.488999999,14,15,capitalisation
Denmark,1971,0.019905819698497584,0.058701823431510106,0.019746635502264853,7.061999999,14,15,capitalisation
Denmark,1972,0.15995062056030696,0.2136316098397877,0.160312753623566,6.846999999,14,15,capitalisation
Denmark,1973,-0.1779032396958682,-0.12581471028680521,-0.17629773681489813,6.289999999,14,15,capitalisation
Denmark,1974,-0.38836892950756174,-0.3102085204138061,-0.3882010779921887,5.649999999,14,15,capitalisation
Denmark,1975,0.255414917999351,0.15881321368312196,0.2548695291102352,6.177499999,14,15,capitalisation
Denmark,1976,-0.003240393756829163,0.08096415451204551,-0.0024437518462300245,5.787499999,14,15,capitalisation
Denmark,1977,-0.0875394064405689,-0.09639623012000678,-0.08736615121726088,5.777499999,14,15,capitalisation
Denmark,1978,-0.06316747423137947,0.032453303249329546,-0.06325758975853879,5.089999999,14,15,capitalisation
Denmark,1979,0.06791672123361958,0.06213441799999124,0.06755553294856198,5.364999999,14,15,capitalisation
Denmark,1980,0.25821015986427853,0.11907027503176633,0.25726334996934463,6.014999999,14,15,capitalisation
Denmark,1981,0.06776075710652396,-0.06522194889433545,0.06895528715354238,7.324999999,14,15,capitalisation
Denmark,1982,0.1362903171028076,0.06390997001684257,0.1365628366811198,8.383999999,14,15,capitalisation
Denmark,1983,0.3627297888102081,0.20806623153862075,0.36364296611196045,9.875,14,15,capitalisation
Denmark,1984,0.14377496019913605,0.06615141129392539,0.14325714636286402,11.26,14,15,capitalisation
Denmark,1985,0.10206821361168505,0.2739791781995525,0.1017602644766833,8.969,14,15,capitalisation
Denmark,1986,0.1124699100584372,0.2575306915735368,0.11196174775143541,7.3425,14,15,capitalisation
Denmark,1987,0.002520766382511752,0.0784618341220065,0.0019871959399717642,6.0965,14,15,capitalisation
Denmark,1988,0.2536471782565919,0.1499912406486817,0.25322628905180977,6.874,14,15,capitalisation
Denmark,1989,0.09943822226884191,0.20912587333123045,0.10030607872362851,6.6075,14,15,capitalisation
Denmark,1990,-0.1938281786979711,-0.13079708822188346,-0.19275543311504895,5.776,14,15,capitalisation
Denmark,1991,0.09893479682448003,0.0430323463379637,0.09880818377382483,5.9135,14,15,capitalisation
Denmark,1992,0.036069934821719496,-0.008661186055806555,0.03555887463994911,6.2555,14,15,capitalisation
Denmark,1993,0.25685361491193737,0.1397625894500557,0.2560933100718499,6.7725,14,15,capitalisation
Denmark,1994,-0.07246444875853297,-0.01308337339788399,-0.07154417859329865,6.083,14,15,capitalisation
Denmark,1995,0.08862339566771404,0.1841545893212715,0.08825358332038147,5.546,14,15,capitalisation
Denmark,1996,0.2491955778984276,0.20236108994300128,0.24934126794762745,5.9445,14,15,capitalisation
Denmark,1997,0.3609694944863955,0.23538791872212414,0.36115845812452396,6.826,14,15,capitalisation
Denmark,1998,0.14021354936285824,0.1948495977815071,0.13929769103835943,6.3865,14,15,capitalisation
Denmark,1999,0.3869287423928365,0.2267156419025423,0.38622234089663876,7.3988,14,15,capitalisation
Denmark,2000,-0.008220165461536921,-0.048592741743568174,-0.007695253599233731,8.0205,14,15,capitalisation
Denmark,2001,-0.14810905126474616,-0.16649477386612144,-0.14811013399861184,8.4095,14,15,capitalisation
Denmark,2002,-0.32120451817898266,-0.22979148485270018,-0.3208133452184676,7.0822,14,15,capitalisation
Denmark,2003,0.04829812847901027,0.17305453129539106,0.04927366350480811,5.9576,14,15,capitalisation
Denmark,2004,0.06808411154621741,0.12557432297520352,0.06873313858656949,5.4676,14,15,capitalisation
Denmark,2005,0.22290138756251254,0.09735654430706096,0.2236282245214245,6.3241,14,15,capitalisation
Denmark,2006,0.0715012535448647,0.15836137716392923,0.07213659082111312,5.6614,14,15,capitalisation
Denmark,2007,-0.02905648850927478,0.039920640066229904,-0.028647403391260595,5.0753,14,15,capitalisation
Denmark,2008,-0.3687076153320139,-0.40325222660391236,-0.369371441932567,5.2849,14,15,capitalisation
Denmark,2009,0.2229610555992252,0.23495596619942055,0.2234897201998549,5.1901,14,15,capitalisation
Denmark,2010,0.1801840170606599,0.09046091837774968,0.18076729166514593,5.6133,14,15,capitalisation
Denmark,2011,-0.02613667016734511,-0.04804511469102718,-0.027033007331756065,5.7456,14,15,capitalisation
Denmark,2012,0.10635580300288927,0.13144482555582163,0.10703164586476221,5.6591,14,15,capitalisation
Denmark,2013,0.23510750991613727,0.30792840103595587,0.23545170945083238,5.4127,14,15,capitalisation
Denmark,2014,0.2242841911054434,0.11320994352784627,0.22412361251335633,6.1214,14,15,capitalisation
Denmark,2015,0.1400278648486888,0.04285662349079815,0.14114319135370978,6.83,14,15,capitalisation
Denmark,2016,0.06805566580159184,0.02816853631235576,0.06711443333509992,7.0528,14,15,capitalisation
Denmark,2017,0.06576492543021839,0.1662913367307971,0.06649816739774006,6.2077,14,15,capitalisation
Denmark,2018,0.04145814517740898,-0.007764388073997229,0.04059265131457934,6.5194,14,15,PIB proxy
Denmark,2019,0.16817861513403076,0.13837285889725473,0.16898904481306642,6.6759,14,15,PIB proxy
Denmark,2020,0.016386047242353152,0.0740507832409622,0.01832619321988549,6.0576,14,15,PIB proxy
Denmark,2021,0.1655970066619643,0.17942543821995033,0.1655900889865327,5.830730929664932,14,15,PIB proxy
Denmark,2022,-0.1085560745336327,-0.14540486185529714,-0.10905399797510307,6.562084133065336,14,15,PIB proxy
Denmark,2023,0.14730093818698542,0.17086144831590577,0.14669467295479421,6.38763569048274,14,15,PIB proxy
Denmark,2024,0.18196351983429193,0.17631012390918954,0.1805405783549019,6.388067555494631,14,15,PIB proxy
Denmark,2025,0.14989731382462956,0.1738089550028999,0.1490555178219346,6.132983613298945,14,15,PIB proxy
Spain,1901,0.1502860909514987,0.07005991591654116,0.14553223556762163,7.16,14,15,PIB proxy
Spain,1902,0.054207827517792184,0.045080852094327974,0.05428814812738225,7.0,12,13,capitalisation
Spain,1903,-0.08619520441683892,-0.07041267515710047,-0.08555829355449207,6.99,12,13,capitalisation
Spain,1904,0.2106443365229662,0.2058893190642564,0.2091500445615786,7.13,12,13,capitalisation
Spain,1905,0.09046467052033158,0.15192344318946646,0.08967734646522807,6.78,12,13,capitalisation
Spain,1906,-0.017986830711243074,0.08165162683395394,-0.012983006898977245,5.84,14,15,PIB proxy
Spain,1907,-0.20308038676475082,-0.18362555537122285,-0.2016692193021965,5.77,12,13,capitalisation
Spain,1908,0.2770537122726431,0.2329887496947799,0.2754977186993175,5.85,12,13,capitalisation
Spain,1909,0.14809855154381468,0.1712164795931308,0.14749439062334457,5.7,12,13,capitalisation
Spain,1910,-0.05205404467030106,-0.04728940480987259,-0.05163603049306931,5.54,12,13,capitalisation
Spain,1911,0.11276070196386412,0.046686427422732255,0.11241120009213557,5.61,12,13,capitalisation
Spain,1912,0.006137401286110844,0.048501894012145004,0.0061214121844221925,5.52,12,13,capitalisation
Spain,1913,-0.04238607900988045,-0.047511505234281,-0.04198899523337307,5.54,13,14,capitalisation
Spain,1914,-0.07154130986926643,-0.06504311755919542,-0.07152968313456565,5.42,14,15,capitalisation
Spain,1915,0.02334892361647567,0.11716735818624521,0.02339261884872501,5.23,12,13,capitalisation
Spain,1916,-0.05493304046097369,0.013666861050390389,-0.055049263604107224,5.19,12,13,capitalisation
Spain,1917,-0.3523687402662081,-0.27864289973828305,-0.35037269538847904,4.43,12,13,capitalisation
Spain,1918,-0.2631573525748233,-0.07127855284418101,-0.26274074884599674,4.17,11,12,capitalisation
Spain,1919,0.01786612690841949,0.07431708439775955,0.01767083436605188,4.06,11,12,capitalisation
Spain,1920,0.17543153670339584,-0.26447536278282985,0.1741825103385315,6.37,11,12,capitalisation
Spain,1921,0.6048190612144104,0.2648488402971608,0.6005881638739148,7.38,12,13,capitalisation
Spain,1922,0.23568143779462236,0.39893265669608935,0.23695018688857394,6.45,13,14,capitalisation
Spain,1923,1.5081760926230032,0.2814713178473355,1.4985923296836021,6.96,13,14,capitalisation
Spain,1924,0.12268504753200626,0.15843636237676384,0.12136001911084926,7.51,12,13,capitalisation
Spain,1925,0.09492675642148618,0.16800631853620052,0.09445416187548616,6.97,13,14,capitalisation
Spain,1926,0.24029651202096014,0.18727912636639538,0.24060689724870388,6.72,12,13,capitalisation
Spain,1927,0.1671531337264447,0.2973616630545751,0.16854790188152258,5.86,12,13,capitalisation
Spain,1928,0.34965105826169607,0.3589992035877077,0.3484046001094505,6.03,12,13,capitalisation
Spain,1929,0.03823052100358648,-0.06301491068880201,0.037884638863962206,6.82,13,14,capitalisation
Spain,1930,-0.025006732697793743,-0.21383744303480004,-0.024779375235208345,8.68,13,14,capitalisation
Spain,1931,-0.24681401384665747,-0.315178971134616,-0.2468147786444762,10.55,13,14,capitalisation
Spain,1932,0.09030916305940662,0.032601140212302274,0.08769824001439042,12.41,13,14,capitalisation
Spain,1933,-0.07322347457104161,0.4386652651806317,-0.06944330264550269,7.39,13,14,capitalisation
Spain,1934,0.02685213065764902,-0.029014026539790388,0.026046135388517966,7.35,13,14,capitalisation
Spain,1935,0.2941385683299518,0.3304725470409274,0.2975739641911348,7.3109,13,14,capitalisation
Spain,1936,0.4291926548716041,0.29988568077009037,0.4228082284757311,8.121,13,14,capitalisation
Spain,1937,0.3395033265450691,-0.26586342822962694,0.3360905293955325,16.5218,13,14,capitalisation
Spain,1938,0.08540403607417413,0.12996620518759772,0.08428083764998973,17.8571,13,14,capitalisation
Spain,1939,-0.5265689315627545,0.03453303259837384,-0.5220549895450237,9.4072,14,15,capitalisation
Spain,1940,-0.051783138547396024,-0.050981400788686064,-0.05205459304616189,10.7277,12,13,capitalisation
Spain,1941,-0.15767814097173338,-0.10680403214491004,-0.1547676060826375,10.9529,11,12,capitalisation
Spain,1942,-0.0461505237235712,0.014880880121823316,-0.04549912634322095,10.95,11,12,capitalisation
Spain,1943,0.0643259188216998,0.12801911719999653,0.060066328278989944,10.95,11,12,capitalisation
Spain,1944,0.06153099195257927,0.10475458891674051,0.05995206540268505,10.95,11,12,capitalisation
Spain,1945,0.16133998441265773,0.22410064889805262,0.1601932125455241,10.95,10,11,capitalisation
Spain,1946,0.970599276957189,-0.1229259595759083,0.959808259932583,29.0,10,11,capitalisation
Spain,1947,0.20117606102474306,-0.12395312536834058,0.20101536750346183,41.5,12,13,capitalisation
Spain,1948,-0.186704119656391,-0.09033733593594959,-0.19152803833600796,37.5,12,13,capitalisation
Spain,1949,0.3868419785126289,0.14269304394856244,0.3746104302359885,47.75,12,12,capitalisation
Spain,1950,0.21319029523227973,0.22721424466982912,0.20884305507370904,51.45,13,14,capitalisation
Spain,1951,0.16789294297427193,0.16796481092993748,0.16691738544203893,52.0,13,14,capitalisation
Spain,1952,0.08914126735866912,0.12445311813800651,0.08952287886507504,47.7,13,14,capitalisation
Spain,1953,-0.05924060172927015,0.04262769418500844,-0.05807901350886424,43.25,14,15,capitalisation
Spain,1954,0.4878397628901925,0.46813476432363865,0.48439844462421444,44.0,13,14,capitalisation
Spain,1955,0.23724462371244504,0.29132591140636976,0.23827733902585635,43.85,14,15,capitalisation
Spain,1956,0.15657720657777507,0.04637897871703908,0.1601192352026728,50.5,14,15,capitalisation
Spain,1957,-0.003128139679614894,-0.09488234487411949,-0.003328471824105228,60.0,14,15,capitalisation
Spain,1958,0.16013631263862194,0.2858072184377285,0.15117646644770488,59.6,14,15,capitalisation
Spain,1959,0.14764585986444523,0.19572200360917913,0.1436971281893582,60.75,14,15,capitalisation
Spain,1960,0.05334599912500049,0.030064288512876146,0.05284636269503462,61.5,14,15,capitalisation
Spain,1961,0.20082805353376543,0.20637406333154673,0.20144628434277245,61.15,14,15,capitalisation
Spain,1962,-0.1623401283586371,-0.11641403312152203,-0.15832985130422117,60.3,14,15,capitalisation
Spain,1963,0.06778153034259926,0.1340348561330337,0.06679128471448403,60.15,14,15,capitalisation
Spain,1964,0.040619567506724685,0.09167675696304682,0.039432979124714995,60.17,14,15,capitalisation
Spain,1965,-0.026857980801201276,0.06435964187983503,-0.02674065617324306,60.25,14,15,capitalisation
Spain,1966,-0.1338608508112311,-0.09491158707447424,-0.13222409290331472,59.999999999,14,15,capitalisation
Spain,1967,0.30641791487850045,0.16343755321370004,0.3024564063002966,69.7,14,15,capitalisation
Spain,1968,0.10987787524717119,0.11581095762133359,0.11054999413812383,69.82,14,15,capitalisation
Spain,1969,-0.06178260500346344,-0.09038358393094517,-0.05438764498550119,70.059999999,14,15,capitalisation
Spain,1970,-0.05790245682837558,-0.05326493914852591,-0.05589254432372459,69.719999999,14,15,capitalisation
Spain,1971,0.0027257097393700302,0.06073177324448263,0.0017865202008615633,66.019999999,14,15,capitalisation
Spain,1972,0.13160205620354515,0.21315071047689854,0.13432375789089646,63.569999999,14,15,capitalisation
Spain,1973,-0.22171469156064716,-0.13167492423355637,-0.21214264209855338,56.949999999,14,15,capitalisation
Spain,1974,-0.33547785451489587,-0.31797988954538764,-0.3271542279104417,56.111999999,14,15,capitalisation
Spain,1975,0.15624763236340566,0.17680771842274598,0.13886791533092535,59.773999999,14,15,capitalisation
Spain,1976,0.14116741246914133,0.09378357193973275,0.12714394763382697,68.287999999,14,15,capitalisation
Spain,1977,-0.023799188965977103,-0.08817640384481157,-0.03333873157038536,80.911999999,14,15,capitalisation
Spain,1978,-0.15167818805537803,0.03739775276274186,-0.1537926617314862,70.109999999,14,15,capitalisation
Spain,1979,-0.09296370576776336,0.06532678935245194,-0.09436882558759441,66.149,14,15,capitalisation
Spain,1980,0.31015317283239185,0.12098513689203036,0.305712198874714,79.25,14,15,capitalisation
Spain,1981,0.05128165623699599,-0.06635558697647187,0.05291439258739383,97.45,14,15,capitalisation
Spain,1982,0.2355332244036663,0.06637412004987797,0.2318333813813458,125.600999999,14,15,capitalisation
Spain,1983,0.37935616976828923,0.2109334837745451,0.3765842693344037,156.699999999,14,15,capitalisation
Spain,1984,0.058070852502312365,0.06434319450167296,0.059759985585539965,173.4,14,15,capitalisation
Spain,1985,0.18247746714733015,0.27333587147337496,0.18290099431327134,154.15,14,15,capitalisation
Spain,1986,0.10551348441330899,0.2512709743212247,0.11171396567073821,132.395,14,15,capitalisation
Spain,1987,-0.023226573572805553,0.0739010442274677,-0.018320448372836418,109.0,14,15,capitalisation
Spain,1988,0.15464692332526342,0.15062941549350406,0.15382729500651338,113.45,14,15,capitalisation
Spain,1989,0.08654818102898476,0.211762066155803,0.08611340585239291,109.72,14,15,capitalisation
Spain,1990,-0.21620408894615795,-0.12928649707947337,-0.21554729698790298,96.909,14,15,capitalisation
Spain,1991,0.03565745838337486,0.04388869001948873,0.03503260506618622,96.688,14,15,capitalisation
Spain,1992,0.12220966501614972,-0.007206635020385585,0.1185831315426038,114.623,14,15,capitalisation
Spain,1993,0.3926210912293209,0.13479320225762903,0.3939043900198631,142.214,14,15,capitalisation
Spain,1994,-0.06633521123493813,-0.010485268601349785,-0.06736427750242835,131.739,14,15,capitalisation
Spain,1995,0.07230114664985976,0.18458388125744526,0.07278523238040346,121.409,14,15,capitalisation
Spain,1996,0.24105710184691875,0.20031787567812914,0.24287229676649957,131.275,14,15,capitalisation
Spain,1997,0.37036698406412527,0.23316352246875685,0.37121656591615193,151.702,14,15,capitalisation
Spain,1998,0.13561900536995375,0.19059522904624032,0.1396351644550764,142.60699,14,15,capitalisation
Spain,1999,0.39146307401881564,0.22774413848003236,0.38718608086640316,165.62412900656977,14,15,capitalisation
Spain,2000,-0.01666422987140237,-0.04614218555116063,-0.019042270094962843,178.81354110693175,14,15,capitalisation
Spain,2001,-0.15454915600743002,-0.1685280543181487,-0.1527353001880296,188.79609667536593,14,15,capitalisation
Spain,2002,-0.3294112850690297,-0.22978323960463828,-0.32712015205524414,158.65929245732812,14,15,capitalisation
Spain,2003,0.019110750058854542,0.17083883613418,0.025270386684417723,131.73871733966746,14,15,capitalisation
Spain,2004,0.0541251983985811,0.12444816292441767,0.05721861052074351,122.15402687027384,14,15,capitalisation
Spain,2005,0.2011180024128596,0.0957648691026049,0.20148319382699809,141.04094261252862,14,15,capitalisation
Spain,2006,0.04857958642233018,0.15375922604878572,0.0558757002202237,126.33712984054668,14,15,capitalisation
Spain,2007,-0.04399601554191579,0.03941566227091749,-0.041304211464309515,113.02628897493369,14,15,capitalisation
Spain,2008,-0.3611926904121934,-0.4040050771818135,-0.36208548840783195,119.5559387799094,14,15,capitalisation
Spain,2009,0.2154892307717906,0.2317913900605877,0.21959156130280122,115.49770928779668,14,15,capitalisation
Spain,2010,0.19083241519260996,0.09825150863087395,0.181660138705384,124.52177817691963,14,15,capitalisation
Spain,2011,-0.02158551197106695,-0.0474255140496721,-0.02350260601545262,128.59262694180384,14,15,capitalisation
Spain,2012,0.10287698695097403,0.1342734957675746,0.10125067082846417,126.10732150977718,14,15,capitalisation
Spain,2013,0.22392410385168815,0.3083981028447046,0.2249804302471543,120.64824885795085,14,15,capitalisation
Spain,2014,0.23843820084270817,0.1140334525481788,0.23569391544706186,137.0447244872745,14,15,capitalisation
Spain,2015,0.15225959167931524,0.04589945678254054,0.14887725953453024,152.82998071093965,14,15,capitalisation
Spain,2016,0.07057238193064652,0.027573686005429705,0.06967313051535085,157.84650412674318,14,15,capitalisation
Spain,2017,0.05521562843722294,0.16806474969541774,0.055606555723185735,138.73592929208715,14,15,capitalisation
Spain,2018,0.03400301158694652,-0.003708084275328434,0.027971128925176503,145.31528384279477,14,15,PIB proxy
Spain,2019,0.16424957967544596,0.1387928418036294,0.16386486084139884,148.10931102011747,14,15,PIB proxy
Spain,2020,0.03937931382209814,0.0824461490668814,0.03419181730540943,135.5928612175047,14,15,PIB proxy
Spain,2021,0.1562025616359688,0.18232814587147828,0.1541375991111269,130.8228294699839,14,15,PIB proxy
Spain,2022,-0.11949134965714558,-0.15126789069404414,-0.11502140662295679,147.1825259827803,14,15,PIB proxy
Spain,2023,0.14346512621702656,0.1721367521467316,0.1424985062450561,143.050385078757,14,15,PIB proxy
Spain,2024,0.16025486769037256,0.17235800619243044,0.16328209322649911,142.90734288960905,14,15,PIB proxy
Spain,2025,0.12714744258132193,0.16164639249604787,0.13962072940292103,137.12024251719544,14,15,PIB proxy
Finland,1897,0.035927727697050216,0.08354392425162961,0.03636088842665397,0.05185232,11,12,PIB proxy
Finland,1898,0.09564104207392088,0.1196243299208126,0.09469907159419488,0.052235159999999996,11,12,PIB proxy
Finland,1899,0.03449037162186874,0.06846132906198328,0.03449037162186874,0.052428,10,10,capitalisation
Finland,1900,0.07315915293912933,0.07388402899514612,0.07315915293912933,0.05214016,11,11,capitalisation
Finland,1901,0.08443606200277709,0.06852199037588845,0.08406828061378113,0.05195663999999999,14,15,PIB proxy
Finland,1902,0.05608200024329624,0.04521398303865502,0.05608200024329624,0.05206408,13,13,capitalisation
Finland,1903,-0.05423257582889307,-0.06986894763072596,-0.05423257582889307,0.0521196,13,13,capitalisation
Finland,1904,0.2036944296442773,0.20442591723798298,0.2036944296442773,0.0519662,13,13,capitalisation
Finland,1905,0.15372026855887166,0.15081906580920212,0.15372026855887166,0.05205792,13,13,capitalisation
Finland,1906,0.07788629965066751,0.08388945963926259,0.07743154620954207,0.052452450000000005,14,15,PIB proxy
Finland,1907,-0.17643320105261096,-0.18233042254816054,-0.17643320105261096,0.052643640000000005,13,13,capitalisation
Finland,1908,0.15183642388347263,0.2317672878340202,0.15183642388347263,0.05217645,13,13,capitalisation
Finland,1909,0.17424385293128575,0.17044921975840288,0.17424385293128575,0.05207976,13,13,capitalisation
Finland,1910,-0.014856396774210356,-0.04690115953229123,-0.014856396774210356,0.052099040000000006,13,13,capitalisation
Finland,1911,0.02155907448915606,0.046765762945246425,0.02155907448915606,0.05216552,13,13,capitalisation
Finland,1912,0.04747472400699193,0.04822178853626102,0.04747472400699193,0.052114799999999996,13,13,capitalisation
Finland,1913,-0.03808523687016907,-0.0473057452996085,-0.037882013325970965,0.05221268,13,14,capitalisation
Finland,1914,0.06586068158110336,-0.06528039769904082,0.06577032562367369,0.058811999999999996,14,15,capitalisation
Finland,1915,0.18366280518701927,0.11686561781719708,0.18330151662480154,0.0720986,12,13,capitalisation
Finland,1916,-0.13320040752767637,0.011728535475124847,-0.13126879065154784,0.07395449999999999,12,13,capitalisation
Finland,1917,-0.6069999128010426,-0.2760438781872489,-0.6057698500712609,0.0640195,12,13,capitalisation
Finland,1918,-0.5393618723690405,-0.0686113294113297,-0.5398841364802105,0.0883679,11,12,capitalisation
Finland,1919,2.8698457880382655,0.07273278182918037,2.8467117052867916,0.282375,11,12,capitalisation
Finland,1920,-0.1599278818035912,-0.263071375328102,-0.1591801705108703,0.31042374999999994,11,12,capitalisation
Finland,1921,0.6754730126872064,0.2675168370504832,0.6697249257907876,0.5793539999999999,12,13,capitalisation
Finland,1922,-0.07845350834507292,0.39940778322360493,-0.07781848137175162,0.4206654,13,14,capitalisation
Finland,1923,1.1120128142773171,0.281126003833474,1.1099070635795671,0.38364299999999996,13,14,capitalisation
Finland,1924,0.25780536458108383,0.15720812314516652,0.25715621769033925,0.42585839999999997,12,13,capitalisation
Finland,1925,0.07653645592394098,0.1667357281596123,0.07688950896350111,0.3992888,13,14,capitalisation
Finland,1926,0.2005187173916918,0.1875792037998169,0.20087639796585766,0.39688530000000005,12,13,capitalisation
Finland,1927,0.29870461036102003,0.29690438815720616,0.2994388312348937,0.3988523,12,13,capitalisation
Finland,1928,0.3040325437380733,0.35880632018345404,0.30302504416549736,0.39640949999999997,12,13,capitalisation
Finland,1929,-0.04138902805782496,-0.06237197872838855,-0.041549115247194957,0.3996519,13,14,capitalisation
Finland,1930,-0.16938222067757547,-0.2122602449385873,-0.16911256759889337,0.3967953,13,14,capitalisation
Finland,1931,-0.11517103264991624,-0.3151914372732535,-0.11470670455604615,0.518175,13,14,capitalisation
Finland,1932,0.16018154415490793,0.030869055178335603,0.15979354743063778,0.64883,13,14,capitalisation
Finland,1933,0.2702704534426259,0.43447356004593524,0.27081708230818435,0.53572,13,14,capitalisation
Finland,1934,-0.10660688521507933,-0.029619917473678783,-0.1059136291962729,0.450595,13,14,capitalisation
Finland,1935,0.3585836585002735,0.33410010449251126,0.3578428122805606,0.46308,13,14,capitalisation
Finland,1936,0.2863484915263761,0.2947226492787799,0.28675940373403375,0.45672399999999996,13,14,capitalisation
Finland,1937,-0.2944123552377078,-0.2642794407432517,-0.2937551924234584,0.45922100000000005,13,14,capitalisation
Finland,1938,0.08445397835475399,0.12882122559119447,0.08411726117562912,0.464215,13,14,capitalisation
Finland,1939,-0.03381800520019629,0.034165497277191155,-0.033931792059214594,0.444235,14,15,capitalisation
Finland,1940,-0.06804235529488623,-0.051490817918735096,-0.06776258976694938,0.49870099999999995,12,13,capitalisation
Finland,1941,-0.18316701524530632,-0.10557737922522478,-0.1818434699603415,0.48608,11,12,capitalisation
Finland,1942,-0.07585832234457734,0.014166052425478068,-0.07507686239754596,0.48568799999999995,11,12,capitalisation
Finland,1943,0.07444916604111063,0.12389841282463726,0.07347857024814441,0.48568799999999995,11,12,capitalisation
Finland,1944,0.07371421870229256,0.10333766451207503,0.07306752110422443,0.48568799999999995,11,12,capitalisation
Finland,1945,1.5186791052990345,0.2212937511706489,1.5152246720386766,1.3571069999999998,10,11,capitalisation
Finland,1946,0.6341716744637582,-0.1182195546302121,0.6303556783332478,4.0,10,11,capitalisation
Finland,1947,-0.20285379705038276,-0.11697851929768778,-0.20295428075132893,4.1,12,13,capitalisation
Finland,1948,-0.06026555717060578,-0.09730226056628027,-0.061281004813633966,5.4,12,13,capitalisation
Finland,1949,-0.2504935270540656,0.13557875381219409,-0.24942169340265619,3.61,12,12,capitalisation
Finland,1950,0.5019522753020451,0.22187667652277776,0.5021483013724997,5.0,13,14,capitalisation
Finland,1951,-0.05476704305827984,0.16746830590458475,-0.0546849354174217,4.35,13,14,capitalisation
Finland,1952,0.02048591945560352,0.12490357716207655,0.020168605395974648,3.85,13,14,capitalisation
Finland,1953,0.06155807100110722,0.04192885794417034,0.06197941190720546,3.95,14,15,capitalisation
Finland,1954,0.3243111572686399,0.4658449081912721,0.32373911636828456,3.54,13,14,capitalisation
Finland,1955,0.34594376451050723,0.29117617625402914,0.3463997996342163,3.58,14,15,capitalisation
Finland,1956,-0.0392139314025467,0.05169293921554603,-0.039285187087787055,3.58,14,15,capitalisation
Finland,1957,-0.11341414607215738,-0.09317001457851944,-0.11361484558175239,3.8,14,15,capitalisation
Finland,1958,0.1808161513640052,0.27430504819234336,0.1805470304097725,3.64,14,15,capitalisation
Finland,1959,0.13980683375876324,0.1908341077280703,0.1400845894616971,3.5,14,15,capitalisation
Finland,1960,-0.03877281725098769,0.02973143159697942,-0.038589561521903404,3.3,14,15,capitalisation
Finland,1961,0.18123213873261945,0.20723137393709887,0.18096693275832143,3.219,14,15,capitalisation
Finland,1962,-0.13555613873062733,-0.11314855293860832,-0.1353173391094954,3.223,14,15,capitalisation
Finland,1963,0.10798629487163325,0.13221521021247942,0.10785589714464949,3.22,14,15,capitalisation
Finland,1964,0.007381149427863942,0.08993314239623655,0.007358494153314243,3.22,14,15,capitalisation
Finland,1965,0.037254685955323774,0.06351392163372344,0.03712658857010842,3.22,14,15,capitalisation
Finland,1966,-0.09826702534164689,-0.09373337992288072,-0.0982720010758592,3.22,14,15,capitalisation
Finland,1967,0.4731271488099955,0.16158669327546077,0.472740391792988,4.2,14,15,capitalisation
Finland,1968,0.0656404508579651,0.11632160490459334,0.06575929448171225,4.2,14,15,capitalisation
Finland,1969,-0.05832465897218886,-0.08278875602215142,-0.05815699546067721,4.2,14,15,capitalisation
Finland,1970,-0.02833442148453935,-0.05155133025051279,-0.028154696528132184,4.18,14,15,capitalisation
Finland,1971,0.06741263782884754,0.05840651797956026,0.06746859927106841,4.15,14,15,capitalisation
Finland,1972,0.19847437405488844,0.21353675733238806,0.19886351952623316,4.18,14,15,capitalisation
Finland,1973,-0.18829290144093835,-0.12485051339267787,-0.18770040763238094,3.845,14,15,capitalisation
Finland,1974,-0.37868461477823634,-0.31029627658430914,-0.3785123849228429,3.551,14,15,capitalisation
Finland,1975,0.1582407705300981,0.1591023574952474,0.15768091524863403,3.85,14,15,capitalisation
Finland,1976,-0.006479561992088101,0.0819986210680611,-0.006849257068609171,3.767,14,15,capitalisation
Finland,1977,-0.03784725908986952,-0.09606797340271879,-0.038038872451809036,4.018,14,15,capitalisation
Finland,1978,0.06018887451351085,0.03199431103792772,0.06023115039115945,3.926,14,15,capitalisation
Finland,1979,-0.023736139476951745,0.0616801718232529,-0.023546039234040528,3.711,14,15,capitalisation
Finland,1980,0.1680448375475334,0.11868074649493614,0.16777691513593518,3.84,14,15,capitalisation
Finland,1981,-0.006472092780298144,-0.06386424687107958,-0.006378104812046148,4.357,14,15,capitalisation
Finland,1982,0.21188318918398763,0.06417914709979866,0.2119630871187148,5.291,14,15,capitalisation
Finland,1983,0.2538531263991648,0.20898154924043658,0.2542171728403788,5.81,14,15,capitalisation
Finland,1984,0.11906616151325644,0.06625797213140343,0.1187114384939405,6.53,14,15,capitalisation
Finland,1985,0.1346144126282347,0.273342435279597,0.1345489152773045,5.417,14,15,capitalisation
Finland,1986,0.21059192228026546,0.2559087642643353,0.2111618381236826,4.794,14,15,capitalisation
Finland,1987,-0.008063316744498672,0.07734005080167371,-0.00754090648234329,3.946,14,15,capitalisation
Finland,1988,0.1680219439753876,0.1495067450230155,0.16832740987082517,4.169,14,15,capitalisation
Finland,1989,0.09602697918714931,0.21098847623200928,0.09503425676590394,4.059,14,15,capitalisation
Finland,1990,-0.19984443820287978,-0.12942658948074326,-0.2002089010016842,3.634,14,15,capitalisation
Finland,1991,0.20135065820382003,0.043703629525046896,0.20045711723609894,4.133,14,15,capitalisation
Finland,1992,0.2364544143584204,-0.009071820847646794,0.2362069059733154,5.245,14,15,capitalisation
Finland,1993,0.2679399616687763,0.1381188321395894,0.2689824878942533,5.7845,14,15,capitalisation
Finland,1994,-0.14568723825176844,-0.01288898174252722,-0.14479289444472254,4.7432,14,15,capitalisation
Finland,1995,0.10942063313394756,0.1843361890509634,0.10877266177870504,4.3586,14,15,capitalisation
Finland,1996,0.2603203402726506,0.20182073059766065,0.26099903788009815,4.6439,14,15,capitalisation
Finland,1997,0.3943201053892391,0.2356997268940791,0.39410450871291247,5.4207,14,15,capitalisation
Finland,1998,0.1420979627246559,0.191620846636221,0.14435064279597265,5.096,14,15,capitalisation
Finland,1999,0.39177241235687355,0.21742717903283873,0.39985346317460824,5.91850487756321,14,15,capitalisation
Finland,2000,-0.012504393210627907,-0.04693832095231758,-0.013960941426118367,6.389822675980655,14,15,capitalisation
Finland,2001,-0.14288762297639424,-0.16445562126683078,-0.14511159158038922,6.746544876886418,14,15,capitalisation
Finland,2002,-0.31968042424140064,-0.22871748186914675,-0.3198807473647258,5.6696195289405935,14,15,capitalisation
Finland,2003,0.04275850544733939,0.17432856537246227,0.04297189051033912,4.707624703087887,14,15,capitalisation
Finland,2004,0.08782843423001196,0.1263109400052115,0.08774481879232798,4.365120035239704,14,15,capitalisation
Finland,2005,0.23179931370447315,0.09723623682345174,0.2324017338858626,5.0400356022717645,14,15,capitalisation
Finland,2006,0.07842487457174108,0.15828317748126378,0.07923346667141984,4.514601366742597,14,15,capitalisation
Finland,2007,-0.03165732110677688,0.03873042213384199,-0.029937094437606948,4.03894436519258,14,15,capitalisation
Finland,2008,-0.3597612290559252,-0.4027281543998461,-0.36110884020658107,4.2722785082992,14,15,capitalisation
Finland,2009,0.19626053048640135,0.23539122698860102,0.19654053002896954,4.127259475218656,14,15,capitalisation
Finland,2010,0.1827973634506288,0.09077174788572494,0.1829788073475842,4.449730579254603,14,15,capitalisation
Finland,2011,-0.02300541794990496,-0.04726771945498092,-0.02470803219122575,4.595200556457223,14,15,capitalisation
Finland,2012,0.09354352491559625,0.13211907411264748,0.09360497265843626,4.506389267849023,14,15,capitalisation
Finland,2013,0.21495679346920338,0.3079479557906572,0.21530966777179206,4.311311725038069,14,15,capitalisation
Finland,2014,0.21963420026901148,0.11371377212247175,0.21908569625078456,4.897232517914504,14,15,capitalisation
Finland,2015,0.1448873872201828,0.04407239288312894,0.14491084746915783,5.46131165610361,14,15,capitalisation
Finland,2016,0.06318725555092675,0.027168137185653387,0.06336958545882898,5.640574898017266,14,15,capitalisation
Finland,2017,0.06712567654668344,0.16667548345887803,0.06729181372367377,4.957666972400572,14,15,capitalisation
Finland,2018,0.0335482061425576,-0.008121491101955794,0.03311897745097481,5.192777292576421,14,15,PIB proxy
Finland,2019,0.1586375320887461,0.1390705019174924,0.1588338868257646,5.2926206159871825,14,15,PIB proxy
Finland,2020,0.02600726994151703,0.07498421022669216,0.026917134167206536,4.845350827153452,14,15,PIB proxy
Finland,2021,0.16386078784744873,0.17920638649893111,0.16407062242659132,4.674895855808587,14,15,PIB proxy
Finland,2022,-0.10405784004929186,-0.14543638041837553,-0.1045098610227122,5.259502363249291,14,15,PIB proxy
Finland,2023,0.11437552704150256,0.17155323427732555,0.11324993420680896,5.111842138607323,14,15,PIB proxy
Finland,2024,0.1783940807483544,0.1761132573626831,0.1771948329946198,5.1067305893466735,14,15,PIB proxy
Finland,2025,0.1650577573973222,0.17174561931503035,0.16614628816040744,4.899931121258789,14,15,PIB proxy
France,1871,0.4202602699696736,0.4127574522936487,0.33415034256634546,0.046776456,4,5,PIB proxy
France,1872,0.19888961611426903,0.11919755106832174,0.17601138590704624,0.046832478000000004,6,7,PIB proxy
France,1873,-0.08479972926808066,-0.0948479794103976,-0.0470924226542383,0.04582685099999999,7,8,PIB proxy
France,1874,0.020974665697752748,0.04398088084367478,0.036731846887442465,0.046470015,8,9,PIB proxy
France,1875,0.020721199053326922,0.07164371173838416,0.05737975374253068,0.045048808999999995,8,9,PIB proxy
France,1876,-0.03794806665579886,-0.023840603995725667,-0.021508353202028263,0.046465112,8,9,PIB proxy
France,1877,0.010132627618872458,0.021824829749412057,0.03830285722075555,0.04953959,6,7,capitalisation
France,1878,0.13164628625814756,0.13401134926202118,0.12797295571978728,0.05146446999999999,8,9,PIB proxy
France,1879,0.3680309947715741,0.3801414416185239,0.31565647319349477,0.05201294,8,9,PIB proxy
France,1880,0.1976806265136326,0.17861061607447656,0.20335445855339196,0.052169664,6,7,capitalisation
France,1881,0.13487155967808873,0.12695285487537836,0.16324508387588588,0.05229440999999999,8,9,PIB proxy
France,1882,-0.0034422988712029534,0.007531376465731936,-0.03603250413041925,0.051727388000000006,9,10,PIB proxy
France,1883,0.013473141251000298,0.04645691842500717,-0.00038740567939643533,0.052026322,9,10,PIB proxy
France,1884,0.03940275133469995,0.06467406085084443,0.048087687494643205,0.05189552,7,8,capitalisation
France,1885,0.16535479212239745,0.15760573330053412,0.14255423185898208,0.051979454999999994,9,10,PIB proxy
France,1886,0.10178505777152091,0.12452004959925356,0.09069598637371712,0.05188371099999999,9,10,PIB proxy
France,1887,0.01843965190138319,-0.003637856599264683,0.021094279382125825,0.052137117000000004,10,11,PIB proxy
France,1888,0.06399110561451904,0.07833142376385205,0.057845249297854506,0.051951165,10,11,PIB proxy
France,1889,0.1313189657370739,0.11167141536598382,0.1208778960457324,0.05182242000000001,10,11,PIB proxy
France,1890,-0.06903214446941086,-0.07925232888659,-0.04137132556463963,0.051887825000000005,10,11,PIB proxy
France,1891,0.05978975559647948,0.07052269969274261,0.05190869464383052,0.051902224,10,11,PIB proxy
France,1892,0.07659325315864152,0.10389982028459208,0.06594178441170073,0.051638579999999996,10,11,PIB proxy
France,1893,-0.05970130866553491,-0.026006443392588015,-0.034798898419588276,0.05175363200000001,10,11,PIB proxy
France,1894,0.06771362220224653,0.10985427893387785,0.05334716097523895,0.051567749999999996,10,11,PIB proxy
France,1895,0.11569905225713195,0.1129686214061208,0.1031130604228847,0.05163490200000001,10,11,PIB proxy
France,1896,0.0887872284883151,0.071964213078085,0.088234684972478,0.051696593,10,11,PIB proxy
France,1897,0.10678333086587788,0.07525767508972572,0.11014941444052218,0.051689896,11,12,PIB proxy
France,1898,0.12973579273404878,0.1341794785598276,0.11477191989287316,0.052092812999999995,11,12,PIB proxy
France,1899,0.0830304964086157,0.07962184423645507,0.0710083294354602,0.05182148,9,10,capitalisation
France,1900,0.09397465146092365,0.0871926790579285,0.07913407194003153,0.051694008,10,11,capitalisation
France,1901,0.09141315678718254,0.08768376607607647,0.0714557756787284,0.0516078,14,15,PIB proxy
France,1902,0.06436054057427643,0.05370713236749959,0.05391315456782397,0.051608314,12,13,capitalisation
France,1903,-0.06055892508968608,-0.09289590661467093,-0.04315653943276343,0.051694008,12,13,capitalisation
France,1904,0.23963989141310837,0.23708098791711696,0.20650498934767647,0.05166220800000001,12,13,capitalisation
France,1905,0.17282371099231209,0.17130122175077153,0.1520756180990568,0.05167961600000001,12,13,capitalisation
France,1906,0.11809012302332378,0.09248702190996524,0.10590442844550862,0.051830028,14,15,PIB proxy
France,1907,-0.1985365130554929,-0.21693775979595137,-0.16678007709164266,0.051849252000000005,12,13,capitalisation
France,1908,0.24226437962185288,0.27374012467010844,0.2062394181882703,0.05168119499999999,12,13,capitalisation
France,1909,0.17594748430449347,0.18517294599942608,0.1627286918725397,0.051706296,12,13,capitalisation
France,1910,-0.029947544642081048,-0.0582831679962416,-0.02255839077834354,0.05187288,12,13,capitalisation
France,1911,0.015395190888705557,0.04893523203177394,0.01780036097683846,0.051957763000000004,12,13,capitalisation
France,1912,0.07284990487228327,0.04579279136361489,0.07146631441847195,0.051870255,12,13,capitalisation
France,1913,-0.04775697967807868,-0.05579852729530238,-0.04024577292500531,0.051840000000000004,13,14,capitalisation
France,1914,-0.08142743102786132,-0.05352386570729713,-0.0886631485768955,0.050949999999999995,14,15,capitalisation
France,1915,0.1439448139185575,0.18918105271471933,0.07924317089200406,0.055689999999999996,12,13,capitalisation
France,1916,0.036566558390696446,0.014351187663183678,0.03241832469986283,0.05887,12,13,capitalisation
France,1917,-0.28328918470051645,-0.3026350628109208,-0.26024698715367645,0.057640000000000004,12,13,capitalisation
France,1918,-0.14461481594493042,-0.07273548239786592,-0.14461481594493042,0.056159999999999995,12,12,capitalisation
France,1919,0.10491311947315629,0.0734917096409355,0.10491311947315629,0.07309,12,12,capitalisation
France,1920,0.07221126539504352,-0.26163377879282285,0.07221126539504352,0.14205,12,12,capitalisation
France,1921,0.22049286808352742,0.2798332680420686,0.2098412665386653,0.13413,12,13,capitalisation
France,1922,0.15888553522541504,0.4097388978452389,0.16934923843123695,0.12193,13,14,capitalisation
France,1923,1.9648239561698917,0.294029407274637,1.8149784996053966,0.16444,13,14,capitalisation
France,1924,0.20839794206285966,0.1894080876731264,0.1735658323993281,0.19096,12,13,capitalisation
France,1925,0.2562162176303162,0.17592248995079146,0.239376795941878,0.20977,13,14,capitalisation
France,1926,0.36721906286781825,0.2122323515808644,0.32834630910324347,0.30838,12,13,capitalisation
France,1927,0.027838892994367814,0.3053156759952384,0.04054752712196863,0.25484,12,13,capitalisation
France,1928,0.3328657180016057,0.34734181907463424,0.34428390698235756,0.25504,12,13,capitalisation
France,1929,-0.11672388719790094,-0.06279111345646485,-0.11211106188605569,0.25536000000000003,13,14,capitalisation
France,1930,-0.23685941967478075,-0.20543115889940258,-0.24043060441031927,0.25478,13,14,capitalisation
France,1931,-0.35558809235457634,-0.3166922246759014,-0.34984563650042777,0.2551,13,14,capitalisation
France,1932,-0.028498426119272113,-0.005085653586038575,0.009690179948782074,0.25461,13,14,capitalisation
France,1933,0.2303963497605872,0.49226837576136445,0.20667635206516244,0.19876000000000002,13,14,capitalisation
France,1934,-0.1794222853165679,-0.027792564090749733,-0.16410226898165547,0.15223,13,14,capitalisation
France,1935,0.4946454764834589,0.36216187992234705,0.4513437979189492,0.15148999999999999,13,14,capitalisation
France,1936,0.3449187405979832,0.3166079202249603,0.32057768558934074,0.16356,13,14,capitalisation
France,1937,-0.10592272093030153,-0.2648951137065716,-0.1171900112591352,0.24716000000000002,13,14,capitalisation
France,1938,0.40203308112310365,0.14620248032945402,0.36300924644370935,0.34745,13,14,capitalisation
France,1939,0.11114865843908728,0.029241180188724607,0.11024472128728657,0.39836,14,15,capitalisation
France,1940,0.002612958331505766,-0.05126150963998705,0.002612958331505766,0.48015,13,13,capitalisation
France,1941,-0.1776834221177438,-0.10450086929705091,-0.1776834221177438,0.4666666666666667,12,12,capitalisation
France,1942,-0.09650363254453365,0.014569985370518283,-0.09650363254453365,0.4666666666666667,12,12,capitalisation
France,1943,-0.020405522931600695,0.12269186327629893,-0.020405522931600695,0.4666666666666667,12,12,capitalisation
France,1944,-0.06787019326066301,0.1025793954638238,-0.06787019326066301,0.4666666666666667,12,12,capitalisation
France,1945,-0.08439019139140769,0.22209828245345425,-0.08439019139140769,0.5017921146953406,11,11,capitalisation
France,1946,3.1867898622239554,-0.11637231019524469,2.9728440976798356,3.45,10,11,capitalisation
France,1947,-0.40727489540133976,-0.08579642611250864,-0.41124781982738534,3.0,12,13,capitalisation
France,1948,0.08462852762435635,-0.07309558592109004,0.04862334945843361,5.2,12,13,capitalisation
France,1949,-0.23177348789000896,0.1604259730760048,-0.2330118609109596,3.95,12,12,capitalisation
France,1950,0.13344346535215923,0.23930982140145435,0.12054641004871236,3.91,13,14,capitalisation
France,1951,0.17842299365089964,0.1652116022502426,0.17987188164055867,4.26,13,14,capitalisation
France,1952,0.004102679395461717,0.12772365840160077,0.004478174788874911,4.12,13,14,capitalisation
France,1953,-0.025066510805058062,0.03631097262099772,-0.01730401817010252,3.76,14,15,capitalisation
France,1954,0.444608003414243,0.44023327481868335,0.46919686606778677,3.74,13,14,capitalisation
France,1955,0.3510130385927044,0.30640653260822603,0.33446156841752406,3.9,14,15,capitalisation
France,1956,0.07290259293199375,0.053458764029630776,0.07014234235396355,4.03,14,15,capitalisation
France,1957,0.0523153082995107,-0.10105343887705441,0.05384051531448719,4.79,14,15,capitalisation
France,1958,0.20761991680563074,0.30313206133848747,0.18391353744699956,4.95,14,15,capitalisation
France,1959,0.12582979473382006,0.19105524559408726,0.128612890657134,4.93706000393706,14,15,capitalisation
France,1960,0.021323283023709116,0.03759215366715078,0.014445779794710845,4.93706000393706,14,15,capitalisation
France,1961,0.20819038535977286,0.21780980352726104,0.19784087971697506,4.93706000393706,14,15,capitalisation
France,1962,-0.13977535423356502,-0.11089258178570796,-0.1402226123646232,4.93706000393706,14,15,capitalisation
France,1963,0.13254279515222867,0.15532632757549775,0.11068761970788432,4.93706000393706,14,15,capitalisation
France,1964,0.08643629546291764,0.09976820465494149,0.07712904780737162,4.93706000393706,14,15,capitalisation
France,1965,0.059963095457287174,0.06938481840565094,0.05432877117996804,4.93706000393706,14,15,capitalisation
France,1966,-0.08589460057304155,-0.09000458791565015,-0.08977762222054853,4.93706000393706,14,15,capitalisation
France,1967,0.16809080326986225,0.16924113174886257,0.16031460527832198,4.93706000393706,14,15,capitalisation
France,1968,0.11279560144927125,0.11621801889660356,0.11309015662111221,4.93706000393706,14,15,capitalisation
France,1969,0.017142046752109286,-0.08962454318019422,0.021229962066523278,5.55419000455419,14,15,capitalisation
France,1970,-0.044093238475923946,-0.048286319047791224,-0.04731232874822733,5.55419000455419,14,15,capitalisation
France,1971,0.004515553973714059,0.06469362772786998,0.000498671176386356,5.11572151321783,14,15,capitalisation
France,1972,0.20554095357256363,0.21743553098950924,0.20238175247537127,5.11572151321783,14,15,capitalisation
France,1973,-0.1618502525074329,-0.12513690345498085,-0.15995344634870412,4.7085,14,15,capitalisation
France,1974,-0.3474903537747457,-0.30848564476651347,-0.3478909093942075,4.444499999,14,15,capitalisation
France,1975,0.13517062896174425,0.1577430489916601,0.1367282352395962,4.485499999,14,15,capitalisation
France,1976,0.18557761851624166,0.09090485433693872,0.17299932265667728,4.969749999,14,15,capitalisation
France,1977,-0.11864903732930876,-0.09275113317786854,-0.12148911127182804,4.704999999,14,15,capitalisation
France,1978,-0.06146049278409893,0.021340688621653735,-0.0488184724210774,4.179999999,14,15,capitalisation
France,1979,-0.03565041543669434,0.06405329595729196,-0.035051797466153944,4.019999999,14,15,capitalisation
France,1980,0.2544473536129819,0.12328105955062693,0.24581455609482106,4.515999999,14,15,capitalisation
France,1981,0.10974541721263842,-0.05990058310027737,0.10176992090847392,5.747999999,14,15,capitalisation
France,1982,0.1459118645012487,0.06611034539733862,0.14251053520712986,6.724999999,14,15,capitalisation
France,1983,0.40281357251568695,0.20540735591352322,0.4035779750637103,8.347499999,14,15,capitalisation
France,1984,0.13880835463070884,0.0660469807739788,0.13731536730712368,9.592,14,15,capitalisation
France,1985,0.07309138609320276,0.27248269333256786,0.0784419033508077,7.561,14,15,capitalisation
France,1986,0.16769487332901245,0.2539120920078206,0.17248486232135107,6.455,14,15,capitalisation
France,1987,0.014771201113729537,0.08996713637105283,0.005122571508445306,5.34,14,15,capitalisation
France,1988,0.2753488138582616,0.1373082192595945,0.28399487502326637,6.059,14,15,capitalisation
France,1989,0.1010054932281641,0.20755158289836426,0.10695118767743272,5.788,14,15,capitalisation
France,1990,-0.1837155631804328,-0.12532442639974944,-0.1860699383534895,5.129,14,15,capitalisation
France,1991,0.07286901761537234,0.039214850510045945,0.07533699828975648,5.18,14,15,capitalisation
France,1992,0.03851647447170192,-0.010308252953670313,0.0379254401012048,5.5065,14,15,capitalisation
France,1993,0.22769527195582184,0.1315116061375935,0.23186751080225942,5.8955,14,15,capitalisation
France,1994,-0.05464619339494392,-0.005103348038633114,-0.05954920843357103,5.346,14,15,capitalisation
France,1995,0.1014328458719107,0.19158415152700184,0.09713015813320913,4.9,14,15,capitalisation
France,1996,0.24626938703559165,0.19980435966133,0.24748438818678986,5.237,14,15,capitalisation
France,1997,0.3698338040464355,0.2350287797320892,0.36578607599001156,5.9881,14,15,capitalisation
France,1998,0.14422716385943057,0.18894190779488684,0.15078896900923477,5.6221,14,15,capitalisation
France,1999,0.40392233384647613,0.21095130202235446,0.41062811309907055,6.529534142942465,14,15,capitalisation
France,2000,-0.0010122619482418882,-0.050149388771417884,-0.0015969776115034584,7.049511015583019,14,15,capitalisation
France,2001,-0.13185508941607205,-0.16382406046511955,-0.13643975173949363,7.443061386587995,14,15,capitalisation
France,2002,-0.32016324586978606,-0.22492863010775802,-0.3193249982987467,6.254953752264709,14,15,capitalisation
France,2003,0.02599286189741612,0.172768515617033,0.03472078280280644,5.193642121931908,14,15,capitalisation
France,2004,0.06444425142166632,0.12701167257578966,0.06650184576650586,4.815777108876,14,15,capitalisation
France,2005,0.21867858540804175,0.09087196284185851,0.22063885453462273,5.560371280834111,14,15,capitalisation
France,2006,0.06758166019010137,0.155914529462078,0.074984371368918,4.980690964312831,14,15,capitalisation
France,2007,-0.031778056770850216,0.04150004620702438,-0.029028367494738472,4.455926907139458,14,15,capitalisation
France,2008,-0.3498025646715448,-0.4023966453318292,-0.3542532075465795,4.713350578429257,14,15,capitalisation
France,2009,0.21040231122602537,0.23207875560728042,0.21502661085868757,4.553359711231429,14,15,capitalisation
France,2010,0.19480177273622146,0.09561254331607977,0.18478374869039227,4.90912288579554,14,15,capitalisation
France,2011,-0.005158922136587085,-0.04289853489355511,-0.013129384623532858,5.069611252801608,14,15,capitalisation
France,2012,0.10250833524330849,0.12933408316411937,0.10655535665850069,4.971631044414128,14,15,capitalisation
France,2013,0.23266240920269365,0.31302903135113846,0.23159842442521583,4.75641360307447,14,15,capitalisation
France,2014,0.23796073734493128,0.11824948221782484,0.22759841821269777,5.402825137962275,14,15,capitalisation
France,2015,0.1438515152165536,0.0408950221199645,0.14269889205188324,6.025140075319188,14,15,capitalisation
France,2016,0.06439102722546464,0.024335710319713495,0.06555256383314978,6.222910539796983,14,15,capitalisation
France,2017,0.05961979873538792,0.16600074381315322,0.06525774797090689,5.469498874343369,14,15,capitalisation
France,2018,0.03500583536440982,-0.0020738116951632204,0.026198989211108303,5.728882096069867,14,15,PIB proxy
France,2019,0.15090767933014804,0.12965807725342987,0.15915821164462884,5.839033291792769,14,15,PIB proxy
France,2020,0.028886953545056215,0.08223390645061246,0.025964417362597247,5.345587156710943,14,15,PIB proxy
France,2021,0.1610114849305062,0.17033251851311923,0.17062619354118014,5.15753433285506,14,15,PIB proxy
France,2022,-0.09407127633704215,-0.15550135345297683,-0.08838125943835673,5.802495894852126,14,15,PIB proxy
France,2023,0.13260708265082188,0.1779569342235348,0.1278198452409416,5.639591158216808,14,15,PIB proxy
France,2024,0.18140735078793035,0.18439607515963874,0.17213912578090285,5.6339518901734085,14,15,PIB proxy
France,2025,0.1672654977489676,0.18189394431025535,0.15914547561794468,5.405802346402459,14,15,PIB proxy
UK,1872,0.11309685815672821,0.12256130133392741,0.11309685815672821,0.1837,7,7,PIB proxy
UK,1873,-0.07294434451762222,-0.05480929559948001,-0.07294434451762222,0.1803,8,8,PIB proxy
UK,1874,0.08190172267747964,0.05489443423789808,0.08190172267747964,0.1845,9,9,PIB proxy
UK,1875,0.05517726670991663,0.09682021145992369,0.05517726670991663,0.1789,9,9,PIB proxy
UK,1876,0.012755577376120986,-0.010598397064269238,0.012755577376120986,0.1844,9,9,PIB proxy
UK,1877,0.047742812894564945,0.04221893231977835,0.047742812894564945,0.197,7,7,capitalisation
UK,1878,0.12821317012614597,0.1298225284432895,0.12821317012614597,0.2045,9,9,PIB proxy
UK,1879,0.3716857424067783,0.3252332181121616,0.3716857424067783,0.206,9,9,PIB proxy
UK,1880,0.17960631098168345,0.1911807662954194,0.17960631098168345,0.2064,7,7,capitalisation
UK,1881,0.16426932099835656,0.15687903348843865,0.16426932099835656,0.207,9,9,PIB proxy
UK,1882,-0.04303877999834915,-0.027206467062697845,-0.04303877999834915,0.2053,10,10,PIB proxy
UK,1883,0.02481726030606568,0.02609165401191006,0.02481726030606568,0.2062,10,10,PIB proxy
UK,1884,0.0788388931761459,0.05512471087113677,0.0788388931761459,0.206,8,8,capitalisation
UK,1885,0.15067242270940984,0.13626475411234043,0.15067242270940984,0.2059,10,10,PIB proxy
UK,1886,0.10939767582128757,0.10926810652030083,0.10939767582128757,0.2057,10,10,PIB proxy
UK,1887,0.012221039934033673,0.002768833785749122,0.012221039934033673,0.2061,11,11,PIB proxy
UK,1888,0.06157448032085844,0.06981668040528988,0.06157448032085844,0.2053,11,11,PIB proxy
UK,1889,0.09676686123397915,0.1044884263256431,0.09676686123397915,0.2054,11,11,PIB proxy
UK,1890,-0.043095119730642284,-0.04991619276983306,-0.043095119730642284,0.2057,11,11,PIB proxy
UK,1891,0.05565788132233185,0.06088498335638377,0.05565788132233185,0.2057,11,11,PIB proxy
UK,1892,0.05307522108076945,0.08876906259766298,0.05307522108076945,0.2052,11,11,PIB proxy
UK,1893,-0.038827499390703735,-0.006490700885850104,-0.038827499390703735,0.2056,11,11,PIB proxy
UK,1894,0.08738988743810427,0.08860586676983224,0.08738988743810427,0.205,11,11,PIB proxy
UK,1895,0.09856305838539381,0.10084013977360153,0.09856305838539381,0.2046,11,11,PIB proxy
UK,1896,0.0939366188255577,0.07403090740634946,0.0939366188255577,0.2053,11,11,PIB proxy
UK,1897,0.07140688097536652,0.08369510589872271,0.07140688097536652,0.2056,12,12,PIB proxy
UK,1898,0.11902955412822513,0.11853945107815188,0.11902955412822513,0.2063,12,12,PIB proxy
UK,1899,0.06550442583623872,0.06846132906198328,0.06550442583623872,0.2056,10,10,capitalisation
UK,1900,0.04073743951617059,0.07388402899514612,0.04073743951617059,0.2056,11,11,capitalisation
UK,1901,0.0658284152949078,0.06823689552737193,0.0658284152949078,0.2052,15,15,PIB proxy
UK,1902,0.05441625576341713,0.04521398303865502,0.05441625576341713,0.2053,13,13,capitalisation
UK,1903,-0.05762897612786444,-0.06986894763072596,-0.05762897612786444,0.2056,13,13,capitalisation
UK,1904,0.20849025289640277,0.20442591723798298,0.20849025289640277,0.2054,13,13,capitalisation
UK,1905,0.14821609275927283,0.15081906580920212,0.14821609275927283,0.2056,13,13,capitalisation
UK,1906,0.11765868190091289,0.08340500328194346,0.11765868190091289,0.2061,15,15,PIB proxy
UK,1907,-0.1691322640485905,-0.18233042254816054,-0.1691322640485905,0.2058,13,13,capitalisation
UK,1908,0.2154552674714043,0.2317672878340202,0.2154552674714043,0.2055,13,13,capitalisation
UK,1909,0.15469418017865655,0.17044921975840288,0.15469418017865655,0.2052,13,13,capitalisation
UK,1910,-0.022102394555138516,-0.04690115953229123,-0.022102394555138516,0.2056,13,13,capitalisation
UK,1911,0.05883391319681652,0.046765762945246425,0.05883391319681652,0.2057,13,13,capitalisation
UK,1912,0.04100039256119281,0.04822178853626102,0.04100039256119281,0.2055,13,13,capitalisation
UK,1913,-0.03629813739405385,-0.04708249697770348,-0.03629813739405385,0.2054,14,14,capitalisation
UK,1914,-0.06298614196542074,-0.06506996447570061,-0.06298614196542074,0.2028,15,15,capitalisation
UK,1915,0.07023609153079069,0.11667600680922145,0.07023609153079069,0.2102,13,13,capitalisation
UK,1916,-0.05079590895965369,0.013163231362352134,-0.05079590895965369,0.2098,13,13,capitalisation
UK,1917,-0.29124626545141663,-0.27707900084729514,-0.29124626545141663,0.2099,13,13,capitalisation
UK,1918,-0.06716883676490593,-0.07273548239786592,-0.06716883676490593,0.2099,12,12,capitalisation
UK,1919,0.04327397315771897,0.0734917096409355,0.04327397315771897,0.2259,12,12,capitalisation
UK,1920,-0.19932596654814616,-0.26163377879282285,-0.19932596654814616,0.2729,12,12,capitalisation
UK,1921,0.15952243819572676,0.2639950496111154,0.15952243819572676,0.2598,13,13,capitalisation
UK,1922,0.2509508139529757,0.39882832187690737,0.2509508139529757,0.2258,14,14,capitalisation
UK,1923,1.4025986999063038,0.28064977535589364,1.4025986999063038,0.2186,14,14,capitalisation
UK,1924,0.20195452366634914,0.15676964772414317,0.20195452366634914,0.2264,13,13,capitalisation
UK,1925,0.09229731502976501,0.16695887478486562,0.09229731502976501,0.2071,14,14,capitalisation
UK,1926,0.18063459711300767,0.18795819429212002,0.18063459711300767,0.2058,13,13,capitalisation
UK,1927,0.3468057965882423,0.2976418151711928,0.3468057965882423,0.2057,13,13,capitalisation
UK,1928,0.3459616083589532,0.35766350018903426,0.3459616083589532,0.2055,13,13,capitalisation
UK,1929,-0.046200506064424385,-0.062499840671208215,-0.046200506064424385,0.2059,14,14,capitalisation
UK,1930,-0.20970715824491715,-0.21193648650842575,-0.20970715824491715,0.2057,14,14,capitalisation
UK,1931,-0.3014715786732963,-0.31440628744116994,-0.3014715786732963,0.2205,14,14,capitalisation
UK,1932,0.21875396753111453,0.03083634534656695,0.21875396753111453,0.2852,14,14,capitalisation
UK,1933,0.2619824462781295,0.434594247029945,0.2619824462781295,0.236,14,14,capitalisation
UK,1934,-0.11442505289063998,-0.02912345804572536,-0.11442505289063998,0.1985,14,14,capitalisation
UK,1935,0.361363743086458,0.3334349636249653,0.361363743086458,0.204,14,14,capitalisation
UK,1936,0.2778147008282359,0.2951132533518259,0.2778147008282359,0.2012,14,14,capitalisation
UK,1937,-0.28279235836496075,-0.26370606788194967,-0.28279235836496075,0.2023,14,14,capitalisation
UK,1938,0.09841096781849767,0.12832644501744467,0.09841096781849767,0.2045,14,14,capitalisation
UK,1939,0.10193865713144357,0.03384899140773299,0.10193865713144357,0.2255,15,15,capitalisation
UK,1940,-0.019928504597236385,-0.05126150963998705,-0.019928504597236385,0.2611,13,13,capitalisation
UK,1941,-0.1496549935546464,-0.10450086929705091,-0.1496549935546464,0.248,12,12,capitalisation
UK,1942,0.01646282735925353,0.014569985370518283,0.01646282735925353,0.2478,12,12,capitalisation
UK,1943,0.17383118920306373,0.12269186327629893,0.17383118920306373,0.2478,12,12,capitalisation
UK,1944,0.11130335238303535,0.1025793954638238,0.11130335238303535,0.2478,12,12,capitalisation
UK,1945,0.22932374116675747,0.22209828245345425,0.22932374116675747,0.2481,11,11,capitalisation
UK,1946,0.14829632653626157,-0.11948145677533144,0.14829632653626157,0.3333333333333333,11,11,capitalisation
UK,1947,0.13304719567870715,-0.11737655610690452,0.13304719567870715,0.4,13,13,capitalisation
UK,1948,-0.2648144786197898,-0.09822000588907222,-0.2648144786197898,0.33003300330033003,13,13,capitalisation
UK,1949,0.4092409419128462,0.13602396647361978,0.4092409419128462,0.42016806722689076,13,12,capitalisation
UK,1950,0.1302382670988318,0.22262449307263216,0.1302382670988318,0.3968253968253968,14,14,capitalisation
UK,1951,0.22159337886041985,0.16698832383810672,0.22159337886041985,0.41841004184100417,14,14,capitalisation
UK,1952,-0.05111844479991057,0.12437580307654818,-0.05111844479991057,0.37735849056603776,14,14,capitalisation
UK,1953,0.0035925528539819673,0.04237975135840899,0.0035925528539819673,0.3717472118959108,15,15,capitalisation
UK,1954,0.44934708132878654,0.4649728060022412,0.44934708132878654,0.3731343283582089,14,14,capitalisation
UK,1955,0.2165167450119576,0.29171391005483943,0.2165167450119576,0.36900369003690037,15,15,capitalisation
UK,1956,-0.01348947072229656,0.051452807495940306,-0.01348947072229656,0.3589890868606365,15,15,capitalisation
UK,1957,-0.12821744524950895,-0.09340342877123128,-0.12821744524950895,0.34972371838487926,15,15,capitalisation
UK,1958,0.30299236351686876,0.2739019132786439,0.30299236351686876,0.3568242641772789,15,15,capitalisation
UK,1959,0.19788637312038504,0.191059365224954,0.19788637312038504,0.3571428572704081,15,15,capitalisation
UK,1960,0.04287129443467097,0.02983176797760108,0.04287129443467097,0.35665882029982837,15,15,capitalisation
UK,1961,0.19192138011923054,0.20693279845624157,0.19192138011923054,0.3561126741768857,15,15,capitalisation
UK,1962,-0.1324599454258566,-0.1129328653595377,-0.1324599454258566,0.3568242641772789,15,15,capitalisation
UK,1963,0.14128287288976504,0.13205572677322627,0.14128287288976504,0.35757705798382927,15,15,capitalisation
UK,1964,0.07939187256937896,0.08982404455185847,0.07939187256937896,0.3584100929566718,15,15,capitalisation
UK,1965,0.037958543252084365,0.06336149107734268,0.037958543252084365,0.3567860711990817,15,15,capitalisation
UK,1966,-0.09475629525768292,-0.0937419795380407,-0.09475629525768292,0.35839724763758773,15,15,capitalisation
UK,1967,0.35264430241864386,0.1614236309352295,0.35264430241864386,0.41557578041623067,15,15,capitalisation
UK,1968,0.12921479915276368,0.11641312534571142,0.12921479915276368,0.41939271951828244,15,15,capitalisation
UK,1969,-0.09115026256724501,-0.08260693663541883,-0.09115026256724501,0.4165451744976653,15,15,capitalisation
UK,1970,-0.055460642463630916,-0.05135450822163092,-0.055460642463630916,0.4177632954913997,15,15,capitalisation
UK,1971,-0.018730895324458485,0.0584712814060039,-0.018730895324458485,0.3917727719458463,15,15,capitalisation
UK,1972,0.29329182084226857,0.2139110448997552,0.29329182084226857,0.42587624054592066,15,15,capitalisation
UK,1973,-0.09410203946504425,-0.12433515919138328,-0.09410203946504425,0.43044077153514154,15,15,capitalisation
UK,1974,-0.32889396382006786,-0.31026035829347104,-0.32889396382006786,0.4258037046735379,15,15,capitalisation
UK,1975,0.18989374153626226,0.15854078477630554,0.18989374153626226,0.49419322979698205,15,15,capitalisation
UK,1976,0.19276299051952872,0.0814903325410292,0.19276299051952872,0.5874060153826398,15,15,capitalisation
UK,1977,-0.21046288229427845,-0.0961964559218784,-0.21046288229427845,0.5246589719436826,15,15,capitalisation
UK,1978,0.01962245732083323,0.032062566592231785,0.01962245732083323,0.4915212585360144,15,15,capitalisation
UK,1979,-0.08811939865264662,0.06178847215281185,-0.08811939865264662,0.44964028797196054,15,15,capitalisation
UK,1980,0.019827927042104676,0.11846901558350742,0.019827927042104676,0.41928721191584367,15,15,capitalisation
UK,1981,0.09658810558592457,-0.06372246402239605,0.09658810558592457,0.5241090149497426,15,15,capitalisation
UK,1982,0.19533471665967395,0.06440553763728744,0.19533471665967395,0.6193868074446496,15,15,capitalisation
UK,1983,0.31279271185612356,0.20939934404173638,0.31279271185612356,0.6893699163721011,15,15,capitalisation
UK,1984,0.2821261689041361,0.06599162845165593,0.2821261689041361,0.8646779082271318,15,15,capitalisation
UK,1985,0.10484248920899852,0.2730367507835516,0.10484248920899852,0.6922810665920949,15,15,capitalisation
UK,1986,0.3351810453208153,0.256414012431318,0.3351810453208153,0.678195998643608,15,15,capitalisation
UK,1987,-0.041963431934644024,0.077695775927423,-0.041963431934644024,0.5343307507347048,15,15,capitalisation
UK,1988,0.158462931664614,0.14986157084318436,0.158462931664614,0.5526388505111909,15,15,capitalisation
UK,1989,0.2844330990693613,0.2096197232755364,0.2844330990693613,0.6228589224540642,15,15,capitalisation
UK,1990,-0.26214853579021546,-0.12996720848331775,-0.26214853579021546,0.5186721991701245,15,15,capitalisation
UK,1991,0.053285683034078435,0.043137175731772594,0.053285683034078435,0.5345592558935158,15,15,capitalisation
UK,1992,0.18602730974113646,-0.00898867230582398,0.18602730974113646,0.6613756613756614,15,15,capitalisation
UK,1993,0.16990448879268483,0.13937929957233083,0.16990448879268483,0.6751282743721306,15,15,capitalisation
UK,1994,-0.019959978642888454,-0.012377701537191001,-0.019959978642888454,0.64,15,15,capitalisation
UK,1995,0.1965362813693159,0.1834215237688356,0.1965362813693159,0.6451612903225806,15,15,capitalisation
UK,1996,0.06113016572140584,0.20266563485485414,0.06113016572140584,0.5889281507656066,15,15,capitalisation
UK,1997,0.21892112078649895,0.23606380311017366,0.21892112078649895,0.6046680372475511,15,15,capitalisation
UK,1998,0.20768432421891525,0.19367271205318415,0.20768432421891525,0.6011421701232341,15,15,capitalisation
UK,1999,0.24021473211104616,0.22664072833133075,0.24021473211104616,0.6186587478346943,15,15,capitalisation
UK,2000,0.010471138745421937,-0.04792364610157241,0.010471138745421937,0.6701514542286557,15,15,capitalisation
UK,2001,-0.1551933362131539,-0.16641512641413636,-0.1551933362131539,0.689464975179261,15,15,capitalisation
UK,2002,-0.2663572454947689,-0.22975634557287952,-0.2663572454947689,0.6204243702692642,15,15,capitalisation
UK,2003,0.13361869637684642,0.17355542529364645,0.13361869637684642,0.5603182607721185,15,15,capitalisation
UK,2004,0.07119612043904677,0.12599208910462384,0.07119612043904677,0.5177591384487936,15,15,capitalisation
UK,2005,0.18219278864249255,0.0985765175668399,0.18219278864249255,0.5807538184563563,15,15,capitalisation
UK,2006,0.045974689076639486,0.1585731588354087,0.045974689076639486,0.5094243504839531,15,15,capitalisation
UK,2007,0.05475793936331219,0.03998953165889034,0.05475793936331219,0.49915144254766897,15,15,capitalisation
UK,2008,-0.16743153162642765,-0.4037384479296807,-0.16743153162642765,0.6859651529702291,15,15,capitalisation
UK,2009,0.10911717166046464,0.23543079824975494,0.10911717166046464,0.617474529175671,15,15,capitalisation
UK,2010,0.11738176584886717,0.0914874783366182,0.11738176584886717,0.638773554774832,15,15,capitalisation
UK,2011,-0.054166588400641036,-0.04881772352571737,-0.054166588400641036,0.646788694133627,15,15,capitalisation
UK,2012,0.0961555394947311,0.13199116263146948,0.0961555394947311,0.633713561470215,15,15,capitalisation
UK,2013,0.21308483496718922,0.3078844727983575,0.21308483496718922,0.60723828030119,15,15,capitalisation
UK,2014,0.12955904836307508,0.11362841390260875,0.12955904836307508,0.640697078421322,15,15,capitalisation
UK,2015,0.0792019125843868,0.044522602851535684,0.0792019125843868,0.674809366354005,15,15,capitalisation
UK,2016,0.23689160760121886,0.027518752533938075,0.23689160760121886,0.812875955129247,15,15,capitalisation
UK,2017,0.0855819187574356,0.16634838862922918,0.0855819187574356,0.740110276431188,15,15,capitalisation
UK,2018,0.03610467859354438,-0.008295597939083757,0.03610467859354438,0.787680674254657,15,15,PIB proxy
UK,2019,0.09289090256206634,0.13938534637365588,0.09289090256206634,0.762107990702283,15,15,PIB proxy
UK,2020,0.091144157336984,0.0755983379753634,0.091144157336984,0.745156482861401,15,15,PIB proxy
UK,2021,0.12104203526831792,0.17932192896202362,0.12104203526831792,0.6948676912367595,15,15,PIB proxy
UK,2022,-0.12665435250302226,-0.14564096359321782,-0.12665435250302226,0.7762065811871903,15,15,PIB proxy
UK,2023,0.12373338972901893,0.17008945849550042,0.12373338972901893,0.7690392623413413,15,15,PIB proxy
UK,2024,0.13475809333182331,0.17492705213666537,0.13475809333182331,0.7477303713334467,15,15,PIB proxy
UK,2025,0.14482946526790763,0.17279665626307628,0.14482946526790763,0.7256062085592487,15,15,PIB proxy
Italy,1871,0.2480457043234361,0.2259577521318899,0.3467859469875818,4.8808144,4,5,PIB proxy
Italy,1872,0.043615384424996684,0.1151534286283242,0.06492939934363084,5.0376051,6,7,PIB proxy
Italy,1873,-0.027742856429087692,-0.03021218655662325,-0.05264441301020817,5.200753499999999,7,8,PIB proxy
Italy,1874,0.027099261824439003,0.08241719823520599,0.00623294675641195,5.241645000000001,8,9,PIB proxy
Italy,1875,0.14033997504313844,0.06545757932063079,0.1626576726411879,4.8778874000000005,8,9,PIB proxy
Italy,1876,-0.04663643430400344,-0.009187618972908127,-0.04360586829482682,5.050162800000001,8,9,PIB proxy
Italy,1877,0.01224376345377265,0.04221893231977835,0.01224376345377265,5.439564000000001,7,7,capitalisation
Italy,1878,0.13982774470391535,0.13129490893751092,0.13735287060434875,5.645835999999999,8,9,PIB proxy
Italy,1879,0.3655891407402254,0.3346467287213889,0.3525312370100182,5.77521,8,9,PIB proxy
Italy,1880,0.15895589047987757,0.1911807662954194,0.15895589047987757,5.721820800000001,7,7,capitalisation
Italy,1881,0.14537095148483314,0.15086215423319077,0.15199809995282165,5.37,8,9,PIB proxy
Italy,1882,0.007102175872063299,-0.02779177827270402,0.0038293480838111904,5.4,9,10,PIB proxy
Italy,1883,0.01966441278505693,0.015876661725200487,0.029468311606230202,5.3,9,10,PIB proxy
Italy,1884,0.06750250490244802,0.05512471087113677,0.06750250490244802,5.28,8,8,capitalisation
Italy,1885,0.10040462974648778,0.1423876702907026,0.0987101799121417,5.31,9,10,PIB proxy
Italy,1886,0.08797971939144555,0.11204748964200903,0.08777345093976052,5.28,9,10,PIB proxy
Italy,1887,0.018858346133794113,-0.001256406359052751,0.020863134313851228,5.35,10,11,PIB proxy
Italy,1888,0.061734482643843736,0.0750316247245061,0.05785033829959696,5.34,10,11,PIB proxy
Italy,1889,0.09907025616519727,0.11631371346382824,0.08896253413967137,5.32,10,11,PIB proxy
Italy,1890,-0.06679148162387638,-0.04820132702312412,-0.06676337054927295,5.37,10,11,PIB proxy
Italy,1891,0.08976654252795346,0.08141655818025263,0.06846498918507549,5.38,10,11,PIB proxy
Italy,1892,0.09099275850129285,0.09955561949216275,0.08099500783761071,5.44,10,11,PIB proxy
Italy,1893,0.01758478425737131,-0.013725896693768246,0.02205802816025293,5.71,10,11,PIB proxy
Italy,1894,0.10646886276681422,0.1023750079729062,0.0923290079217125,5.81,10,11,PIB proxy
Italy,1895,0.03080540845083868,0.09441257375260087,0.04300085687656474,5.53,10,11,PIB proxy
Italy,1896,0.1301751083172742,0.08255316866226346,0.1175003625342601,5.66,10,11,PIB proxy
Italy,1897,0.06744753781219615,0.08975412094331779,0.06334575337306059,5.53,11,12,PIB proxy
Italy,1898,0.14346005599679357,0.11212515466913818,0.14721676873568157,5.71,11,12,PIB proxy
Italy,1899,0.06696474392886587,0.06846132906198328,0.06696474392886587,5.57,10,10,capitalisation
Italy,1900,0.07811593167511077,0.07477685741270394,0.07712883785599733,5.51,10,11,capitalisation
Italy,1901,0.04947510544098588,0.07057696199612014,0.048680226673594174,5.39,14,15,PIB proxy
Italy,1902,0.029615974941751944,0.04521398303865502,0.029615974941751944,5.23,13,13,capitalisation
Italy,1903,-0.09297154472580549,-0.06986894763072596,-0.09297154472580549,5.17,13,13,capitalisation
Italy,1904,0.19272245223244755,0.20442591723798298,0.19272245223244755,5.17,13,13,capitalisation
Italy,1905,0.14820091991352746,0.15081906580920212,0.14820091991352746,5.16,13,13,capitalisation
Italy,1906,0.10369483852639849,0.08704687730769312,0.09885478124548785,5.18,14,15,PIB proxy
Italy,1907,-0.19744982072917672,-0.18233042254816054,-0.19744982072917672,5.17,13,13,capitalisation
Italy,1908,0.23358709306313097,0.2317672878340202,0.23358709306313097,5.16,13,13,capitalisation
Italy,1909,0.20253331600283264,0.17044921975840288,0.20253331600283264,5.19,13,13,capitalisation
Italy,1910,-0.03806382113624107,-0.04690115953229123,-0.03806382113624107,5.21,13,13,capitalisation
Italy,1911,0.035655564267379036,0.046765762945246425,0.035655564267379036,5.22,13,13,capitalisation
Italy,1912,0.06563233010189462,0.04822178853626102,0.06563233010189462,5.23,13,13,capitalisation
Italy,1913,-0.03537627238271035,-0.04708249697770348,-0.03537627238271035,5.264,14,14,capitalisation
Italy,1914,-0.06348803943212178,-0.06230198484837578,-0.06622265682365602,5.195,14,15,capitalisation
Italy,1915,0.2643118804491238,0.11667600680922145,0.2643118804491238,6.05,13,13,capitalisation
Italy,1916,-0.02831659417807353,0.013163231362352134,-0.02831659417807353,6.55,13,13,capitalisation
Italy,1917,-0.2811552812837378,-0.27707900084729514,-0.2811552812837378,7.509,13,13,capitalisation
Italy,1918,-0.14547457054381252,-0.07273548239786592,-0.14547457054381252,7.862,12,12,capitalisation
Italy,1919,0.1762670740073291,0.0734917096409355,0.1762670740073291,8.796,12,12,capitalisation
Italy,1920,0.331443296107375,-0.26163377879282285,0.331443296107375,20.121,12,12,capitalisation
Italy,1921,0.08916735272022103,0.2639950496111154,0.08916735272022103,23.29,13,13,capitalisation
Italy,1922,0.12428014589733105,0.39882832187690737,0.12428014589733105,21.027,14,14,capitalisation
Italy,1923,1.4250919413855279,0.28064977535589364,1.4250919413855279,21.732,14,14,capitalisation
Italy,1924,0.17541974939635496,0.15676964772414317,0.17541974939635496,22.946,13,13,capitalisation
Italy,1925,0.16814050255046498,0.16695887478486562,0.16814050255046498,25.141,14,14,capitalisation
Italy,1926,0.11736609341811888,0.18795819429212002,0.11736609341811888,25.711,13,13,capitalisation
Italy,1927,0.08508868171882478,0.2976418151711928,0.08508868171882478,19.395,13,13,capitalisation
Italy,1928,0.4215131957958942,0.35766350018903426,0.4215131957958942,19.022,13,13,capitalisation
Italy,1929,-0.06652453955336746,-0.06169284438560016,-0.06726973530096403,19.108,13,14,capitalisation
Italy,1930,-0.20772529225353498,-0.21319270418795228,-0.20653929435544094,19.093,13,14,capitalisation
Italy,1931,-0.30716692313669025,-0.3161175617025678,-0.3055826002716354,19.207,13,14,capitalisation
Italy,1932,-0.04362850413120978,0.031218095397483693,-0.04260549451051665,19.511,13,14,capitalisation
Italy,1933,0.20775792941173687,0.4345666102014653,0.21216467053027532,14.904,13,14,capitalisation
Italy,1934,-0.13835389176033386,-0.03527117799733302,-0.12997531685473196,11.68,13,14,capitalisation
Italy,1935,0.37280810963468913,0.33996728935708664,0.3653705810960408,12.125,13,14,capitalisation
Italy,1936,0.37450343250846774,0.2958623376403526,0.3720136798511209,13.714,13,14,capitalisation
Italy,1937,-0.06803912853349481,-0.27002595321187206,-0.06604734863238071,19.009,13,14,capitalisation
Italy,1938,0.029042132616732275,0.13551081192576478,0.025305112448016587,19.01,13,14,capitalisation
Italy,1939,-0.013956170590576966,0.024884264852897495,-0.003941161776263802,19.246,14,15,capitalisation
Italy,1940,-0.13291138154972904,-0.05406567886408302,-0.12672730070348992,19.839,12,13,capitalisation
Italy,1941,-0.15873317961024302,-0.11368962833354682,-0.14773053818253368,19.7227,11,12,capitalisation
Italy,1942,10.35827309862452,0.013399112479389762,9.779048221262665,225.53,11,12,capitalisation
Italy,1943,-0.15443923743276855,0.11832588561256886,-0.13617624148991436,269.179,11,12,capitalisation
Italy,1944,-0.45293325915409477,0.14104454077385595,-0.4516667226340457,574.713,11,12,capitalisation
Italy,1945,-0.32039219384899753,0.2795556525852174,-0.3436660879961484,588.582,10,11,capitalisation
Italy,1946,-0.16132439475456684,-0.13675023711702647,-0.14373926707981544,675.0,10,11,capitalisation
Italy,1947,-0.45756931410647694,-0.10662617588902562,-0.45971419671698277,585.0,12,13,capitalisation
Italy,1948,0.019652772797106755,-0.10306120208174732,0.022560782688534342,660.0,12,13,capitalisation
Italy,1949,0.13967351476073842,0.13702484406228968,0.13861185401182086,665.0,12,12,capitalisation
Italy,1950,0.32244907622260377,0.22496980216059823,0.31818856392912287,700.0,13,14,capitalisation
Italy,1951,0.09176517844966559,0.17072737085170106,0.08970238880802284,690.0,13,14,capitalisation
Italy,1952,0.050147437319036925,0.12437580307654818,0.050147437319036925,634.0,14,14,capitalisation
Italy,1953,0.03199198433503225,0.041886597580653266,0.03268217814931318,629.0,14,15,capitalisation
Italy,1954,0.4539267621822676,0.4649728060022412,0.4539267621822676,638.5,14,14,capitalisation
Italy,1955,0.25435444021264386,0.2986733549470238,0.248602258051831,635.5,14,15,capitalisation
Italy,1956,0.018815247666967405,0.052338310101591325,0.018749862311888466,624.969999998,14,15,capitalisation
Italy,1957,-0.08655694011464854,-0.09624891705219762,-0.08394472915349982,624.89,14,15,capitalisation
Italy,1958,0.27660084277098185,0.27443850471874875,0.27599895750709047,624.0,14,15,capitalisation
Italy,1959,0.18536137446402168,0.17880026666639792,0.19743130859650626,620.600000001,14,15,capitalisation
Italy,1960,0.030947607723733173,0.022060117379408536,0.03835874676406381,620.600000001,14,15,capitalisation
Italy,1961,0.20958485043713293,0.21676245484433065,0.2001250919208597,620.600000001,14,15,capitalisation
Italy,1962,-0.13029207173859692,-0.11022648690682399,-0.13209849014235997,620.600000001,14,15,capitalisation
Italy,1963,0.09513575512774253,0.14539981679780337,0.08388269767122902,622.380000002,14,15,capitalisation
Italy,1964,0.06544014702796264,0.10257287640379706,0.05397624960641423,624.799999997,14,15,capitalisation
Italy,1965,0.03728875296182266,0.060481436574314235,0.04064693850379175,624.700000002,14,15,capitalisation
Italy,1966,-0.0934710837765318,-0.09511547643707093,-0.0921285447039234,624.450000002,14,15,capitalisation
Italy,1967,0.15944787686223227,0.16518183044321177,0.15583366177324787,623.859999999,14,15,capitalisation
Italy,1968,0.14219608396888805,0.11797228447637517,0.14018493110344665,623.5,14,15,capitalisation
Italy,1969,-0.05669796978627928,-0.08698919822698166,-0.0528406528739086,625.5,14,15,capitalisation
Italy,1970,-0.04328695157872575,-0.04807565646287694,-0.04666615701700649,623.0,14,15,capitalisation
Italy,1971,0.039185693251285736,0.06353192604207344,0.034636502731888896,594.0,14,15,capitalisation
Italy,1972,0.1903979986131099,0.21615529932525468,0.18857954284174494,582.5,14,15,capitalisation
Italy,1973,-0.07854384815605753,-0.12713341041976423,-0.07639860838648482,607.920000001,14,15,capitalisation
Italy,1974,-0.2951539114680871,-0.3081785418938739,-0.29754666038774347,649.429999999,14,15,capitalisation
Italy,1975,0.14003828229368342,0.16632488369703383,0.13287884853769993,683.549999997,14,15,capitalisation
Italy,1976,0.2811021766614481,0.08550099635892519,0.2744081164773713,875.0,14,15,capitalisation
Italy,1977,-0.1358988055400262,-0.09348596303340004,-0.13818238318469545,871.549999997,14,15,capitalisation
Italy,1978,-0.008150110719700954,0.030918227861795218,-0.006693124516072402,829.75,14,15,capitalisation
Italy,1979,-0.06183193839674295,0.06293952800410177,-0.06160082668485589,804.0,14,15,capitalisation
Italy,1980,0.1976265068569767,0.11314617971611825,0.2018329256439988,930.5,14,15,capitalisation
Italy,1981,0.077081326221635,-0.06336957755778594,0.07387347828448698,1200.0,14,15,capitalisation
Italy,1982,0.07978383942504896,0.0713086463207144,0.0726772594973022,1370.0,14,15,capitalisation
Italy,1983,0.31055980269942207,0.21029941256002274,0.30798430572138136,1659.5,14,15,capitalisation
Italy,1984,0.12210649126824147,0.0657347852350569,0.12155900946910281,1935.879999995,14,15,capitalisation
Italy,1985,0.1372877790092073,0.2630015239621768,0.149544893544324,1678.5,14,15,capitalisation
Italy,1986,0.06390126113136252,0.24748924368627667,0.07701941732358164,1358.13,14,15,capitalisation
Italy,1987,0.04325152261720877,0.0908813548269234,0.03160454231041521,1169.25,14,15,capitalisation
Italy,1988,0.23515202457795392,0.14829245337319724,0.23475423586681,1305.77,14,15,capitalisation
Italy,1989,0.09946524945361745,0.2130269720034091,0.09857264815694688,1270.5,14,15,capitalisation
Italy,1990,-0.2058785470036395,-0.12592150054843967,-0.20829103252830616,1130.15,14,15,capitalisation
Italy,1991,0.054303575194396325,0.044277760932961874,0.05296091662736502,1151.06,14,15,capitalisation
Italy,1992,0.22028751817217262,-0.00799837089102369,0.21540206987866228,1470.86,14,15,capitalisation
Italy,1993,0.30023564602841635,0.13421630699057294,0.30267671308871935,1703.97,14,15,capitalisation
Italy,1994,-0.032199208281741276,-0.01356209900880799,-0.030679803245144077,1629.74,14,15,capitalisation
Italy,1995,0.129673109758345,0.18855405700199138,0.12579422753319824,1584.72,14,15,capitalisation
Italy,1996,0.10717654919305519,0.20577154851202253,0.10589627653778266,1530.5699,14,15,capitalisation
Italy,1997,0.3604747189864568,0.22999333782727532,0.3642030792985176,1759.1899,14,15,capitalisation
Italy,1998,0.12959324180187637,0.188383767658093,0.13620777757325597,1653.1,14,15,capitalisation
Italy,1999,0.4062181310692563,0.22711500299131265,0.4006124899633672,1927.4039418674101,14,15,capitalisation
Italy,2000,-0.0128346407729103,-0.05163289247126551,-0.010400862041627379,2080.891993551854,14,15,capitalisation
Italy,2001,-0.1383935797747844,-0.16351091646335186,-0.14225862015655022,2197.0611596505164,14,15,capitalisation
Italy,2002,-0.327598320615365,-0.2304945420446349,-0.32388748392140687,1846.352627062077,14,15,capitalisation
Italy,2003,0.024029689185491865,0.17459617925620055,0.0275300881892957,1533.0720506730008,14,15,capitalisation
Italy,2004,0.060944109002388336,0.12318155534811956,0.06530650401489968,1421.5329270978636,14,15,capitalisation
Italy,2005,0.21599136380468353,0.096333869905284,0.21513288852296197,1641.3240654403662,14,15,capitalisation
Italy,2006,0.06567865704588405,0.15755464160384075,0.06915273178151327,1470.2126044039483,14,15,capitalisation
Italy,2007,-0.03339330246225536,0.04277871625297627,-0.03413458961492022,1315.311459819305,14,15,capitalisation
Italy,2008,-0.35521829657848936,-0.40162260562624047,-0.35849309879445446,1391.2984120140827,14,15,capitalisation
Italy,2009,0.20663984671295976,0.23585619466111568,0.20685119963810972,1344.0719144800769,14,15,capitalisation
Italy,2010,0.18959174466693685,0.09535368908282034,0.18375283964776323,1449.0869630294867,14,15,capitalisation
Italy,2011,-0.017300205560056403,-0.04557057496084801,-0.021030358755991685,1496.460313780045,14,15,capitalisation
Italy,2012,0.09194437608858497,0.13256929536501022,0.0919815785481155,1467.5382749734729,14,15,capitalisation
Italy,2013,0.22717013854473134,0.3093062600686012,0.22696509280170574,1404.0098615038794,14,15,capitalisation
Italy,2014,0.2336566387142487,0.11473550057883675,0.23095346224102342,1594.8192076435216,14,15,capitalisation
Italy,2015,0.14146360142368408,0.04286372356615195,0.14188145972403343,1778.5156608799487,14,15,capitalisation
Italy,2016,0.0697463192850325,0.02861772903811651,0.06804015594926294,1836.8940328242102,14,15,capitalisation
Italy,2017,0.06092453792454933,0.16637139969055736,0.06217226984660207,1614.5001250729601,14,15,capitalisation
Italy,2018,0.041147737550333074,-0.0016491403764351126,0.032367342568764945,1691.065502183406,14,15,PIB proxy
Italy,2019,0.15897271943303082,0.13242937871463345,0.1646210387582332,1723.5802029553136,14,15,PIB proxy
Italy,2020,0.03606987246513271,0.08152273659256018,0.032354004166455175,1577.9235596120932,14,15,PIB proxy
Italy,2021,0.16366566335397614,0.17559505918650065,0.16794584306493476,1522.4136647184598,14,15,PIB proxy
Italy,2022,-0.1169147656445414,-0.15071338085183528,-0.11345796321589818,1712.795004295301,14,15,PIB proxy
Italy,2023,0.11862423874119266,0.17139807481205954,0.11989334925541728,1664.708383616679,14,15,PIB proxy
Italy,2024,0.18140065463779154,0.17195330016703647,0.18391942615585433,1663.0437706108885,14,15,PIB proxy
Italy,2025,0.14568041724406178,0.16704624009813662,0.15244727608008457,1595.6980273506786,14,15,PIB proxy
Japan,1887,-0.05447812399935259,0.010688707042663833,-0.058000874198821495,1.36986301369863,10,11,PIB proxy
Japan,1888,0.09988511352824125,0.06819863345550307,0.09934579575819869,1.3793103448275863,10,11,PIB proxy
Japan,1889,0.021885723563053627,0.09566521920740838,0.03547746039631949,1.3605442176870748,10,11,PIB proxy
Japan,1890,-0.10884397741859597,-0.03696690418280402,-0.11709894881736471,1.3377926421404682,10,11,PIB proxy
Japan,1891,0.1075844391938161,0.05917428832334608,0.10591530878790678,1.3333333333333333,10,11,PIB proxy
Japan,1892,0.2751116928889614,0.047503056577785197,0.3015489673677334,1.5267175572519083,10,11,PIB proxy
Japan,1893,0.13616609082899878,-0.011251201955649583,0.13118739284189385,1.8348623853211008,10,11,PIB proxy
Japan,1894,-0.029655389325510262,0.080227506082592,-0.013962629405924298,1.7467248908296944,10,11,PIB proxy
Japan,1895,0.21849816062419114,0.09064884530888116,0.21926255859917432,2.13903743315508,10,11,PIB proxy
Japan,1896,-0.10555652889179323,0.04890029087989754,-0.06947047939568152,2.0151133501259446,10,11,PIB proxy
Japan,1897,0.03443366848163176,0.11872602728286549,0.004974823538632656,2.0779220779220777,11,12,PIB proxy
Japan,1898,0.04701012587386266,0.14879172138532448,0.023343846442856808,2.061855670103093,11,12,PIB proxy
Japan,1899,0.11711518640782437,0.06078156846894416,0.12355960208807515,2.030456852791878,9,10,capitalisation
Japan,1900,-0.01789682004379667,0.0789477140646918,-0.021487425233913338,2.0408163265306123,10,11,capitalisation
Japan,1901,0.10466720878731572,0.07683866919092833,0.09436804326958836,2.035623409669211,14,15,PIB proxy
Japan,1902,0.004843474072425247,0.041068323408080414,0.00945472745474274,2.0253164556962022,12,13,capitalisation
Japan,1903,-0.09663429469440221,-0.07278147143210853,-0.09334850981736831,2.0408163265306123,12,13,capitalisation
Japan,1904,0.19215235197150649,0.20780400659537024,0.18901799152919874,2.056555269922879,12,13,capitalisation
Japan,1905,0.09296606002157426,0.14691393390021124,0.09766703615501693,2.035623409669211,12,13,capitalisation
Japan,1906,0.04748033682959396,0.03984677895219955,0.09061496863298668,2.030456852791878,14,15,PIB proxy
Japan,1907,-0.23893372498852805,-0.18152120369717495,-0.23767495484879686,2.030456852791878,12,13,capitalisation
Japan,1908,0.2802293683658579,0.2442173372136127,0.26698105573298037,2.030456852791878,12,13,capitalisation
Japan,1909,0.20236737244108705,0.1660354072896392,0.2060743972591912,2.0253164556962022,12,13,capitalisation
Japan,1910,-0.02135065446363682,-0.05354528201729589,-0.015259515112185262,2.030456852791878,12,13,capitalisation
Japan,1911,-0.010975178705690203,0.051099449119682824,-0.014119995377395833,2.030456852791878,12,13,capitalisation
Japan,1912,0.0163711867600278,0.04843625147408319,0.016878954251976275,2.030456852791878,12,13,capitalisation
Japan,1913,-0.06632598328059236,-0.04746654744936673,-0.06554717312904357,2.035623409669211,13,14,capitalisation
Japan,1914,0.029253120621640205,-0.06769175517448747,0.029736755930666492,2.0408163265306123,14,15,capitalisation
Japan,1915,0.26389396567782897,0.11052663239228827,0.2669751807941634,2.0833333333333335,12,13,capitalisation
Japan,1916,-0.04506747900647046,-0.013915795472148872,-0.01696416503550302,1.97,12,13,capitalisation
Japan,1917,-0.2869080424089443,-0.27923683878317673,-0.28433174845195563,1.95,12,13,capitalisation
Japan,1918,-0.1857940128482194,-0.06946303763849976,-0.18052119604325934,1.89,11,12,capitalisation
Japan,1919,-0.18636432358143284,0.07669379643198446,-0.17234612656013304,1.95,11,12,capitalisation
Japan,1920,-0.2681940695518902,-0.2766387189763402,-0.25381292986458237,1.99,11,12,capitalisation
Japan,1921,0.2808446049998654,0.2812606154139594,0.2636009388544234,2.07,12,13,capitalisation
Japan,1922,0.28261431319652774,0.4184121180386251,0.2690472276255629,2.09,13,14,capitalisation
Japan,1923,1.354058707390366,0.2858959541254548,1.3202408791853988,2.06,13,14,capitalisation
Japan,1924,0.3572889393157439,0.1599970724903506,0.34737426208978706,2.43,12,13,capitalisation
Japan,1925,0.19061112882628017,0.16871738881567588,0.18820701072867863,2.44,13,14,capitalisation
Japan,1926,0.06853420840896152,0.1870990770551471,0.07268756573480917,2.12,12,13,capitalisation
Japan,1927,0.34006655933261176,0.30752230764504496,0.329288686161737,2.11,12,13,capitalisation
Japan,1928,0.42805597183568445,0.3617181226226572,0.42273239513338656,2.15,12,13,capitalisation
Japan,1929,-0.024549615609871123,-0.06210985809856838,-0.025521467347317417,2.17,13,14,capitalisation
Japan,1930,-0.20345996422332058,-0.21222629018760975,-0.20329565475753741,2.02,13,14,capitalisation
Japan,1931,-0.2924594399673228,-0.3226316065002567,-0.28465193900167274,2.05,13,14,capitalisation
Japan,1932,0.5888437799387969,0.02829131658392218,0.5762221366949647,3.56,13,14,capitalisation
Japan,1933,0.5961232410078272,0.43882420457105853,0.5871679300433572,3.9,13,14,capitalisation
Japan,1934,-0.10728374449925548,-0.03133708305467613,-0.10287449433551077,3.37,13,14,capitalisation
Japan,1935,0.35399348851383583,0.34283474568551814,0.3442135396350361,3.48,13,14,capitalisation
Japan,1936,0.2701894354288754,0.3020328949319725,0.2641704330348076,3.45,13,14,capitalisation
Japan,1937,-0.32165696336452243,-0.2723348733147853,-0.311859892205988,3.47,13,14,capitalisation
Japan,1938,0.026911216746246636,0.13757053181762297,0.021812284015606975,3.52,13,14,capitalisation
Japan,1939,0.0061690426906719775,0.0360358584747317,0.004858030134678115,3.85,14,15,capitalisation
Japan,1940,-0.05683897493127488,-0.051030567842001925,-0.05686715825985322,4.27,12,13,capitalisation
Japan,1941,-0.0149766097195565,-0.1010536748167236,-0.02174026481707736,4.27,11,12,capitalisation
Japan,1942,0.060187055728984085,0.007789766701195467,0.0652528694534682,4.29,11,12,capitalisation
Japan,1943,0.1440082805200693,0.1213032907542019,0.14458225873054076,4.29,11,12,capitalisation
Japan,1944,-0.1545196767872341,0.11406379306681658,-0.15641133382658978,4.29,11,12,capitalisation
Japan,1945,-0.8081592226985276,0.25997711823746084,-0.8112623580196424,6.9,10,11,capitalisation
Japan,1949,0.656016703081598,0.13602396647361978,0.656016703081598,595.0,13,12,capitalisation
Japan,1950,-0.044569743484126456,0.22672767073200092,-0.0462085304672768,425.0,13,14,capitalisation
Japan,1951,0.09507831279005385,0.16660020651904808,0.09618981776611668,435.0,13,14,capitalisation
Japan,1952,0.05013472167030719,0.11742954406066491,0.05785140912176767,415.0,13,14,capitalisation
Japan,1953,0.027010712416216887,0.031002186692291045,0.038490969245565276,435.0,14,15,capitalisation
Japan,1954,0.3695292614764907,0.48568196267456,0.3526980578664449,424.0,13,14,capitalisation
Japan,1955,0.2373558948440544,0.2930101347854365,0.23713341191581683,401.0,14,15,capitalisation
Japan,1956,0.0551496501276032,0.04201398546319296,0.0642904771962709,402.0,14,15,capitalisation
Japan,1957,-0.11139594455238022,-0.10121001586250347,-0.10326085808627039,400.0,14,15,capitalisation
Japan,1958,0.2955404004083344,0.2790590726434983,0.2898124866457139,391.0,14,15,capitalisation
Japan,1959,0.21576531528976917,0.1781896977186897,0.22723777929585487,402.0,14,15,capitalisation
Japan,1960,-0.060914060783405444,0.014771085196673464,-0.042024525776084176,380.0,14,15,capitalisation
Japan,1961,0.1485297011397,0.2114320111752588,0.14817702715308712,373.0,14,15,capitalisation
Japan,1962,-0.09733518972546318,-0.11488948223250701,-0.09640313968633263,398.5,14,15,capitalisation
Japan,1963,0.03249181339115048,0.14095832465498145,0.03211516272846815,381.0,14,15,capitalisation
Japan,1964,0.08197460569786075,0.10466976122665764,0.06861605340909138,380.0,14,15,capitalisation
Japan,1965,0.041807582272838095,0.07077529228385691,0.036073520378163915,386.0,14,15,capitalisation
Japan,1966,-0.13355143502739197,-0.11189944653365375,-0.11411646755653881,384.0,14,15,capitalisation
Japan,1967,0.16520589090453242,0.17222780630858042,0.15489181533495477,386.0,14,15,capitalisation
Japan,1968,0.06642582905526506,0.11849152358805026,0.06719092343679556,373.0,14,15,capitalisation
Japan,1969,-0.10243852045658552,-0.10628838122983036,-0.07899778698165583,376.0,14,15,capitalisation
Japan,1970,-0.06564108615186093,-0.05825397109881489,-0.05805542744657399,380.0,14,15,capitalisation
Japan,1971,-0.12125982699171611,0.058073137186195715,-0.10582626708399112,314.799999998,14,15,capitalisation
Japan,1972,0.1274766219506187,0.17714792872556534,0.16926613053279804,301.999999999,14,15,capitalisation
Japan,1973,-0.25627156854559663,-0.18382824135556097,-0.1847476994858055,279.999999999,14,15,capitalisation
Japan,1974,-0.32676297494939555,-0.3125673686901195,-0.32235909333330526,300.949999999,14,15,capitalisation
Japan,1975,0.1811705549658984,0.20262008566785,0.14068869800161288,305.149999999,14,15,capitalisation
Japan,1976,0.01226181719742403,0.0878993230160175,0.017986485243413286,292.799999998,14,15,capitalisation
Japan,1977,-0.2776148542015585,-0.11914280975361621,-0.22868869686576465,239.999999999,14,15,capitalisation
Japan,1978,-0.12332749514291974,0.019268198828567493,-0.08660783982484188,194.599999999,14,15,capitalisation
Japan,1979,0.3850825185422522,0.061339805366772145,0.32050341371535773,239.699999999,14,15,capitalisation
Japan,1980,-0.012357433365081216,0.1507345591253883,-0.01296774135734069,202.999999999,14,15,capitalisation
Japan,1981,-0.008952569850070868,-0.1013121762803134,0.012997641668230253,219.899999999,14,15,capitalisation
Japan,1982,0.18068586700954947,0.08717476204441006,0.13808113416601442,234.999999999,14,15,capitalisation
Japan,1983,0.20114214075894443,0.2115745387525845,0.20116834640441517,232.199999999,14,15,capitalisation
Japan,1984,0.0938568028121829,0.015377329522905376,0.12731638464770856,251.1,14,15,capitalisation
Japan,1985,0.11131619844263585,0.30460887257235736,0.13387551235589035,200.5,14,15,capitalisation
Japan,1986,0.04808979779872802,0.24004654597620514,0.11033773308566341,159.1,14,15,capitalisation
Japan,1987,-0.22671015303401487,-0.08037158988911085,-0.02688725139014525,123.5,14,15,capitalisation
Japan,1988,0.21910191641362786,0.18053411357900312,0.1755698662824665,125.85,14,15,capitalisation
Japan,1989,0.43748982297860817,0.2280284727266282,0.3374450234431299,143.45,14,15,capitalisation
Japan,1990,-0.12570785154749198,-0.11129757058722446,-0.13859180277635552,134.4,14,15,capitalisation
Japan,1991,0.07372994237209918,0.1507225828249502,-0.00896641293083833,125.2,14,15,capitalisation
Japan,1992,0.07431647776766903,0.08979344486395077,-0.02025341556709892,124.75,14,15,capitalisation
Japan,1993,0.019011815105894003,0.14602619528263103,0.03945771529464537,111.85,14,15,capitalisation
Japan,1994,-0.09751177918343001,-0.03030825849437907,-0.06600564747895499,99.74,14,15,capitalisation
Japan,1995,0.36970932624684183,0.27459222399626426,0.2574188210531243,102.83,14,15,capitalisation
Japan,1996,0.381861401066502,0.21058339961731187,0.3415546735449928,116.0,14,15,capitalisation
Japan,1997,0.4178803525119432,0.3059052386781132,0.3306226348380781,129.95,14,15,capitalisation
Japan,1998,0.11876601561237088,0.23392617082392034,0.0904512037663463,115.6,14,15,capitalisation
Japan,1999,0.07067946187299401,0.2283494157140961,0.08252465395279263,102.2,14,15,capitalisation
Japan,2000,0.056468371360502534,-0.07120465845943791,0.06488818347553926,114.9,14,15,capitalisation
Japan,2001,-0.021291247285629256,-0.16164003632598567,-0.0393565449985972,131.8,14,15,capitalisation
Japan,2002,-0.2500014149714149,-0.23656639958793457,-0.2419859650885895,119.9,14,15,capitalisation
Japan,2003,0.15975267003890026,0.19767300258303255,0.1394343005238139,107.1,14,15,capitalisation
Japan,2004,0.1293080555922066,0.11115013405648924,0.14225051926600285,104.12,14,15,capitalisation
Japan,2005,0.2301531475086407,0.09138758680538138,0.22217832716334573,117.97,14,15,capitalisation
Japan,2006,0.22030221869070177,0.14006645321795083,0.2272467150100197,118.95,14,15,capitalisation
Japan,2007,0.05935786203364568,0.04209058857300298,0.054971159212151566,114.0,14,15,capitalisation
Japan,2008,-0.5383247228487085,-0.420487271880739,-0.5071801111602693,90.75,14,15,capitalisation
Japan,2009,0.3706579266160228,0.30320837857733635,0.29445924558406733,92.06,14,15,capitalisation
Japan,2010,-0.011861481580755173,0.09710410136239658,-0.005663761731092731,81.45,14,15,capitalisation
Japan,2011,-0.06871247783644752,-0.04918257894688857,-0.06633501809089615,77.72,14,15,capitalisation
Japan,2012,0.3179289781218899,0.15144100163901864,0.28183453222168975,86.55,14,15,capitalisation
Japan,2013,0.5584851122885168,0.2621743244288675,0.5743369089559183,105.3,14,15,capitalisation
Japan,2014,0.23056794476897036,0.11926591590415561,0.2110097723233264,120.64,14,15,capitalisation
Japan,2015,0.003224570428596474,0.03607728501149218,0.015820730241800085,120.5,14,15,capitalisation
Japan,2016,0.0024378597353307274,0.030975811524424954,0.0029866139992518193,116.8,14,15,capitalisation
Japan,2017,0.17254592382378653,0.15926930462684935,0.17789191260058757,112.9,14,15,capitalisation
Japan,2018,-0.009136275059905996,0.0160781938199916,-0.030019888184588894,110.83,14,15,PIB proxy
Japan,2019,0.11861328293491114,0.1330926846000098,0.1268786531192636,109.12,14,15,PIB proxy
Japan,2020,0.068263604649067,0.07513520511899709,0.06964760120122637,103.63,14,15,PIB proxy
Japan,2021,0.3177986432848834,0.21039930933733092,0.2723362175349684,106.6676016031283,14,15,PIB proxy
Japan,2022,-0.0027360359165263803,-0.16557288817464172,-0.004024187269162538,127.71576911654626,14,15,PIB proxy
Japan,2023,0.2555909550106401,0.1530188611384196,0.2594787930180673,136.49052327449638,14,15,PIB proxy
Japan,2024,0.28299770027878535,0.19155101472321454,0.25468608565929984,147.01708270369576,14,15,PIB proxy
Japan,2025,0.1483522660813832,0.15370926988089184,0.1681109065582158,145.29323796880868,14,15,PIB proxy
Netherlands,1901,0.0908960797390701,0.06908702880074044,0.08960822453879103,2.4796367999999998,14,15,PIB proxy
Netherlands,1902,0.05039889751928861,0.04618701266084814,0.04928756806240564,2.4892625,12,13,capitalisation
Netherlands,1903,-0.08316389395234958,-0.07237605740832635,-0.08028338098036669,2.485704,12,13,capitalisation
Netherlands,1904,0.162148220037722,0.2080241409935669,0.16017368512820762,2.4783563999999996,12,13,capitalisation
Netherlands,1905,0.19114498929324997,0.15067346395246253,0.1899317741584119,2.4848816,12,13,capitalisation
Netherlands,1906,0.055400244677850985,0.08477468817908539,0.054631504405738385,2.4962832,14,15,PIB proxy
Netherlands,1907,-0.18341838130039412,-0.18691823229511143,-0.17895175482989256,2.4875046000000003,12,13,capitalisation
Netherlands,1908,0.2513796177775436,0.23528416829029594,0.24725432821434556,2.4822345,12,13,capitalisation
Netherlands,1909,0.16009182261837807,0.17205361372478412,0.15893125869597302,2.4806628,12,13,capitalisation
Netherlands,1910,-0.041455240459490894,-0.04712067116298037,-0.041455211113139545,2.48262,12,13,capitalisation
Netherlands,1911,0.027652252895796314,0.04352899153579343,0.03154002224982988,2.4852673999999997,12,13,capitalisation
Netherlands,1912,0.061731365853290754,0.048951728085389785,0.060508227567057205,2.482029,12,13,capitalisation
Netherlands,1913,-0.07419311640146653,-0.047901387371368356,-0.07229083039785933,2.4925,13,14,capitalisation
Netherlands,1914,-0.06827866268668259,-0.06801568701579863,-0.06532242985145376,2.4622,14,15,capitalisation
Netherlands,1915,0.013147756442501102,0.11667600680922145,0.013147756442501102,2.4696,13,13,capitalisation
Netherlands,1916,-0.022833960693673827,0.013163231362352134,-0.022833960693673827,2.3915,13,13,capitalisation
Netherlands,1917,-0.16837732430113828,-0.27707900084729514,-0.16837732430113828,2.3825,13,13,capitalisation
Netherlands,1918,-0.1476157811096036,-0.07273548239786592,-0.1476157811096036,2.1256,12,12,capitalisation
Netherlands,1919,0.1806159865557715,0.0734917096409355,0.1806159865557715,2.5545,12,12,capitalisation
Netherlands,1920,-0.2108034617925214,-0.26163377879282285,-0.2108034617925214,2.9054,12,12,capitalisation
Netherlands,1921,0.3072163598842441,0.2639950496111154,0.3072163598842441,2.972,13,13,capitalisation
Netherlands,1922,0.24382836010258546,0.42384044987572156,0.2270941258424104,2.5976,13,14,capitalisation
Netherlands,1923,1.422808898572431,0.2872042445562639,1.3765674566701152,2.5575,13,14,capitalisation
Netherlands,1924,0.1786817215109353,0.16362916480177905,0.17114362369917302,2.6171,12,13,capitalisation
Netherlands,1925,0.1469965498838015,0.16741965280265753,0.14742072286475238,2.49,13,14,capitalisation
Netherlands,1926,0.2317567308019708,0.18795819429212002,0.2317567308019708,2.4939,13,13,capitalisation
Netherlands,1927,0.3148578187287365,0.2976418151711928,0.3148578187287365,2.4934,13,13,capitalisation
Netherlands,1928,0.3296619402364769,0.35766350018903426,0.3296619402364769,2.4861,13,13,capitalisation
Netherlands,1929,-0.04833251745331413,-0.062499840671208215,-0.04833251745331413,2.4899,14,14,capitalisation
Netherlands,1930,-0.2034315837752413,-0.21193648650842575,-0.2034315837752413,2.486,14,14,capitalisation
Netherlands,1931,-0.3365458234269242,-0.31440628744116994,-0.3365458234269242,2.4857,14,14,capitalisation
Netherlands,1932,-0.012614730665451712,0.03083634534656695,-0.012614730665451712,2.4817,14,14,capitalisation
Netherlands,1933,0.17335262242122162,0.434594247029945,0.17335262242122162,1.9335,14,14,capitalisation
Netherlands,1934,-0.19184288201026656,-0.02912345804572536,-0.19184288201026656,1.4841,14,14,capitalisation
Netherlands,1935,0.375204866202244,0.3334349636249653,0.375204866202244,1.4768,14,14,capitalisation
Netherlands,1936,0.4347582006649695,0.2951132533518259,0.4347582006649695,1.5509,14,14,capitalisation
Netherlands,1937,-0.18231727794101382,-0.26370606788194967,-0.18231727794101382,1.8167,14,14,capitalisation
Netherlands,1938,0.08532815989918441,0.12832644501744467,0.08532815989918441,1.8179,14,14,capitalisation
Netherlands,1939,0.05425938096381322,0.03705510380142715,0.05029778777278482,1.8749,14,15,capitalisation
Netherlands,1940,-0.13528112000286785,-0.05126150963998705,-0.13528112000286785,1.8823,13,13,capitalisation
Netherlands,1941,-0.13392410235517038,-0.10450086929705091,-0.13392410235517038,1.88,12,12,capitalisation
Netherlands,1942,0.01509649466495766,0.014569985370518283,0.01509649466495766,1.8791946308724834,12,12,capitalisation
Netherlands,1943,0.17740157609113494,0.12269186327629893,0.17740157609113494,1.8791946308724834,12,12,capitalisation
Netherlands,1944,0.10813161031356788,0.1025793954638238,0.10813161031356788,1.8791946308724834,12,12,capitalisation
Netherlands,1945,0.5462192737355371,0.22209828245345425,0.5462192737355371,2.65,11,11,capitalisation
Netherlands,1946,0.9812512593573104,-0.11948145677533144,0.9812512593573104,6.5,11,11,capitalisation
Netherlands,1947,-0.12320327903243733,-0.11737655610690452,-0.12320327903243733,5.85,13,13,capitalisation
Netherlands,1948,-0.19222672760067772,-0.09822000588907222,-0.19222672760067772,5.1,13,13,capitalisation
Netherlands,1949,-0.12674007045602553,0.13602396647361978,-0.12674007045602553,4.15,13,12,capitalisation
Netherlands,1950,0.12993551999575859,0.22262449307263216,0.12993551999575859,4.11,14,14,capitalisation
Netherlands,1951,0.1617537214375151,0.16698832383810672,0.1617537214375151,4.23,14,14,capitalisation
Netherlands,1952,0.08751390243530799,0.12850789839665716,0.08434510135778783,3.94,13,14,capitalisation
Netherlands,1953,0.018885337888450593,0.03817803973797032,0.02351808471140826,3.82,14,15,capitalisation
Netherlands,1954,0.39013087830065407,0.45914214132072895,0.397936313989792,3.76,13,14,capitalisation
Netherlands,1955,0.29453475665139317,0.29451506005001193,0.2917329851935204,3.83,14,15,capitalisation
Netherlands,1956,0.045194781728061795,0.050171599112475276,0.04663507497992292,3.829999999,14,15,capitalisation
Netherlands,1957,-0.1331244397991962,-0.09223533650686372,-0.13304835764209488,3.790999999,14,15,capitalisation
Netherlands,1958,0.27761395478099726,0.27099320895852214,0.28033406382954573,3.774999999,14,15,capitalisation
Netherlands,1959,0.18574130116677812,0.18714834842657171,0.1896958477687869,3.769999999,14,15,capitalisation
Netherlands,1960,0.02792277084249406,0.029118301589036222,0.028676646244981452,3.769999999,14,15,capitalisation
Netherlands,1961,0.165974546443721,0.2126743329218667,0.16178948388584136,3.599999999,14,15,capitalisation
Netherlands,1962,-0.11930033098623638,-0.11408271032440019,-0.11800230302544912,3.599999999,14,15,capitalisation
Netherlands,1963,0.1261539059106045,0.1331724356590738,0.12524846199511264,3.599999999,14,15,capitalisation
Netherlands,1964,0.046652821066292205,0.08926491449079854,0.04846678230676571,3.591999999,14,15,capitalisation
Netherlands,1965,0.03737530738915362,0.06864102261717882,0.03296295531478033,3.610999999,14,15,capitalisation
Netherlands,1966,-0.11157998721345874,-0.09146033437427209,-0.11339565058704992,3.613999999,14,15,capitalisation
Netherlands,1967,0.1439463855924601,0.15888717597040525,0.1467815738299454,3.595999999,14,15,capitalisation
Netherlands,1968,0.12183690411142156,0.11252928602003634,0.12552629833622486,3.605999999,14,15,capitalisation
Netherlands,1969,-0.099485880084341,-0.08224360253187649,-0.09944681202490302,3.623999999,14,15,capitalisation
Netherlands,1970,-0.03884721835894678,-0.050804451373145355,-0.039638164406308185,3.596999999,14,15,capitalisation
Netherlands,1971,-0.03348031144341301,0.06196313521828125,-0.03513431461503835,3.258099999,14,15,capitalisation
Netherlands,1972,0.1709985509184293,0.21391005641008926,0.17162332129100077,3.226499999,14,15,capitalisation
Netherlands,1973,-0.20576145093981757,-0.12324605299983107,-0.20569869551660025,2.824499999,14,15,capitalisation
Netherlands,1974,-0.36566484135867483,-0.3108787755373674,-0.3643394847003656,2.506499999,14,15,capitalisation
Netherlands,1975,0.22280573431093598,0.15622845841531124,0.22427148346212422,2.688499999,14,15,capitalisation
Netherlands,1976,-0.02733688817440627,0.08313189321985079,-0.027420099663604702,2.456999999,14,15,capitalisation
Netherlands,1977,-0.11615031501188844,-0.09765358176965111,-0.1144762016648826,2.279999999,14,15,capitalisation
Netherlands,1978,-0.030059815938498935,0.032269709689348156,-0.029458837515010217,1.968999999,14,15,capitalisation
Netherlands,1979,0.030533757321086874,0.06173610268848455,0.03096704045691978,1.905499999,14,15,capitalisation
Netherlands,1980,0.3235053534794936,0.11852994925090851,0.3210238135402783,2.129499999,14,15,capitalisation
Netherlands,1981,0.0665657854540107,-0.06366862333384336,0.06514101028004116,2.468499999,14,15,capitalisation
Netherlands,1982,0.09746505272985306,0.06329513986312807,0.09822741715190353,2.624499999,14,15,capitalisation
Netherlands,1983,0.4038609866043825,0.2055619343756625,0.40555790833626726,3.064499999,14,15,capitalisation
Netherlands,1984,0.19465347869687788,0.06370702672664284,0.19524493070871007,3.5495,14,15,capitalisation
Netherlands,1985,0.10287641397277492,0.27255234086813374,0.10614864522576406,2.771999999,14,15,capitalisation
Netherlands,1986,0.11277642922221554,0.2590501110112563,0.11247541554148266,2.192,14,15,capitalisation
Netherlands,1987,0.02771832238484384,0.08126541896898326,0.024900301146769888,1.7775,14,15,capitalisation
Netherlands,1988,0.29714723603811644,0.14766361694013505,0.29765653976549955,1.9995,14,15,capitalisation
Netherlands,1989,0.13506412688638414,0.20896913138288192,0.13663327355340305,1.9155,14,15,capitalisation
Netherlands,1990,-0.18421354043176597,-0.12965563023398868,-0.18376768142874356,1.69,14,15,capitalisation
Netherlands,1991,0.07728255330171985,0.04141926088216459,0.0784393157548724,1.7104,14,15,capitalisation
Netherlands,1992,0.027065980537663403,-0.009833203844637888,0.027351755585496518,1.8141,14,15,capitalisation
Netherlands,1993,0.22173889782778433,0.1344310856855368,0.22525156954282255,1.9409,14,15,capitalisation
Netherlands,1994,-0.08476750450105397,-0.012526424109520958,-0.08318728069069281,1.7351,14,15,capitalisation
Netherlands,1995,0.1039023249285973,0.1835954699741568,0.1054495574927119,1.6044,14,15,capitalisation
Netherlands,1996,0.2650468957990517,0.1990305436787663,0.2673161788451097,1.7436,14,15,capitalisation
Netherlands,1997,0.3718122738255858,0.2313309742634893,0.3730689892555594,2.0172,14,15,capitalisation
Netherlands,1998,0.13292132947887425,0.19344067086441308,0.13490825730652678,1.8888,14,15,capitalisation
Netherlands,1999,0.3931226992426331,0.2250464506745674,0.3898778968752352,2.193619350985467,14,15,capitalisation
Netherlands,2000,-0.007122087663437027,-0.04804544842137104,-0.00815738599570337,2.3683073616335304,14,15,capitalisation
Netherlands,2001,-0.16313698895043616,-0.16458034675417554,-0.16501135915807674,2.5005219562010668,14,15,capitalisation
Netherlands,2002,-0.3314438735094064,-0.22673851697578226,-0.33196232129442726,2.1013731286354536,14,15,capitalisation
Netherlands,2003,0.03270492748611886,0.1757139983394859,0.033415681496026695,1.7448218527315915,14,15,capitalisation
Netherlands,2004,0.07434366134128667,0.12679375006412608,0.07448877719402902,1.6178768078702004,14,15,capitalisation
Netherlands,2005,0.22267271509420583,0.09540165253428712,0.22370549946966234,1.8680257692633722,14,15,capitalisation
Netherlands,2006,0.07288777755450493,0.15806327044069407,0.0752239701763231,1.6732801822323462,14,15,capitalisation
Netherlands,2007,-0.032037678046434426,0.039448948815283894,-0.029970018096696638,1.4969839005502334,14,15,capitalisation
Netherlands,2008,-0.3472653337452769,-0.40163627639798183,-0.3504672734122941,1.5834662642810944,14,15,capitalisation
Netherlands,2009,0.20069571906065042,0.23224747231642742,0.20438329296763902,1.529716784673052,14,15,capitalisation
Netherlands,2010,0.19372593359031853,0.09164249046101558,0.19184183895793683,1.6492366412213741,14,15,capitalisation
Netherlands,2011,-0.014769840518812583,-0.047605153645198905,-0.016575758730264067,1.7031532575933226,14,15,capitalisation
Netherlands,2012,0.09729494222144752,0.13276347011498596,0.09724619671756751,1.670236471123238,14,15,capitalisation
Netherlands,2013,0.21244298948867169,0.31106420631167087,0.21128463998555724,1.5979334348488146,14,15,capitalisation
Netherlands,2014,0.23251059808030905,0.11402790497139507,0.2298868191694159,1.8150976031628363,14,15,capitalisation
Netherlands,2015,0.14179850331778843,0.043872438727712175,0.14062394383370003,2.024166437034996,14,15,capitalisation
Netherlands,2016,0.06610414076053317,0.026399854612331138,0.06633304468371937,2.090608101698131,14,15,capitalisation
Netherlands,2017,0.06027659450710687,0.1668070882095728,0.06245649714474211,1.8374968731760204,14,15,capitalisation
Netherlands,2018,0.03160044597438838,-0.006228202758658513,0.028755964524964206,1.9246375545851526,14,15,PIB proxy
Netherlands,2019,0.13822070501725747,0.1360287752565879,0.14153216437105898,1.9616432259213097,14,15,PIB proxy
Netherlands,2020,0.016709795919842563,0.0740210450364457,0.01946977938150507,1.7958683073914103,14,15,PIB proxy
Netherlands,2021,0.15846107887966632,0.17945365589977239,0.15876579791802858,1.7326913173662337,14,15,PIB proxy
Netherlands,2022,-0.12889168932487305,-0.1469540313996539,-0.1279564335278056,1.9493683623232287,14,15,PIB proxy
Netherlands,2023,0.14035594351861524,0.17203462053943788,0.1390891577456137,1.8946399583012246,14,15,PIB proxy
Netherlands,2024,0.1577511121329911,0.17622539936001475,0.15684008598773747,1.8927454268944524,14,15,PIB proxy
Netherlands,2025,0.1349870492455263,0.1748485587868819,0.13376414996321118,1.8160978065316118,14,15,PIB proxy
Norway,1882,-0.04089054526915481,-0.02750653759466764,-0.040500925938078414,3.722089,9,10,PIB proxy
Norway,1883,0.011206607409074865,0.02584196829069343,0.011550355558071601,3.740468,9,10,PIB proxy
Norway,1884,0.09707008103107317,0.05497447723935338,0.09704013547012202,3.7553799999999997,7,8,capitalisation
Norway,1885,0.16240602768458756,0.13654047413000128,0.16196800300421854,3.7412030000000005,9,10,PIB proxy
Norway,1886,0.13500332987270314,0.10965851412079744,0.134454066476408,3.729341,9,10,PIB proxy
Norway,1887,0.030120734566754237,0.002704458454052417,0.03002733700375093,3.736593,10,11,PIB proxy
Norway,1888,0.06351791513185656,0.06981561614546916,0.06355442388639698,3.732354,10,11,PIB proxy
Norway,1889,0.09366972144811614,0.10400786068268081,0.09421083765752103,3.72801,10,11,PIB proxy
Norway,1890,-0.054182911687828295,-0.05077564397912591,-0.05330348161167353,3.739626,10,11,PIB proxy
Norway,1891,0.012861999463073204,0.06149447891056469,0.012538314334213485,3.731398,10,11,PIB proxy
Norway,1892,0.07323872558781708,0.08941723704452313,0.07268462072900994,3.718224,10,11,PIB proxy
Norway,1893,0.0074272387996647815,-0.006691211516076649,0.007548225459054425,3.729584,10,11,PIB proxy
Norway,1894,0.09439409441352087,0.08869460900448936,0.09427226217175644,3.7146,10,11,PIB proxy
Norway,1895,0.08953047527084745,0.10105918905028936,0.08937805268200605,3.7134899999999997,10,11,PIB proxy
Norway,1896,0.07030855059168584,0.07391177419474142,0.07044767887258652,3.7303010000000008,10,11,PIB proxy
Norway,1897,0.10580892783510887,0.08358394185115628,0.10579500994210744,3.7316399999999996,11,12,PIB proxy
Norway,1898,0.09777605190701988,0.1191475153202809,0.0972894182369004,3.762912,11,12,PIB proxy
Norway,1899,0.02271816614691402,0.06883059141002382,0.022482127268810936,3.7645359999999997,9,10,capitalisation
Norway,1900,0.042074186855243,0.07415854795797397,0.04187726673534886,3.7378080000000002,10,11,capitalisation
Norway,1901,0.09026192713226311,0.06838817240046316,0.09000331523959049,3.722328,14,15,PIB proxy
Norway,1902,0.04737340582308058,0.04528587976360123,0.04729769701669029,3.732354,12,13,capitalisation
Norway,1903,-0.07486341932426521,-0.06988800293800097,-0.07483529360048646,3.7398640000000003,12,13,capitalisation
Norway,1904,0.20774927361227524,0.20480207652237298,0.20736736738741235,3.723902,12,13,capitalisation
Norway,1905,0.12196889632676466,0.15094388673378714,0.12189243576845099,3.7357520000000006,12,13,capitalisation
Norway,1906,0.13134871115793012,0.08301707715077844,0.1315203332599686,3.765447,14,15,PIB proxy
Norway,1907,-0.17545804363102624,-0.1827250115941715,-0.17507652709122412,3.780546,12,13,capitalisation
Norway,1908,0.2137946400896309,0.23234357571085085,0.21327409071256764,3.7400999999999995,12,13,capitalisation
Norway,1909,0.19443065328202414,0.1706409180840604,0.19416521366378037,3.736692,12,13,capitalisation
Norway,1910,-0.049652524502133866,-0.0471709276503706,-0.04937570225307286,3.7378080000000002,12,13,capitalisation
Norway,1911,0.04017752367262384,0.04668602720239341,0.04027780790979696,3.745797,12,13,capitalisation
Norway,1912,0.009902972841595137,0.04854068315794777,0.009709355769446093,3.742155,12,13,capitalisation
Norway,1913,-0.07495301912322638,-0.047242484422273676,-0.0746957345028757,3.7423879999999996,13,14,capitalisation
Norway,1914,-0.01999990025867371,-0.06533066008579849,-0.019895677443664717,3.920124,14,15,capitalisation
Norway,1915,-0.04487099986069376,0.1170088743813087,-0.04456948585543519,3.69,12,13,capitalisation
Norway,1916,-0.07104359190571508,0.012775497685196332,-0.07033292639530431,3.64,12,13,capitalisation
Norway,1917,-0.40158324094341213,-0.2782648334128772,-0.3998435908831185,3.06,12,13,capitalisation
Norway,1918,-0.05267567453981137,-0.07061858632469839,-0.05494138311504082,3.57,11,12,capitalisation
Norway,1919,0.36932452029038787,0.07585187374245095,0.3642117915593319,4.88,11,12,capitalisation
Norway,1920,-0.08228900613592294,-0.2612492857451696,-0.08406892979502234,6.81,11,12,capitalisation
Norway,1921,0.17020843598970292,0.2669918115751152,0.16782127613090503,6.6,12,13,capitalisation
Norway,1922,0.1926758782621365,0.3993078924489716,0.19295828004549032,5.3,13,14,capitalisation
Norway,1923,2.13016630225738,0.28093049220530947,2.12443132750575,6.71,13,14,capitalisation
Norway,1924,0.04379051436002701,0.15694168053925314,0.04398017539433252,6.65,12,13,capitalisation
Norway,1925,-0.12833278204713094,0.1674857204683859,-0.12815775839159615,4.93,13,14,capitalisation
Norway,1926,0.11941446342372242,0.18807651318785,0.11943359374252593,3.965,12,13,capitalisation
Norway,1927,0.3785688213289553,0.2979266945412569,0.3781426032578774,3.758,12,13,capitalisation
Norway,1928,0.4385207141727421,0.35790512190540635,0.43816647797906727,3.75,12,13,capitalisation
Norway,1929,-0.01837335743923485,-0.06271930762224323,-0.01820356494891351,3.73,13,14,capitalisation
Norway,1930,-0.2072020175606204,-0.21216303231150957,-0.206981705295751,3.74,13,14,capitalisation
Norway,1931,-0.04294711667565965,-0.31476765900207415,-0.042993392021749344,5.433,13,14,capitalisation
Norway,1932,0.02675464822450646,0.03079273831266199,0.0268066563727114,5.95,13,14,capitalisation
Norway,1933,-0.002462076335622232,0.43501122519115054,-0.0019472029987747108,3.92,13,14,capitalisation
Norway,1934,0.08376582643164321,-0.029391568091831945,0.08382226377081703,4.045,13,14,capitalisation
Norway,1935,0.30938909687909355,0.3335240541618674,0.30935120174570163,4.058,13,14,capitalisation
Norway,1936,0.27619462574652687,0.2950650956466007,0.27628098316682426,4.073,13,14,capitalisation
Norway,1937,-0.32438868319404635,-0.2643434545216421,-0.32362960918932127,4.001,13,14,capitalisation
Norway,1938,0.14309169428403323,0.12873890491099366,0.14263816382965788,4.278,13,14,capitalisation
Norway,1939,0.04342204168700081,0.03386926169928686,0.043380416475474304,4.4,14,15,capitalisation
Norway,1940,-0.15439496391885754,-0.05137373844591114,-0.15401420441000313,4.393432336331311,12,13,capitalisation
Norway,1941,-0.1548004617467995,-0.10450086929705091,-0.1548004617467995,4.387872451646628,12,12,capitalisation
Norway,1942,0.026082541243820145,0.014569985370518283,0.026082541243820145,4.3805541035023525,12,12,capitalisation
Norway,1943,0.1847595900906449,0.12269186327629893,0.1847595900906449,4.3805541035023525,12,12,capitalisation
Norway,1944,0.12744194391953068,0.1025793954638238,0.12744194391953068,4.3805541035023525,12,12,capitalisation
Norway,1945,0.33531421481005963,0.22209828245345425,0.33531421481005963,4.717937169237699,11,11,capitalisation
Norway,1946,0.27557676026811606,-0.11948145677533144,0.27557676026811606,7.0,11,11,capitalisation
Norway,1947,0.14905714234415135,-0.1178659718681072,0.14890441055153825,8.0,12,13,capitalisation
Norway,1948,0.11718079700883632,-0.09886746509653538,0.11718109011042133,9.25,12,13,capitalisation
Norway,1949,0.13098329426573252,0.13666443995818872,0.13036322137083345,9.2,12,12,capitalisation
Norway,1950,0.24633518031277624,0.22292364891968663,0.24596599094749583,9.7,13,14,capitalisation
Norway,1951,-0.010512002467426895,0.16754266928625378,-0.010566490682432872,8.8,13,14,capitalisation
Norway,1952,-0.054454105409942666,0.12493303331015777,-0.05457019930806306,7.79,13,14,capitalisation
Norway,1953,0.03494778798702192,0.04253671271000253,0.034807013608934234,7.79,14,15,capitalisation
Norway,1954,0.4402111305529932,0.46548356406485764,0.4397572212665046,7.93,13,14,capitalisation
Norway,1955,0.23499448310290694,0.29213173628885697,0.23468850516661321,7.64,14,15,capitalisation
Norway,1956,0.011267365548341512,0.05130746755363915,0.011482230765801349,7.52,14,15,capitalisation
Norway,1957,-0.10398936194310593,-0.09331301867894645,-0.1040595360275196,7.45,14,15,capitalisation
Norway,1958,0.20278098020279156,0.2745408259283948,0.2022716182211588,7.149999999,14,15,capitalisation
Norway,1959,0.17912146618502356,0.19117122764452077,0.1790256527660672,7.154999999,14,15,capitalisation
Norway,1960,0.04809609312199514,0.029744670338870842,0.04815977696121965,7.147499999,14,15,capitalisation
Norway,1961,0.1997141538318552,0.2071471875846885,0.199510650315726,7.134999999,14,15,capitalisation
Norway,1962,-0.14083792404714524,-0.11277121566496726,-0.14096107837681904,7.149999999,14,15,capitalisation
Norway,1963,0.1351792450139906,0.13212146585946294,0.13510971798070548,7.162499999,14,15,capitalisation
Norway,1964,0.052109314698810305,0.08996796691064354,0.05201274796388744,7.159999999,14,15,capitalisation
Norway,1965,0.04140430088957747,0.0635214006768699,0.041270980249139555,7.149999999,14,15,capitalisation
Norway,1966,-0.09208494724534566,-0.09371845690317941,-0.09211027928002125,7.154999999,14,15,capitalisation
Norway,1967,0.14198852701387432,0.16168844842009128,0.14174579437891155,7.149999999,14,15,capitalisation
Norway,1968,0.12400086171890812,0.1164253338840426,0.1239818252938556,7.149999999,14,15,capitalisation
Norway,1969,-0.06628729825179314,-0.08284597889110205,-0.066063239723819,7.149999999,14,15,capitalisation
Norway,1970,-0.09451944912597565,-0.05167108397539113,-0.0941551162557952,7.139999999,14,15,capitalisation
Norway,1971,0.013079913120344067,0.058863451932134145,0.01274878747511865,6.709999999,14,15,capitalisation
Norway,1972,0.17713015677140254,0.21405370038198046,0.1770302336028149,6.639999999,14,15,capitalisation
Norway,1973,-0.2137823832230481,-0.12481393779711297,-0.21321178569125887,5.727499999,14,15,capitalisation
Norway,1974,-0.34784038809218654,-0.3101110192801967,-0.34791295098014674,5.204999999,14,15,capitalisation
Norway,1975,0.20926224343625544,0.15913651363652437,0.2085856713245693,5.584999999,14,15,capitalisation
Norway,1976,-0.013073775411021615,0.08155213015207358,-0.013029630176760842,5.184999999,14,15,capitalisation
Norway,1977,-0.07635846915799638,-0.09601094248582548,-0.07656359243600319,5.139499999,14,15,capitalisation
Norway,1978,0.05692145405622395,0.03207824848812078,0.05688618893233488,5.022499999,14,15,capitalisation
Norway,1979,0.03888629296235502,0.061444145850366,0.039246849997754296,4.925999999,14,15,capitalisation
Norway,1980,0.19464959330874,0.1188118631024059,0.19420649238922083,5.179999999,14,15,capitalisation
Norway,1981,-0.032634255468548035,-0.06386133744603373,-0.03252929965120721,5.807499999,14,15,capitalisation
Norway,1982,0.1933975682270932,0.06474451702790036,0.1929002466560974,7.053999999,14,15,capitalisation
Norway,1983,0.2493600829837086,0.20887477623743766,0.24984736472560942,7.72218,14,15,capitalisation
Norway,1984,0.17987472997433884,0.06572887983960066,0.17996988271934256,9.087,14,15,capitalisation
Norway,1985,0.14309964719335166,0.273011380221526,0.14339776689334793,7.5825,14,15,capitalisation
Norway,1986,0.28309640763413557,0.2572551348263465,0.28219898832245516,7.4,14,15,capitalisation
Norway,1987,-0.027607523409681756,0.07813780487597616,-0.02786833719841575,6.2325,14,15,capitalisation
Norway,1988,0.14804706469973117,0.14969860188229733,0.14821262449211892,6.57,14,15,capitalisation
Norway,1989,0.15426597397436925,0.20906140312115065,0.154920159298932,6.615,14,15,capitalisation
Norway,1990,-0.18712922799045328,-0.13000163014816796,-0.18696857205863093,5.9075,14,15,capitalisation
Norway,1991,0.0749779139793425,0.0436352918953333,0.07439759465898965,5.973,14,15,capitalisation
Norway,1992,0.13254407448221373,-0.008873540206156924,0.13216054652925457,6.9245,14,15,capitalisation
Norway,1993,0.24658287038582527,0.13859881638402005,0.2471625145601124,7.518,14,15,capitalisation
Norway,1994,-0.06523194557715173,-0.012664249449056544,-0.06481013480698883,6.762,14,15,capitalisation
Norway,1995,0.11127839784927551,0.1835574491033437,0.11136795087225093,6.319,14,15,capitalisation
Norway,1996,0.19817779681110426,0.20233464685537583,0.19852069788047944,6.4425,14,15,capitalisation
Norway,1997,0.3381913421458018,0.23576333873527527,0.33817648991739335,7.3157,14,15,capitalisation
Norway,1998,0.25229497460275807,0.1952641657897642,0.2505151852549927,7.6,14,15,capitalisation
Norway,1999,0.26190711070580064,0.22619817193071193,0.26227676798406074,8.0395,14,15,capitalisation
Norway,2000,0.003877229125565762,-0.04805720590403792,0.0038943573457927982,8.8485,14,15,capitalisation
Norway,2001,-0.1782196838237109,-0.16640448917537945,-0.1782037580312107,9.0116,14,15,capitalisation
Norway,2002,-0.3701295221033447,-0.22951243994035286,-0.36999283001086114,6.9657,14,15,capitalisation
Norway,2003,0.18998823477403448,0.1728424954864825,0.19065676253603137,6.68,14,15,capitalisation
Norway,2004,0.05640695553949615,0.12525623482614123,0.05734323016078324,6.04,14,15,capitalisation
Norway,2005,0.186907244894575,0.09761840780175061,0.18756633296197434,6.77,14,15,capitalisation
Norway,2006,0.10175364709090817,0.15799821449138843,0.10256606858977091,6.26,14,15,capitalisation
Norway,2007,-0.05574469835663798,0.03967427555654286,-0.05497959191901636,5.41,14,15,capitalisation
Norway,2008,-0.21562653023472722,-0.4029562419538179,-0.21735818618663827,7.0,14,15,capitalisation
Norway,2009,0.014811796776109887,0.23380217844016019,0.01738128383098303,5.78,14,15,capitalisation
Norway,2010,0.10444464276897913,0.09118227442128767,0.10468715251293537,5.86,14,15,capitalisation
Norway,2011,-0.014714278959522265,-0.04835576024968344,-0.015353969349585772,5.99,14,15,capitalisation
Norway,2012,0.06185279444618175,0.1319321016718691,0.062216771023781536,5.57,14,15,capitalisation
Norway,2013,0.3884091972043091,0.3082474286040031,0.3877497242970023,6.08,14,15,capitalisation
Norway,2014,0.30196223551889667,0.11391399073232689,0.3010465366104722,7.43,14,15,capitalisation
Norway,2015,0.19007618345277266,0.044547061066875206,0.1895882231703765,8.81,14,15,capitalisation
Norway,2016,-0.023902912426658318,0.027129586799872298,-0.02334013776791599,8.62,14,15,capitalisation
Norway,2017,0.14500529071775126,0.1663556570961832,0.1450797792859284,8.21,14,15,capitalisation
Norway,2018,0.028157135862040272,-0.008164609634420604,0.02777510464944366,8.69,14,15,PIB proxy
Norway,2019,0.137171484489631,0.1394997339487878,0.13707302513517017,8.78,14,15,PIB proxy
Norway,2020,0.08057653618966687,0.0759674276689943,0.08017617059898341,8.53,14,15,PIB proxy
Norway,2021,0.08897119337636417,0.1793572026543735,0.08957349292391581,7.797763992202134,14,15,PIB proxy
Norway,2022,-0.09838191675715091,-0.14639340634214348,-0.09796283137856854,8.726111450383463,14,15,PIB proxy
Norway,2023,0.26911198067760855,0.17119071794886237,0.26732634002317135,9.586175283091555,14,15,PIB proxy
Norway,2024,0.17961630020146369,0.17510578311025038,0.17940672938398805,9.747739015896553,14,15,PIB proxy
Norway,2025,0.14414700879452402,0.17310806953408509,0.14403267985296786,9.422715815941384,14,15,PIB proxy
Portugal,1872,0.16001907032710405,0.12149158556376168,0.160369885584287,0.8227406961608978,6,7,PIB proxy
Portugal,1873,-0.27739857645448984,-0.05340540535290795,-0.27602917872274724,0.8070440668217268,7,8,PIB proxy
Portugal,1874,0.2817891825485528,0.05095502527525275,0.28282357301285765,0.8314220452644336,8,9,PIB proxy
Portugal,1875,0.021337323359516436,0.09702192458408651,0.02202600119125786,0.8061864709908249,8,9,PIB proxy
Portugal,1876,0.007879119351469122,-0.010838583425170599,0.007905370873024564,0.8399799798697856,8,9,PIB proxy
Portugal,1877,-0.08324056201844188,0.04317939598498907,-0.08344931656201648,0.89924534144125,6,7,capitalisation
Portugal,1878,0.11796592696402519,0.13162113065891348,0.11632587713640996,0.934044079724887,8,9,PIB proxy
Portugal,1879,0.35623171076076265,0.3272558637440889,0.35388186620774076,0.9282511084471038,8,9,PIB proxy
Portugal,1880,0.30606656751206285,0.1910514980224724,0.3058030656173525,0.929828506556815,6,7,capitalisation
Portugal,1881,0.13709706248378595,0.15655237656062246,0.1376249309621531,0.944358144404678,8,9,PIB proxy
Portugal,1882,-0.04566630978170849,-0.027533161461826147,-0.045153322681128705,0.9365640916856558,9,10,PIB proxy
Portugal,1883,0.0696703283468798,0.025390045803974186,0.06992035582030232,0.9394380608333982,9,10,PIB proxy
Portugal,1884,0.13661617424183414,0.05519900822609745,0.1361396325376254,0.9386523124755322,7,8,capitalisation
Portugal,1885,0.16670372303348713,0.13738955490489804,0.1652738293173388,0.9392335864578241,9,10,PIB proxy
Portugal,1886,0.04697408681743398,0.10920890123664656,0.047691253535810274,0.9262686895928548,9,10,PIB proxy
Portugal,1887,0.03702195447666812,0.0014805425571955497,0.03794823679992265,0.9298726669997847,10,11,PIB proxy
Portugal,1888,0.06740533187032094,0.06907546057526136,0.06816333057246804,0.9255335455192997,10,11,PIB proxy
Portugal,1889,0.025256108918000564,0.1058201108297872,0.02473887682774545,0.9263607473800938,10,11,PIB proxy
Portugal,1890,-0.152641863557044,-0.04814302253794138,-0.15341479921397594,0.9269003306147287,10,11,PIB proxy
Portugal,1891,0.1841063482363441,0.06266623255982044,0.1811395285950117,0.9939423999999999,10,11,PIB proxy
Portugal,1892,0.22744438662328137,0.08957142193265148,0.22534609196774946,1.176822,10,11,PIB proxy
Portugal,1893,-0.09010453700019694,-0.006402835745775194,-0.08944776775397112,1.15136,10,11,PIB proxy
Portugal,1894,0.07573359325113094,0.08740754054750449,0.0770383022456107,1.18695,10,11,PIB proxy
Portugal,1895,0.13326367409066542,0.09980148111857925,0.13400452410061003,1.1658108,10,11,PIB proxy
Portugal,1896,0.1071289020020223,0.07372252388938447,0.10714310106593983,1.2016209,10,11,PIB proxy
Portugal,1897,0.13031682467769867,0.08493761622679202,0.12867473836194065,1.35182,11,12,PIB proxy
Portugal,1898,0.16380177556094933,0.11912686782629543,0.16281532262344767,1.4663804,11,12,PIB proxy
Portugal,1899,-0.011203552609353462,0.06829676602846896,-0.01088897171587866,1.3191296000000001,9,10,capitalisation
Portugal,1900,0.11292495557572857,0.07378121223006327,0.11296902707041245,1.299392,10,11,capitalisation
Portugal,1901,0.09354365511136842,0.06788458046680125,0.09368425691652393,1.3095864,14,15,PIB proxy
Portugal,1902,-0.0222529310816324,0.04507285223871765,-0.02202803972191092,1.1747266,12,13,capitalisation
Portugal,1903,-0.10815520113885901,-0.07003928082635077,-0.10793489995309336,1.1474536000000002,12,13,capitalisation
Portugal,1904,0.09675402166999092,0.20467784563168573,0.09665740180697413,1.1118302,12,13,capitalisation
Portugal,1905,0.03143888297266351,0.150912122328293,0.0315122071163092,0.9854408,12,13,capitalisation
Portugal,1906,0.06852426393619204,0.08357994077080186,0.06845651585019463,0.9443502,14,15,PIB proxy
Portugal,1907,-0.14840137718284063,-0.1826311281959883,-0.1481513123854472,0.9553236000000002,12,13,capitalisation
Portugal,1908,0.3545406043669119,0.2322245568032043,0.3538548197837368,1.0683945,12,13,capitalisation
Portugal,1909,0.14550889764970054,0.17058161568121824,0.14541134595938665,1.0639619999999999,12,13,capitalisation
Portugal,1910,-0.028442662768421556,-0.04694277181340743,-0.028422899818405845,1.0064119999999999,12,13,capitalisation
Portugal,1911,-0.005507297850006587,0.04688218793181647,-0.005563593900723807,1.0056673,12,13,capitalisation
Portugal,1912,0.1020240526434506,0.04818034116638052,0.1020035170302307,1.022157,12,13,capitalisation
Portugal,1913,-0.01984885232499034,-0.047170524180797195,-0.019793351753001676,1.075269,13,14,capitalisation
Portugal,1914,0.020630539216063948,-0.06522564939561558,0.02068661988764653,1.1484564000000002,14,15,capitalisation
Portugal,1915,0.28101606751199215,0.11684558360630423,0.2806010913022583,1.4180092,12,13,capitalisation
Portugal,1916,-0.04465953758673891,0.01328433058386753,-0.0447006556320112,1.4753136,12,13,capitalisation
Portugal,1917,-0.17571737419179034,-0.27742252709770193,-0.1755181805459356,1.6216874000000001,12,13,capitalisation
Portugal,1918,-0.35688341145993185,-0.07241174358627564,-0.35651618335181556,1.6584199,11,12,capitalisation
Portugal,1919,0.042273980138476386,0.0737243715555063,0.04214558566145077,1.8514764,11,12,capitalisation
Portugal,1920,0.1954682526735989,-0.2610131819043768,0.1934801163939428,5.0019841,11,12,capitalisation
Portugal,1921,0.4247689082756143,0.2650053577708373,0.4233562366644035,10.0231,12,13,capitalisation
Portugal,1922,0.5318758847844385,0.3990224639316349,0.531412118331966,14.9925,13,14,capitalisation
Portugal,1923,1.3324972899099001,0.28162183900818816,1.329707853596462,23.5145,13,14,capitalisation
Portugal,1924,0.04243449065591398,0.15776745121342933,0.04166285703346495,29.5421,12,13,capitalisation
Portugal,1925,-0.16342326434470356,0.1671154133195077,-0.16311825845145966,19.8425,13,14,capitalisation
Portugal,1926,0.21043481424418475,0.18804901524149711,0.21031551989802622,19.5107,12,13,capitalisation
Portugal,1927,0.24817824349055018,0.29771064596315755,0.24818678540355021,19.8847,12,13,capitalisation
Portugal,1928,0.5804368207116308,0.3577416479806589,0.580025398134667,22.3839,12,13,capitalisation
Portugal,1929,-0.09410075341751134,-0.06239728375971947,-0.09417099077815039,22.3644,13,14,capitalisation
Portugal,1930,-0.19476461553135016,-0.21201004899906886,-0.19470884336198035,22.2519,13,14,capitalisation
Portugal,1931,-0.2556659875631485,-0.31453089932184114,-0.25559809949564327,23.5655,13,14,capitalisation
Portugal,1932,0.24434959976229775,0.03073303632382756,0.24420436824407155,31.2891,13,14,capitalisation
Portugal,1933,0.219045189904979,0.4349098308825666,0.2190041513399279,25.533,13,14,capitalisation
Portugal,1934,-0.11481505055353614,-0.029451940444126287,-0.11438998494392227,21.6972,13,14,capitalisation
Portugal,1935,0.3769243705159604,0.3338540697921606,0.3764395306311934,22.4341,13,14,capitalisation
Portugal,1936,0.2569839437897936,0.29538688611811953,0.2567564643273259,22.1582,13,14,capitalisation
Portugal,1937,-0.2854267239246939,-0.26395479065042704,-0.2851568647500342,22.3254,13,14,capitalisation
Portugal,1938,0.15284596573557319,0.12841284793951988,0.1527195237941379,22.5902,13,14,capitalisation
Portugal,1939,0.1965090793334907,0.03392495255299022,0.1962090449787035,24.7678,14,15,capitalisation
Portugal,1940,0.027037699776197854,-0.05125212419083079,0.02690512222513597,26.9469,12,13,capitalisation
Portugal,1941,-0.18223642014010644,-0.10493194304739907,-0.18167260816569464,24.9856,11,12,capitalisation
Portugal,1942,-0.11479046599232057,0.01364385460836875,-0.11357852944987934,24.82956,11,12,capitalisation
Portugal,1943,0.0741657090954666,0.12341507487652201,0.07360452793329042,24.82956,11,12,capitalisation
Portugal,1944,0.10929867550353678,0.10256891724264977,0.10928928826496964,24.82956,11,12,capitalisation
Portugal,1945,0.16000259512652137,0.22304243515665245,0.15930607303103272,24.85962,10,11,capitalisation
Portugal,1946,-0.21218769134034532,-0.11929040224670953,-0.21204891953530003,25.3,10,11,capitalisation
Portugal,1947,-0.033340215904517745,-0.11754294998592449,-0.03354393513472653,24.95,12,13,capitalisation
Portugal,1948,0.20475258677425123,-0.09918807512275385,0.20426141294721956,25.8,12,13,capitalisation
Portugal,1949,0.08931854335372869,0.1375714870752677,0.08797302114150063,28.6,12,12,capitalisation
Portugal,1950,0.29972832423619367,0.22326874212470668,0.298822505388435,29.1,13,14,capitalisation
Portugal,1951,0.2464049885770292,0.16700660364193493,0.24612930376627085,29.1,13,14,capitalisation
Portugal,1952,0.1583851553711002,0.12429165283248661,0.15836178158560843,29.0,13,14,capitalisation
Portugal,1953,0.04601323233946775,0.04215241588535829,0.04622799435448166,29.0,14,15,capitalisation
Portugal,1954,0.4534593433898424,0.4656704932516774,0.4528106966117831,28.75,13,14,capitalisation
Portugal,1955,0.25365161350434584,0.29299768947881577,0.2525217422466772,28.8,14,15,capitalisation
Portugal,1956,0.025333882091109317,0.0517957649638392,0.025079436980083747,28.899999999,14,15,capitalisation
Portugal,1957,-0.07598274777378144,-0.09369337431859773,-0.07577958381355687,28.749999999,14,15,capitalisation
Portugal,1958,0.297104778536152,0.2756426648172162,0.2952536603122762,28.749999999,14,15,capitalisation
Portugal,1959,0.1940521443441119,0.19142288638514873,0.19367843554551167,28.879999999,14,15,capitalisation
Portugal,1960,0.027860380841753907,0.029730132915266258,0.027968960102370044,28.829999999,14,15,capitalisation
Portugal,1961,0.23511471879825407,0.20764741570010045,0.23431442799109226,28.799999999,14,15,capitalisation
Portugal,1962,-0.09594180199362978,-0.11304575002058298,-0.09586761901818996,28.849999999,14,15,capitalisation
Portugal,1963,0.1349629164133368,0.13205780601347974,0.13495425991592147,28.889999999,14,15,capitalisation
Portugal,1964,0.06177569617797185,0.08970375169792186,0.0619654567304897,28.949999999,14,15,capitalisation
Portugal,1965,0.04845309629840466,0.06336852838170899,0.048483101811140905,28.829999999,14,15,capitalisation
Portugal,1966,-0.08179873774833102,-0.09430976293817733,-0.08126495912026221,28.979999999,14,15,capitalisation
Portugal,1967,0.14104090937787617,0.16234954367805032,0.1401956499702386,28.859999999,14,15,capitalisation
Portugal,1968,0.13780350540926478,0.11668200256545656,0.13746672470816068,28.769999999,14,15,capitalisation
Portugal,1969,-0.06766348000525102,-0.08387752448658148,-0.06644883154389003,28.649999999,14,15,capitalisation
Portugal,1970,-0.04200651564410496,-0.05184682780791564,-0.04156351705607808,28.749999999,14,15,capitalisation
Portugal,1971,0.021310068533305637,0.05815123776213904,0.021847007175147537,27.559999999,14,15,capitalisation
Portugal,1972,0.15137303280753867,0.21306300838669553,0.15259760150977675,26.999999999,14,15,capitalisation
Portugal,1973,-0.13380720243319233,-0.1292853911528049,-0.1288268574830762,25.844999999,14,15,capitalisation
Portugal,1974,-0.45833777174065904,-0.3078844561823091,-0.45808966453610767,24.595999999,14,15,capitalisation
Portugal,1975,0.19790804257569272,0.17059369598004348,0.18538529190962305,27.471999999,14,15,capitalisation
Portugal,1976,0.11095862611973217,0.08740007204217574,0.10482638185393123,31.548999999,14,15,capitalisation
Portugal,1977,-0.03217763213433622,-0.09393764427194136,-0.03472377124785153,39.854999999,14,15,capitalisation
Portugal,1978,0.06536832294255701,0.03216679142565107,0.06525581367219124,46.009999999,14,15,capitalisation
Portugal,1979,-0.03212554100476506,0.06177646295383646,-0.03209769776894,49.780999999,14,15,capitalisation
Portugal,1980,0.13325350964217053,0.11837950887974898,0.1333409045863998,53.039999999,14,15,capitalisation
Portugal,1981,0.039593306175001786,-0.06365521795609298,0.039505807019715844,65.248999999,14,15,capitalisation
Portugal,1982,0.2195712804501193,0.06448142177630524,0.2194639109177141,89.064,14,15,capitalisation
Portugal,1983,0.4556801099931904,0.2094544352445116,0.45559431461363076,131.449999999,14,15,capitalisation
Portugal,1984,0.06557502913529545,0.06603280338880389,0.06553393443830191,169.28,14,15,capitalisation
Portugal,1985,0.12611811802105954,0.2729034499728459,0.1262790666829472,157.486999999,14,15,capitalisation
Portugal,1986,0.1685223038831105,0.2562897512038784,0.16866991512302,146.117,14,15,capitalisation
Portugal,1987,0.021076599518912387,0.07698538765329274,0.021832951157416458,129.865,14,15,capitalisation
Portugal,1988,0.1935799514610923,0.15187607008230603,0.191395532585513,146.371,14,15,capitalisation
Portugal,1989,0.0901761265443568,0.20971322563896044,0.0903607151271395,149.841,14,15,capitalisation
Portugal,1990,-0.2543929409450346,-0.1293207382208527,-0.25474998780058344,133.6,14,15,capitalisation
Portugal,1991,-0.008911341211559232,0.04353975701541656,-0.009187105913528337,134.184,14,15,capitalisation
Portugal,1992,0.004184621001070532,-0.008614866522426145,0.003783640536640265,146.758,14,15,capitalisation
Portugal,1993,0.32876134808740654,0.13873978894968808,0.3289960473431752,176.812,14,15,capitalisation
Portugal,1994,-0.09856066595951107,-0.012479134639629838,-0.09825639970527356,159.093,14,15,capitalisation
Portugal,1995,0.09976856319562821,0.18412959144096716,0.09928367747394606,149.41299,14,15,capitalisation
Portugal,1996,0.20824087428197657,0.2024563010455299,0.2084356829704701,156.38499,14,15,capitalisation
Portugal,1997,0.3859467873895497,0.23498270433915147,0.38660055118590253,183.326,14,15,capitalisation
Portugal,1998,0.13077269332766073,0.19347944849918586,0.1312572361945641,171.82899,14,15,capitalisation
Portugal,1999,0.38954493343312424,0.22726725754911958,0.38810824886391093,199.56400557435796,14,15,capitalisation
Portugal,2000,-0.012136095579006079,-0.047654572324872635,-0.012565682170074699,215.45620634067703,14,15,capitalisation
Portugal,2001,-0.15911764799283112,-0.16617205468724652,-0.15939009121607928,227.48439804833768,14,15,capitalisation
Portugal,2002,-0.3313482948133948,-0.2297375909768311,-0.3309939506640711,191.1719271478974,14,15,capitalisation
Portugal,2003,0.022894625111150146,0.17368756558582504,0.023307944824335403,158.7347585114806,14,15,capitalisation
Portugal,2004,0.062401555727743974,0.12591399316840673,0.06267674942674417,147.18596285147933,14,15,capitalisation
Portugal,2005,0.2162530795232418,0.09843126464090418,0.21604907707557697,169.94320589980504,14,15,capitalisation
Portugal,2006,0.06000700565061834,0.15817728230820238,0.060690429340021446,152.22627182991647,14,15,capitalisation
Portugal,2007,-0.03856974532480639,0.03958378089148572,-0.03788954953820911,136.1877589837646,14,15,capitalisation
Portugal,2008,-0.3526058048038717,-0.40330763402365466,-0.35324102694839044,144.05547172522807,14,15,capitalisation
Portugal,2009,0.22653856897372204,0.23482287610184943,0.22717485390401282,139.1656254338469,14,15,capitalisation
Portugal,2010,0.18741238113123249,0.09211910650294029,0.18642055049822726,150.03891632989072,14,15,capitalisation
Portugal,2011,-0.02624269277821356,-0.048245534953308016,-0.026883746113292473,154.9439678491383,14,15,capitalisation
Portugal,2012,0.09784723414045837,0.1322293445850892,0.09770609317272028,151.94937092617857,14,15,capitalisation
Portugal,2013,0.23701057599575615,0.3082676250887916,0.23680097729026928,145.37161917192373,14,15,capitalisation
Portugal,2014,0.23677067899257143,0.11433057005287979,0.23580340716267223,165.1280784119924,14,15,capitalisation
Portugal,2015,0.13728757988857865,0.04430933958564423,0.13735477424162168,184.14806650133187,14,15,capitalisation
Portugal,2016,0.06087694302119506,0.027577930183654682,0.06075966169786562,190.1925813490181,14,15,capitalisation
Portugal,2017,0.05988504275297224,0.1666473033793933,0.0597632108882733,167.16584674393405,14,15,capitalisation
Portugal,2018,0.033457256973802973,-0.0082677196142329,0.03313232119040199,175.09344978165936,14,15,PIB proxy
Portugal,2019,0.1697239543733502,0.140397882241186,0.16850122665564116,178.46003204557587,14,15,PIB proxy
Portugal,2020,0.0323229031451675,0.07613118993094471,0.032107120517195664,163.37869774264522,14,15,PIB proxy
Portugal,2021,0.17532684417047828,0.1797170463999412,0.17496220168721766,157.63118590386995,14,15,PIB proxy
Portugal,2022,-0.11088977337491668,-0.14633354070274146,-0.11044321988067263,177.34332921086963,14,15,PIB proxy
Portugal,2023,0.13442752310281003,0.17081282221693592,0.13396759299189887,172.3644255006993,14,15,PIB proxy
Portugal,2024,0.16876604556376318,0.17640053406132875,0.16734799916219223,172.19207095064849,14,15,PIB proxy
Portugal,2025,0.14247794838982797,0.17211357501148006,0.14337614261510812,165.21907167870117,14,15,PIB proxy
Sweden,1872,0.11788538548079219,0.1219556304742285,0.11860001173303902,3.2718807,6,7,PIB proxy
Sweden,1873,-0.10373996543219632,-0.054565667061346496,-0.10311126502452284,3.2527923,7,8,PIB proxy
Sweden,1874,0.021513990641257363,0.05660435999628062,0.0204253764177027,3.3625125000000002,8,9,PIB proxy
Sweden,1875,0.04418879227574668,0.09865315138971587,0.04331719093979003,3.2656406,8,9,PIB proxy
Sweden,1876,0.0021651220058571674,-0.011116990551911687,0.002461671927849407,3.352392,8,9,PIB proxy
Sweden,1877,0.04765922204300188,0.04217856871305471,0.04767363928509272,3.5875670000000004,6,7,capitalisation
Sweden,1878,0.18276872710406455,0.13089878994245258,0.18077729540075405,3.7249674999999995,8,9,PIB proxy
Sweden,1879,0.4025518371457457,0.32993409438445775,0.3966366351728188,3.7485819999999994,8,9,PIB proxy
Sweden,1880,0.15262670230608189,0.1916251131654773,0.1523657636327891,3.7463664,6,7,capitalisation
Sweden,1881,0.12796499089517388,0.15832063165572574,0.12700992171122394,3.76993,8,9,PIB proxy
Sweden,1882,-0.010771801495506828,-0.028962187149752735,-0.009306256672744984,3.7299018055555555,9,10,PIB proxy
Sweden,1883,0.024789432757480467,0.025210577182190844,0.02567674438531342,3.7466540000000004,9,10,PIB proxy
Sweden,1884,0.09499919436210957,0.05478487743587889,0.0950224156478432,3.7606444444444445,7,8,capitalisation
Sweden,1885,0.16783859246842536,0.13743347051534072,0.16620897272492763,3.744177111111111,9,10,PIB proxy
Sweden,1886,0.14835123629007452,0.10970100312146522,0.14732292506310296,3.738940333333333,9,10,PIB proxy
Sweden,1887,0.04161938315247293,0.0018528762399127288,0.041966092960314505,3.7376235,10,11,PIB proxy
Sweden,1888,0.03451963338445618,0.06945063334270674,0.03535681823072179,3.7341788888888887,10,11,PIB proxy
Sweden,1889,0.06257338991388317,0.10435466217258654,0.0632783836324966,3.7323462222222226,10,11,PIB proxy
Sweden,1890,-0.060629922752106546,-0.050548519890493276,-0.059862193245214246,3.74374,10,11,PIB proxy
Sweden,1891,0.0290804460540246,0.06152502184234723,0.028877051210855154,3.735512,10,11,PIB proxy
Sweden,1892,0.07353373889005121,0.08820347862265997,0.07430390316449742,3.718224,10,11,PIB proxy
Sweden,1893,-0.00579370964739212,-0.007978240615619971,-0.004334814462333858,3.729584,10,11,PIB proxy
Sweden,1894,0.12125479857761845,0.08716097314479682,0.12223877689286189,3.7166499999999996,10,11,PIB proxy
Sweden,1895,0.06863637909518094,0.10062607445043766,0.06928314800170332,3.715536,10,11,PIB proxy
Sweden,1896,0.09901467370899919,0.07335161161996612,0.099345285534572,3.7282480000000002,10,11,PIB proxy
Sweden,1897,0.051297136241095664,0.08270073194289196,0.052727261097163414,3.729584,11,12,PIB proxy
Sweden,1898,0.07651974173028497,0.11956574907426061,0.07609395926767326,3.758786,11,12,PIB proxy
Sweden,1899,0.030550669328254898,0.0688218475811867,0.030339577835170717,3.756312,9,10,capitalisation
Sweden,1900,0.0758537316707788,0.07396051495819855,0.07577067190707854,3.7378080000000002,10,11,capitalisation
Sweden,1901,0.09757689605329456,0.06869227138573673,0.09676052794812429,3.726432,14,15,PIB proxy
Sweden,1902,0.04695465309872282,0.045321810552818594,0.046843414297687236,3.732354,12,13,capitalisation
Sweden,1903,-0.06939234590764798,-0.07051630761128944,-0.06874982215431635,3.7398640000000003,12,13,capitalisation
Sweden,1904,0.21797574322420465,0.20476462748746338,0.21757900001584773,3.72801,12,13,capitalisation
Sweden,1905,0.1302121725295602,0.15107470753455876,0.1301467506061289,3.7357520000000006,12,13,capitalisation
Sweden,1906,0.10084332642960292,0.08305585475513297,0.10097845248289339,3.765447,14,15,PIB proxy
Sweden,1907,-0.19725854531026854,-0.1826931094039124,-0.1967248231273222,3.7784880000000003,12,13,capitalisation
Sweden,1908,0.19422030396362078,0.23420839512577063,0.19231179428769196,3.738045,12,13,capitalisation
Sweden,1909,0.17462423688923367,0.17149059123772814,0.17354637900339553,3.7387439999999996,12,13,capitalisation
Sweden,1910,-0.01787059951484493,-0.049098193812688554,-0.016009051243055294,3.7357520000000006,12,13,capitalisation
Sweden,1911,0.028907585473894937,0.04566518694624076,0.030272172060960223,3.741683,12,13,capitalisation
Sweden,1912,0.05073896692597901,0.04728496474448137,0.05161421402347255,3.742155,12,13,capitalisation
Sweden,1913,-0.042698194077091634,-0.04785099904634201,-0.0420164634453144,3.7444420000000003,13,14,capitalisation
Sweden,1914,-0.02573163016094626,-0.06202882143671156,-0.02937305024640713,3.8917320000000006,14,15,capitalisation
Sweden,1915,-0.06843394719776008,0.11805279372294074,-0.0667993980678534,3.591818181818182,12,13,capitalisation
Sweden,1916,-0.040898419755425186,0.010433772954306902,-0.03730811165553882,3.4802500000000003,12,13,capitalisation
Sweden,1917,-0.4066133960695084,-0.27889364649243287,-0.4017350864363911,2.9615,12,13,capitalisation
Sweden,1918,-0.0756932540158809,-0.056670848053733264,-0.09099017472384574,3.4760869565217387,11,12,capitalisation
Sweden,1919,0.31914465187266305,0.08382292534656509,0.30142107640441473,4.678333333333334,11,12,capitalisation
Sweden,1920,-0.17769917174292793,-0.26278987122822267,-0.17814373470268485,5.121538461538462,11,12,capitalisation
Sweden,1921,0.09300090450359111,0.26815265317686654,0.0911836209348087,4.093846153846155,12,13,capitalisation
Sweden,1922,0.35325916885900277,0.4019930927633668,0.3506488961568883,3.719166666666666,13,14,capitalisation
Sweden,1923,1.5298976442289156,0.2826225282746148,1.5171270977270086,3.7948913043478254,13,14,capitalisation
Sweden,1924,0.1263925612413619,0.15654603024967334,0.1269144043288135,3.710899999999998,12,13,capitalisation
Sweden,1925,0.18536067828495928,0.1672648574827127,0.18489248833266791,3.7346000000000004,13,14,capitalisation
Sweden,1926,0.22241458967959482,0.18787031591429137,0.22219560829366047,3.7415000000000007,12,13,capitalisation
Sweden,1927,0.31834279958113254,0.2977997951014612,0.31801289415370837,3.7058695652173905,12,13,capitalisation
Sweden,1928,0.33938172703739156,0.35880915424324833,0.3383799566506811,3.7361875000000007,12,13,capitalisation
Sweden,1929,-0.04693354593469001,-0.06293200122216322,-0.04661701225436787,3.709565217391306,13,14,capitalisation
Sweden,1930,-0.19971928601291788,-0.21335694545922185,-0.19841091689128088,3.7291012000000006,13,14,capitalisation
Sweden,1931,-0.07104992600372861,-0.314296809555851,-0.07387150208034099,5.367083333333333,13,14,capitalisation
Sweden,1932,-0.031586185155102586,0.03398757698972696,-0.03388989262160336,5.5778,13,14,capitalisation
Sweden,1933,0.040515426482738315,0.4364881771094219,0.042118130241885154,3.7927272727272725,13,14,capitalisation
Sweden,1934,0.08186891256626927,-0.03156886455546699,0.08344518717505367,3.928695652173914,13,14,capitalisation
Sweden,1935,0.31432882907144366,0.3361129552195741,0.31187881702408005,3.94,13,14,capitalisation
Sweden,1936,0.2941087592024336,0.29434193372089695,0.2948821392700789,3.9609090909090896,13,14,capitalisation
Sweden,1937,-0.3009060508305388,-0.26585789994803505,-0.2984249528142089,3.8876470588235286,13,14,capitalisation
Sweden,1938,0.16171596746529326,0.1290713926034407,0.16056900044391265,4.162608695652175,13,14,capitalisation
Sweden,1939,0.008641316381635011,0.03676658959069098,0.006041800315633505,4.2,14,15,capitalisation
Sweden,1940,-0.13010879328169989,-0.051609466093077545,-0.12896565637592217,4.201,12,13,capitalisation
Sweden,1941,-0.12885849118523252,-0.1064920785902421,-0.12664743731448802,4.197,11,12,capitalisation
Sweden,1942,0.017360231229691214,0.013922921966365145,0.017969255355648084,4.19,11,12,capitalisation
Sweden,1943,0.2096596164576261,0.12280000123977614,0.2085765924034746,4.19,11,12,capitalisation
Sweden,1944,0.1460569957119,0.1019878915503205,0.14618592983283607,4.19,11,12,capitalisation
Sweden,1945,0.2695654930711373,0.22348758483962816,0.2676339375857226,4.19,10,11,capitalisation
Sweden,1946,-0.18669327526667767,-0.12218301626054956,-0.1833211520963488,3.9,10,11,capitalisation
Sweden,1947,0.12162902328030745,-0.11807117532488012,0.11929548178924598,4.45,12,13,capitalisation
Sweden,1948,0.061930700811845485,-0.09823047376306218,0.059828181419043114,5.2,12,13,capitalisation
Sweden,1949,0.42033991745011323,0.13600884622273343,0.41684689695012667,6.5,12,12,capitalisation
Sweden,1950,0.15146980050001724,0.22208385669502576,0.1528986313331373,6.12,13,14,capitalisation
Sweden,1951,0.09702557914928289,0.16850662228484733,0.09644977202045601,6.21,13,14,capitalisation
Sweden,1952,0.009010502192852599,0.12783680622393276,0.0069282702711972455,5.76,13,14,capitalisation
Sweden,1953,0.011257716594097689,0.041115506161303494,0.012801752411480072,5.56,14,15,capitalisation
Sweden,1954,0.44776045874313675,0.4659490819497473,0.446977928817776,5.48,13,14,capitalisation
Sweden,1955,0.20100400267860286,0.2951468058753032,0.19850162184243714,5.22,14,15,capitalisation
Sweden,1956,0.03533271054749587,0.051991948709871325,0.034913147076387485,5.32,14,15,capitalisation
Sweden,1957,-0.11843283348019329,-0.0942817985945211,-0.11739388740857193,5.28,14,15,capitalisation
Sweden,1958,0.23388932229820836,0.2747311889382611,0.2333934873970147,5.17,14,15,capitalisation
Sweden,1959,0.1953959960610403,0.18911640762821932,0.19729576119028502,5.180999999,14,15,capitalisation
Sweden,1960,0.011122038877998008,0.030099262600854347,0.011008485848845506,5.179999999,14,15,capitalisation
Sweden,1961,0.20869945057366368,0.2085723228501683,0.2070589153332536,5.184999999,14,15,capitalisation
Sweden,1962,-0.13901561079130076,-0.11305506164540563,-0.13872470311897356,5.187999999,14,15,capitalisation
Sweden,1963,0.13097824704645067,0.13122509560460327,0.13181067412398462,5.199999999,14,15,capitalisation
Sweden,1964,0.06652462721606489,0.0892631057133779,0.06725834744735981,5.147999999,14,15,capitalisation
Sweden,1965,0.039837984172183205,0.06346349365502456,0.039923808602235544,5.179999999,14,15,capitalisation
Sweden,1966,-0.11966304653675908,-0.09265314799611016,-0.1205651301172238,5.179999999,14,15,capitalisation
Sweden,1967,0.14364402964758072,0.16217594515874292,0.14300543997007287,5.164999999,14,15,capitalisation
Sweden,1968,0.14259083349868318,0.11512192503633578,0.1437411501677086,5.179999999,14,15,capitalisation
Sweden,1969,-0.06526289024864307,-0.08330578555616852,-0.06467765070228237,5.169999999,14,15,capitalisation
Sweden,1970,-0.060371469419447266,-0.05017261947304176,-0.06149088890744092,5.169999999,14,15,capitalisation
Sweden,1971,0.001800426725671045,0.05781451991667803,0.0027555172238635794,4.864999999,14,15,capitalisation
Sweden,1972,0.17342116156325282,0.21462572389806334,0.17292626434446934,4.742999999,14,15,capitalisation
Sweden,1973,-0.11177734102799353,-0.12477817959542567,-0.11139584363960908,4.587499999,14,15,capitalisation
Sweden,1974,-0.3662897719984691,-0.3115274332034529,-0.36472753202421215,4.080499999,14,15,capitalisation
Sweden,1975,0.23163297589387355,0.15804451674826123,0.2315743220337425,4.385499999,14,15,capitalisation
Sweden,1976,-0.010275522663496739,0.0824400721112844,-0.010560344053076598,4.126499999,14,15,capitalisation
Sweden,1977,0.03413232144870437,-0.09549617078846126,0.03266464655672485,4.669499999,14,15,capitalisation
Sweden,1978,-0.023234184240192413,0.03172242582038512,-0.022629976871465063,4.295499999,14,15,capitalisation
Sweden,1979,0.00017548820248136643,0.06229497926186393,2.4266183960008902e-06,4.146499999,14,15,capitalisation
Sweden,1980,0.1692228663724662,0.11841146838455813,0.1690402500137722,4.372799999,14,15,capitalisation
Sweden,1981,0.11312781838022423,-0.06597580663319907,0.11461035372783734,5.570999999,14,15,capitalisation
Sweden,1982,0.3192582298746527,0.06268859047610612,0.3190575134700022,7.294499999,14,15,capitalisation
Sweden,1983,0.24323296671046912,0.2061135151175426,0.24616897753479572,8.000999999,14,15,capitalisation
Sweden,1984,0.11202677486758605,0.06882768304677186,0.10865755985238512,8.9895,14,15,capitalisation
Sweden,1985,0.14185143592744098,0.2738846411933017,0.14249631858010292,7.6155,14,15,capitalisation
Sweden,1986,0.20722559863153278,0.2543072927924344,0.2097842099129552,6.819,14,15,capitalisation
Sweden,1987,0.03404528314220623,0.07966102536002895,0.032585259539025024,5.848,14,15,capitalisation
Sweden,1988,0.1531821905495092,0.14667308529157375,0.15630622598944455,6.157,14,15,capitalisation
Sweden,1989,0.13904335355637465,0.20980292273996198,0.13968110466088346,6.227,14,15,capitalisation
Sweden,1990,-0.21326403076635891,-0.12729573640061653,-0.2149504080421365,5.698,14,15,capitalisation
Sweden,1991,-0.024649976660466533,0.04364956359619402,-0.02446787518875837,5.5295,14,15,capitalisation
Sweden,1992,0.24653892036870473,-0.009085021421069817,0.24453124586223662,7.043,14,15,capitalisation
Sweden,1993,0.322089669336858,0.13654733059252472,0.32346298249465555,8.3035,14,15,capitalisation
Sweden,1994,-0.07411751423026403,-0.012922214690823431,-0.07297248665965583,7.4615,14,15,capitalisation
Sweden,1995,0.05921069657948186,0.18349488723036508,0.06044390505025077,6.6582,14,15,capitalisation
Sweden,1996,0.22083351215360536,0.20048241468120553,0.222814160719645,6.871,14,15,capitalisation
Sweden,1997,0.3797881820283373,0.23561365088731223,0.3784731067231051,7.877,14,15,capitalisation
Sweden,1998,0.26616807910720564,0.1944340371319068,0.26452221199205384,8.061,14,15,capitalisation
Sweden,1999,0.2806863732586513,0.22142953960581963,0.2852377946448392,8.525,14,15,capitalisation
Sweden,2000,0.043471593449822654,-0.04704024784638045,0.04144033268057945,9.535,14,15,capitalisation
Sweden,2001,-0.09126834507983694,-0.16638821954944344,-0.0921626388346436,10.6675,14,15,capitalisation
Sweden,2002,-0.3310085026144487,-0.2282729046098514,-0.3314355387496096,8.825,14,15,capitalisation
Sweden,2003,0.014080361147153608,0.1721821964013407,0.016835784827503808,7.1892,14,15,capitalisation
Sweden,2004,0.07577664227284608,0.12525579250540514,0.07694770243865356,6.6146,14,15,capitalisation
Sweden,2005,0.28743614136379714,0.09603295562167555,0.2881605596486483,7.9584,14,15,capitalisation
Sweden,2006,0.0359935243165701,0.1576460333122465,0.03827383711293875,6.8644,14,15,capitalisation
Sweden,2007,0.00773773356718066,0.041052784762099524,0.007067566252751956,6.4136,14,15,capitalisation
Sweden,2008,-0.259421218900696,-0.40363993550592997,-0.261056212587897,7.8106,14,15,capitalisation
Sweden,2009,0.14616445307699522,0.23238896355151728,0.15009775796921399,7.1165,14,15,capitalisation
Sweden,2010,0.03606954177499189,0.08953055398111018,0.03868306647725439,6.7097,14,15,capitalisation
Sweden,2011,-0.021820004148625727,-0.04716876126963214,-0.023842381759303977,6.8877,14,15,capitalisation
Sweden,2012,0.07578831853949741,0.13164601387227579,0.07694226018470629,6.5045,14,15,capitalisation
Sweden,2013,0.2829554118452495,0.3082740667379155,0.2828938844334101,6.4238,14,15,capitalisation
Sweden,2014,0.3124147514439046,0.11305317787532049,0.31048083292101447,7.7366,14,15,capitalisation
Sweden,2015,0.11905590997550486,0.04379619828328438,0.11884936239472599,8.4408,14,15,capitalisation
Sweden,2016,0.09904362911434506,0.026722827007050927,0.09886889578570979,9.0622,14,15,capitalisation
Sweden,2017,0.08953254008797384,0.1674016132281635,0.08952340298304362,8.208,14,15,capitalisation
Sweden,2018,0.06954794617887994,-0.007659817025423836,0.06795230902580252,8.9562,14,15,PIB proxy
Sweden,2019,0.17113864554532476,0.137180177469519,0.172922527166661,9.2993,14,15,PIB proxy
Sweden,2020,-0.016901673094070535,0.07453607507188177,-0.014701568324908987,8.1772,14,15,PIB proxy
Sweden,2021,0.12329553118844538,0.17696439175388665,0.12633304517663935,7.630096555541338,14,15,PIB proxy
Sweden,2022,-0.06951393045878806,-0.1438754447185591,-0.0722231861065118,8.997607621438577,14,15,PIB proxy
Sweden,2023,0.1771642636031716,0.1710492685942319,0.17612759929932897,9.43841593576683,14,15,PIB proxy
Sweden,2024,0.15919152806317016,0.17637792383339362,0.157951830503275,9.391502333382935,14,15,PIB proxy
Sweden,2025,0.12540918476128704,0.17344203143264367,0.12534726978662736,8.72548917287056,14,15,PIB proxy
USA,1873,0.011656441235495807,-0.06003278614535147,-0.005860015618590175,1.0,7,8,PIB proxy
USA,1874,0.03438096379789113,0.005203302723806098,0.07458755850625165,1.0,8,9,PIB proxy
USA,1875,0.12585179022578807,0.10976419370410807,0.10796917133826067,1.0,8,9,PIB proxy
USA,1876,0.04542414715289267,0.026440600555136463,0.002420641944872237,1.0,8,9,PIB proxy
USA,1877,-0.0030033301749163854,0.04221893231977835,-0.0030033301749163854,1.0,7,7,capitalisation
USA,1878,0.0887116723399426,0.10898481459798658,0.11616255421806243,1.0,8,9,PIB proxy
USA,1879,0.21189109561851383,0.24690612497618866,0.3017830388932523,1.0,8,9,PIB proxy
USA,1880,0.1596367779330501,0.17499872783942066,0.18301414252417048,1.0,6,7,capitalisation
USA,1881,0.1875655622998147,0.20169618277459112,0.1481247864138462,1.0,8,9,PIB proxy
USA,1882,-0.05620699370570148,-0.05900895040055947,-0.025465746391889033,1.0,9,10,PIB proxy
USA,1883,0.06053902316639692,0.05091549622325176,0.031983386981568884,1.0,9,10,PIB proxy
USA,1884,0.07748728334467381,0.05512471087113677,0.07748728334467381,1.0,8,8,capitalisation
USA,1885,0.04719384571011531,0.0477882401418202,0.13590180119405826,1.0,9,10,PIB proxy
USA,1886,0.09947044243417547,0.07903731488887865,0.1217670210580164,1.0,9,10,PIB proxy
USA,1887,0.011512800321975991,0.021533603941447363,-0.003591902374946332,1.0,10,11,PIB proxy
USA,1888,0.10481498126001543,0.09950192851149796,0.07317113442224943,1.0,10,11,PIB proxy
USA,1889,0.1614627445909924,0.10311379112668559,0.14155129334404037,1.0,10,11,PIB proxy
USA,1890,0.006260640548794605,-0.033592492418440124,-0.02494743988094905,1.0,10,11,PIB proxy
USA,1891,-0.03127925780847274,-0.03470978800785917,0.06304748649158798,1.0,10,11,PIB proxy
USA,1892,0.05805171641639961,0.10451678931473199,0.059863758617054286,1.0,10,11,PIB proxy
USA,1893,0.03152234630598394,0.08453589946576393,-0.03861296367560174,1.0,10,11,PIB proxy
USA,1894,0.14982843703923554,0.09843873270725728,0.12064627887624235,1.0,10,11,PIB proxy
USA,1895,0.13485675135450959,0.11857560458035121,0.11123061101300835,1.0,10,11,PIB proxy
USA,1896,0.12971261498020947,0.10873879594680162,0.0869360638824841,1.0,10,11,PIB proxy
USA,1897,0.047648144407117066,0.02670241097274604,0.09685583970136569,1.0,11,12,PIB proxy
USA,1898,0.046227661400449316,0.04616401459327012,0.1185782537942286,1.0,11,12,PIB proxy
USA,1899,0.05502637460296933,0.04011031714479902,0.07661604081403706,1.0,9,10,capitalisation
USA,1900,-0.016745474825833773,-0.035055288038058706,0.08288080352982385,1.0,10,11,capitalisation
USA,1901,-0.012005632367853458,-0.003343016462534365,0.06274836679979434,1.0,14,15,PIB proxy
USA,1902,0.043432223165794426,0.04712223579049554,0.04369447492026968,1.0,12,13,capitalisation
USA,1903,0.036957532949449146,0.06659094886657899,-0.08202199397556731,1.0,12,13,capitalisation
USA,1904,0.08641785732858209,0.10460585969905202,0.19599156568546228,1.0,12,13,capitalisation
USA,1905,0.10746170680373424,0.08145862673751919,0.16252665257759658,1.0,12,13,capitalisation
USA,1906,0.12156808575005451,0.10332462370002181,0.0943483205011002,1.0,14,15,PIB proxy
USA,1907,-0.05042896414636444,-0.022529870455760593,-0.19519798048886172,1.0,12,13,capitalisation
USA,1908,0.0548472848403978,0.02936199114320626,0.24530502046269076,1.0,12,13,capitalisation
USA,1909,0.15141957155563524,0.12308055103939813,0.1835671336126321,1.0,12,13,capitalisation
USA,1910,0.01668056703553078,0.0431439768913317,-0.05841666972453141,1.0,12,13,capitalisation
USA,1911,0.060335216991804774,0.03288391632412898,0.059377485687014175,1.0,12,13,capitalisation
USA,1912,0.0359232006962793,0.04122398326537913,0.04570885802262392,1.0,12,13,capitalisation
USA,1913,-0.0035533976227266617,0.014045955157709357,-0.05578787939343188,1.0,13,14,capitalisation
USA,1914,-0.08158030389496984,-0.0850011406825599,-0.06328202211059264,1.0,14,15,capitalisation
USA,1915,-0.06680818983948256,-0.13952340978040623,0.15012748011205668,1.0,12,13,capitalisation
USA,1916,0.08329703513767983,0.013987314544902103,0.040714493101653426,1.0,12,13,capitalisation
USA,1917,-0.09987627413039679,-0.17711509495201133,-0.24471777725964372,1.0,12,13,capitalisation
USA,1918,-0.17905939786178993,-0.2755580493043513,-0.0352919572795215,1.0,11,12,capitalisation
USA,1919,-0.2894217817859458,0.13124689537736234,-0.06843589952912588,1.0,11,12,capitalisation
USA,1920,-0.42115828864632554,-0.2127164366037934,-0.33840783142567543,1.0,11,12,capitalisation
USA,1921,0.1929961746329003,0.24621727812885008,0.24384626538086107,1.0,12,13,capitalisation
USA,1922,0.27306303111573693,0.45702632242254665,0.31885680238304803,1.0,13,14,capitalisation
USA,1923,3.2712627116209685,0.6911811244359949,1.2919019652299264,1.0,13,14,capitalisation
USA,1924,-0.05861092143200608,-0.0451033897416492,0.1524206186455377,1.0,12,13,capitalisation
USA,1925,0.00429105410516506,-0.005509851765518818,0.17029724987258854,1.0,13,14,capitalisation
USA,1926,0.27339964279056206,0.3572837260240489,0.16527032967065902,1.0,12,13,capitalisation
USA,1927,0.24910343842296268,0.11236925851828868,0.337795994760846,1.0,12,13,capitalisation
USA,1928,0.28020577718098516,0.24627977594512282,0.36679516591909,1.0,12,13,capitalisation
USA,1929,-0.12531272133024618,-0.14880484439859637,-0.05662096241026282,1.0,13,14,capitalisation
USA,1930,-0.2180993116329204,-0.21500209212978671,-0.21267143679794798,1.0,13,14,capitalisation
USA,1931,-0.22430465108429842,-0.22254362756818608,-0.3148358992099246,1.0,13,14,capitalisation
USA,1932,0.15268564891463754,0.1954655856892954,0.018256269602142217,1.0,13,14,capitalisation
USA,1933,0.5108495671266058,0.12469174593694576,0.5734420010542531,1.0,13,14,capitalisation
USA,1934,0.19134018455393642,0.028605741334684638,0.021445895609427668,1.0,13,14,capitalisation
USA,1935,0.06786945400826827,0.15219092145169166,0.3047227208305847,1.0,13,14,capitalisation
USA,1936,0.15175192908399038,0.18229805861694254,0.28589441107165525,1.0,13,14,capitalisation
USA,1937,-0.17004225777178072,-0.07913837685526585,-0.28804941907887427,1.0,13,14,capitalisation
USA,1938,-0.057256599416775966,-0.054745774317101974,0.12746876342872815,1.0,13,14,capitalisation
USA,1939,0.05005614216791976,0.0241376545123533,0.042081322557711465,1.0,14,15,capitalisation
USA,1940,0.25282155267131845,0.11216778821977563,-0.018416973420762428,1.0,12,13,capitalisation
USA,1941,0.1824997892466993,0.0006071572422011027,-0.055284984828598005,1.0,11,12,capitalisation
USA,1942,-0.12214467308818278,-0.032614887644993686,-0.017435473357254705,1.0,11,12,capitalisation
USA,1943,0.04722032504141205,-0.011677911488777457,0.14358298433909122,1.0,11,12,capitalisation
USA,1944,0.0042816193864756436,-0.056492703846084624,0.1218544200070808,1.0,11,12,capitalisation
USA,1945,-0.17529485348513518,-0.23287020887097445,0.23416743856873978,1.0,10,11,capitalisation
USA,1946,-0.3319572388925274,0.056939683209138,-0.18661051556429975,1.0,10,11,capitalisation
USA,1947,-0.20405205842334984,-0.20700840569318557,-0.11655344776396781,1.0,12,13,capitalisation
USA,1948,-0.3880292218865248,-0.34953286547504187,-0.10872520700562505,1.0,12,13,capitalisation
USA,1949,0.061706265001560734,0.004657587457571003,0.14919381913648455,1.0,12,12,capitalisation
USA,1950,0.09434459426780761,0.058807650958752615,0.23052343473544568,1.0,13,14,capitalisation
USA,1951,0.19566284685639523,0.1780608992010625,0.1704742313495693,1.0,13,14,capitalisation
USA,1952,0.10672594797072343,0.04031440977868011,0.13815730422997752,1.0,13,14,capitalisation
USA,1953,0.209647602510318,0.18556304548851837,0.047717298756954296,1.0,14,15,capitalisation
USA,1954,0.4932420652733789,0.46453477472011245,0.47173874349365086,1.0,13,14,capitalisation
USA,1955,0.13648143835132687,0.11965779455122282,0.2958478631459316,1.0,14,15,capitalisation
USA,1956,0.06490100835738621,0.0672570733801011,0.050891367466317394,1.0,14,15,capitalisation
USA,1957,-0.03545256135092467,-0.0037324798968978445,-0.10123167471023908,1.0,14,15,capitalisation
USA,1958,0.14064658096424032,0.1229480834877825,0.2788995593657029,1.0,14,15,capitalisation
USA,1959,0.38049850580294486,0.3734490609376574,0.19287404421993926,1.0,14,15,capitalisation
USA,1960,0.1613773826045215,0.13823779645305267,0.03710629583427494,1.0,14,15,capitalisation
USA,1961,0.10070129875029332,0.06525852147897201,0.2195077547789719,1.0,14,15,capitalisation
USA,1962,-0.10976643131852748,-0.12420595519276849,-0.10832599417773447,1.0,14,15,capitalisation
USA,1963,0.03624397063094453,-0.012464016680586065,0.14844244947391494,1.0,14,15,capitalisation
USA,1964,-0.028712453758203527,-0.05331406354987369,0.0971471504393584,1.0,14,15,capitalisation
USA,1965,-0.036060737121867636,-0.06229892323823505,0.07017708976599457,1.0,14,15,capitalisation
USA,1966,-0.02853860875689862,-0.044617586705927234,-0.08998268218657601,1.0,14,15,capitalisation
USA,1967,0.11612355938874086,0.12027535713636833,0.1603961878474931,1.0,14,15,capitalisation
USA,1968,0.16200003297386334,0.16259972641355272,0.11627755488488689,1.0,14,15,capitalisation
USA,1969,0.1435747894494106,0.16174325591327934,-0.08699784542194611,1.0,14,15,capitalisation
USA,1970,-0.09497541479474414,-0.09099162153622002,-0.05256729596963339,1.0,14,15,capitalisation
USA,1971,0.12141947501557993,-0.01916689672080194,0.09845515956018147,1.0,14,15,capitalisation
USA,1972,0.3812698240513266,0.30632733218220576,0.23486563785076453,1.0,14,15,capitalisation
USA,1973,0.19065038323113592,0.05199580981893579,-0.07766450270389769,1.0,14,15,capitalisation
USA,1974,-0.22844084592025693,-0.27761250707483226,-0.2927377596888048,1.0,14,15,capitalisation
USA,1975,-0.01929647898239517,-0.004009599489967368,0.15259525564662768,1.0,14,15,capitalisation
USA,1976,-0.012080463006432285,-0.05567339885162901,0.09724365284790082,1.0,14,15,capitalisation
USA,1977,0.10693684395984682,-0.05247481516377374,-0.04569072249332051,1.0,14,15,capitalisation
USA,1978,0.2681666776499312,0.0963978182378514,0.08676945317871687,1.0,14,15,capitalisation
USA,1979,-0.10076809943191722,0.032465147149999936,0.014021348282003077,1.0,14,15,capitalisation
USA,1980,0.07205604845147695,0.03174226488290627,0.1325605936949703,1.0,14,15,capitalisation
USA,1981,-0.09606048093156483,0.03093029532121257,-0.10374491878800007,1.0,14,15,capitalisation
USA,1982,-0.11386876436995452,-0.02268256717627082,0.031227131499453442,1.0,14,15,capitalisation
USA,1983,0.20076665524299897,0.26568819239331876,0.18703013027990445,1.0,14,15,capitalisation
USA,1984,0.05547393534992362,0.17315222353500123,0.023132875121056662,1.0,14,15,capitalisation
USA,1985,0.5703995136536637,0.28345826473860053,0.3998451555949585,1.0,14,15,capitalisation
USA,1986,0.612426528081631,0.30941552511878956,0.38401961029259524,1.0,14,15,capitalisation
USA,1987,0.4609432185914242,0.18656056668626042,0.21321773397935684,1.0,14,15,capitalisation
USA,1988,0.09818862854675148,0.15320440504381092,0.12167183266113613,1.0,14,15,capitalisation
USA,1989,0.0750863833289348,0.18171440788094165,0.14908085915495217,1.0,14,15,capitalisation
USA,1990,-0.11707779230055515,-0.17415675163937272,-0.0966949336664854,1.0,14,15,capitalisation
USA,1991,-0.05058196015860339,-0.08437088302422752,0.060385491727098506,1.0,14,15,capitalisation
USA,1992,-0.20897621161745794,-0.17377958531616633,-0.024787063725276948,1.0,14,15,capitalisation
USA,1993,0.26300186865821695,0.24621138916165491,0.1459064473856715,1.0,14,15,capitalisation
USA,1994,0.1008760820466672,-0.008113028378426208,0.03272170684569753,1.0,14,15,capitalisation
USA,1995,-0.017954867768631533,-0.032786547184187366,0.18983101021851767,1.0,14,15,capitalisation
USA,1996,0.08998992894626756,0.2043793420343912,0.1594752220548108,1.0,14,15,capitalisation
USA,1997,-0.0037263928503116217,0.1434792453152094,0.18327463403940047,1.0,14,15,capitalisation
USA,1998,0.17868406893497024,0.1085923492619428,0.21720299953391842,1.0,14,15,capitalisation
USA,1999,0.2084797866142709,0.3013036307197446,0.1956511958919469,1.0,14,15,capitalisation
USA,2000,-0.09463569931911875,0.01376105739553405,-0.09059990515358585,1.0,14,15,capitalisation
USA,2001,-0.2555922561172549,-0.1895084987064502,-0.19174040828588146,1.0,14,15,capitalisation
USA,2002,-0.14217825376195814,-0.2590799070405914,-0.18726531805715518,1.0,14,15,capitalisation
USA,2003,0.33796302300900716,0.13512963887205537,0.2440618336025444,1.0,14,15,capitalisation
USA,2004,0.23466976513733306,0.18128281717751185,0.1439165662722517,1.0,14,15,capitalisation
USA,2005,0.04932663375650437,0.22197668912987342,0.04039678779528555,1.0,14,15,capitalisation
USA,2006,0.29783688189251767,0.23882487048559722,0.1818886248360656,1.0,14,15,capitalisation
USA,2007,0.12637226027762538,0.04818521992197849,0.07109482397422129,1.0,14,15,capitalisation
USA,2008,-0.3730854444180718,-0.393809028395611,-0.395566219952903,1.0,14,15,capitalisation
USA,2009,0.2129410809746488,0.1416882303759698,0.26321397110748745,1.0,14,15,capitalisation
USA,2010,0.05998055047657447,0.043512912522963756,0.09764027863519953,1.0,14,15,capitalisation
USA,2011,-0.1364389914933758,-0.12183203841810684,-0.05401210444863613,1.0,14,15,capitalisation
USA,2012,0.09149515352396809,0.10736296455306432,0.12655318482184974,1.0,14,15,capitalisation
USA,2013,0.2849069115862797,0.3688912730515497,0.27948903039815987,1.0,14,15,capitalisation
USA,2014,-0.0644435917205497,0.06631698891645721,0.06812409263260522,1.0,14,15,capitalisation
USA,2015,0.03096282020912322,0.09266040828656556,0.023295271796252903,1.0,14,15,capitalisation
USA,2016,0.015707247543007563,0.03443633520743583,0.020418625903972698,1.0,14,15,capitalisation
USA,2017,0.25246358779724964,0.163626930068827,0.19872684402309204,1.0,14,15,capitalisation
USA,2018,-0.16747683239148936,-0.13221191434098647,-0.025876457363317562,1.0,14,15,PIB proxy
USA,2019,0.19787458839699013,0.21798834395341646,0.12943226449065248,1.0,14,15,PIB proxy
USA,2020,0.11279660429053018,0.038524012368404664,0.11212708399024574,1.0,14,15,PIB proxy
USA,2021,0.12345804209898037,0.1264188727431871,0.17788355595258487,1.0,14,15,PIB proxy
USA,2022,-0.1771776220116067,-0.04282219650548332,-0.21056577012502864,1.0,14,15,PIB proxy
USA,2023,0.12198123174348496,0.12442028877502663,0.1689086522625447,1.0,14,15,PIB proxy
USA,2024,0.10596153622683824,0.13199382487048986,0.16246114317336025,1.0,14,15,PIB proxy
USA,2025,0.23221979523486325,0.1996991946611082,0.18820357361150641,1.0,14,15,PIB proxy
