country,year,domestic_equity_real,international_equity_real,international_equity_real_constant_real_fx,world_equity_real_resident_reconstructed,xrusd,world_equity_real,world_equity_source,bond_real,bill_real,world_bond_real,world_bond_real_fixed_notional,world_bill_real,world_bond_real_unhedged,world_bill_real_unhedged,world_bond_issuers,inflation,trend_real,trend_real_fixed_notional,trend_cash_us_real,trend_real_unhedged,gold_real
Australia,1927,0.10356371463310432,0.252050567132063,0.2612909014263017,0.25062515971618793,0.41433834413409815,0.24812390939675555,"reconstructed, resident currency",0.03887701410364697,0.023143750333802116,0.047548968871023334,0.04944657846563172,0.023143750333802116,0.09629257515940526,0.07276973961827575,15,0.018518444444444393,0.2377913480130187,0.23904343657318394,0.06069651650102048,0.24383203512591622,-0.015361188083041988
Australia,1928,0.16639631263078547,0.30426701310169024,0.3260691838607527,0.3033480937613038,0.4151414263418,0.30074139757378116,"reconstructed, resident currency",0.03544721987935029,0.0327025006928654,0.0645260894222206,0.06374941013501845,0.0327025006928654,0.06119153459202398,0.030022357916793935,15,0.009090982479344145,0.2926919742607419,0.2905181578183833,0.05045226040342521,0.2830796815723866,-0.01834291958664447
Australia,1929,-0.05300000309944153,-0.022171012438461313,-0.07407611243081035,-0.022367842519158132,0.4365832221661474,-0.024323106834119868,"reconstructed, resident currency",-0.01681390590965748,0.04343852028250694,0.0563897563443545,0.06008621025241778,0.04343852028250694,0.10583942727779116,0.09191903770411664,15,0.0,0.19072831999091377,0.19925912073609942,0.03785806464463959,0.2455316004890511,0.04569120242725977
Australia,1930,-0.23388235709246474,0.05334723654963702,-0.18452658225807972,0.05175874981650641,0.5307128194828947,0.0496552323168733,"reconstructed, resident currency",0.0399930928559864,0.13550662501331634,0.18333721536467973,0.20405182397691024,0.13550662501331634,0.4094734395019213,0.3499857423133538,15,-0.08108108108108103,0.21107892259107208,0.25296651082093713,0.10740235214556271,0.525892432598642,0.36917799614589897
Australia,1931,0.22504091744654553,-0.3071033083398894,-0.29432328441614414,-0.3045251216445771,0.5523449889357013,-0.30591607140128796,"reconstructed, resident currency",0.08032224730167936,0.08538051690210313,0.02746299839515598,0.02848805845757907,0.08538051690210313,-0.018824007184114477,0.03641454992113009,15,-0.039215764705882394,0.28409417288652583,0.2953773049476338,0.15094084355712933,0.34251746508523273,0.08638567421990562
Australia,1932,0.3011061618079296,0.27821807044681757,0.10415422856090993,0.2784153513950274,0.7169864074720653,0.27585852069223726,"reconstructed, resident currency",0.39123363835069336,0.07681546905168579,0.20166299734568516,0.220770907236995,0.07681546905168579,0.3881648895595684,0.24992893216578901,15,-0.04081616659723808,0.06640175816199201,0.07793757334444518,0.16025907588768828,0.4015550931971881,0.35342389908798655
Australia,1933,0.25600001215934753,0.2386908242131982,0.39063351953075287,0.2388651877520922,0.5933163830278935,0.23638745737658806,"reconstructed, resident currency",0.05805879086256027,0.02768038958311081,0.0698316254946929,0.07943293394338191,0.02768038958311081,0.15458237712810874,0.10567894133456548,15,0.0,-0.10963583515681319,-0.07537849330416979,0.030170519994877854,-0.2991631581866777,-0.22132379017573367
Australia,1934,0.23200000822544098,-0.045621343682170856,0.014718444662424012,-0.04267307420633293,0.5002905825283235,-0.04458772805792022,"reconstructed, resident currency",0.0723716989159584,0.02591796964406967,0.15085130025149973,0.14941934069507745,0.02591796964406967,0.13021657285849764,0.0060791088383063945,15,0.0,-0.01073693175487822,-0.011117751582977675,0.008767156750223437,-0.15455078222448704,0.43451126953246755
Australia,1935,0.08941071425108538,0.28133498152634395,0.27177193410069056,0.2789977488093165,0.5122578566716348,0.2764397533116978,"reconstructed, resident currency",0.011203915358723116,0.012554486724123404,0.008813523764020115,0.007879891325438315,0.012554486724123404,0.012284215999026404,0.017301878043281354,15,0.010638126754201949,0.03577566627089257,0.036682382196987495,-0.0020322077192309607,0.057426567442397713,0.001715846622480477
Australia,1936,0.16132652657845203,0.2200896170284352,0.2631370571265383,0.21950139927783563,0.504946822636257,0.21706239647927994,"reconstructed, resident currency",0.005207929753814344,-0.008000144175148938,0.024487775262747924,0.022344141398895623,-0.008000144175148938,-0.010391009919536343,-0.0416945874847656,14,0.031578950027700836,0.26405332931953507,0.2608955169987095,0.012372876775614161,0.25067096112109133,-0.04428986247185518
Australia,1937,0.0035198380028567122,-0.24024066804922106,-0.23659909424930287,-0.23789307532417958,0.5077324401141773,-0.23941728917353122,"reconstructed, resident currency",-0.03195155077288514,0.002859484210589347,0.0034431925786186923,0.003102611221206697,0.002859484210589347,-0.05899587177139254,-0.06135014981693309,14,0.020408328196598324,-0.06357140237076953,-0.06385233405608925,-0.011132956950033579,-0.05738260279630192,-0.013612526471871167
Australia,1938,-0.02450972577278543,0.028794229901558666,0.053342613750127776,0.02810403189990973,0.5134151834605164,0.02604782383610993,"reconstructed, resident currency",-0.03615399898412497,0.003261030946592358,0.03153784505018975,0.026883453123732304,0.003261030946592358,0.006038642569092811,-0.018011641334181205,14,0.019999918400006367,0.08427446712605513,0.08571703066560454,0.047570894586841384,0.09900328458896102,-0.005434218784742484
Australia,1939,0.022914288725171872,0.07319052592274544,0.023029229510599596,0.07259192550061777,0.5659629860207143,0.07044674164961662,"reconstructed, resident currency",-0.00900853840368121,-0.005106037429400745,-0.07001927987827106,-0.07234009886298254,-0.005106037429400745,-0.014799109059144833,0.05410280455688628,14,0.02941176470588225,-0.1281283679151033,-0.1378975222176403,0.022205827566040615,-0.05432918559719202,0.055768675976639814
Australia,1940,-0.020945945804988986,0.036690660485790616,-0.08620246813958599,0.03590019684634149,0.655393891728929,0.0338283964526489,"reconstructed, resident currency",0.05893596402696666,-0.03198875839243065,0.04092660015666749,0.04917570621106648,-0.03198875839243065,0.14074944978250947,0.062137743900499066,14,0.05714285714285716,-0.04074999090081011,-0.04019118019425272,0.0059249679692383594,0.09979290823064613,0.08769725234388215
Australia,1941,-0.10346153817879844,-0.03937634371287446,-0.05215244065245136,-0.040243803738629236,0.6225099601593626,-0.042163316131151984,"reconstructed, resident currency",-0.054445787315041905,-0.0299389325082301,0.02770739332291905,0.024671473564749302,-0.0299389325082301,-0.006717214161676033,-0.061984296678688225,14,0.054054054054053946,-0.054196859241216755,-0.048885424338678596,-0.07583315048804296,-0.14744502276595917,-0.14153538923725661
Australia,1942,0.11716121858510253,0.0518743240129973,0.03943571553942188,0.052642631166761156,0.6220839813374806,0.0505373459044276,"reconstructed, resident currency",0.004607249310371042,-0.03610523378381114,-0.009860591318295753,-0.012235864289185105,-0.03610523378381114,-0.06770805388675583,-0.0943229643834051,15,0.0598291282051282,-0.02647568184257154,-0.026179375712751418,-0.07087970183543024,-0.018870661619276086,-0.04542971803633156
Australia,1943,0.08028813298078719,0.17032037452445792,0.1083753720339192,0.16935500943676685,0.6198090987975704,0.1670162994178932,"reconstructed, resident currency",0.0458638672251559,0.01339136999943391,0.012383307185500625,0.014551469831558084,0.01339136999943391,0.001399988617369452,-0.00027112314035459363,15,0.008064386576491112,0.23432751062605206,0.23820587399307347,-0.019568422192413393,0.25270743020823705,0.012108632589574952
Australia,1944,0.0714285010831952,0.12796172390984895,0.10087802107091973,0.12742023075778786,0.6195786864931846,0.12516539029627238,"reconstructed, resident currency",0.04105294789913505,0.01345603609157675,0.05439277044230306,0.040934602289341315,0.01345603609157675,-0.017106112232683213,-0.046710389888309764,14,0.00800006451200419,0.08945399592806469,0.08815817694937045,-0.011389603351630306,0.07219476599203678,-0.016213481108026895
Australia,1949,-0.0046494213897029235,0.37360119048818796,0.07936762049590668,0.3669724001817163,0.892856999892857,0.3642384553813529,"reconstructed, resident currency",-0.11624996000965249,-0.06090836759956331,-0.05118745479661646,-0.02063704107442843,-0.06090836759956331,0.3850431002178156,0.35535819722376866,13,0.08604950202340245,0.09556002748033388,0.1732581747616453,0.031435476496074255,0.5790179738299186,0.3324111711905062
Australia,1950,0.20340286228283544,0.12405193813156479,0.18898126000886253,0.12545491169587608,0.892856999892857,0.12320400187248426,"reconstructed, resident currency",-0.0385462342892251,-0.066309582354098,-0.07387674669851063,-0.07224155475396843,-0.066309582354098,-0.06405825205868443,-0.058232494876574385,14,0.09190367720896142,0.044009099501116866,0.03992752444504699,-0.044909057796571394,-0.011541747201266883,-0.12892962883194337
Australia,1951,-0.2039364237837803,0.02727025214861234,0.13984602503185486,0.02303504724696781,0.899280575941751,0.02098897715247383,"reconstructed, resident currency",-0.2341971316616951,-0.14877939865495515,-0.1608883650622568,-0.1571602722762131,-0.14877939865495515,-0.14516746595717078,-0.13592841638115305,15,0.19839674670842622,-0.16897768108784983,-0.1688809078143808,-0.044855439335450886,-0.15406051829447254,-0.14641613248144647
Australia,1952,-0.26039111265798587,-0.020160390660018068,0.09034320215652948,-0.02321435388597748,0.8920606609217285,-0.02516792517820554,"reconstructed, resident currency",-0.13444784883090877,-0.12569186829933332,-0.10293260488015277,-0.10048447320447973,-0.12569186829933332,-0.054902360098816994,-0.07855636415259229,15,0.1722411852087098,-0.16275159763731673,-0.16265071430030753,0.003226921042449371,-0.16846494171484494,-0.1453291583983285
Australia,1953,0.08362533699720509,0.04041810103872345,0.06499860880414314,0.040913710098922085,0.8920606609217285,0.03883188267872417,"reconstructed, resident currency",0.04283766819873169,-0.011599434018309873,0.01041247729585848,0.010742245327528765,-0.011599434018309873,0.023595250706416104,0.0017509505000551594,15,0.04279584156174354,-0.08405958806398162,-0.08313163192463324,0.006703548557218442,-0.09859324292494431,-0.0437941141178575
Australia,1954,0.17794349337243265,0.4841468356822787,0.46729084565776224,0.4805569699929313,0.899280575941751,0.4775958560529454,"reconstructed, resident currency",0.071653680046879,0.026380101612930362,0.05416611734668009,0.054802182179659154,0.026380101612930362,0.06672199823233904,0.038929444319250925,15,0.006839471573670597,0.5155354388974827,0.5141080129883675,0.018564239040369523,0.5113059846871866,0.005137277845306709
Australia,1955,0.08096897158392058,0.23341507366761904,0.2548744061446232,0.23211636155477944,0.8940545381262892,0.22965212883166997,"reconstructed, resident currency",-0.11587972599130703,0.01716926234084637,-0.007000335966507731,-0.007437527113257292,0.01716926234084637,-0.013841111892498037,0.010693941405186692,15,0.020380814911835188,0.4212865976061997,0.40756231447513946,0.011922977581826144,0.37411420101127324,-0.03517049174270981
Australia,1956,0.013567299453258297,-0.008254517038818632,0.02543709794138167,-0.00804953355976712,0.899280575941751,-0.010033434492647597,"reconstructed, resident currency",-0.06538206549161318,-0.014571662253260675,-0.045325507348437655,-0.045322298191704524,-0.014571662253260675,-0.060576533351550665,-0.030167159608026333,15,0.06258360955777298,-0.0371288665640539,-0.03637343181142094,-0.012271588679896195,-0.07294819381556539,-0.07013646788762107
Australia,1957,0.13881586788564593,-0.09346252215521711,-0.0907739107509738,-0.09117420327196835,0.8924587245813981,-0.09299185486542438,"reconstructed, resident currency",0.01565552400128878,0.020445364852139436,-0.005279496089772628,-0.006195922513888119,0.020445364852139436,-0.03795180038207213,-0.012175710645364395,15,0.02474863893168977,-0.13875427474914992,-0.13469105848880836,-0.011143687996010843,-0.1643278815117596,-0.0318867669923355
Australia,1958,0.17357216293687627,0.3172334026464454,0.2952672676364437,0.31569234028793125,0.8940545381262892,0.31306095560735536,"reconstructed, resident currency",0.07882635238134017,0.02936788309027727,0.07666637821383082,0.07700494495287158,0.02936788309027727,0.08130044152037952,0.034161562492202334,15,0.013146045159908804,0.09121013610602047,0.09059495417112551,0.006882515564111014,0.08422089893892948,-0.005342279208695566
Australia,1959,0.4169188854394521,0.2216768020601192,0.23089825571290074,0.22385029677383228,0.8948545865299573,0.22140259618028457,"reconstructed, resident currency",0.05349945034250747,0.021104616787068986,0.04070477156620922,0.040816407246095476,0.021104616787068986,0.036381009235266104,0.016664006405761156,15,0.0184069134958178,0.20694957341583708,0.20317712880753724,0.010506777644549326,0.18482462781159525,-0.02649050172885392
Australia,1960,-0.09627463741899689,0.009111650629694434,0.02831686672068678,0.007585174695850627,0.8936550499500042,0.005570004346458823,"reconstructed, resident currency",-0.04970342575554487,0.005755763966494021,0.00771428274443009,0.00806407887633176,0.005755763966494021,0.00979798161365375,0.007932168011437316,15,0.037925945039750664,-0.0009050131742538436,-0.0012485119239162845,0.012803101551821738,-0.017520801413643317,-0.042357269170977485
Australia,1961,0.08865157042907357,0.17170495576991285,0.17599988140171627,0.17056196132722046,0.8924587245813981,0.16822083740456595,"reconstructed, resident currency",0.01566754040962781,0.024171396549841795,0.01787896784375076,0.018032536071309835,0.024171396549841795,0.015150605561108144,0.0214014971068779,15,0.025121383578097456,0.010309040557539673,0.009984858875833114,0.023604783271376606,-0.005784205106160956,-0.024953448634939646
Australia,1962,0.04490959910166703,-0.08176419656666767,-0.10443015799097918,-0.08024514936336846,0.8940545381262892,-0.08208465906464169,"reconstructed, resident currency",0.14422000710753524,0.04581211252631068,0.11376203379645977,0.11330158416992187,0.04581211252631068,0.10557919191228504,0.037780812126659805,15,-0.002784546787983011,-0.12557441392496183,-0.12411313211964647,0.01825126995188109,-0.13465585621663745,-0.00010436976777916662
Australia,1963,0.25931861396174316,0.16324153614647963,0.13697497271371603,0.16479079937833574,0.8960573484724516,0.162461217779579,"reconstructed, resident currency",0.04420640025298117,0.03272083755138966,0.032976304300496695,0.03326647202584376,0.03272083755138966,0.036945326882014795,0.03679257582487462,15,0.005305558566979229,0.08353931712194451,0.08316626961998863,0.01837742808505438,0.07861196499040268,-0.011384377848991045
Australia,1964,0.01991876510268642,0.06123927786034189,0.06162091645544688,0.060514011728439066,0.8976660690269841,0.05839298370498214,"reconstructed, resident currency",-0.0135402405005427,0.017183351796901114,0.007117791810381968,0.007226020254713861,0.017183351796901114,0.009665424584597737,0.020031967904975693,15,0.023610934010485085,0.25359156409098094,0.25392199949275174,0.027000180476569158,0.2550919990909599,-0.02323309107239413
Australia,1965,-0.11698509030273974,0.04803775331083515,0.0668242464914109,0.04538773318570111,0.8940545381262892,0.04329695771932962,"reconstructed, resident currency",0.01271198411754848,0.008541534695907682,0.008649268953849543,0.00820503891965818,0.008541534695907682,-0.0017764933127392135,-0.0017796557458158002,15,0.039620050696922426,0.11730153788900632,0.11658172691087465,0.03155536016230376,0.11210635943522163,-0.04132208063250853
Australia,1966,0.03616640342715982,-0.08578493373727647,-0.0935508426372943,-0.08390774388943223,0.8976660682226211,-0.08573992840165334,"reconstructed, resident currency",0.0012334047139914706,0.018880775159751062,0.003116851328283543,0.0031963966705113034,0.018880775159751062,0.004113085601007649,0.020008703213790238,15,0.029757380802723388,0.07021342486916815,0.06987392913963997,0.010884962315295343,0.06624514741765819,-0.04082707663177432
Australia,1967,0.3808958331260732,0.14116232501867443,0.17924575295082648,0.14484227060496324,0.8920606609206608,0.14255258606375332,"reconstructed, resident currency",0.00998505653660775,0.013141459775404485,0.01234019040822365,0.011552865131960077,0.013141459775404485,-0.026803401276876526,-0.026707087857154418,15,0.031938816626749134,0.07771875217448776,0.07723946194189724,0.01912916025527034,0.07304528230696983,-0.04333750238109402
Australia,1968,0.3131624807906397,0.18435937242926914,0.15665922055309034,0.18694645003850052,0.9009009009009008,0.18457255713842358,"reconstructed, resident currency",-0.004594879586564016,0.02101305951003929,0.025636636902309773,0.02592977474519853,0.02101305951003929,0.03438275117865763,0.03014200980650337,15,0.026529473469882214,-0.02954884204114583,-0.029522892790847854,0.011003722479790534,-0.014491646783152179,0.168471875271611
Australia,1969,0.06976934208877572,-0.08575927851611742,-0.0983282092156919,-0.082254577742227,0.8944543836265245,-0.0840900685867425,"reconstructed, resident currency",0.07890371312722011,0.018175557338513615,-0.03293411271378155,-0.032882526955408053,0.018175557338513615,-0.029898465804932384,0.021337746950067123,15,0.029193827303855002,0.18861239550744968,0.19148520290211746,0.01323387456286551,0.20310865192840932,-0.19819176259418614
Australia,1970,-0.1694416423130497,-0.03378637139364671,-0.05417486994965903,-0.03737260254744901,0.8968609873514449,-0.07532030763950137,"MSCI World, resident currency",-0.04255707447405499,0.014201892229549262,-0.006200586599322877,-0.005412564335963044,0.014201892229549262,0.010105875115063112,0.031011234975967205,15,0.03906004616824865,-0.04350986818094049,-0.04298748656042739,0.020938455464238448,-0.016190538298775148,0.023692714836861972
Australia,1971,-0.11468578320565881,0.06418837567394409,0.10145080207698964,0.059687765336977394,0.8396305632574564,0.08011575888207445,"MSCI World, resident currency",0.052353201839013375,-0.006150722543640241,0.03906649233186288,0.0389355333003405,-0.006150722543640241,0.04177826089406156,-0.0029435209144616243,15,0.060640370957328216,-0.12944898316754283,-0.1255937904125446,0.017643971771362565,-0.17994510565394894,0.035666363450404415
Australia,1972,0.28843361374766174,0.09657103444075954,0.19435019266315548,0.10037984354402418,0.7843137261053441,0.09864051504904747,"MSCI World, resident currency",0.02809007960839116,-0.014601768260481762,0.002527882014489835,0.00011832772647624168,-0.014601768260481762,-0.049089256130673276,-0.06597089209784324,15,0.058649827090341944,0.09454161027180374,0.08477352644353875,0.01154035341542925,0.02385757302081748,0.30559216068971873
Australia,1973,-0.3221632958892997,-0.2611881005199521,-0.15161023517741531,-0.2623478161716911,0.6720430112043301,-0.3636313659466327,"MSCI World, resident currency",-0.20035206673069805,-0.03885589098781983,-0.0999425904050596,-0.1007175732075839,-0.03885589098781983,-0.15378921114107214,-0.0954524107724029,15,0.0946589482246154,0.3333369159369832,0.2742083427498805,-0.005739170208360234,0.1472147673044002,0.3152306459851004
Australia,1974,-0.3588749445204459,-0.26346307650619905,-0.33806441628601536,-0.26522210531023727,0.7535795032054102,-0.266444720631441,"MSCI World, resident currency",-0.12581563121048023,-0.05248001630843602,-0.12987513079090773,-0.12816451270110152,-0.05248001630843602,0.033249883948996306,0.12305278573781202,15,0.15110148819813607,0.11940470622107324,0.1493511069100184,-0.018682411153460032,0.2536982064968618,0.596430949183457
Australia,1975,0.34350699497956594,0.2039255939252076,0.21198711445299578,0.20614764584927348,0.7954816647804325,0.2665914837942154,"MSCI World, resident currency",-0.07610447215033311,-0.0657151597627269,-0.04372141036172139,-0.04495044029026107,-0.0657151597627269,-0.05758337110617895,-0.0788528695532411,15,0.1507197279893664,-0.15936789943973517,-0.16056577534623917,-0.002214119066057396,-0.10115277135378686,-0.3000003580848125
Australia,1976,-0.08741702619576186,0.1551551320205271,0.06354970826830647,0.15088031939427338,0.9204712812960235,0.18997527022983918,"MSCI World, resident currency",-0.05357695255347683,-0.052960266367267916,-0.0627313200624745,-0.05294373026357557,-0.052960266367267916,0.06686370683124632,0.07455288383565316,15,0.13523923652833325,0.10024293162526754,0.13038933927467689,0.0049242743921680265,0.25871953656240043,-0.019571444857352405
Australia,1977,0.008012077674158569,-0.09739228313568582,-0.06691340180915745,-0.09583547726750474,0.8761170500053592,-0.11292452616715698,"MSCI World, resident currency",0.034050732665451555,-0.033617397841090635,-0.014193226933015723,-0.008860472576036726,-0.033617397841090635,-0.03690175915285743,-0.06505983050199023,15,0.12300241669392475,0.2345811972785139,0.2102250773080665,-0.011551278487003214,0.13951838618985368,0.03326286333613715
Australia,1978,0.15173999283497963,0.07311764393368181,0.028178716450708022,0.07434268937361077,0.8691873106207626,0.08000198352325305,"MSCI World, resident currency",0.056177251281561036,0.006699218860829026,0.008511079689029977,0.01218284535637526,0.006699218860829026,0.0850711579407959,0.08578637102023394,15,0.0792366276649652,0.275024588864208,0.2659740317172945,-0.010424790546951224,0.24003859074401768,0.23880032757109038
Australia,1979,0.27417725373276514,0.06645309566458235,0.05217148416810606,0.06995116908184573,0.9045680695654166,0.07315225025456384,"MSCI World, resident currency",-0.07634017811142013,-0.0019555881236529293,-0.08022779966125582,-0.07874257806838947,-0.0019555881236529293,-0.02688142360793333,0.056127993075004996,15,0.09090001538075776,0.24843131320709744,0.2564517600917624,-0.02032579690849734,0.27992675672285094,1.0809082934258814
Australia,1980,0.3829541430804504,0.07879483077829463,0.11768163634623843,0.085720563558072,0.846955196787461,0.08655365281958627,"MSCI World, resident currency",-0.13055321986143253,0.0049118667051923914,-0.04573639415770625,-0.05067569611536227,0.0049118667051923914,-0.14514878516955887,-0.09933286196483167,15,0.1012657285330909,0.08077076685188178,0.07036823007071003,0.000695567814542164,0.017498951530164675,-0.03462446406481712
Australia,1981,-0.18681216994349104,-0.06751151850579873,-0.05533173286069481,-0.07047042940122539,0.8866034230752756,-0.0741740009464733,"MSCI World, resident currency",-0.09142966917384432,0.032446188770159035,-0.027509394270559318,-0.034283600664444025,0.032446188770159035,-0.1324521052852783,-0.07757970191164176,15,0.09691754380607986,0.06467366719409506,0.07944202576814474,0.06875376114405274,0.15107416570731091,-0.35623228557691333
Australia,1982,-0.23793590440509993,0.13969180052374197,0.08278021803860505,0.1308012599674928,1.0197838068731224,0.16989413257352282,"MSCI World, resident currency",0.07368455994317435,0.03146319146623888,0.11587713033671165,0.11140906010066387,0.03146319146623888,0.07559805328233438,-0.0080229363727792,15,0.11145507019303702,0.15327101792429976,0.1925723841506961,0.08419578734237465,0.3302615734248038,0.21001317419311394
Australia,1983,0.48664707512684413,0.20885355675986195,0.20517505959825527,0.21353992254052168,1.1086474501108647,0.22285118467491327,"MSCI World, resident currency",0.05100302592911343,0.008602690068387764,0.021919592872366334,0.015279366234175251,0.008602690068387764,-0.03141442041011788,-0.04350529834698326,15,0.10113560353860218,0.05350104824732682,0.06298549741742221,0.04999397713684739,0.12904309442050077,-0.17315986771336478
Australia,1984,-0.03319077007067894,0.1186289133877767,0.08713206551684317,0.11587950342469422,1.2080212611741967,0.08609634569719771,"MSCI World, resident currency",0.09540132802740797,0.06767484669177559,0.11028042332797283,0.10420443200749974,0.06767484669177559,0.05540125980162203,0.014839964120710617,15,0.03950186735568528,0.11550276720315056,0.1285694675176472,0.06256920408590982,0.21213469820205,-0.1573203556476236
Australia,1985,0.3312841566252489,0.6624531610952427,0.2572353400016555,0.6567393863516271,1.4686444411807902,0.6083329063576097,"MSCI World, resident currency",-0.010366210280061683,0.08132878611839556,0.13042072216517564,0.18546317444807658,0.08132878611839556,0.5392609699889281,0.470612850701938,15,0.06739043422146018,0.32663703459935634,0.37015717337478327,0.041566294338919674,0.5054282033209319,0.1983535776574341
Australia,1986,0.3851642037484011,0.3108180460011707,0.2524133442754471,0.3121665002017988,1.5042117930204575,0.33687136857873456,"MSCI World, resident currency",0.11963259737641674,0.05777288020452831,0.13368874814232856,0.14935215585601114,0.05777288020452831,0.25604656275390325,0.17306833431647334,15,0.09084538389003094,0.2613764703779391,0.2483709997147252,0.05503815580608573,0.20194515375093625,0.11862947451956907
Australia,1987,-0.1667338410060818,0.08292981572992497,0.08265022017473554,0.07601631482976967,1.3840830449826989,-0.018034316926869742,"MSCI World, resident currency",0.0693231024694565,0.03972382640046224,0.03081897238420539,0.036124889203760224,0.03972382640046224,0.08696025099724691,0.0953692567223916,15,0.08488745091606797,0.23748995535853878,0.20252668258641449,0.0219249880214456,0.06708763785487148,0.0429496175263373
Australia,1988,0.1293294906884077,-0.0988403392690953,0.14200641651182253,-0.09177060366945122,1.168907071887785,-0.022387453686813164,"MSCI World, resident currency",0.0433881257058768,0.045787696928881294,0.0573828171654307,0.0365210856527336,0.045787696928881294,-0.18518402031141445,-0.19380618858839507,15,0.07231770741505783,0.10321766847335767,0.07898230559512287,0.030389429819428715,-0.11299696252367986,-0.3403258579086086
Australia,1989,0.0961382723715336,0.20474531298886833,0.21886484756180336,0.20275943490136172,1.2615112905260504,0.16422372192901724,"MSCI World, resident currency",0.05497963366487557,0.08591137426817896,0.03795944999443712,0.03962415647676232,0.08591137426817896,0.05381807202799771,0.1023623686971493,15,0.0755942201288442,0.0921529350207928,0.09272019557038247,0.04313487985098852,0.09869152420689753,-0.03150316914008211
Australia,1990,-0.21042032953293321,-0.08090301789210108,-0.13188705545857224,-0.08288700327349785,1.29315918789603,-0.22334363068658192,"MSCI World, resident currency",0.10062794326838254,0.06412250859766888,0.036762133666925045,0.04561345568494324,0.06412250859766888,0.1497433954088121,0.18057117024249295,15,0.07272265806943823,-0.018517873170227683,-0.01800381187500999,0.019629465469601426,-0.057002279385157006,-0.08932661934192387
Australia,1991,0.23519342737640514,0.08882763077678724,0.04841445441096938,0.09098924313501566,1.3161358252171624,0.1921668238587897,"MSCI World, resident currency",0.2580592255709835,0.06522918996725569,0.13548608224163328,0.13745820739917725,0.06522918996725569,0.143427867462266,0.07216522704859542,15,0.032227000000000006,0.026635654279020482,0.026286020366143248,0.0295655869605842,0.013959653973719455,-0.09625874564790748
Australia,1992,-0.0315482230276829,0.09133225821870572,0.007577740567428264,0.08925471385380912,1.4522218995062446,0.04003082024343185,"MSCI World, resident currency",0.12103804626918602,0.052275340627038425,0.09225455776296165,0.09330759611042527,0.052275340627038425,0.10336515323341278,0.06321906271996791,15,0.009859265452269561,-0.05669853372225242,-0.0621732238017062,0.008383806062487231,0.012244548864202676,0.021070089190815322
Australia,1993,0.3795486053974242,0.17893422096233635,0.1474034926065383,0.18253221615642734,1.476886722788362,0.22874859476524811,"MSCI World, resident currency",0.2305472042743566,0.031317675680807344,0.209636313398617,0.19757641544601534,0.031317675680807344,0.1624432897115713,-0.007267672872987884,15,0.01813116603543352,0.12863390404831865,0.1282850027878102,0.004321478172269577,0.12553347783644475,0.167455053811572
Australia,1994,-0.10506036315003286,-0.1052887193958798,-0.01885382280418667,-0.10528345849671517,1.2873326799004294,-0.10909623386379863,"MSCI World, resident currency",-0.14073391566101467,0.03728579461505932,-0.10317127587518726,-0.10028464397434134,0.03728579461505932,-0.1350492404067205,0.0007890940584207288,15,0.018949330257871377,0.05128841155310959,0.04382757021824335,0.016542435122898214,-0.10026340314704218,-0.1706027942236501
Australia,1995,0.15371860732582254,0.2161303411479727,0.1865112005300844,0.21477016878386213,1.342281879194631,0.19868798522418207,"MSCI World, resident currency",0.1796716148323838,0.028723982293977324,0.1813448263154953,0.1989445454243013,0.028723982293977324,0.27856310895868663,0.11342309609875013,15,0.046381823814169554,0.2100205311255703,0.2160190844991443,0.033488873052366586,0.2405119057293632,0.000993944675942826
Australia,1996,0.11431456088493785,0.09231084550550794,0.19621373702727277,0.09276467077336337,1.2554926390529346,0.02724990527342186,"MSCI World, resident currency",0.12106247668092873,0.04291922292782702,0.14229330835029708,0.12618745282117727,0.04291922292782702,0.002415057260191089,-0.0850533187254674,15,0.026123811720498713,0.20497979842473857,0.18727824518676806,0.020154971252071885,0.10301231848995451,-0.1397544681708981
Australia,1997,0.11169367193373847,0.4786631617033037,0.2357170804519421,0.4710206740618763,1.5320974179240476,0.4159424773086988,"MSCI World, resident currency",0.17149304314579128,0.05054164021338581,0.14442153053650109,0.15374483412172113,0.05054164021338581,0.22033707526240032,0.12022344713930931,15,0.0022471910112360494,0.13828989404577308,0.17217514491142571,0.038183713171633826,0.39926274530768224,-0.04255609608940658
Australia,1998,0.07554603728288733,0.29562892394922047,0.18905247198769845,0.29129848607093467,1.628929766591794,0.30753217980159686,"MSCI World, resident currency",0.1260205623440147,0.039434292490679645,0.1533861334100819,0.167451540044258,0.039434292490679645,0.2601646518210654,0.13548569014166034,15,0.008594917787742684,0.15231303112372663,0.16342352731003507,0.0384762766424287,0.23001671099822896,0.03865288709952375
Australia,1999,0.17639088448290852,0.12854510410916098,0.22721055995902956,0.12948404007433645,1.5295197308045272,0.15059193770921775,"MSCI World, resident currency",-0.08187711062464442,0.03304003140010181,-0.05000680549647152,-0.04154260517059216,0.03304003140010181,-0.19012893818778143,-0.12027926595250854,15,0.014079288625416853,0.039064885134509675,0.03584143759363356,0.025016298269186832,-0.025037224959060467,-0.07487186198426177
Australia,2000,0.005409901383801596,0.054323869763676536,-0.051561274362281966,0.05339276356099121,1.8050541516245486,-0.01944795761153284,"MSCI World, resident currency",0.12285555737570641,0.01453844905446866,0.06142484645613511,0.0685001749593821,0.01453844905446866,0.13899973299071955,0.08844920266104574,15,0.04457435147972233,-0.04059968402137337,-0.03946182252150965,0.02935847551351123,0.13706727732963975,0.06357155545541437
Australia,2001,0.05485725959191967,-0.1385843982895042,-0.1683863640188204,-0.1348466206617126,1.9584802193497843,-0.1250656979089908,"MSCI World, resident currency",-0.025230958129293324,0.0037646341713228892,0.011216702157349268,0.012035071199677727,0.0037646341713228892,0.028682400460010138,0.021426559767275175,15,0.044071353620146914,0.06224320857901677,0.07224990552972721,0.024736810195639336,0.1590300797162767,0.05553379018399984
Australia,2002,-0.10815273934759706,-0.2785866612739484,-0.2329301037600344,-0.274631107026022,1.7661603673613564,-0.30510190548924676,"MSCI World, resident currency",0.09436796646279366,0.014578144558946349,0.09547506722234944,0.09958242521115435,0.014578144558946349,0.13860840134440022,0.055344386396754236,15,0.03048576214405374,0.04174722270354736,0.03698118802838768,-0.00596150761007852,-0.0927197410143159,0.08483844917108252
Australia,2003,0.12784259183497393,-0.06692457542581665,0.1755189759683448,-0.06173192411167916,1.3333333333333333,-0.019573373048997644,"MSCI World, resident currency",-0.004371905324485392,0.02023100040004233,0.03688198417963573,0.031307281163362566,0.02023100040004233,-0.10487894349618132,-0.11879429293314878,15,0.02730819245773719,0.3129840000002395,0.2301814975047085,-0.006956332666097742,-0.03951708096106099,-0.12048301691743679
Australia,2004,0.24649080584354444,0.10473153278164649,0.12116700737027898,0.10825162382715758,1.2836970474967908,0.07252069076471335,"MSCI World, resident currency",0.057594870905413265,0.028416819672342886,0.09543413969249692,0.0958747876829007,0.028416819672342886,0.0961380783014445,0.028829828499088973,15,0.023417721518987245,0.20284874980045342,0.18871296367393664,-0.017486342515833142,0.11027091186538529,-0.025541672255108616
Australia,2005,0.17951218762311583,0.11073154304364463,0.10321873074147644,0.11263434639595227,1.362954886193267,0.13290976401286958,"MSCI World, resident currency",0.03602658770080769,0.02725769574248993,0.07459214190377939,0.06799542978521167,0.02725769574248993,-0.02366503365066619,-0.06618844082357117,15,0.026592455163883866,0.05345533215940734,0.05583195961979692,-0.0006986459582450921,0.09577560938010876,0.21370991638544812
Australia,2006,0.20676440163501963,0.09766203121294992,0.15514633015238496,0.10056335945963135,1.2637432073802604,0.08258335461464061,"MSCI World, resident currency",-0.02539672689764849,0.02173531043314525,-0.013997846835089534,-0.014041265587791618,0.02173531043314525,-0.02234578026595191,0.013413795241876565,15,0.03554216867469884,0.17501822462277383,0.15977245796907535,0.024767261591463807,0.08942042448222409,0.10636305535564072
Australia,2007,0.1523833129259633,-0.04223344573546062,0.03545930256704168,-0.0366302069565666,1.134301270417423,-0.05549568300806318,"MSCI World, resident currency",0.004141600140372903,0.03938708795458479,0.01162691600600807,0.010460710491099645,0.03938708795458479,-0.028863826833977257,-0.0013534258930122981,15,0.023560209424083656,0.1791471383858263,0.15712815054786433,0.011644528236934182,0.03495068278648339,0.13812944488253298
Australia,2008,-0.42868751659989357,-0.2401390117846861,-0.3954354744244607,-0.2457651638968824,1.443418013856813,-0.24909212089070365,"MSCI World, resident currency",0.2224078600605328,0.022270135891934162,0.12366899001960086,0.1398466382300143,0.022270135891934162,0.288713017704721,0.17486292138773057,15,0.04347826086956519,0.30950887459597753,0.4080716394207944,0.03138761247384991,0.6730706206307495,0.3160247986692273
Australia,2009,0.3715030466262943,-0.04599690723826089,0.2330466145428522,-0.03250423951649273,1.11495149960977,-0.04372034680996306,"MSCI World, resident currency",-0.09166289426950591,0.014817921377485055,0.015527352275019224,0.012227449299467619,0.014817921377485055,-0.18268705104228344,-0.18163414828900565,15,0.017701525054466316,-0.04618779467932377,-0.023241657846262864,-0.019834602641820354,-0.30320574615481544,-0.08383889422118751
Australia,2010,0.004306600610342937,-0.04600158018767242,0.09515003295272512,-0.04420913256445658,0.983961428711995,-0.039111200406221736,"MSCI World, resident currency",0.043916401432964935,0.014415083335795886,0.043212592569427555,0.03817078261865703,0.014415083335795886,-0.12086037015615636,-0.14591947960289844,15,0.028632592989028538,-0.022644772933138824,-0.017766081911915754,-0.011732246102603261,-0.16961502431391373,0.1066983433794908
Australia,2011,-0.14306604861463013,-0.053603430198634006,-0.04761265116812699,-0.05651661131497521,0.984639621898385,-0.084690802902883,"MSCI World, resident currency",0.15750374685688806,0.012934233109086257,0.07876368414524548,0.07552977268110861,0.012934233109086257,0.026330171843647054,-0.03685279075961239,15,0.03355879292403752,0.06279235512654457,0.06062665259861033,-0.025979726392153846,0.020653133556531644,0.05135121732747483
Australia,2012,0.16869944618775135,0.10112835333495851,0.12603710534235754,0.10308523205549358,0.961076405574243,0.12604068732468776,"MSCI World, resident currency",0.06117320779784796,0.019769447108749283,0.15452219535770317,0.14976471413632142,0.019769447108749283,0.11462526571293119,-0.015444346148812967,15,0.01686383085829335,-0.08333058521086523,-0.07828896609977909,-0.014131120381582707,-0.13133959991927668,0.038682564071750525
Australia,2013,0.16765477360734615,0.49156229236081717,0.2991159665406942,0.48244362800444374,1.12803158488438,0.4469528283167139,"MSCI World, resident currency",-0.07205687193334964,0.0025591783513481126,-0.011732301971355552,-0.011826104356778888,0.0025591783513481126,0.13909543330568375,0.154140371108439,15,0.024752475247524774,0.10734500205204078,0.12268026483635608,-0.01307117198017016,0.26703885931681604,-0.17125142464625387
Australia,2014,0.03046236722614859,0.13691460570306413,0.10522490651141393,0.13422982700711472,1.21921482565228,0.10921009783170121,"MSCI World, resident currency",0.15566206510803648,0.00011784151361537987,0.18296648140462923,0.17232932033459014,0.00011784151361537987,0.11326813296803784,-0.059170801300871344,15,0.024879227053140163,0.09018130844006667,0.09677303683229788,-0.006284064445272408,0.16168663805649985,0.06255589081264712
Australia,2015,0.010599755427700197,0.13032683348614604,0.0411410050126184,0.1274187435137928,1.36873802354229,0.09137500648127661,"MSCI World, resident currency",0.007413149324253965,0.006152331431972025,0.019950943487615724,0.019976311496225696,0.006152331431972025,0.030928167609990398,0.01703534902164261,15,0.014847984916332768,0.16093616155213009,0.17536922131200283,-0.00531491867575451,0.27179409389409304,-0.036083554735771295
Australia,2016,0.105183627973235,0.023521981486457566,0.03526871246823903,0.025607219202175457,1.38197899391929,0.05932846895196975,"MSCI World, resident currency",0.0014016484387682215,0.007004655354276634,0.04705116447277735,0.045208794551572895,0.007004655354276634,0.00357967212992949,-0.034560187458473404,15,0.012772875058058464,-0.13721606188131896,-0.13553216912728594,-0.014283553872012966,-0.14718034691302662,0.06541400958106824
Australia,2017,0.10123093459728394,0.11535210346161451,0.1637400619492923,0.11498177561762457,1.28205128205128,0.11588458946507951,"MSCI World, resident currency",0.01585823002190967,-0.0024996852517983337,0.02287131031173595,0.023243836556242403,-0.0024996852517983337,0.026371163058486635,0.000546143563485657,15,0.019949552854849673,0.022431569336739177,0.019618994491545694,-0.00991627081888169,-0.05711429168097182,0.020826057686523347
Australia,2018,-0.05556030175104276,0.07484200387953854,-0.014519452920503478,0.0710990590186058,1.4168319637291,-0.006774669998208971,"MSCI World, resident currency",0.010923315472260109,0.00014565152183521057,0.011031425286741836,0.01137580443026498,0.00014565152183521057,0.04984837690881316,0.03873671769639416,14,0.019334532374100544,-0.02790907570902612,-0.02819176081313335,0.0017853235335945072,0.08136975517302436,0.07435856836360455
Australia,2019,0.21901095169116047,0.14286639842124793,0.1377793549120834,0.1450679751929127,1.42734798743934,0.2616870176684962,"MSCI World, resident currency",0.08370897163203161,-0.002183272964169536,0.07083148261244832,0.06972086916767539,-0.002183272964169536,0.056228789947410096,-0.015594662059384938,14,0.01565946184384659,-0.12339875754631968,-0.12464707316764445,-5.033643403207222e-06,-0.11282235133056517,0.16421367046175162
Australia,2020,0.039941022930297,-0.0006331134458016363,0.062071766170145246,0.0005429135510184313,1.29836406128278,0.04057544177268935,"MSCI World, resident currency",0.0009120041211834184,-0.00628044877313827,0.0321731498588651,0.030805794815371712,-0.00628044877313827,0.007660587402476882,-0.029464887788273372,15,0.008903365906623328,-0.07708507644968177,-0.0716424517369032,-0.00489791713896115,-0.15633423071046781,0.11824334884930376
Australia,2021,0.06443207337374468,0.103147279198059,0.18071776943278461,0.10198166871291714,1.1915045254910985,0.06347478362494852,"MSCI World, resident currency",-0.07235739489169457,-0.027147507727853126,-0.059320113019161735,-0.0577859115898971,-0.027147507727853126,-0.10419220205670066,-0.07342033197920207,15,0.0281963,0.06434576804657399,0.05714936694362449,-0.0646718177027612,-0.04391670211050225,-0.16931533175673774
Australia,2022,0.05243415424705522,-0.13274688896301312,-0.1435012701388439,-0.1272483660455127,1.2902006398127905,-0.15634453662970538,"MSCI World, resident currency",-0.13684785222711338,-0.04669475776539189,-0.17895259120903872,-0.1749104450831761,-0.04669475776539189,-0.20875468789796126,-0.08069253159909469,15,0.0661503,0.16472755658162064,0.18914299558678227,-0.04319532740699539,0.2821803532394609,0.031164962397638885
Australia,2023,0.013742567416848095,0.20030796260175032,0.16302385436076067,0.19472074393596972,1.347286465182621,0.23214460215100563,"MSCI World, resident currency",-0.039589383956222024,-0.01567677459288974,-0.021249164102372542,-0.019250564852973273,-0.01567677459288974,0.021138235344152267,0.026265078638570038,15,0.056351860000000004,-0.05110168311104224,-0.04986903995924774,0.017003513512843016,0.009176532256045533,0.1371207566113013
Australia,2024,0.11626913711249154,0.16465921318818877,0.17039847664844865,0.16320963432767832,1.3550269160802253,0.15460438689708456,"MSCI World, resident currency",-0.007468989799481296,0.011738453460389708,-0.005224596552734551,-0.005148574005251372,0.011738453460389708,-0.010203362223977774,0.006776484622164558,15,0.03173898,-0.0025454689372693684,-0.002077425681839995,0.02171369326854866,0.010650984699960508,0.21948486687745894
Australia,2025,0.049992297663302265,0.2260284222036979,0.18115616824229583,0.22060093659558366,1.387434688836703,0.20917885990215512,"MSCI World, resident currency",0.007820991380936393,0.017161451190171206,0.00836094818099653,0.009332188462224389,0.017161451190171206,0.05449939695460726,0.06356210414854832,15,0.022576109999999996,0.10554467152461355,0.10850579263257432,0.015139307087717269,0.1313131334449147,0.6654408924878117
Belgium,1927,0.28675006136639425,0.16482668281328672,0.2585756300252981,0.1700246438323143,35.930499999999995,0.16768459454464968,"reconstructed, resident currency",-0.11253889382795534,-0.18498252846926233,-0.1655417807758207,-0.1538491720715447,-0.18498252846926233,0.02563851352389457,0.0036316819308197523,15,0.27184466019417486,-0.013998204640291778,0.022827983451643163,0.06069651650102048,0.1636693237609952,-0.07881936784475518
Belgium,1928,0.2072002963321964,0.25960394129753417,0.3309040720507439,0.25710494376917614,35.8985,0.2545907338816378,"reconstructed, resident currency",0.12086305469274516,-0.0063060656916805735,0.024315441535295523,0.02374830441496023,-0.0063060656916805735,0.02354016613611387,-0.006523119550344414,15,0.04325699745547085,0.243862751266813,0.24243640500445696,0.05045226040342521,0.23755566043727017,-0.05317238366280297
Belgium,1929,-0.3461149372373309,-0.11846659441272478,-0.06226358246566818,-0.12783230642319054,35.939,-0.12957664181034412,"reconstructed, resident currency",0.019953244583947205,-0.0254735484293529,-0.013377654059468003,-0.01274613088239962,-0.0254735484293529,-0.01345570992628553,-0.025874403373775053,15,0.06707317073170738,0.11208875454516498,0.1119452453886387,0.03785806464463959,0.11116682789442267,-0.0671152976753262
Belgium,1930,-0.2878472036095997,-0.20395755405840765,-0.18182658779084807,-0.20630992446343888,35.836,-0.20789730461451195,"reconstructed, resident currency",0.27737518203885925,0.03598398218268106,0.07962241138319137,0.08043625578349012,0.03598398218268106,0.06363277782117471,0.018741499395083707,15,-0.0011428571428571122,0.10493266822524805,0.11112685896537422,0.10740235214556271,0.15148619424480536,0.03322457490715047
Belgium,1931,-0.2484569946924846,-0.29700332179395583,-0.29308260832502814,-0.29561565824244573,35.8975,-0.29702442692596087,"reconstructed, resident currency",0.005405973465669733,0.12042857147753239,0.060640836656680186,0.06194992577330871,0.12042857147753239,-0.006254535775291892,0.0496916614162193,15,-0.08695652173913038,0.325558896041656,0.33215555418128107,0.15094084355712933,0.3597159442742772,0.10030294672865536
Belgium,1932,0.13790089633936686,0.04507927715209137,0.10476795136617359,0.04811575336998786,35.936,0.04601952186324798,"reconstructed, resident currency",0.1125652562749262,0.1354874992898356,0.2671375468322579,0.2447902917386131,0.1354874992898356,0.13809450694941994,0.024761008201536896,15,-0.09774436090225569,0.12450638054079,0.12535193576020642,0.16025907588768828,0.14907253796109887,0.10961191765541023
Belgium,1933,-0.07760761646514247,0.19820900162195976,0.4063692126725475,0.1884683795191986,27.933500000000002,0.1860914427601601,"reconstructed, resident currency",0.07687277743156917,0.04680851101875305,0.08974430404298595,0.09459838579279434,0.04680851101875305,0.10761417814692309,0.06070012513690045,15,-0.02083333333333326,-0.09306356809820615,-0.05065755584720255,0.030170519994877854,-0.32767307215358854,-0.2530001953326465
Belgium,1934,-0.14076467254408853,-0.07447932278714664,0.021240467220793643,-0.07620372915049645,21.4715,-0.07805132169219542,"reconstructed, resident currency",0.22173557511052566,0.08322297248083199,0.21513474101088548,0.19972850491414773,0.08322297248083199,0.09063040757303376,-0.029159105543913433,15,-0.05531914893617018,0.04452062743551077,0.0439150722913042,0.008767156750223437,-0.18416288779703371,0.3842670936963708
Belgium,1935,0.5520161075446441,0.6240195778094386,0.26301470718417486,0.6223910485960411,27.1385,0.619146266498849,"reconstructed, resident currency",0.14387554656003276,0.036824732888063316,0.03299410157616034,0.03823623340067872,0.036824732888063316,0.28406860152865887,0.2904334368014792,15,-0.016516516516516533,0.06060250840196946,0.07235911107376247,-0.0020322077192309607,0.3413310532901912,0.2706627703684972
Belgium,1936,0.21124340822226806,0.3324340200861462,0.2635734272648168,0.32906325905419775,29.5565,0.32640513253608927,"reconstructed, resident currency",0.07080353878057788,-0.02639270001464955,0.00549286462565135,0.009663335163468734,-0.02639270001464955,0.0785169662983094,0.04440102773232091,14,0.04580152671755733,0.24061666115159008,0.2695030484400749,0.012372876775614161,0.3630331417220003,0.04157258929467278
Belgium,1937,-0.12245804073960609,-0.28149148204257857,-0.23717541337820724,-0.2774866631825378,29.6275,-0.27893168985617267,"reconstructed, resident currency",-0.026024551314561717,-0.053115645550242174,-0.0525645171718897,-0.05278307649605252,-0.053115645550242174,-0.10788367008387423,-0.1101156367953735,14,0.07299270072992714,-0.11583865724477616,-0.11626918990734181,-0.011132956950033579,-0.10635421494754582,-0.06485811659970342
Belgium,1938,-0.11818101757381039,0.0038432766825762243,0.05704616935383092,0.0005622136818499435,29.596,-0.0014389107455137218,"reconstructed, resident currency",-0.15008792176392338,-0.01871222002816042,0.00894528014426732,0.004154438281537054,-0.01871222002816042,-0.020912067236779297,-0.04431806950433935,14,0.035374149659864074,0.06052687377121502,0.061411802977307195,0.047570894586841384,0.0695621504760402,-0.03207758278508921
Belgium,1939,-0.2092242505256232,-0.0028636230204045487,0.028474690867291735,-0.007592340880494874,29.6705,-0.009577156198733894,"reconstructed, resident currency",-0.08848854291748698,0.004124676075751843,-0.06139083713390148,-0.06019913371044028,0.004124676075751843,-0.08845024216947461,-0.024699261787420317,14,0.01182654402102501,-0.1200390663896913,-0.11937903442487263,0.022205827566040615,-0.1250251499132824,-0.023157926712293664
Belgium,1940,0.523866713025579,-0.3831115689953539,-0.09921096689692728,-0.3628730936962824,29.62,-0.3641473475088899,"reconstructed, resident currency",-0.11106518005865795,-0.3143188192064401,-0.26266994675646493,-0.26669066332645475,-0.3143188192064401,-0.2983859159210033,-0.34673577927689614,14,0.48173820314582816,-0.3205247515276144,-0.3205368839448979,0.0059249679692383594,-0.32357609803630705,-0.3310154902077824
Belgium,1941,-0.09085560826837669,-0.43674944978203845,-0.05112160704131314,-0.42172982086336286,31.124944419742107,-0.42288636122163614,"reconstructed, resident currency",-0.42933391208729355,-0.4754595517872533,-0.44428849400274373,-0.44108653828011746,-0.4754595517872533,-0.40152945431608045,-0.4348288545512298,14,0.9354084202950699,-0.4885765236848403,-0.4887050294256913,-0.07583315048804296,-0.48632046208253965,-0.48275980276865704
Belgium,1942,-0.2830242726431037,-0.2584479929486351,0.06947238116371857,-0.26047839490950675,31.11111111111111,-0.26195743811968775,"reconstructed, resident currency",-0.30144939510432067,-0.32800229153943783,-0.30970533608918116,-0.3111090429880754,-0.32800229153943783,-0.34502934235295823,-0.3637273322947163,15,0.5089337175792508,-0.3212888648617339,-0.3208770509448705,-0.07087970183543024,-0.3107192112137235,-0.3293779615338198
Belgium,1943,-0.19329704062097008,0.06552396430831853,0.13300111024389327,0.04575184553775702,31.11111111111111,0.04366034184668144,"reconstructed, resident currency",-0.06291178915666162,-0.10372584895334003,-0.10461741036732786,-0.1024590294864226,-0.10372584895334003,-0.1044499935716644,-0.10594446547338521,15,0.13135026737967914,0.09167679383387695,0.0977152832218684,-0.019568422192413393,0.120293748679549,-0.09487327469094164
Belgium,1944,0.19362291341063642,0.6961980255072153,0.09497322981390537,0.6675528619298352,43.821,0.6642177562059755,"reconstructed, resident currency",0.12497751903056709,0.05459521518990962,0.09719369271071976,0.10519909648913295,0.05459521518990962,0.4537857941559824,0.40999848523318266,14,-0.03972634688641852,0.13367815707739883,0.16762858436459727,-0.011389603351630306,0.5858695824310853,0.45510607345021503
Belgium,1945,0.2834751352329288,0.5889520602987983,0.16559547553539386,0.5774231968891688,43.821,0.5742683504953905,"reconstructed, resident currency",0.281594882264399,0.32352194182666216,0.38931996453392026,0.3816939484976094,0.32352194182666216,0.24470371230166532,0.18289934296494265,13,-0.2349956822107081,0.5720255375983494,0.5711734371548984,-0.013237632217602213,0.5668844862722977,0.3021401226244236
Belgium,1946,0.025287789354721646,0.30171219816480965,-0.05748230025062174,0.29486112192399094,57.0,0.29227139968014293,"reconstructed, resident currency",0.06873919824984931,0.14465787861439772,0.1497055441951025,0.15383424131530443,0.14465787861439772,0.08243474209280688,0.07208644435302794,12,-0.11528150134048254,0.73691274930068,0.8311949946709061,-0.1458067950930625,1.0644671813348858,0.34281550882975464
Belgium,1947,-0.3218708499584948,-0.19745473853315954,-0.10447078450147977,-0.2004402453611307,48.75,-0.2020393648704084,"reconstructed, resident currency",-0.04446657216766403,-0.003889333978056353,-0.05520081531016496,-0.05230222333523038,-0.003889333978056353,-0.20795697841643213,-0.16257684960719457,12,0.01795918367346938,0.06342561974658278,0.050305782629762374,-0.07460156340503099,-0.05077768074588529,-0.12267854368877351
Belgium,1948,-0.12079806711816299,-0.017827219683442697,-0.1005122369189187,-0.019562583523540122,53.75,-0.021523458356493053,"reconstructed, resident currency",-0.08777943142617528,-0.11638155098611425,-0.1299027803766386,-0.1258978839026449,-0.11638155098611425,-0.08380018170198777,-0.07403757892613426,12,0.1475541299117884,-0.15514886991393617,-0.15355704042432183,-0.016410018909050028,-0.027109811241371018,0.003352985060524505
Belgium,1949,0.254829050962291,-0.009653508352672535,0.07116275163863357,4.137846299623327e-05,50.4,-0.001958704293929747,"reconstructed, resident currency",0.1393247022201991,0.0484349715450747,0.059287740951504464,0.06992026778647675,0.0484349715450747,0.013261431604881357,-0.008455269702153805,13,-0.0328441649196366,0.2231217983502194,0.21220077881624033,0.031435476496074255,0.1551683932731973,-0.025242715844357777
Belgium,1950,0.16935526282029656,0.2760425340790005,0.1900977575337733,0.27161140617194524,51.7,0.26906818335960137,"reconstructed, resident currency",0.04752845445283982,0.02286880510063627,0.01457888779540717,0.01698160603168164,0.02286880510063627,0.05748723456305971,0.06406955003867174,14,-0.00867052023121384,0.14372421515617284,0.14174771571689715,-0.044909057796571394,0.11682376230396163,-0.015808622766891434
Belgium,1951,0.2988527757809265,0.15734323412375129,0.1272761249402763,0.16251658280575354,54.0,0.16019154964014204,"reconstructed, resident currency",-0.04773390914789244,-0.07283705392010176,-0.08602633170594964,-0.08122254143853203,-0.07283705392010176,-0.02861881514138087,-0.018120105082142686,15,0.09365889212827994,-0.09483734270146471,-0.09447331653649826,-0.044855439335450886,-0.03872435438140376,-0.030037726003497744
Belgium,1952,-0.016290344466993623,0.08587095366519115,0.08968360606095348,0.08220847902568384,51.1,0.08004406206763237,"reconstructed, resident currency",0.052314609451512784,0.00462660987019925,0.03077821572050632,0.03150104931150244,0.00462660987019925,0.04710043956648158,0.020893498615063,15,0.009330223258913639,-0.03795699297826671,-0.037237242323670094,0.003226921042449371,-0.07871876059666794,-0.0530859710756062
Belgium,1953,0.09795016529357548,0.07442356841146847,0.06409056670482806,0.07520295709703517,50.45,0.07305255118284104,"reconstructed, resident currency",0.06885168584925583,0.017358728489212716,0.040015544841758954,0.04054083408014986,0.017358728489212716,0.05731400187382296,0.03475011790368813,15,-0.003301419610432621,-0.057224363349488994,-0.05647891611414979,0.006703548557218442,-0.06889956261384789,-0.012295268936015846
Belgium,1954,0.40416595103929365,0.44840072847275514,0.4660905136676091,0.44683496880142126,49.999999999,0.4439412988638185,"reconstructed, resident currency",0.05408400345162434,0.0010680187392451135,0.02816878937531908,0.028897327431712583,0.0010680187392451135,0.04242573593074561,0.015266200912010867,15,0.012918184829413759,0.4781600469085927,0.47772925954109025,0.018564239040369523,0.47688362658191186,-0.01775629610564511
Belgium,1955,0.29012039379191323,0.26917255190340317,0.252270570781965,0.2697936889532939,49.959999999,0.2672541015753873,"reconstructed, resident currency",0.04535156871598289,0.01899835731891697,-0.00521470326411011,-0.0054620889330959654,0.01899835731891697,0.016314993856552107,0.04160031333418655,15,-0.004905166775670322,0.42384238480340386,0.4215996379339104,0.011922977581826144,0.41613373118707453,-0.00566662473741697
Belgium,1956,-0.05160975767631093,0.02674663905105379,0.027587182799356777,0.024509058057802013,50.224999999,0.022460039941686327,"reconstructed, resident currency",-0.017404239481275008,-0.013869606482907249,-0.044645361760268565,-0.04456878152907151,-0.013869606482907249,-0.029742024934682143,0.0016654695966821231,15,0.028261583963194115,-0.03644288138436935,-0.03631471918576856,-0.012271588679896195,-0.042519757933875524,-0.03961574328857509
Belgium,1957,-0.20351131637078668,-0.09113322830318993,-0.0853912695362459,-0.09410233148143621,50.017499999,-0.09591412681847333,"reconstructed, resident currency",-0.10913501824615823,-0.014965984722786208,-0.03979814520766545,-0.04024510333860887,-0.014965984722786208,-0.04105140481926006,-0.015358362566194916,15,0.03163950143815897,-0.16864110112636355,-0.16889861643277704,-0.011143687996010843,-0.16702031730398825,-0.03500591224298144
Belgium,1958,0.14593569335587553,0.3129788921676393,0.29764531742459427,0.3089231157996324,49.842499999,0.30630526956803306,"reconstructed, resident currency",0.19001496111581107,0.00828110180590147,0.05461067897686034,0.05628430011368901,0.00828110180590147,0.07573716110609485,0.028840811158993476,15,0.013011152416356753,0.06885650544262467,0.06971786184120465,0.006882515564111014,0.07864259279920005,-0.010459783654744648
Belgium,1959,-0.03900310948063401,0.23815932472636758,0.23857729398757446,0.23255956971543545,49.937499999,0.23009445057600453,"reconstructed, resident currency",0.024577622968714907,0.004216011996265756,0.023491989152015114,0.02490721332710888,0.004216011996265756,0.04375619646585949,0.023898881737354112,15,0.012232415902140525,0.18698717777807516,0.18805608319403855,0.010506777644549326,0.19325618279732049,-0.01956272636773604
Belgium,1960,-0.14044486291437253,0.04200820475771483,0.029232693123623213,0.03908289006062171,49.699999999,0.0370047242805005,"reconstructed, resident currency",-0.022183235802025525,0.028791867297546903,0.030795244521798493,0.031494468170709,0.028791867297546903,0.04136487064652217,0.03944073059484803,15,0.0030211480362536403,0.02197852990710758,0.021796887458847447,0.012803101551821738,0.013192086117897572,-0.012420784480340785
Belgium,1961,0.1556556462672729,0.1921738100574235,0.1750677773080162,0.19166588927116246,49.779999999,0.18928255749262024,"reconstructed, resident currency",0.051868596318370486,0.023625408557859995,0.017336334359154826,0.01809833115807158,0.023625408557859995,0.03345263991708536,0.03981622807279603,15,0.009939759036144524,0.009770442617591968,0.00981818290054104,0.023604783271376606,0.012140397938669611,-0.007374445692911236
Belgium,1962,-0.048046272783813904,-0.09826275126774697,-0.10334697350061461,-0.09762014425925392,49.751299999,-0.09942490397073545,"reconstructed, resident currency",0.09626372489859092,0.012704618505257281,0.07850343482525601,0.07941079571088006,0.012704618505257281,0.08469380837429497,0.018176200853049808,15,0.014017297942141127,-0.15325628862892038,-0.15361886463133312,0.01825126995188109,-0.15100298400945444,-0.01899329594161525
Belgium,1963,0.13177080508648698,0.14566094067729818,0.1390070006339435,0.14554728345485723,49.827499999,0.14325618888794756,"reconstructed, resident currency",0.012665950021447436,0.004238411453798108,0.004486832433576948,0.0051915900212156085,0.004238411453798108,0.019813946791889636,0.01966371933589916,15,0.021470588235293908,0.05365531807634083,0.054195648800932306,0.01837742808505438,0.06079221011714564,-0.02771730259154248
Belgium,1964,-0.0023381763141481215,0.036422697850360564,0.06140423478598675,0.036109361383147576,49.632499999,0.03403714266038138,"reconstructed, resident currency",-0.01779992194952329,-0.007919982615230303,-0.017737132009951306,-0.0175792095501065,-0.007919982615230303,-0.01356909318717392,-0.003441105757831342,15,0.041750647854880585,0.22265384947540978,0.22343694195215713,0.027000180476569158,0.22620970140300511,-0.04571054504056804
Belgium,1965,-0.08289362656998922,0.049834893477522124,0.06502251655102058,0.048802996387307784,49.642499999,0.04670539039453314,"reconstructed, resident currency",0.01530431113038877,0.005448447601253736,0.005555851449954519,0.005382600965595508,0.005448447601253736,0.0014846851965770735,0.0014815124318874402,15,0.04063018242122718,0.1138748957044351,0.11413325608710423,0.03155536016230376,0.11573959120663102,-0.03819009685627728
Belgium,1966,-0.2226443574979925,-0.08971535825240595,-0.09067146679777462,-0.09060439859403757,50.052499999,-0.09242318979684949,"reconstructed, resident currency",-0.0020969731012271398,0.009983808359758983,-0.00564246334362295,-0.005520066436791482,0.009983808359758983,-0.0032270033188511738,0.012552416976729723,15,0.04169986719787522,0.06086821634025674,0.06066140666633513,0.010884962315295343,0.05845087174827035,-0.047838651969257184
Belgium,1967,0.21511657967476427,0.14560255632283248,0.18214794957788788,0.14600983767890008,49.627499999,0.14371781800354233,"reconstructed, resident currency",0.052001274431407785,0.022986713652792146,0.022177657909614457,0.021011333627314777,0.022986713652792146,-0.025810886994069637,-0.025714475349132928,15,0.02855685874553804,0.08819153918878242,0.0867504377510615,0.01912916025527034,0.07413962724219214,-0.04236185039673823
Belgium,1968,0.13073174547947763,0.1866197332755104,0.15997184408507858,0.1862963831256279,50.14,0.18392379035937667,"reconstructed, resident currency",0.0335549986028123,0.0122469006566861,0.01683078118757586,0.01753199577161868,0.0122469006566861,0.03381624036280262,0.02957782156017285,15,0.027516113039167234,-0.03788088924744726,-0.03784151090617571,0.011003722479790534,-0.015031390065391337,0.16783192651510936
Belgium,1969,0.008675079636832006,-0.09239729074088632,-0.09513073493001029,-0.09182238250882235,49.666299999,-0.09363873774380471,"reconstructed, resident currency",-0.0669608222079453,0.03070855546041984,-0.021030237334176305,-0.02115351498137119,0.03070855546041984,-0.0400121006516404,0.010689957348967967,15,0.037635705669481156,0.2032433467350645,0.2007309714367269,0.01323387456286551,0.19056583949319839,-0.20655088320616788
Belgium,1970,0.01191311458058597,-0.040103529292137785,-0.05764389717577209,-0.03978810038092162,49.674999999,-0.07764058420701225,"MSCI World, resident currency",0.02477864458453438,0.038052939475382797,0.017170654317802292,0.016802767496779447,0.038052939475382797,0.007571240676675917,0.028424143219633522,15,0.03906068356196246,-0.021016031895505383,-0.020970965927387675,0.020938455464238448,-0.018659187777875674,0.021123987267530175
Belgium,1971,0.045775803707583274,0.036587770361544925,0.09634781239962632,0.036648665098199196,44.754999999,0.05663252537465069,"MSCI World, resident currency",0.0759624718034726,0.007178233931236289,0.05300187706770565,0.04960440569383762,0.007178233931236289,0.01912853843389306,-0.02462092903105934,15,0.043410158872230875,-0.1177736347261602,-0.11166588268385613,0.017643971771362565,-0.19777425073814403,0.013149522224180199
Belgium,1972,0.2418588452800301,0.16386939286988045,0.195930757656194,0.1643570062220756,44.0625,0.16251655146353938,"MSCI World, resident currency",0.011379775565245609,-0.015051493406422978,0.0020703390805500987,0.002956164065832434,-0.015051493406422978,0.006197626585113802,-0.011665524244292073,15,0.05447137036242755,0.09404207326274161,0.09256942424175496,0.01154035341542925,0.0833856558847661,0.3815005686323918
Belgium,1973,-0.00034092765363102906,-0.17481282552678956,-0.15580099701361552,-0.17375008754143662,41.319999999,-0.2871985744702248,"MSCI World, resident currency",-0.049819318116501865,-0.007437307784983083,-0.0705208540124268,-0.07152774355831104,-0.007437307784983083,-0.052152754991479866,0.013190745989660812,15,0.06955460646735823,0.37692201044880846,0.34772090088269314,-0.005739170208360234,0.2850041277408537,0.47320001205465756
Belgium,1974,-0.33208411281228756,-0.41543506490941773,-0.33849614734336714,-0.4148102642972594,36.122499999,-0.41578397613841844,"MSCI World, resident currency",-0.13511060192958513,-0.021946692731768414,-0.10183582329244423,-0.10090826466147451,-0.021946692731768414,-0.1771020455667166,-0.10558147214864343,15,0.12683019585472532,0.15547692284613013,0.12046488954488765,-0.018682411153460032,-0.0015332151212031908,0.2714250278511521
Belgium,1975,0.09243064556372316,0.27736133617546477,0.21499281824577893,0.2759852649476717,39.527499999,0.33992888481879047,"MSCI World, resident currency",-0.0038536362120292766,-0.05114825026418446,-0.02881158514490967,-0.026606237736964355,-0.05114825026418446,-0.0030161431327406785,-0.02551717499618993,15,0.12757340533243333,-0.14626117737484423,-0.14826026469851017,-0.002214119066057396,-0.04910827199430334,-0.25946940938270224
Belgium,1976,-0.11609893978826813,-0.058147826984041306,0.06203625788881004,-0.05852097456272398,35.982499999,-0.026539303148307325,"MSCI World, resident currency",-0.06423109545333494,0.00546009578142681,-0.004913708226333857,-0.011130482638267325,0.00546009578142681,-0.1272508652241714,-0.12096072475471427,15,0.0917390002993117,0.16811399155485707,0.1417834536191156,0.0049242743921680265,0.029697026364429835,-0.19795924471764892
Belgium,1977,-0.04714586809477794,-0.08838091122889347,-0.06590473805825896,-0.08816554885207739,32.939999999,-0.10539956227804403,"MSCI World, resident currency",0.08686885477622885,-0.0001937805887267663,0.019902200896675826,0.023019667676411393,-0.0001937805887267663,-0.028731902474564586,-0.057128835652639355,15,0.07100753941055515,0.27728081677975247,0.24446123124592356,-0.011551278487003214,0.14918479559920095,0.042027918806525344
Belgium,1978,0.0866171259691364,-0.022399182160766085,0.029826175343082677,-0.021865920166056374,28.799999999,-0.01671342224307293,"MSCI World, resident currency",0.018384444941984324,0.025587872194691608,0.027433728888223596,0.021910958822423554,0.025587872194691608,-0.012098198159115059,-0.011447033224256997,15,0.0446691411749649,0.2989478193584756,0.25498173495901977,-0.010424790546951224,0.1289917248128416,0.127864349515161
Belgium,1979,0.05424059790282665,0.04547097264453237,0.05591871495876871,0.045516203260101085,28.048,0.048644179873182924,"MSCI World, resident currency",-0.1230958185900386,0.06018895607027064,-0.022956977369055998,-0.022134305330337667,0.06018895607027064,-0.04910497907640343,0.03200871346683301,15,0.0447194315118844,0.3261665261830595,0.3069477626809607,-0.02032579690849734,0.25069648205368344,1.0333856358529387
Belgium,1980,-0.16974565416512222,0.34839151596179874,0.12523710552989256,0.3457300811168913,31.523,0.3467626794825345,"MSCI World, resident currency",-0.07717554669619131,0.06967248663892844,0.015760245241297932,0.018612814154681745,0.06967248663892844,0.05957189473008562,0.11635986404761166,15,0.06649466400844384,0.1504200437552068,0.1686285874887261,0.000695567814542164,0.26117068474019156,0.19656469803321475
Belgium,1981,0.031941710702974246,0.10436034234994329,-0.0589112293373977,0.10410646615587016,38.459999999,0.0997073190815656,"MSCI World, resident currency",-0.03346964593521551,0.07078412673913737,0.008602206434055626,0.008225054411800325,0.07078412673913737,0.030483881903196064,0.09566198628487628,15,0.07631405322190465,0.10420831166666877,0.149171465836186,0.06875376114405274,0.36725981569767074,-0.23532492275738193
Belgium,1982,0.17741261300814815,0.22625543286019023,0.07486185861643324,0.2260803067944257,46.919999999,0.26846706646221596,"MSCI World, resident currency",0.10455451434972773,0.04934497360469825,0.13522234003789868,0.14310359724750654,0.04934497360469825,0.1662257886003793,0.07555906202302932,15,0.08724969350224776,0.17326450025090256,0.23301514552304203,0.08419578734237465,0.44234674633136284,0.3119664580871073
Belgium,1983,0.3459311285075517,0.3538263625824978,0.20939031903097208,0.3537955333940135,55.639999999,0.36418295028377723,"MSCI World, resident currency",0.12325473319882807,0.026677154579396012,0.04023270029945758,0.04353386193444431,0.026677154579396012,0.08053044403642118,0.06704215556588358,15,0.07667731629392982,0.07238010488316138,0.09587750239180326,0.04999397713684739,0.25953293323548743,-0.07759731910823509
Belgium,1984,0.172132966818749,0.1347122406136143,0.08456436756760989,0.13487833825034468,63.08,0.10458809593843355,"MSCI World, resident currency",0.06882454375042801,0.047722908450924306,0.08953230276963486,0.08852374070947833,0.047722908450924306,0.07337039907536602,0.03211851148503151,15,0.06344911851981139,0.09465705524534007,0.11333319380469109,0.06256920408590982,0.23277236279477953,-0.14297298989276075
Belgium,1985,0.3174315288459999,0.10628091716322019,0.25820792989603836,0.10736833825475856,50.36,0.07501333797328402,"MSCI World, resident currency",0.21830816404148523,0.044946233284951065,0.09238641458345542,0.0844433749506659,0.044946233284951065,0.028845500094411003,-0.017039057492254938,15,0.048666393106278294,0.28200080312033005,0.21487492681992526,0.041566294338919674,0.006231602632720268,-0.1990177689597642
Belgium,1986,0.41822454953573107,0.10537638934883042,0.25395560212006485,0.10702474659665584,40.41,0.1278673002287407,"MSCI World, resident currency",0.26070932728527363,0.06713674312782092,0.1437246511551109,0.13008441877441523,0.06713674312782092,0.059678499361474735,-0.01032706189531559,15,0.012991078416027424,0.2725427203209343,0.21597301825908288,0.05503815580608573,0.014035207460011856,-0.05625504813975235
Belgium,1987,-0.1230500258978624,0.025776744982976885,0.07690899592892743,0.024909997996071853,33.1525,-0.06467361842007568,"MSCI World, resident currency",0.013340917375886496,0.05452488460845473,0.045493264946089074,0.04609546546437859,0.05452488460845473,0.03533414253820433,0.043343755331362005,15,0.015528430160692386,0.2551063265486446,0.20612949418188942,0.0219249880214456,0.01640539618443637,-0.006586168186463404
Belgium,1988,0.5058766112038564,0.282896036878034,0.1396713450114802,0.2840786833089224,37.345,0.38217441136340824,"MSCI World, resident currency",0.05759504778263902,0.05492133918658282,0.06661772823752599,0.07569260883498319,0.05492133918658282,0.1520083302355406,0.13981808123776016,15,0.011639406618485948,0.11285288941332694,0.1286816362195362,0.030389429819428715,0.25406829712333723,-0.06733529303056629
Belgium,1989,0.11196686545144141,0.11327294949206856,0.2173105282354763,0.11326439794891408,35.76,0.07759605392531688,"MSCI World, resident currency",-0.07379600579581602,0.0540636292587493,0.007518045035557863,0.006498133771184245,0.0540636292587493,-0.024594522012503228,0.020337686072539697,15,0.031057301849902297,0.06012213673462208,0.05637583427398174,0.04313487985098852,0.016939982123753472,-0.10356717225741785
Belgium,1990,-0.22359767393983832,-0.19605568299230147,-0.13255677546418002,-0.19621701153353943,30.9825,-0.3193170527879722,"MSCI World, resident currency",0.019982877992423376,0.060127867286992265,0.03287020128599183,0.03125557252434796,0.060127867286992265,0.007666651361244448,0.03468495888935885,15,0.034497848442856194,-0.022202288280186888,-0.020180892994797528,0.019629465469601426,-0.17353092945111037,-0.20186086770669498
Belgium,1991,0.09070354040891027,0.08199209796443774,0.05092710031214419,0.08204593304987418,31.27,0.1823941174402095,"MSCI World, resident currency",0.13018422884419611,0.05912496411040635,0.128979253881508,0.13051929847139854,0.05912496411040635,0.13405469532234449,0.06337622555445768,15,0.03207839819514935,0.020752586141725038,0.020335960289400656,0.0295655869605842,0.00564778870431315,-0.10366710308613503
Belgium,1992,-0.03741445351483963,0.033091135388209514,0.007167625208812014,0.03269356977378579,33.18,-0.013974301169656367,"MSCI World, resident currency",0.1719787723165862,0.06763656971185505,0.10819940777791492,0.1006892318014665,0.06763656971185505,0.046071303951721765,0.008009857902882105,15,0.02431860099733596,-0.0429281170260849,-0.043135404844988234,0.008383806062487231,-0.040317729769379085,-0.03195046853180661
Belgium,1993,0.3098664969223266,0.2536706009873264,0.15076136127684636,0.2539551480386846,36.11,0.3029629172042472,"MSCI World, resident currency",0.17061770655480268,0.05267683807050805,0.23468855390569865,0.23165590830505334,0.05267683807050805,0.2326528846500604,0.052691668960560774,15,0.027475825275091736,0.1520085396271924,0.15667926253446063,0.004321478172269577,0.19351378299886934,0.2379673507661526
Belgium,1994,-0.052336698845057206,-0.0995461913637935,-0.020671950497127105,-0.09929585286848164,31.8375,-0.10313414402094301,"MSCI World, resident currency",-0.055236196451723285,0.032212349796731266,-0.10755773432951066,-0.10562268960487686,0.032212349796731266,-0.12926083279822365,0.007486556477289907,15,0.023820341403258283,0.0461464788554371,0.039235194565611975,0.016542435122898214,-0.09424220239647496,-0.16505231745588655
Belgium,1995,0.11761560786422831,0.1099550747611322,0.18613693580095145,0.10999313093373031,29.415,0.09529807688944847,"MSCI World, resident currency",0.17234061869899575,0.032612596022777884,0.18581035233522902,0.18308864237402012,0.032612596022777884,0.16828376665703848,0.017387502798050177,15,0.014707746925320286,0.21459445234297325,0.19864364772365772,0.033488873052366586,0.13351457714804993,-0.08534434640512911
Belgium,1996,0.23384213753694083,0.2782306996310051,0.194348586495224,0.27803290214201026,32.005,0.20141070879658796,"MSCI World, resident currency",0.1136240968581046,0.01125077080039949,0.10760734211657685,0.1175437784616713,0.01125077080039949,0.17236533999074743,0.07006750277435358,15,0.020617268524303345,0.1683903443021042,0.1895048941846822,0.020154971252071885,0.29001794457762897,0.0060922749453173886
Belgium,1997,0.3297525364562255,0.3732564613475273,0.23267377060118266,0.37305014008356063,36.92,0.32164017209264206,"MSCI World, resident currency",0.08310456085821416,0.018984660035150647,0.11004451379364211,0.11385096089146418,0.018984660035150647,0.139062163899758,0.0456161413233944,15,0.015030000000000099,0.10409706412977693,0.13032181578074287,0.038183713171633826,0.3060713165596243,-0.10632222268054004
Belgium,1998,0.3997761000361306,0.1353946368444221,0.18564628589254917,0.13684265365405812,34.5745,0.15113458976212835,"MSCI World, resident currency",0.16139279982908694,0.02619243576985797,0.13869258901508053,0.13493663807067846,0.02619243576985797,0.10943282461078074,-0.0003329368915997592,15,0.009069999999999911,0.13763315749832072,0.129805819868543,0.0384762766424287,0.08289096351751546,-0.08558329686540977
Belgium,1999,-0.08342810894028851,0.4042446221693794,0.22840054679624958,0.4008239026975675,40.1551861437388,0.42700262368302644,"MSCI World, resident currency",-0.0640258054723375,0.016265387196686243,-0.06543292389370803,-0.06769490633050468,0.016265387196686243,0.004429191770561891,0.09105909267320879,15,0.011349999999999971,0.022192408538640462,0.03159536569664123,0.025016298269186832,0.2091814590207164,0.14737487455356035
Belgium,2000,-0.0031905106203944378,-0.01971615889477718,-0.0507225966264412,-0.019630699990961675,43.35292853304674,-0.08742194490767907,"MSCI World, resident currency",0.0263446480197449,0.015202717940633326,0.06211981420344914,0.06242076928721141,0.015202717940633326,0.060041809256211165,0.012995550967083706,15,0.02679000000000009,-0.03997151681896227,-0.039342503547872054,0.02935847551351123,0.05824331559906204,-0.010157523954760772
Belgium,2001,-0.04639860741965407,-0.14244101944736354,-0.16474100208011966,-0.1418986802393185,45.77317599001475,-0.13219748398553166,"MSCI World, resident currency",0.050722356386529555,0.016742322858863457,0.02429073874867993,0.024143305063595077,0.016742322858863457,0.02029737908954843,0.013100682384541977,15,0.024350000000000094,0.07597696767162887,0.08358697612571109,0.024736810195639336,0.1495825651256868,0.04692989710292883
Belgium,2002,-0.27811997546391587,-0.3142792537277883,-0.22973024856684854,-0.31405214057530617,38.466577667588446,-0.34286696732520394,"MSCI World, resident currency",0.08291689259100532,0.016366643840745487,0.09740617167345866,0.09502993085685585,0.016366643840745487,0.07672937617023345,-0.0020095570452175766,15,0.015479999999999938,0.043583615661165975,0.037004851384748516,-0.00596150761007852,-0.14202696369026957,0.025881615876246267
Belgium,2003,0.16913553395907255,0.04353723859981318,0.17427941456239865,0.04430710337680721,31.93974663499604,0.09123023278323994,"MSCI World, resident currency",0.03511223674004871,0.006924948078690596,0.023358766469968817,0.022247764449409457,0.006924948078690596,-0.003716206795088328,-0.019204209250289903,15,0.015169999999999906,0.2958598057792736,0.24257808963797167,-0.006956332666097742,0.06903257267365825,-0.02108378556515611
Belgium,2004,0.3672022329513003,0.07075230112339104,0.12289223489932022,0.0724350030938028,29.61596064899787,0.03785882699307397,"MSCI World, resident currency",0.07366461599217344,0.0015021052878956276,0.06676551386606433,0.06664304676265043,0.0015021052878956276,0.06071294471460287,-0.004420028279159505,15,0.018569999999999975,0.1713689743540705,0.15656102721383136,-0.017486342515833142,0.07438903151746157,-0.057034343770238416
Belgium,2005,0.2403955493263561,0.2111841450504619,0.10431303137433388,0.21140231277313837,34.19504958887853,0.23347756855967328,"MSCI World, resident currency",0.03442860228980682,-0.004554453293447502,0.04131413823170016,0.042718723121651925,-0.004554453293447502,0.06300370836832703,0.016705520681499154,15,0.025369999999999893,0.02083189388461748,0.030503173451554844,-0.0006986459582450921,0.19304703452958938,0.32145030800783236
Belgium,2006,0.2031615889479692,0.07507798238964969,0.15619495463660182,0.07596167856532055,30.630144267274105,0.05838359364422385,"MSCI World, resident currency",-0.025633825336798255,0.005589867060369569,-0.029578635486320892,-0.02959612156127145,0.005589867060369569,-0.0441999851439725,-0.009239769035126421,15,0.023279999999999967,0.15645060734077565,0.1401744822134714,0.024767261591463807,0.06506782959298874,0.08163172970576804
Belgium,2007,-0.05863078402556843,-0.03450585826183905,0.039552837473329744,-0.03468453021234308,27.40296175531552,-0.05358810805848513,"MSCI World, resident currency",-0.026287744575315908,0.020370078486574572,-0.006882183118591345,-0.007793928919458737,0.020370078486574572,-0.02690246466417745,0.0006634978562781724,15,0.018159999999999954,0.15757302749419644,0.13916761792141652,0.011644528236934182,0.037040928390463135,0.14042807621684972
Belgium,2008,-0.5794355994253816,-0.3723902636340728,-0.39509111742549313,-0.37389142833650524,28.986060214126592,-0.37665321576885147,"MSCI World, resident currency",-0.012074881431485385,-0.007833014905529456,0.09057991124740306,0.08481196283511605,-0.007833014905529456,0.06979183163709046,-0.02471788573034833,15,0.044884595736776056,0.2709473029149412,0.3029128322194834,0.03138761247384991,0.38885636997024076,0.09246400129929278
Belgium,2009,0.5248621288598532,0.22962190127869753,0.23568845819665474,0.2314931101824491,28.00215188116061,0.2172165010032283,"MSCI World, resident currency",0.10894161501347721,0.0066559265363019815,0.007359651610945095,0.006291889836132825,0.0066559265363019815,0.04033041447263841,0.041670619297624584,15,-5.5556790151012336e-05,-0.05385913170963319,-0.04857254280874557,-0.019834602641820354,-0.1130738160586564,0.16615093901796407
Belgium,2010,0.08918711694630299,0.17431176477343113,0.09193325019808604,0.17369461295004185,30.190016464601108,0.1799547852483594,"MSCI World, resident currency",-0.008491839101983478,-0.018601088973735247,0.009259147596504702,0.013192081590672089,-0.018601088973735247,0.07956822222744075,0.04879607032157389,15,0.02333514828931138,-0.054454757932916986,-0.056916277250854685,-0.011732246102603261,0.01969835226861183,0.3590063768555949
Belgium,2011,-0.1604646838706728,-0.02534871132299643,-0.04993671111565619,-0.02630736355006935,31.17698431099776,-0.0553836601929919,"MSCI World, resident currency",-0.026108628962882463,-0.022660860855521436,0.04085530525188319,0.04286163972123069,-0.022660860855521436,0.05919207786303726,-0.006013930185106016,15,0.03352046301021794,0.025445217959030098,0.02687849595657421,-0.025979726392153846,0.053333267370662796,0.08501426830757386
Belgium,2012,0.3545992687604045,0.09633603871562091,0.12566843264737257,0.09814576617849147,30.57442777019858,0.12099843003619903,"MSCI World, resident currency",0.21140456203063174,-0.0243170589345012,0.10461008052918697,0.10544423975570716,-0.0243170589345012,0.10963412513227633,-0.019853052670198747,15,0.026255515864677337,-0.12295988750987252,-0.12167142277407883,-0.014131120381582707,-0.13522934323213587,0.034031484596496187
Belgium,2013,0.174935343125306,0.2233887943564683,0.2963769629101749,0.22300501017975694,29.250888260459725,0.19372536337672175,"MSCI World, resident currency",-0.011248682594709902,-0.011831993545675767,-0.025918327723964074,-0.02474191161322259,-0.011831993545675767,-0.06025470669596589,-0.047842744471553275,15,0.012479652740097658,0.09144968871996695,0.08701775051966654,-0.01307117198017016,0.045297671873608225,-0.31628856525131277
Belgium,2014,0.17355102024730384,0.21602677532527248,0.10281882754566905,0.21571418896134809,33.22617576805864,0.18889701396006875,"MSCI World, resident currency",0.15121624314044801,-0.004382550311937572,0.1776432960140364,0.18052166345417353,-0.004382550311937572,0.19324658296017705,0.008419439352736754,15,0.004904042548888654,0.08527564348217642,0.10001308589115832,-0.006284064445272408,0.2451435285727448,0.1388911155986532
Belgium,2015,0.09280145944260387,0.12985847686451724,0.039971896953203565,0.12955876236953023,37.053274547625605,0.09344660863086585,"MSCI World, resident currency",0.016325925422021603,-0.008346509453246997,0.005253262054716545,0.005543976659286853,-0.008346509453246997,0.03288503211156879,0.018965842759110913,15,0.006198243160298933,0.14420685709354442,0.1611322726558948,-0.00531491867575451,0.27420815996954806,-0.03425388906798954
Belgium,2016,-0.04117143518052768,0.0448986216554057,0.03783900966562447,0.04404346708072282,38.26951902096575,0.07837088779686918,"MSCI World, resident currency",0.031403159183214235,-0.0199834661144358,0.018989780783536414,0.018942127718931,-0.0199834661144358,0.021619954271909547,-0.0172055049225217,15,0.01770017700177018,-0.1603390113129769,-0.1651534302735067,-0.014283553872012966,-0.13185011695204896,0.0845658217038352
Belgium,2017,0.019323656362634,0.0543357913509015,0.16348074308402966,0.054000627942090595,33.63620445259737,0.05485406463759612,"MSCI World, resident currency",0.00931310615335379,-0.024981705603029813,-0.00018253064963169585,-0.0006657648229874136,-0.024981705603029813,-0.02976364814029664,-0.05417623259645952,15,0.022246460120468825,-0.0006123605845985702,-0.00443351440112405,-0.00991627081888169,-0.10868307412883127,-0.035005477802325546
Belgium,2018,-0.2246175747843313,0.014339194989778647,-0.013119334821143866,0.011426365753877787,35.23135371179039,-0.062108889518726285,"MSCI World, resident currency",-0.020215965324976604,-0.025734380835611637,-0.015130290220397247,-0.015193000265828371,-0.025734380835611637,-0.008640405844065557,-0.019133016214772196,14,0.023108052252650557,-0.05306315655390148,-0.053255067908433706,0.0017853235335945072,0.021124864504071805,0.014504282463069451
Belgium,2019,0.23339944902800602,0.16123992087653582,0.13898058497264235,0.16211684242832636,35.90875912408758,0.2804722207506547,"MSCI World, resident currency",0.0770152399193953,-0.01585133558821905,0.056163266127814415,0.05717887928382348,-0.01585133558821905,0.07195493442106127,-0.0009378938360360094,14,0.012486259477437534,-0.13540641421666755,-0.1396310274842153,-5.033643403207222e-06,-0.09961320194024781,0.18154759712057023
Belgium,2020,-0.10692040613959508,0.013084512930022774,0.063503941271406,0.011624361089071611,32.87417488387254,0.052100266956314645,"MSCI World, resident currency",0.03992355864577357,-0.008493453870106249,0.029874508920613385,0.02899077822081919,-0.008493453870106249,0.0188208662713103,-0.018715789689479498,15,0.004277787057142213,-0.07914040023531432,-0.07448064887196337,-0.00489791713896115,-0.14699026571365148,0.13062837985319264
Belgium,2021,0.10941741314111164,0.16388994151171232,0.1779633102710131,0.16333823262661662,31.717691744114305,0.1137219172820172,"MSCI World, resident currency",-0.07092786390684358,-0.036534319623092615,-0.0683964994424533,-0.06872736130213752,-0.036534319623092615,-0.06186701029157515,-0.0296412286663183,15,0.03222404,0.05407616027406048,0.050565135202985,-0.0646718177027612,0.0012563908448328664,-0.13006708234378583
Belgium,2022,-0.13443869978726086,-0.1177522262584989,-0.13779389550885693,-0.11788310440161509,35.684062240169,-0.15299936256145585,"MSCI World, resident currency",-0.23423005764290228,-0.09056879535586393,-0.2167397167601527,-0.2188552139316564,-0.09056879535586393,-0.20561732505899633,-0.07704739014317666,15,0.1033441,0.11112321419875903,0.14773845497022653,-0.04319532740699539,0.28726432016043724,0.03525362944487176
Belgium,2023,-0.051248294839652764,0.13074398622336614,0.16135129396855388,0.12832319005801018,34.68223425671961,0.18441008420107585,"MSCI World, resident currency",0.014924166818644391,0.011233897400571236,0.0055091628661627645,0.005603096022923415,0.011233897400571236,-0.018421684278351336,-0.013493460036304953,15,0.02281778,-0.025159502024758695,-0.025256850117989726,0.017003513512843016,-0.029919978989085494,0.09306755776358355
Belgium,2024,0.14621277330196203,0.15563703086140168,0.16889151717141562,0.1556828903114329,34.64755400954732,0.13412963226302144,"MSCI World, resident currency",-0.020213255283287435,-0.0071545489305092635,-0.023800834325901743,-0.02370930680888117,-0.0071545489305092635,-0.027755558912358258,-0.011076817970406265,15,0.04332084,-0.02117173620597579,-0.020678714797297992,0.02171369326854866,-0.0072710249227609935,0.19785957797970033
Belgium,2025,0.2299972637742882,0.14687688267240917,0.1763539252352711,0.14794475149947295,33.24448493935435,0.12562752235137342,"MSCI World, resident currency",-0.014333252046830003,-0.004927132334314854,-0.013536524438187203,-0.013489492649083834,-0.004927132334314854,-0.018363963449476772,-0.00992746742494539,15,0.02937564,0.08153676620294759,0.07827386450154372,0.015139307087717269,0.05314212944990815,0.5503629509247379
Denmark,1927,0.16488880784065962,0.2939383998437266,0.2597767909312887,0.2939383998437266,3.7418,0.2913505230440392,"reconstructed, resident currency",0.12741782748327002,0.09098629819776849,0.1170097763453346,0.1167127156678025,0.09098629819776849,0.13426077305548256,0.10992326477539667,15,-0.03809516196878415,0.3198667345320487,0.3130356008230022,0.06069651650102048,0.28691000712830284,0.018740074767876758
Denmark,1928,0.10877277702093124,0.3117755688827981,0.3250049512935205,0.3117755688827981,3.7393,0.3091520177450324,"reconstructed, resident currency",0.09259258955717087,0.04922499880194664,0.08155774208864242,0.08001943071397744,0.04922499880194664,0.06805322050672502,0.036682503305026856,15,0.0,0.3133741171683244,0.30839927387326016,0.05045226040342521,0.29137610073094056,-0.01199550506045477
Denmark,1929,0.08418458191265143,-0.05887624752323284,-0.07394155037699267,-0.05887624752323284,3.7481,-0.06075849502818642,"reconstructed, resident currency",0.0742493459928677,0.06204022842415813,0.07522235026280355,0.07526461955478525,0.06204022842415813,0.06454328805855436,0.0511427373797867,15,-0.009900969530093007,0.21195580992340401,0.20994201208603536,0.03785806464463959,0.1990188382317204,0.00664122065723971
Denmark,1930,0.06356866540978934,-0.16575006861988428,-0.1847995380929353,-0.16575006861988428,3.7362,-0.16741856848264447,"reconstructed, resident currency",0.12139657759670586,0.10244749034378753,0.14888554110716745,0.14862220850926078,0.10244749034378753,0.11798748562036443,0.07080213317506087,15,-0.05000010491175877,0.17581957639668366,0.18041143114069835,0.10740235214556271,0.2103304654332021,0.0860253356876366
Denmark,1931,-0.03943600558440119,-0.27613681658090994,-0.29180701568601736,-0.27613681658090994,3.9907,-0.27758454294774815,"reconstructed, resident currency",0.032040589242082085,0.10413737860738603,0.045218966065553756,0.045958555637548804,0.10413737860738603,0.021226215005175186,0.07871953221633264,15,-0.0526314743262124,0.3062850786954281,0.3238658534194472,0.15094084355712933,0.39731713727794093,0.13073040743224063
Denmark,1932,-0.09426854693759168,0.27112310575775855,0.10585183031938368,0.27112310575775855,5.3102,0.2685808595462431,"reconstructed, resident currency",0.15146065492687222,0.06435109727311183,0.18775348844471917,0.2077035887095744,0.06435109727311183,0.3802466184369211,0.24279917672868806,15,-0.011111087797386787,0.05405792733760606,0.06574343919438963,0.16025907588768828,0.3935604426302919,0.3457037950445474
Denmark,1933,0.20825557477754697,0.4301102424897203,0.3892772932957604,0.4301102424897203,5.2436,0.4272500220047408,"reconstructed, resident currency",0.050582275002631016,0.011238385028767395,0.052715237328621045,0.07631699704967843,0.011238385028767395,0.3328165967154877,0.2763638808649559,15,0.033707793646826856,-0.12388089792318013,-0.11175369182118478,0.030170519994877854,-0.1909741627254895,-0.10111864126769088
Denmark,1934,0.1977784029713856,-0.0680730035736885,0.01702592064405664,-0.0680730035736885,4.4445,-0.06993685756654111,"reconstructed, resident currency",0.01743647808351967,0.005923222977086029,0.12842165101952374,0.12594092657229283,0.005923222977086029,0.10022951164989258,-0.020614320139761135,15,0.032608628718865384,-0.03001728849083307,-0.0304064527604887,0.008767156750223437,-0.17698235688993458,0.39645061967391193
Denmark,1935,0.036926566019264806,0.24552480958988698,0.26955115912835076,0.24552480958988698,4.5697,0.2430337599707073,"reconstructed, resident currency",-0.03311589234352408,-0.005066838093948145,-0.008742697670167776,-0.009882347862289587,-0.005066838093948145,-0.014208503058897981,-0.009322159382316057,15,0.042105179460970144,0.0177502269554608,0.018252865501990678,-0.0020322077192309607,0.029752417699788314,-0.02450028525136272
Denmark,1936,0.13263542683743945,0.2460452959867756,0.26211793507547254,0.2460452959867756,4.5067,0.24355320539480196,"reconstructed, resident currency",0.013324413817485281,0.03269355286753761,0.0665141877724682,0.06316788799727857,0.03269355286753761,0.011149005393680689,-0.02083593172554624,14,0.0101012027764531,0.315907170756192,0.306937109069096,0.012372876775614161,0.2778933003726314,-0.023487695955886845
Denmark,1937,-0.04336408612514675,-0.2523094149628299,-0.23428657255483504,-0.2523094149628299,4.5312,-0.2538047961329042,"reconstructed, resident currency",7.984167682550947e-08,0.005601043511390014,0.006186347587622487,0.0052674623174813195,0.005601043511390014,-0.07679630721512787,-0.0791060507330196,14,0.039999916070593056,-0.06101144798853919,-0.060366763675040125,-0.011132956950033579,-0.07521355552405662,-0.032271452632056
Denmark,1938,0.018599791599557713,0.03869802363195496,0.05233455480811074,0.03869802363195496,4.582,0.03662062758469098,"reconstructed, resident currency",0.06992616608909574,0.035567638449736094,0.06475501112832593,0.058882611576020594,0.035567638449736094,0.016405263777453882,-0.007892843790468087,14,0.009615365216019356,0.119189836660613,0.11832187978742104,0.047570894586841384,0.11032785034220538,0.004814181509630977
Denmark,1939,0.051407274686178894,0.04455063695631489,0.023027860999221023,0.04455063695631489,4.9149,0.042461535682402296,"reconstructed, resident currency",-0.04030636123188536,0.017357695199010426,-0.049021224776585326,-0.049345455731386156,0.017357695199010426,-0.04055569159549244,0.026544886027765786,14,0.02857137147658828,-0.10844235918825684,-0.11233286142507382,0.022205827566040615,-0.07905231425790615,0.02816720576672771
Denmark,1940,-0.1813501433879885,-0.19685166641771668,-0.08530750031510735,-0.19685166641771668,5.1791,-0.19845796308488128,"reconstructed, resident currency",-0.12538962108451224,-0.15524261666006978,-0.09161134375156788,-0.09470627519508112,-0.15524261666006978,-0.11556053139390365,-0.17650931851780696,14,0.24074085587026084,-0.16288830870422444,-0.16282638680054673,0.0059249679692383594,-0.14731472759621567,-0.15669266371266222
Denmark,1941,0.09062091716131793,-0.0756736609421772,-0.05284696286514941,-0.0756736609421772,5.165538461538461,-0.07752231362029283,"reconstructed, resident currency",-0.07936115195620896,-0.0950648199073253,-0.041288629937579424,-0.041751770333253946,-0.0950648199073253,-0.043384721391199865,-0.09661159322839355,14,0.14925358410690093,-0.11769416978274061,-0.11420687631878201,-0.07583315048804296,-0.17891749589949046,-0.17322601930779213
Denmark,1942,0.09470660911457185,0.002484495020888655,0.04035040232933994,0.002484495020888655,4.789118756429307,0.0004795260308467775,"reconstructed, resident currency",0.06666659322368607,0.007295524112548746,0.03472186961624302,0.027885283214144962,0.007295524112548746,-0.11213151250064168,-0.13747822972383253,15,0.03246760678520344,0.017358660576809237,0.014125606198418073,-0.07087970183543024,-0.06562120874148736,-0.09091473331684252
Denmark,1943,0.12784856239549702,0.17023319179179497,0.10807420836714121,0.17023319179179497,4.766780432309443,0.16789272540821143,"reconstructed, resident currency",0.036518998834396355,0.033500011897640736,0.03247194617591065,0.03421724440333662,0.033500011897640736,0.0021520372195751314,0.00047967046157559125,15,0.00628929572662007,0.2588201702549753,0.25772883026829074,-0.019568422192413393,0.2536482099990993,0.012868723353576472
Denmark,1944,0.07491382865710605,0.10913385347872029,0.10059594422110446,0.10913385347872029,4.766780432309443,0.10691558577176274,"reconstructed, resident currency",0.051983160415416174,0.014634064335771635,0.055618383019288675,0.04127209272695098,0.014634064335771635,-0.03304832079578657,-0.0621724270162054,14,0.025000081962322396,0.09072036322200683,0.08802378055511739,-0.011389603351630306,0.054804127193233576,-0.03217016784800797
Denmark,1945,-0.09408019421124847,0.19396241812044268,0.17004431727731417,0.19396241812044268,4.773840720063804,0.19157449328420184,"reconstructed, resident currency",0.06073315346798558,0.02746990397563387,0.0785498943681675,0.07093399912558174,0.02746990397563387,-0.05787523784740867,-0.1046553881642086,13,0.01219509698708765,0.2203869668637195,0.2146851324340311,-0.013237632217602213,0.1859855958974619,-0.014401225615080282
Denmark,1946,0.06415942524162,0.5034083588673577,-0.05543087434078029,0.5034083588673577,8.1,0.5004015421496231,"reconstructed, resident currency",0.03742459330143766,0.04148231041696304,0.04607499658933123,0.058008107220294036,0.04148231041696304,0.2567690941038885,0.24475412426765186,12,-0.00602408420243683,0.5803533413180999,0.8154043875073143,-0.1458067950930625,1.3969653304707,0.5590861646936387
Denmark,1947,0.025021947691871826,-0.0678874517113669,-0.10968754760705868,-0.0678874517113669,8.15,-0.06975167680794414,"reconstructed, resident currency",-0.017143353600754252,0.0075221161020790905,-0.04437718988418937,-0.045795995024534575,0.0075221161020790905,-0.07665032548325512,-0.023746978034070627,12,0.027272735365095002,0.07560823036166475,0.07916705855087125,-0.07460156340503099,0.1065865055852162,0.02276575773864975
Denmark,1948,0.018656029271337138,0.17090937688708685,-0.10085411325645631,0.17090937688708685,9.6,0.1685675581333126,"reconstructed, resident currency",-0.04767113418280322,0.0082327512342808,-0.007195340295148012,-0.0020551798863470694,0.0082327512342808,0.09419218434443066,0.10585139169511755,12,0.026548680234759647,-0.036001817050475005,-0.033541478194737406,-0.016410018909050028,0.16189593089267618,0.1982768086893234
Denmark,1949,-0.053512092385435195,-0.02728076423107184,0.07789523331306838,-0.02728076423107184,9.3,-0.02922620270260967,"reconstructed, resident currency",0.0302555786878711,0.007520241402603434,0.01794948608540814,0.028689332889953345,0.007520241402603434,-0.014421896322263095,-0.03554527536810607,13,0.027274646818164827,0.17538998887316226,0.16706793562901212,0.031435476496074255,0.12360802351610145,-0.05187407148957668
Denmark,1950,0.18283346241729892,0.20753762466212144,0.1892362428835021,0.20753762466212144,9.7,0.20512254941279728,"reconstructed, resident currency",-0.08495253492710819,-0.019425380816910143,-0.02737252170545712,-0.025250907679099543,-0.019425380816910143,0.004202712508639683,0.010453359172878809,14,0.061452449698979894,0.09643282807603226,0.09379630827366747,-0.044909057796571394,0.06054939941013937,-0.06539992319295884
Denmark,1951,-0.12066299070605202,-0.0008675103109914151,0.13354867610604296,-0.0008675103109914151,8.8,-0.0028657752903694655,"reconstructed, resident currency",-0.1282771374297118,-0.049999979314285126,-0.0635141239663789,-0.061551676053167026,-0.049999979314285126,-0.16514007970325906,-0.1561168945933374,15,0.10526313461252634,-0.07254216015288972,-0.07319922249894983,-0.044855439335450886,-0.17382535157797507,-0.16635957193526818
Denmark,1952,-0.04735696913622833,-0.01442044119922492,0.08588444812783096,-0.01442044119922492,7.8,-0.016391600316826516,"reconstructed, resident currency",0.010436564619552113,0.011467625077591359,0.03779731055625213,0.03311367118902231,0.011467625077591359,-0.046393731661440674,-0.07026069057093937,15,0.03809551063437233,-0.03140595125137946,-0.029118021135641325,0.003226921042449371,-0.16097870691233251,-0.13763463423444544
Denmark,1953,0.0831589131116599,0.027329171291392118,0.0652122668882476,0.027329171291392118,7.45,0.025274512948809225,"reconstructed, resident currency",0.07761392760344932,0.03921618960528406,0.06235977671879378,0.05941816686779533,0.03921618960528406,0.01023672802435538,-0.011322491160401649,15,0.009174037800736778,-0.03696928395397525,-0.032283559250120275,0.006703548557218442,-0.11035713358567167,-0.056273165780574064
Denmark,1954,0.15272089838981628,0.48466973719825734,0.46389859616617574,0.48466973719825734,7.48,0.48170039772386075,"reconstructed, resident currency",-0.0535714291036129,0.05000000074505806,0.07842545101956278,0.07791505626651696,0.05000000074505806,0.06968519339500245,0.04181543589799088,15,0.0,0.5504121810923768,0.538630849571855,0.018564239040369523,0.5155041680850632,0.007929399808160431
Denmark,1955,0.10082135773838918,0.13985021996809466,0.2533928786325021,0.13985021996809466,7.11,0.13757051952815846,"reconstructed, resident currency",-0.010875606659137227,0.0031965588548774626,-0.02064102526071232,-0.021477135294135086,0.0031965588548774626,-0.08768890617247771,-0.06499114257569784,15,0.05454574975812099,0.40176259414660764,0.3637811257115413,0.011922977581826144,0.27121465403440004,-0.10742105085674092
Denmark,1956,0.10334793156459599,0.04525682518178997,0.02532559885556457,0.04525682518178997,7.52,0.04316631153142647,"reconstructed, resident currency",-0.01552106946912446,-0.0003252118778164226,-0.03152366883488111,-0.031430658477818674,-0.0003252118778164226,-0.010092919484106844,0.021950621529579415,15,0.06034483539394686,-0.02320852827562081,-0.023210196685368722,-0.012271588679896195,-0.023129419769499115,-0.02016659469288884
Denmark,1957,0.07986976127015888,-0.16022948376928303,-0.08851207905082026,-0.16022948376928303,6.913999999,-0.16190902480174452,"reconstructed, resident currency",0.07901915526286007,0.03169157378202292,0.005683202158589085,0.0035470600645368666,0.03169157378202292,-0.11105107696041217,-0.08723353099887078,15,0.027438844705397925,-0.12926258641408317,-0.11360271872079486,-0.011143687996010843,-0.227824728491401,-0.10544688280241998
Denmark,1958,0.05801648291965389,0.3194191685355521,0.2939618372681199,0.3194191685355521,6.905999999,0.31678033019848106,"reconstructed, resident currency",0.17489288900081634,0.04878733811427094,0.09697813910227104,0.0959205100036935,0.04878733811427094,0.08436333160966991,0.037090927059952414,15,0.007314155359709584,0.11179627106121237,0.10963944812283888,0.006882515564111014,0.08729206151174052,-0.0025248131666359974
Denmark,1959,0.28001262218049083,0.22447078624857686,0.23296909437818303,0.22447078624857686,6.907999999,0.22202184467607977,"reconstructed, resident currency",-0.006267854898330039,0.03360252200094971,0.05344257470296676,0.052908119566090095,0.03360252200094971,0.03690645218343658,0.01717945287579897,15,0.017275316484425263,0.22172214531346324,0.21553330658988212,0.010506777644549326,0.18542533135590444,-0.02599693450185414
Denmark,1960,0.14680859929506695,0.03392127766393105,0.02651221133190642,0.03392127766393105,6.905999999,0.03185343510860328,"reconstructed, resident currency",0.010112786111101446,0.04644800533093729,0.048485764538492626,0.0482645765394949,0.04644800533093729,0.03619192258123971,0.0342773406362753,15,0.012552297860706219,0.039517737364686,0.038869458898878495,0.012803101551821738,0.00815908549594524,-0.017326553952921597
Denmark,1961,0.00994053227292735,0.1581226558393909,0.17479777948123953,0.1581226558393909,6.885999999,0.15580641052771216,"reconstructed, resident currency",-0.053324746762187236,0.030674856977971565,0.024342471521257902,0.023940472586323702,0.030674856977971565,0.004362822499704322,0.010547287190614455,15,0.034516355186988035,0.016724475403290917,0.016058234223895518,0.023604783271376606,-0.016349518521511452,-0.035315054699374016
Denmark,1962,-0.012555097448445962,-0.14536913370985405,-0.10263930504340568,-0.14536913370985405,6.901999999,-0.1470783954424344,"reconstructed, resident currency",0.008898618415605908,-0.003518590503122865,0.0612261495046349,0.05828198891780123,-0.003518590503122865,0.027297765140728014,-0.03570009565788665,15,0.07377818602583419,-0.1668208561791109,-0.16213738880501327,0.01825126995188109,-0.19592724656055738,-0.07090278667886152
Denmark,1963,-0.06029767964927313,0.1025649092125307,0.13894778984499292,0.1025649092125307,6.910999999,0.10035977939410556,"reconstructed, resident currency",0.07879338083504805,0.006667592431877312,0.006916614324259829,0.006122071872693313,0.006667592431877312,-0.018450754588531737,-0.018595345321509454,15,0.06105035079734544,0.05620403502137172,0.05353799349169508,0.01837742808505438,0.020989952779422394,-0.06419857173943089
Denmark,1964,0.20359452938268308,0.052620624692063744,0.06088895172449056,0.052620624692063744,6.920999999,0.050515383442679695,"reconstructed, resident currency",-0.0863956387158592,0.03345383378129463,0.023227268886334862,0.022601031273573824,0.03345383378129463,0.00215050268318584,0.012439888004940055,15,0.030928164431761163,0.273643542845154,0.2675007300818242,0.027000180476569158,0.24575037153534018,-0.030503149903511106
Denmark,1965,0.015804546571715372,0.030314160721019556,0.06387254337549148,0.030314160721019556,6.890999999,0.02825353239957762,"reconstructed, resident currency",-0.08599733764915884,0.014698928436206904,0.014807320438250171,0.013486707325574221,0.014698928436206904,-0.01616999907748118,-0.016173115911051854,15,0.05449998054796712,0.12412293815736386,0.12023620667907653,0.03155536016230376,0.09607076300986916,-0.05514537377929063
Denmark,1966,0.020225626361360938,-0.11925797965113005,-0.09155411260493582,-0.11925797965113005,6.915999999,-0.12101946369182781,"reconstructed, resident currency",-0.05898895950823202,-0.0006067036661907554,-0.0160691210413888,-0.016587044950898244,-0.0006067036661907554,-0.03463370444184721,-0.019351468097644906,15,0.07064956731571925,0.04974413938961164,0.04763584219446804,0.010884962315295343,0.02510080077618726,-0.07783971236920728
Denmark,1967,-0.21369590908538283,0.1853904896814924,0.18234111216186855,0.1853904896814924,7.461999999,0.18301970870212947,"reconstructed, resident currency",-0.017332174590294902,-0.010777434980330014,-0.011559787465292848,-0.009808376794390061,-0.010777434980330014,0.007665442076283169,0.007765166741155246,15,0.08207869939364065,0.052275275194227255,0.058303008748509244,0.01912916025527034,0.11105058338921192,-0.009454266644826959
Denmark,1968,0.002590791933908765,0.12343174945424185,0.15980267015988361,0.12343174945424185,7.500999999,0.12118488595533328,"reconstructed, resident currency",0.10928262986915316,-0.007289583569240032,-0.002794172471674683,-0.0038265863873993,-0.007289583569240032,-0.020968112146729334,-0.024981927174818886,15,0.0795360335074915,-0.05644990123304605,-0.056468474586602646,0.011003722479790534,-0.06722719182465231,0.10594576779928477
Denmark,1969,0.157747392687978,-0.08182134072426572,-0.09454027863510449,-0.08182134072426572,7.491999999,-0.0836576980428172,"reconstructed, resident currency",-0.11934889195120801,0.04843160834645044,-0.004196833957796242,-0.004369461604114,0.04843160834645044,-0.029440513211978603,0.021819886450944584,15,0.03487913971355128,0.2239331385835699,0.21991878247479968,0.01323387456286551,0.20367659941363092,-0.19781325565606844
Denmark,1970,-0.10978578399428485,-0.06384489303709007,-0.057222103479518935,-0.06384489303709007,7.488999999,-0.10074903477818209,"MSCI World, resident currency",0.012261345620986575,0.028025624752259448,0.007345056903546698,0.006287815760431359,0.028025624752259448,-0.01767207533814663,0.002658386321757944,15,0.06514854536995385,-0.030472756098836595,-0.03071698468018702,0.020938455464238448,-0.043245336370732246,-0.00445887423177016
Denmark,1971,-0.06663984367398434,0.0693367889387988,0.09601264065662193,0.0693367889387988,7.061999999,0.08995079028572417,"MSCI World, resident currency",0.07899683684253622,0.02189139374843241,0.06838444232096008,0.06647497037467498,0.02189139374843241,0.05126420888368921,0.006135211343984418,15,0.05869860832789797,-0.10488580904653555,-0.09972538935385988,0.017643971771362565,-0.17247806744782412,0.0450966593464488
Denmark,1972,0.3950187033776529,0.1346506079563714,0.19621791377890135,0.1346506079563714,6.846999999,0.13285710896978076,"MSCI World, resident currency",0.031010406837602922,0.011340492324578344,0.02892110936288561,0.026718971445095496,0.011340492324578344,-0.019473629970749196,-0.036881035809586904,15,0.0656236370537997,0.12335725328826941,0.1140136829717493,0.01154035341542925,0.055745090665437314,0.34625415719948527
Denmark,1973,0.48606737150110213,-0.20797304000854488,-0.15485406330722243,-0.20797304000854488,6.289999999,-0.3167225343963517,"MSCI World, resident currency",-0.13701169750368425,-0.010971357563980266,-0.07383029289847776,-0.07473339022142433,-0.010971357563980266,-0.09141222203999577,-0.028775223648922415,15,0.09303372774166063,0.37201943757871225,0.32746712325425853,-0.005739170208360234,0.23177975274169915,0.4121806361650191
Denmark,1974,-0.32865123987446687,-0.4122405152189802,-0.3384480825882636,-0.4122405152189802,5.649999999,-0.41321850292991913,"MSCI World, resident currency",-0.12834577539131653,-0.016816487427169236,-0.09712466226522398,-0.09619465590474163,-0.016816487427169236,-0.17348844619730275,-0.10165380382619454,15,0.15275189706731607,0.16153777228539434,0.1261519431993401,-0.018682411153460032,0.0028513612710217018,0.2770082482907552
Denmark,1975,0.06239945924997814,0.31159682977541237,0.21408083182056392,0.31159682977541237,6.177499999,0.37732505674734607,"MSCI World, resident currency",0.1825424186348923,-0.02860074055673112,-0.005733290545349545,-0.003117514741286964,-0.02860074055673112,0.024808751265624762,0.0016797364803434966,15,0.09605635312857363,-0.12597383069910684,-0.12810154632278048,-0.002214119066057396,-0.022569766146098402,-0.23880188769641175
Denmark,1976,0.24478116022434837,-0.029514099876440714,0.06088924423411236,-0.029514099876440714,5.787499999,0.00345292363814087,"MSCI World, resident currency",-0.100842223054461,0.011743094651766262,0.0013044659939420722,-0.0035815175240071495,0.011743094651766262,-0.10036155160059224,-0.09387761253188108,15,0.09000002328974666,0.17541339500225406,0.15372922013867774,0.0049242743921680265,0.061421888843144146,-0.17324844919996685
Denmark,1977,-0.02967551936425683,-0.04179539987999015,-0.0658067642351547,-0.04179539987999015,5.777499999,-0.059905826528711126,"MSCI World, resident currency",-0.08413885733526838,0.030075317327367568,0.050779703941176146,0.05589943389722207,0.030075317327367568,0.020660666886454182,-0.009180355205085066,15,0.11139122313099126,0.3159504483131721,0.2881963193441024,-0.011551278487003214,0.20762508605028862,0.0950188863744903
Denmark,1978,-0.09183118383758748,-0.06403840730955401,0.03010397282248573,-0.06403840730955401,5.089999999,-0.059108060579227906,"MSCI World, resident currency",0.10665440195435694,0.04918725559540493,0.05107558654296662,0.040276845414146,0.04918725559540493,-0.05469182299656661,-0.054068733195179124,15,0.10008961355147239,0.32883737678953495,0.2645469082927032,-0.010424790546951224,0.08031497386284103,0.07923620562346434
Denmark,1979,-0.06910205524562274,0.07849633866436467,0.05591005982639973,0.07849633866436467,5.364999999,0.08172298528554323,"MSCI World, resident currency",-0.042783970163080665,0.02757288537679914,-0.053015113811840986,-0.05167758063128347,0.02757288537679914,-0.019109607940583473,0.064562763803295,15,0.09611039969032431,0.28536781674391376,0.2865853389577284,-0.02032579690849734,0.29014889723304416,1.0975274764006087
Denmark,1980,-0.12303379744219667,0.27484238124839067,0.1237219133364683,0.27484238124839067,6.014999999,0.2758205864455556,"MSCI World, resident currency",-0.029287927488729548,0.04115705909982026,-0.011317984807692971,-0.010035675281080736,0.04115705909982026,0.0037578681903900346,0.057554473502898454,15,0.12305342452594403,0.11975204041119558,0.13208037747329682,0.000695567814542164,0.19473723702487034,0.13353443633539808
Denmark,1981,0.5886636091698991,0.06148669657491457,-0.058592728447319324,0.06148669657491457,7.324999999,0.057257361597909284,"MSCI World, resident currency",0.04578138997780723,0.02770273779489041,-0.031977386464594915,-0.032253810413725326,0.02770273779489041,-0.009293971908777565,0.05336818326363638,15,0.11744374277075575,0.059782150909831966,0.10331776883426547,0.06875376114405274,0.3144820265183179,-0.2648422533730138
Denmark,1982,0.22472445657065876,0.135726390776165,0.07522955463014033,0.135726390776165,8.383999999,0.1749895298278452,"MSCI World, resident currency",0.019565074099308966,0.06172783645191049,0.14861860427070983,0.1393797392614491,0.06172783645191049,0.08028275014066755,-0.003702445256854007,15,0.10120813320194588,0.18710968344190038,0.22018360499603506,0.08419578734237465,0.3360554405620366,0.21528330730500045
Denmark,1983,0.6990560826054222,0.3542041522567789,0.20992348148203696,0.3542041522567789,9.875,0.3645947044017359,"MSCI World, resident currency",0.57679704239248,0.055203882632621104,0.06913607583591985,0.0693703792944762,0.055203882632621104,0.0808565827407779,0.06736422307266324,15,0.0690824886436121,0.10217671181576948,0.12198081876982969,0.04999397713684739,0.25991310062568695,-0.0773189084286453
Denmark,1984,0.031509406889591585,0.14200279752929545,0.08495305423573228,0.14200279752929545,11.26,0.1115224012681657,"MSCI World, resident currency",-0.021445125785088726,0.05157290501775047,0.09353593349229516,0.09289089692042363,0.05157290501775047,0.08010872814703829,0.0385978723630116,15,0.06290775889338462,0.09867951754959359,0.11785821291295528,0.06256920408590982,0.2405113742843179,-0.13759280610682012
Denmark,1985,0.018629844754003422,0.10683408673899475,0.258512930152025,0.10683408673899475,8.969,0.07449469617593607,"MSCI World, resident currency",0.3803214779327251,0.05401049689930426,0.1018621924896499,0.09259446199447874,0.05401049689930426,0.028349132039696245,-0.017513288473338492,15,0.04678748944265476,0.29312136881371,0.22317043262345249,0.041566294338919674,0.00574614468675505,-0.1994042040385452
Denmark,1986,-0.008667940407017904,0.10350006383598132,0.2548211143541899,0.10350006383598132,7.3425,0.12427625635942663,"MSCI World, resident currency",-0.11298174937743166,0.053500298209180785,0.12910952492315841,0.11708631482611964,0.053500298209180785,0.05630456345801882,-0.013478105405740955,15,0.03678185836003278,0.2562814877994013,0.20256373963718133,0.05503815580608573,0.010806596333260421,-0.059259860428295896
Denmark,1987,-0.17176759403458797,0.012942735658900473,0.07574446162742325,0.012942735658900473,6.0965,-0.07559486633562906,"MSCI World, resident currency",0.0495026700639829,0.05881010309256052,0.04974178210234248,0.049185712620603894,0.05881010309256052,0.02324516368678231,0.031161253011828555,15,0.0399252213348158,0.2602066375119476,0.20774824300388572,0.0219249880214456,0.004537437006714828,-0.018185668589359327
Denmark,1988,0.10383687970541944,0.24352123263991388,0.14161362788676837,0.24352123263991388,6.874,0.3385186204578359,"MSCI World, resident currency",0.28659198911683004,0.03791756205297614,0.04942542255178717,0.05672822959703727,0.03791756205297614,0.11562230371618742,0.10381708207599555,15,0.045627361461399785,0.09491534107568,0.10831488376530407,0.030389429819428715,0.21445872042272418,-0.09679338102418
Denmark,1989,0.35396089317781043,0.0997537776854287,0.21662079399916367,0.0997537776854287,6.6075,0.06451830607957687,"MSCI World, resident currency",-0.02469770101173785,0.04601264648321868,-0.00017742059048020398,-0.001432967584282241,0.04601264648321868,-0.03643208103288731,0.007954828017932073,15,0.04772729472417492,0.052024878821633314,0.0479103530298266,0.04313487985098852,0.004598358737122554,-0.11444631610650402
Denmark,1990,0.08458200316262232,-0.18263500809095268,-0.13309005192092038,-0.18263500809095268,5.776,-0.3078151446050401,"MSCI World, resident currency",0.05200798469147383,0.08039035492797941,0.05261170637618462,0.05079713761064175,0.08039035492797941,0.024693799390192117,0.052168651472154236,15,0.02641604871288461,-0.0035133973827037313,-0.0014289066000420236,0.019629465469601426,-0.15956558566745682,-0.18837423188829672
Denmark,1991,0.06835276675826596,0.10633131267661433,0.051172911274520234,0.10633131267661433,5.9135,0.2089317062184639,"MSCI World, resident currency",0.1705378291624251,0.07133544820156668,0.14199507702410497,0.1453993320569278,0.07133544820156668,0.15950735675951955,0.08724258328924515,15,0.023951000000000056,0.0325206811602039,0.03240201667645959,0.0295655869605842,0.02821849256587483,-0.08354985666561199
Denmark,1992,-0.08845915570966612,0.03291913208268471,0.006916236605499698,0.03291913208268471,6.2555,-0.013758932119463996,"MSCI World, resident currency",0.05450808006143104,0.08755480660889225,0.12887440052309063,0.11896993178314585,0.08755480660889225,0.04629978824318881,0.008230028762463586,15,0.020960963952376677,-0.0250726172864002,-0.02387866590846055,0.008383806062487231,-0.04010811468604902,-0.03173902586010069
Denmark,1993,0.020722738748329972,0.26578715814058307,0.1515669876744784,0.26578715814058307,6.7725,0.3152573524740201,"MSCI World, resident currency",0.2469950422848617,0.090338897506959,0.2788625226119308,0.26919211094639994,0.090338897506959,0.24428389187238908,0.0626246067381263,15,0.012578748706254084,0.19322443088805086,0.19452430919203145,0.004321478172269577,0.2047754833549673,0.2496485039740619
Denmark,1994,0.1821817011760012,-0.07892079288957221,-0.020839859640668604,-0.07892079288957221,6.083,-0.08284591101257333,"MSCI World, resident currency",-0.12766592316005387,0.04061456113378714,-0.10029325185770033,-0.09952231122525301,0.04061456113378714,-0.1095636183308284,0.030277168779391773,15,0.01992038270713925,0.05466211404096,0.048340292897535164,0.016542435122898214,-0.07375282249153048,-0.1461647513607749
Denmark,1995,-0.008632772955588508,0.08877385586974817,0.18579653397153217,0.08877385586974817,5.546,0.07435972103582511,"MSCI World, resident currency",0.17999362619893122,0.03904406277941752,0.1931959874612168,0.18521298218910975,0.03904406277941752,0.1459501738566693,-0.00206146915222641,15,0.020835436636468696,0.22215936475361975,0.2004574014980547,0.033488873052366586,0.11184565242118683,-0.10282943650305587
Denmark,1996,0.2921487411854178,0.25823320016627216,0.19452457158820802,0.25823320016627216,5.9445,0.1827980627960315,"MSCI World, resident currency",0.09191967344767837,0.017084207508330618,0.11399661519704418,0.12081191402775127,0.017084207508330618,0.15420267430381807,0.05348966850002119,15,0.02124582405597808,0.17513024633278418,0.19160528790998033,0.020154971252071885,0.270032566420946,-0.009494434262733997
Denmark,1997,0.4097050463030214,0.3603681552740958,0.23313417535145742,0.3603681552740958,6.826,0.30943302823332397,"MSCI World, resident currency",0.10038421260101726,0.016456997436728127,0.1072909708698424,0.11018477542471428,0.016456997436728127,0.12854137617474937,0.03595845466383283,15,0.019802118561167203,0.1013582742701411,0.12637230662489762,0.038183713171633826,0.294007972248193,-0.11457655197679706
Denmark,1998,-0.05148616886136248,0.1312532648442304,0.18681907450859286,0.1312532648442304,6.3865,0.14547493336733908,"MSCI World, resident currency",0.12990781360710102,0.027967071314935144,0.1406617755662034,0.13593347372585685,0.027967071314935144,0.10397819868237823,-0.0052478896145049005,15,0.013127783487495659,0.139600511932229,0.13073059799767872,0.0384762766424287,0.07756683302830991,-0.09007910855191925
Denmark,1999,0.20770952153553468,0.38476712151516423,0.22621326363173927,0.38476712151516423,7.3988,0.4106457719537906,"MSCI World, resident currency",-0.06239693174147298,0.012304941931205127,-0.06907498609367091,-0.07094077445160518,0.012304941931205127,-0.0070839611064130725,0.0785529546251723,15,0.020518577631098323,0.018208865326591717,0.027115168491281816,0.025016298269186832,0.1953213570764778,0.1342232234006806
Denmark,2000,0.13875922602991908,-0.016006490303796417,-0.05047679447098595,-0.016006490303796417,8.0205,-0.08404834454347998,"MSCI World, resident currency",0.056322776862690604,0.02132430221284598,0.06852430449384395,0.06861672061790514,0.02132430221284598,0.0639605506874974,0.016740372728471477,15,0.02717031146454607,-0.03418262839336905,-0.03356563499065546,0.02935847551351123,0.06215540839484501,-0.006498294019247841
Denmark,2001,-0.1483556361610484,-0.14683035292344537,-0.16407273772437034,-0.14683035292344537,8.4095,-0.13718491130313393,"MSCI World, resident currency",0.030405582807962128,0.02254218595098756,0.030133660713971056,0.02945930261673535,0.02254218595098756,0.014433534578103702,0.007278198667841036,15,0.023122580645161372,0.08211472643554774,0.08840708045213441,0.024736810195639336,0.14297569388097187,0.04091299040806673
Denmark,2002,-0.22076933798435783,-0.318073029360292,-0.23003418005970463,-0.318073029360292,7.0822,-0.34671894937460035,"MSCI World, resident currency",0.07315727309919429,0.010942472725806063,0.09154950676437301,0.0891285175581944,0.010942472725806063,0.07041780450538604,-0.007859576874662707,15,0.023646773949452582,0.038014192325210194,0.03145457334017987,-0.00596150761007852,-0.14705622956247666,0.019868103584715024
Denmark,2003,0.30471136201277815,0.052963614011942495,0.17424788473564234,0.052963614011942495,5.9576,0.10027570042865208,"MSCI World, resident currency",0.02212714861123799,0.0036589046821193794,0.020039418639795192,0.01937914596576462,0.0036589046821193794,0.004542227169024304,-0.01107415903223891,15,0.02002045166138955,0.2916565785480649,0.24144375878158186,-0.006956332666097742,0.07789403862053534,-0.012969315603436504
Denmark,2004,0.2294287228020533,0.0716791642369885,0.12427898143212773,0.0716791642369885,5.4676,0.03712735699529679,"MSCI World, resident currency",0.07567416279018357,0.012651147996547873,0.07864108977490525,0.07748943760395499,0.012651147996547873,0.05996536741879632,-0.005121700665385058,15,0.00885351241665866,0.18440902954088356,0.16749436572389498,-0.017486342515833142,0.0736318154857083,-0.057698934241048994
Denmark,2005,0.40794278872971135,0.22381145610383157,0.10532937460649255,0.22381145610383157,6.3241,0.24611284239237108,"MSCI World, resident currency",0.06083304685706925,0.005147030589675028,0.05146265149065843,0.052916214582886756,0.005147030589675028,0.07389271298645794,0.027120264320515626,15,0.016761448668063395,0.030780789832432154,0.040579673179968134,-0.0006986459582450921,0.20526815338963633,0.3349867410355354
Denmark,2006,0.20179223242315114,0.08000196283297245,0.15651899481817022,0.08000196283297245,5.6614,0.06235787141612703,"MSCI World, resident currency",-0.030408259160973672,0.012734820256297796,-0.022683562796250833,-0.022688552003285456,0.012734820256297796,-0.04061091330249811,-0.005519420017194735,15,0.01884015307624365,0.16466746168021618,0.1476401645656702,0.024767261591463807,0.06906720697009439,0.0856933052692681
Denmark,2007,0.05388899598884023,-0.031184730791831927,0.03882567837934617,-0.031184730791831927,5.0753,-0.05015684450304825,"MSCI World, resident currency",-0.01330521982056243,0.026278101587992708,-0.0011319527577913213,-0.002073865342973158,0.026278101587992708,-0.023374450976570982,0.004291453316988392,15,0.016561687373591427,0.16427546647413793,0.145420718736337,0.011644528236934182,0.040800772041394984,0.14456275513291073
Denmark,2008,-0.4978233293549206,-0.3785847544724664,-0.3964276915067627,-0.3785847544724664,5.2849,-0.3813258394743958,"MSCI World, resident currency",0.08077986364466883,0.011991084851645795,0.11237036111979148,0.1030000411437566,0.011991084851645795,0.0617726442458042,-0.03202862582239954,15,0.03638100002273803,0.296341602964846,0.3186002258295284,0.03138761247384991,0.378445466501919,0.08427486273459928
Denmark,2009,0.34075752980063934,0.23891647587665754,0.23752121774879537,0.23891647587665754,5.1901,0.22455380816415382,"MSCI World, resident currency",-0.004608444047002225,0.007591091119293125,0.008295469941407063,0.007277675696211849,0.007591091119293125,0.04660146304415158,0.0479497465424479,15,0.010421466026020676,-0.05298018448722919,-0.04809243675974462,-0.019834602641820354,-0.1077274788743664,0.17318042607184814
Denmark,2010,0.29824161670870386,0.17895991597038963,0.0919133407924454,0.17895991597038963,5.6133,0.1852481719829433,"MSCI World, resident currency",0.053187979546029274,-0.014644435493050167,0.01332812370233194,0.017295786226875443,-0.014644435493050167,0.08441126551864109,0.0535010668818914,15,0.02198506101532982,-0.050642653771055146,-0.05312947961083736,-0.011732246102603261,0.024272813763794865,0.36510300565645837
Denmark,2011,-0.1848501441576692,-0.028363586117309936,-0.050720910683165206,-0.028363586117309936,5.7456,-0.057378480080278904,"MSCI World, resident currency",0.11293086641059302,-0.0172234121763456,0.046646127575554086,0.048058971782348525,-0.0172234121763456,0.0569552994670488,-0.00811300797594566,15,0.026558167698894186,0.031150305909195763,0.03217605561802861,-0.025979726392153846,0.05110886148104887,0.08272295918110628
Denmark,2012,0.23728614440329054,0.10585270763725729,0.12727261927951466,0.10585270763725729,5.6591,0.12886575470451023,"MSCI World, resident currency",0.03669682449189304,-0.022218726988366688,0.1069856869095398,0.10849509000806723,-0.022218726988366688,0.11742169351020104,-0.012974243520529694,15,0.02354268210652677,-0.12107369968325155,-0.12022449744642572,-0.014131120381582707,-0.1291602611191468,0.041288463008422926
Denmark,2013,0.29968654452480514,0.23150513832821584,0.29541506296531284,0.23150513832821584,5.4127,0.20202199215445416,"MSCI World, resident currency",-0.07201925254569508,-0.005429714818386389,-0.01960731347504896,-0.018426346163771368,-0.005429714818386389,-0.05372328993682962,-0.04122506210548729,15,0.0052270797104378985,0.09852112300882987,0.09410777532879622,-0.01307117198017016,0.05256269866438612,-0.3115366347493467
Denmark,2014,0.19348170752589255,0.2120637005322421,0.10333935787852438,0.2120637005322421,6.1214,0.18532705086161405,"MSCI World, resident currency",0.13944714797734914,-0.0028689835570375744,0.17943358378223095,0.18146108383291026,-0.0028689835570375744,0.18966355918393263,0.005391405684570253,15,0.0035202413879809047,0.08692551124453018,0.10116619329840537,-0.006284064445272408,0.2414046711300144,0.13547130782043149
Denmark,2015,0.33684453416615723,0.13458706582884128,0.040399178659705305,0.13458706582884128,6.83,0.09831415651586184,"MSCI World, resident currency",-0.03112893421249463,-0.0035072480977687004,0.01015889018985039,0.01044402984422943,-0.0035072480977687004,0.037482986244687266,0.023501834725847756,15,0.002255073916311634,0.14979057769654758,0.16672751530890584,-0.00531491867575451,0.2798803795229752,-0.029954808159415203
Denmark,2016,-0.0607596722206688,0.062133389611973344,0.037053996319035096,0.062133389611973344,7.0528,0.09705559435870148,"MSCI World, resident currency",0.04708433644687693,-0.004569223232050557,0.03501701648066402,0.035032031578910106,-0.004569223232050557,0.03932134929220865,-0.00017683050362754155,15,0.00017000000000000348,-0.14713235818930948,-0.15225698007413802,-0.014283553872012966,-0.11680786571919155,0.10335786658825352
Denmark,2017,0.17477300907328308,0.06768153319540549,0.16210075924111397,0.06768153319540549,6.2077,0.0685460474806785,"MSCI World, resident currency",0.020911411574622063,-0.01482141775908985,0.01023617978726521,0.009811668595310685,-0.01482141775908985,-0.017170001370814814,-0.04189946064287366,15,0.01057820170571011,0.00980187076109762,0.0060215568426409405,-0.00991627081888169,-0.0971137997942153,-0.022479869867982116
Denmark,2018,-0.08598379260498523,0.030244812581134095,-0.01569745075938949,0.030244812581134095,6.5194,-0.04465862859024761,"MSCI World, resident currency",0.013379137388134676,-0.011909261042125197,-0.0011546952175094383,-0.0011626489863775236,-0.011909261042125197,0.009804681649187907,-0.0008831526518271539,14,0.00709374227059123,-0.03962584024098814,-0.03983213842247768,0.0017853235335945072,0.04012376014027197,0.03337999654565116
Denmark,2019,0.2877259415690918,0.17359984578906817,0.14012801399423902,0.17359984578906817,6.6759,0.29312470652264655,"MSCI World, resident currency",0.06171842378884196,-0.01268719339139579,0.0595589428969201,0.06107740429429409,-0.01268719339139579,0.08254703812794806,0.008933947878862798,14,0.007279550455831396,-0.13262665426087372,-0.13757325397026787,-5.033643403207222e-06,-0.09071638171476726,0.19322259788922036
Denmark,2020,0.30135930518072707,0.0036060219546869554,0.0614303144022381,0.0036060219546869554,6.0576,0.04376110761188112,"MSCI World, resident currency",0.01396197202265781,-0.00481943620899139,0.03369069868685881,0.03237881887432059,-0.00481943620899139,0.010745486182443864,-0.026493646657075733,15,0.0033355114938604657,-0.07572816413243788,-0.0703697327525431,-0.00489791713896115,-0.15375139326012155,0.12166679081547582
Denmark,2021,0.16445263933541399,0.16744262454215253,0.177242815060693,0.16744262454215253,5.830730929664932,0.1260363592732603,"MSCI World, resident currency",-0.036454923856228394,-0.020452136703424162,-0.05284616048413271,-0.05299063930884629,-0.020452136703424162,-0.05149405802892293,-0.018911955393646703,15,0.01853045,0.0716708146203966,0.06772614444793379,-0.0646718177027612,0.012327299616665677,-0.12044821942610684
Denmark,2022,-0.17860258612650692,-0.10204505544167719,-0.13768339323913342,-0.10204505544167719,6.562084133065336,-0.1319616075629042,"MSCI World, resident currency",-0.14351958869775305,-0.06575001596847563,-0.19536419756379997,-0.1972432893923276,-0.06575001596847563,-0.18588649210349506,-0.05412314425339652,15,0.07696567,0.1414462576401767,0.17840448227418504,-0.04319532740699539,0.3192373201664467,0.06096720184959503
Denmark,2023,0.06117832385056565,0.13811736619867965,0.15855648640356834,0.13811736619867965,6.38763569048274,0.17447517214353936,"MSCI World, resident currency",-0.07574816820895469,0.0019220914560544866,-0.003749927660877006,-0.003633479735498324,0.0019220914560544866,-0.026655229715324857,-0.021768343752222356,15,0.03305178,-0.03413618443951527,-0.03421636365585112,0.017003513512843016,-0.03805707595074925,0.08389883300837986
Denmark,2024,-0.020318122792722382,0.177044650112415,0.1687767452707265,0.177044650112415,6.388067555494631,0.167792024197162,"MSCI World, resident currency",0.031026229265865846,0.020458062534905563,0.0033488174608740096,0.003475933240702389,0.020458062534905563,0.001101877222501102,0.01827566414384043,15,0.01432919,0.006051034982023751,0.00662359801346879,0.02171369326854866,0.022194417909154884,0.2334135547464986
Denmark,2025,0.03023050832709928,0.1551249263227421,0.17706718477276587,0.1551249263227421,6.132983613298945,0.13609066901452582,"MSCI World, resident currency",0.0011166345962818625,0.0027748299163607992,-0.005901199732499363,-0.005826207698652608,0.0027748299163607992,-0.0092392737840995,-0.0007243572399247445,15,0.02049498,0.08990796756587294,0.08680803093618783,0.015139307087717269,0.06293149612651594,0.5647741789860041
Finland,1927,0.7109637983659918,0.25258704407288657,0.2591358536601962,0.2532372711105706,0.3988523,0.2507307965683494,"reconstructed, resident currency",0.08843672521321833,0.04219442327041523,0.06705406068684816,0.06777592928807286,0.04219442327041523,0.09858234064581284,0.07501037426298555,15,0.017084696474009453,0.2608387038973432,0.2578521188541598,0.06069651650102048,0.24642995809780643,-0.013304627618079379
Finland,1928,-0.10377402089709453,0.2741348572881497,0.3258823681628719,0.27336311588445983,0.39640949999999997,0.27081638965269095,"reconstructed, resident currency",0.01614613644605467,0.044369767732745036,0.0765528930252668,0.07307154175287067,0.044369767732745036,0.03677763868796968,0.00632554371755818,15,0.024541339051703526,0.30729655055826255,0.2951442758989038,0.05045226040342521,0.25356100114439206,-0.04092703658481023
Finland,1929,-0.14562722503482417,-0.05541252199811175,-0.07384804989449793,-0.05553003683783453,0.3996519,-0.05741897676415886,"reconstructed, resident currency",0.06927907809821177,0.07827513505542538,0.091658765755529,0.09094022123179357,0.07827513505542538,0.06832832282810086,0.05488012584803267,15,-0.007674418604651123,0.23048240513959772,0.22624833060511418,0.03785806464463959,0.20328200727609524,0.0102203818462554
Finland,1930,0.044315517782982594,-0.14105505528901374,-0.1850474263959764,-0.14085471256601168,0.3967953,-0.14257300314087962,"reconstructed, resident currency",0.1706478874410633,0.15368447756089965,0.2022807679086509,0.20049230463591883,0.15368447756089965,0.1513500253957627,0.1027565863501884,15,-0.08120459339114139,0.23046658056980762,0.23259308108317445,0.10740235214556271,0.24644866784043717,0.11843407364311043
Finland,1931,0.17432023976532696,-0.08892982603994781,-0.2924398564264702,-0.08857290742602242,0.518175,-0.09039576161117036,"reconstructed, resident currency",0.17827593726175062,0.1468535973469014,0.08565578384764794,0.08346874002881433,0.1468535973469014,0.2858413873269352,0.3582320934002684,15,-0.08009182502231849,0.35682186898876767,0.43456744015416104,0.15094084355712933,0.7593831610796085,0.4237197737604641
Finland,1932,0.018963775672440786,0.19414849708576276,0.10604095121134269,0.19376801746448158,0.64883,0.19138048142955255,"reconstructed, resident currency",0.09098265030358377,0.05969637685379947,0.18255909307092044,0.19225023263332175,0.05969637685379947,0.2962507422294498,0.16716776100570083,15,-0.009150145570497759,0.04944822197808074,0.05837341289884912,0.16025907588768828,0.3087543443118903,0.2638100465863966
Finland,1933,0.48099910392744705,0.2738726271240315,0.38910530017851075,0.27426029557344833,0.53572,0.2717117749823015,"reconstructed, resident currency",0.2019264760143602,0.07725587952976065,0.12144049877078533,0.12987086092422162,0.07725587952976065,0.18756947542670477,0.13726883967963943,15,-0.029942633272701746,-0.0666845050054744,-0.028282891878385508,0.030170519994877854,-0.2791398369840118,-0.1990765523994713
Finland,1934,0.1645953674512226,-0.03626209562277294,0.016751445907849806,-0.035889200351754025,0.450595,-0.037817421951050534,"reconstructed, resident currency",0.08946954588173472,0.04999563037737231,0.17786106904573318,0.17389082253722576,0.04999563037737231,0.13822558885088698,0.013208453661056378,15,-0.009519688446560037,0.012480461095210726,0.012054025896854448,0.008767156750223437,-0.14855970363961746,0.44467659888159483
Finland,1935,0.1189896547397149,0.28538419688524463,0.2698685864185772,0.2850341270111145,0.46308,0.28246405875709235,"reconstructed, resident currency",0.0531877354980288,0.027227129571200992,0.02343195736691639,0.02223711288284269,0.027227129571200992,0.01706180875176555,0.022103152233940066,15,0.009611183923110556,0.05078480071268898,0.05127195341779989,-0.0020322077192309607,0.06241721475796469,0.006443560730325482
Finland,1936,0.45579013228416443,0.25837359332303844,0.26178767308421524,0.2587096673064988,0.45672399999999996,0.2561922479718859,"reconstructed, resident currency",0.07014147192239761,0.03635000064969063,0.0702903839399438,0.06732399084779828,0.03635000064969063,0.021425972455085374,-0.010884048448511636,14,0.0,0.32056639017580624,0.3135616701716235,0.012372876775614161,0.2908813637400143,-0.013562764288856721
Finland,1937,-0.058080549404833426,-0.25984414690583246,-0.23463740875889993,-0.25944322238256723,0.45922100000000005,-0.26092433593780207,"reconstructed, resident currency",0.006047752514420246,-0.015190206219923064,-0.014617003566313791,-0.01522557409558778,-0.015190206219923064,-0.0856047066858665,-0.08789241265804702,14,0.05005048319630734,-0.08042545477153151,-0.08026151130073245,-0.011132956950033579,-0.08403705622247326,-0.04150466919203433
Finland,1938,-0.010060089057465915,0.01847009962693469,0.05248755269805899,0.0184003118852063,0.464215,0.01636351126143598,"reconstructed, resident currency",0.017101679781706958,0.00442434044434048,0.03273394231243598,0.02755719162837944,0.00442434044434048,-0.003456814124547458,-0.02728010035635025,14,0.02939560439560429,0.08553171399089488,0.08583520267480282,0.047570894586841384,0.08863038472863938,-0.014821389321641343
Finland,1939,-0.07197737266741155,-0.058046842382943886,0.023242620965843307,-0.058078261416959376,0.444235,-0.059962104894125456,"reconstructed, resident currency",0.02887726041695715,0.015758339544270195,-0.05051622824377189,-0.04688045027342025,0.015758339544270195,-0.1348227466699904,-0.0743149163181823,14,0.017614091273018495,-0.1098439485811401,-0.10194208966744922,0.022205827566040615,-0.16953700988025966,-0.0728519922865497
Finland,1940,0.02372938546857073,-0.10859159235884686,-0.0855563346214132,-0.10829030872636247,0.49870099999999995,-0.1100737281089097,"reconstructed, resident currency",-0.12056151693718653,-0.1334969062271565,-0.06822763966220957,-0.06447334661505677,-0.1334969062271565,-0.018035383347822065,-0.08570485594368406,14,0.19053238919485982,-0.14133941336701838,-0.14098932544208143,0.0059249679692383594,-0.053291043240572655,-0.06370306324923236
Finland,1941,0.2325362195083307,-0.12238686459243475,-0.0535363703549098,-0.12153153401852368,0.48608,-0.12328847095048667,"reconstructed, resident currency",-0.11401687152680262,-0.12768318052296423,-0.07584535165968864,-0.07731606643604949,-0.12768318052296423,-0.0908445201393907,-0.1414306891968183,14,0.18173807688071375,-0.14949685618107467,-0.14550073535773056,-0.07583315048804296,-0.21965321408386052,-0.21424410422794637
Finland,1942,0.11048713842590363,-0.05275337324603846,0.04013855897442582,-0.052261800879970566,0.48568799999999995,-0.054157277278210625,"reconstructed, resident currency",-0.11044797412626328,-0.12416933344232817,-0.10032247431436314,-0.10287049225659495,-0.12416933344232817,-0.16061855761616262,-0.18458107499575666,15,0.17699692422406565,-0.11541956407854681,-0.11546743448079744,-0.07087970183543024,-0.11664821020015803,-0.1405604398151865
Finland,1943,-0.1289603148453592,0.04698002702253712,0.10887395499273006,0.046388406248922154,0.48568799999999995,0.04429562943642429,"reconstructed, resident currency",-0.07399383809515059,-0.08783528355677794,-0.08874265198130771,-0.08691963168104155,-0.08783528355677794,-0.10390486238073382,-0.10540024398402553,15,0.13066202090592327,0.11103176626510058,0.11313004126550785,-0.019568422192413393,0.1209756838713596,-0.09432231404533953
Finland,1944,-0.0979910985652902,0.06934729617900182,0.10114356065195618,0.06888711885560395,0.48568799999999995,0.06674934461789284,"reconstructed, resident currency",-0.015602135057154465,-0.030034328309087255,0.00914569096877571,-0.004186937480759045,-0.030034328309087255,-0.0681357428452074,-0.09620303327147098,14,0.06359434094410976,0.04270233666182155,0.04073723626679526,-0.011389603351630306,0.01652883548397366,-0.06728945511237727
Finland,1945,0.46637376831363153,1.4068844261017341,0.16934406609733105,1.4046671606464995,1.3571069999999998,1.3998578263252064,"reconstructed, resident currency",-0.2533229090090737,-0.2645908149174987,-0.22803043104324172,-0.14762450174794295,-0.2645908149174987,0.8974604580491032,0.8032441832906394,13,0.4022125642038721,-0.1265108775314191,0.12461053409038647,-0.013237632217602213,1.3886016613017937,0.9850180963550008
Finland,1946,-0.48995376307881666,0.6323911943059373,-0.054313112751765404,0.6295114949894307,4.0,0.6262524719994518,"reconstructed, resident currency",-0.34276227917778945,-0.35290018529364064,-0.35004663094958843,-0.32515090184906836,-0.35290018529364064,0.36218458099608264,0.3491618175235895,12,0.5930309007232084,-0.018085718682925744,0.44708864291438344,-0.1458067950930625,1.5980183867247963,0.6898594530638873
Finland,1947,-0.23185388304692678,-0.24926010321123981,-0.1093867391734624,-0.24921734939452744,4.1,-0.25071891469573837,"reconstructed, resident currency",-0.23386267313963915,-0.20700118841125292,-0.24785000682589686,-0.24957093821922516,-0.20700118841125292,-0.25627552451453683,-0.21366380826125256,12,0.2992453275160665,-0.1534120841815283,-0.14827376668954295,-0.07460156340503099,-0.10868494227131331,-0.17619949655933398
Finland,1948,-0.44519841319390674,-0.0009829597900196108,-0.10020525623909739,-0.001818432344619092,5.4,-0.0038147954799298,"reconstructed, resident currency",-0.35287263816260395,-0.21872211317477608,-0.23067731571417205,-0.22570147855017964,-0.21872211317477608,-0.06721861533908224,-0.05727932703833614,12,0.3464479386472441,-0.25299940677769883,-0.24997215902406755,-0.016410018909050028,-0.009502251289341457,0.02151186675306449
Finland,1949,0.4098821531789958,-0.32050024071693495,0.07749883537994809,-0.3196291919734394,3.61,-0.32098993358949257,"reconstructed, resident currency",0.19884974309735037,0.029190611965353552,0.03984417531460149,0.03683649486235896,0.029190611965353552,-0.3106350258999091,-0.325409824157405,13,0.013514879849011008,0.20067100613507738,0.13401342799032068,0.031435476496074255,-0.21408966662361906,-0.3368310398615274
Finland,1950,0.6014504020523317,0.4841764956262429,0.1885955578476583,0.4843584860715453,5.0,0.48138976909940223,"reconstructed, resident currency",-0.15430888358187855,-0.07414083040919583,-0.08164452581365267,-0.07419864161121836,-0.07414083040919583,0.23441024743667427,0.24209381789444323,14,0.14666467145517426,0.035252562992381664,0.054974720799867205,-0.044909057796571394,0.3036740791849071,0.14885161899598942
Finland,1951,-0.022303861504682554,-0.08937322173813034,0.13386698640026312,-0.0892365197346805,4.35,-0.09105804669521111,"reconstructed, resident currency",0.09433082527673675,-0.08885186075354068,-0.10181332126422027,-0.10066339025708526,-0.08885186075354068,-0.2389798806561101,-0.23075475780343596,15,0.16276372072790557,-0.11047214041503628,-0.11135717989785776,-0.044855439335450886,-0.24689697725871296,-0.2400915139988783
Finland,1952,-0.13694630893149018,0.011774700197899834,0.086256629401462,0.01152671432904473,3.85,0.009503660900386679,"reconstructed, resident currency",0.030030449123066294,0.03774711532868524,0.06476088667988922,0.05997326495622435,0.03774711532868524,-0.021288330543523304,-0.04578363009714524,15,0.009976306272602598,-0.0062403826950905295,-0.003898123594550107,0.003226921042449371,-0.138889961474303,-0.11493131407332269
Finland,1953,0.3414189334390527,0.09162472582123105,0.06485496081417029,0.09194744677003741,3.95,0.08976355187649743,"reconstructed, resident currency",0.08457104091422041,0.028308260958578746,0.05120892595502746,0.05199334958910051,0.028308260958578746,0.07377990095700349,0.05086462219240042,15,0.019878997407087207,-0.047077546739224374,-0.04661006626015263,0.006703548557218442,-0.05439922892760651,0.003086582053242637
Finland,1954,0.05448929965496063,0.3257068278079558,0.46462224110120787,0.3252282873867749,3.54,0.3225778308120013,"reconstructed, resident currency",0.04940541833639145,0.04935000091791153,0.07775785448979544,0.07110405429961508,0.04935000091791153,-0.04519029291929877,-0.07006706522244256,15,0.0,0.5494524023790428,0.4830664899825976,0.018564239040369523,0.35275135127961055,-0.10031401674877771
Finland,1955,0.6516518221188101,0.3168816228032396,0.2528941114225949,0.31730035426295533,3.58,0.3146657535544295,"reconstructed, resident currency",0.10134631261547278,0.08655206476316013,0.060733818068489764,0.060272928600353826,0.08655206476316013,0.05433828589396428,0.08056960252068045,15,-0.02917675544794185,0.5182349137205229,0.5039441391348054,0.011922977581826144,0.46911540197855794,0.03153427118431673
Finland,1956,-0.07757124707057572,-0.0558971457740286,0.02549099342079991,-0.05593192843103001,3.58,-0.057820064574167995,"reconstructed, resident currency",-0.016953777668750836,-0.05309853396925568,-0.08265000909051379,-0.08266788788979784,-0.05309853396925568,-0.10592339985670585,-0.07698191558008259,15,0.10998877665544327,-0.0747738288773413,-0.07386855472167297,-0.012271588679896195,-0.1176978684733524,-0.11502186723701968
Finland,1957,-0.23760875460476905,-0.10467109588893297,-0.08829758452037927,-0.1048620688795543,3.8,-0.10665234474179519,"reconstructed, resident currency",0.028492652282216424,-0.057194935770377264,-0.08096252785126412,-0.08096081513047937,-0.057194935770377264,-0.052441250958628394,-0.027053376051952207,15,0.11279631502078424,-0.20428191524955275,-0.208630220729758,-0.011143687996010843,-0.1769139763288906,-0.046467563305602755
Finland,1958,-0.006924149905323418,0.195895545547089,0.2943431878295102,0.19563881209133727,3.64,0.19324753446715448,"reconstructed, resident currency",0.0770386920678976,-0.022585970640411124,0.02232529331176214,0.01907962289906573,-0.022585970640411124,-0.01736543124486556,-0.060203009300714636,15,0.06602725896012118,0.03613500433631778,0.0316595767110599,0.006882515564111014,-0.014711458023501378,-0.09610222746745511
Finland,1959,0.4097801798305234,0.17895631153761427,0.23280857832839816,0.17916567244761317,3.5,0.176807341102718,"reconstructed, resident currency",0.10834651897061875,0.024041797526943798,0.04369833163898429,0.04163668289206601,0.024041797526943798,-0.0014588280214499205,-0.020455933273123745,15,0.015437067904157553,0.21042133231571514,0.19868086883509717,0.010506777644549326,0.14156488965099134,-0.0620348050827233
Finland,1960,0.11262485169797865,-0.04366396204800049,0.02642388570613629,-0.04350382106679285,3.3,-0.04541681342465931,"reconstructed, resident currency",0.09347120202595827,0.008069499406221814,0.01003252374551633,0.008217495870547653,0.008069499406221814,-0.04140321318296358,-0.04317442183702132,15,0.032270098862152485,0.0013933991853793959,-2.7462822995594216e-05,0.012803101551821738,-0.06733681386997503,-0.09091396357869219
Finland,1961,-0.025398201789352592,0.15147367721942584,0.17501764898739844,0.1512796370148195,3.219,0.14897707774078994,"reconstructed, resident currency",-0.015200431121762614,0.023112247182591084,0.016826325807113962,0.016473619084885094,0.023112247182591084,-0.001571673010258734,0.004576249430064887,15,0.018070112034694663,0.009264226979813328,0.008631185789986118,0.023604783271376606,-0.022161630673550703,-0.041015104868661334
Finland,1962,0.09596485726927129,-0.12267291989538953,-0.10281653815831052,-0.12247798286821254,3.223,-0.12423302690247617,"reconstructed, resident currency",0.44448708007293325,-0.003962789793284349,0.060753089096464485,0.06049231787866716,-0.003962789793284349,0.054813771206830175,-0.009871477201012727,15,0.04463968761093362,-0.1671922605833831,-0.1660340365678623,0.01825126995188109,-0.17439028667220768,-0.046017066661510175
Finland,1963,-0.0006373296235279158,0.11319770280686647,0.13908957436875952,0.1130821914386193,3.22,0.11085602705574216,"reconstructed, resident currency",0.10257501214409492,-0.0071317879673229445,-0.006886179662351388,-0.006828961661561217,-0.0071317879673229445,-0.00908783151113235,-0.009233801484038058,15,0.04867895675813427,0.04172561000003938,0.040893069252406766,0.01837742808505438,0.030729097743732225,-0.055272033586114655
Finland,1964,-0.014254464471835537,-0.018057885839328103,0.06095484382998352,-0.01805455359964081,3.22,-0.0200184444924415,"reconstructed, resident currency",-0.060900683756389906,-0.058251210087599925,-0.06757030572591283,-0.06746775165447116,-0.058251210087599925,-0.06513600471635861,-0.05553747051899655,15,0.10353208036292938,0.16062491235385057,0.1609515390764713,0.027000180476569158,0.16210805297353748,-0.09559722190486497
Finland,1965,-0.100982102224065,0.0411752321225376,0.06400466067614605,0.041061396061074396,3.22,0.03897927326895223,"reconstructed, resident currency",0.13379495135374242,-0.008879767728483867,-0.008773894446044372,-0.008651315887012179,-0.008879767728483867,-0.005907641286415188,-0.005910790631762705,15,0.04815739245338424,0.09800154148710205,0.09931812902576742,0.03155536016230376,0.1075039072764461,-0.04528956919340832
Finland,1966,-0.10449190274322773,-0.09601830471800654,-0.09154510718408701,-0.09602419871053713,3.22,-0.0978321503131161,"reconstructed, resident currency",0.040419557181530896,0.00013349231513282156,-0.01534037722733983,-0.015103870643485395,0.00013349231513282156,-0.00916755371868161,0.006517824661781102,15,0.03936125507774202,0.05052162748788547,0.05066031712211627,0.010884962315295343,0.05214273461945518,-0.05351332664000008
Finland,1967,-0.06551086884937773,0.4682857928882358,0.18249582402829354,0.46795279914169385,4.2,0.46501689354341047,"reconstructed, resident currency",-0.06833932102182805,-0.017924470720044106,-0.018701170785249466,-0.00610533374708877,-0.017924470720044106,0.24786331522845773,0.24798681132718361,15,0.05633423180592989,0.04467268982489636,0.07864111069260082,0.01912916025527034,0.3758924405682025,0.2266627702971442
Finland,1968,0.2860808030805124,0.10489196926204625,0.15974399425602964,0.10497612065617656,4.2,0.10276616841486419,"reconstructed, resident currency",0.2141877132184764,-0.0447494728387543,-0.040423695905541956,-0.040387003778852515,-0.0447494728387543,-0.03705155389783421,-0.04099943035844208,15,0.09186016841030864,-0.09205472781191038,-0.09203834876178818,0.011003722479790534,-0.08255069386113656,0.08777739702713006
Finland,1969,0.23143039702878498,-0.069359656586094,-0.0947017794355953,-0.06921070521623796,4.2,-0.07107228380580544,"reconstructed, resident currency",0.05699987261652639,0.019044803215480854,-0.03210850063812276,-0.03195374513630189,0.019044803215480854,-0.016110458322229126,0.035853972315074235,15,0.02208459920542194,0.18962714823516946,0.1956876084139123,0.01323387456286551,0.2202083786173874,-0.1867956998240995
Finland,1970,0.21572244392685969,-0.03377006738944355,-0.0573953889528753,-0.033611771508627375,4.18,-0.07170773220564164,"MSCI World, resident currency",0.04183422640503287,0.013993981281689605,-0.0064043150478749755,-0.0054309071633850126,0.013993981281689605,0.014052196960547603,0.03503923071360413,15,0.027323653824168348,-0.04370594824295626,-0.04310632287973093,0.020938455464238448,-0.012346952328083027,0.027692118288667134
Finland,1971,0.12467193787278696,0.11937496773007683,0.09598828239967064,0.11937946593498383,4.15,0.140958158501433,"MSCI World, resident currency",0.019489524459405327,-0.013169379267048753,0.03172850740004418,0.03748585182246966,-0.013169379267048753,0.10046112774685123,0.053220189544109724,15,0.06482305809036282,-0.1355968960210887,-0.1357377616060823,0.017643971771362565,-0.13375180907316953,0.09400495006874565
Finland,1972,0.5929753917632417,0.17198945182643244,0.19587899240445977,0.17234876289954815,4.18,0.17049567587571213,"MSCI World, resident currency",0.05028323025395043,-0.026350057479306743,-0.009424633352876466,-0.007458272816198264,-0.026350057479306743,0.013103830230686064,-0.004881927285636885,15,0.07143230391388422,0.08149207254652135,0.08278136106018885,0.01154035341542925,0.09082165232179329,0.39098272602509954
Finland,1973,0.29899532120431926,-0.21948410647631034,-0.15533328117779704,-0.2189372234362219,3.845,-0.32618127739792513,"MSCI World, resident currency",-0.12744659726555596,-0.047784003885690374,-0.10830326607489993,-0.10923206374019023,-0.047784003885690374,-0.1039899795670961,-0.04222007734119157,15,0.10983222785797886,0.3209514865255514,0.2872056691451512,-0.005739170208360234,0.21472798577696817,0.3926315446440767
Finland,1974,-0.2922758523510899,-0.4031299794932831,-0.3385304737417628,-0.4029325203177283,3.551,-0.40392599583424516,"MSCI World, resident currency",-0.11696947876230701,-0.09400264331681585,-0.16800611590651593,-0.16688087458021705,-0.09400264331681585,-0.1603994777879073,-0.08742723321345461,15,0.16672525927227988,0.07034967320028906,0.05883954022509874,-0.018682411153460032,0.01873291758636042,0.2972314630099111
Finland,1975,-0.12262186294303579,0.21063886216374672,0.21471259015035066,0.21001473309200125,3.85,0.27065236289602645,"MSCI World, resident currency",-0.10582042928022728,-0.1033146830828332,-0.08220605399833603,-0.07983899404342576,-0.1033146830828332,-0.054561844400496384,-0.07589953599653748,15,0.17811676082862515,-0.19319844544390508,-0.1951517414663917,-0.002214119066057396,-0.09827093457118363,-0.2977560559925442
Finland,1976,-0.24249323028818504,-0.03350523658679627,0.06131782822278861,-0.033800054386928235,3.767,-0.000978623057778294,"MSCI World, resident currency",-0.09232078082177264,-0.07505465206063466,-0.08459774760233862,-0.08438695224313808,-0.07505465206063466,-0.10433462268306193,-0.09787931861862417,15,0.14341890725406814,0.07457432362031935,0.07118068957986701,0.0049242743921680265,0.05673433394776817,-0.17689963005458076
Finland,1977,-0.21455750582156363,0.010220185269925963,-0.06565756050985133,0.009994948995958763,4.018,-0.009094334688422356,"MSCI World, resident currency",-0.006064013371522403,-0.07065855254157105,-0.05197890426658902,-0.032566467278741684,-0.07065855254157105,0.07582672642675226,0.044372816080719045,15,0.1266042220047532,0.18726007103251607,0.20920103806895574,-0.011551278487003214,0.2728964534702103,0.15420396035971762
Finland,1978,0.10606896500291318,0.05930893374385793,0.030041431282694094,0.059347399339314544,3.926,0.06492770309045315,"MSCI World, resident currency",0.1570731591835961,0.03670096791790933,0.0385668260005787,0.03860552035606046,0.03670096791790933,0.06992612378911556,0.0706313541808426,15,0.07797880525153267,0.3130229969686644,0.2896651751771515,-0.010424790546951224,0.2227305767314982,0.22150959679193805
Finland,1979,0.1747684904339406,-0.013701433635626037,0.055807460029842375,-0.01353888480933374,3.711,-0.010587589278561849,"MSCI World, resident currency",-0.029337759051791923,0.01670752984850643,-0.06302834753450892,-0.06237353973148985,0.01670752984850643,-0.10281547063103325,-0.02628341560029174,15,0.07468631288131689,0.2717765878274103,0.24841852674804432,-0.02032579690849734,0.18005196151396863,0.918531588225572
Finland,1980,-0.06732432471493466,0.18436618139289784,0.12392056062236395,0.18410474885400463,3.84,0.18501332973926066,"MSCI World, resident currency",-0.07570104434759006,0.006743980973363373,-0.04399661972993263,-0.04483076861521851,0.006743980973363373,-0.06768516962864102,-0.01771756833161881,15,0.11594078707770095,0.08274118396822394,0.08717367684335975,0.000695567814542164,0.10970113388332825,0.05285447738246574
Finland,1981,0.1063887807672923,-0.013412216002171684,-0.05871932993031649,-0.013320355076675838,4.357,-0.017251632545190798,"MSCI World, resident currency",0.006931349910948681,-0.004876136460160718,-0.06266436027774636,-0.0648857321932691,-0.004876136460160718,-0.07911283751877296,-0.020866725518363046,15,0.12007832447063782,0.026186337487828615,0.05963016647762731,0.06875376114405274,0.22184542054847278,-0.31665164834842263
Finland,1982,0.2924418501055237,0.21099748529228535,0.07503291043921698,0.21107115089798012,5.291,0.25293902980382255,"MSCI World, resident currency",0.026062750987015715,0.019132281046259525,0.10253707026697123,0.11352362287493856,0.019132281046259525,0.1519493463685302,0.06239252346248046,15,0.09567065437219346,0.13948392234043516,0.20281495321644916,0.08419578734237465,0.4246901482664138,0.29590592029752316
Finland,1983,0.5577756637609805,0.24519673117997232,0.2095457644440491,0.24553577842658592,5.81,0.25509253870721516,"MSCI World, resident currency",0.010531057093282392,0.05816115623492624,0.07213239526421211,0.06282014143741765,0.05816115623492624,-0.005876962562831434,-0.018286625222653556,15,0.08365661369040178,0.10526562965295216,0.11198837025014297,0.04999397713684739,0.1588111304506694,-0.15135963088384752
Finland,1984,-0.09288699941339273,0.11780425843408837,0.08522377180223195,0.11748402050452378,6.53,0.0876580377362246,"MSCI World, resident currency",0.03666894644489194,0.08812316789767483,0.13154473501910147,0.12289516806121936,0.08812316789767483,0.056918815543284484,0.0162991969955219,15,0.07067382643339681,0.13686709826378896,0.14728056511212184,0.06256920408590982,0.21387762010387767,-0.1561086711619435
Finland,1985,0.09678425323680195,0.13983958356205006,0.2587606532007114,0.13977373571203788,5.417,0.10647191709773618,"MSCI World, resident currency",0.07607979526580366,0.07172544610329701,0.12038139398448955,0.11273345471537644,0.07172544610329701,0.05895304985986449,0.011725752667611911,15,0.05867443240036674,0.31485509862998984,0.24689954682361837,0.041566294338919674,0.03567739215996846,-0.1755782803484276
Finland,1986,0.6099689780889033,0.20142011517006764,0.2543640124035317,0.20194527229721704,4.794,0.22457494600388173,"MSCI World, resident currency",0.11669713332362952,0.08749048967221063,0.16553917662815332,0.16166388614349114,0.08749048967221063,0.15053937717130106,0.07453127198142712,15,0.028997503947837622,0.2968142226969124,0.2539599759667328,0.05503815580608573,0.10098245526715743,0.024665244955072385
Finland,1987,0.25960059493195775,0.002860984931390975,0.07542202322316592,0.0033104547551068286,3.946,-0.08438522496392009,"MSCI World, resident currency",-0.042819552817473294,0.056534476578235626,0.04748564549619427,0.04639436247011064,0.056534476578235626,0.013514914874969808,0.021355728477752408,15,0.04081632653061229,0.25749816350941,0.2036355368386975,0.0219249880214456,-0.005014916182659923,-0.027521943091950662
Finland,1988,0.282604003368665,0.15898598226991112,0.14127770332825257,0.1592798152588899,4.169,0.24784167597263274,"MSCI World, resident currency",0.011971886224617645,0.07098524244539584,0.08285973924258738,0.08025568940068495,0.07098524244539584,0.04004530377432225,0.0290398180593109,15,0.05096374510993007,0.12979895021688437,0.13006652672415941,0.030389429819428715,0.13218612123118278,-0.15798043901185665
Finland,1989,-0.20747192583484253,0.09538325946943349,0.21788294296747712,0.0944846019302441,4.059,0.059417951651925094,"MSCI World, resident currency",0.0010089071156207385,0.06905137335692024,0.021843956881981486,0.019127093038247445,0.06905137335692024,-0.041048758711213384,0.0031254823499488197,15,0.06633478531425019,0.07519602682734661,0.06865369092122942,0.04313487985098852,-0.00021490530703138777,-0.11868920946660366
Finland,1990,-0.345537213602066,-0.18982790029723118,-0.13260593257539877,-0.19018192010345814,3.634,-0.3142062406903444,"MSCI World, resident currency",0.05128668486475951,0.06574852760314931,0.038346344995868975,0.036891535898349925,0.06574852760314931,0.015232574575931634,0.04245374526308014,15,0.0610304727951787,-0.017018131759938604,-0.015010378245719824,0.019629465469601426,-0.1673255027669589,-0.19586815237627253
Finland,1991,-0.22931153086640643,0.20949785891231887,0.05169909723311784,0.2086761983902099,4.133,0.3207679851800782,"MSCI World, resident currency",0.09201275481167959,0.0877450797637429,0.15948700123070392,0.17629456574811986,0.0877450797637429,0.2667714706392228,0.18782160211903942,15,0.041160000000000085,0.048335787424641063,0.0504045053334683,0.0295655869605842,0.12333729007659877,0.001229435131566703
Finland,1992,0.05266935792121075,0.233275925664729,0.006860376528357998,0.23305569162983675,5.245,0.17733336937729938,"MSCI World, resident currency",0.15668687706386453,0.05040284044843579,0.09031091547132353,0.10861572432827038,0.05040284044843579,0.2490289597434634,0.2035828719049728,15,0.026019055668677238,-0.05837711735515283,-0.07459684372065445,0.008383806062487231,0.14587881642695222,0.15586948490240582
Finland,1993,0.8889419917755625,0.27786284979038633,0.15046369429404535,0.27877580765871124,5.7845,0.32875363158189264,"MSCI World, resident currency",0.3518576108438445,0.03182515234747929,0.21023153465651268,0.21707508019427535,0.03182515234747929,0.25705188945290147,0.07352853991322264,15,0.021006318745611985,0.12918926675083542,0.13908643799993303,0.004321478172269577,0.21713807243694072,0.26247154956635166
Finland,1994,0.1643586595193982,-0.1523945480887875,-0.021312901427962834,-0.1515875451062434,4.7432,-0.15520299867068799,"MSCI World, resident currency",-0.12756283289441228,0.04613408687002574,-0.09552111552892517,-0.08773097013574938,0.04613408687002574,-0.17981286444556066,-0.051004544194082985,15,0.010864681990299774,0.06025614943014612,0.050061506098082686,0.016542435122898214,-0.14682729167920516,-0.2135264222873966
Finland,1995,-0.07259751352305377,0.10987954017952495,0.1866158878140726,0.10930274409430929,4.3586,0.09461682999119847,"MSCI World, resident currency",0.2760268340959613,0.02614251288841496,0.17838037172996835,0.17684351720301805,0.02614251288841496,0.1675571245592351,0.016754714249230813,15,0.009849982767065057,0.20698411802063088,0.19239179322245414,0.033488873052366586,0.1328095605812385,-0.08591323841738208
Finland,1996,0.4992009457337494,0.2693906902887353,0.1937493444801217,0.2699739419037406,4.6439,0.193834909209742,"MSCI World, resident currency",0.1539407451777559,0.02639832833114819,0.12419822780056133,0.13110146965191793,0.02639832833114819,0.1649726933351916,0.06331992104725616,15,0.005766121789114287,0.18589170051336268,0.20255586001016113,0.020154971252071885,0.2818834096180196,-0.0002518947753720191
Finland,1997,0.3353247187697621,0.393486454396456,0.23279681404172292,0.3932950770406085,5.4207,0.34112709480785264,"MSCI World, resident currency",0.10296843923682575,0.023236827665693127,0.11467666924714215,0.1199123409601135,0.023236827665693127,0.1558570652839899,0.06103322788446892,15,0.012163856764664915,0.10870440119892155,0.1368313429124799,0.038183713171633826,0.32532868429387807,-0.09314539123529797
Finland,1998,0.6976311932091264,0.13421897593331433,0.18495224796980128,0.13627053839605385,5.096,0.1505552820974283,"MSCI World, resident currency",0.16059973049304355,0.015929468242828593,0.12730450559429052,0.12496643226166992,0.015929468242828593,0.10887450332977444,-0.0008360186310916765,15,0.013490632270143132,0.12625566946965683,0.11997722522433785,0.0384762766424287,0.0823459994092528,-0.08604347642179444
Finland,1999,1.6358294369449191,0.3910887974850097,0.21790312578596666,0.3983839342031459,5.91850487756321,0.42451705684158525,"MSCI World, resident currency",-0.07591186134456218,0.030411733877124147,-0.052423812276523596,-0.0539153290447445,0.030411733877124147,0.002679667381323636,0.08915867549261369,15,0.013107317006913588,0.03642125896243331,0.04500279134184071,0.025016298269186832,0.20707529517073686,0.1453763660045484
Finland,2000,-0.11893949708860174,-0.021013695279697986,-0.04962313003986719,-0.022219698673301536,6.389822675980655,-0.08983191774357324,"MSCI World, resident currency",0.05964177096853618,0.012733322282773019,0.05953629663501547,0.059817728313470875,0.012733322282773019,0.0572424082066636,0.01032039156883881,15,0.029508768166461197,-0.04230670576782403,-0.04168063510779019,0.02935847551351123,0.055448664083907806,-0.012771539781430974
Finland,2001,-0.32426070056304135,-0.14180967375985776,-0.16228149296434893,-0.14382730584095427,6.746544876886418,-0.13414791351058597,"MSCI World, resident currency",0.01908339698589101,0.006358940692108073,0.013830269118193073,0.014050245847257559,0.006358940692108073,0.01800420973847139,0.010823687968979923,15,0.026657463959681715,0.06498865745105387,0.07346760549892051,0.024736810195639336,0.146998820857686,0.04457686983659892
Finland,2002,-0.34141101325354883,-0.3169323333672913,-0.2290966376245289,-0.317136668751982,5.6696195289405935,-0.34582192275987766,"MSCI World, resident currency",0.10007320887403437,0.003203409863951956,0.08319337327747123,0.08177279738652499,0.003203409863951956,0.07188760568604957,-0.006497259133724535,15,0.020066974478664568,0.03006788746352873,0.02383142796531046,-0.00596150761007852,-0.14588504410988778,0.02126849447550616
Finland,2003,0.0712170660414535,0.046471120870982485,0.1749545001372282,0.046639679753672114,4.707624703087887,0.09366761720251682,"MSCI World, resident currency",0.030284456150528216,0.008051845702355287,0.02450405596179417,0.023435018166535482,0.008051845702355287,-0.0014908958370677405,-0.017013492472980098,15,0.01290755800940091,0.2973100641510833,0.2442485773495473,-0.006956332666097742,0.07142037614359009,-0.018897267031156684
Finland,2004,0.07414966520490829,0.09083654958774412,0.12456083621524187,0.0907432512555626,4.365120035239704,0.05557680235442097,"MSCI World, resident currency",0.09488828473667699,0.020343674671767342,0.08683490397488614,0.08655890477764494,0.020343674671767342,0.0788210778547962,0.012576176744511124,15,0.0014731879787861502,0.19340630177243123,0.1780340519958794,-0.017486342515833142,0.09273063819250416,-0.04093635257033612
Finland,2005,0.3416622300302763,0.2320336568021819,0.10413201771133557,0.2325862792529405,5.0400356022717645,0.25504756821250485,"MSCI World, resident currency",0.06270382592636525,0.022867707940019244,0.06999987025165155,0.07072988037318884,0.022867707940019244,0.08159260710868899,0.03448479635470016,15,0.007747376679415607,0.04895338870569099,0.05821704396855032,-0.0006986459582450921,0.21391001961870182,0.34455869960853813
Finland,2006,0.20293597154089493,0.0864589545218506,0.1562416003712663,0.08715090254264402,4.514601366742597,0.06939001824012614,"MSCI World, resident currency",-0.02713785960230808,0.029649948655980696,-0.006360007318778171,-0.00632695154137819,0.029649948655980696,-0.034260355641541396,0.0010634214529143668,15,0.012748151031529709,0.18412023378127618,0.16488861756995532,0.024767261591463807,0.07614376541279233,0.09287991811782659
Finland,2007,0.23092860667487414,-0.03406828111339977,0.03766078619299175,-0.03247105296014019,4.03894436519258,-0.05141797688417804,"MSCI World, resident currency",-0.0024049985743932467,0.030036148059761958,0.002525723007571923,0.0015227836014617413,0.030036148059761958,-0.0246711430640848,0.0029580284620107276,15,0.015830690881137643,0.16853883456333363,0.14882204709897362,0.011644528236934182,0.03941887277904832,0.14304308828646373
Finland,2008,-0.5314175675593681,-0.36927071640798814,-0.3954447514604912,-0.37044286712124264,4.2722785082992,-0.373219866281163,"MSCI World, resident currency",0.07301342322022952,-0.025864508987091805,0.07075987539602258,0.06810226318662149,-0.025864508987091805,0.07568416850318127,-0.019346101625438743,15,0.03916097145694897,0.24784929712077886,0.2881506347128322,0.03138761247384991,0.39650609148471316,0.09848121485371153
Finland,2009,0.24183161329137803,0.21145768090069095,0.23749698472527675,0.21162748834941514,4.127259475218656,0.1975811798650724,"MSCI World, resident currency",0.03508075756856632,-0.00809745799258943,-0.007404046597481728,-0.008470905651956184,-0.00809745799258943,0.023548501180200354,0.02486708671879993,15,0.016339348701727152,-0.06772561744763139,-0.0623996734676705,-0.019834602641820354,-0.12738111507503846,0.14733937331514357
Finland,2010,0.2140492940574299,0.18099427711801086,0.09126788191694571,0.18116804653221918,4.449730579254603,0.18746808012100247,"MSCI World, resident currency",0.0581761175186557,-0.002905362352363605,0.025400449051820262,0.028996542394603253,-0.002905362352363605,0.08644231137910463,0.05547421954907708,15,0.016860347954591237,-0.03933244685137727,-0.04150751111707818,-0.011732246102603261,0.026191223434119504,0.3676597725371664
Finland,2011,-0.2936907851938759,-0.024504719812196152,-0.0493255687338695,-0.026041790491215466,4.595200556457223,-0.05512601764603742,"MSCI World, resident currency",0.07706132425798717,-0.026621938443143978,0.036636801708476385,0.038975776528042294,-0.026621938443143978,0.059480970753361895,-0.005742822125810018,15,0.03323864887479622,0.02128917027045829,0.022950809351535595,-0.025979726392153846,0.05362056228009959,0.08531020415770518
Finland,2012,0.10606142806638541,0.09237972187839283,0.12736700514882546,0.092440333225704,4.506389267849023,0.11517426572237688,"MSCI World, resident currency",0.07089245714982795,-0.028507353863816975,0.09986607832878192,0.10057202597339732,-0.028507353863816975,0.1038690042366246,-0.02494542097329758,15,0.031615288714609946,-0.12672653811069223,-0.12536180396434593,-0.014131120381582707,-0.1397222722709619,0.028659158364281234
Finland,2013,0.293769370921209,0.21109036748825138,0.2954217997040528,0.21142743910743045,4.311311725038069,0.18242496794064644,"MSCI World, resident currency",-0.050174086780576665,-0.019621814518069547,-0.033597104804337974,-0.03241964509454043,-0.019621814518069547,-0.06915080101491944,-0.05685633657146769,15,0.022155886545334402,0.0828456885702249,0.07828974744478479,-0.01307117198017016,0.03540236646837891,-0.32276091627430814
Finland,2014,0.09419253447840581,0.2075311429209714,0.10337628502551738,0.20707541718751754,4.897232517914504,0.1804488029747513,"MSCI World, resident currency",0.15867987743466627,-0.00987717109583075,0.1711441096726174,0.1737064867744187,-0.00987717109583075,0.18476746427118407,0.0012536881688132015,15,0.012095918511706882,0.07928621640976163,0.09376015062478205,-0.006284064445272408,0.2362956341690512,0.13079824269132478
Finland,2015,0.15042961668133747,0.13828531401918442,0.039964735318062564,0.13833307590844135,5.46131165610361,0.10194040612225108,"MSCI World, resident currency",0.0026723902097531838,0.0013669284995010411,0.015099912402694704,0.015360381382477195,0.0013669284995010411,0.04090839258055712,0.02688108018425724,15,-0.0015575701905028438,0.15541458481036918,0.1721694732697343,-0.00531491867575451,0.28410609736056824,-0.026752057858672074
Finland,2016,0.10221239355066936,0.05821448996476675,0.03676910833906152,0.058406021820710974,5.640574898017266,0.09320567331523355,"MSCI World, resident currency",0.033797778061454675,-0.0065017083545009235,0.03300768038968438,0.032959371777900426,-0.0065017083545009235,0.03567403628989463,-0.003685531685030326,15,0.003889999999999949,-0.1487880775699879,-0.153668726872493,-0.014283553872012966,-0.11990727107355803,0.09948582884386092
Finland,2017,0.10065740941824552,0.06832694923449956,0.16238545436693622,0.06847606013599594,4.957666972400572,0.0693412177590702,"MSCI World, resident currency",-0.027402151127060126,-0.011591000859412004,0.013548760964606332,0.013058890150507985,-0.011591000859412004,-0.016438617631700847,-0.04118647960251119,15,0.008397334369303344,0.013113027831943347,0.009239395059042366,-0.00991627081888169,-0.09644190711081957,-0.021752437525835222
Finland,2018,-0.03655880082138396,0.023187142602338895,-0.015577459419656561,0.022845458262059637,5.192777292576421,-0.05152001650155491,"MSCI World, resident currency",-0.016382015112923698,-0.014734836420446262,-0.004011024690773857,-0.004074442738125961,-0.014734836420446262,0.002552131050206796,-0.008058941813205425,14,0.011686028133396587,-0.04237215641702363,-0.0425662344676051,0.0017853235335945072,0.03265345391501251,0.025958124921247272
Finland,2019,0.19106295339315116,0.16324719444625035,0.1398380783663928,0.16340463318143672,5.2926206159871825,0.2818911660970209,"MSCI World, resident currency",0.018372538694351404,-0.014760758889350134,0.057333645248258236,0.05835038384809832,-0.014760758889350134,0.07314281295607494,0.00016920907748209566,14,0.011365522628521196,-0.13444832154963093,-0.13867761628955977,-5.033643403207222e-06,-0.09861544530302258,0.18285691991357966
Finland,2020,0.1766899530467363,0.011138235804804886,0.060775977660922194,0.01207277860534961,4.845350827153452,0.05256662601875961,"MSCI World, resident currency",-0.005248314019651423,-0.008053953873970898,0.030331016085853202,0.02944689365930686,-0.008053953873970898,0.01927247374534713,-0.01828082089545348,15,0.0038328232556792408,-0.07873221554695553,-0.07407039867963572,-0.00489791713896115,-0.14661215648544157,0.1311295476674803
Finland,2021,0.19973713883945554,0.1657345669068151,0.17712232680781964,0.16592074301158433,4.674895855808587,0.12633830381079636,"MSCI World, resident currency",-0.06040321408161997,-0.025620055261201258,-0.057843173991804275,-0.058177783897607194,-0.025620055261201258,-0.05123971793977711,-0.01864887847479631,15,0.02066185,0.06601687192068373,0.0624660735015925,-0.0646718177027612,0.012598753283148856,-0.12021236926599665
Finland,2022,-0.18005816295622679,-0.09700206538381528,-0.13744691905688328,-0.09746517042521641,5.259502363249291,-0.12800323435027616,"MSCI World, resident currency",-0.21163115651655628,-0.06373025712373448,-0.1936246521460383,-0.19580258048487753,-0.06373025712373448,-0.18217402370374092,-0.049809817053985316,15,0.07171630999999999,0.143913954952535,0.18160976073464363,-0.04319532740699539,0.3252532218993005,0.06580535669144139
Finland,2023,-0.058998211137075374,0.10592910723975901,0.15986122696096922,0.10492279498908585,5.111842138607323,0.16104073158798804,"MSCI World, resident currency",-0.005101093896632047,-0.00871855136517996,-0.014330332335839358,-0.014238252554941933,-0.00871855136517996,-0.0377890048402435,-0.03295801838062147,15,0.043404990000000004,-0.044393880085688786,-0.044489307423644764,0.017003513512843016,-0.04906042905474617,0.07150046581794678
Finland,2024,-0.02509699378944985,0.17481308048301858,0.16985445026539775,0.17370881248924208,5.1067305893466735,0.17258368366877064,"MSCI World, resident currency",0.013007611869992441,0.02650908962305598,0.009298391574912301,0.00939302244426976,0.02650908962305598,0.005209577217571759,0.022453831257250697,15,0.009105872000000001,0.012016632480088107,0.012526370382237584,0.02171369326854866,0.026388664369920933,0.23847447109080622
Finland,2025,0.3391166239910355,0.17131850168242946,0.17610486824975577,0.1723059715566999,4.899931121258789,0.13771115398512723,"MSCI World, resident currency",-0.003752101835589716,0.005754992740681031,-0.002946821341783701,-0.002899284665580981,0.005754992740681031,-0.007826082997410166,0.0007009789632018852,15,0.01844264,0.09314708277894734,0.08984915376927849,0.015139307087717269,0.06444762909127832,0.5670061249992844
France,1927,0.20084768914161844,-0.008709993300070273,0.2634388894909649,0.003550849801764011,0.25484,0.0015437481021605137,"reconstructed, resident currency",0.17212118779091123,-0.014691488539918973,0.008811239733524712,-0.001125561260497565,-0.014691488539918973,-0.1202916902117519,-0.13916733925307223,15,0.04444444444444451,0.1920185704217774,0.15182388801805247,0.06069651650102048,-0.0019002207307716734,-0.20988706426527837
France,1928,0.4836086928844452,0.30233280897909465,0.31441124311247326,0.31368276618555857,0.25504,0.3110554006531874,"reconstructed, resident currency",0.17705826461315155,0.03020000085234642,0.06194647296228162,0.06198527063822712,0.03020000085234642,0.06960606862318297,0.0381897413730496,15,0.0,0.2895594540458133,0.2903948926411348,0.05045226040342521,0.29325363914115865,-0.010559040201249648
France,1929,-0.05915604269714114,-0.12986853153988498,-0.07501969207108437,-0.1250626964689472,0.25536000000000003,-0.1268125710760093,"reconstructed, resident currency",0.2198225247859953,-0.027382001131773137,-0.015309794617934802,-0.014370683280528929,-0.027382001131773137,-0.010322891654968025,-0.02278102125360624,15,0.06382978723404276,0.10991090828401706,0.11065567151671907,0.03785806464463959,0.11469539095634995,-0.06415287797467917
France,1930,-0.27511117836036303,-0.2093388821717811,-0.17695031640194636,-0.21459822203096324,0.25478,-0.21616902558690132,"reconstructed, resident currency",0.0930307873404852,0.013366335836967558,0.05605204899580718,0.05783363651005491,0.013366335836967558,0.052525539319805414,0.008103048755942026,15,0.010000000000000009,0.08080973123437718,0.08861366000547855,0.10740235214556271,0.13946152552717628,0.022434881303989407
France,1931,-0.29096879541259457,-0.3338762675643059,-0.29187509555446833,-0.3306531244523422,0.2551,-0.3319918182034375,"reconstructed, resident currency",0.03599181592694878,0.057480411930489694,0.0010516845165053912,0.0022032060543082377,0.057480411930489694,-0.055685394838872915,-0.0025220718219618023,15,-0.03960396039603953,0.2510860603775351,0.2590033003700414,0.15094084355712933,0.29208099183667025,0.045571708353222995
France,1932,0.36596832255070866,0.012193977502521047,0.08429603850135087,0.03926758951286469,0.25461,0.0371890543338389,"reconstructed, resident currency",0.05809768136929372,0.11660227302292525,0.24606274037407005,0.22530328664141663,0.11660227302292525,0.12848674497274715,0.016110004449514343,15,-0.09278350515463918,0.10580379028913245,0.1069591952142599,0.16025907588768828,0.13937209975385945,0.10024460490043663
France,1933,0.04745531537953562,0.22671624066428486,0.4245563621288618,0.20994577933377045,0.19876000000000002,0.20752588777510295,"reconstructed, resident currency",-0.0650916337966918,0.05216941202388092,0.09532508722671329,0.1012361494606473,0.05216941202388092,0.12763042170400785,0.07986856164183109,15,-0.03409090909090917,-0.08841897801492749,-0.047369571019402756,0.030170519994877854,-0.3155231197574617,-0.23950079245182399
France,1934,-0.03991220655237748,-0.10372442359052358,0.02196051441628251,-0.09863514734957946,0.15223,-0.10043787705488028,"reconstructed, resident currency",0.24925379073474474,0.0575243894283366,0.18630665865372942,0.17118366267669094,0.0575243894283366,0.0641479594999208,-0.05273285096322597,15,-0.03529411764705892,0.019740226007427975,0.019147832571471346,0.008767156750223437,-0.2039728654118258,0.3506546240883488
France,1935,0.10103616689642281,0.3955677639960631,0.2831853759762843,0.37352151035757464,0.15148999999999999,0.3707744673368596,"reconstructed, resident currency",0.09730655219405904,0.1287573342521986,0.12458705064401099,0.12251059502213879,0.1287573342521986,0.08709663215944241,0.09248512229236455,15,-0.08536585365853666,0.15464342440049506,0.1538448685166387,-0.0020322077192309607,0.1355752090711797,0.07574721212988877
France,1936,0.10281710047274828,0.3061407578730555,0.2742146887523429,0.29179075315630465,0.16356,0.289207171649992,"reconstructed, resident currency",0.00741448812186718,-0.027999999234452844,0.003832926479280463,0.006331305889085703,-0.027999999234452844,0.048270828867696514,0.015111644250589338,14,0.06666666666666665,0.23856856415028993,0.2589183168416964,0.012372876775614161,0.3248079778949524,0.012362527084995412
France,1937,-0.2497200688513198,-0.06389485117144289,-0.2333711387473671,-0.07429985538044137,0.24716000000000002,-0.0761512556696805,"reconstructed, resident currency",-0.23767248887826897,-0.17758415831197605,-0.17710547608744576,-0.16686178451987976,-0.17758415831197605,0.1429992687172612,0.14013962336217065,14,0.26249999999999996,-0.23206219273461037,-0.2491765221016472,-0.011132956950033579,0.14495884062928255,0.19812456406208034
France,1938,-0.07004871319817452,0.30147283820168913,0.05969860538074254,0.2803864410160153,0.34745,0.27782566813398324,"reconstructed, resident currency",0.051337137040884606,-0.09749913071484662,-0.07206223191989103,-0.05938039704132447,-0.09749913071484662,0.2529065124890275,0.2229546239088107,14,0.13861386138613851,-0.024622088429293476,0.013898867790419267,0.047570894586841384,0.36868338276953927,0.2386183707627847
France,1939,0.09771567717438834,0.08167835404953139,0.01902254392121645,0.08249462049543355,0.39836,0.08032963125444259,"reconstructed, resident currency",-0.1335658002339426,-0.03805327815477,-0.10081683198787939,-0.10484174328316997,-0.03805327815477,-0.005703250979610219,0.06383479891423242,14,0.0608695652173914,-0.15700156005881694,-0.17174854931640904,0.022205827566040615,-0.04559828858231907,0.06551605047640341
France,1940,0.24022989437497877,-0.04097423925818011,-0.08530750031510735,-0.04097423925818011,0.48015,-0.04289229077966372,"reconstructed, resident currency",0.04018119881893023,-0.14414896502577035,-0.07968206381899545,-0.06798444063183684,-0.14414896502577035,0.05609412202453834,-0.016683787726057213,14,0.18852459016393452,-0.15189506299204403,-0.1512188418724284,0.0059249679692383594,0.01817697659034767,0.006978942625502249
France,1941,0.3041368267115423,-0.11706482048325517,-0.05284696286514941,-0.11706482048325517,0.4666666666666667,-0.1188306908422887,"reconstructed, resident currency",-0.018798600224887774,-0.13281470624839564,-0.0812818206653858,-0.08195697798975521,-0.13281470624839564,-0.08622177356985983,-0.13706515610139175,14,0.1724137931034484,-0.15450005990777071,-0.15101492922790583,-0.07583315048804296,-0.2156854159376167,-0.21024880259678214
France,1942,0.2740478341172381,-0.07421710476035959,0.04035040232933994,-0.07421710476035959,0.4666666666666667,-0.07606867055083888,"reconstructed, resident currency",-0.1347141351278235,-0.15729756062714062,-0.13435270710025882,-0.13618424035086074,-0.15729756062714062,-0.1800636687831576,-0.20347107046593088,15,0.2058823529411764,-0.1488787506124276,-0.14842029311150273,-0.07087970183543024,-0.13711193847063252,-0.1604702173552346
France,1943,-0.3357173743562436,-0.045126440304344206,0.10807420836714121,-0.045126440304344206,0.4666666666666667,-0.0470361874237355,"reconstructed, resident currency",-0.17513099799709997,-0.17959645676507252,-0.18041254650970362,-0.1784860033675899,-0.17959645676507252,-0.18227538763371243,-0.18363998642524268,15,0.23902439024390243,-0.0007348659081964914,0.004260281741966132,-0.019568422192413393,0.022937596783622505,-0.17353090806443383
France,1944,-0.278704501904092,-0.07150153748035337,0.10059594422110446,-0.07150153748035337,0.4666666666666667,-0.07335853440539264,"reconstructed, resident currency",-0.11536715373732276,-0.16988553048090538,-0.13635454905772448,-0.14715379403840023,-0.16988553048090538,-0.19052768549442856,-0.2149085911561785,14,0.22440944881889768,-0.10763615422034589,-0.10833791577369611,-0.011389603351630306,-0.1169830338452601,-0.18979255000170858
France,1945,-0.46065583317631487,-0.12463611573024047,0.17004431727731417,-0.12463611573024047,0.5017921146953406,-0.12638684349878004,"reconstructed, resident currency",-0.3129675767289518,-0.3161373101881908,-0.28213952641833373,-0.28273937701704877,-0.3161373101881908,-0.30927307363419654,-0.343570345865345,13,0.48231511254019277,-0.18773570832446473,-0.1782466235189758,-0.013237632217602213,-0.13048439200700113,-0.2773997251644935
France,1946,-0.16508308667716054,3.1297427443192394,-0.049872656332091904,2.970786995135027,3.45,2.962845421144757,"reconstructed, resident currency",-0.3815754731351332,-0.33564850633664545,-0.33271887624305474,-0.2493955629993423,-0.33564850633664545,2.319365856469631,2.2876320393125877,12,0.5249457700650759,0.008092112865763168,1.540175440642447,-0.1458067950930625,5.330840656754873,3.1178426543567257
France,1947,-0.45353852972402475,-0.4448946669500503,-0.08739848141841877,-0.4454208689604182,3.0,-0.44653002722249735,"reconstructed, resident currency",-0.47203388763280907,-0.31931639696561065,-0.3543796536714696,-0.35268828532926555,-0.31931639696561065,-0.45063451717355085,-0.4191586052664311,12,0.49217638691322896,-0.27331730589838255,-0.28116333554049844,-0.07460156340503099,-0.34161407459397863,-0.39148491646729544
France,1948,-0.4372914255587742,0.14361947670866337,-0.08345068234042935,0.11504774507588267,5.2,0.11281764958573093,"reconstructed, resident currency",-0.40488682013416954,-0.3564158053598546,-0.3662640034566198,-0.3589656258921311,-0.3564158053598546,0.04199056896831599,0.05309353997732608,12,0.5862726406101049,-0.38465201269387317,-0.3785462707734123,-0.016410018909050028,0.10646431169511095,0.1411095340767785
France,1949,-0.2527412358723896,-0.30711388763525105,0.09289464987754505,-0.3047543003148059,3.95,-0.3061447917141763,"reconstructed, resident currency",-0.08715618905467049,-0.0903154929286577,-0.08089898503280046,-0.07936849996846929,-0.0903154929286577,-0.29556349551967676,-0.31066131399021785,13,0.12698412698412698,0.06125318252282019,0.01976333421406018,0.031435476496074255,-0.19690737290310756,-0.32233223080468254
France,1950,-0.22697518441157472,0.11697027864850518,0.20130777424548596,0.10727587367577196,3.91,0.10506132192842044,"reconstructed, resident currency",-0.11303255038383686,-0.06762435924834942,-0.07518086788435263,-0.07381037386073552,-0.06762435924834942,-0.07917615722184179,-0.07344450124290637,14,0.09859154929577474,0.042538977268446576,0.03739231018462008,-0.044909057796571394,-0.02750793116134853,-0.14299969172925586
France,1951,0.2368118422372001,0.13470535117942095,0.13144159564441854,0.1367471665805402,4.26,0.13447367224737916,"reconstructed, resident currency",-0.21343257597514564,-0.11971428511398186,-0.13223671482672505,-0.1271670473474067,-0.11971428511398186,-0.05015134761119544,-0.03988536165529121,15,0.16666666666666674,-0.1406022423166331,-0.14007955839737019,-0.044855439335450886,-0.06003287813537883,-0.05153880558469692
France,1952,0.016569704839996202,-0.0045572277653619375,0.08765571853166348,-0.0040308019819448315,4.12,-0.006022740377980895,"reconstructed, resident currency",0.1345807909965515,-0.07474411903497047,-0.05065862610461447,-0.05003136231526628,-0.07474411903497047,-0.03634114382628939,-0.06045969997121082,15,0.1208791208791209,-0.1139633957106232,-0.11328939790050796,0.003226921042449371,-0.15213403430020622,-0.12854387647290688
France,1953,0.2562338101863859,0.004464788451149504,0.06057913633724337,0.010426714754516953,3.76,0.00840586132500798,"reconstructed, resident currency",0.019328673457494006,0.061207998394966046,0.08484134822348977,0.0799437456443699,0.061207998394966046,-0.006384509709916553,-0.02758901905539056,15,-0.019607843137254832,-0.016589705981927994,-0.009668207222904845,0.006703548557218442,-0.12499426285555004,-0.07180012855339712
France,1954,1.1585566997528076,0.45055622215612323,0.4434000268030226,0.4708496731551888,3.74,0.4679079738088785,"reconstructed, resident currency",0.09001980721950531,0.03590000048279762,0.06394373756107297,0.06367726551542474,0.03590000048279762,0.05972801739265532,0.03211768582979157,15,0.0,0.5295923600023746,0.5200765527207394,0.018564239040369523,0.5013970814140589,-0.0014529217326069155
France,1955,-0.04617027259699191,0.3183573244536506,0.2642390828797147,0.30562014143516536,3.9,0.30300890115229495,"reconstructed, resident currency",0.06469110244571574,0.02138613710309012,-0.0028836610165167142,-0.00295506622397268,0.02138613710309012,0.04498969995312252,0.07098842925838084,15,0.010000000000000009,0.4271788200762021,0.4355899376008885,0.011922977581826144,0.45608907847673597,0.0223878834318183
France,1956,0.0017501817872893621,0.05332801217260541,0.026143070044542374,0.05159950057179308,4.03,0.04949630157064955,"reconstructed, resident currency",-0.06144456042406632,0.002133653678286773,-0.02914154104602662,-0.029039614060562546,0.002133653678286773,-0.004086109361737256,0.028151873605447544,15,0.029702970297029507,-0.020805948022666665,-0.02088196179665891,-0.012271588679896195,-0.017201715841454135,-0.014220912180781364
France,1957,0.09050740780086697,0.06328028231272098,-0.0951012983115046,0.06424686143197267,4.79,0.06211836770910861,"reconstructed, resident currency",-0.014853415139224557,0.005174312296263528,-0.020165573891518962,-0.018482629181484467,0.005174312296263528,0.12657098937526245,0.15675512664451866,15,0.04807692307692313,-0.1516428910208646,-0.17233358827224365,-0.011143687996010843,-0.02141704990196147,0.13367322257852954
France,1958,-0.20228992086648956,0.22064743659333597,0.3206689383367555,0.199048355609049,4.95,0.19665025889783094,"reconstructed, resident currency",-0.026496130466461376,-0.07140719705820098,-0.028739222971178036,-0.027625118987144592,-0.07140719705820098,-0.014563301295338005,-0.05752303713420462,15,0.1467889908256883,-0.015619298473562138,-0.015292086427971974,0.006882515564111014,-0.011901759871017048,-0.09352462730940914
France,1959,0.1911519375958839,0.1663698882096365,0.2346011011604629,0.16730073403862566,4.93706000393706,0.16496613257054848,"reconstructed, resident currency",0.07859712290136445,-0.021898496447873117,-0.003123788602898969,-0.0032426674888418328,-0.021898496447873117,-0.01150629614335641,-0.03031224972819767,15,0.06399999999999983,0.15611972863677903,0.1516794979364262,0.010506777644549326,0.13007829584822495,-0.07147274881489385
France,1960,-0.10540843425669533,0.014781853247438859,0.032864326065459866,0.009260429546152471,4.93706000393706,0.007241908687060095,"reconstructed, resident currency",0.00678575292661554,0.003089856491356624,0.005043183919626104,0.00556828178166735,0.003089856491356624,0.01147691557279451,0.009607999787888614,15,0.03759398496240607,-0.0035532652541093723,-0.003808246939126958,0.012803101551821738,-0.015887288849060988,-0.04076505079582915
France,1961,0.01945800523103114,0.1750210113126618,0.18243699075879938,0.167729404566052,4.93706000393706,0.16539394575692,"reconstructed, resident currency",0.0281620930198212,0.007302816380077459,0.0011140269070766262,0.0017256824517217773,0.007302816380077459,0.012694117304710373,0.018929882777964244,15,0.02898550724637694,-0.006331220149109806,-0.00636866403441283,0.023604783271376606,-0.008190034754592235,-0.02731289204141374
France,1962,-0.14788448700568813,-0.12643336574420094,-0.10037415057547713,-0.1274560927299151,4.93706000393706,-0.12920118054445529,"reconstructed, resident currency",0.017771734387282523,-0.012575838789843807,0.051580421412951605,0.051622715396080876,-0.012575838789843807,0.04882989988031072,-0.01548839446060366,15,0.04929577464788726,-0.17439381268485588,-0.17364074619828418,0.01825126995188109,-0.17907390232582754,-0.05142893298011342
France,1963,-0.21925116951266932,0.13450411563033415,0.15880051603759973,0.11592727261240299,4.93706000393706,0.11369541806717809,"reconstructed, resident currency",-0.015096875158353562,-0.006857692837142104,-0.00661201672856937,-0.006471526795588489,-0.006857692837142104,-0.006555021645764603,-0.006701364723572145,15,0.046979865771812124,0.04201319289696892,0.04135834245449366,0.01837742808505438,0.033363681221769914,-0.05285727232925075
France,1964,-0.10838385768558678,0.05654844005127435,0.06793672772485566,0.04995586955266229,4.93706000393706,0.04785595781355689,"reconstructed, resident currency",0.011427382782379203,0.014872051081301851,0.004829362621296296,0.004696011739693029,0.014872051081301851,-0.0003864851354409282,0.009876852157446958,15,0.03205128205128216,0.2507430834566544,0.24894903473640406,0.027000180476569158,0.242596699996811,-0.03295747357276668
France,1965,-0.07650123870965242,0.06331748053544839,0.06906629481887815,0.058328842909398215,4.93706000393706,0.056212185223579514,"reconstructed, resident currency",0.01011513647095974,0.010711446875728559,0.01081941292767219,0.010809595106130443,0.010711446875728559,0.010580758947575264,0.010577557365968075,15,0.031055900621118182,0.11970545099738317,0.12056004224299799,0.03155536016230376,0.12587339530622343,-0.02945437284296548
France,1966,-0.19548168475826688,-0.08407351813542663,-0.08824769066321761,-0.0875086453049122,4.93706000393706,-0.08933362801430234,"reconstructed, resident currency",-0.057184168436704264,0.017615760718958207,0.0018714089431977055,0.0018685096950379343,0.017615760718958207,0.00016619902149028754,0.015999335425005957,15,0.029661726167345526,0.06888467721763103,0.06830029944637017,0.010884962315295343,0.06205403715013347,-0.04459731605297712
France,1967,-0.04848476117831302,0.1631442931857392,0.18977343789480877,0.1565426481103267,4.93706000393706,0.15422956281410594,"reconstructed, resident currency",0.02777156240080969,0.01953680541517122,0.018730478121968375,0.018105021516871433,0.01953680541517122,-0.016857255956806205,-0.016759958206405027,15,0.027917770943512554,0.08452173497231152,0.08446944744043394,0.01912916025527034,0.08401188897908929,-0.0335603368668872
France,1968,0.12293239085796648,0.15484754941236267,0.1607493383741668,0.15404862014541654,4.93706000393706,0.15174052290512563,"reconstructed, resident currency",-0.032871086054471754,0.01536967713915871,0.019967698917910948,0.01912577117665326,0.01536967713915871,0.005713431015551551,0.0015902275392959187,15,0.045432048640203115,-0.03491275673901839,-0.03492463700553827,0.011003722479790534,-0.0418063467523796,0.13608609326241305
France,1969,0.1661177386369319,0.005472048418049935,-0.10080860222376424,0.009244546726641545,5.55419000455419,0.0072260576331881765,"reconstructed, resident currency",-0.08747602648591846,0.02747899835780676,-0.024097679370541747,-0.02334653038751766,0.02747899835780676,0.06682055765408434,0.12316501556562177,15,0.06045962841738928,0.19947318001234393,0.22396479351221976,0.01323387456286551,0.3230584611266407,-0.11825156356374944
France,1970,-0.13354192385523023,-0.05007376793774876,-0.054779964088889146,-0.05266183039879002,5.55419000455419,-0.09000681930893939,"MSCI World, resident currency",-0.14232912468044212,0.03210228326089304,0.011339706159829044,0.010628477509136092,0.03210228326089304,-0.00593744436605903,0.014635879640605384,15,0.05299641245626652,-0.02662807422220126,-0.026727277969735175,0.020938455464238448,-0.03181619684751458,0.00743359816480571
France,1971,-0.10508873852529854,0.0542260516947628,0.1026271897537574,0.049152798475613046,5.11572151321783,0.06937770556252754,"MSCI World, resident currency",-0.010144800984565605,0.004198215360080804,0.04988627642880483,0.04786356146799875,0.004198215360080804,0.031421342739100355,-0.012855834059583777,15,0.05397518655950906,-0.12038394823762011,-0.1152142496137093,0.017643971771362565,-0.18809774402444857,0.025370207190725358
France,1972,0.10266959890027327,0.1777851444042151,0.1987715206723507,0.17578918458086212,5.11572151321783,0.17393065941355235,"MSCI World, resident currency",0.027591459762231985,-0.010493792288573833,0.006707268903801911,0.007905998463375585,-0.010493792288573833,0.016076925348155635,-0.001961613893258322,15,0.06063003097182107,0.09910458845709291,0.09840232059361398,0.01154035341542925,0.09402282127582784,0.3950647597000567
France,1973,-0.09825740273348837,-0.19475411447625302,-0.15635739837522833,-0.19225726591184567,4.7085,-0.30316461927827554,"MSCI World, resident currency",-0.08281725368981674,0.014242789154708113,-0.05021866237608574,-0.05113044437396275,0.014242789154708113,-0.07338359298222308,-0.009503721600033344,15,0.07380601063989056,0.4069974937397498,0.3590978714875206,-0.005739170208360234,0.2562213100482653,0.4402017932503055
France,1974,-0.35885990256786615,-0.3739906364962763,-0.33778453897125715,-0.3735142555373999,4.444499999,-0.3745566808406531,"MSCI World, resident currency",-0.1454225513408226,-0.006505256691985206,-0.0876556711629134,-0.08655839053421388,-0.006505256691985206,-0.11903130532391515,-0.042463626589074904,15,0.13649317472813816,0.1737195103073479,0.15035163725797074,-0.018682411153460032,0.0689271682026229,0.36114768681849374
France,1975,0.1814402807764215,0.18833286965361729,0.21514690033844486,0.1881148717616854,4.485499999,0.247655030892181,"MSCI World, resident currency",0.08227728856894756,-0.03371890608770345,-0.01097194144141933,-0.016258803488562124,-0.03371890608770345,-0.07167317696345665,-0.09262468112368995,15,0.11685927249322647,-0.13057895116774654,-0.13090792685632158,-0.002214119066057396,-0.11459118336678653,-0.3104658557769804
France,1976,-0.19081526344396693,0.15146937361237822,0.0686995569211127,0.1411680349851443,4.969749999,0.1799330633473848,"MSCI World, resident currency",-0.049035814339904116,-0.00971941256864628,-0.0199366024599259,-0.013389859863490505,-0.00971941256864628,0.05786043900929205,0.06548472701292239,15,0.09625495781555382,0.15047888483800276,0.16904844858150758,0.0049242743921680265,0.24809719649418605,-0.02784528602911618
France,1977,-0.24017255388187275,-0.07403416366749993,-0.06195788904689222,-0.0776222293775024,4.704999999,-0.09505551549946145,"MSCI World, resident currency",-0.0052728140001242485,-0.0038774039560630635,0.01614453715476305,0.020664096996876102,-0.0038774039560630635,-0.017501366235468274,-0.046226646229368645,15,0.09494554671904298,0.27257488339787095,0.2443654724570845,-0.011551278487003214,0.1624725392461679,0.054076633609495106
France,1978,0.48369398405745834,-0.06088557242056858,0.020514933236691783,-0.04961132563538173,4.179999999,-0.044604981646711006,"MSCI World, resident currency",0.06461605984918473,-0.011629764253658026,-0.009850891994340083,-0.01455628787163532,-0.011629764253658026,-0.04012067137731212,-0.03948797715676344,15,0.09250558467244274,0.2518102029562772,0.21175372257483804,-0.010424790546951224,0.0969671447248408,0.09587174815624788
France,1979,-0.014806815999585998,-0.02543751892671431,0.05778769213676227,-0.025162559404151907,4.019999999,-0.022246039596776068,"MSCI World, resident currency",-0.1518183811943301,-0.014521295129190759,-0.0918080338109235,-0.09101847956498232,-0.014521295129190759,-0.11338718081838739,-0.03775691876260578,15,0.10646734171666461,0.23271315286109995,0.21576184493625505,-0.02032579690849734,0.16614716608473978,0.8959251351804327
France,1980,-0.04191618900264782,0.2715659645330424,0.1282448470478213,0.26323351056447586,4.515999999,0.2642028081054446,"MSCI World, resident currency",-0.13692170003116955,-0.015080484194848753,-0.06472111659081747,-0.06106483038644761,-0.015080484194848753,-0.005382473753979378,0.047924253089243384,15,0.13562578848301543,0.05926923111596394,0.07975287466323033,0.000695567814542164,0.1838578135840696,0.1232123330850372
France,1981,-0.21599756187021157,0.10122337766733192,-0.054962408718016005,0.0940720606237615,5.747999999,0.08971289413746386,"MSCI World, resident currency",-0.1099046498115851,0.017522874836058522,-0.0415660906534977,-0.03979384820408072,0.017522874836058522,0.021118577485299106,0.08570432637298722,15,0.13314405568007137,0.04928452677619721,0.10151178670127647,0.06875376114405274,0.35483380436722944,-0.24227448791305373
France,1982,-0.014080943837896154,0.14474907749778065,0.07699532347393967,0.1416697121327697,6.724999999,0.18113831744353193,"MSCI World, resident currency",0.08624112890059576,0.025822177091398224,0.1097744608620621,0.10813109693078937,0.025822177091398224,0.08593593174516911,0.0015112370021199992,15,0.11978471952380554,0.14696384337457058,0.19050480901600175,0.08419578734237465,0.3430470953285283,0.22164295456977445
France,1983,0.44956610973498456,0.393025629489826,0.20632212859544674,0.393862740528653,8.347499999,0.40455758551509,"MSCI World, resident currency",0.13206776236560525,0.02808147364150515,0.041655561033763444,0.04820540770012571,0.02808147364150515,0.11251004217259752,0.09862255158127425,15,0.09459548472353196,0.07384693777838747,0.10184041986227133,0.04999397713684739,0.2968103253408716,-0.05029770231589592
France,1984,0.06324549707690874,0.1373981489390672,0.08534969680430074,0.13606753762250734,9.592,0.1057455552236406,"MSCI World, resident currency",0.13140029827375477,0.037771777343797774,0.07918407166496189,0.07967282631552641,0.037771777343797774,0.07449514642638722,0.033200032423872976,15,0.07673802622473191,0.08426014993170816,0.1045168481957206,0.06256920408590982,0.2340641418960665,-0.14207494122270048
France,1985,0.29551514724469197,0.07880337640393087,0.2577095902485517,0.08340833998339936,7.561,0.05175340103114401,"MSCI World, resident currency",0.14229171614261604,0.03876995600016109,0.0859297365423326,0.07587690804072644,0.03876995600016109,0.00658449122123983,-0.03830726759876508,15,0.058310997385451424,0.27442338699385327,0.2038424304148223,0.041566294338919674,-0.015540112005305251,-0.21634852712588615
France,1986,0.3481875098021803,0.15904102887288274,0.25253450874011796,0.16356261628125135,6.455,0.18546963896406665,"MSCI World, resident currency",0.1901094498628373,0.05075140627175356,0.1261633462891234,0.12272094022611535,0.05075140627175356,0.11379830570605276,0.04021742663301544,15,0.025385259178140718,0.25300348013407725,0.21204261356087417,0.05503815580608573,0.06582392364835421,-0.008056189651894141
France,1987,-0.26186325809693245,0.0250899083055649,0.0866478573628369,0.016112392834677136,5.34,-0.07270225724520674,"MSCI World, resident currency",-0.03348464828198383,0.04537694742613718,0.036423676497435054,0.037027374931422496,0.04537694742613718,0.026447058780634025,0.034387918794535385,15,0.03288898214001512,0.2442183579478283,0.19568540642203014,0.0219249880214456,0.007680792680689663,-0.015113417087587955
France,1988,0.5808053569595202,0.26610949591168254,0.13024267797068612,0.2740515449131755,6.059,0.3713812611538847,"MSCI World, resident currency",0.15274701498798393,0.04695695933163324,0.058565043708215914,0.06754417708318416,0.04695695933163324,0.14301250536088528,0.13091744781466344,15,0.027008152750810588,0.1044511415249012,0.12012396698595995,0.030389429819428715,0.24427550441022228,-0.07461830318809959
France,1989,0.26437922887819587,0.10100167146029881,0.2149902252356834,0.10639555111228716,5.788,0.0709472809475733,"MSCI World, resident currency",0.019953779470516686,0.05384981609820905,0.007313673485747296,0.005971034085416882,0.05384981609820905,-0.030612778631727733,0.01404219750739438,15,0.03498302207007398,0.05990709462680033,0.05563509689212842,0.04313487985098852,0.010665457408762125,-0.10909816723438193
France,1990,-0.24378995035847906,-0.17335692978012818,-0.1290013752680645,-0.17586569728248624,5.129,-0.30208255944484375,"MSCI World, resident currency",0.0035162220980775594,0.06446464723688683,0.037095475347736606,0.037094225545882153,0.06446464723688683,0.03318018048094529,0.060882575722940445,15,0.031942833802948156,-0.018202305219566783,-0.016406997934027445,0.019629465469601426,-0.15260521689577655,-0.18165245258664575
France,1991,0.12997916677514043,0.08078067596896887,0.047974718370781017,0.08269942875900171,5.18,0.18310821788515752,"MSCI World, resident currency",0.13663194528936184,0.06081825391801088,0.13078422414316204,0.1321584422449047,0.06081825391801088,0.1347396014383171,0.06401844579609711,15,0.032134073240969396,0.022384527611116756,0.02193964126621739,0.0295655869605842,0.006255144173003435,-0.10312576774704063
France,1992,0.023412912654434903,0.035715582015160674,0.006310242419733332,0.035279664933225874,5.5065,-0.01150507277367896,"MSCI World, resident currency",0.05741231099626054,0.07803451445441945,0.11899240282203127,0.11052455092673519,0.07803451445441945,0.048690899942980925,0.010534139539264787,15,0.02363760462693576,-0.03360698581332522,-0.033264933404067665,0.008383806062487231,-0.0379144711975381,-0.02952625647054974
France,1993,0.33628846863320283,0.23801419281018954,0.14502736783686807,0.2413743972690321,5.8955,0.289890478569512,"MSCI World, resident currency",0.3106240989195388,0.06507750909691468,0.2492333467835568,0.2407582267933568,0.06507750909691468,0.22028585641022969,0.04213016558845327,15,0.02104462771246296,0.16557935110786737,0.16737539199357232,0.004321478172269577,0.18153943170924047,0.2255470032558642
France,1994,-0.15708172503366724,-0.06304570860772452,-0.014825932490296064,-0.06702112319145359,5.346,-0.07099695096985592,"MSCI World, resident currency",-0.1376630693771831,0.039712400588165275,-0.10107325240845122,-0.10145161650679135,0.039712400588165275,-0.09805983152589981,0.043587596277206014,15,0.016555153292699964,0.05374777497269534,0.04806006975826893,0.016542435122898214,-0.06178638639561285,-0.13513382442530264
France,1995,0.0009408912005768322,0.10147677907728547,0.19310198303911358,0.09765467439771514,4.9,0.08312296756754378,"MSCI World, resident currency",0.1504731997341895,0.044772521434432555,0.1997743166450796,0.19228383586694164,0.044772521434432555,0.15529736334073707,0.006078431477042182,15,0.01796481420956031,0.22889737485504202,0.20765398780775834,0.033488873052366586,0.1209146610284646,-0.09551147150959471
France,1996,0.2805620140823153,0.2555721886009472,0.19171252851803677,0.2563631044416341,5.237,0.1810400853399825,"MSCI World, resident currency",0.15297063744015515,0.017115125349704385,0.11403047903091879,0.1206227563391642,0.017115125349704385,0.15248719780367792,0.051923880437242456,15,0.019828836508972936,0.1751659685377709,0.1913071156807047,0.020154971252071885,0.2681449334509203,-0.010966609868552135
France,1997,0.2624797289760967,0.36859557146053534,0.23210292513845643,0.36499308629620564,5.9881,0.3138847918314145,"MSCI World, resident currency",0.16291301847034845,0.020126592225905293,0.11128849283786835,0.11416487304464384,0.020126592225905293,0.13237815080091897,0.03948046918322299,15,0.012039429402697088,0.105334378123497,0.1304033619971492,0.038183713171633826,0.29840729429238033,-0.11156632099146468
France,1998,0.3044725457097792,0.1364863650382777,0.18232767109075906,0.14266340446273285,5.6221,0.1570285167472869,"MSCI World, resident currency",0.22082265673317902,0.027236388456765903,0.13985098888866032,0.1366874778828724,0.027236388456765903,0.11511323428776365,0.0047854608455809656,15,0.00651126867832974,0.138790479604866,0.13159044641754303,0.0384762766424287,0.08843547614759717,-0.08090138970162764
France,1999,0.5479641838252871,0.403060794252178,0.21210597519827815,0.4091472731864003,6.529534142942465,0.43548154205569145,"MSCI World, resident currency",-0.0975676547516916,0.021816646441121357,-0.0603279344036195,-0.06262681796544656,0.021816646441121357,0.010397276893043372,0.09754191255944948,15,0.005371416391346084,0.027776043609735623,0.037259510910876203,0.025016298269186832,0.21636613459076925,0.15419230974444864
France,2000,-0.011235237810479304,-0.009890050884301949,-0.05260628298430285,-0.009959291583818253,7.049511015583019,-0.07841930164445876,"MSCI World, resident currency",0.07078350926939359,0.025222926412437063,0.07260310170088702,0.07290656846292953,0.025222926412437063,0.0704991922708258,0.02298881951183683,15,0.016759598872093884,-0.03049588661196534,-0.029860699370883093,0.02935847551351123,0.0686829563540241,-0.0003926620353970067
France,2001,-0.20537395159341887,-0.13095721108696523,-0.1616115210750767,-0.13514243842811768,7.443061386587995,-0.12536486001963731,"MSCI World, resident currency",0.058814419654566796,0.025809266072925885,0.03342499602717175,0.03322827879757817,0.025809266072925885,0.02833066799578865,0.02107730825803619,15,0.016347807954959492,0.08557214419392256,0.0931259128048132,0.024736810195639336,0.1586337780921181,0.055172876552227246
France,2002,-0.30607381661796995,-0.31717683549746667,-0.22570440121217866,-0.31657867740405,6.254953752264709,-0.34528737112940766,"MSCI World, resident currency",0.07291350601266733,0.013458350194711866,0.0942659865684703,0.09180664194252164,0.013458350194711866,0.07276348228178842,-0.005685433533809991,15,0.019234122872706205,0.040597441708168924,0.03401251091952906,-0.00596150761007852,-0.14518711711085708,0.02210300843716717
France,2003,0.1873131597279345,0.03066015292907509,0.17357254147060347,0.038359555613030505,5.193642121931908,0.08501544796585292,"MSCI World, resident currency",0.03159248736309306,0.001734300384187204,0.018083403264435916,0.016957182619856237,0.001734300384187204,-0.0093902517452783,-0.02479004678135018,15,0.02098472191469214,0.2891797133591758,0.23603699410578138,-0.006956332666097742,0.06294420818159407,-0.026658918515282126
France,2004,0.10628075864861541,0.0677064733429491,0.12512676060252312,0.0694417207272493,4.815777108876,0.034962050482750584,"MSCI World, resident currency",0.12076322683849416,-0.0011472379602659455,0.06394352477926146,0.063808727078007,-0.0011472379602659455,0.05775237988388593,-0.0071987999205634255,15,0.021420896464023675,0.16827027045027898,0.1534775874499008,-0.017486342515833142,0.0713902952457226,-0.059666263152686416
France,2005,0.2622932999095049,0.21903426260929892,0.09856442904546601,0.22082163847535097,5.560371280834111,0.2430685416345384,"MSCI World, resident currency",0.1252102908812227,0.0031959258105080934,0.04942164282027983,0.05083643446624242,0.0031959258105080934,0.0712691525120317,0.02461097070545839,15,0.017458693638048528,0.028779927009273232,0.038525816583062644,-0.0006986459582450921,0.20232363775033768,0.3317253179852535
France,2006,0.20541712459133676,0.07653892404817197,0.1539925345852666,0.08287063517162574,4.980690964312831,0.06517967799089264,"MSCI World, resident currency",0.0026592913134708684,0.011940241219165593,-0.023450353014296654,-0.023468349292689483,0.011940241219165593,-0.03806260966071984,-0.0028779072891611523,15,0.016751244960872436,0.1637536781983302,0.1473948986325493,0.024767261591463807,0.0719068347025773,0.08857709479953635
France,2007,0.015518275105417478,-0.03422546494663825,0.040142832350297274,-0.031564699756508996,4.455926907139458,-0.05052937261224555,"MSCI World, resident currency",-0.10985910363262863,0.023412146237888676,-0.003921363561366187,-0.004832946297988694,0.023412146237888676,-0.02375748312989634,0.003897570606961898,15,0.014879980595385423,0.16102414356568517,0.14260354417184695,0.011644528236934182,0.04039257039103217,0.14411385807389654
France,2008,-0.42509670959036505,-0.360152535794255,-0.3947774386970618,-0.3636873933987762,4.713350578429257,-0.3664941911962982,"MSCI World, resident currency",0.1879026920017417,0.007840179681911641,0.10780772815617379,0.10201219827549401,0.007840179681911641,0.08722681611129901,-0.008823177977491518,15,0.02812861949147938,0.29102437127967073,0.3236833517384947,0.03138761247384991,0.41149132429615065,0.11026848656268973
France,2009,0.28919014620178607,0.22702688414549121,0.2346062122821439,0.23034665675451116,4.553359711231429,0.21608333832567905,"MSCI World, resident currency",-0.0648629381496083,0.005591146210397024,0.006294126926819521,0.0052287617596114,0.005591146210397024,0.03936192316724774,0.040700880334083846,15,0.0008762047815749074,-0.054859902832648966,-0.04958894575298234,-0.019834602641820354,-0.11389949632880969,0.16506531561457227
France,2010,0.026180189890110173,0.1918842207989615,0.09565047258393337,0.18297022508922134,4.90912288579554,0.18927987101511046,"MSCI World, resident currency",0.07740191378574046,-0.011374486449262755,0.01669090100678816,0.020675193459230412,-0.011374486449262755,0.08809996123065256,0.05708461953536561,15,0.015311227042091868,-0.047492166517180134,-0.04999006768659142,-0.011732246102603261,0.02775694460621403,0.3697464926466185
France,2011,-0.15180056486499305,-0.007351588398893605,-0.04547458331671245,-0.014478977276522476,5.069611252801608,-0.043908491819244166,"MSCI World, resident currency",-0.018508203396976675,-0.013889113861367708,0.05019711816974537,0.052471412619747415,-0.013889113861367708,0.07205910855202702,0.006060980052648324,15,0.021115979517499994,0.03464872332173896,0.03626662664002267,-0.025979726392153846,0.06612912542158078,0.09819498612078892
France,2012,0.18061546517245675,0.10168610684532164,0.12465589146456851,0.10537692565728385,4.971631044414128,0.12838007159301768,"MSCI World, resident currency",0.16633544933674127,-0.018683507605122607,0.11098805161558767,0.11193922355622776,-0.018683507605122607,0.11694093409067641,-0.013398901402596083,15,0.019541953161352987,-0.11789589562922986,-0.11667363384748364,-0.014131120381582707,-0.12953493113834824,0.040840459143864694
France,2013,0.211707301589934,0.22843764922667598,0.2994726814254514,0.2276641623740856,4.75641360307447,0.19827297201275274,"MSCI World, resident currency",-0.046949411000716146,-0.008136214565527933,-0.02227523207035942,-0.02109486939543359,-0.008136214565527933,-0.0566746589374012,-0.04421541217976712,15,0.008637154978613282,0.09553174439381307,0.09109021324432942,-0.01307117198017016,0.04927983130966851,-0.31368390246989974
France,2014,0.021895237180680427,0.22443677901878623,0.10709693099620672,0.21550427288255136,5.402825137962275,0.18869172837441917,"MSCI World, resident currency",0.31714183640093885,-0.00448191427007838,0.17752576563205413,0.1803900673925174,-0.00448191427007838,0.1930405463390641,0.008245316638357474,15,0.00507758822938098,0.0851673315159247,0.09989493909439129,-0.006284064445272408,0.24492853096111022,0.1386944644784034
France,2015,0.1190262061979015,0.13690507576276634,0.036854509253081084,0.13613382867492585,6.025140075319188,0.09981146913451622,"MSCI World, resident currency",-0.00023195374951945347,-0.0023650065539176923,0.01131679670554031,0.011605821611985201,-0.0023650065539176923,0.03889736878517214,0.024897157005233022,15,0.00037514380512226886,0.1511085386772637,0.16810105329228286,-0.00531491867575451,0.2816252182207726,-0.028632362393064215
France,2016,0.08740640584620829,0.05925504927586589,0.03456944377602827,0.060578810556142226,6.222910539796983,0.09544990182822222,"MSCI World, resident currency",0.03338229510192936,-0.0050181485954886584,0.03455023827656145,0.03452436856593466,-0.0050181485954886584,0.03780015881115406,-0.001640209937920445,15,0.0018333486112471764,-0.14751698957202364,-0.15248815879817113,-0.014283553872012966,-0.11810053950918464,0.10174294981107601
France,2017,0.17299141602279566,0.06126785966550563,0.16157214114410234,0.06643973742309939,5.469498874343369,0.06730324621174155,"MSCI World, resident currency",0.025260813721206032,-0.013715247373614181,0.01137048514525918,0.010887812391377816,-0.013715247373614181,-0.018313108279801593,-0.04301380528800113,15,0.010322827506460408,0.010935688471682692,0.007078154878892073,-0.00991627081888169,-0.09816392591462642,-0.023616800991356657
France,2018,-0.09131802501783504,0.023469413062643607,-0.010429894889726355,0.015994283618226968,5.728882096069867,-0.05787307987064749,"MSCI World, resident currency",-0.008749488061015942,-0.02173487842338573,-0.011087256470145301,-0.011145042294670615,-0.02173487842338573,-0.004163115797584105,-0.014703114079046096,14,0.018508150831551218,-0.04917584275046827,-0.049369628014584,0.0017853235335945072,0.02573658382268218,0.019086101162117952
France,2019,0.26962926053659086,0.15637363990644526,0.13113181655087378,0.16373023722288904,5.839033291792769,0.28224993116678143,"MSCI World, resident currency",0.06563561494219705,-0.014835138080731336,0.057253823395582826,0.058297147563211915,-0.014835138080731336,0.07344315526775902,0.00044912814203081276,14,0.011082549228827565,-0.13451366510402407,-0.13878044748325746,-5.033643403207222e-06,-0.0983631732683915,0.18318796809973859
France,2020,-0.013102554704891745,0.012820617748132035,0.0666175916006144,0.011133833571145946,5.345587156710943,0.05159011303712324,"MSCI World, resident currency",0.034371487207966345,-0.009681854601154671,0.0286401210851861,0.027783518780466476,-0.009681854601154671,0.01832684923300465,-0.019191605542258332,15,0.004764988527251601,-0.08024412489131871,-0.07563176833684382,-0.00489791713896115,-0.1474038824312991,0.13008014836115045
France,2021,0.29889574846178935,0.16362543343605918,0.16870116701224142,0.17248673325095143,5.15753433285506,0.1263357546456707,"MSCI World, resident currency",-0.068971999416649,-0.02562226050927463,-0.05784530631147755,-0.05817991545998047,-0.02562226050927463,-0.05124186520460483,-0.018651099500261455,15,0.020664159999999997,0.06601445927696536,0.06246366889415533,-0.0646718177027612,0.012596461537037307,-0.12021436042969835
France,2022,-0.016638317437753902,-0.08602999911691578,-0.1463403401966069,-0.08120968747948498,5.802495894852126,-0.11758074282764308,"MSCI World, resident currency",-0.20845567185550273,-0.052539546512835766,-0.18398649687053548,-0.1861904567734156,-0.052539546512835766,-0.17239900544597742,-0.038452723178453656,15,0.059057979999999996,0.15758652114517568,0.1957328838922634,-0.04319532740699539,0.34109323531987323,0.07854433432585584
France,2023,0.05424256401728833,0.12326905046264836,0.16509992411703794,0.11938372269984865,5.639591158216808,0.14649636192345228,"MSCI World, resident currency",-0.023125127005063195,-0.02113634467620551,-0.02667782680661479,-0.026586900510117695,-0.02113634467620551,-0.04984263226961316,-0.04507216362904906,15,0.05664155,-0.056364768172204927,-0.056459000090877454,0.017003513512843016,-0.06097285923240747,0.058077768020546205
France,2024,0.039251693401365584,0.17707803561671764,0.17719400303032526,0.16866807671315143,5.6339518901734085,0.15541332030957844,"MSCI World, resident currency",-0.026558417180566285,0.011477724010672041,-0.005480954549849648,-0.005387709378105399,0.011477724010672041,-0.009509895629741916,0.007481847555621675,15,0.02410199,-0.002802517357355372,-0.0023002436431524,0.02171369326854866,0.011359062167161982,0.22033925654204278
France,2025,0.03900950144798232,0.17325482773860346,0.18584208072788977,0.16526818012984146,5.405802346402459,0.14049487971551722,"MSCI World, resident currency",-0.004974976156482347,0.008215851142177488,-0.0005072543407252939,-0.0004596013528662679,0.008215851142177488,-0.0053984544626036746,0.0031494713189361995,15,0.01595682,0.09582177015524107,0.09251577184801008,0.015139307087717269,0.06705209529816636,0.570840239883857
Germany,1927,-0.11770961394563206,0.22570775968653312,0.2863609458318663,0.203114030855573,4.184100418410042,0.2007078027938618,"reconstructed, resident currency",-0.0023930363936913723,0.021868918938521276,0.046243728709828735,0.045447102295084196,0.021868918938521276,0.05464452625948257,0.03201532096549679,15,0.04964538966581511,0.2362490669105448,0.22802641515482702,0.06069651650102048,0.19657897641147337,-0.052767521316227306
Germany,1928,0.082375911790596,0.29468270276745767,0.33852172713568296,0.28347930559488654,4.201680672268907,0.2809123469836967,"reconstructed, resident currency",0.025374699174118387,0.046321056280962614,0.078564312157277,0.07554298117893521,0.046321056280962614,0.045014283168763214,0.014320262571672404,15,0.027027026942645138,0.309739088505111,0.29928663012685375,0.05045226040342521,0.263519873631727,-0.03330771423832457
Germany,1929,-0.23225207872909726,-0.07995057961666419,-0.06706118090955272,-0.08629409247463793,4.184100418410042,-0.08812150428968868,"reconstructed, resident currency",0.033117892233254675,0.0686389598000543,0.08190298558042386,0.07965117944315936,0.0686389598000543,0.03352985041102374,0.020519699209271533,15,0.013157895175181844,0.21948600568727583,0.2108625838628686,0.03785806464463959,0.1640877119967965,-0.02268535072833866
Germany,1930,-0.24243703981538034,-0.16672990540275712,-0.18283105688240991,-0.16923012541861626,4.201680672268907,-0.17089166516777898,"reconstructed, resident currency",0.11169991892635589,0.09943513625852174,0.1457462985731055,0.14535280133902484,0.09943513625852174,0.11332382332458923,0.06633530362736423,15,-0.038961039297869315,0.17260673865564113,0.17695429978980126,0.10740235214556271,0.20528159625562203,0.08149500285703914
Germany,1931,-0.28375009580827015,-0.29577985876617785,-0.29207157274303375,-0.2953974075847714,4.23728813559322,-0.29680661276960185,"reconstructed, resident currency",-0.046943736015446436,0.18019117630774106,0.11721442001711324,0.11928515903938708,0.18019117630774106,-0.005946627736639343,0.05001690415924791,15,-0.08108108105529377,0.3962629592010214,0.38928609828591254,0.15094084355712933,0.3601372467954944,0.1006438711750528
Germany,1932,0.27807972137521575,0.04562545021025599,0.10033617597519529,0.052838862138608444,4.201680672268907,0.05073318441433128,"reconstructed, resident currency",0.3982053993184591,0.1806148759422781,0.31749705619023394,0.2890293357795186,0.1806148759422781,0.14322308566604414,0.029378873821832196,15,-0.11029411752311291,0.1691973375213618,0.1686828776140452,0.16025907588768828,0.15425058681913306,0.11461214569433964
Germany,1933,0.17327864250669145,-0.029251229861084194,0.39846307905632006,-0.020989575342727385,2.679528403001072,-0.022947596192041897,"reconstructed, resident currency",0.24037089510900111,0.07720762878048837,0.12139026897361438,0.11002463987871525,0.07720762878048837,-0.08759387663075935,-0.12623970663451356,15,-0.02479338830192568,-0.06672630860366924,0.0018578395898996014,0.030170519994877854,-0.44616526406388757,-0.38465287878997223
Germany,1934,0.11181642142004389,0.02508142381001388,0.013582506448156197,0.028121764023851803,2.488181139586962,0.026065520495804018,"reconstructed, resident currency",0.01954636385189179,0.01957851162937052,0.1437398413288753,0.15456712208230794,0.01957851162937052,0.21379669296663772,0.08047919708185754,15,0.02542372867915077,-0.01684988802642906,-0.0170489636622696,0.008767156750223437,-0.09202936034487941,0.5405941452248373
Germany,1935,0.14140847425976166,0.2451275570366569,0.27492493382878297,0.24095306810265082,2.486325211337643,0.23847116196644547,"reconstructed, resident currency",0.029360435005456154,0.01787560936120358,0.014114987090957154,0.012289228546244368,0.01787560936120358,-0.01782688452318526,-0.012958476338482069,15,0.016528924831336944,0.04121881961917495,0.04058032790154731,-0.0020322077192309607,0.025972676169686126,-0.028080890376499856
Germany,1936,0.2884269582374941,0.2648018976965716,0.2611745967916933,0.2656196772533699,2.4857071836937608,0.26308843789886316,"reconstructed, resident currency",0.06247782691775705,0.024768549102457627,0.05832964073996427,0.056392167463153564,0.024768549102457627,0.027033352626209872,-0.005454042434134022,14,0.008130082074432776,0.3058087545766963,0.3039585837077927,0.012372876775614161,0.29796798847593253,-0.008147463772960828
Germany,1937,0.009619247488503957,-0.24265185961241564,-0.24281798644594882,-0.2341260601734696,2.481389578163772,-0.23565780805312264,"reconstructed, resident currency",0.08684475031375016,0.023446399855724387,0.02404209071494323,0.023278884096137764,0.023446399855724387,-0.054344586376727344,-0.05671050137343501,14,0.008064516434209024,-0.044348194283686304,-0.04396801640488224,-0.011132956950033579,-0.05272334318112448,-0.008736915928335476
Germany,1938,-0.034996387764911985,0.018634506306517418,0.05645154780431087,0.016220039387197183,2.450980392156863,0.014187599308422838,"reconstructed, resident currency",0.05815160615203685,0.02192460300425747,0.05072744806221752,0.04451518947919553,0.02192460300425747,-0.005590293146387815,-0.029362576589623775,14,0.007999999345629893,0.10444512463519806,0.10266793890760217,0.047570894586841384,0.08629975809722468,-0.016930538155769836
Germany,1939,0.1336694359779358,0.014665134303926575,0.018737227488222388,0.01910778664155388,2.4937655860349124,0.017069571068270672,"reconstructed, resident currency",0.04571683332324028,0.02500000037252903,-0.04187755244964175,-0.040899004192869515,0.02500000037252903,-0.06392554755117474,0.0015406143797269123,14,0.0,-0.10174505340974915,-0.10177954663124567,0.022205827566040615,-0.10148448105485364,0.00312341814232453
Germany,1940,0.29653391361131654,-0.09620177436211741,-0.10101813241674157,-0.08068147716184249,2.5012506253126565,-0.08252011420751881,"reconstructed, resident currency",0.044512388967683725,-0.009252308628449057,0.06537567092691043,0.0594362077320254,-0.009252308628449057,0.012367892481495835,-0.05739674078071557,14,0.03174603225766992,-0.018219323171411617,-0.01824222550351995,0.0059249679692383594,-0.02397934192838802,-0.034713735585644945
Germany,1941,0.05052257758418488,0.03536236806310589,-0.058241197553262805,0.03611425193229234,2.4893917963224896,0.03404202342842777,"reconstructed, resident currency",0.04489314408446554,-0.0012481203187258982,0.05810317024429601,0.058895643581822865,-0.0012481203187258982,0.07230821183031799,0.012644088710658792,14,0.023076923316147635,-0.026223506646088857,-0.023182265911004696,-0.07583315048804296,-0.07961587962758077,-0.07323607656234665
Germany,1942,0.10923911174127587,0.08232867637479924,0.036394528302393085,0.08379006564074798,2.4893917963224896,0.08162248550946649,"reconstructed, resident currency",0.03014667171978469,-0.008518979262061466,0.018476773607059682,0.016079105028050655,-0.008518979262061466,-0.04012176634489428,-0.06752420544449074,15,0.030075188375392248,0.0013861663228953436,0.0017280394104999264,-0.07087970183543024,0.010160712251499948,-0.017184220060135313
Germany,1943,0.03515437735646865,0.18315584926846729,0.11258251715689077,0.1745383577668429,2.4893917963224896,0.17218928105130926,"reconstructed, resident currency",0.0568297799861095,0.013899274908975023,0.01289070686076843,0.015155892969757723,0.013899274908975023,0.00583885014090102,0.004160330919858539,15,0.007299269741511072,0.23494614723692941,0.23986567727547703,-0.019568422192413393,0.2582602511343399,0.016594961846517764
Germany,1951,1.0226793929293057,0.12083612321408066,0.12370566924893688,0.1307105491889584,4.199999999,0.1284491280905804,"reconstructed, resident currency",-0.03772433824448729,-0.015169670550810754,-0.02917929080359649,-0.025681440240511444,-0.015169670550810754,-0.05519545333932241,-0.04498398419347497,15,0.0765306130570873,-0.038538326233325315,-0.03871015211015694,-0.044855439335450886,-0.06502450867749121,-0.056575543312991416
Germany,1952,0.1924849548723251,0.12888499483749016,0.08364770271987175,0.13019205575405057,4.199999999,0.1279316716425425,"reconstructed, resident currency",0.04074527775939085,0.0291512758663115,0.05594128746104121,0.05780386994764686,0.0291512758663115,0.09352737601913175,0.06615845677394634,15,0.021327015170155894,-0.01447186607708717,-0.01405870541836951,0.003226921042449371,-0.037870467595754076,-0.011101156834484316
Germany,1953,0.2755753251332773,0.10330139452947384,0.06187807763676466,0.10598928075383562,4.199999999,0.10377730219232806,"reconstructed, resident currency",0.03414422022860819,0.05538958626134005,0.07889335869353031,0.07897728713473029,0.05538958626134005,0.08758811045369441,0.06437815400926637,15,-0.018561475048005205,-0.021981567328338447,-0.020688133795402353,0.006703548557218442,-0.04223933141456593,0.01598571497235035
Germany,1954,0.888160323723789,0.46742928497844294,0.45595982853798245,0.47515737873995456,4.199799999,0.4722070639824747,"reconstructed, resident currency",0.06876160816373234,0.02647333729296819,0.054261877089751165,0.05468351974686292,0.02647333729296819,0.06283166311673716,0.03514046864745854,15,0.002364077033739198,0.5156731091202831,0.5123390295389156,0.018564239040369523,0.5057942517779648,0.001471542204266374
Germany,1955,0.09237617874715709,0.252321179081348,0.2572280659037557,0.2486001477970674,4.215199999,0.24610294750147332,"reconstructed, resident currency",0.08454164146033016,0.014550370035963711,-0.009556999124912258,-0.00988742144454835,0.014550370035963711,-0.0006478512397590785,0.024215442625636307,15,0.016509412745893126,0.4176272297199366,0.4103160718648242,0.011922977581826144,0.3924976958407551,-0.02226258477011167
Germany,1956,-0.0725536403214061,0.02003219381849819,0.027741738618472428,0.01780177884113887,4.198599999,0.015766175283456585,"reconstructed, resident currency",-0.08016130772846686,0.020943416899289025,-0.010918804321236597,-0.010938280817512025,0.020943416899289025,-0.03609413192658539,-0.004892256695178395,15,0.025522062300496584,-0.0024267545912283195,-0.0014489848137723138,-0.012271588679896195,-0.04878821137258915,-0.04590320879645704
Germany,1957,0.05569782218967312,-0.08351277980985061,-0.09192872892397368,-0.08029090757836332,4.201699999,-0.08213032576320656,"reconstructed, resident currency",-0.022943876226930948,0.01810165181542689,-0.007564125422414469,-0.008280024979838374,0.01810165181542689,-0.026431160160769518,-0.0003463987210363747,15,0.021116111472426757,-0.1407323452109388,-0.13857339838054172,-0.011143687996010843,-0.15432060970988926,-0.02029349728361096
Germany,1958,0.5781710240619073,0.28796040493236785,0.28595995377593536,0.295907508237512,4.177499999,0.293315693221037,"reconstructed, resident currency",0.10401632636877833,0.009732815385447458,0.056129097442765286,0.05681439681987199,0.009732815385447458,0.0650402969740922,0.018610272726063155,15,0.020864117840537322,0.07039543491453282,0.07017727259600637,0.006882515564111014,0.06791683777340873,-0.02029952669803059
Germany,1959,0.8020193050411388,0.21201844743344433,0.21404807815854154,0.23100477752239357,4.169999999,0.22854276796734885,"reconstructed, resident currency",0.08119820134634681,0.017116146891777095,0.03663974278949178,0.03728909670554614,0.017116146891777095,0.04243956721273667,0.022607301170455587,15,0.009766684780961654,0.20223518670211194,0.20044756062544922,0.010506777644549326,0.19175096922152512,-0.02079948299700174
Germany,1960,0.35895958363445013,0.01631828668823654,0.010450301582321938,0.03210975587271414,4.170999999,0.030045536360968628,"reconstructed, resident currency",0.0055958973770340315,0.03032264461455858,0.03232900273758088,0.03268381587846503,0.03032264461455858,0.03437642241871264,0.03246519499114681,15,0.014866561146005042,0.023499169408432552,0.02314552681836446,0.012803101551821738,0.006392701350611096,-0.019048284997268072
Germany,1961,-0.09035313253710531,0.13926923566413807,0.19147911716279825,0.12567814285171952,3.996499999,0.12342678656601613,"reconstructed, resident currency",0.07540316185789941,0.006406754803908843,0.00022347066292893736,-0.00031400855448227016,0.006406754803908843,-0.023774147686159375,-0.017762939207770532,15,0.022767379914976127,-0.007215153360239257,-0.00795425706120656,0.023604783271376606,-0.04390623771765512,-0.062340459201224885
Germany,1962,-0.23728492096012566,-0.10341604795879156,-0.09594690768213275,-0.10975477928557609,3.997999999,-0.1115352697270049,"reconstructed, resident currency",0.02582256957515483,-0.002136390338599914,0.06269815585062588,0.06371779242677622,-0.002136390338599914,0.07010753032719808,0.004484409628724428,15,0.02881795734506487,-0.16566516944106346,-0.16618738355639595,0.01825126995188109,-0.162419760283815,-0.03218525522172566
Germany,1963,0.08801011213864895,0.1296381118168224,0.1410174090585503,0.12801278638123015,3.975199999,0.12575676080846776,"reconstructed, resident currency",0.02419472740703177,0.00010124052216453627,0.00034863807957208337,0.0006300721355054772,0.00010124052216453627,0.004204006526712378,0.00405607855056489,15,0.029855737754868716,0.04931456382497146,0.04895422174591979,0.01837742808505438,0.0445550297120485,-0.04259969841987543
Germany,1964,0.07000785626537365,0.05883572015394023,0.06053208880618868,0.05925646930313233,3.976999999,0.05713795636452601,"reconstructed, resident currency",0.04480323892766869,0.009211203035094373,-0.0007754683799181539,-0.00045916128443368454,0.009211203035094373,0.008468177690413636,0.018822428511225255,15,0.023452769513275573,0.2437665719518305,0.24593297362483524,0.027000180476569158,0.25360372885684224,-0.024391327374817418
Germany,1965,-0.14648364270916037,0.07282089761074007,0.07201272610192233,0.06465060608299655,4.005599999,0.06252130487083063,"reconstructed, resident currency",-0.029586625674213662,0.00846235406874496,0.008570079868466696,0.008913598149008273,0.00846235406874496,0.016617306348380323,0.016614085642621967,15,0.032304275290237605,0.1172138185106204,0.11934543977903678,0.03155536016230376,0.13259862538595413,-0.023656969091602864
Germany,1966,-0.16653033066139022,-0.09760200582063794,-0.08920576066592609,-0.0996953632787132,3.977299999,-0.10149597255215581,"reconstructed, resident currency",-0.03402210256239302,0.016563654084961854,0.00083558029701436,0.000456862506450717,0.016563654084961854,-0.01319145454058257,0.002430223456234241,15,0.03622630593032938,0.0677795639683203,0.0660762393482488,0.010884962315295343,0.047869844656594385,-0.05735713344825055
Germany,1967,0.3573491367337007,0.17095741038685008,0.17706137901801894,0.17641589846059258,3.998999999,0.17406306666367133,"reconstructed, resident currency",0.14057095313549373,0.01713800296762935,0.016333572829952514,0.016552208292731407,0.01713800296762935,3.640716434305524e-05,0.00013537681379212815,15,0.016066646547020502,0.08197003367183253,0.08408973220201355,0.01912916025527034,0.1026388195877832,-0.01695368824458854
Germany,1968,0.14133235002571864,0.18888946674754248,0.16042724706866932,0.1873339162312937,3.999499999,0.18495924839883116,"reconstructed, resident currency",0.07178344409025339,0.009523401477297355,0.014094948856209655,0.014976288803858262,0.009523401477297355,0.034720414555532875,0.03047828883793146,15,0.016251826324959362,-0.040469517186845216,-0.04042419305091405,0.011003722479790534,-0.014169937939779942,0.16885331063365516
Germany,1969,0.1695511699977006,-0.14881799157387054,-0.10344395696568612,-0.13843444870062938,3.689899999,-0.14015757980322807,"reconstructed, resident currency",-0.009153465319024279,0.02880127956595535,-0.02284177311686708,-0.023342755499038526,0.02880127956595535,-0.0892833210009949,-0.04118353775156763,15,0.018729291495549694,0.20101680362717533,0.1868360243725824,0.01323387456286551,0.1294602444561126,-0.24727452805219852
Germany,1970,-0.2412650960236442,-0.03843322148884709,-0.0495504633306974,-0.046549728456961925,3.647999999,-0.08413566235018055,"MSCI World, resident currency",0.01969353209194069,0.05037318272717961,0.0292430539163413,0.028019607614990116,0.05037318272717961,0.0004761172020835147,0.02118217760388735,15,0.034365707647773025,-0.009396855100194501,-0.009706099344608865,0.020938455464238448,-0.025569601604988,0.013933427950190591
Germany,1971,0.018977747445458437,0.022244662566513362,0.09857954932368793,0.022139314791199904,3.268499999,0.041843472947734606,"MSCI World, resident currency",0.03137974787213138,0.008803656565135931,0.054701251643985094,0.04988004531498791,0.008803656565135931,0.004864406843470004,-0.03827272553577303,15,0.05236533642603902,-0.11634986418185256,-0.10927617525238098,0.017643971771362565,-0.20900252393544028,-0.0010309246583966036
Germany,1972,0.10365842199057518,0.15959040258219348,0.1991362321572167,0.15788081868399528,3.201499999,0.1560506005883624,"MSCI World, resident currency",-0.013521602691838663,-0.011314653180169998,0.005872138593462584,0.006204760662404496,-0.011314653180169998,0.0006011261172038651,-0.017162669347675533,15,0.054956465344183414,0.09819280845469658,0.09531382396111399,0.01154035341542925,0.07735983335260266,0.3738166222837911
Germany,1973,-0.20673655069771812,-0.25779936226462774,-0.1533690301824814,-0.2563784612018245,2.702999999,-0.35848163501431307,"MSCI World, resident currency",-0.034619364501108585,0.0297950565495948,-0.03565483851916584,-0.03633551565911386,0.0297950565495948,-0.14694135968916688,-0.0881324763024558,15,0.06995075494626568,0.4285722108396002,0.34213793566552986,-0.005739170208360234,0.1564984545527346,0.3258739800187449
Germany,1974,-0.04246422398343275,-0.38118374766944874,-0.3472625569677952,-0.3713883051086435,2.409499999,-0.3724342678340008,"MSCI World, resident currency",0.011871439260889627,0.01778524160187467,-0.06534926389472806,-0.06428896905996673,0.01778524160187467,-0.11604177876130484,-0.03921427114628013,15,0.0696362624018183,0.2024164228523111,0.17345823444858155,-0.018682411153460032,0.07255452316103317,0.36576667860556933
Germany,1975,0.23802362177072056,0.35519914832693034,0.21312871306897455,0.35071770927454704,2.622299999,0.4184064061017645,"MSCI World, resident currency",0.07131069934407375,-0.014498360549040523,0.008701069816178464,0.012713691761077506,-0.014498360549040523,0.05537562879824742,0.03155674698995452,15,0.05939955491618387,-0.11328507367533525,-0.11575158415268827,-0.002214119066057396,0.0065839566514451775,-0.2160977007462983
Germany,1976,-0.06247991705486455,-0.02322739780297456,0.06555670252994214,-0.02465831262412932,2.362499999,0.00847366006952699,"MSCI World, resident currency",0.06566612159487839,-0.003946419897652209,-0.01422317246551974,-0.017854364026963387,-0.003946419897652209,-0.09586024672962923,-0.08934386553201075,15,0.04296597996139884,0.15718577807068823,0.1399792241438409,0.0049242743921680265,0.06673267066543809,-0.16911183099593896
Germany,1977,0.08447870324312223,-0.0886032432647954,-0.07053352577221195,-0.08332548490528113,2.104999999,-0.10065097735678419,"MSCI World, resident currency",0.09520364107538448,0.004319775392470415,0.024506478795451203,0.027711596794449456,0.004319775392470415,-0.023576361690173187,-0.05212402724329882,15,0.03691078010176341,0.28304701262682297,0.25031293383334563,-0.011551278487003214,0.15528472732516718,0.04755905634472812
Germany,1978,0.08990942600478768,-0.015275259628753535,0.02795598386361905,-0.011628399412853319,1.827999999,-0.006421973500338685,"MSCI World, resident currency",0.010297765385190782,0.006561704155344739,0.008373317484090537,0.005212478459654335,0.006561704155344739,-0.001758444737795073,-0.0011004644647621298,15,0.026862033926962292,0.2748504210218796,0.24017492111451944,-0.010424790546951224,0.14080817866232653,0.13966900382893344
Germany,1979,-0.12954253219412548,0.026052712038798775,0.06296332111867678,0.02035182609416597,1.731499999,0.02340451589388981,"MSCI World, resident currency",-0.03463517589099696,0.0168660071773421,-0.06288229888205166,-0.06194764772596162,0.0168660071773421,-0.07199193279086291,0.007169446104708503,15,0.0411597915708215,0.271974823554596,0.2588903922167347,-0.02032579690849734,0.22059365065196146,0.9844443732452002
Germany,1980,-0.019387753343958924,0.3827137183582592,0.12820572073136258,0.3704980999942915,1.959,0.37154970322292447,"MSCI World, resident currency",-0.0219874401046376,0.03453447554211819,-0.017606785522610524,-0.011904380509489831,0.03453447554211819,0.0790732026512524,0.136906348498457,15,0.05420362809988233,0.11262953052018854,0.1408674671276502,0.000695567814542164,0.28438239692941747,0.21858734391501033
Germany,1981,-0.033175419328673184,0.056628914205041125,-0.05923889467427681,0.05440248328612296,2.254799999,0.050201374297388135,"MSCI World, resident currency",-0.011785429826099314,0.046442501886061915,-0.01432586648178713,-0.01586242452453046,0.046442501886061915,-0.015905804946474422,0.046338151793675585,15,0.06325001153455467,0.07910687075897593,0.11783982764396717,0.06875376114405274,0.3057093578921488,-0.2697485930330562
Germany,1982,0.09068003946423064,0.09414061027161602,0.07481886241502204,0.09405100598272553,2.376499999,0.13187338743515808,"MSCI World, resident currency",0.1263741874962867,0.03229059384695354,0.1167722465191059,0.10611679151339715,0.03229059384695354,0.0406418650969913,-0.04026150058910498,15,0.05266870024658199,0.15419613012775435,0.18369212879788432,0.08419578734237465,0.28702899806408744,0.17068858812235765
Germany,1983,0.34909729364161524,0.3645202418458744,0.20606360760981232,0.3641040417432422,2.723799999,0.3745705538664399,"MSCI World, resident currency",0.015788509083393132,0.020207953600125395,0.033678084397632535,0.03855771047877021,0.020207953600125395,0.08875816885098042,0.07516717348646523,15,0.03276003497611435,0.06562292479620147,0.09117283555375755,0.04999397713684739,0.26912367676958326,-0.07057366191423808
Germany,1984,0.08379494979430113,0.20498532362012378,0.08498836389420934,0.20139965230048107,3.148,0.16933393621876291,"MSCI World, resident currency",0.10529976246359252,0.03063336748661971,0.07176080348301106,0.08133893784053692,0.03063336748661971,0.13628640249392965,0.09261652023661768,15,0.02407901118393796,0.07680196547247342,0.1076635082910562,0.06256920408590982,0.3050317713444479,-0.09273803433207328
Germany,1985,0.6309220512996778,0.09606658336139673,0.24634793794303544,0.11298533159334201,2.4613,0.08046621444598578,"MSCI World, resident currency",0.07904849845838147,0.029463700343521415,0.07620098024259936,0.07110324879877217,0.029463700343521415,0.03406419573597996,-0.012053105776446138,15,0.021823303523831994,0.26300593139104267,0.20174603709724304,0.041566294338919674,0.01133559198640488,-0.19495488247416404
Germany,1986,0.15179298896617355,0.10124682563996901,0.2593280190182969,0.10336526778051791,1.9408,0.12413892242572322,"MSCI World, resident currency",0.08756447869777695,0.04703891436672469,0.12218441056571283,0.11113593949621747,0.04703891436672469,0.056175532483586865,-0.013598612204406169,15,-0.0012501119582181142,0.24857639562178901,0.19651774788180898,0.05503815580608573,0.010683123080754475,-0.05937477483943754
Germany,1987,-0.33669318007517113,0.045579720467857854,0.09173748840776794,0.03130973191303976,1.5815,-0.058833261725990016,"MSCI World, resident currency",0.06556926042042432,0.03471609253357255,0.02585412792496844,0.028290709605334863,0.03471609253357255,0.04179896680604389,0.04985859315234721,15,0.002419899241152823,0.23152969918085842,0.1886925426673769,0.0219249880214456,0.022752025742220683,-0.0003831023509532905
Germany,1988,0.2629062930626125,0.28231176900656285,0.13849510104142837,0.2818253457459652,1.7803,0.3797489326445671,"MSCI World, resident currency",0.03630145373814786,0.02700979288226346,0.03839671402080258,0.04982829418028878,0.02700979288226346,0.14998675346061097,0.13781789625628188,15,0.012736203298781001,0.08340856612690417,0.1022910365025329,0.030389429819428715,0.2518676226341854,-0.06897195941649448
Germany,1989,0.2792789212212887,0.107622232217921,0.2148789908622681,0.11226497263251978,1.6978,0.07662864961496263,"MSCI World, resident currency",-0.011363727718116667,0.03707755286452441,-0.00871795628968397,-0.00889790141086555,0.03707755286452441,-0.025470185449011695,0.019421685060910302,15,0.027782345039029765,0.043038428406267704,0.04069503299055066,0.04313487985098852,0.016027031377048084,-0.10437193855026217
Germany,1990,-0.0942129487005261,-0.18023492211885994,-0.13429567846093152,-0.17764751415545021,1.494,-0.3035914895638989,"MSCI World, resident currency",-0.012559999575334824,0.05089299665668334,0.023872774672552,0.024699959579875364,0.05089299665668334,0.030946396651874597,0.05858889802086752,15,0.026964692401965307,-0.030719973409484735,-0.02906740012726705,0.019629465469601426,-0.15443732401426202,-0.18342175822423623
Germany,1991,0.08895859977767606,0.08321158907245141,0.04997567697351377,0.08338808990537028,1.516,0.1838607449854448,"MSCI World, resident currency",0.07270140440318107,0.050212113751857856,0.11947855897889714,0.12263904927698221,0.050212113751857856,0.13546136322556768,0.06469522472769682,15,0.0363620687590307,0.012162650712316925,0.012017361537676186,0.0295655869605842,0.0068951822137730545,-0.10255530246320876
Germany,1992,-0.06800778001306751,0.01283264613032098,0.009377948123813769,0.010261037476195556,1.614,-0.03539309758969311,"MSCI World, resident currency",0.07948797277110553,0.04148273836795591,0.08105191093425135,0.07406492601671877,0.04148273836795591,0.02334817581544435,-0.013886486139086865,15,0.05057910005715471,-0.06637345162907937,-0.06678710549952638,0.008383806062487231,-0.061164284984290496,-0.05297878033303571
Germany,1993,0.40445591080623444,0.20641283949058886,0.14394937408705702,0.2122039248504739,1.7263,0.25957994960190156,"MSCI World, resident currency",0.09768941882056725,0.029021528281252262,0.20694315362746862,0.2012957169278078,0.029021528281252262,0.19161093368306403,0.017641639549312364,15,0.044574844224746,0.12612108974779823,0.12923307533727302,0.004321478172269577,0.15377499297106678,0.19674845131636065
Germany,1994,-0.0953601344347641,-0.0862892924981532,-0.018205762110305435,-0.08659897659801286,1.5488,-0.09049137464895818,"MSCI World, resident currency",-0.05107777873941388,0.025439755093099814,-0.11341326372999405,-0.11317400698564561,0.025439755093099814,-0.1169863612028379,0.021688702867413024,15,0.02733485355169596,0.03928245896329541,0.03333765764424346,0.016542435122898214,-0.08147408677958856,-0.15328238450804887
Germany,1995,0.050589170081344115,0.10997357397139496,0.1906058997897815,0.1079338082748198,1.4335,0.09326601733417705,"MSCI World, resident currency",0.1458415457348996,0.026145260972956885,0.1783835275186072,0.17659092552233213,0.026145260972956885,0.16611629988119425,0.015499987390056624,15,0.01840357432440909,0.20698735041218996,0.19211937277726587,0.033488873052366586,0.13141161615858588,-0.08704126781847532
Germany,1996,0.20351312274614797,0.28361549721197865,0.194245853601356,0.2812063762288324,1.5548,0.20439392287942293,"MSCI World, resident currency",0.0596952578417298,0.017590587263373036,0.11455124511751413,0.12398394804076984,0.017590587263373036,0.17527643173221485,0.07272457950963448,15,0.014877703427147226,0.1757153130970579,0.19611432988088917,0.020154971252071885,0.29322117863505537,0.008590495263542497
Germany,1997,0.38719265915514,0.3711944958071818,0.2279731793253063,0.371713065881351,1.7921,0.3203531608414716,"MSCI World, resident currency",0.04967654231602592,0.01640434501253485,0.10723361325013925,0.11123877406675708,0.01640434501253485,0.1379529468438021,0.04459792186646172,15,0.015186530207989435,0.10130122396384,0.1277238535852856,0.038183713171633826,0.3047994662370195,-0.10719248478259924
Germany,1998,0.1486318146685277,0.13644438329619502,0.18833820322445385,0.1369106628457495,1.673,0.151203453938473,"MSCI World, resident currency",0.10593485066921926,0.02812172474644936,0.14083338345395702,0.13680583740042618,0.02812172474644936,0.10949919406779851,-0.00027313393759919403,15,0.005853658536585371,0.1397719601572196,0.1316480676849452,0.0384762766424287,0.08295574516419446,-0.08552859383271727
Germany,1999,0.30787470210379486,0.414195209996155,0.22281400417264702,0.4099463500533276,1.9468743778618356,0.43629555214177995,"MSCI World, resident currency",-0.02606386872213018,0.02039202253705663,-0.06163803175943472,-0.06403473288958572,0.02039202253705663,0.010970236941814981,0.0981642892048842,15,0.00678952473326877,0.026343111072522518,0.03593332026234375,0.025016298269186832,0.21705589218982202,0.15484681079785245
Germany,2000,-0.11158654989997896,-0.0018938636777224849,-0.047314268596275535,-0.007291306422988475,2.101912950026867,-0.07593580414095391,"MSCI World, resident currency",0.0537716969842017,0.026718249021963958,0.07416752991225617,0.07458400190716641,0.026718249021963958,0.07338399886047386,0.02574559402317839,15,0.014026974951830473,-0.02908183179185775,-0.028437256521555265,0.02935847551351123,0.07156286850808646,0.002301103505428559
Germany,2001,-0.19444481761070354,-0.1345227067725544,-0.16254385332998827,-0.13739453156545756,2.2192556450697833,-0.1276424140169059,"MSCI World, resident currency",0.03654509716410015,0.024267590507957237,0.031871874879512374,0.03162446975238531,0.024267590507957237,0.025652890124366445,0.018418418169312296,15,0.019001292087861943,0.08394065176734178,0.09135116507269814,0.024736810195639336,0.155616690312266,0.052425201444118885
Germany,2002,-0.40713960594113485,-0.3076198185995216,-0.22108103134993434,-0.31240871616896637,1.865004291026986,-0.3412925787630534,"MSCI World, resident currency",0.07614490620384884,0.019472938273423113,0.10076014506693176,0.09830439365910881,0.019472938273423113,0.07930905232419838,0.000381472868661629,15,0.013052882822406131,0.04677309260337603,0.040154138233052805,-0.00596150761007852,-0.13997139371001555,0.028339468703369786
Germany,2003,0.3608835096556511,0.03780661637488225,0.1677456786817713,0.04868336962805597,1.5485589865399843,0.0958031347817323,"MSCI World, resident currency",0.029614156915777734,0.012113962825355928,0.02863247007665204,0.02747841760525782,0.012113962825355928,0.0004588132988769811,-0.015094093074171,15,0.010933588573111441,0.3025377966808098,0.2487397444467374,-0.006956332666097742,0.07351245330853051,-0.016981545928770547
Germany,2004,0.06600572292142703,0.07383765024311573,0.12642905839519805,0.07355896244180915,1.4358931062330225,0.038946548978223916,"MSCI World, resident currency",0.048657903885293674,0.002928430793927461,0.06828478661980975,0.06812948451509127,0.002928430793927461,0.061824618826622935,-0.0033766164055490265,15,0.017503611181918677,0.17303722191568216,0.15814647965777384,-0.017486342515833142,0.07551503877373889,-0.05604607402791295
Germany,2005,0.25775537040806706,0.21733091015273676,0.10027628052183322,0.21862802585958607,1.657904552004747,0.24083495504887242,"MSCI World, resident currency",0.02111875308778588,0.001579346112063451,0.04773057362906363,0.049129838511152046,0.001579346112063451,0.06934426073933597,0.02276991589388288,15,0.019290187891440436,0.027122120491740898,0.036839786772742134,-0.0006986459582450921,0.20016326295284048,0.3293324299775391
Germany,2006,0.2191132495992214,0.07682097847367841,0.1542948936493503,0.0817034288519185,1.485064540622627,0.0640315404282028,"MSCI World, resident currency",-0.014894352853628057,0.010325638547078464,-0.025008488174085408,-0.025028418468700298,0.010325638547078464,-0.03909946426245958,-0.003952686833762309,15,0.017848364972730124,0.161896849383808,0.14566300285589429,0.024767261591463807,0.07075144606152883,0.08740373759206421
Germany,2007,0.1772788552452076,-0.04744710125197116,0.033519086264210664,-0.03915181114913413,1.3285986006385428,-0.05796790713510458,"MSCI World, resident currency",0.002194021901757326,0.015346618714455307,-0.011771475256085462,-0.012675336094617129,0.015346618714455307,-0.031405759395588095,-0.003967366465309004,15,0.022893741304172766,0.15187409368624682,0.13360607287909754,0.011644528236934182,0.032241716821741706,0.1351504102474177
Germany,2008,-0.44112828933697046,-0.3598284733851279,-0.3944531151250029,-0.3632678327261535,1.4053531651936473,-0.3660764812208951,"MSCI World, resident currency",0.07201194761178287,0.010445406471482954,0.11067136708352598,0.10461249100848691,0.010445406471482954,0.08794369270548996,-0.008169633147762378,15,0.02745115672564591,0.294361617944225,0.32636817160621745,0.03138761247384991,0.4124220087479107,0.11100055597036995
Germany,2009,0.2509605048623287,0.2274343092211315,0.2369455025230272,0.22840072996849403,1.3576495904484234,0.2141599705259738,"MSCI World, resident currency",0.0466705868221402,0.003787299837169966,0.0044890195349165385,0.0034276842932179363,0.003787299837169966,0.0377180594678963,0.03905489892863544,15,0.002461706783369877,-0.0565553110936422,-0.051310596859053925,-0.019834602641820354,-0.11530096045742,0.1632226383555515
Germany,2010,0.17147001884656543,0.1884080359498892,0.08892684311121135,0.18779520092926982,1.4637254901960783,0.19413058198230382,"MSCI World, resident currency",0.02856068285378144,-0.007272219518890566,0.020909624279092487,0.024907487278194917,-0.007272219518890566,0.09253799011180974,0.06139614626864416,15,0.011186903137789805,-0.04353976863480802,-0.046045620366774176,-0.011732246102603261,0.03194885267118042,0.37533327208860534
Germany,2011,-0.16879401627875057,-0.012032129552420057,-0.04601106687612257,-0.018045374917272983,1.5115774016539145,-0.04736839010704985,"MSCI World, resident currency",0.05667724720878686,-0.01632761170919894,0.047600145102666414,0.049777442049381504,-0.01632761170919894,0.06817954739876098,0.0024202525359531416,15,0.024824608742579635,0.03209019900105048,0.033641311855427514,-0.025979726392153846,0.06227102365614967,0.09422084460855418
Germany,2012,0.26541360675937087,0.0970571562764384,0.12199579228498639,0.10325156012973347,1.482363195391845,0.12621047672408858,"MSCI World, resident currency",0.02436988082660907,-0.018556968525890838,0.11113131162005985,0.11179687178073983,-0.018556968525890838,0.11479333384452972,-0.015295890489061163,15,0.02150605581885201,-0.11778214981733481,-0.11637218241120206,-0.014131120381582707,-0.13120861945891393,0.03883918122662511
Germany,2013,0.24752368750090925,0.21762185788398436,0.2973630189950432,0.2187905623500368,1.4181930244362266,0.18961181255306214,"MSCI World, resident currency",-0.020509613148110617,-0.014851692323184396,-0.028894980697702577,-0.027719617521850815,-0.014851692323184396,-0.06349304789562527,-0.051123857014603556,15,0.015980699439128943,0.08811437603101879,0.08365682113361417,-0.01307117198017016,0.0416955995452275,-0.31864461951793266
Germany,2014,0.023074864370285164,0.21972872977349733,0.1064681719971956,0.21235051912237934,1.6109299069269414,0.18560754258282497,"MSCI World, resident currency",0.06282832827392792,-0.006674146350783339,0.17493273412787747,0.1777165233679141,-0.006674146350783339,0.18994507708157515,0.005629318052862375,15,0.007692151569888894,0.08277768267761365,0.0974278133287827,-0.006284064445272408,0.24169843286663517,0.13574000184988488
Germany,2015,0.1057812102468767,0.12975028050122872,0.03795444252834579,0.12888634353272876,1.7964820428033434,0.09279568711958674,"MSCI World, resident currency",-0.0016572431557086986,-0.007819429893725638,0.005787570108509721,0.006060045258619251,-0.007819429893725638,0.032270162504975275,0.018359259153587434,15,0.006797583081570968,0.14481502118713885,0.16156250141021067,-0.00531491867575451,0.27344963230608,-0.03482879132026051
Germany,2016,0.052850822490738913,0.0587832773535828,0.03641506446229118,0.058552656143779025,1.8554501470448723,0.0933571288725299,"MSCI World, resident currency",0.03675606919756036,-0.0063640665171897925,0.03315079596047177,0.03310248065588728,-0.0063640665171897925,0.03581752126456372,-0.003547499687278825,15,0.0037509377344335793,-0.14867014845633997,-0.15355147393669366,-0.014283553872012966,-0.11978534073786218,0.09963815447023805
Germany,2017,0.14422222770181792,0.055997910383771554,0.16280103304790225,0.05932326835963431,1.6308096389560587,0.060181014859640225,"MSCI World, resident currency",-0.005629326716695804,-0.02005792126740291,0.004866488043005379,0.0043808135658451874,-0.02005792126740291,-0.02486401232977342,-0.04939987888395254,15,0.01711011459890388,0.004434487492458228,0.0005940370766650549,-0.00991627081888169,-0.10418197672080987,-0.030132312919505244
Germany,2018,-0.18428413652853093,0.03310088016551793,-0.0005278854711817521,0.015155171192660521,1.7081484716157205,-0.05865118504100908,"MSCI World, resident currency",0.0058602982069040355,-0.022142575181177016,-0.01149939067628547,-0.011562331913592017,-0.022142575181177016,-0.004985580172477744,-0.015516873440864363,14,0.01935003478107533,-0.0495721033526203,-0.04976472222292094,0.0017853235335945072,0.024889425205038673,0.01824443519608332
Germany,2019,0.2113073768045961,0.1564314859861604,0.13379249446251534,0.16091665409319122,1.7409916325440622,0.2791497996595034,"MSCI World, resident currency",0.04440027656198797,-0.01686772542437165,0.0550725024578238,0.056087066728713886,-0.01686772542437165,0.07084786174031898,-0.0019696856852860173,14,0.013532996289959742,-0.13629933229375313,-0.14051958254772168,-5.033643403207222e-06,-0.10054308583202831,0.18032734147010743
Germany,2020,0.07191526378435054,0.00690782342842744,0.060503172745444256,0.012189161068483223,1.5938635808002606,0.052687665038025466,"MSCI World, resident currency",0.02825774140798898,-0.00793988586761396,0.03044949813974296,0.029565274044277112,-0.00793988586761396,0.01938968413140474,-0.018167928919120387,15,0.0037174016121384046,-0.07862627512821607,-0.0739639221791627,-0.00489791713896115,-0.14651402186376616,0.1312596209642467
Germany,2021,0.11589553718470058,0.1597119244298979,0.18255048089484738,0.1562669397128631,1.537792930668918,0.11383044901759098,"MSCI World, resident currency",-0.06444867843508084,-0.03644043029503463,-0.06830571507050809,-0.06863660917254222,-0.03644043029503463,-0.061775589623639826,-0.029546667609426102,15,0.03212346,0.054178879555531134,0.05066751233652944,-0.0646718177027612,0.0013539628618386423,-0.12998230774438102
Germany,2022,-0.10014536502938365,-0.09629048146046637,-0.14225519392496008,-0.09539194763557513,1.7300974829186422,-0.13999332005661103,"MSCI World, resident currency",-0.21984702349940444,-0.07660410586211841,-0.2047124335611914,-0.206860415060233,-0.07660410586211841,-0.19341925296941698,-0.06287507392148292,15,0.08665801999999999,0.1281849672993134,0.16536245012438688,-0.04319532740699539,0.30703079225378516,0.05115037392498656
Germany,2023,0.05381538627897742,0.11269630929362284,0.16745863082108073,0.10811559895878253,1.6815250961534343,0.1425384964732188,"MSCI World, resident currency",-0.034310301597590076,-0.0245155186278746,-0.03003787078858189,-0.02994725838235035,-0.0245155186278746,-0.053122708110164174,-0.048368707793129885,15,0.06030186,-0.05962232868936901,-0.059716235306306986,0.017003513512843016,-0.06421451197611128,0.05442513589646092
Germany,2024,0.2548918940431517,0.15804328150431957,0.16136913564597818,0.16570780388652362,1.679843667398604,0.15496678514669804,"MSCI World, resident currency",-0.017495625056259012,0.01108681595872052,-0.005865308543474113,-0.005772099408399511,0.01108681595872052,-0.009892692549521298,0.007092483798955825,15,0.02449793,-0.0031879064925753875,-0.0026858268932151708,0.02171369326854866,0.01096819997471754,0.2198676293077786
Germany,2025,0.10676530576921217,0.15505479304815228,0.18297992895303866,0.15126356790889828,1.6118176043802148,0.1357201472965377,"MSCI World, resident currency",-0.025701750628372988,0.003994910745690472,-0.004691675069054102,-0.004644221582543184,0.003994910745690472,-0.009562397964594016,-0.001050258453619568,15,0.02022805,0.091234063691632,0.08794190609300534,0.015139307087717269,0.06258483435488982,0.5642638475196216
Italy,1927,0.44736776742013107,0.04650834321915709,0.2597767909312887,0.04650834321915709,19.395,0.044415326532718735,"reconstructed, resident currency",0.04437871098382962,0.1782159306950355,0.2063201118164728,0.1854447143542728,0.1782159306950355,-0.08263533833439585,-0.102318968924037,15,-0.08573634517667272,0.4253964651884168,0.3456838672299609,0.06069651650102048,0.040823936900432845,-0.17606588695022118
Italy,1928,0.33345347157108285,0.38915401540020933,0.3250049512935205,0.38915401540020933,19.022,0.38637570736940896,"reconstructed, resident currency",0.19933904043054307,0.13794683720914502,0.17301361793149028,0.16932257822390406,0.13794683720914502,0.13105507917917647,0.09783387976025587,15,-0.07324317279363102,0.42443224704957805,0.41156862656517057,0.05045226040342521,0.3675512322966057,0.0462844742166042
Italy,1929,-0.12478549987099186,-0.08039387805024001,-0.07338390900217849,-0.08087547024620012,19.108,-0.0827137193057077,"reconstructed, resident currency",-0.0041165254427458775,0.050109305131217585,0.06314333946782136,0.06239702578270845,0.050109305131217585,0.03965907402123192,0.026571767693397634,15,0.01598947344137902,0.19834074015897052,0.19408344874299455,0.03785806464463959,0.17099119319367406,-0.016889504560435586
Italy,1930,-0.11538181111555867,-0.18026806308783427,-0.18557164819381783,-0.17955429407736712,19.093,-0.18119518548921243,"reconstructed, resident currency",0.1084922868105962,0.09470217470826814,0.14081397196405598,0.13968651307363555,0.09470217470826814,0.099488291638272,0.05308370910249458,15,-0.03170010697989212,0.16755878045911476,0.17058505593404094,0.10740235214556271,0.19030328413603348,0.06805501525672031
Italy,1931,-0.19546510854273236,-0.28617094811155563,-0.2929761066038753,-0.2850834464415378,19.207,-0.2865132795486548,"reconstructed, resident currency",0.1910308187133838,0.17332784774526022,0.11071732887353436,0.11250910561222804,0.17332784774526022,0.008604309154865097,0.06538703430894599,15,-0.09658668658051761,0.38814307859100117,0.3865794881555342,0.15094084355712933,0.3800469134131361,0.11675507803412111
Italy,1932,0.010878179781682817,-0.014943103915796785,0.10728211062500025,-0.014560010890282471,19.511,-0.016530890868501902,"reconstructed, resident currency",0.09870584581547015,0.08730353271864133,0.2133670621410073,0.18938970600407767,0.08730353271864133,0.0700381469585305,-0.036518177009300996,15,-0.026214880356360215,0.07678839343572763,0.07691131635140724,0.16025907588768828,0.08035970803211545,0.04325877417126023
Italy,1933,0.43599801539154304,0.21233309798251465,0.38861723284973115,0.21544896811437253,14.904,0.2130180701781439,"reconstructed, resident currency",0.21000456918249322,0.10407029766669051,0.14935473439589364,0.15192403902285,0.10407029766669051,0.1327592160610609,0.08478012103106637,15,-0.05911788104455096,-0.04345296604429161,0.0051613978106423986,0.030170519994877854,-0.31240991786670724,-0.23604181868777618
Italy,1934,0.24880092401539788,-0.06679578598086533,0.013324820137736108,-0.061835388199835695,11.68,-0.06371171742343607,"reconstructed, resident currency",0.501774401391716,0.09396358398828952,0.2271833132014498,0.21245609905206098,0.09396358398828952,0.10759361693169134,-0.014059052187385212,15,-0.05161376788459704,0.05487748890893096,0.05427810978110048,0.008767156750223437,-0.17147369846142924,0.4057974052992952
Italy,1935,0.10297406108105212,0.29577403381982914,0.27273486438440786,0.2921582504668294,12.125,0.2895739339658958,"reconstructed, resident currency",-0.13460170308377772,0.03037172775028263,0.026564937578306802,0.02542966437401306,0.03037172775028263,0.022700315726279285,0.027769608001870984,15,0.014197084065763477,0.05400151479257054,0.05460061982889752,-0.0020322077192309607,0.06830716837111672,0.012023201011575502
Italy,1936,0.2620197001492328,0.34336950272773126,0.26211948551852565,0.34210550744288515,13.714,0.33942129642799945,"reconstructed, resident currency",-0.08407732501716036,-0.023739312553311076,0.008233150323491811,0.012862169684588531,-0.023739312553311076,0.0891005755208576,0.05464985338323738,14,0.07553240056324184,0.24399773347210063,0.27524251040173375,0.012372876775614161,0.37640874041923733,0.0517936591586432
Italy,1937,0.024914544684904394,-0.021381396954672338,-0.23831728855141798,-0.020672494120811846,19.009,-0.02263114913257025,"reconstructed, resident currency",-0.05023523488744641,-0.040407364354286934,-0.03984883919683013,-0.03142299949107763,-0.040407364354286934,0.20921513252506507,0.20618982312052705,14,0.09463116018887274,-0.10397219127823654,-0.11828298599653009,-0.011132956950033579,0.2112882257230566,0.2675339286435232
Italy,1938,-0.08637288999862369,-0.03572069146441026,0.0554883429143527,-0.03684676585423463,19.01,-0.038773072322526136,"reconstructed, resident currency",-0.020252928905478473,-0.02255744862354203,0.0049916741567379574,-0.0013692707406101068,-0.02255744862354203,-0.05751816722729197,-0.08004906682969473,14,0.07678962500529218,0.05637114255308795,0.05374652991619433,0.047570894586841384,0.029573404096646216,-0.06826622693233209
Italy,1939,0.35640836694969735,-0.036881169662478896,0.016066869840858054,-0.02883723434959362,19.246,-0.030779559880894425,"reconstructed, resident currency",-0.04000186740694922,0.008074652790226011,-0.05769858215237633,-0.05551615531860643,0.008074652790226011,-0.10796417610472275,-0.04557794011407003,14,0.044168700343945266,-0.1165775189541759,-0.11297975765535206,0.022205827566040615,-0.14375610921958748,-0.04406960105541946
Italy,1940,0.01134925431784306,-0.17051445264568532,-0.08850458158167514,-0.1646916112358996,19.839,-0.16636222801342782,"reconstructed, resident currency",-0.08127227773464107,-0.09802670896823473,-0.030085653027529635,-0.035659902394843845,-0.09802670896823473,-0.08014537714900605,-0.14353470517327688,14,0.16699686179130357,-0.10619024817047995,-0.10621800460168729,0.0059249679692383594,-0.11317109027966143,-0.12292454226333427
Italy,1941,0.11449183526879181,-0.09117264203528497,-0.05810787329500807,-0.08490390379288804,19.7227,-0.08673409598530224,"reconstructed, resident currency",-0.07965204355554889,-0.09028871010128414,-0.03622869760601799,-0.03784663054504922,-0.09028871010128414,-0.05293739879868353,-0.10563275169880813,14,0.15707039336714956,-0.11303749423256881,-0.10881792405577828,-0.07583315048804296,-0.18711675474679623,-0.1814821127479258
Italy,1942,0.03426854942347202,10.465170042039757,0.040605710903874145,10.044934799585805,225.53,10.022844929986633,"reconstructed, resident currency",-0.09518392804301501,-0.092243443463359,-0.0675273156172117,0.378978207103283,-0.092243443463359,8.782145862348669,8.502886840883354,15,0.15581649157320454,-0.08317472640259027,0.2822003737254202,-0.07087970183543024,9.294576004740131,9.015903036555525
Italy,1943,0.2040195510263545,-0.17145670629112908,0.10450109163457608,-0.157975584236974,269.179,-0.15965963306850006,"reconstructed, resident currency",-0.5548014050655397,-0.37371000987382896,-0.37433300674204306,-0.37050250254767747,-0.37371000987382896,-0.27891595490168575,-0.2801192822831198,15,0.6770186573813866,-0.23716839581643245,-0.20779295972738987,-0.019568422192413393,-0.09795551091780597,-0.2712049179526468
Italy,1944,-0.4339988838380836,-0.4548197923663142,0.12804643956664305,-0.4538028917199717,574.713,-0.4548952859365317,"reconstructed, resident currency",-0.7008150245376388,-0.7634982246369607,-0.7539451606591199,-0.7444817784674242,-0.7634982246369607,-0.5238210344302758,-0.5381633093044405,14,3.443941266119463,-0.745763215139544,-0.7258516517322384,-0.011389603351630306,-0.48055776832725006,-0.5233885847316214
Italy,1945,-0.7288679930335644,-0.3573118690162197,0.20839592346118976,-0.3725154567066675,588.582,-0.37377042579325415,"reconstructed, resident currency",-0.4041668184924576,-0.46835329429938133,-0.4419228280498767,-0.44532687736448395,-0.46835329429938133,-0.5048682294076838,-0.5294534431558182,13,0.9695410295142322,-0.36853166394209735,-0.3698867893911916,-0.013237632217602213,-0.3767076595545582,-0.4820205498687624
Italy,1946,1.2047048218679164,-0.15743627406171024,-0.06781247709308513,-0.14418263110050245,675.0,-0.14589426583830145,"reconstructed, resident currency",-0.0874617706353894,-0.11276895109304097,-0.10885647583613589,-0.10937268816478773,-0.11276895109304097,-0.2845823870232388,-0.2914219258697579,12,0.18018863448640698,0.34629127987773667,0.3515255012037102,-0.1458067950930625,0.364475959154712,-0.11248796011686912
Italy,1947,-0.5450403551528455,-0.4901194379722644,-0.10198613859153985,-0.49107410318231004,585.0,-0.4920919549759454,"reconstructed, resident currency",-0.4024657348461588,-0.352960514810148,-0.38629070150320455,-0.3840397514605226,-0.352960514810148,-0.4958585612407779,-0.4669737623024237,12,0.6206120698960382,-0.3092350187490409,-0.319181189751369,-0.07460156340503099,-0.3958127365678147,-0.44157818554504913
Italy,1948,0.2042461834444942,0.08600622494447241,-0.10431983550066971,0.08733426118037824,660.0,0.08515959265801754,"reconstructed, resident currency",0.036379085654367316,-0.005856310272534415,-0.021068809390166643,-0.01673495861190699,-0.005856310272534415,0.016092853843654886,0.02691987074253016,12,0.058800665266208973,-0.049472743952429954,-0.04787596828744378,-0.016410018909050028,0.07896416112440519,0.1127483084384171
Italy,1949,0.09341087053663233,0.031057108486183482,0.07762912017004418,0.03210852263310593,665.0,0.03004430558783966,"reconstructed, resident currency",0.1500792201490051,0.04134622990983705,0.05212562091852435,0.06441884478046922,0.04134622990983705,0.04575248758420902,0.02333942249992477,13,0.006965761511216195,0.2148519536271325,0.21121305913592692,0.031435476496074255,0.19220981196407005,0.0060136731761888385
Italy,1950,0.10559916478508069,0.3056736650168477,0.19055093258341507,0.30257736824178383,700.0,0.29997221350530023,"reconstructed, resident currency",0.0379383473051218,0.054393848962422275,0.045848434563768414,0.0481951416726345,0.054393848962422275,0.0832388985036947,0.08998150487506333,14,-0.006917575331222947,0.1789740496107859,0.17640584305825024,-0.044909057796571394,0.14402037448779614,0.008158158837096252
Italy,1951,-0.00540509819984436,0.05083552037651384,0.13596716408373177,0.04987339911108579,690.0,0.04777365231286357,"reconstructed, resident currency",-0.11516397329978645,-0.08378749992698431,-0.09682100307270625,-0.09359854142215762,-0.08378749992698431,-0.12274174711667174,-0.11326031985860062,15,0.1428571428571428,-0.10552794983595193,-0.10569882834766009,-0.044855439335450886,-0.13186810022740925,-0.12402317122010331
Italy,1952,0.3929004451566005,0.04125159430884717,0.08588444812783096,0.04125159430884717,634.0,0.03916909112022937,"reconstructed, resident currency",0.06606778405742775,0.024548479134848034,0.05121867454638296,0.048708054094494635,0.024548479134848034,0.007472241468381657,-0.017742880734495554,15,0.018595041322313932,-0.018879561796812272,-0.017207296720303078,0.003226921042449371,-0.11358524912020784,-0.08892254921286835
Italy,1953,0.0666509347558022,0.061739544052790585,0.06518725449726835,0.06182347332887361,629.0,0.05969982638221594,"reconstructed, resident currency",0.014625424694269862,0.027116201780736482,0.049990319341047584,0.049359598276181194,0.027116201780736482,0.04415712257717841,0.021874016405628027,15,0.014198782961460488,-0.04818221544539869,-0.04611966582921767,0.006703548557218442,-0.08048588043999194,-0.024585952596974603
Italy,1954,0.30846754709879587,0.45556239081216643,0.46389859616617574,0.45556239081216643,638.5,0.4526512660305422,"reconstructed, resident currency",0.023732647751317115,0.010133335084626438,0.03747952067195337,0.03804511326974325,0.010133335084626438,0.048713729729973565,0.021390366265814607,15,0.031249999999999778,0.4915457391727469,0.48960397520586985,0.018564239040369523,0.48579230445318133,-0.011831325043890062
Italy,1955,0.04319040433448906,0.2257871330690444,0.2583062833583122,0.22161648962815517,635.5,0.21917325664889886,"reconstructed, resident currency",0.009087404564899648,0.011061766458784872,-0.012962707799309636,-0.013413944445695658,0.011061766458784872,-0.02224497888714183,0.0020809911409940336,15,0.030303030303030276,0.4127526177038454,0.3981043209596218,0.011922977581826144,0.3624042492783319,-0.043392593634892784
Italy,1956,0.016142559903008502,0.0007726939228571705,0.025523863741381086,0.0010975213430186592,624.969999998,-0.0009046736996674021,"reconstructed, resident currency",-0.00029118188789922783,0.011937144611562811,-0.0196440034023051,-0.019681103739975114,0.011937144611562811,-0.051913844722313085,-0.02122405757045626,15,0.02941176470588247,-0.011226866454810969,-0.010105446131073337,-0.012271588679896195,-0.0643995877552982,-0.06156193410988753
Italy,1957,0.021972634947635905,-0.0770169899063543,-0.09092773946263005,-0.07489896931351969,624.89,-0.07674917137489268,"reconstructed, resident currency",0.05138553280225944,0.02702817079466846,0.0011373609707174825,0.00037431050741409955,0.02702817079466846,-0.020723460710754926,0.005514226718832341,15,0.014285714285714235,-0.13319845209226477,-0.13063022763408516,-0.011143687996010843,-0.14936268214141357,-0.014549814825929208
Italy,1958,0.2566681855345425,0.29328739694371264,0.2949834895866941,0.29231096981711047,624.0,0.2897263478774763,"reconstructed, resident currency",0.0955320533416042,0.01014520692294596,0.05656043798716959,0.05697168718864942,0.01014520692294596,0.062084485449739546,0.015783318674181982,15,0.028169014084507005,0.07083260206648578,0.07031509229338817,0.006882515564111014,0.0649530429713634,-0.023018494194027572
Italy,1959,0.6040031909942627,0.22894509752293435,0.2232923258616178,0.23847818597188586,620.600000001,0.23600122959994208,"reconstructed, resident currency",0.0766841247677803,0.03629999980330467,0.05619183072820921,0.05614349418236553,0.03629999980330467,0.04876819957220824,0.028815532190046764,15,0.0,0.22491057442182938,0.22049028049741937,0.010506777644549326,0.19898606848815548,-0.014854773804039989
Italy,1960,0.21365028458672586,0.026629216896698393,0.01985774356210157,0.03305116513390982,620.600000001,0.030985062803642105,"reconstructed, resident currency",0.046601724634702135,0.02229594575190852,0.024286673399808834,0.025002939901419774,0.02229594575190852,0.035319899154676815,0.03340692845592256,15,0.013698630136986356,0.015525628632681476,0.015355800176011236,0.012803101551821738,0.007310653539378098,-0.01815353807327602
Italy,1961,0.026024982725319168,0.17658852173996809,0.1816532046098505,0.1699561959553848,620.600000001,0.16761628356347402,"reconstructed, resident currency",0.03174119050565527,0.009028947176902058,0.002829552491714127,0.0034485785317295292,0.009028947176902058,0.014625265507046015,0.02087292221880727,15,0.027027027027026973,-0.004628452863193133,-0.004662098482842492,0.023604783271376606,-0.006298711403628365,-0.025458034856137846
Italy,1962,-0.17056812817537337,-0.1171399196322428,-0.09989947182743622,-0.11921133839129605,620.600000001,-0.12097291571451341,"reconstructed, resident currency",0.022318145142325774,-0.0045924062215829675,0.060082564376685355,0.06026236231626014,-0.0045924062215829675,0.058740398131987615,-0.0061856461821961995,15,0.03947368421052633,-0.16771869617130875,-0.16713971601223898,0.01825126995188109,-0.1713168898143762,-0.042465790432056116
Italy,1963,-0.1753642756272764,0.09863084065853434,0.15040329180219525,0.08899589874076486,622.380000002,0.08681790694328329,"reconstructed, resident currency",-0.07898941125501602,-0.037222352492458644,-0.03698418776605994,-0.03661220179803515,-0.037222352492458644,-0.030530453369308597,-0.030673264657689922,15,0.07594936708860756,0.010154338702091037,0.010023401168601564,0.01837742808505438,0.008424866365846828,-0.07571526275096518
Italy,1964,-0.2658497542142868,0.03613022601432703,0.07063090133711075,0.027387156530625845,624.799999997,0.02533238221756462,"reconstructed, resident currency",-0.0037926466514667245,-0.021272222407990093,-0.030957244423364005,-0.030646767365563488,-0.021272222407990093,-0.02187309348169353,-0.01183036575986344,15,0.05882352941176472,0.2061983548624131,0.20833209184522694,0.027000180476569158,0.21588718854248135,-0.05374397126465502
Italy,1965,0.20018412775181704,0.04177298101778648,0.061400082450340523,0.04459510203002126,624.700000002,0.042505911825961196,"reconstructed, resident currency",0.023750993958179034,-0.00779787252875086,-0.0076918836762802645,-0.007471555019091913,-0.00779787252875086,-0.002533363731833438,-0.0025365237670983347,15,0.04444444444444451,0.099200107068103,0.10087148455245298,0.03155536016230376,0.11126314105706858,-0.04204896689970927
Italy,1966,-0.022159184569243262,-0.09099309999834182,-0.09270991015031312,-0.08986542810217912,624.450000002,-0.09168569724597475,"reconstructed, resident currency",0.001607320895514519,0.0037649472810559192,-0.011765107421521703,-0.011431592715751782,0.0037649472810559192,-0.0024170303758439537,0.013375212200776265,15,0.03191489361702127,0.054336040274042485,0.05476165701193958,0.010884962315295343,0.05931096383591061,-0.04706493023737823
Italy,1967,0.015517431497573675,0.155121919439416,0.1860617518256885,0.15207627128130463,623.859999999,0.14977211873874197,"reconstructed, resident currency",0.01837292004376634,0.004725998826324851,0.003931385046085145,0.0037750168978569754,0.004725998826324851,-0.020653990974568437,-0.02055706897202103,15,0.030927835051546504,0.0687668926039342,0.06990102576120982,0.01912916025527034,0.07982561397121857,-0.037292567342882554
Italy,1968,0.03441192677208016,0.18455384704693656,0.161851181972527,0.1821404031142,623.5,0.1797761223079717,"reconstructed, resident currency",0.027777995548996293,0.015294116793894252,0.019891796403561646,0.02026257833442191,0.015294116793894252,0.03019444762065726,0.02597087737027343,15,0.020000000000000018,-0.03498457523719978,-0.03495613514240492,0.011003722479790534,-0.01848205375534273,0.16374063346866463
Italy,1969,0.1658833276193874,-0.06741682891407241,-0.09846076325246272,-0.06395675658221112,625.5,-0.06582884306904668,"reconstructed, resident currency",-0.01151493340372478,0.029807693038422123,-0.021885878889478794,-0.02176798584449624,0.029807693038422123,-0.010556779157137153,0.041700970764020115,15,0.019607843137255054,0.20219168503122975,0.20712711530794792,0.01323387456286551,0.2270959869944844,-0.18220547339365212
Italy,1970,-0.20453681967674053,-0.04921486864338043,-0.0545133519566851,-0.05201928703061709,623.0,-0.08938960562316367,"MSCI World, resident currency",-0.01907280716327353,0.024543116945739074,0.003932605948959278,0.0035819560312526644,0.024543116945739074,-0.005263209627960785,0.01532406848012801,15,0.04807692307692313,-0.03375709659991466,-0.03370742740750721,0.020938455464238448,-0.031159514680733524,0.008116901971352286
Italy,1971,-0.17736481985320207,0.08982792443561682,0.10109548784641523,0.0849507485800669,594.0,0.10586574601017684,"MSCI World, resident currency",0.0580667508685071,0.002405071258545055,0.04801154955211273,0.04929404022572803,0.002405071258545055,0.06661428109630707,0.02082633087347697,15,0.05504587155963292,-0.12195463250165084,-0.11901985400766146,0.017643971771362565,-0.1603949761422716,0.06035667586234306
Italy,1972,0.08039644816197655,0.16348062927010498,0.19789860892581784,0.1622922325711318,582.5,0.16045504152163925,"MSCI World, resident currency",0.004699951053158458,-0.00040289202381749156,0.016973584129664543,0.01688236788051567,-0.00040289202381749156,0.0044133195934326075,-0.013418154213412088,15,0.05217391304347818,0.1103131637002015,0.10632645795147089,0.01154035341542925,0.08146447007652391,0.3790507306895332
Italy,1973,0.08108009097736257,-0.11419209389253326,-0.1576371492996027,-0.11191551226909302,607.920000001,-0.23385421371864035,"MSCI World, resident currency",-0.05943446834363164,-0.03448320669469551,-0.09584781745588056,-0.09709747709007244,-0.03448320669469551,0.018781874996879777,0.08901552793937322,15,0.1074380165289257,0.3394028755939098,0.35267199136950556,-0.005739170208360234,0.381170775705308,0.5834507917074536
Italy,1974,-0.39538360238075254,-0.3236171070719235,-0.33720693222550135,-0.32514818493267117,649.429999999,-0.3262710877507967,"MSCI World, resident currency",-0.24410463711246844,-0.04047625605016936,-0.1188518589818548,-0.11745449617364079,-0.04047625605016936,-0.05101859399908004,0.03146027711078569,15,0.19402985074626855,0.13358600683396582,0.13756969041489886,-0.018682411153460032,0.15145068505127668,0.46623126726069253
Italy,1975,-0.16123861297566622,0.1919775637066925,0.22265177361949529,0.18409147070072684,683.549999997,0.2434300045969049,"MSCI World, resident currency",-0.04480915656064277,-0.05339037670808677,-0.03110649288741485,-0.03492113601473412,-0.05339037670808677,-0.0748168385853194,-0.09569739312100838,15,0.16874999999999996,-0.14827855299851445,-0.14891003261756297,-0.002214119066057396,-0.11758950857665618,-0.3128008761301223
Italy,1976,-0.2068488728084149,0.24541257717111864,0.064238501436746,0.23982493251214,875.0,0.2819412967982038,"MSCI World, resident currency",-0.14774549687751182,-0.0077276747297803094,-0.017965414315733952,-0.005697906680140141,-0.0077276747297803094,0.14931518163232815,0.15759860884879165,15,0.1657754010695187,0.15279282732746613,0.1914478568425637,0.0049242743921680265,0.35599839372659914,0.056199977294316916
Italy,1977,-0.36276589543558657,-0.09263636887459603,-0.06301858525978744,-0.09514905019320918,871.549999997,-0.11225107282224778,"MSCI World, resident currency",-0.09461134840967134,-0.028920703916810453,-0.009402130041127887,-0.004420459438744584,-0.028920703916810453,-0.03617059055344596,-0.06435003905468759,15,0.17431192660550465,0.240581357044775,0.21490958024868578,-0.011551278487003214,0.14038349010874507,0.034047299781524876
Italy,1978,0.17391446741615857,-0.008826647266827359,0.02906915541843985,-0.007521091130418434,829.75,-0.002293029229719079,"MSCI World, resident currency",0.019425169516108287,-0.0010722422849011037,0.0007256314399386454,-0.00148754698737108,-0.0010722422849011037,0.002389879440442666,0.0030505940371081527,15,0.12109375,0.26518172431582654,0.2342338236265904,-0.010424790546951224,0.1455489572096924,0.1444050483853332
Italy,1979,-0.040968949014836054,-0.05209467040756122,0.0568863059479619,-0.05198367542457971,804.0,-0.049147399063826036,"MSCI World, resident currency",-0.04921850958403118,-0.018515253003607346,-0.09548876322386235,-0.09489204557541986,-0.018515253003607346,-0.13778093540575098,-0.06423152083159014,15,0.14634146341463405,0.22771720076245772,0.2038676290669379,-0.02032579690849734,0.1340624644350632,0.8437617427017456
Italy,1980,0.515930160095817,0.21500817076077672,0.11893462225012594,0.21863692982705119,930.5,0.21957200775962393,"MSCI World, resident currency",-0.10917640974124276,-0.04420964550553719,-0.09238214780008869,-0.08914280968497823,-0.04420964550553719,-0.040495966581023946,0.010928845534929298,15,0.2127659574468086,0.02794116439631744,0.04670404507398396,0.000695567814542164,0.14206347380160067,0.08355899181536586
Italy,1981,-0.08072995995270449,0.06917619602591762,-0.0581705015322947,0.06637052522467224,1200.0,0.06212173136288146,"MSCI World, resident currency",-0.1262872711894043,0.01619782003950565,-0.04281419767906525,-0.042291608779060574,0.01619782003950565,-0.004735800337629437,0.05821465918157861,15,0.17794486215538852,0.047918110816872916,0.0945153906310221,0.06875376114405274,0.3205298696061458,-0.261459842197581
Italy,1982,-0.2162267216762198,0.07833714065679342,0.08175366849113333,0.0718878297604788,1370.0,0.10894400917964986,"MSCI World, resident currency",-0.03839231000521948,0.02624685798092341,0.11023389722026966,0.09705319250815947,0.02624685798092341,0.019560645926889553,-0.05970378744172923,15,0.16382978723404262,0.14743867579303016,0.1726457004916162,0.08419578734237465,0.26095649291464595,0.14697289540049674
Italy,1983,0.15643783448415505,0.3011201144805873,0.210745274532036,0.29893074793975494,1659.5,0.3088971977151924,"MSCI World, resident currency",0.027913498678846294,0.028524090822613868,0.042104022230596394,0.04054681880193134,0.028524090822613868,0.03674017473317703,0.023798521286043324,15,0.1462522851919561,0.07430925824298851,0.09115569426006753,0.04999397713684739,0.20848829432957228,-0.11497920133581563
Italy,1984,0.08373582961319159,0.12080886983942651,0.08496903444245281,0.12032846720677659,1935.879999995,0.09042656530516524,"MSCI World, resident currency",0.14636362550927573,0.04079519195093528,0.0823281356656358,0.08045038201162513,0.04079519195093528,0.05960909941693071,0.018886087587559844,15,0.10845295055821369,0.08741900243358613,0.10493671554086181,0.06256920408590982,0.2169674273226725,-0.15396062800130006
Italy,1985,0.8307916680657657,0.14411818229688111,0.24943660782851182,0.15483877340226382,1678.5,0.12109678571154125,"MSCI World, resident currency",0.05309037234001002,0.041233383207452956,0.08850500245443738,0.0869564631946711,0.041233383207452956,0.07294983457990556,0.0250983073410077,15,0.09208633093525198,0.2774456627412365,0.2219281804672375,0.041566294338919674,0.04936652927458862,-0.16468142960512389
Italy,1986,0.6382187694719397,0.05686226392187921,0.24676702179605808,0.06882363370186328,1358.13,0.0889469543206276,"MSCI World, resident currency",0.11404643034281814,0.05299828487308078,0.12857148232327265,0.111915309108648,0.05299828487308078,0.02311120661509003,-0.044478608871738316,15,0.05797101449275344,0.25568284529133267,0.19514520295056004,0.05503815580608573,-0.020957030571310375,-0.08882171619368662
Italy,1987,-0.31729977412257837,0.053631870201254594,0.08747298506041869,0.04288391252921975,1169.25,-0.048270737702758026,"MSCI World, resident currency",0.0669199558911795,0.05726144962482316,0.048206392284722455,0.04991202182217469,0.05726144962482316,0.0534908659847666,0.06164094388809931,15,0.04732254047322537,0.25836341428093745,0.21237558941808277,0.0219249880214456,0.034230164952200104,0.010835395993781693
Italy,1988,0.21758547401670936,0.22534897399301856,0.1400481408196633,0.22519222809646422,1305.77,0.3187893924946108,"MSCI World, resident currency",0.03905127827094934,0.057780118178727635,0.06950820380273348,0.07350218606234993,0.057780118178727635,0.09917847812088376,0.08754726071592334,15,0.0511296076099883,0.11586865973043459,0.12491308706098048,0.030389429819428715,0.19655808566057842,-0.11010628456643534
Italy,1989,0.059155288087928026,0.09881795525844517,0.21984878214777825,0.09802121721800416,1270.5,0.06284125584216382,"MSCI World, resident currency",0.044654526966956265,0.059855120694929376,0.013053794460593737,0.010989915798478966,0.059855120694929376,-0.037950093262492546,0.006366888314147579,15,0.06221719457013575,0.06594691628851024,0.060487268734320754,0.04313487985098852,0.003015706840576504,-0.11584142411670362
Italy,1990,-0.3239856804609299,-0.19598916905097008,-0.12947910879990535,-0.19836537731191872,1130.15,-0.32113639453904197,"MSCI World, resident currency",0.07652649658918387,0.055235210165381465,0.02810334258718794,0.026644388180655953,0.055235210165381465,0.004973341623589089,0.03191943412834998,15,0.06496272630457933,-0.026714978763443087,-0.024724355352504945,0.019629465469601426,-0.17573993100194418,-0.20399414848373132
Italy,1991,-0.01231205895164611,0.06151301054529923,0.05234908531551976,0.060170146429586735,1151.06,0.15848958564154603,"MSCI World, resident currency",0.09376004868145849,0.05866948221499135,0.1284937308055094,0.12668584083263412,0.05866948221499135,0.11112744447941436,0.04187788551472503,15,0.06299999999999994,0.02031360647601943,0.019348305258035436,0.0295655869605842,-0.014683452113580575,-0.12178831827185677
Italy,1992,-0.0660377326809144,0.21667162258433215,0.00806102943274667,0.2123038891314195,1470.86,0.1575193498468268,"MSCI World, resident currency",0.03819828475145948,0.08791356367678538,0.12924678788921695,0.14053554648241207,0.08791356367678538,0.2280083339409582,0.18332708441881612,15,0.05079962370649116,-0.024751013182307657,-0.03676915781717505,0.008383806062487231,0.12659416363549458,0.13641669341256057
Italy,1993,0.44912448839540664,0.31071050632868347,0.14716112333625667,0.31273006663984737,1703.97,0.3640349097063673,"MSCI World, resident currency",0.34196120978116795,0.058427608941443054,0.24143365431418906,0.24864833107559203,0.058427608941443054,0.29042933149675476,0.10203304074092584,15,0.04476275738585489,0.15830195932938662,0.16855979440975877,0.004321478172269577,0.24945571645226616,0.2959928952890045
Italy,1994,0.052328189475925324,-0.03984445498696554,-0.02202024411755661,-0.03838108644698257,1629.74,-0.04247896184778399,"MSCI World, resident currency",-0.1435644418688542,0.049387260743676276,-0.09270844828754554,-0.09489569986910007,0.049387260743676276,-0.0703726027916598,0.07562303442741677,15,0.04027420736932297,0.06355323882623232,0.0588006637139622,0.016542435122898214,-0.032985656780266326,-0.10858467131667093
Italy,1995,-0.05250858052394969,0.12977857111893432,0.19038848296106287,0.12633244752327966,1584.72,0.11142107940133483,"MSCI World, resident currency",0.15423087456098994,0.05325882168310114,0.20951963906963234,0.2056522273090684,0.05325882168310114,0.1854811328369379,0.032363646378762795,15,0.05244398682042828,0.2388792530953905,0.22143345290787164,0.033488873052366586,0.15020013403911903,-0.07188043579341563
Italy,1996,0.03803454293683406,0.11504100229337544,0.19715654713693123,0.11376726822284877,1530.5699,0.04699332928548361,"MSCI World, resident currency",0.2647078747299014,0.04331991144700087,0.1427321762933964,0.1290278026028746,0.04331991144700087,0.021681163209644083,-0.0674683277859709,15,0.03959012794413552,0.20544275045443627,0.19134107106795262,0.020154971252071885,0.12421187254460109,-0.1232208163280557
Italy,1997,0.5681859911258844,0.36004713127107024,0.22763021568620037,0.3634110087091622,1759.1899,0.3123619506522304,"MSCI World, resident currency",0.17292068926490156,0.04403563518087927,0.1373341272847204,0.1370088613578686,0.04403563518087927,0.13106568254710482,0.03827567278610249,15,0.01848391052969678,0.1312404640226006,0.15275034892009187,0.038183713171633826,0.29690239210659164,-0.11259604855949767
Italy,1998,0.4229506393001503,0.12209356627527956,0.1819391961326381,0.12818516883826114,1653.1,0.1423682664721182,"MSCI World, resident currency",0.1534751161810468,0.025098588702068936,0.13747882490399244,0.13277504355826952,0.025098588702068936,0.10098407596263481,-0.007945777940354951,15,0.020313082370480906,0.1364205226647619,0.12758742710986115,0.0384762766424287,0.07464434113430074,-0.0925469243271817
Italy,1999,0.2105611130935039,0.4041462989287319,0.22662860478005253,0.3991421641857493,1927.4039418674101,0.4252894566931631,"MSCI World, resident currency",-0.08250905055122781,0.013335575917948095,-0.0681272055201505,-0.0704688125485251,0.013335575917948095,0.0032233390927614014,0.08974923774334607,15,0.01650860554970146,0.019245510134634047,0.028723656805737185,0.025016298269186832,0.20772979402307068,0.14599741054090787
Italy,2000,0.06119809588838154,-0.021124948589889225,-0.05388139882962028,-0.018689437409260767,2080.891993551854,-0.08654576939286862,"MSCI World, resident currency",0.05031205876720657,0.018983921704740947,0.06607576444710683,0.06612859774914326,0.018983921704740947,0.061059566228081064,0.013968138345682883,15,0.025805114029025633,-0.0363958139075099,-0.03578319396574792,0.02935847551351123,0.05925934581879577,-0.009207166079956863
Italy,2001,-0.23943068003041323,-0.13745182744137774,-0.16138002805045,-0.14097004844191852,2197.0611596505164,-0.1312583536151697,"MSCI World, resident currency",0.041008245483355354,0.016881068084149797,0.02443051403501495,0.024326507140570497,0.016881068084149797,0.02140153843205006,0.01419705350758414,15,0.023242653300456606,0.07612379608963216,0.08384724734195692,0.024736810195639336,0.15082663607526903,0.04806287798724895
Italy,2002,-0.20638073701716253,-0.3244320206661906,-0.23070856131860795,-0.3211595712972738,1846.352627062077,-0.3496758339769197,"MSCI World, resident currency",0.08823777399462385,0.006364771535869229,0.08660680467122872,0.08419698971105194,0.006364771535869229,0.06557287303039461,-0.012350208797430769,15,0.026112032867188217,0.033313906273753524,0.02678404907213383,-0.00596150761007852,-0.15091682876252455,0.015251970468655118
Italy,2003,0.14008893575882242,0.02807449276201135,0.1752101705719215,0.031143573690633142,1533.0720506730008,0.07747523531434886,"MSCI World, resident currency",0.01881314460825867,-0.006078784759064648,0.010142802339034862,0.009058138290371831,-0.006078784759064648,-0.01627440087928078,-0.031567176490348785,15,0.028129611806223975,0.2791246809403345,0.22660872227175832,-0.006956332666097742,0.055557377531948005,-0.03342306067620615
Italy,2004,0.23589810342624284,0.06433020576243087,0.12167391760126606,0.06824308394591672,1421.5329270978636,0.03380205872541753,"MSCI World, resident currency",0.0805349682836698,-0.0017328889539529602,0.06331970953221622,0.06313871103689994,-0.0017328889539529602,0.056566844586825926,-0.008311537540484326,15,0.02256699576868826,0.16758528596529154,0.15271383950101236,-0.017486342515833142,0.07018947449022517,-0.06072019492088643
Italy,2005,0.1828669109325176,0.21610679280252088,0.10343694456688984,0.21531484797562683,1641.3240654403662,0.23746140147594175,"MSCI World, resident currency",0.04189072050626774,-0.00033751630831357904,0.04572538515241842,0.047064563250655,-0.00033751630831357904,0.0664369521268322,0.019989232540298992,15,0.022068965517241468,0.02515637329302778,0.034801189618110184,-0.0006986459582450921,0.19690028664212345,0.32571827150262234
Italy,2006,0.19566300326296826,0.07402222658011559,0.1555379808572302,0.07699621370811793,1470.2126044039483,0.059401227491225894,"MSCI World, resident currency",-0.02879894663131488,0.0093222447117427,-0.025976790308709807,-0.0259839807660438,0.0093222447117427,-0.04328098521623036,-0.00828715492494169,15,0.02229706328448744,0.160742924261563,0.1438846922202086,0.024767261591463807,0.06609189032036156,0.08267171659213868
Italy,2007,-0.06096564945780358,-0.036041055645083975,0.04135669606441357,-0.0366575836127645,1315.311459819305,-0.055522523552732905,"MSCI World, resident currency",-0.00168971803983764,0.01971274692616687,-0.007521958527536676,-0.008449211127221301,0.01971274692616687,-0.02889142419204893,-0.0013818050306185843,15,0.0202453271028038,0.15682730856290727,0.13821209693454817,0.011644528236934182,0.034921271973284984,0.1380971019766768
Italy,2008,-0.4863401174953499,-0.36507658506625396,-0.39431125949178986,-0.3678653409831393,1391.2984120140827,-0.37065370970357514,"MSCI World, resident currency",0.038518113865575465,0.002563669038085248,0.10200784104433636,0.09607105633398372,0.002563669038085248,0.08008822322015807,-0.015331118832796491,15,0.03492379741907414,0.2842652600893958,0.31624416149919243,0.03138761247384991,0.40222365191701703,0.10297860499613432
Italy,2009,0.21633747849201312,0.22218410389601062,0.2379497975352844,0.22206816328536605,1344.0719144800769,0.20790081682330697,"MSCI World, resident currency",0.08617343748201556,0.0018793040319904364,0.0025796899030987586,0.0014879295970069428,0.0018793040319904364,0.03236848693057337,0.033698434808766796,15,0.007656307048891975,-0.05834860784998119,-0.052856820917832725,-0.019834602641820354,-0.11986169990158035,0.1572260732729991
Italy,2010,-0.0893400002498358,0.1871821310843993,0.09541521558704458,0.18194089403741276,1449.0869630294867,0.18824504978752232,"MSCI World, resident currency",-0.023052113077606795,-0.004784620930513683,0.023467841536784384,0.027163270399683137,-0.004784620930513683,0.08715317909378006,0.0561648245986884,15,0.016195443315948355,-0.04114305004974983,-0.04340050613237012,-0.011732246102603261,0.026862668389992628,0.3685546430395157
Italy,2011,-0.23562690884218063,-0.01900942635637881,-0.047807851901837804,-0.022369146449876642,1496.460313780045,-0.05156304567534209,"MSCI World, resident currency",-0.09153326201517986,-0.001456025901600766,0.06343821846468978,0.06409748616511068,-0.001456025901600766,0.06347610774811208,-0.001993633850350311,15,0.02935710426796323,0.04769378627088794,0.04820257718113741,-0.025979726392153846,0.057593600591303584,0.0894027391508796
Italy,2012,0.09440051208134093,0.09076902668697762,0.12772819832280102,0.09081866795609184,1467.5382749734729,0.11351885322863708,"MSCI World, resident currency",0.20549343787249152,-0.013743361050415737,0.11658099113922171,0.1150016480828735,-0.013743361050415737,0.10223037375775323,-0.026392833796398896,15,0.03314893929692331,-0.11345520438856294,-0.11056268791066004,-0.014131120381582707,-0.14099930541487715,0.027132172605285776
Italy,2013,0.21332852823526105,0.22317849378900068,0.2965374338734634,0.22304563163080982,1404.0098615038794,0.19376501232011578,"MSCI World, resident currency",0.07511838722545994,-0.0038456616447039016,-0.018045840978149097,-0.016807471750446834,-0.0038456616447039016,-0.06022349356346324,-0.04781111908242718,15,0.012446024892049934,0.10027073879484916,0.09499505683204323,-0.01307117198017016,0.045332390871372086,-0.31626585614517677
Italy,2014,0.03224890878478481,0.22115777884898247,0.10422772119511192,0.21882626343877587,1594.8192076435216,0.19194043986315612,"MSCI World, resident currency",0.19313381574780553,0.0018983775315652984,0.1850725476507633,0.18726023754337628,0.0018983775315652984,0.196301143209475,0.011000865503922149,15,0.002338183642749625,0.092122186809795,0.10652231150998981,-0.006284064445272408,0.24833093843535115,0.14180653273008614
Italy,2015,0.17466269948329982,0.1348555878240829,0.038810521610162,0.1353210926805335,1778.5156608799487,0.0990247164250635,"MSCI World, resident currency",0.0448648074154292,-0.0006039510592755759,0.01310200373352366,0.013350810231034904,-0.0006039510592755759,0.038154191120023384,0.02416399442436006,15,0.0010912767938489054,0.15314051032048415,0.16974911020118366,-0.00531491867575451,0.2807084046202273,-0.029327232506905943
Italy,2016,-0.04582287470964852,0.0645733382585838,0.03820990309262497,0.06305479116677049,1836.8940328242102,0.09800729095371197,"MSCI World, resident currency",0.016834723447956,-0.0012005603249883867,0.038519644200210035,0.038433120755218875,-0.0012005603249883867,0.04022296138400194,0.0006905168859810517,15,-0.0005000400032003638,-0.1442461468558306,-0.14901249692889962,-0.014283553872012966,-0.11604169584479551,0.10431503040940338
Italy,2017,0.16446193079346538,0.062203715449962615,0.16207397140218166,0.06335083571177536,1614.5001250729601,0.06421184338039998,"MSCI World, resident currency",0.018034445082835138,-0.016439736538062744,0.008576699759564432,0.008091980581508507,-0.016439736538062744,-0.021156526630983996,-0.0457856790196592,15,0.013257689459886812,0.00814310415781061,0.004291950926457844,-0.00991627081888169,-0.10077605944155898,-0.026444857400444777
Italy,2018,-0.1349462232394092,0.029773212564915053,-0.009872039343441046,0.02210129777104175,1691.065502183406,-0.052210073170956495,"MSCI World, resident currency",-0.005428240326449174,-0.01108490221897096,-0.0003213639175601024,-0.0004415016862949761,-0.01108490221897096,0.0018227347566739383,-0.008780618131908875,14,0.01242260558721009,-0.038824605211742136,-0.03900756290062868,0.0017853235335945072,0.03190215771957128,0.025211699842230706
Italy,2019,0.2736253064150149,0.16417475357378608,0.13368415935602262,0.16921461116680692,1723.5802029553136,0.28829285923305203,"MSCI World, resident currency",0.23641380152807479,-0.006896195783862358,0.06577369394875099,0.066574331662971,-0.006896195783862358,0.07850202843502907,0.005163998440229118,14,0.006339917093391767,-0.12753915115507763,-0.13148426835190563,-5.033643403207222e-06,-0.09411398100609858,0.1887640415362155
Italy,2020,-0.040404901496055357,0.02018327140946785,0.0662763017701434,0.017431057227818902,1577.9235596120932,0.05813929368668447,"MSCI World, resident currency",0.12724116366484073,-0.0005469546226644084,0.03812851091590108,0.03715461254118635,-0.0005469546226644084,0.024668870152794398,-0.013083245185618911,15,-0.001453840562151698,-0.07176010592955084,-0.06692975707124738,-0.00489791713896115,-0.1420940131905687,0.13711815580182996
Italy,2021,0.25511967297243454,0.1658804927710058,0.17365991420014715,0.16980212274829887,1522.4136647184598,0.12771841005147855,"MSCI World, resident currency",-0.05088074194538306,-0.02382524621331994,-0.056107719967967706,-0.05642170601642815,-0.02382524621331994,-0.05007719866670235,-0.01744642553278508,15,0.01941276,0.06798047630031867,0.06438162783727175,-0.0646718177027612,0.013839494057021895,-0.11913436242245523
Italy,2022,-0.049314599786698055,-0.10938563106547028,-0.14204840038482344,-0.10648366603608705,1712.795004295301,-0.14054864341491946,"MSCI World, resident currency",-0.21119847500884537,-0.07226881912124516,-0.20097860751339136,-0.20248631071926215,-0.07226881912124516,-0.19394007814395808,-0.06348019405978084,15,0.08736015,0.13348172610129172,0.16938270693883295,-0.04319532740699539,0.3061868165662769,0.05047162529506477
Italy,2023,0.14156850484475259,0.10993199137395049,0.15922446914082236,0.1115165171158341,1664.708383616679,0.14390647805364543,"MSCI World, resident currency",0.0002850543331924804,-0.021883417400837435,-0.027420670249537205,-0.027371080156918803,-0.021883417400837435,-0.05198899515587174,-0.04722930279004687,15,0.05903386,-0.057084954420684175,-0.05720783640635907,0.017003513512843016,-0.06309407943506451,0.0556876177894543
Italy,2024,0.23090076564676054,0.17789579133136302,0.1657092395085825,0.18041349215018476,1663.0437706108885,0.16908798149342608,"MSCI World, resident currency",0.03809065592495364,0.020609931472671317,0.0034981401275377966,0.0036427614039664657,0.020609931472671317,0.002212850114255316,0.019405695647063344,15,0.01212321,0.00620075980426793,0.0068082459587679445,0.02171369326854866,0.023328798249695692,0.23478233554176353
Italy,2025,0.2812721812565553,0.15249536330503943,0.17189297374760903,0.15853460013508913,1595.6980273506786,0.13533506540623552,"MSCI World, resident currency",0.016904228405981492,0.0007258071778011299,-0.007932494281738256,-0.007832973057593784,0.0007258071778011299,-0.009898219764467697,-0.0013889664141212214,15,0.02057409,0.08768090108808146,0.08475564545159098,0.015139307087717269,0.06222455002111804,0.5637334618601191
Japan,1927,-0.050801907409948055,0.28949980609303205,0.2667511579563719,0.282025814158813,2.11,0.2794617625304954,"reconstructed, resident currency",0.12403738385370167,0.0612226409601746,0.08653616162707056,0.08761724418538996,0.0612226409601746,0.12381825226029508,0.09970480615564084,15,-0.015324438729036105,0.2838588935987494,0.28203553653096747,0.06069651650102048,0.27506212802483043,0.009361090086076107
Japan,1928,0.14975230300464926,0.39421076546873524,0.3278205128356477,0.39034546100919854,2.15,0.38756477008718004,"reconstructed, resident currency",0.11016552698285875,0.08588434282001889,0.11934677436285468,0.11972868458495967,0.08588434282001889,0.13202515923702007,0.0987754667556065,15,-0.03798226043423858,0.3592626860078798,0.3614023925268228,0.05045226040342521,0.3687241496928946,0.04718184846649942
Japan,1929,-0.08728362718734872,-0.03910311075508677,-0.07376390644540132,-0.039736184213369996,2.17,-0.04165671184494324,"reconstructed, resident currency",0.06337401402396692,0.06307345660893127,0.07626840295219917,0.07756767210347304,0.06307345660893127,0.08619339079574284,0.07252030700142735,15,-0.022908535550653197,0.21313488663631786,0.21473337349053967,0.03785806464463959,0.2234038316112601,0.027113742621531545
Japan,1930,-0.19198222117015662,-0.17600443370019925,-0.18471037646197444,-0.17620034074265367,2.02,-0.17784794006116833,"reconstructed, resident currency",0.17249431631337186,0.15618591979160423,0.20488757760792753,0.1990387051823772,0.15618591979160423,0.10398296129843154,0.057388678453153624,15,-0.10159777700590489,0.23313450332336272,0.22808302095230037,0.10740235214556271,0.19516920230749757,0.07242118678302445
Japan,1931,0.2713486455180134,-0.2698701796378947,-0.29847714217473004,-0.26353491349193914,2.05,-0.2650078436649552,"reconstructed, resident currency",0.13859877448674163,0.1747871716039422,0.11209878104088178,0.11351014859406794,0.1747871716039422,0.039004980506998965,0.09749921229477063,15,-0.11527804626586757,0.3898695784075228,0.3960059622216321,0.15094084355712933,0.4216433574144056,0.15041555697515352
Japan,1932,0.12235428185410724,0.6333239045178212,0.10549116164415348,0.6223952783445799,3.56,0.6191504877878906,"reconstructed, resident currency",0.16951153314500855,0.02466170043118132,0.14346244606777558,0.21915048295169548,0.02466170043118132,0.7616748421611057,0.5862440916398608,15,0.011143481427531077,0.014752360330941627,0.04104596303207053,0.16025907588768828,0.7786679134145447,0.7175861828340695
Japan,1933,0.2980160605501663,0.597969852765516,0.3912992292150025,0.5914682795956316,3.9,0.5882853430364403,"reconstructed, resident currency",0.06504802705273915,0.0015710677498250725,0.04265140633258602,0.07776501996984275,0.0015710677498250725,0.483197080316379,0.4203748559144774,15,0.03054094936252949,-0.13225649111595406,-0.1381424778166701,0.030170519994877854,-0.09969251380637167,0.00030132435931728985
Japan,1934,0.04523219324140504,-0.03428155673625255,0.016420984496990112,-0.03261204186178135,3.37,-0.03454681777805779,"reconstructed, resident currency",0.028894501785557525,0.01660656891542378,0.14040598400517013,0.14198131316184326,0.01660656891542378,0.14209458985509515,0.016652502506104935,15,0.014118962745509389,-0.019715646551808796,-0.020049162499802375,0.008767156750223437,-0.1456655292387703,0.4495872732387505
Japan,1935,0.06693020688441509,0.27700530984862426,0.27435946957737367,0.2721356675447919,3.48,0.2695913962097023,"reconstructed, resident currency",0.03424936803000134,0.006066628210251501,0.0023496351586411723,0.001448403495619477,0.006066628210251501,0.006853106710955181,0.011843847984835206,15,0.02474326280239869,0.029139019983720704,0.030086079494434648,-0.0020322077192309607,0.05175326032062055,-0.003658561229202273
Japan,1936,0.05737850964735447,0.2402437565150919,0.2662652199691895,0.23661310775456568,3.45,0.23413988153905652,"reconstructed, resident currency",0.0057742532603235475,0.004283943347477948,0.037174165712597684,0.03509942420500134,0.004283943347477948,0.003494911453113314,-0.028247909309288315,14,0.02313693839117592,0.27970629704876715,0.276995904707684,0.012372876775614161,0.2682200323232147,-0.03087960048173244
Japan,1937,0.09195786353269497,-0.28480481795292145,-0.23990385581032536,-0.2784275150624508,3.47,-0.27987066003232586,"reconstructed, resident currency",-0.028756694197727417,-0.0470770567462927,-0.046522413643423466,-0.046936526438694615,-0.0470770567462927,-0.10904537781068224,-0.11127443807053647,14,0.07803050223507757,-0.11020007344079163,-0.11032182620931419,-0.011132956950033579,-0.10751791432027502,-0.06607585190526621
Japan,1938,-0.10921023835574739,-0.038304216195356844,0.05659904602933038,-0.040127866240985965,3.52,-0.04204761050850403,"reconstructed, resident currency",-0.03870766015804883,-0.06268487701787662,-0.03626674188504009,-0.040646176511942134,-0.06268487701787662,-0.060728847933524066,-0.08318299324514679,14,0.09598146228428539,0.013003419999013888,0.014282793069542388,0.047570894586841384,0.026066035201844473,-0.07144029304640487
Japan,1939,-0.03853675034739645,-0.019843339667526272,0.024424389710379565,-0.0202579745470719,3.85,-0.022217458597977746,"reconstructed, resident currency",-0.066886842539438,-0.08136211342582422,-0.14129992197361274,-0.14302574188328865,-0.08136211342582422,-0.1000839243518371,-0.03714656784298075,14,0.11817726589884825,-0.19495509713115644,-0.20273384641081793,0.022205827566040615,-0.1361920436961247,-0.035624904104768707
Japan,1940,-0.05764634069011476,-0.09894531047169797,-0.086048004200131,-0.09786854088177754,4.27,-0.09967280380001398,"reconstructed, resident currency",-0.11424893299091776,-0.11681576788061931,-0.05028999609004614,-0.04715182226241932,-0.11681576788061931,-0.006558770088490373,-0.07501912287827753,14,0.16261133502512815,-0.12480925191545589,-0.12448089566909981,0.0059249679692383594,-0.04222647698062365,-0.0527601864319186
Japan,1941,-0.1905238714918842,0.05761030722909477,-0.04871128679932033,0.050373977771626555,4.27,0.048273229816083285,"reconstructed, resident currency",0.023969251353362475,0.012627974876805004,0.07280385878937112,0.07359627832494353,0.012627974876805004,0.08706606414964546,0.026580801820150966,14,0.013995292103573531,-0.012694405378954055,-0.009604057305871105,-0.07583315048804296,-0.06694891244812995,-0.060481306090498954
Japan,1942,0.2150133158152392,0.08855837790035381,0.036147953365198535,0.09152944180882527,4.29,0.08934638292520769,"reconstructed, resident currency",0.009963342743895431,-0.0007416068797582165,0.02646590599123133,0.02401541389042494,-0.0007416068797582165,-0.03326724814868387,-0.06086536885751268,15,0.027562046260340978,0.009241236617820059,0.00955811628296055,-0.07087970183543024,0.017374299079964795,-0.010165904183268681
Japan,1943,0.16000663603101573,0.11454840505043795,0.10672713585246471,0.11569773140137096,4.29,0.11346633593856814,"reconstructed, resident currency",-0.0214283185619093,-0.03170723659842101,-0.032670437940649055,-0.03063252641146741,-0.03170723659842101,-0.044550468840169666,-0.046144899600686996,15,0.060423084822345485,0.17939665916768122,0.18273670126201402,-0.019568422192413393,0.19522542488286931,-0.034333204032000464
Japan,1944,-0.20748345789165423,-0.15841821690736368,0.10884518633893633,-0.15969774394303138,4.29,-0.16137834845514532,"reconstructed, resident currency",-0.23306663652769055,-0.24134502258118362,-0.21070051885488295,-0.22093819977237128,-0.24134502258118362,-0.2674178369139789,-0.28948284925302425,14,0.35292066935233923,-0.18445431548551128,-0.1856859787108046,-0.011389603351630306,-0.20085904420040201,-0.2667525304670907
Japan,1945,-0.9034720866582836,-0.817549400235257,0.19574542062629557,-0.819558381923727,6.9,-0.8199192651598796,"reconstructed, resident currency",-0.903536555020095,-0.9045777949447451,-0.8998339427904417,-0.8966885877197759,-0.9045777949447451,-0.8576182014337167,-0.8646880102391753,13,9.756406218684686,-0.8866613854593332,-0.8757392476090565,-0.013237632217602213,-0.8207639062243052,-0.8510480439543732
Japan,1950,-0.22497891126348624,-0.05629727806373219,0.19222132798852776,-0.057504202181654085,425.0,-0.059389193777290794,"reconstructed, resident currency",0.13278499669449562,0.11152514568089167,0.10251670638307675,0.09818077262108615,0.11152514568089167,-0.21620923657595892,-0.21133054120914488,14,-0.06866704380751698,0.24285560233225834,0.21235735849847637,-0.044909057796571394,-0.17223005568666006,-0.2705348247200079
Japan,1951,0.20497366420707208,0.05490052214188679,0.13296173468481418,0.056123710353567446,435.0,0.0540114629328603,"reconstructed, resident currency",-0.10568791990326387,-0.11840325804382501,-0.13094433766086622,-0.12713590109361517,-0.11840325804382501,-0.11751908205515194,-0.10798120811366531,15,0.17967767984064276,-0.1393223240976934,-0.1392404368048733,-0.044855439335450886,-0.12669976795258475,-0.11880813498267495
Japan,1952,0.7241663221510193,0.042433408541470596,0.07978128415812842,0.048890305443145765,415.0,0.046792524832259375,"reconstructed, resident currency",0.0048624582930894,-0.00942468623544035,0.016361147940266108,0.016127809763109013,-0.00942468623544035,0.01486314436876035,-0.010536958136453627,15,0.04989492939566431,-0.051412689876210615,-0.05042970171399319,0.003226921042449371,-0.10708243436903697,-0.0822388067767712
Japan,1953,0.4732292784257417,0.05864299809403195,0.05600074677518912,0.06779618290803735,435.0,0.06566059054222118,"reconstructed, resident currency",-0.009884991114453068,-0.023962456259129072,-0.0022258723360064625,5.5243155614670414e-05,-0.023962456259129072,0.05003045972296327,0.027622012075143882,15,0.0655327817820508,-0.09551627078328295,-0.09680618318889433,0.006703548557218442,-0.07531365461524653,-0.019099292176565363
Japan,1954,-0.1346000387826657,0.3681902782920654,0.48100368737850846,0.35421980691777555,424.0,0.35151136730394006,"reconstructed, resident currency",-0.0010517266194025598,-0.022849699845390314,0.0036035737241839616,0.0020650219724180907,-0.022849699845390314,-0.024302280993591663,-0.0497232730639705,15,0.06431937741960092,0.4428435495645493,0.42242549612387714,0.018564239040369523,0.38234498250110005,-0.08063192574343925
Japan,1955,0.22582414834430886,0.2101418236049688,0.2538461922941126,0.2103955171636147,401.0,0.20797472612928747,"reconstructed, resident currency",0.07601555629234613,0.05253590383003015,0.02752593652026758,0.026726555724063017,0.05253590383003015,-0.031225998922581488,-0.007123471392296869,15,-0.01191019202146315,0.4707042662400718,0.435554728594606,0.011922977581826144,0.3498900922605441,-0.05217936547149915
Japan,1956,0.4580787382083855,0.03760874862908037,0.01667506000799452,0.045849033336091694,402.0,0.043757335269419606,"reconstructed, resident currency",0.05867358568607428,0.03537758869794505,0.0030648970915281293,0.003076604410847006,0.03537758869794505,-0.009532070675508653,0.022529625155083707,15,0.004464468285235279,0.011677008034231218,0.01239940798317507,-0.012271588679896195,-0.022575957013387327,-0.019611453297491588
Japan,1957,0.14085236085380082,-0.10134955326728334,-0.09528183728749594,-0.09440583898969823,400.0,-0.09621702731171888,"reconstructed, resident currency",0.0311208666495002,0.08401720940091728,0.05668973756265894,0.05480065070195872,0.08401720940091728,-0.04137268624959045,-0.015688252067287536,15,0.031110938384517173,-0.08510027106627782,-0.07204021196123,-0.011143687996010843,-0.1672993947281981,-0.03532921912547027
Japan,1958,0.1301389168630942,0.3118580840072749,0.29912959512655934,0.306301087232729,391.0,0.3036884850582635,"reconstructed, resident currency",0.06780257693089942,0.10163168382944265,0.15225063326580202,0.14584711105851245,0.10163168382944265,0.07358224953577186,0.026779842134080904,15,-0.004310321618913315,0.16781539369710763,0.15977635624970743,0.006882515564111014,0.07648186108191313,-0.012442025914842447
Japan,1959,0.5242994121736835,0.2606640840912744,0.22309522612862376,0.26930639590504724,402.0,0.2667677831132371,"reconstructed, resident currency",0.05407366372775502,0.07423242346838266,0.09485236918462236,0.09414823438794229,0.07423242346838266,0.07487414684996674,0.05442481749527223,15,0.008658162123880597,0.26974684468104204,0.2627704726726203,0.010506777644549326,0.22883124028444546,0.009667469859047317
Japan,1960,0.3124764829074125,-0.06300092910315647,0.013717972433446851,-0.04692122746514338,380.0,-0.04882738501021311,"reconstructed, resident currency",0.024718611659380274,0.043685965593865284,0.04571834625238891,0.04233027166201886,0.043685965593865284,-0.04482812471408992,-0.04659300512563051,15,0.038626593249922125,0.036773989674054874,0.03455281570833524,0.012803101551821738,-0.07066906883344148,-0.09416198119333885
Japan,1961,0.14317969481417947,0.11788897825526146,0.1766857082868297,0.11931400819338212,373.0,0.11707538017699526,"reconstructed, resident currency",0.010041671491366033,0.02770131662963271,0.02138720037152142,0.01999306524576583,0.02770131662963271,-0.029293338780459588,-0.023316115274115146,15,0.05371890161332793,0.01379118249303235,0.012520042424513989,0.023604783271376606,-0.04931161001505702,-0.06764161177242156
Japan,1962,-0.08136602258309722,-0.08307203328121915,-0.10376962310339301,-0.0829859607456519,398.5,-0.08481998882416064,"reconstructed, resident currency",-0.00221874937415123,0.02035156451165676,0.08664722856641438,0.08846271903490499,0.02035156451165676,0.10228463572580626,0.03468829083120471,15,0.06666666666666665,-0.14686251563352304,-0.14841174140329738,0.01825126995188109,-0.13723452712794837,-0.0030839956132303614
Japan,1963,0.027700089692113572,0.03764491653649649,0.14686551255384472,0.03698415119491938,381.0,0.03491018289252956,"reconstructed, resident currency",-0.011980969347289872,-0.0016378197378359438,-0.0013908523761355651,-0.004031883023137728,-0.0016378197378359438,-0.07683347927697926,-0.07696946972729621,15,0.07720597240365779,0.04748992729393908,0.04088588820606032,0.01837742808505438,-0.039738712238096996,-0.11986020808075348
Japan,1964,-0.12188612730594739,0.051144218116351725,0.07149107293375592,0.041657635971329876,380.0,0.039574320699387266,"reconstructed, resident currency",0.030242024253695154,0.06043065899687727,0.04993714434111607,0.048156065277674465,0.06043065899687727,-0.008286842358013247,0.0018953795540761042,15,0.03754261253506841,0.3068901747886186,0.2905682649650556,0.027000180476569158,0.23277594660804302,-0.04060040886184091
Japan,1965,-0.05707838234043672,0.0451257495486701,0.07025308314355001,0.040004332579976376,386.0,0.03792432391481637,"reconstructed, resident currency",0.007272153734759312,0.0036457304264208013,0.0037529417055639502,0.003298296738607931,0.0036457304264208013,-0.006917013772236635,-0.006920159919830327,15,0.06578941761385271,0.11187777550409828,0.11111595269461527,0.03155536016230376,0.10637938000073999,-0.0462589544143448
Japan,1966,0.19584624443413512,-0.12856427096649325,-0.1071086314481125,-0.11190816183463359,384.0,-0.11368434551096429,"reconstructed, resident currency",0.017627257514923667,0.005635191081825974,-0.009923799666597621,-0.010383153812406842,0.005635191081825974,-0.02657769458355974,-0.011167927531881939,15,0.05246913668392894,0.0563005095938689,0.05436315689494364,0.010884962315295343,0.03365529682063073,-0.07014425790569756
Japan,1967,0.01743075293679852,0.15976863239502892,0.19298653976391214,0.1511374866026478,386.0,0.14883521162944247,"reconstructed, resident currency",0.024655045556126964,0.024830163654854687,0.024019649971127377,0.022965435040276372,0.024830163654854687,-0.02145202410075553,-0.021355181076391488,15,0.03812323161222686,0.09015249006760562,0.08900317202426167,0.01912916025527034,0.0789457037020056,-0.03807704230373066
Japan,1968,0.080435068967873,0.10774533572991651,0.1637211532802006,0.10646042937128497,373.0,0.1042475085125425,"reconstructed, resident currency",0.011529308480515699,0.023847753704254737,0.028484167786387626,0.02517252346457921,0.023847753704254737,-0.03575803022430846,-0.03971120984697288,15,0.05367228315662076,-0.026854525609428692,-0.02694838730165061,0.011003722479790534,-0.08131828894729698,0.08923860278562779
Japan,1969,0.2724654744043433,-0.11028753017510518,-0.11528850047644558,-0.0898069038916589,376.0,-0.0916272900838756,"reconstructed, resident currency",0.011978448907715267,0.022190882529918188,-0.029120346029852584,-0.029162524506272658,0.022190882529918188,-0.03788164175614672,0.012932937090360468,15,0.05361925838860637,0.1932998634594132,0.19328166029839267,0.01323387456286551,0.19320800986340925,-0.20479001650134532
Japan,1970,0.016020928267565182,-0.07024903016997419,-0.06359390025153307,-0.06334460478944037,380.0,-0.10026846837818915,"MSCI World, resident currency",-0.009129067580178285,0.00604436423099286,-0.014194011381782334,-0.014266862769693356,0.00604436423099286,-0.01714711199351371,0.0031942144162192027,15,0.07633593537726502,-0.05120320329541572,-0.051041261714418695,0.020938455464238448,-0.04273403956688249,-0.003926849654251496
Japan,1971,0.0628219505605998,-0.072177280195452,0.0986205351335811,-0.06234270845240708,314.799999998,-0.044267141548833044,"MSCI World, resident currency",0.0065111889853504135,0.003250769479653748,0.04889572455139213,0.03718998262792228,0.003250769479653748,-0.07818980792662256,-0.11776156309398296,15,0.060693627709408116,-0.12121385272445584,-0.1095201688190921,0.017643971771362565,-0.2743801747033021,-0.08359787753985781
Japan,1972,0.5404446778191423,0.10530666799654975,0.16318637810415798,0.1434059668211234,301.999999999,0.14159862857234806,"MSCI World, resident currency",0.03943160097637488,0.0008666626491788954,0.01826520808069776,0.017133549089921152,0.0008666626491788954,-0.011907547349579217,-0.029449274788347912,15,0.046321491325760356,0.11172333511248089,0.10511329213311305,0.01154035341542925,0.06389158710553922,0.35664232267244556
Japan,1973,0.17440907546821371,-0.2818258810565899,-0.21027366075952578,-0.21609806108157315,279.999999999,-0.3237319470643434,"MSCI World, resident currency",-0.10450373753354902,-0.03855779126290593,-0.09966343677586786,-0.10058608558039117,-0.03855779126290593,-0.1007329841043334,-0.03873854835012307,15,0.11458337337022728,0.33375045160154326,0.29734132807033165,-0.005739170208360234,0.2191435207017396,0.39769375881442115
Japan,1974,-0.2969491414364719,-0.35689944219842695,-0.34475929426725777,-0.34898566205078363,300.949999999,-0.3500689010943806,"MSCI World, resident currency",-0.15161319330701628,-0.09630893556287379,-0.1701240261073549,-0.16873332591809354,-0.09630893556287379,-0.08453902329333063,-0.004973515026851482,15,0.24532713751096846,0.067625008350372,0.07724790575370699,-0.018682411153460032,0.11077852748316475,0.4144402614386209
Japan,1975,-0.060199943472697415,0.23947543326290677,0.26538448994538527,0.1922543701578161,305.149999999,0.2520019725238809,"MSCI World, resident currency",-0.034199029436767114,-0.01027174032005762,0.013027187780890515,0.005941128653371042,-0.01027174032005762,-0.06843880334657981,-0.08946330441976255,15,0.11819884512297785,-0.10948212998157036,-0.10944047839727478,-0.002214119066057396,-0.11150633991984038,-0.30806345719421013
Japan,1976,0.047947642036603844,-0.01936265081314892,0.0630746580742873,-0.009638271251863895,292.799999998,0.024003926327127,"MSCI World, resident currency",-0.011643586733917521,-0.022112085470664677,-0.032201414335577105,-0.03382313298882211,-0.022112085470664677,-0.08193669903736556,-0.07531996704324939,15,0.09395973196977736,0.1360814416472218,0.12601441653524703,0.0049242743921680265,0.08316011250856259,-0.15631634113254167
Japan,1977,0.020825747120712945,-0.22784798046114507,-0.08127468137072566,-0.19017463600155482,239.999999999,-0.20548063938656336,"MSCI World, resident currency",0.12656064612607576,-0.021261394627457464,-0.0015888695813567333,-0.0069553480808984824,-0.021261394627457464,-0.13738997289650157,-0.16261007367074096,15,0.07975458911984368,0.25036634200999575,0.19150355276953412,-0.011551278487003214,0.020622761320331584,-0.07454622099254149
Japan,1978,0.09552315484683205,-0.1195909270393879,0.018578507478427212,-0.08736919387674236,194.599999999,-0.08256174627835278,"MSCI World, resident currency",0.033947032683561806,0.005024970687552477,0.006833818197947039,-0.0022314694386131873,0.005024970687552477,-0.07825559258938508,-0.07764803459537296,15,0.0383523107534125,0.2729040869816257,0.2161167380806539,-0.010424790546951224,0.053385879466905095,0.05233400176635472
Japan,1979,0.06357350643050852,0.3937672222425628,0.05421761845046533,0.33403654698160645,239.699999999,0.3380277191001668,"MSCI World, resident currency",-0.0919615693356366,0.022214087803084537,-0.057953644579503805,-0.054457552494975414,0.022214087803084537,0.2133037310176773,0.3168015342806909,15,0.035567709155187144,0.2786646173546341,0.35943423073902725,-0.02032579690849734,0.5958383151196929,1.5945181374299704
Japan,1980,-0.015501821481682998,0.004348670262132703,0.15368719809617176,0.0008329241504303475,202.999999999,0.001600877885180818,"MSCI World, resident currency",-0.013217792077925727,0.026575287202321052,-0.025164825203856434,-0.03483211053372104,0.026575287202321052,-0.21198578182171768,-0.16975200092751794,15,0.08058124141352563,0.10406951807479392,0.07675698172977263,0.000695567814542164,-0.062054744875923884,-0.11010286351491771
Japan,1981,0.12067515488640312,-0.015276635502144531,-0.09170565943775943,0.005920016688347518,219.899999999,0.001912078836297848,"MSCI World, resident currency",0.08609236182223934,0.024255402882042976,-0.03522452985474167,-0.03796872498940407,0.024255402882042976,-0.06115542707563626,-0.0017735088847154134,15,0.04889971511903801,0.05622720853740715,0.08860875795367362,0.06875376114405274,0.2456715532265934,-0.3033262732903267
Japan,1982,-0.02016684406237823,0.1749973789657937,0.09810972637496418,0.13724357088006411,234.999999999,0.17655916028763108,"MSCI World, resident currency",0.0735338803743446,0.041435216291039856,0.1266652559210355,0.12141665939408264,0.041435216291039856,0.08172586488063494,-0.0023715236194808307,15,0.02680654870597854,0.16442066176579884,0.20292907872808597,0.08419578734237465,0.3378402337557054,0.21690676491716698
Japan,1983,0.20126632885696427,0.19086701345649826,0.21196847768608232,0.19285414341125673,232.199999999,0.2020066874776647,"MSCI World, resident currency",0.09212288377634703,0.04494516755052946,0.05874191166868581,0.04639432874953964,0.04494516755052946,-0.04792475269918062,-0.05980953174647892,15,0.018161174381973844,0.09146132586739242,0.09376348445718485,0.04999397713684739,0.10979763273868737,-0.18725403308362054
Japan,1984,0.2469278412129634,0.09614639294556149,0.04483323334789142,0.1260795255590561,251.1,0.09602412618977008,"MSCI World, resident currency",0.10535916028240955,0.03785912452751461,0.07927490443901686,0.07851022037119892,0.03785912452751461,0.06504846290694966,0.024116404870000597,15,0.0222965472339971,0.08435140994916157,0.10312867400263337,0.06256920408590982,0.2232145690246108,-0.14961759652516382
Japan,1985,0.1918710563781485,0.12175098002539442,0.28041747688725166,0.1390972316380008,200.5,0.10581517906608107,"MSCI World, resident currency",0.09705561637061444,0.052488743333182875,0.10027135186165959,0.09521054785661587,0.052488743333182875,0.05832451629219393,0.01112525050473295,15,0.01962924499818164,0.2912543930480902,0.2288939349806265,0.041566294338919674,0.03506267368275573,-0.17606760962018897
Japan,1986,0.30852548083940423,0.04519322434286921,0.24008620333654523,0.10188840741796712,159.1,0.12263425641437564,"MSCI World, resident currency",0.05415434534253838,0.042920668707346454,0.11777060032960573,0.10715445868587925,0.042920668707346454,0.05476183583627581,-0.0149189157826859,15,0.006417104983667654,0.24366545654290905,0.19238544224823784,0.05503815580608573,0.00933031826881825,-0.06063380677711061
Japan,1987,0.4735992964944933,-0.1847452431075587,-0.0611099289876076,-0.01624741945258268,123.5,-0.10223361726162483,"MSCI World, resident currency",0.04485492209663744,0.03558738962032826,0.02671796267108606,0.02567234583761535,0.03558738962032826,-0.006241878367636455,0.0014460915710516368,15,0.0010626913494935497,0.23256672590431648,0.17983994956084914,0.0219249880214456,-0.024410501084221603,-0.04647879081201989
Japan,1988,0.08854205320660613,0.1994320498287383,0.16406559836306686,0.1664661856718177,125.85,0.2555770409657905,"MSCI World, resident currency",0.041326678504788994,0.03068876879500748,0.042116480400082645,0.0437694604929697,0.03068876879500748,0.04649253998146596,0.03541883130951103,15,0.007430982822192345,0.08728957490215183,0.09310869066969052,0.030389429819428715,0.13920453795547139,-0.1527607635025059
Japan,1989,0.18079539968487457,0.42208456968511854,0.2362151612548814,0.3367736899939502,143.45,0.293944238208512,"MSCI World, resident currency",-0.029975243106854288,0.02841369536567928,-0.01699923317601526,-0.005812004470946874,0.02841369536567928,0.17123693387839078,0.22519014904639706,15,0.02212855175282824,0.034324773111568785,0.050529500499264746,0.04313487985098852,0.2211102905208806,0.07640900147437568
Japan,1990,-0.1577976220042807,-0.1105522324235193,-0.11889386099783562,-0.12779232832614673,134.4,-0.26137166740911644,"MSCI World, resident currency",-0.04688590387933933,0.04175962295670965,0.014974235333091057,0.021206045023289377,0.04175962295670965,0.09344760516022443,0.12276593540583663,15,0.03092783987808745,-0.039144043919932425,-0.038288740461163484,0.019629465469601426,-0.10317501853427247,-0.1339166364076626
Japan,1991,-0.1820857795067472,0.0719239549348698,0.1472553106059629,-0.002181176405834595,125.2,0.0903558446575401,"MSCI World, resident currency",0.12397943498238262,0.04090355882841901,0.10955606092787074,0.10081204281967593,0.04090355882841901,0.04577919237539807,-0.019397622585171585,15,0.03300002013306291,0.003191347199210215,0.0010999486646376955,0.0295655869605842,-0.07263244301777727,-0.17343819755744228
Japan,1992,-0.27316152548490324,0.059138377846636336,0.09850724165778231,-0.022750887046121493,124.75,-0.0669131989049192,"MSCI World, resident currency",0.09727617036147551,0.029653190212152403,0.06877292140499613,0.05931559477885395,0.029653190212152403,-0.010091392263381294,-0.04610935100511944,15,0.016456909103997885,-0.07697792907898648,-0.07579756897578349,0.008383806062487231,-0.09184227078524676,-0.08392424082785854
Japan,1993,0.11486472557352845,0.031690983167570685,0.16016653981257528,0.04747968713793349,111.85,0.08841786805546015,"MSCI World, resident currency",0.1348985327397092,0.017033049593867755,0.19288182266744958,0.15753087229429097,0.017033049593867755,0.02968504095417912,-0.12064387487844988,15,0.013333342463974107,0.1130013655118971,0.09994628409508755,0.004321478172269577,-0.003009440994855228,0.03412443044374447
Japan,1994,0.05845384387476038,-0.10206612409940308,-0.038059745623213515,-0.07342626560056564,99.74,-0.07737479828821314,"MSCI World, resident currency",-0.06837366134205936,0.015277654724630496,-0.12219933171163899,-0.12397280024658586,0.015277654724630496,-0.10425188513737793,0.03642309626901329,15,0.0065789340305089095,0.028983177502127866,0.02419753245137568,0.016542435122898214,-0.06822746663299195,-0.141071355442435
Japan,1995,-0.1360125533504538,0.3547817147084844,0.26482252204014806,0.2580199681622888,102.83,0.24136520615905033,"MSCI World, resident currency",0.15882354003990828,0.013080513592367726,0.16338050242069757,0.19221854391209625,0.013080513592367726,0.3240841460866235,0.15306460752785195,15,-0.0009336998875701941,0.1916201451787416,0.20992741035819207,0.033488873052366586,0.28467819531075533,0.036632609831505514
Japan,1996,0.16871299658689698,0.3881748879167335,0.1997709469877084,0.35110291591143983,116.0,0.27009993963514756,"MSCI World, resident currency",0.07075526960741119,0.0037601135548011033,0.09940294099069513,0.11892052464324254,0.0037601135548011033,0.23939393635344675,0.1312473417525938,15,0.0009345724978062631,0.15973570407739857,0.19515660888710396,0.020154971252071885,0.3637731889184548,0.06361440623032433
Japan,1997,-0.1431287543678117,0.40687446654946013,0.29440843832580776,0.3298500614063222,129.95,0.28005759782923856,"MSCI World, resident currency",0.08848901835525358,-0.012675175946772255,0.0755554497108446,0.07919110627944148,-0.012675175946772255,0.10322401519548707,0.01271807136025962,15,0.017740439205020886,0.06979278720644677,0.09513611170300185,0.038183713171633826,0.2649785829541156,-0.13443987779395838
Japan,1998,-0.15435858113105339,0.10709108122699607,0.22184101460652694,0.08275167598181898,115.6,0.09636360171692315,"MSCI World, resident currency",0.018185571093044972,-0.002689930490929915,0.10664388619093068,0.10016917585784935,-0.002689930490929915,0.056646006705959095,-0.04789709945751623,15,0.0064220053527532794,0.10561427256020184,0.09499799342063509,0.0384762766424287,0.031367007461834184,-0.1290912469879666
Japan,1999,0.20847254861389874,0.07070272499161079,0.22770494139219122,0.08138824833380864,102.2,0.10159732755894879,"MSCI World, resident currency",0.047969887838418046,0.0033294157675118896,-0.077328963203387,-0.06853755007177764,0.0033294157675118896,-0.22461494112682,-0.15773961396396682,15,-0.002734710801193363,0.0091809924670474,0.005372613525865377,0.025016298269186832,-0.06655317819028084,-0.11426575218600266
Japan,2000,0.12880323702924978,0.047446672751934704,-0.07145436280336737,0.05596901042022617,114.9,-0.0170498548269834,"MSCI World, resident currency",0.02224387489511548,0.008458281318665772,0.05506368674709017,0.0629141111270275,0.008458281318665772,0.14178534590386271,0.09111118586122749,15,-0.007312629057815712,-0.04634940681637345,-0.04515691134223021,0.02935847551351123,0.1398481641016891,0.06617269623983657
Japan,2001,-0.21206649544157596,-0.021651778875324768,-0.15959130419492187,-0.03791338507527986,131.8,-0.027036591333569504,"MSCI World, resident currency",0.06328519576669644,0.008036236388193618,0.015520017256947405,0.021334248356210672,0.008036236388193618,0.14393770183058718,0.1358689045777281,15,-0.0073970916210025495,0.06676367113582704,0.0897290626888716,0.024736810195639336,0.28888975367932535,0.17379756629223464
Japan,2002,-0.16066338473536468,-0.24584830814787928,-0.2361684613197686,-0.23892760423010717,119.9,-0.27089821092699506,"MSCI World, resident currency",0.07771354044085954,0.009438185183844094,0.08992527554572294,0.10029192335991666,0.009438185183844094,0.19465203463859826,0.10728966777749477,15,-0.009241561610410787,0.03646962192677372,0.03347347854863214,-0.00596150761007852,-0.048062348648669206,0.1382354627158653
Japan,2003,-0.043047327891900244,0.16211429241523567,0.19600550070800105,0.14344131634942836,107.1,0.19481877484055032,"MSCI World, resident currency",-0.024489453510451176,0.002606254525126639,0.01896958839252605,0.021709987923894003,0.002606254525126639,0.09085923889266345,0.07390098795504721,15,-0.002585914972652814,0.2903018727871274,0.26216368560374925,-0.006956332666097742,0.17051393040015106,0.07184298680892787
Japan,2004,0.25302972289881254,0.13401127351741016,0.11065641486191201,0.14539919989306038,104.12,0.10847059878727139,"MSCI World, resident currency",0.017748150054487377,0.00011140150827948503,0.06528418414717052,0.07119006027912267,0.00011140150827948503,0.13287961945237914,0.06331525896573571,15,-0.00010288171689010195,0.16974239039447814,0.16634407021772457,-0.017486342515833142,0.1474861726108201,0.007121275467855126
Japan,2005,0.15717447561328313,0.22964114459467622,0.09953952546996084,0.2223613416316148,117.97,0.2446363026380194,"MSCI World, resident currency",0.022890692572825833,0.0028499857658708105,0.049059762393316,0.05058881653135261,0.0028499857658708105,0.07262023971703169,0.025903212500507238,15,-0.002829538322237979,0.028425164629647393,0.038276133684200575,-0.0006986459582450921,0.20384001118405815,0.33340489312609
Japan,2006,0.26849343921226887,0.23135427918290485,0.13951721974002793,0.2362500006422108,118.95,0.21605327065832292,"MSCI World, resident currency",0.001968843779172502,-0.0012692305473626098,-0.03619784981799068,-0.03680213303776558,-0.0012692305473626098,0.09818759582138292,0.13835591040730888,15,0.0025176961016983856,0.14856249325559712,0.16195111006364038,0.024767261591463807,0.22373327159197287,0.24276473147850397
Japan,2007,0.02621782185301602,0.05582061010856232,0.040574067150121344,0.05221540683301851,114.0,0.03161008507395335,"MSCI World, resident currency",0.03815353056396287,0.004096104789418797,-0.022721508056535833,-0.02240025544425739,0.004096104789418797,0.06069803196754142,0.09074554635637161,15,0.0006278433067785638,0.1391107916846961,0.1377802999467701,0.011644528236934182,0.13039775754230343,0.24309205615887586
Japan,2008,-0.28338892359243284,-0.5436583477253792,-0.41075542520663705,-0.5143800763436941,90.75,-0.516522163295942,"MSCI World, resident currency",0.04040086377522245,-0.009104803832519104,0.08918197372684555,0.055107016000795817,-0.009104803832519104,-0.17025217171606144,-0.24355543541490376,15,0.01384503029243267,0.2693181651478942,0.21723957940668193,0.03138761247384991,0.0772194390544334,-0.15266727063216623
Japan,2009,-0.23966212264782372,0.38132483575211706,0.29867636055008845,0.31078084288522123,92.06,0.2955850568440723,"MSCI World, resident currency",0.02348808111896772,0.014745098582672034,0.015454478571822028,0.01494128104326875,0.014745098582672034,0.10731043989320321,0.10873693168240532,15,-0.013493633642773784,-0.04625623973636794,-0.04538896855438823,-0.019834602641820354,-0.05597047896486407,0.24123171955943623
Japan,2010,0.045301084586227613,-0.012899476619773864,0.09698753870952911,-0.007185771327859469,81.45,-0.0018903664898947126,"MSCI World, resident currency",0.04674018651840406,0.008213924013252383,0.036835392939731815,0.03334111276495877,0.008213924013252383,-0.08680615892431298,-0.11283595400211106,15,-0.007219622563891637,-0.02861938389597296,-0.02500676263962487,-0.011732246102603261,-0.13744936552000186,0.14956723232045532
Japan,2011,-0.04564209689661025,-0.06987925896335623,-0.051245074547984694,-0.06761184950152388,77.72,-0.09545471637282277,"MSCI World, resident currency",0.03712118818188892,0.0035115239001490828,0.06872860371394984,0.06533718429027591,0.0035115239001490828,0.014260666591924931,-0.04817927284015642,15,-0.0027244569214672776,0.052905846225467235,0.050631381940088316,-0.025979726392153846,0.008650389514116119,0.03898746793468
Japan,2012,-0.0431063589666677,0.3125596304087632,0.14416972485226331,0.28046943689038906,86.55,0.30711629791973594,"MSCI World, resident currency",0.036729327776792386,0.0013875337098454565,0.1337112884685554,0.15389347727103675,0.0013875337098454565,0.29386519269386446,0.14287943219482402,15,-0.0005609224057339102,-0.09985406298895638,-0.11121672933335947,-0.014131120381582707,0.008347370644870677,0.2057103470114361
Japan,2013,0.7157964872221896,0.5545091777603173,0.2529471989334633,0.5693077908328665,105.3,0.5317373986771678,"MSCI World, resident currency",0.013467908160243791,-0.0026706233233149135,-0.016887552827135166,-0.017484864598499072,-0.0026706233233149135,0.2058410210141166,0.22176752078816978,15,0.003429782988276564,0.10156859017410569,0.12458799643175511,-0.01307117198017016,0.3412813247343982,-0.12269069030638757
Japan,2014,0.07419154875916756,0.21530935707970422,0.10712738856404116,0.1990790562476008,120.64,0.17262883202242074,"MSCI World, resident currency",0.025372864962070363,-0.026210833142557677,0.15182421163877557,0.15619773923366442,-0.026210833142557677,0.17691888402567102,-0.005379191408566923,15,0.027613779959811957,0.06148166146374723,0.07684192094262898,-0.006284064445272408,0.22810570172697298,0.1233071855709238
Japan,2015,0.10291953493448269,-0.002375863629120678,0.03208388431252625,0.009984610578036568,120.5,-0.02230474057919629,"MSCI World, resident currency",0.009813889544674215,-0.007137548706772745,0.0064788027760216416,0.005021931243285316,-0.007137548706772745,-0.07645531894177993,-0.08890103447783014,15,0.007922428738459164,0.14560180118365174,0.14478414801867645,-0.00531491867575451,0.1393215431683641,-0.13648696972541763
Japan,2016,0.006347258834403791,-0.0029051932269309466,0.04167430257355717,-0.0016950958736312582,116.8,0.03112847280666453,"MSCI World, resident currency",0.16399971451436524,0.0005606619678826252,0.0403509066902501,0.03773211205099214,0.0005606619678826252,-0.02313625566305222,-0.060260807983786295,15,-0.0011400228004559976,-0.14273716246567303,-0.13814971938548815,-0.014283553872012966,-0.16988294731938236,0.037052012482033714
Japan,2017,0.21349962110085485,0.17445438771012967,0.1549912501514194,0.17919887874954887,112.9,0.18015368994011616,"MSCI World, resident currency",-0.005724948253881368,-0.005455758731575444,0.019840050362308626,0.021807375249646155,-0.005455758731575444,0.08548475959529966,0.05817235440794009,15,0.004862286191922527,0.019401612551446457,0.01861629117485064,-0.00991627081888169,-0.002809019526007539,0.07962028523333542
Japan,2018,-0.1600079834714171,-0.02179508261531371,0.005732193580761692,-0.03966554324378535,110.83,-0.10948618646185071,"MSCI World, resident currency",0.023367170011442173,-0.010338293288064904,0.0004333712456605632,-0.00046608320059338126,-0.010338293288064904,-0.05871864770482871,-0.0686812269112711,14,0.009890544639324927,-0.03809893914038143,-0.038118707592081025,0.0017853235335945072,-0.030456961340073474,-0.03674310660287461
Japan,2019,0.17927993501610473,0.12432522810734215,0.13441471421173531,0.13132335960876573,109.12,0.24654258657702255,"MSCI World, resident currency",0.04172725927332732,-0.005335900019996065,0.0674481635992028,0.06568798555471411,-0.005335900019996065,0.04355053939700926,-0.02741079284122489,14,0.00468087671012718,-0.12616840122862216,-0.12648672058492627,-5.033643403207222e-06,-0.12347142719329252,0.1502392429998276
Japan,2020,0.0785911606181513,0.05069005034818441,0.05897243541744691,0.054185565570673555,103.63,0.09636437952559751,"MSCI World, resident currency",0.004715779984178159,-6.0070204914386416e-05,0.03863423612022654,0.03896908339766236,-6.0070204914386416e-05,0.061684843145902724,0.022568939638935782,15,-0.0002699460107978835,-0.07130791306021378,-0.06857493734329234,-0.00489791713896115,-0.11110231844568164,0.1781963383944727
Japan,2021,-0.021381545766844368,0.3169272075583236,0.20584432721412516,0.2743584105031118,106.6676016031283,0.22962942317769564,"MSCI World, resident currency",-0.0034693275467645446,0.0032491472321332093,-0.02992868710465968,-0.03241125589330918,0.0032491472321332093,0.035766567128654,0.0713461572008506,15,-0.0025829029999999997,0.09760111901337098,0.0981234704506333,-0.0646718177027612,0.10545936038695625,-0.03953123742824605
Japan,2022,-0.012701329439353093,0.006096657480110235,-0.155079299576395,0.003811009499493423,127.71576911654626,-0.029748173725580807,"MSCI World, resident currency",-0.07300626304205293,-0.023828668230099548,-0.1592588533270083,-0.17018023550103023,-0.023828668230099548,-0.09002283226948515,0.05725594019201531,15,0.02506056,0.19266484614334445,0.2512678998549496,-0.04319532740699539,0.47458042217138785,0.18589842820394353
Japan,2023,0.28604821280457804,0.24516725305616105,0.1411601970529826,0.2500578580339532,136.49052327449638,0.29011641765648966,"MSCI World, resident currency",-0.028693025915584536,-0.030786493907903778,-0.03627334521283254,-0.03245524361391505,-0.030786493907903778,0.06918230199154363,0.07455036081624151,15,0.03251569,-0.06566761720322156,-0.0631661563541015,0.017003513512843016,0.05665780648171603,0.1906217455330932
Japan,2024,0.0630021257922031,0.27674406227557147,0.18337056717169248,0.25097059073880823,147.01708270369576,0.2435657373212914,"MSCI World, resident currency",-0.048616218455801996,-0.022221092716235846,-0.038614768818299505,-0.036551102653169076,-0.022221092716235846,0.06605968210632507,0.08434781265775328,15,0.02591557,-0.03602556756439457,-0.031608236393593336,0.02171369326854866,0.088520839887404,0.31344520672239384
Japan,2025,0.322116806950971,0.1567453696506056,0.15990240636989042,0.17428096723516995,145.29323796880868,0.17097866474044054,"MSCI World, resident currency",-0.0909320250269039,-0.010763018283561632,-0.019321918175212005,-0.018456223778741787,-0.010763018283561632,0.021185811928124076,0.029962211450816144,15,0.01917833,0.07519378829391865,0.0775356005864114,0.015139307087717269,0.09557286050456248,0.612826536387935
Netherlands,1927,0.1511128544807434,0.26810803635598646,0.2597767909312887,0.26810803635598646,2.4934,0.2655718202832744,"reconstructed, resident currency",0.032375022768974304,0.03669999912381172,0.06142857712460481,0.06340478785326509,0.03669999912381172,0.11161798877653495,0.08776632022833761,15,0.0,0.2541915923172149,0.2556484008389954,0.06069651650102048,0.261219948572077,-0.0015966170205113928
Netherlands,1928,0.07679118937860929,0.2993936523889642,0.3250049512935205,0.2993936523889642,2.4861,0.2967948650841863,"reconstructed, resident currency",0.05903250598963172,0.03480148025505958,0.06668975078996264,0.0655133177792282,0.03480148025505958,0.05797181168879151,0.02689720428663316,15,0.007246337268355552,0.2953193853809486,0.29167099264778673,0.05045226040342521,0.279186735857343,-0.021321329875360395
Netherlands,1929,0.05836773838714193,-0.062214489566343456,-0.07394155037699267,-0.062214489566343456,2.4899,-0.06409006058721078,"reconstructed, resident currency",0.01894853786816464,0.05579561080273776,0.06890022398576146,0.06909366400940486,0.05579561080273776,0.06076726694384371,0.047414249101813875,15,-0.007194205627997108,0.2048297139390174,0.20326314601437656,0.03785806464463959,0.19476582146773702,0.0030705828571815363
Netherlands,1930,-0.17985760534098083,-0.1763408926037504,-0.1847995380929353,-0.1763408926037504,2.486,-0.17798821081854288,"reconstructed, resident currency",0.14405847333534938,0.05917606208222059,0.1037914040092931,0.105953650120169,0.05917606208222059,0.1037946062073778,0.05720827300507028,15,-0.0362319952266984,0.129668269514277,0.13835638041540488,0.10740235214556271,0.19496528955538328,0.07223821657662977
Netherlands,1931,-0.20093599852666955,-0.3169607018125863,-0.29180701568601736,-0.3169607018125863,2.4857,-0.3183267804089611,"reconstructed, resident currency",-0.040388610408286674,0.07964079926277678,0.022029560624892586,0.023211404951697823,0.07964079926277678,-0.0363681243008116,0.017882728536995234,15,-0.06015037513659871,0.27730361615559307,0.28526213915069487,0.15094084355712933,0.31851230820092025,0.06696033397313061
Netherlands,1932,-0.2503848857504264,0.01630928888887473,0.10585183031938368,0.01630928888887473,2.4817,0.014276670311097028,"reconstructed, resident currency",0.33564263915539616,0.08631460430322857,0.21226347594822004,0.1928083171487942,0.08631460430322857,0.10355751769508692,-0.006336725521282046,15,-0.07199995635084899,0.07580902878950724,0.07713051019772443,0.16025907588768828,0.11420240577639507,0.07593927039936998
Netherlands,1933,0.18061241131652106,0.17653176076504584,0.3892772932957604,0.17653176076504584,1.9335,0.17417869724351576,"reconstructed, resident currency",0.011600775813643827,0.019791256494878562,0.061618912514004975,0.0676042005398041,0.019791256494878562,0.09648963465963045,0.05004677228003837,15,-0.008620643193882338,-0.11647084092771254,-0.07707517632086092,0.030170519994877854,-0.3344257214913017,-0.2605028365735922
Netherlands,1934,0.10269230604171753,-0.12854839229224058,0.01702592064405664,-0.12854839229224058,1.4841,-0.13029129550765606,"reconstructed, resident currency",0.12409166991710663,0.008899999782443047,0.13176093111634501,0.11917474510906145,0.008899999782443047,0.028832494875187242,-0.08416943757069466,15,0.0,-0.027146868590721462,-0.027685058282322816,0.008767156750223437,-0.23039030845714015,0.3058309741706813
Netherlands,1935,0.08990997267350709,0.301465212850055,0.26955115912835076,0.301465212850055,1.4768,0.298862282424355,"reconstructed, resident currency",0.01532478442347629,0.06898204816232623,0.06503260909546826,0.06307961047627408,0.06898204816232623,0.03006646717432271,0.03517227178306031,15,-0.03478266671229924,0.09349729588292988,0.09276460417721277,-0.0020322077192309607,0.07600180997261385,0.019312448949560856
Netherlands,1936,0.29639606156513976,0.4034822766273356,0.26211793507547254,0.4034822766273356,1.5509,0.4006753120740809,"reconstructed, resident currency",0.16889491633960452,0.06434326906511556,0.09920042975583265,0.10141241892568087,0.06434326906511556,0.13890699854176947,0.10288078624398511,14,-0.045044930877198186,0.3562367422744268,0.3758498257991991,0.012372876775614161,0.43935425483347346,0.09989397339611839
Netherlands,1937,0.5206813441189395,-0.14259124419003077,-0.23428657255483504,-0.14259124419003077,1.8167,-0.14430606170165072,"reconstructed, resident currency",-0.0220617436269418,-0.05177317567010142,-0.05122126591518006,-0.046755606902386115,-0.05177317567010142,0.05867713922129303,0.056028457593427984,14,0.05660373058953394,-0.11458511454311904,-0.12253249592205062,-0.011132956950033579,0.06049214824421667,0.10973569330057664
Netherlands,1938,-0.06266129532989817,0.019537808429069825,0.05233455480811074,0.019537808429069825,1.8179,0.017498732812211593,"reconstructed, resident currency",0.01572909365137809,-0.016070203894584467,0.011661761244351032,0.007630518392270691,-0.016070203894584467,-0.0023437307755787007,-0.02619362629396158,14,0.017857172307586655,0.06338223299180457,0.0659741677083372,0.047570894586841384,0.08984632436035578,-0.013720999571504189
Netherlands,1939,-0.03595647561859361,0.026107426119076793,0.02505427223896855,0.024046035421860346,1.8749,0.02199794335101668,"reconstructed, resident currency",-0.19207114430337047,0.0022087433859123706,-0.06318176212654902,-0.06330705632099598,0.0022087433859123706,-0.059389649990903015,0.00639373863431333,14,0.00877188171875476,-0.12171808689247832,-0.12497285379807954,0.022205827566040615,-0.09713058127734375,0.00798421212414957
Netherlands,1940,1.0044190824875003,-0.17287356519197616,-0.08530750031510735,-0.17287356519197616,1.8823,-0.17452781806159223,"reconstructed, resident currency",-0.034372200751293325,-0.11171207278545658,-0.0448018656269934,-0.049833068211664555,-0.11171207278545658,-0.08915547242841115,-0.15192389376698642,14,0.14782602464234507,-0.11975174911379005,-0.1197601225342223,0.0059249679692383594,-0.1218576944175479,-0.13151561007461743
Netherlands,1941,-0.3679856768384925,-0.07007970077473513,-0.05284696286514941,-0.07007970077473513,1.88,-0.0719395413731857,"reconstructed, resident currency",-0.015198964076743371,-0.10834469033525862,-0.05535766278356902,-0.05424921703996477,-0.10834469033525862,-0.037595350756626456,-0.09114434800376826,14,0.14393980330412748,-0.1306419558351023,-0.12817521397093457,-0.07583315048804296,-0.1739483604026013,-0.16822243938148174
Netherlands,1942,0.03271359905232485,0.04013586067334751,0.04035040232933994,0.04013586067334751,1.8791946308724834,0.038055588952000896,"reconstructed, resident currency",0.005607280474711374,-0.05158921964451968,-0.02576617058017039,-0.027906765565369973,-0.05158921964451968,-0.07878490091695078,-0.10508359148536531,15,0.07284735807529485,-0.04211435662921792,-0.041662920696956096,-0.07087970183543024,-0.030527760710808427,-0.056771260819108216
Netherlands,1943,0.17468439648523426,0.14768882478592849,0.10807420836714121,0.14768882478592849,1.8791946308724834,0.1453934471363567,"reconstructed, resident currency",0.03579561962511857,-0.018590677186673843,-0.01956692611957722,-0.017149200348933413,-0.018590677186673843,-0.017154271541127364,-0.018794420404244786,15,0.03086446823477007,0.1953728462618043,0.20257338619273857,-0.019568422192413393,0.2294968651725242,-0.006644040758919334
Netherlands,1944,0.0325155495676035,0.1038146071572752,0.10059594422110446,0.1038146071572752,1.8791946308724834,0.1016069779429607,"reconstructed, resident currency",-0.016917378097690783,-0.019651176525667502,0.01994825149923929,0.007518503235503626,-0.019651176525667502,-0.03768568187397381,-0.06667011307284998,14,0.029939523676633772,0.05386410964252142,0.05355488076279302,-0.011389603351630306,0.04974543841926837,-0.03681174042133839
Netherlands,1945,-0.20392984205218734,0.47825470704246986,0.17004431727731417,0.47825470704246986,2.65,0.475298197628385,"reconstructed, resident currency",-0.04066563983968707,-0.11645900543896692,-0.07253434609959475,-0.05407314777653505,-0.11645900543896692,0.1664524302747734,0.1085335407415285,13,0.1511633382210198,0.049434061552487085,0.11887176043720116,-0.013237632217602213,0.46837853772641647,0.2202779630060545
Netherlands,1946,-0.17945756951439995,0.9802253854726772,-0.05543087434078029,0.9802253854726772,6.5,0.9762649347017318,"reconstructed, resident currency",-0.06338032844886943,-0.07233338871305672,-0.06824260236401203,-0.041497005626297434,-0.07233338871305672,0.6553626625416358,0.6395370565876227,12,0.09090915614648454,0.40764851607476893,0.9112283496915081,-0.1458067950930625,2.1571805274994884,1.053561817224117
Netherlands,1947,0.17140570493804086,-0.1740953494728763,-0.10968754760705868,-0.1740953494728763,5.85,-0.17574715877393055,"reconstructed, resident currency",-0.008606877598712481,-0.022696106793451243,-0.07303881687839708,-0.07165607277169816,-0.022696106793451243,-0.18185975326024328,-0.1349843831486032,12,0.03703669595019066,0.04334792685678113,0.03612769381331926,-0.07460156340503099,-0.01950151529299582,-0.0937714578919272
Netherlands,1948,0.0929651818606303,-0.14105883071685887,-0.10085411325645631,-0.14105883071685887,5.1,-0.14277671305542516,"reconstructed, resident currency",-0.00927105182782939,-0.021931333730085045,-0.036897851021658545,-0.03493775752237105,-0.021931333730085045,-0.19733607673387787,-0.18878326010058918,12,0.03571460287295003,-0.06484250196215458,-0.0658722543896405,-0.016410018909050028,-0.14767080256927678,-0.12098296973521394
Netherlands,1949,-0.08354985217290822,-0.208422947134569,0.07789523331306838,-0.208422947134569,4.15,-0.21000610124029984,"reconstructed, resident currency",-0.0233480468108076,-0.044933247879296534,-0.03504697022753267,-0.03068936289969748,-0.044933247879296534,-0.19795868942469186,-0.21514842055861988,13,0.060344732551773195,0.11419686971797649,0.08208153457787115,0.031435476496074255,-0.08563304278881145,-0.22843642786368434
Netherlands,1950,-0.05949142641789362,0.11655378918772441,0.1892362428835021,0.11655378918772441,4.11,0.11432068160934894,"reconstructed, resident currency",-0.07579041025930178,-0.05668006949374971,-0.06432527695073342,-0.06299750823445871,-0.05668006949374971,-0.07146053185891732,-0.0656808500707141,14,0.09000001732768914,0.054776371886019026,0.04932927909336926,-0.044909057796571394,-0.019359375354043973,-0.13581884669968058
Netherlands,1951,-0.07177722185116409,0.11929123124133678,0.13354867610604296,0.11929123124133678,4.23,0.11705264877885413,"reconstructed, resident currency",-0.17520204979402298,-0.08054261304431931,-0.09362227605294349,-0.08937574383937108,-0.08054261304431931,-0.0647372618281663,-0.054628920766665874,15,0.11926589947926858,-0.10236005961151551,-0.10217910712268985,-0.044855439335450886,-0.07446705117106178,-0.06610341394106545
Netherlands,1952,-0.04733774811029434,0.07758813543616272,0.08852564084812155,0.07515956850044647,3.94,0.07300924936344555,"reconstructed, resident currency",0.11061902344226837,0.029804479330778122,0.056611494575794064,0.055574399196547386,0.029804479330778122,0.0402802034913714,0.014243960132410308,15,0.0,-0.013846350269543839,-0.0125949084348147,0.003226921042449371,-0.08471947963647863,-0.05925364800139543
Netherlands,1953,0.22624242305755615,0.04900269407417346,0.062064609219702714,0.05240077801172882,3.82,0.05029597645570538,"reconstructed, resident currency",0.08535558730363846,0.030113309621810913,0.05305417347331942,0.051807998234624675,0.030113309621810913,0.03489119968471677,0.01280583534638815,15,0.0,-0.045404827122230484,-0.04264394931217863,0.006703548557218442,-0.08864571265886678,-0.03324184466152591
Netherlands,1954,0.6629032520337446,0.3930832340270407,0.45904371366450847,0.39950895486649274,3.76,0.3967099369567597,"reconstructed, resident currency",0.009998073422728515,-0.009861798765965935,0.01694308140936207,0.016441712168170586,-0.009861798765965935,0.00832795977203471,-0.017943186065847157,15,0.039999981062632584,0.462021263875096,0.45073317310218264,0.018564239040369523,0.4285747201765149,-0.049885516245043005
Netherlands,1955,0.20573558085654797,0.2653933363808765,0.25468795360835855,0.2638150417660876,3.83,0.2612874116825554,"reconstructed, resident currency",-0.02488782548068702,0.010253280943299359,-0.01375198238219033,-0.013970808717075234,0.010253280943299359,0.011529815892449724,0.0366960829559103,15,0.019230988089032897,0.41162292408247736,0.410995409164143,0.011922977581826144,0.40946606224028037,-0.010348305304012873
Netherlands,1956,0.09025297341393679,0.026745876627603415,0.0234817870059378,0.028499554282430895,3.829999999,0.026442555173866067,"reconstructed, resident currency",-0.09125909025436763,0.011848085544441389,-0.01973028306005742,-0.019704058359179655,0.011848085544441389,-0.025962838449250514,0.005566989298561823,15,0.01886768856969301,-0.01131388689213464,-0.010734404528636277,-0.012271588679896195,-0.03879034113558488,-0.035875015258444054
Netherlands,1957,-0.13062404184314147,-0.12431687719955875,-0.08734131701619896,-0.12448748080504657,3.790999999,-0.12623850584343643,"reconstructed, resident currency",-0.16148376904281236,-0.02464989546922869,-0.049237929942165914,-0.050009078517740835,-0.02464989546922869,-0.07321596078492765,-0.04838470121722252,15,0.060956845595571574,-0.17681422535363933,-0.17393121611478946,-0.011143687996010843,-0.19495968940066466,-0.0673732429822782
Netherlands,1958,0.3731049523527843,0.2947300565832278,0.29191970754629604,0.2967014949212825,3.774999999,0.29410809193143983,"reconstructed, resident currency",0.031836474101953005,0.014892613348091777,0.06152598331419701,0.06182726165054708,0.014892613348091777,0.06569283414059579,0.01923436278446257,15,0.021818326055186743,0.07586522266446072,0.0752232084642237,0.006882515564111014,0.0685711373612854,-0.019699276197944093
Netherlands,1959,0.31356714682926623,0.228147823224361,0.23070921692633375,0.2304775604455669,3.769999999,0.22801660532467571,"reconstructed, resident currency",0.005853993256976997,0.026427274858835226,0.04612959832894781,0.046252987817773095,0.026427274858835226,0.04199310920426291,0.022169336962753753,15,0.010675821298671728,0.21324097567133826,0.20948976486722892,0.010506777644549326,0.191240563840676,-0.02121885686429137
Netherlands,1960,0.050226735607846296,0.022628915948641026,0.02581369660647722,0.023418554773230404,3.769999999,0.021371717663683842,"reconstructed, resident currency",0.05025044372738696,0.013824203213776975,0.015798433748325236,0.016465305982048317,0.013824203213776975,0.025666134148834008,0.023771000806054366,15,0.023239754715705496,0.007109991553809536,0.0069199664165608965,0.012803101551821738,-0.002081941295407619,-0.027308693907717063
Netherlands,1961,0.04040753371570771,0.13528725759162552,0.17873862973083726,0.1325842732714746,3.599999999,0.1303191047249317,"reconstructed, resident currency",0.04594657611108821,0.023995296800563448,0.01770395003751557,0.01679953025531833,0.023995296800563448,-0.017784919683440648,-0.011736831933658265,15,0.013076165742736956,0.010135324352092745,0.009164872080052344,0.023604783271376606,-0.03804052178653761,-0.05658783877485751
Netherlands,1962,-0.0735959135152856,-0.1056938468840527,-0.1033702658256906,-0.10490584215298882,3.599999999,-0.10669603046868281,"reconstructed, resident currency",-0.01000539064194883,0.014199911116560049,0.08009588161367809,0.0800113599323522,0.014199911116560049,0.07593613127773247,0.00995557829059616,15,0.022860698024737003,-0.15200604290855502,-0.15106446508732196,0.01825126995188109,-0.1578576757801522,-0.026913816808773694
Netherlands,1963,0.09607374143393987,0.13145709755099233,0.14006715575987552,0.13055680546413262,3.599999999,0.12829569185320433,"reconstructed, resident currency",-0.06480573006145984,0.003825507351099544,0.004073826189752827,0.004301961921423514,0.003825507351099544,0.00646879836823655,0.006320536768571013,15,0.03343182796656441,0.05322209564758107,0.05274427237705415,0.01837742808505438,0.046910825639906895,-0.040440463465624465
Netherlands,1964,0.10825209204042752,0.019838296277609135,0.05969251704915769,0.02201667883238745,3.591999999,0.01997264547472266,"reconstructed, resident currency",-0.05385026621897704,-0.01668162591467337,-0.02641207427751535,-0.026401921032256248,-0.01668162591467337,-0.02698607226881633,-0.016995841061972546,15,0.057908647886634856,0.21185587277990736,0.21134395403307815,0.027000180476569158,0.20953136154178975,-0.05869035089072283
Netherlands,1965,-0.12170980582849544,0.04077646199578511,0.06842983958539561,0.036881966185060566,3.610999999,0.034808202252690545,"reconstructed, resident currency",-0.104763616813212,-0.010041960421774077,-0.009936211286891372,-0.009934251793439985,-0.010041960421774077,-0.009898509951072776,-0.0099016466531044,15,0.05794888095773065,0.09671401921968448,0.09759296469804202,0.03155536016230376,0.10305773826529419,-0.04912233574545999
Netherlands,1966,-0.1899747174787093,-0.10956496023053641,-0.08952973244119682,-0.11118554803273972,3.613999999,-0.11296317693667424,"reconstructed, resident currency",-0.04787394113948307,0.005936990238103013,-0.009626669887766837,-0.01007091649048375,0.005936990238103013,-0.025785649929238375,-0.010363344410391936,15,0.05796884909191036,0.05661751381706792,0.0547249948811388,0.010884962315295343,0.03449635126093109,-0.06938766206264191
Netherlands,1967,0.28574496316949705,0.1405310748975379,0.18051311187143615,0.14305360991580063,3.595999999,0.14076750269596894,"reconstructed, resident currency",0.0027095243603647567,0.021112505355519007,0.020304931878891264,0.019108797851900228,0.021112505355519007,-0.028323888896575444,-0.028227725953501648,15,0.03486800923827382,0.08619786949146291,0.0846770656942275,0.01912916025527034,0.07136879466894808,-0.04483215771154658
Netherlands,1968,0.2984393090014701,0.16453243446435373,0.15726187990321402,0.16694237551724123,3.605999999,0.16460849076620665,"reconstructed, resident currency",-0.04983350325267655,0.014615169619375923,0.01920977467012608,0.018960270707662374,0.014615169619375923,0.0169498925712519,0.012780622078370555,15,0.036755968520679305,-0.03562990005999922,-0.035622094715507036,0.011003722479790534,-0.03110080597347109,0.1487791600120718
Netherlands,1969,-0.09781187734221819,-0.11026465083955117,-0.09447360393464735,-0.11001593396066633,3.623999999,-0.11179590209274504,"reconstructed, resident currency",-0.09675655532023264,0.003041662591920735,-0.047308326714230464,-0.047376277285116286,0.003041662591920735,-0.05924356914806783,-0.009557227107842466,15,0.07428239686273619,0.1709451722486961,0.17010689320882122,0.01323387456286551,0.16671519569791937,-0.2224460749096222
Netherlands,1970,-0.07810811604176993,-0.044446483800013814,-0.05685317577913599,-0.04503075778152765,3.596999999,-0.08267657097112557,"MSCI World, resident currency",0.09076396858405644,0.04123310728632701,0.02028684738473152,0.01953417549319081,0.04123310728632701,0.0020700061849274753,0.02280905404238903,15,0.03679953171917716,-0.01801682714938735,-0.01813156232354296,0.020938455464238448,-0.024017206850284856,0.015548756184778245
Netherlands,1971,-0.11937617261812328,0.014018874268773018,0.09967772463716214,0.01178698496867625,3.258099999,0.03129157742887201,"MSCI World, resident currency",-0.003302895473327294,-0.02444763956850815,0.019937119473460108,0.01732026034170464,-0.02444763956850815,-0.005312960973248293,-0.048013196135521234,15,0.07477573112196101,-0.14547596037847843,-0.14001430812649573,0.017643971771362565,-0.21701382595905627,-0.011148583964506464
Netherlands,1972,0.21397805707008266,0.14484145124840375,0.1959916882263215,0.145711024589825,3.226499999,0.143900042824056,"MSCI World, resident currency",-0.05666552739988351,-0.05441130038696307,-0.037973678310309844,-0.03569868587121461,-0.05441130038696307,-0.009915595015702938,-0.027492685830457615,15,0.07791756316631271,0.05032274728382524,0.05249426673666435,0.01154035341542925,0.06603634726866114,0.3593772558597539
Netherlands,1973,-0.20126586861181117,-0.236672147215075,-0.15428514483469458,-0.23624339081625,2.824499999,-0.3411112163824085,"MSCI World, resident currency",-0.15407564772135862,-0.014606427193045612,-0.07723433119341827,-0.07805287203353961,-0.014606427193045612,-0.12384305649391358,-0.06344180260082605,15,0.08013524812342232,0.3669767259988479,0.3100587558287158,-0.005739170208360234,0.18781300983156912,0.36177472322909576
Netherlands,1974,-0.26295296020101877,-0.3907906807120457,-0.33932881292076,-0.389316516377614,2.506499999,-0.3903326479037237,"MSCI World, resident currency",0.059729563727846324,-0.00369671310708497,-0.08507653440427931,-0.08406116356244642,-0.00369671310708497,-0.14125255653095758,-0.06661619457705306,15,0.09609360743069306,0.17703753732596095,0.14691739898737755,-0.018682411153460032,0.04196491713716766,0.32681456594658864
Netherlands,1975,0.33807647926137374,0.2789087157152603,0.21258157824447182,0.2796155769531836,2.688499999,0.34374112313432414,"MSCI World, resident currency",0.017522177706095876,-0.054850535887648544,-0.032601025283470975,-0.029821675067475573,-0.054850535887648544,-0.0001796194170571308,-0.022744669077854232,15,0.10212727291881762,-0.14959234577926384,-0.15171564555836858,-0.002214119066057396,-0.04640288522303648,-0.2573625221266985
Netherlands,1976,-0.03323561220298055,-0.054077454165635364,0.062100422738536644,-0.05381267295260017,2.456999999,-0.021671062388243345,"MSCI World, resident currency",0.012422309838088896,-0.016290960813845068,-0.02644034895564773,-0.031037403853666268,-0.016290960813845068,-0.12288627924245976,-0.11656468201432804,15,0.09057484480250322,0.14284425320657168,0.12230024794655381,0.0049242743921680265,0.03484650291800406,-0.19394826871345505
Netherlands,1977,0.02655665246901684,-0.07132020459200128,-0.06681902998153942,-0.07025914257706889,2.279999999,-0.0878315938036317,"MSCI World, resident currency",0.04401126697110791,-0.025169948549595533,-0.0055759849544329,0.0016002733901496757,-0.025169948549595533,-0.009658351201797921,-0.03861293716630844,15,0.06474114809889797,0.24537305346150484,0.22651060413513457,-0.011551278487003214,0.17175223622305125,0.06249103603198369
Netherlands,1978,0.01629299003624718,-0.030813069397424786,0.030265703687798726,-0.030267827868564967,1.968999999,-0.0251595885118443,"MSCI World, resident currency",0.009887753481800488,0.02073714850967523,0.022574274853497167,0.016777064600827396,0.02073714850967523,-0.020584007956906847,-0.019938436353059873,15,0.04080010866152284,0.2928041849378782,0.2479186875037691,-0.010424790546951224,0.1192939906633641,0.11817629921516049
Netherlands,1979,0.06602592013238717,0.04126059189963294,0.05579760629005553,0.04153287028113617,1.905499999,0.04464892955390187,"MSCI World, resident currency",-0.008065624013666395,0.046264200829114754,-0.035789675608664306,-0.03489697403230818,0.046264200829114754,-0.05272781293069262,0.028076842941906408,15,0.0421045346756439,0.30874836295811736,0.29275176697974903,-0.02032579690849734,0.2459314286493406,1.025638599473215
Netherlands,1980,0.11337012493247367,0.34195759036174933,0.1238346788880712,0.33949434235920495,2.129499999,0.3405221559513336,"MSCI World, resident currency",-0.03765018892319805,0.033634769819121724,-0.0184611454479624,-0.01403594788880147,0.033634769819121724,0.054662133386978784,0.11118696305546795,15,0.06541501162033625,0.11166190771026763,0.13528188785128847,0.000695567814542164,0.2553267706973654,0.19102015015671014
Netherlands,1981,-0.06878331722839781,0.05893698894319499,-0.0584929902153013,0.0576990693402375,2.468499999,0.05348482559743695,"MSCI World, resident currency",-0.016079742390717522,0.03993700489298191,-0.020453580235961222,-0.021512937067280524,0.03993700489298191,-0.012829037534814125,0.04960952474069366,15,0.0674845330268452,0.0723983067525622,0.11297573555289486,0.06875376114405274,0.30979165410084053,-0.26746546430150964
Netherlands,1982,0.17231398808708587,0.09671698204957124,0.07431930626219774,0.09741918394548588,2.624499999,0.1353580065062494,"MSCI World, resident currency",0.2853989067072462,0.020777942439953456,0.10431741097975089,0.09633751421171244,0.020777942439953456,0.04384561609029802,-0.03730682110336659,15,0.058620707735633104,0.1413239236185866,0.17455807963597048,0.08419578734237465,0.2909912838121995,0.17429270482460102
Netherlands,1983,0.5610671851371369,0.39419788935673683,0.2064573135387172,0.39582896917172117,3.064499999,0.4065389006583813,"MSCI World, resident currency",-0.0022329103670705175,0.023935736696535814,0.037455086602476984,0.04462259157357451,0.023935736696535814,0.11407938544221641,0.10017230469973479,15,0.028230219293456482,0.06951665167039889,0.09828348456247649,0.04999397713684739,0.2986396486538292,-0.04895802100740054
Netherlands,1984,0.240395767082344,0.19338145413206664,0.08310600333179739,0.19393354237456917,3.5495,0.16206709900003147,"MSCI World, resident currency",0.12613382659331074,0.02429479518350064,0.06516929038161323,0.0746789090740354,0.02429479518350064,0.12922493949775382,0.08582644415216632,15,0.032734915834949474,0.07017944835862067,0.10083983378075034,0.06256920408590982,0.29692163859802356,-0.0983762227186813
Netherlands,1985,0.3020351130559109,0.10843281920993664,0.2578719658650963,0.11124267684273992,2.771999999,0.07877447644367663,"MSCI World, resident currency",0.0722556669265908,0.039914748634500175,0.08712650234848884,0.08036187707105635,0.039914748634500175,0.032445111609734845,-0.013599981822059674,15,0.02223924226081464,0.27582788516790324,0.2110615133720768,0.041566294338919674,0.009752095129977656,-0.19621538039689668
Netherlands,1986,0.09392042130376654,0.10415702349792011,0.25716859736851383,0.10400982277351134,2.192,0.12479561280417362,"MSCI World, resident currency",0.07636931489842058,0.055760594589562285,0.13153204172412813,0.11923068806900128,0.055760594589562285,0.05679252055890438,-0.013022384224275632,15,0.0010002991771849157,0.25897685343379195,0.2047714544301802,0.05503815580608573,0.011273535768500542,-0.05882528800754505
Netherlands,1987,-0.17304335684181105,0.03877328424125248,0.07891681177131299,0.03610636845247228,1.7775,-0.05445588155899628,"MSCI World, resident currency",0.08098318376164304,0.06110223350007926,0.05201428125188001,0.05296586971339545,0.06110223350007926,0.046644388929284686,0.054741500714763594,15,-0.00707807848966735,0.2629347546173295,0.21462989654724884,0.0219249880214456,0.027508860265980983,0.0042661303560855846
Netherlands,1988,0.3422321005567548,0.2870516313768632,0.13957242540337358,0.2876074129384374,1.9995,0.3859727142726721,"MSCI World, resident currency",0.054478680315623196,0.04040114239852288,0.05193653947364707,0.06262226208676136,0.04040114239852288,0.15517412216183812,0.14295037358697674,15,0.0074639744135232,0.09753530851871517,0.11546728243420046,0.030389429819428715,0.25751455630902154,-0.0647722712869101
Netherlands,1989,0.26131440037925446,0.13463441070236448,0.21611112333427657,0.13606273800045554,1.9155,0.09966394841727366,"MSCI World, resident currency",-0.03366725567621187,0.0623866213401969,0.01547350851800755,0.015126504661106654,0.0623866213401969,-0.004619369823799402,0.04123299681574017,15,0.010821588620352873,0.06849296739843558,0.06582719970090256,0.04313487985098852,0.03776571190293354,-0.08520928667525629
Netherlands,1990,-0.15209849014575472,-0.17380851161215694,-0.13284714052105975,-0.17353457696299124,1.69,-0.3001084521644606,"MSCI World, resident currency",-0.02462259026743474,0.06079217039373375,0.03351742404538505,0.034007441373250735,0.06079217039373375,0.03610260138306898,0.06388335474731958,15,0.024540931383522535,-0.021589575344602596,-0.019871531178564772,0.019629465469601426,-0.1502083027144171,-0.1793377005008585
Netherlands,1991,0.15121132983266605,0.08488640373526013,0.04974002175218556,0.08582298663216359,1.7104,0.1865214523347345,"MSCI World, resident currency",0.08982298803382771,0.05961573344322724,0.12950239176794387,0.13155526149766228,0.05961573344322724,0.13801329376872107,0.0670881095506676,15,0.031333000000000055,0.021225574771633005,0.020892727145918943,0.0295655869605842,0.009158162401796455,-0.10053831042049466
Netherlands,1992,0.045938005027873485,0.024438143859648598,0.006373761444637527,0.024732933790895917,1.8141,-0.021575192554970757,"MSCI World, resident currency",0.138933828468641,0.059785182907324375,0.10004972233826703,0.09255142044913134,0.059785182907324375,0.03800754418150154,0.00023949912386180827,15,0.03183646794973116,-0.04996641242186439,-0.05014515080445403,0.008383806062487231,-0.047715549835415705,-0.03941278858393371
Netherlands,1993,0.4353750335316988,0.23172750036162681,0.14735246223097218,0.23470739775708616,1.9409,0.2829629156924256,"MSCI World, resident currency",0.15933142195461936,0.04162421469993127,0.2217248911055414,0.21752190263202076,0.04162421469993127,0.21373211627589184,0.03653323905231128,15,0.02584180866348995,0.1399129790071585,0.1438832453494221,0.004321478172269577,0.17519378543855857,0.21896500729191581
Netherlands,1994,-0.005021101013537921,-0.09199356616158272,-0.02112164845013859,-0.09047139012954153,1.7351,-0.0943472861463347,"MSCI World, resident currency",-0.10841960066681744,0.023104447933096184,-0.11543235099757077,-0.11503151730489947,0.023104447933096184,-0.12072994575748053,0.017357197803779624,15,0.028014953277876842,0.03691562682554328,0.030895636651210534,0.016542435122898214,-0.0853682275614398,-0.15687209008928682
Netherlands,1995,0.17554150113782874,0.10461795887655079,0.1859970385522782,0.10597805109777592,1.6044,0.09133615217088797,"MSCI World, resident currency",0.19113747886236676,0.024030938029354187,0.1759555249507898,0.17422759032539337,0.024030938029354187,0.164057837267519,0.013707397098296626,15,0.01923190020049015,0.20450041104339634,0.18972877942236477,0.033488873052366586,0.12941441526809339,-0.0886528492861346
Netherlands,1996,0.3747327186721874,0.2744833183654418,0.19113140587112185,0.2763360438339568,1.7436,0.19981558261541577,"MSCI World, resident currency",0.06336974777759674,0.009024107968763628,0.10516851272632977,0.11521375812478385,0.009024107968763628,0.17080877766445446,0.06864676240904893,15,0.020763520548891412,0.1658176774348734,0.18708150523262068,0.020154971252071885,0.28830517359722174,0.004756475192002618
Netherlands,1997,0.4226003223206931,0.3711249271681032,0.22881678330748761,0.3722717710260679,2.0172,0.32089094685675,"MSCI World, resident currency",0.06751840248138374,0.01451987233268226,0.10518073783237547,0.10948050633811923,0.01451987233268226,0.13841644039916834,0.04502339148370446,15,0.018552417480241834,0.09925934754031607,0.12601610326823742,0.038183713171633826,0.30533091715976934,-0.10682884010762961
Netherlands,1998,0.20144288571271596,0.12490177216970744,0.18642810501006263,0.12689482430756316,1.8888,0.14106170024043885,"MSCI World, resident currency",0.1420159341871836,0.016413480223463228,0.12784157918412808,0.1242346262037306,0.016413480223463228,0.09972484226585832,-0.009080424782866555,15,0.017843643469454884,0.12679224337003192,0.11916010715809255,0.0384762766424287,0.07341523310635467,-0.0935848099025306
Netherlands,1999,0.2804206553553692,0.3912990925420159,0.22476758212350625,0.3884188399882229,2.193619350985467,0.41436573406463983,"MSCI World, resident currency",-0.09267440808891247,0.009088398178649149,-0.07203294956253048,-0.07418712602210231,0.009088398178649149,-0.004465578719158869,0.08139716697494803,15,0.02036154708520188,0.014973562179384725,0.02420106509031794,0.025016298269186832,0.19847349508803136,0.13721424176984343
Netherlands,2000,-0.04373764661918855,-0.015752659586510842,-0.050652752919200565,-0.016464752022684492,2.3683073616335304,-0.08447491806852037,"MSCI World, resident currency",0.06795843569731685,0.019964002620784793,0.06710113932254513,0.06727181539789062,0.019964002620784793,0.06346504702209432,0.016266860264945695,15,0.023484817271640868,-0.035468998426624654,-0.03484693456530297,0.02935847551351123,0.06166074541345212,-0.006960983859185754
Netherlands,2001,-0.23147115012907815,-0.16203939442250226,-0.16236317311639598,-0.16375696853415223,2.5005219562010668,-0.15430288942100678,"MSCI World, resident currency",-0.002829145356504248,-0.008093541063532883,-0.0007295095803200313,-0.0009213928569298258,-0.008093541063532883,-0.0056925054905409,-0.012705881802342141,15,0.05112515599210976,0.049694184952811415,0.05699398876638084,0.024736810195639336,0.1202994180793222,0.02026160632144114
Netherlands,2002,-0.35316295685691923,-0.32873906049486545,-0.22731392637231349,-0.32926698823402645,2.1013731286354536,-0.35744268010903757,"MSCI World, resident currency",0.08062670753834866,-0.0051314960365179685,0.07419388748076261,0.07175536124124204,-0.0051314960365179685,0.052846695871706206,-0.02414574764015688,15,0.03851505751088302,0.021509783664550808,0.015038887054712013,-0.00596150761007852,-0.1610574612177208,0.003126777754104193
Netherlands,2003,0.06812935578843415,0.03647286477237954,0.17621800653404085,0.037049864694030266,1.7448218527315915,0.08364690960985266,"MSCI World, resident currency",0.02346781417714916,0.0010374386203717556,0.017375168160738363,0.016227925614723082,0.0010374386203717556,-0.010639715463841903,-0.026020086619617033,15,0.0222741241548865,0.28828288867364593,0.2350359031738689,-0.006956332666097742,0.06160350845062501,-0.027886601131211775
Netherlands,2004,0.08238287317346638,0.07736786829885123,0.12498232013977403,0.07745066860022942,1.6178768078702004,0.0427127833671872,"MSCI World, resident currency",0.08723704972607438,0.00713621572867007,0.0727667740609228,0.07256123624348843,0.00713621572867007,0.06567378738914975,0.00023619434379108147,15,0.01382843125465949,0.17795869806364806,0.16291180209188427,-0.017486342515833142,0.07941383580892869,-0.05262419275684149
Netherlands,2005,0.2840352807026427,0.22294349555631543,0.10252087990284271,0.22388874262356717,1.8680257692633722,0.24619153729615384,"MSCI World, resident currency",0.0541348091241074,0.006836003718559969,0.05322944988964684,0.054569626741689525,0.006836003718559969,0.07396053179134165,0.02718512933724937,15,0.014908909763734712,0.03251283599365551,0.042218725376642174,-0.0006986459582450921,0.20534426885698154,0.33507104853126357
Netherlands,2006,0.1818435337135067,0.08113670943839901,0.15601233694726638,0.08311199171565686,1.6732801822323462,0.06541709147086161,"MSCI World, resident currency",-0.02386473686350321,0.014035638987550447,-0.021428237608997924,-0.021439265318383693,0.014035638987550447,-0.03784820742598771,-0.0026556628820666524,15,0.01652467599247398,0.16616343201670625,0.14941800542825612,0.024767261591463807,0.07214574757060066,0.08881972323268283
Netherlands,2007,0.06475509994123474,-0.03445372819443504,0.0383058481793636,-0.032503890617398334,1.4969839005502334,-0.051450171488227614,"MSCI World, resident currency",-0.0035870758631921795,0.02649063426403142,-0.0009250964497774516,-0.0018853065102141242,0.02649063426403142,-0.024704245448066264,0.002923988351806428,15,0.01586516905602231,0.16451657712450962,0.1454086067121163,0.011644528236934182,0.03938359519815893,0.1430042937291749
Netherlands,2008,-0.5055645901266526,-0.3571933035128546,-0.3943563999813844,-0.3599567707374466,1.5834662642810944,-0.36278002444572777,"MSCI World, resident currency",0.09855315294828437,0.023682139371826283,0.12522104995801464,0.11806320779297352,0.023682139371826283,0.09360109340222822,-0.0030120300051566257,15,0.022135961884499178,0.31131762457600676,0.3407185262248358,0.03138761247384991,0.4197667245727783,0.11677785433752441
Netherlands,2009,0.43143422095487005,0.2164428479576419,0.23465982819956666,0.2195691392359671,1.529716784673052,0.20543076377617187,"MSCI World, resident currency",0.03500662305966107,0.0025378104118918277,0.0032386566264392957,0.002119379532892207,0.0025378104118918277,0.030257382366859487,0.031584610616286035,15,0.009721099657879373,-0.057729687540041374,-0.05202196064554654,-0.019834602641820354,-0.12166150685574406,0.15485964570816835
Netherlands,2010,0.08249071701342015,0.19169229944842248,0.09206010323468958,0.19001751168622816,1.6492366412213741,0.19636474594884978,"MSCI World, resident currency",0.05858235052321392,-0.0011780150656220956,0.02717683277370231,0.031019870901672464,-0.0011780150656220956,0.09458207896308002,0.06338197014754336,15,0.0092985514874393,-0.03766820513475655,-0.04004324051384367,-0.011732246102603261,0.03387958200408914,0.3779064580406737
Netherlands,2011,-0.11470757837410517,-0.01630643402775589,-0.04965374653458155,-0.017920638302226122,1.7031532575933226,-0.047247378362342496,"MSCI World, resident currency",0.10177084379698043,-0.010528448580809702,0.05377618928881134,0.05550803819222638,-0.010528448580809702,0.06831523707076959,0.0025475888771259243,15,0.0246944429355207,0.038174805520929,0.03942014125719773,-0.025979726392153846,0.06240596277489163,0.09435984227788019
Netherlands,2012,0.09490546998172533,0.09609966560581729,0.12787970018172878,0.09607767954723467,1.670236471123238,0.11888730605045938,"MSCI World, resident currency",0.08264553024887755,-0.02184419884590294,0.10740970535261685,0.10763475684657076,-0.02184419884590294,0.10754440301117918,-0.021698917637191104,15,0.028191861574673016,-0.12073703682857617,-0.11904411768613321,-0.014131120381582707,-0.13685792541989816,0.03208414139720994
Netherlands,2013,0.15592832580919724,0.2083944429521254,0.2980678088703985,0.20741526901389817,1.5979334348488146,0.1785088521741809,"MSCI World, resident currency",-0.053768210810442474,-0.022764104823968845,-0.03669460176432349,-0.03552022700490942,-0.022764104823968845,-0.07223371394654998,-0.05997996798194691,15,0.02555245058106559,0.07937497128951909,0.07482301834565397,-0.01307117198017016,0.031973180142057966,-0.3250038887464336
Netherlands,2014,0.09274793535292924,0.2199663378884753,0.1035254126721751,0.21777012880065305,1.8150976031628363,0.19090760226941428,"MSCI World, resident currency",0.1775475803487947,-0.0011046046737894777,0.18152053893165787,0.18410560771890983,-0.0011046046737894777,0.1952645269887141,0.010124815269971221,15,0.0032074807701976127,0.08884877748344899,0.10345094511272435,-0.006284064445272408,0.2472492374715054,0.1408171370586726
Netherlands,2015,0.07876430602620665,0.13504516340625417,0.03972328122324481,0.13407080150318018,2.024166437034996,0.09781439723386853,"MSCI World, resident currency",-0.003679562652925461,-0.0023833958468265637,0.01129815521750066,0.011557663373742866,-0.0023833958468265637,0.03701090660407602,0.023036116844486573,15,0.0021949606109807895,0.15108732042386763,0.1677796076428646,-0.00531491867575451,0.2792980032550254,-0.030396201986217286
Netherlands,2016,0.07631597014675351,0.06103652926252523,0.03621649806732486,0.06135564830235474,2.090608101698131,0.09625228145749132,"MSCI World, resident currency",0.09848825178637255,-0.0037329704504360794,0.03588652531970227,0.035838082078714084,-0.0037329704504360794,0.038560311973149686,-0.0009089454986334511,15,0.0011000770053903874,-0.14641587146370416,-0.15131012243903952,-0.014283553872012966,-0.11745457828267802,0.10254993888300334
Netherlands,2017,0.1482876264952755,0.06163756207444049,0.16242675296824988,0.0636353783830439,1.8374968731760204,0.06449661644921334,"MSCI World, resident currency",-0.011154263091668115,-0.0160689424671856,0.008956924819673473,0.008469273342815775,-0.0160689424671856,-0.02089459733416843,-0.045530340252118114,15,0.012986623777509365,0.008523165755970119,0.004667082298567049,-0.00991627081888169,-0.10053543558203681,-0.02618434321114904
Netherlands,2018,-0.10686923734220732,0.020979029827938867,-0.013913788626703512,0.01852583191397006,1.9246375545851526,-0.055525586545652206,"MSCI World, resident currency",0.005696624560870944,-0.01889575567376578,-0.008217232173439615,-0.008280382397078623,-0.01889575567376578,-0.0016817936014957846,-0.012248054348324806,14,0.015976646482179113,-0.04641635921559095,-0.04660961764610749,0.0017853235335945072,0.02829240696315316,0.02162535332545179
Netherlands,2019,0.29912078480275195,0.1430320532170517,0.1370095465467808,0.146034668172077,1.9616432259213097,0.26275216315182615,"MSCI World, resident currency",0.03773007280792107,-0.02947066347099303,0.04154735052553726,0.04254890892633134,-0.02947066347099303,0.05712048282307647,-0.014763604210021439,14,0.02669436409171211,-0.14737125647671812,-0.15153740663259474,-5.033643403207222e-06,-0.11207337535462325,0.1651965266815254
Netherlands,2020,0.1504540820936744,0.0018664840812592232,0.05967905742135251,0.004733077279460707,1.7958683073914103,0.04493325732839515,"MSCI World, resident currency",0.026612133204299893,-0.015247693162161458,0.02285890332407048,0.021981192683992123,-0.015247693162161458,0.011880559166536298,-0.025400393432967405,15,0.011165948112850765,-0.0854133856386623,-0.08078537695605559,-0.00489791713896115,-0.1528010512160879,0.1229264290615164
Netherlands,2021,0.17145848448184497,0.16035846058083258,0.17732492818386988,0.16060748725767104,1.7326913173662337,0.11800815805233489,"MSCI World, resident currency",-0.0673522614099411,-0.03282635103959608,-0.06481115480309729,-0.06514329000900043,-0.03282635103959608,-0.05825653643264139,-0.02590673151493239,15,0.028266680000000002,0.058132849958512756,0.05460831244903441,-0.0646718177027612,0.0051097997590199284,-0.12671908148177602
Netherlands,2022,-0.09761012191229212,-0.12183425030049089,-0.13875306667289067,-0.12109619370389257,1.9493683623232287,-0.16286994012107214,"MSCI World, resident currency",-0.24315400796213338,-0.10116691163086677,-0.22586749191563127,-0.2279583360019003,-0.10116691163086677,-0.21487471573668582,-0.08780307900191504,15,0.1163536,0.09817466684322684,0.1343632095014653,-0.04319532740699539,0.2722631008575862,0.023189233278403387
Netherlands,2023,0.07856349643403626,0.1315780251539116,0.16013794515933172,0.1305687404462359,1.8946399583012246,0.16376594296963431,"MSCI World, resident currency",-0.002765852979810912,-0.006391801396176344,-0.012016754419250875,-0.011924458507377,-0.006391801396176344,-0.03553048945468251,-0.030688163634669287,15,0.04096163,-0.04215086775760335,-0.04224651908396948,0.017003513512843016,-0.04682837011702634,0.0740155070093893
Netherlands,2024,0.11591374426883494,0.154198003804501,0.16986817447001745,0.15341434188135428,1.8927454268944524,0.1466077015283309,"MSCI World, resident currency",-0.009433317507204553,0.003769065051317577,-0.013060368280840673,-0.012967833747809965,0.003769065051317577,-0.01705860405500559,-0.00019635808963173554,15,0.031966800000000004,-0.010402343953969329,-0.009903898160713465,0.02171369326854866,0.0036513075516810822,0.21103882518296757
Netherlands,2025,0.0818762876189707,0.14101666087581588,0.17907295958177288,0.1397527881647327,1.8160978065316118,0.1286622637216701,"MSCI World, resident currency",-0.011675851087860178,-0.0022443720623763763,-0.010876975466498573,-0.010829816877620524,-0.0022443720623763763,-0.01571742946595167,-0.007258188276614493,15,0.026607859999999997,0.08445263695301297,0.08118093832493156,0.015139307087717269,0.0559814470088531,0.5545427977148363
Norway,1927,0.13538608736792934,0.32941359201005493,0.2599506830106131,0.32914272976340864,3.758,0.3264844443038819,"reconstructed, resident currency",0.12203064668901886,0.13969622796634962,0.16688159219350807,0.1652493209076673,0.13969622796634962,0.16512073553470197,0.14012107388547698,15,-0.09554846761891533,0.3787956285512919,0.36700732987436124,0.06069651650102048,0.3219231147641506,0.04645705240673581
Norway,1928,0.18493910335715547,0.4056830971018923,0.3251668723200749,0.40542820397810386,3.75,0.40261734757014755,"reconstructed, resident currency",0.1637397893530006,0.11588056167950311,0.15026735172033745,0.14925344287757158,0.11588056167950311,0.14430559240268281,0.11069520067093448,15,-0.06800061330879847,0.396810645223441,0.39381680747414216,0.05045226040342521,0.38357234039376276,0.058541884590657345
Norway,1929,0.13320572785017015,-0.032682636976569035,-0.07413854616574525,-0.032525028046064275,3.73,-0.034459977989972135,"reconstructed, resident currency",0.10563611191903566,0.08731856490679157,0.10081444332684875,0.10113021578661918,0.08731856490679157,0.09435022232490664,0.0805744597240916,15,-0.04425433906391574,0.24080238837249346,0.2395241935839154,0.03785806464463959,0.23259105281067805,0.03482691214626499
Norway,1930,-0.03186461555530207,-0.1801713582243739,-0.18496430338624864,-0.18001175108015044,3.74,-0.18165172757799009,"reconstructed, resident currency",0.12998564626623077,0.06202350266900347,0.10675878644516423,0.10828523626216979,0.06202350266900347,0.09887524849006946,0.052496539819057136,15,-0.027799294259401863,0.1327052181344075,0.14028063686229175,0.10740235214556271,0.18963960515175282,0.06745949840221055
Norway,1931,-0.07380369734543213,-0.014667656669529405,-0.29208372711971053,-0.014742622843096798,5.433,-0.016713137597410554,"reconstructed, resident currency",0.040967061186177434,0.09156988808228861,0.03332209552463539,0.02905931290253072,0.09156988808228861,0.3900011564717676,0.4682558822501321,15,-0.05338172804532726,0.2914167066362494,0.4093181249856559,0.15094084355712933,0.9019022506823475,0.5390484017105288
Norway,1932,0.05175294967253752,0.056893923078928044,0.10594094729764571,0.05688546829123742,5.95,0.054771697354655036,"reconstructed, resident currency",0.15713634399541054,0.054384761108126733,0.17663164098545314,0.1677290983151476,0.054384761108126733,0.14761708529756112,0.03333531106402557,15,-0.021135322173383875,0.04418797402226815,0.04812897394090365,0.16025907588768828,0.1586869708606664,0.11889617863495472
Norway,1933,0.2392538397834012,0.0003898548907521615,0.3895082221310885,0.000756969519764894,3.92,-0.0012445444192746846,"reconstructed, resident currency",0.035742382336220846,0.0417282758015205,0.08445569840699418,0.07708508855039131,0.0417282758015205,-0.06732679857425361,-0.10683105996418948,15,-0.01442629215629998,-0.0974649942928163,-0.036660551194132696,0.030170519994877854,-0.43386305396673,-0.3709843075057757
Norway,1934,0.11393647217656011,0.1687812297088518,0.016894082234643854,0.1687067195324019,4.045,0.1663693060933371,"reconstructed, resident currency",0.11824058332453369,0.022522000178223367,0.14704177942135033,0.17987724207316536,0.022522000178223367,0.37977076340094595,0.22822348687800548,15,0.0024234199302055615,-0.014011567030655092,-0.013889394038269831,0.008767156750223437,0.03212617885837754,0.7512543675272045
Norway,1935,0.2915242620905849,0.2390669677264763,0.2695194001428316,0.23914267783345355,4.058,0.2366643924777867,"reconstructed, resident currency",0.00805300268128506,0.0028881638615112504,-0.0008170861011548292,-0.002289706416394033,0.0028881638615112504,-0.019259748260445964,-0.01439844245457617,15,0.022048157818393754,0.025887663072364786,0.02582854059625328,-0.0020322077192309607,0.02447591452966691,-0.02949879484342688
Norway,1936,0.31885476332337803,0.24835948800423413,0.26203719623527577,0.24845966312718137,4.073,0.24596274380092709,"reconstructed, resident currency",0.005122874255045318,-0.0006037811918394587,0.032126368568294206,0.030909793701555888,-0.0006037811918394587,0.013108231868464104,-0.01893868002922208,14,0.026019490964140912,0.2734781263081738,0.2751042417994518,0.012372876775614161,0.28036937696735964,-0.02159558238130055
Norway,1937,0.050167641374118555,-0.2912635172584076,-0.2346991236735027,-0.2907690481811943,4.001,-0.2921875100848319,"reconstructed, resident currency",0.015936763172063495,-0.03845385737529616,-0.037894195190779634,-0.038972412003693835,-0.03845385737529616,-0.1242839660420485,-0.1264749012048474,14,0.07119144227222152,-0.1021480874734696,-0.10121141209522533,-0.011132956950033579,-0.1227826277734978,-0.0820493764571385
Norway,1938,-0.01540205293894037,0.07354856106960472,0.052467900058235026,0.07337379828651902,4.278,0.07122705068994595,"reconstructed, resident currency",0.0358225225210167,-0.007799999639394151,0.020165060398185997,0.018247639580798447,-0.007799999639394151,0.05033681951607161,0.02522754673613607,14,0.033057851239671754,0.07232025713030765,0.07967318635869947,0.047570894586841384,0.14739490684485168,0.038358781898785166
Norway,1939,0.024801672790066176,0.017288857951784697,0.023024856688195913,0.017301560916612724,4.4,0.01526695779477949,"reconstructed, resident currency",-0.13774720142356833,0.013462804503117543,-0.05266198790354504,-0.05207338639409853,0.013462804503117543,-0.06558460832829338,-0.0002344759944008274,14,0.01266666666666505,-0.11185563219581063,-0.11301770560777047,0.022205827566040615,-0.10307697388618198,0.0013455224703560198
Norway,1940,-0.008317398915674845,-0.19114819607436673,-0.08545767960902145,-0.19079225492693697,4.393432336331311,-0.19241067041708304,"reconstructed, resident currency",-0.02434401905587158,-0.123050663303926,-0.05699453444286218,-0.06271279946627817,-0.123050663303926,-0.10888781297454608,-0.17029643269176423,14,0.16688610928242342,-0.13098771682832933,-0.13102705568702644,0.0059249679692383594,-0.140881581038373,-0.1503302696814547
Norway,1941,0.03845560633528766,-0.09249499997078703,-0.05284696286514941,-0.09249499997078703,4.387872451646628,-0.09431000997084549,"reconstructed, resident currency",-0.006986619781252479,-0.12979965142524208,-0.07808759482036698,-0.07700905548037618,-0.12979965142524208,-0.06079367020231885,-0.11305189361008613,14,0.1721438645980249,-0.15156040134723092,-0.14915101000468756,-0.07583315048804296,-0.1938599535449287,-0.1882720532046871
Norway,1942,0.16080464232156677,0.05139289985509987,0.04035040232933994,0.05139289985509987,4.3805541035023525,0.04929011405538963,"reconstructed, resident currency",-0.03493444969258852,-0.037776264681887106,-0.011577120552918263,-0.01392260364740161,-0.037776264681887106,-0.06881490098012855,-0.09539821339589076,15,0.06004452199025345,-0.028163406760982945,-0.027846727583806463,-0.07087970183543024,-0.020035490041249382,-0.04656301468918389
Norway,1943,0.0395036442445762,0.15486115291198033,0.10807420836714121,0.15486115291198033,4.3805541035023525,0.1525514306061564,"reconstructed, resident currency",0.0319747167825708,-0.004355679106719634,-0.00534608818805693,-0.003091009682182566,-0.004355679106719634,-0.01101210834361599,-0.012662507098139202,15,0.02446222827629163,0.21271131021952105,0.2178745636734063,-0.019568422192413393,0.23718044172788022,-0.000436195276957152
Norway,1944,-0.03459684883432712,0.12304971254093111,0.10059594422110446,0.12304971254093111,4.3805541035023525,0.1208036131158492,"reconstructed, resident currency",0.008645269369189634,0.007607267509359916,0.048307751369485175,0.035022347125788444,0.007607267509359916,-0.02091636463416524,-0.05040587937241545,14,0.012299168975069108,0.08316663458604912,0.08203080520582495,-0.011389603351630306,0.06803833289908345,-0.020027193852409253
Norway,1945,-0.1222425340491089,0.2766200479798888,0.17004431727731417,0.2766200479798888,4.717937169237699,0.274066807883929,"reconstructed, resident currency",0.05763925768818545,0.0019051710478310557,0.051714227559686465,0.050511530953033734,0.0019051710478310557,0.007347753001849089,-0.04267097190571745,13,0.018060420315237913,0.19002221675695408,0.20296167886187289,-0.013237632217602213,0.26809099294894434,0.05383145696070768
Norway,1946,-0.049782145361797814,0.2749162782217205,-0.05543087434078029,0.2749162782217205,7.0,0.272366445665277,"reconstructed, resident currency",0.02694384295008545,-0.009701563318828321,-0.005334585703200223,0.0021255015298591307,-0.009701563318828321,0.06576191797027109,0.05557301584250782,12,0.024943554456508643,0.5026865340464743,0.6552347558047957,-0.1458067950930625,1.0326680373471433,0.3221320200824833
Norway,1947,0.08557072791918863,0.08221261746195374,-0.11002110721358752,0.08221834433701503,8.0,0.08005390764834108,"reconstructed, resident currency",0.01484998340089061,0.009967642273764898,-0.042057637236114886,-0.04869255982223486,0.009967642273764898,0.07204431249669851,0.13346712371349764,12,0.00498269170250798,0.07821901977838408,0.10195010497556112,-0.07460156340503099,0.284789286592978,0.18747019017897704
Norway,1948,0.11727864528537446,0.1880994821094224,-0.10132096646085179,0.18794823328356625,9.25,0.18557233681699903,"reconstructed, resident currency",0.04253502270428822,0.02193342407523513,0.006295683301277943,0.011518014424790168,0.02193342407523513,0.1101146663632866,0.12194353634002018,12,-0.006784614581703652,-0.022902238894838445,-0.020394556112958262,-0.016410018909050028,0.17880362529236238,0.21571391088485714
Norway,1949,-0.04169428578870149,0.02480691520481071,0.07821160905314176,0.024631449547281026,9.2,0.022582186648186564,"reconstructed, resident currency",0.01876523829316845,0.013736936437493075,0.02423053261515884,0.03708522244395729,0.013736936437493075,0.03817657128482388,0.015925876844747958,13,0.0012459477225614801,0.18264248942611827,0.18279201735696748,0.031435476496074255,0.1835728908436527,-0.0012743567109078091
Norway,1950,0.12291872724563357,0.23146588710834348,0.1893928736802424,0.23121012108433114,9.7,0.22874770084216256,"reconstructed, resident currency",-0.05865390078494637,-0.03550077571275312,-0.04331763235206809,-0.04054345346938626,-0.03550077571275312,0.023889043297450785,0.030262227270485727,14,0.05235958112335082,0.0784580708844056,0.0786698449316956,-0.044909057796571394,0.08134034732792195,-0.047078078372096877
Norway,1951,-0.029921306952973348,-0.04676873301668416,0.13391933332823813,-0.046730619028999554,8.8,-0.048637157790941576,"reconstructed, resident currency",-0.1313825127188053,-0.12382083920062059,-0.13628485147679525,-0.1339851251392371,-0.12382083920062059,-0.20346259617031426,-0.19485360169471774,15,0.1584388730938222,-0.1446113535792415,-0.14504690209207416,-0.044855439335450886,-0.2117491886182814,-0.2046261101357827
Norway,1952,-0.10166343851463888,-0.06249929854198211,0.08626677698421983,-0.06257897482398644,7.79,-0.06445381687433849,"reconstructed, resident currency",-0.05034639004882124,-0.068830212158982,-0.044590773314654886,-0.04733720771163541,-0.068830212158982,-0.09298994921534898,-0.1156906930457094,15,0.09002677376171331,-0.10830016451773494,-0.10664608509846896,0.003226921042449371,-0.2019759402602097,-0.17977253278682925
Norway,1953,-0.031051341364838225,0.06418258285749467,0.0653887879506066,0.06400826959603756,7.79,0.06188025305684541,"reconstructed, resident currency",-0.003272762039997157,-0.005059691339886818,0.017097861570219086,0.018224077066664846,-0.005059691339886818,0.04630556875588976,0.02397661311085592,15,0.020161702998670483,-0.07799927728615341,-0.07796131145766405,0.006703548557218442,-0.07859389832951824,-0.022578951411528547
Norway,1954,0.23842328137554492,0.4417575680968704,0.4643214962547133,0.4413769095427371,7.93,0.4384941557236517,"reconstructed, resident currency",-0.03222318470163088,-0.028096061800386707,-0.001784816993448457,0.00034455905241959073,-0.028096061800386707,0.0384932753791456,0.011436197347397507,15,0.044341894060994536,0.43509686054009755,0.4473194139746901,0.018564239040369523,0.47131221137154955,-0.021461725168343215
Norway,1955,0.07868688458691975,0.20821605740063887,0.2536801078690168,0.20800345165102274,7.64,0.20558744474772062,"reconstructed, resident currency",-0.09041031945295586,0.010361938626539668,-0.013645906582471334,-0.014165450630669096,0.010361938626539668,-0.03314055564772822,-0.009085661163050556,15,0.008549471661863262,0.4117747510346217,0.39299394873939697,0.011922977581826144,0.34722234813087915,-0.05405251273603273
Norway,1956,0.13500977728059382,-0.00625608267618627,0.02516082291112212,-0.00604418065467438,7.52,-0.00803209229336499,"reconstructed, resident currency",0.004032682913973851,-0.015724771964257478,-0.04644263011236649,-0.046432131814703514,-0.015724771964257478,-0.058677370397661965,-0.028206520271957566,15,0.037717877893132856,-0.03825558071654345,-0.03756343466350598,-0.012271588679896195,-0.07107404173277532,-0.06825663154644435
Norway,1957,-0.1410126037905658,-0.09513510310613649,-0.08842346987757195,-0.09521240362629857,7.45,-0.09702197881904595,"reconstructed, resident currency",-0.012676700238385852,-0.005776506824091476,-0.03084032894340516,-0.03143772311795778,-0.005776506824091476,-0.04222648469953583,-0.016564926279041537,15,0.02753556677374891,-0.16088527329849656,-0.1597483427327967,-0.011143687996010843,-0.16804103694499262,-0.03618840017070457
Norway,1958,-0.07936142594131157,0.2181153558981348,0.29455793634860467,0.2176411209319804,7.149999999,0.21520583869011634,"reconstructed, resident currency",0.010126142381299053,-0.02600353392606214,0.01875069617741998,0.0172573077020568,-0.02600353392606214,0.0007171443963733815,-0.042908736625921956,15,0.048771773112997074,0.032512121051004206,0.02995147334152337,0.006882515564111014,0.003419956395703805,-0.07946857711209077
Norway,1959,0.10718372556955136,0.21957356890544877,0.23311696527502174,0.21944160067395946,7.154999999,0.21700271747261146,"reconstructed, resident currency",0.030996348617582825,-0.00038077108078282684,0.018806970591241257,0.019878619609790205,-0.00038077108078282684,0.03264763684042182,0.013001660895254393,15,0.021889106549698,0.18155376255037203,0.18138372538898806,0.010506777644549326,0.18055651452238353,-0.02999739104328314
Norway,1960,0.09801063423647549,0.04274240556640474,0.02643490694465787,0.04280209726236528,7.147499999,0.04071649306784053,"reconstructed, resident currency",0.04076326370979566,0.01867366239679802,0.020657336334220844,0.02191488840084821,0.01867366239679802,0.04509224578049764,0.043161218621350216,15,0.003167194532422535,0.011927334423876168,0.012028452174979831,0.012803101551821738,0.016818621921233845,-0.0088859252638267
Norway,1961,0.06075564051454685,0.16949331668399825,0.17494071488734253,0.16935720026083745,7.134999999,0.16701848586031587,"reconstructed, resident currency",0.002499911629379792,-0.0029793287970321103,-0.009104945576779988,-0.008120123661826573,-0.0029793287970321103,0.014105796344252575,0.02035025437260658,15,0.02575606513791895,-0.01647419452210419,-0.016279468376463546,0.023604783271376606,-0.0068074678815147616,-0.025956982118689353
Norway,1962,-0.2306289070979065,-0.12808394534465373,-0.10248737882018363,-0.12820552395354823,7.149999999,-0.12994911290564115,"reconstructed, resident currency",0.000566081848589528,-0.02708616911622974,0.03612730624837912,0.037560341554060406,-0.02708616911622974,0.047929055958645383,-0.016333995158829658,15,0.05240563745342652,-0.18652620620738092,-0.18761188963468556,0.01825126995188109,-0.17977899881984494,-0.05224366421545479
Norway,1963,0.07905430178483042,0.1405289537716552,0.13901057188923668,0.14046458178330146,7.162499999,0.13818365261973486,"reconstructed, resident currency",0.040209347964142106,-0.001797720572829009,-0.001550792766200071,-0.0007911281480399435,-0.001797720572829009,0.015289113878487415,0.015139552969703374,15,0.026244901100592744,0.047322158004063475,0.047985631023385045,0.01837742808505438,0.05608555992696296,-0.03203124315315675
Norway,1964,-0.02509136675153778,0.02552616371935712,0.06097903038178544,0.0254731889529769,7.159999999,0.023422242575070973,"reconstructed, resident currency",-0.017121065176565642,-0.029746779749208696,-0.039347941598048775,-0.03883336703766993,-0.029746779749208696,-0.02369529183603547,-0.013671273181306832,15,0.05632218389080523,0.19575418707929937,0.1996891634433251,0.027000180476569158,0.21362205544036272,-0.055506795870396086
Norway,1965,-0.06949383161570633,0.04534081124905054,0.06401123967743796,0.04522151135919317,7.149999999,0.04313106833647473,"reconstructed, resident currency",-0.007774169993914781,-0.01594922977741231,-0.01584411166788502,-0.015250641407920096,-0.01594922977741231,-0.001935215793668843,-0.001938377723903025,15,0.042527511537094,0.09016971647287764,0.09318461809569945,0.03155536016230376,0.11192952901673836,-0.041474515169218074
Norway,1966,-0.11495447722285335,-0.08982289302431545,-0.09153153542854096,-0.08984711714673843,7.154999999,-0.091667422912445,"reconstructed, resident currency",0.014415539037350156,-0.006513995623055435,-0.021885016533889412,-0.02124276785103496,-0.006513995623055435,-0.002396960050126018,0.013395600249893584,15,0.03302914737128737,0.043539229736794915,0.04489036303075933,0.010884962315295343,0.059332276064294476,-0.04704575818069667
Norway,1967,-0.07453156949303574,0.13824143695390556,0.18259154432380365,0.13803420080459583,7.149999999,0.13575813240298662,"reconstructed, resident currency",0.014480752310411349,-0.015715345895823574,-0.016493793105055943,-0.016296529174202434,-0.015715345895823574,-0.03259074032235598,-0.03249499965269818,15,0.04390533324543533,0.04702262351479236,0.04903697294195819,0.01912916025527034,0.06666416993151514,-0.049026517563719896
Norway,1968,0.10287998292476641,0.165389606539603,0.1598469026350382,0.16534107038234658,7.149999999,0.16301038824158187,"reconstructed, resident currency",0.014901887646135314,-0.006955989325622358,-0.002459067572744056,-0.0017044761114640705,-0.006955989325622358,0.015554410567109933,0.011390861242976287,15,0.03530154720555623,-0.05613282701250433,-0.05609197867030691,0.011003722479790534,-0.03243035170524067,0.14720277885874222
Norway,1969,0.18132222063972714,-0.07722437932423232,-0.09475407324608902,-0.07702415977990751,7.149999999,-0.07887011146034772,"reconstructed, resident currency",-0.07674242978379997,0.003941782442089092,-0.04645339045565189,-0.046250615878294266,0.003941782442089092,-0.024369659703949886,0.027158558656324903,15,0.03073705924621084,0.17199596707837084,0.17952059287872002,0.01323387456286551,0.20996541302037675,-0.19362209424656773
Norway,1970,0.2323651919074894,-0.09956032972064788,-0.05750045611094737,-0.09924158776893666,7.139999999,-0.13475035749332498,"MSCI World, resident currency",-0.0444659354539384,-0.06103606977932374,-0.07992500289429572,-0.07874809439356023,-0.06103606977932374,-0.054814597359555295,-0.035252845008376,15,0.10589977783263338,-0.1144665176912889,-0.1137963995456499,0.020938455464238448,-0.07942091508612725,-0.04210099684555313
Norway,1971,-0.23526365975645247,0.062343424312921725,0.09639688062947477,0.061998636422959,6.709999999,0.08247117748589305,"MSCI World, resident currency",-0.011051093020449487,-0.02276793927852705,0.021693241179305156,0.023319845516074356,-0.02276793927852705,0.044050076555100626,-0.0007692304640318781,15,0.062388392857141595,-0.14400464593615225,-0.14139725458168118,0.017643971771362565,-0.1781568042256887,0.03792485083914965
Norway,1972,0.09078993413954684,0.15105870552038114,0.19632359143665012,0.15099835451238963,6.639999999,0.14917901526565536,"MSCI World, resident currency",0.0017406304905125403,-0.03177798309991109,-0.01494691520896485,-0.013748410121660948,-0.03177798309991109,-0.005346464765593084,-0.02300467191441607,15,0.07217144658051966,0.07546294619145955,0.07484011318004025,0.01154035341542925,0.07095598734934616,0.36565063185657976
Norway,1973,0.33910118387755306,-0.24398959897391104,-0.1552966902298018,-0.24346756663454483,5.727499999,-0.34734347461797765,"MSCI World, resident currency",-0.03260686572287341,-0.03179812103920465,-0.09333338573127115,-0.0941571892075661,-0.03179812103920465,-0.13213039794300718,-0.07230046385589223,15,0.07446600039192841,0.3431277320367154,0.2902169943962687,-0.005739170208360234,0.17657779442511656,0.3488940490624519
Norway,1974,-0.3834992853171898,-0.37351727842247084,-0.33836600618061935,-0.37353543104250353,5.204999999,-0.374577821111304,"MSCI World, resident currency",-0.11764550662450912,-0.045512926916060015,-0.12347712562937996,-0.12230403709868132,-0.045512926916060015,-0.11906108246929337,-0.04249599175706367,15,0.09420025533466947,0.127635659434433,0.11453606809948891,-0.018682411153460032,0.06889103797475116,0.3611016794032511
Norway,1975,-0.2102368519718666,0.26393918333580446,0.21472476563510265,0.26322067613297073,5.584999999,0.3265246224612981,"MSCI World, resident currency",-0.04458190264559281,-0.06280476761775111,-0.04074250545410796,-0.03836727019520292,-0.06280476761775111,-0.012989682277275816,-0.03526562030341077,15,0.11684307025585405,-0.15674924508838795,-0.1587684074828748,-0.002214119066057396,-0.05862071876679109,-0.26687746396891665
Norway,1976,0.026355812837122405,-0.03987949749599329,0.06092409925026186,-0.0398127127909681,5.184999999,-0.007195529097941189,"MSCI World, resident currency",-0.01081129102137035,-0.039488134522727814,-0.04939818652916361,-0.05173602201816552,-0.039488134522727814,-0.10990834475020095,-0.10349321201718373,15,0.09170957391239565,0.11589445849312252,0.10338971293337673,0.0049242743921680265,0.050158280406576106,-0.1820217803705595
Norway,1977,-0.28192768075033536,-0.03022133611898503,-0.06560729524129218,-0.030453434500255505,5.139499999,-0.04877822855238512,"MSCI World, resident currency",-0.092808855449099,-0.0364335036485669,-0.017065936119296077,-0.00483306491176938,-0.0364335036485669,0.03274190501329377,0.0025476641630304718,15,0.09063568010936596,0.23098354219688266,0.22866120148654323,-0.011551278487003214,0.22191936298860204,0.1079802792731046
Norway,1978,0.012184257402189091,0.05603608589743314,0.03011659234113326,0.05600522605852709,5.022499999,0.0615679243082905,"MSCI World, resident currency",0.01028670064128212,-0.01686186600706574,-0.015092410503059206,-0.010964722531800586,-0.01686186600706574,0.06655057530938646,0.06725358074433987,15,0.08153672599648742,0.24518353804778226,0.2383772274034981,-0.010424790546951224,0.2188729399773015,0.21765581215134744
Norway,1979,0.5399969073497357,0.049579748415444325,0.05559617167847535,0.04989753516181428,4.925999999,0.053038619848859936,"MSCI World, resident currency",-0.09059963672378446,0.02001658752492408,-0.059978804624525095,-0.05882248305624982,0.02001658752492408,-0.045120165950254254,0.036333440989045486,15,0.04772806022393872,0.27591581366875473,0.2708282880956363,-0.02032579690849734,0.2559376408029168,1.0419067255568262
Norway,1980,-0.14053871731831757,0.211328313101663,0.12404106989535707,0.21090386393342575,5.179999999,0.21183300817148187,"MSCI World, resident currency",-0.016255560535348934,-0.03396154717876987,-0.08265056079595567,-0.08026412456997611,-0.03396154717876987,-0.04658466103465542,0.004513826274518596,15,0.1089620675281393,0.038962872323509146,0.05472216397262386,0.000695567814542164,0.13481631767047642,0.07668308572861404
Norway,1981,0.06399591009886607,-0.03939223296290739,-0.05871544978806899,-0.039288836410657835,5.807499999,-0.043116646349377175,"MSCI World, resident currency",-0.17452204096175283,-0.05346416375111862,-0.10843081339204153,-0.10948955798593707,-0.05346416375111862,-0.10334972252257346,-0.046636593471636685,15,0.13667117726657518,-0.023918349575050346,0.012593120447849993,0.06875376114405274,0.18968759692276094,-0.33463673500322066
Norway,1982,-0.21067630129395776,0.1924748461246435,0.07555082281971458,0.19202233960676174,7.053999999,0.23323168303031672,"MSCI World, resident currency",0.030350872979590715,-0.02948191185750948,0.04994433935819331,0.06676530971410854,-0.02948191185750948,0.13383045574864716,0.0456822627303735,15,0.1134259259259256,0.08512876919531864,0.15555359802789726,0.08419578734237465,0.40228134613892363,0.2755227518035692
Norway,1983,0.7784519077594902,0.24074778251350515,0.20944894429592864,0.24119621708931116,7.72218,0.2507196807371648,"MSCI World, resident currency",0.10078258389176109,-0.0002863925609851714,0.012913144851687708,0.009587163410639254,-0.0002863925609851714,-0.009340578761160345,-0.021707005013630692,15,0.08411048411048383,0.04421626449628735,0.05809696636982786,0.04999397713684739,0.15477372577229076,-0.15431637207013382
Norway,1984,0.24468116680481744,0.17858711996785215,0.08473977881032578,0.17867525372817994,9.087,0.14721605864166265,"MSCI World, resident currency",0.0782847227574286,0.02296681013043589,0.06378831207023072,0.07158128812946885,0.02296681013043589,0.11479361693076218,0.07194974773922751,15,0.06279107994082689,0.06879197444173624,0.09739875496926276,0.06256920408590982,0.2803471777832951,-0.10989883713224835
Norway,1985,0.2850955015689638,0.1484098443878108,0.2584635392123767,0.14866333802655296,7.5825,0.11510178371686264,"MSCI World, resident currency",0.01334384892929874,0.031364685972858464,0.0781882699324028,0.07724514981756503,0.031364685972858464,0.06721229569791332,0.01961665180905437,15,0.05665824612053294,0.2653381711043423,0.21140191665020347,0.041566294338919674,0.04375510079104572,-0.16914824866975164
Norway,1986,-0.1288348069920927,0.27323086697560206,0.25557548251639073,0.2724418518221763,7.4,0.29639880275922303,"MSCI World, resident currency",0.06401708421364538,0.020834958506104728,0.0940998089731111,0.1100443770000068,0.020834958506104728,0.21802089448226325,0.13755475650540674,15,0.07186768149883016,0.21732861646997614,0.20599941090458218,0.05503815580608573,0.1655573564729198,0.08476398371825855
Norway,1987,-0.1798014112642221,-0.01698896346038392,0.07613788131139086,-0.0172392322687267,6.2325,-0.10313873936438744,"MSCI World, resident currency",0.059220690608654536,0.019903883818024326,0.011168780355545138,0.011139592961204148,0.019903883818024326,-0.007243778703830417,0.00043644027464051494,15,0.08725931995083869,0.213900056542367,0.16480150888836853,0.0219249880214456,-0.025394083935695977,-0.047440124560401586
Norway,1988,0.25358389832624884,0.1391607566920312,0.14145679610672388,0.1393207999342585,6.57,0.2263579144116763,"MSCI World, resident currency",0.13650677258133115,0.04162679188334084,0.05317577828752862,0.05161071835465414,0.04162679188334084,0.022139117637796746,0.011323110472441588,15,0.06698484467889165,0.0988282651780612,0.1003824186324287,0.030389429819428715,0.11269357090247589,-0.17247726807779584
Norway,1989,0.528190784567619,0.15374616254605056,0.21612551437701677,0.15434044460376395,6.615,0.11735604792824161,"MSCI World, resident currency",0.10492973357475988,0.0453783936730634,-0.0007836659191378104,0.0006475674977646229,0.0453783936730634,0.011394952720568341,0.05798502166867937,15,0.045554422035626985,0.051386980476915145,0.05165375217168422,0.04313487985098852,0.054461952850436424,-0.07049154644639377
Norway,1990,-0.11442402928119111,-0.1769010699413639,-0.13312761437347334,-0.17677559715826552,5.9075,-0.3028531073887546,"MSCI World, resident currency",0.07952295227948869,0.046458802879870253,0.019552591456805768,0.020788497274719653,0.046458802879870253,0.032039479851475816,0.05971128978000159,15,0.04113033362104601,-0.03480980508175813,-0.03322383783009808,0.019629465469601426,-0.15354079791132236,-0.18255596349412828
Norway,1991,-0.1462876657822535,0.0822946398454174,0.05164140257793458,0.08175359338272159,5.973,0.182074666396425,"MSCI World, resident currency",0.11387724040791936,0.05104701416939483,0.12036852501916329,0.12314134329663196,0.05104701416939483,0.1337483042884362,0.06308892993941831,15,0.03420682694733923,0.012967302466595498,0.012757918959270587,0.0295655869605842,0.00537608975804571,-0.1039092680929411
Norway,1992,-0.06953657471011798,0.12961679699172568,0.007047845092435223,0.12927455670335664,6.9245,0.07824214901296189,"MSCI World, resident currency",0.1123090629181589,0.061635264238510956,0.10197009402066026,0.10662329565857687,0.061635264238510956,0.14390342171778014,0.10228234081601043,15,0.023421162693432196,-0.048307925935426876,-0.05606957764168263,0.008383806062487231,0.04943499408847152,0.05858478982792836
Norway,1993,0.5582370981383014,0.25628765599589265,0.1508927555383706,0.2567874395845706,7.518,0.30590590193601597,"MSCI World, resident currency",0.29788599917829095,0.04056370982970958,0.2204810210237944,0.22089534461460025,0.04056370982970958,0.23543706106152684,0.055069369406294574,15,0.02271488897970375,0.13875240377397402,0.14521824802379446,0.004321478172269577,0.19620955645039473,0.2407635308904117
Norway,1994,0.09869790677542589,-0.07262962121332073,-0.02111214763063439,-0.07224025131900658,6.762,-0.07619383812807456,"MSCI World, resident currency",-0.1149538947547456,0.026050124880770298,-0.11288554305671128,-0.11389580629698748,0.026050124880770298,-0.10310532764554992,0.03774971772209113,15,0.013985548266791215,0.03990106830690299,0.03463665407158034,0.016542435122898214,-0.06703479788930677,-0.13997192686868443
Norway,1995,0.1399853993097968,0.11182126187490571,0.185923779056814,0.11189927394432408,6.319,0.09717898472175479,"MSCI World, resident currency",0.1655205387141283,0.015261071266036819,0.1658845662615418,0.16704088842825704,0.015261071266036819,0.17029000964552443,0.019134618184154035,15,0.024564053725657065,0.19418499211519524,0.182632271693421,0.033488873052366586,0.13546111251698423,-0.08377364796329889
Norway,1996,0.31782691645589023,0.20676660377017786,0.19420809977777131,0.20705092503426825,6.4425,0.13468433008922687,"MSCI World, resident currency",0.08191891667963924,0.0241986215328025,0.12178892293701793,0.12163531921251991,0.0241986215328025,0.10725214174236108,0.010635928784071595,15,0.012596557581973977,0.18335017841252044,0.1894296741943331,0.020154971252071885,0.21837031793428108,-0.04978611340348982
Norway,1997,0.33336671798677364,0.3374107397396846,0.23285558151890637,0.3373995306382991,7.3157,0.287324398599057,"MSCI World, resident currency",0.084631316181496,0.0018544877513859692,0.09138353241706598,0.09390223029185063,0.0018544877513859692,0.10948694362659794,0.018467203643876624,15,0.02579767029627722,0.08553606545302617,0.10976767189807224,0.038183713171633826,0.27215978117207307,-0.12952615127646627
Norway,1998,-0.28665156546440074,0.2432568892436493,0.1882273083402256,0.24168546744589814,7.6,0.2572954459332606,"MSCI World, resident currency",0.03927741985093136,0.015434722118025102,0.12675552108990273,0.1379652386942174,0.015434722118025102,0.21174782719390706,0.09185915971423571,15,0.024881242596016984,0.12570719573656208,0.13386465984979656,0.0384762766424287,0.18275820132743759,-0.0012532272407868028
Norway,1999,0.44298019759643936,0.2606157614251119,0.22581325802050775,0.26095166337178965,8.0395,0.2845164395781301,"MSCI World, resident currency",-0.027386426952466625,0.0266469014501709,-0.05588598709583281,-0.05253523177082864,0.0266469014501709,-0.09586304341087981,-0.01788313642145036,15,0.023331389050912366,0.03263446943409232,0.03544095108014633,0.025016298269186832,0.08844471395322917,0.03280951573801483
Norway,2000,0.01151729055443429,-0.004546359748577755,-0.050602124217116226,-0.004513950344499973,8.8485,-0.07335049857458975,"MSCI World, resident currency",0.042126337880795006,0.017499281929167054,0.06452251277162846,0.0660103992789991,0.017499281929167054,0.07638706470756063,0.028615379267304692,15,0.030860679097793664,-0.03779976648429739,-0.03708015712965973,0.02935847551351123,0.07456083927795021,0.005105296800307357
Norway,2001,-0.171135916293646,-0.17698103755811778,-0.1640583875152577,-0.17696918614570245,9.0116,-0.1676644767084282,"MSCI World, resident currency",0.00795247776411201,0.027108265626577976,0.03473363950795383,0.03223877387892449,0.027108265626577976,-0.021402061798862504,-0.02830463030654875,15,0.030173775671406666,0.08694682248686036,0.08856511148480006,0.024736810195639336,0.10259925300193862,0.004141988152785325
Norway,2002,-0.3196267420373837,-0.36756843862859245,-0.22981405890665163,-0.3674509387258492,6.9657,-0.39402262542330746,"MSCI World, resident currency",0.08803579838414932,0.04217525986527382,0.12527262585050658,0.11154205162644493,0.04217525986527382,-0.007090485399269153,-0.07969985010074092,15,0.012881459898788084,0.07008335272879451,0.060198021579043415,-0.00596150761007852,-0.20881735942521185,-0.053979913801058044
Norway,2003,0.4481385670508209,0.19424661133702958,0.17360201721955365,0.19484391092024578,6.68,0.2485310066713975,"MSCI World, resident currency",0.127836662909125,0.012047793414305508,0.028565220728028695,0.032839992043423916,0.012047793414305508,0.13989804341098333,0.12217744631260453,15,0.024753974261922496,0.30245264010551987,0.2838205873723978,-0.006956332666097742,0.22313355516230748,0.12002692918247493
Norway,2004,0.3780401390177348,0.059409481374694595,0.12360151995569982,0.06025785885983348,6.04,0.026074283785948227,"MSCI World, resident currency",0.0898351903977408,0.009103720429530338,0.07486249223481867,0.07309410245126191,0.009103720429530338,0.04866890057079387,-0.015724509088832613,15,0.004653911501810937,0.18025991535646746,0.1622316771701524,-0.017486342515833142,0.06218969993798096,-0.0677414064551225
Norway,2005,0.38371305375214293,0.18713897948411007,0.10446967884092517,0.18774416447488118,6.77,0.2093883003356798,"MSCI World, resident currency",0.056339133871088576,-0.0013992903721595784,0.04461468618154196,0.04441439908446343,-0.0013992903721595784,0.0422437188016862,-0.00315028587452153,15,0.015220588235293375,0.024067521339186992,0.0322486278858225,-0.0006986459582450921,0.16974735665041862,0.29564297131548334
Norway,2006,0.2941691903068524,0.1099431284335668,0.15598527843216797,0.11065467630203085,6.26,0.09250980868547942,"MSCI World, resident currency",-0.02805650847716057,-0.0030503652673994353,-0.037916692899070625,-0.03808786908581918,-0.0030503652673994353,-0.013381445401588365,0.022706017822560542,15,0.023321503585137737,0.1465141488994992,0.1381243838691948,0.024767261591463807,0.09940956920845712,0.1165075509345237
Norway,2007,0.10654410191232033,-0.05816256010108001,0.03853066617997614,-0.05744813545706273,5.41,-0.0759059382200632,"MSCI World, resident currency",0.004498612287727521,0.027211655634378884,-0.00022333227191539962,-0.0014894250009654941,0.027211655634378884,-0.04984958283671315,-0.022933667589554077,15,0.007289970981669391,0.1653345498465233,0.14200963498924302,0.011644528236934182,0.012585927869554814,0.11353504968873906
Norway,2008,-0.5572881432227941,-0.22725210081176883,-0.39567343949149925,-0.22879237124726048,7.0,-0.23219419584001433,"MSCI World, resident currency",0.0836439470267123,0.011697834198195256,0.11204802296863536,0.13307987097793572,0.011697834198195256,0.31771334729355516,0.20130124510593755,15,0.03766160764474358,0.2959659543767754,0.40840719163168226,0.03138761247384991,0.7107202747873465,0.3456397341778801
Norway,2009,0.6128695500364734,0.027922564947318707,0.23604813676148179,0.030209256340019364,5.78,0.018266116095082996,"MSCI World, resident currency",-0.002731749072892531,0.0025757155060164294,0.003276588218957821,0.000620158185051789,0.0025757155060164294,-0.1297084703275545,-0.1285873179600129,15,0.02166847237269809,-0.05769406110828623,-0.03980757553613801,-0.019834602641820354,-0.25803923965816356,-0.0244529330026666
Norway,2010,0.15574532163181698,0.10276947737643183,0.09163894480744286,0.10299623108933642,5.86,0.10887931717904653,"MSCI World, resident currency",0.05655389531916377,-0.003020116615449986,0.025282437111472156,0.02611701674408251,-0.003020116615449986,0.014539614634293985,-0.01437895344992739,15,0.02399257688229084,-0.03944300877094842,-0.03936729276772244,-0.011732246102603261,-0.041723948469584604,0.2771456008735207
Norway,2011,-0.13579953039300285,-0.016126582611620144,-0.05031091750553224,-0.016700519776821077,5.99,-0.046063694874911576,"MSCI World, resident currency",0.13820334489783814,0.01045428494800893,0.07612256695590758,0.0763048812980347,0.01045428494800893,0.06964249356607888,0.0037931367763043883,15,0.013009708737864,0.06019034024684866,0.060372045605693536,-0.025979726392153846,0.06372587768934568,0.09571945614321398
Norway,2012,0.14550618869318055,0.06075275615838449,0.12720073902565496,0.0610855585946386,5.57,0.08316699107988645,"MSCI World, resident currency",0.054196781439470154,0.016788732601513034,0.1511476080268257,0.14151869084243685,0.016788732601513034,0.07218620857504487,-0.052931037806115626,15,0.007092198581560627,-0.08600994556113706,-0.07777646232281132,-0.014131120381582707,-0.1644136109671651,-0.0008649951310930604
Norway,2013,0.21012432156793714,0.3839019472768266,0.2957033014814465,0.3833166469493141,6.08,0.35019902069079056,"MSCI World, resident currency",-0.06826125958985074,0.0012561319055031106,-0.013016773491108857,-0.012592587111086684,0.0012561319055031106,0.0629272139520245,0.07696613760599405,15,0.021317091739626592,0.10590576335131807,0.11324331556948142,-0.01307117198017016,0.18231541039034216,-0.2266675920988691
Norway,2014,0.028688883733256842,0.28903099862472903,0.1035700941893678,0.2882287896489213,7.43,0.2598120308355554,"MSCI World, resident currency",0.1364958643862464,0.0010282140305921672,0.18404329468449787,0.19718838191130517,0.0010282140305921672,0.2644210417851529,0.06856937725279945,15,0.02025096285252803,0.0911736626012758,0.112213984695539,-0.006284064445272408,0.319413522781095,0.206823393780599
Norway,2015,0.03686773692472478,0.18318674548264147,0.040409659633755174,0.1827537699894759,8.81,0.1449409643172448,"MSCI World, resident currency",0.0032059294263477867,-0.007474023937348306,0.006137713044213955,0.007183074843211568,-0.007474023937348306,0.081527324114548,0.06695262979118087,15,0.021736483195324396,0.1452135634879883,0.16982048428213514,-0.00531491867575451,0.3342152309047408,0.011226588301946894
Norway,2016,0.14152520361337873,-0.028437695091064197,0.03672179896496136,-0.02789896044375273,8.62,0.004063043453227166,"MSCI World, resident currency",-0.03526141647229031,-0.026902877532225866,0.011795198569897636,0.009293806852393782,-0.026902877532225866,-0.04877732499393761,-0.08492741877277948,15,0.035456766581249965,-0.16626744173359287,-0.16197422694439456,-0.014283553872012966,-0.19167215694449902,0.009831099938253152
Norway,2017,0.16445753992218326,0.14628556253841452,0.1620923282916096,0.14635033772459072,8.21,0.14727855106543997,"MSCI World, resident currency",0.0038553849118680983,-0.011094747177221254,0.014057636647796024,0.0153954405565917,-0.011094747177221254,0.05524678082844048,0.02869520799807782,15,0.01849999999999996,0.013621684745199314,0.01205854319982902,-0.00991627081888169,-0.030587428598575328,0.049545671128824686
Norway,2018,-0.027116445016482582,0.01784500170121217,-0.015623249483152454,0.017554725883817346,8.69,-0.056426088790653695,"MSCI World, resident currency",-0.030956515436687093,-0.019818358741803377,-0.0091498770271492,-0.009213133742072777,-0.019818358741803377,-0.002633632818399234,-0.013189819240939236,14,0.027666666667000017,-0.047313082675616736,-0.047506124603346134,0.0017853235335945072,0.02731198906321075,0.020651292079202577
Norway,2019,0.1227795480952627,0.141678791034747,0.14023966168386073,0.1415579409154688,8.78,0.2578195051929364,"MSCI World, resident currency",0.001549574312033286,-0.01218497675556629,0.060097908991761484,0.059512261860900084,-0.01218497675556629,0.052991078878847464,-0.018612209099322295,14,0.021749999999999936,-0.13218544725860504,-0.13414986198737788,-5.033643403207222e-06,-0.11554186145963619,0.16064494792464523
Norway,2020,0.02157492059096966,0.06483638103105482,0.06168476063937109,0.06456194174611696,8.53,0.1071559228732395,"MSCI World, resident currency",0.02691178011676465,-0.006665020982473457,0.031773696000714,0.03273242395887421,-0.006665020982473457,0.07213503490724116,0.03263411253596174,15,0.012750000000000039,-0.07744224707266079,-0.07573145025993633,-0.00489791713896115,-0.10235287524846426,0.18979335585988721
Norway,2021,0.1744281339747047,0.09075158524634142,0.17726205473382484,0.09130521117990886,7.797763992202134,0.052802684419434476,"MSCI World, resident currency",-0.054471448508896736,-0.02858238960158843,-0.0607075427986381,-0.058897230198233674,-0.02858238960158843,-0.11318174260427938,-0.08271867199740562,15,0.03461339,0.06277594069649961,0.055046130983404495,-0.0646718177027612,-0.05351111465410052,-0.17765135375227015
Norway,2022,-0.03807563768418576,-0.09121269750749739,-0.13833605012642225,-0.09086663625168911,8.726111450383463,-0.1212366350513594,"MSCI World, resident currency",-0.11038221094826794,-0.03442049333107311,-0.16838121012128815,-0.16772014023018322,-0.03442049333107311,-0.17582778379112052,-0.042436445409688654,15,0.05779309,0.1797239852070518,0.21211354325037868,-0.04319532740699539,0.3355370416053398,0.0740758894083795
Norway,2023,0.013476784524153684,0.2594541139349167,0.15951039737734257,0.25784670517802777,9.586175283091555,0.2977594439575453,"MSCI World, resident currency",-0.051128619564755895,-0.0123310576446376,-0.017922387719112698,-0.01443881761273913,-0.0123310576446376,0.07551645009082031,0.0809163108631728,15,0.05511063,-0.047876375509801505,-0.045610720722204734,0.017003513512843016,0.06291775581313042,0.19767533634953138
Norway,2024,0.14848908385742354,0.17608788388717023,0.16890445925197115,0.17591415880214645,9.747739015896553,0.16679770079548195,"MSCI World, resident currency",-0.0015167011260792673,0.01479766660202686,-0.002216674913703587,-0.0020048179432787805,0.01479766660202686,0.00024948312889283564,0.017408647328140195,15,0.03223369,0.0004705536317810566,0.001210172423133482,0.02171369326854866,0.021324064447464597,0.232363357505875
Norway,2025,0.13171812683791173,0.1502214766879415,0.17738639017958557,0.15007555729849198,9.422715815941384,0.13728699637755382,"MSCI World, resident currency",0.014519250053085075,0.015166043925729511,0.006382805223626775,0.00625628940239209,0.015166043925729511,-0.008195981906688243,0.0003279010236505749,15,0.02641665,0.1033758792781676,0.09885693025875875,0.015139307087717269,0.06405078534217634,0.5664219190989515
Portugal,1927,0.25364659919561783,0.20374540601909863,0.2597844275160975,0.2038074922609836,19.8847,0.20139987727646158,"reconstructed, resident currency",0.0318183761163886,0.005752845234832771,0.029743235611922936,0.030111303393246747,0.005752845234832771,0.055252411511114374,0.03261016299753015,15,0.07382246376811596,0.21675196634392613,0.21271354974459578,0.06069651650102048,0.19726867108495072,-0.052221547161598325
Portugal,1928,0.30552306823816644,0.5443533061348105,0.3250290811205448,0.5440578622445926,22.3839,0.5409697465201035,"reconstructed, resident currency",0.23530198584416206,0.1285500201676164,0.16332723013682204,0.16969866729565375,0.1285500201676164,0.25717844693783154,0.22025276872842003,15,-0.04301982285955297,0.41266972108974875,0.4369528639971867,0.05045226040342521,0.5200461639536194,0.16295511559470377
Portugal,1929,-0.16299923663672522,-0.1073361876660246,-0.07386447932123046,-0.1073843171508666,22.3644,-0.10916954851656491,"reconstructed, resident currency",0.15138077973839814,0.03791613551152562,0.0507988273252904,0.04896891532192904,0.03791613551152562,0.009673840971627046,-0.003036008995716085,15,0.0405464962538562,0.18442640587438874,0.17707786463008213,0.03785806464463959,0.13721815672015203,-0.04524379690095126
Portugal,1930,-0.14070065449084534,-0.1673450403317237,-0.1848385366456085,-0.1673214983665472,22.2519,-0.16898685536981406,"reconstructed, resident currency",0.1635197841903222,0.13155372582983893,0.17921780944545995,0.17637495300099149,0.13155372582983893,0.11588159537666431,0.06878512332996853,15,-0.04997882253282515,0.2068629428875799,0.20702097140498688,0.10740235214556271,0.20805063390414524,0.08397965075086278
Portugal,1931,-0.18521541521776863,-0.23366286973580008,-0.29189391113424107,-0.23362340664401693,23.5655,-0.2351561598307289,"reconstructed, resident currency",0.18207856499257713,0.20603517621530965,0.14167934565567575,0.1429370704592583,0.20603517621530965,0.08120413584892727,0.14207410906251428,15,-0.11279536335265272,0.4268385307803868,0.43698637096379245,0.15094084355712933,0.4793833586712588,0.1971396494553228
Portugal,1932,0.119525465615411,0.28079985921970274,0.10583924273535514,0.28065153086066985,31.2891,0.27809022779894854,"reconstructed, resident currency",0.137019017144556,0.08740379438454093,0.21347894828810166,0.2313106089416479,0.08740379438454093,0.39059304079975177,0.25211528373656106,15,-0.020603015075376874,0.07688768548702551,0.08814696209605088,0.16025907588768828,0.40400666632321025,0.35579128205796406
Portugal,1933,0.1867781086180369,0.22233961400701396,0.38946329218470044,0.22230698014411887,25.533,0.2198623661838306,"reconstructed, resident currency",0.16604931572226533,0.05554158081065341,0.09883556855063835,0.10533446949080605,0.05554158081065341,0.13915066196652304,0.09090085116028127,15,-0.0005130836326322497,-0.08549739045134364,-0.045183868149194284,0.030170519994877854,-0.3085302806474499,-0.2317312844447873
Portugal,1934,0.2608705575509769,-0.045280994727477264,0.01682538102485775,-0.04502942034036983,21.6972,-0.046939361499689136,"reconstructed, resident currency",0.26513139958061815,0.0393292690301692,0.1658957889857302,0.1620702648722907,0.0393292690301692,0.12743467946312315,0.0036027650159689375,15,0.010266940451745477,0.0021951969068798594,0.0017746223084234014,0.008767156750223437,-0.15663175471377355,0.43098039100693875
Portugal,1935,0.059245705574327845,0.3028866756358597,0.26976977192371204,0.3026336735233064,22.4341,0.3000284061762597,"reconstructed, resident currency",0.06942691697793846,0.047870183299327795,0.04399874369374013,0.042616888498183014,0.047870183299327795,0.03099126496825866,0.036101653588794455,15,0.00203252032520318,0.07190126704556898,0.07211344991229951,-0.0020322077192309607,0.07696784870103057,0.020227591742924433
Portugal,1936,0.06770430497906221,0.22949725036980273,0.26228209003732805,0.22936075423911073,22.1582,0.22690203273063259,"reconstructed, resident currency",0.05089102706086157,0.019159250012962925,0.052536637534130515,0.04921738488038474,0.019159250012962925,-0.002390275921321794,-0.03394693485485147,14,0.02535496957403649,0.29866111927454275,0.2897229286403227,0.012372876775614161,0.26078231396804497,-0.03656319197228963
Portugal,1937,-0.0112837053938184,-0.2505954985687161,-0.2344435528185953,-0.2504271563295227,22.3254,-0.2519263020168637,"reconstructed, resident currency",-0.0035276595471191996,0.00041864804576152714,0.0010009357396916219,0.00028748756042529244,0.00041864804576152714,-0.07447220663686671,-0.07678776477214734,14,0.03956478733926816,-0.06585055395965989,-0.06553121400848094,-0.011132956950033579,-0.072885470479367,-0.02983526385365831
Portugal,1938,0.07568696187329027,0.08285210889293348,0.0523082502629091,0.08284404703149328,22.5902,0.08067835893743025,"reconstructed, resident currency",0.07964070282865499,0.07318605700572678,0.10343370113468442,0.09765229083048599,0.07318605700572678,0.05960381575046925,0.03427300685756822,14,-0.03092293054234052,0.15984594656197815,0.15961796683035767,0.047570894586841384,0.15751823498448347,0.047520097338762834
Portugal,1939,-0.021191303856181398,0.16650596286804964,0.023074004391873973,0.1663103019990504,24.7678,0.1639776813950522,"reconstructed, resident currency",0.04410135115829927,0.10452554649571444,0.03245923863975597,0.030842299710738486,0.10452554649571444,0.07128342226393225,0.1462056827874936,14,-0.05841924398625431,-0.03205313618098804,-0.04004229046559615,0.022205827566040615,0.028299381074532892,0.14801711074296442
Portugal,1940,-0.05721667184387336,-0.017691690565016516,-0.08534055358409996,-0.017738143250680793,26.9469,-0.01970266696417944,"reconstructed, resident currency",-0.055934188303372046,-0.007108014790853878,0.06768148350239045,0.06795042820717412,-0.007108014790853878,0.081682073273456,0.007140838107199098,14,0.04744525547445244,-0.016094436811818658,-0.015860083594398056,0.0059249679692383594,0.04284623882411531,0.031376889319110646
Portugal,1941,0.14611805475212147,-0.12169614900567594,-0.05310588980520675,-0.12134807682772075,24.9856,-0.12310538067406529,"reconstructed, resident currency",-0.03153387906212968,-0.07913418941569361,-0.024411314389933048,-0.029942170696208414,-0.07913418941569361,-0.09065465434818987,-0.1412513876965719,14,0.12394225983076179,-0.10216191015684795,-0.09547886346557333,-0.07583315048804296,-0.21949024838305253,-0.21408000890195855
Portugal,1942,0.4298249937815457,-0.09254791041061816,0.039727047703050064,-0.09171318782427795,24.82956,-0.09352976144862934,"reconstructed, resident currency",-0.033822125384477264,-0.15263596797082368,-0.12956418997368546,-0.13241537599078645,-0.15263596797082368,-0.19555939054671512,-0.21852442302364317,15,0.22143489813994677,-0.14417058746917977,-0.14453093856434263,-0.07087970183543024,-0.15341939162947837,-0.17633622966472295
Portugal,1943,-0.09640604679576092,0.04684330863326669,0.10854939716365031,0.04651118528249354,24.82956,0.04441816291192846,"reconstructed, resident currency",-0.06054403218772264,-0.0933450926788214,-0.09424698026558964,-0.09230051069057232,-0.0933450926788214,-0.10379971815863809,-0.10529527522403065,15,0.13052936910804935,0.10432072729341435,0.10786285909884463,-0.019568422192413393,0.12110721467799035,-0.09421604544531992
Portugal,1944,0.1061185907173039,0.10496528935470661,0.10058401545384181,0.10496777508538768,24.82956,0.10275783953521689,"reconstructed, resident currency",-0.029575422958951547,-0.00861596053424385,0.03142921519895636,0.018357715866078372,-0.00861596053424385,-0.0366803409396983,-0.06569505251016632,14,0.028864656831302016,0.06572684441308985,0.0646093027324961,-0.011389603351630306,0.05084211965941332,-0.03580548647028681
Portugal,1945,-0.01731248673350938,0.10870389718930795,0.1705743522387474,0.10834840081948327,24.85962,0.10613170401784422,"reconstructed, resident currency",-0.023079546717599264,-0.06429511050445746,-0.01777715744253261,-0.02354856208872036,-0.06429511050445746,-0.12543103731182514,-0.16885678003774893,13,0.09008728179551118,0.11139221455784587,0.10966040911136687,-0.013237632217602213,0.10094356292820361,-0.08507436343027985
Portugal,1946,-0.17310189625538486,-0.21256280882679635,-0.05511424842185517,-0.21245691343915218,25.3,-0.21403199961227393,"reconstructed, resident currency",-0.09066637694255353,-0.10378391999077419,-0.09983182291054193,-0.10228744211059304,-0.10378391999077419,-0.34165604067112876,-0.3479499437041636,12,0.13811838718901925,0.359925235809863,0.32990308344758157,-0.1458067950930625,0.2556225749339378,-0.18329073859734157
Portugal,1947,-0.07968744257877647,-0.08967122745971978,-0.10978131686063083,-0.08964011906711655,24.95,-0.09146083882898237,"reconstructed, resident currency",-0.059889286415128695,-0.017852790460313517,-0.06844498862333181,-0.069888810722181,-0.017852790460313517,-0.09819849405976377,-0.04652974957905189,12,0.03090452261306509,0.04851854378608733,0.05222273471485961,-0.07460156340503099,0.08076214757120637,-0.0011024793661797982
Portugal,1948,0.10244769863486813,0.28115632181980876,-0.10155240223139908,0.2805446051551239,25.8,0.27798351594481363,"reconstructed, resident currency",0.1749353013112942,0.23023254945113925,0.2114073919146684,0.2160600413851519,0.23023254945113925,0.1966441864102333,0.20939507505116253,12,-0.1759688033146477,0.1762581019357159,0.17743207990830667,-0.016410018909050028,0.27068720724728146,0.3104745193253169
Portugal,1949,-0.2320969281718135,-0.013120098688101711,0.07885169720784582,-0.013793661502339183,28.6,-0.01576607417933451,"reconstructed, resident currency",-0.29164529088884594,-0.12564062506426132,-0.1165897817291297,-0.10093100234143271,-0.12564062506426132,-0.0007565007562098103,-0.02217276306445086,13,0.1594202898550725,0.02004229170239591,0.03919047795510067,0.031435476496074255,0.13918725366056428,-0.038727963828318446
Portugal,1950,0.034948018133936776,0.2841120726493065,0.18965312049956345,0.28344066029466397,29.1,0.28087377897407473,"reconstructed, resident currency",0.07791001508297746,0.040560356037689704,0.032127056224813266,0.03441060548218822,0.040560356037689704,0.06732458359002003,0.07396813151612683,14,-0.025765306122448983,0.16350608269331635,0.1608394706062568,-0.044909057796571394,0.1272130935339757,-0.006653113583683812
Portugal,1951,0.16136806957377492,0.20068557628920258,0.13347580635272754,0.20058285758930294,29.1,0.19818169187412438,"reconstructed, resident currency",0.0930875083354632,-0.00012622682968443932,-0.014349846314139936,-0.00998780938669852,-0.00012622682968443932,0.0031887854118546333,0.01403127274523998,15,0.013877978528410662,-0.023851842534739043,-0.02374412490601563,-0.044855439335450886,-0.00724765683569184,0.0017234127172189861
Portugal,1952,0.15097384258543722,0.14854290774087464,0.08571417830488773,0.148549250324002,29.0,0.14625215182335394,"reconstructed, resident currency",0.0684935045709556,0.01592573498929495,0.04237147028397947,0.04592104193141755,0.01592573498929495,0.11128904290304797,0.0834755827736869,15,0.0015495867768595684,-0.027136809439932907,-0.027223221213367288,0.003226921042449371,-0.022243036011962536,0.004961076466100778
Portugal,1953,0.11195823480916567,0.07565007044360184,0.06508126170473875,0.0757515394041719,29.0,0.0736000363253635,"reconstructed, resident currency",0.04054910652272814,0.00839892672857978,0.0308562062045441,0.03186780686347945,0.00839892672857978,0.057853457007095654,0.03527806065462908,15,0.009025270758122872,-0.0655273174330373,-0.06534233565129177,0.006703548557218442,-0.06842450325622063,-0.01179132934343885
Portugal,1954,0.2919453368588343,0.4549900184117823,0.46447524762203635,0.45444506969783527,28.75,0.4515361795584396,"reconstructed, resident currency",0.11811351557366123,0.009502408796029593,0.03683151403685114,0.03738868506086579,0.009502408796029593,0.047908714431067256,0.020606324970568794,15,0.007922310247891806,0.49061412412272976,0.4886018533616392,0.018564239040369523,0.4846517782045263,-0.0125898646516861
Portugal,1955,-0.03519595977351131,0.22630896700449887,0.25434252942357727,0.22545126286549655,28.8,0.22300036033976545,"reconstructed, resident currency",-0.03436221573378473,-0.015692911382425567,-0.03908165092044358,-0.03932659616542489,-0.015692911382425567,-0.01917571056973333,0.005226621049481506,15,0.03372210953346855,0.3753684119016829,0.3728408972013799,0.011922977581826144,0.3666809690164248,-0.04038970974152967
Portugal,1956,-0.05073568563167841,0.007485655350004006,0.02554602032864543,0.0073174205998451924,28.899999999,0.005302785758645401,"reconstructed, resident currency",-0.018523421889097613,-0.022899436518458938,-0.0533933833846838,-0.05333549509722879,-0.022899436518458938,-0.04602330933800003,-0.01514284407514177,15,0.043904831984302284,-0.04526601174100853,-0.04498507804716678,-0.012271588679896195,-0.058586627294662574,-0.055731343079378326
Portugal,1957,-0.03452048434431565,-0.0667937736764096,-0.08874828782824955,-0.06665319571221062,28.749999999,-0.06851988932078623,"reconstructed, resident currency",0.005863684410916781,0.019760394197185782,-0.005947199014914473,-0.006478561010908601,0.019760394197185782,-0.011994800415067397,0.014476753395801019,15,0.0002349624060149491,-0.13933238316026175,-0.13894339762932562,-0.011143687996010843,-0.1417806316331769,-0.005766126501332125
Portugal,1958,-0.06286716153616556,0.31352098350823,0.29558957560348426,0.31181181933529745,28.749999999,0.3091881956966269,"reconstructed, resident currency",0.055718576319036206,0.006822892763203914,0.05308546658732438,0.0550746091003218,0.006822892763203914,0.07811123923430885,0.03111139225956167,15,0.01432933991073515,0.06731069027382786,0.0685176340500111,0.006882515564111014,0.08102308301587291,-0.008275936271246453
Portugal,1959,0.09760419498171125,0.23506623296509965,0.2334330807768703,0.23459666777955945,28.879999999,0.23212747444400028,"reconstructed, resident currency",0.006242853576796437,0.006710856701646506,0.02603472252773531,0.02740724284403062,0.006710856701646506,0.045481252016504214,0.025591118348950278,15,0.013200555812876269,0.1899360937886332,0.19083845262950971,0.010506777644549326,0.19522832265952728,-0.017942320408312562
Portugal,1960,0.05709576402825833,0.02260605237717561,0.026415755212055744,0.022714485975762866,28.829999999,0.020669057003811275,"reconstructed, resident currency",-0.011600684134659422,-0.0021243295965512887,-0.00018115580769484385,0.001099502475125247,-0.0021243295965512887,0.02496051911155983,0.023066689540582597,15,0.02217142857142851,-0.008732919567260411,-0.008609616234964701,0.012803101551821738,-0.0027684668272013324,-0.027977864497788385
Portugal,1961,-0.021461864683265275,0.2038868758280865,0.17532242377499066,0.20328607618224304,28.799999999,0.20087950402987853,"reconstructed, resident currency",-0.024705335664872097,0.02502129656988994,0.0187236461447573,0.019766604889391637,0.02502129656988994,0.04353005586706349,0.04995569672098439,15,-0.0024597495527727276,0.01114743701805132,0.011366251914990633,0.023604783271376606,0.022009993695493835,0.0023048566833763218
Portugal,1962,-0.06315713805564438,-0.08248028357706116,-0.10271668182661785,-0.0824424883271806,28.849999999,-0.08427760335052625,"reconstructed, resident currency",-0.004865390726267571,0.026710304181190025,0.0934191168835361,0.09464993933854782,0.026710304181190025,0.10293790958114313,0.0353015034143395,15,-0.0004483299708586408,-0.14154583915250707,-0.14232184221299993,0.01825126995188109,-0.1367232053618207,-0.002493168942400481
Portugal,1963,0.1311394258535623,0.14032597109987965,0.1389627617554261,0.14030839034732812,28.889999999,0.13802777356663354,"reconstructed, resident currency",0.027188634977477477,0.00022923417389386636,0.00047666339341301267,0.0011567722820753357,0.00022923417389386636,0.015150065750945574,0.015000525325159046,15,0.026014801525005682,0.049448855832015415,0.0499403672877865,0.01837742808505438,0.055940924554019,-0.03216381055816342
Portugal,1964,0.13806501271563731,0.03496023988402164,0.06072800161397978,0.03517481663511446,28.949999999,0.03310446700184433,"reconstructed, resident currency",0.0023705525062536204,-0.02165164695759636,-0.03133291436908536,-0.03078011168475603,-0.02165164695759636,-0.014458829210819979,-0.004339976973005492,15,0.04896174863387981,0.20573074652635936,0.20999718036556048,0.027000180476569158,0.22510369089953475,-0.0465712902779678
Portugal,1965,0.06053493084417938,0.052443630130002195,0.0638797218326543,0.05246099535723703,28.829999999,0.05035607336652248,"reconstructed, resident currency",0.018167281926700696,-0.0024278513053441753,-0.0023212888173497204,-0.002009683908741011,-0.0024278513053441753,0.004977648088052344,0.004974464257442827,15,0.03250677224421761,0.10514922543854088,0.10715573528792777,0.03155536016230376,0.11963105060310664,-0.034835511059815305
Portugal,1966,0.11458892949604405,-0.07943365843781214,-0.09204283180270656,-0.07897476207585663,28.979999999,-0.08081681255170492,"reconstructed, resident currency",-0.045067621885123144,0.0020197794256340273,-0.013483274381630994,-0.012733412129032229,0.0020197794256340273,0.009520042768261794,0.0255012552456188,15,0.025428859737638865,0.05250294840200276,0.054169828218857186,0.010884962315295343,0.0719866738697601,-0.03566211365398608
Portugal,1967,-0.0822768686805535,0.137210860893622,0.1832141550575324,0.13648909561398237,28.859999999,0.1342161174227543,"reconstructed, resident currency",-0.07539366611824816,-0.008854620452866668,-0.009638493645885537,-0.009793302429680129,-0.008854620452866668,-0.0339041886067033,-0.03380857792382938,15,0.041724070064947716,0.05432064926633373,0.055438024125856744,0.01912916025527034,0.06521596359075899,-0.05031765104882013
Portugal,1968,0.033047248531724804,0.17972841841443787,0.1601547031323226,0.17932217467053735,28.769999999,0.17696353032119627,"reconstructed, resident currency",-0.04451118709768653,0.014867543680755269,0.019463291587606957,0.019734007849674606,0.014867543680755269,0.027738459070448584,0.023524957831987513,15,0.019837521254487234,-0.03539002389208623,-0.03536491766465444,0.011003722479790534,-0.0208219972906325,0.16096627016490883
Portugal,1969,0.28440264462564424,-0.07847665187544106,-0.0956624465362485,-0.07740522619601775,28.649999999,-0.07925041574362568,"reconstructed, resident currency",-0.033447298675778225,0.007925311348432995,-0.0426698239689316,-0.0425002545054467,0.007925311348432995,-0.024772465434093727,0.026734478616883346,15,0.026861800666913682,0.17664631622672333,0.1831503555907339,0.01323387456286551,0.20946585803370787,-0.19395502120433372
Portugal,1970,0.046378645814292296,-0.047350052469075976,-0.0576714279967457,-0.046945299252053374,28.749999999,-0.08451563936109852,"MSCI World, resident currency",-0.019324602696779714,-0.0050781501354076886,-0.02509277654634945,-0.023910643072532767,-0.0050781501354076886,6.103615909291982e-05,0.02075850595788311,15,0.05033375428468334,-0.06169280631626084,-0.061009813270243796,0.020938455464238448,-0.02597387670874407,0.0135127636908845
Portugal,1971,0.11251294344553986,0.07132862455370437,0.09592779996291817,0.07153930142774878,27.559999999,0.09219576142370167,"MSCI World, resident currency",-0.0723744324717821,-0.02470094410206025,0.019672290329705744,0.022315947575832773,-0.02470094410206025,0.053429497287869276,0.008207547572832034,15,0.07402954311233256,-0.14569783961535454,-0.14378339617693237,0.017643971771362565,-0.1707736209065852,0.0472492444517032
Portugal,1972,0.3520029271623315,0.12591207392901937,0.19539082527151236,0.12710608859376982,26.999999999,0.12532451494149455,"MSCI World, resident currency",-0.009299241403196268,-0.03363566003645291,-0.016836885035042992,-0.01674851989910675,-0.03363566003645291,-0.025993346377151227,-0.04328500688479809,15,0.08395969934431458,0.07339951169361392,0.06998968307774,0.01154035341542925,0.0487252299059715,0.33730264341651717
Portugal,1973,0.6140488208948969,-0.1668388743497583,-0.1593218678040579,-0.16232764369760255,25.844999999,-0.277344492633542,"MSCI World, resident currency",0.061094522896752324,-0.022627073723798907,-0.084745215640461,-0.08581379356390562,-0.022627073723798907,-0.03904929589830186,0.027197542510489062,15,0.0768663322514016,0.3558501696283092,0.3389868465977399,-0.005739170208360234,0.3027685925436878,0.4935661799110127
Portugal,1974,-0.4441120022987808,-0.47994140893684467,-0.3367751154683091,-0.4793829669976106,24.595999999,-0.4802492347033056,"MSCI World, resident currency",-0.3096351569254894,-0.21853413112574105,-0.2823656506996389,-0.2813678996008594,-0.21853413112574105,-0.2679046378243145,-0.20427599490761622,15,0.3788190163036034,-0.07677243073984374,-0.08456299747806895,-0.018682411153460032,-0.11170893236738677,0.13112976065780835
Portugal,1975,-0.5301081830652374,0.2516047371767698,0.22630519767850427,0.23897150649076404,27.471999999,0.301060250944597,"MSCI World, resident currency",-0.32668008997390574,-0.08463073107570473,-0.06308226807700124,-0.06041250973706558,-0.08463073107570473,-0.03193663357824339,-0.05378495589926756,15,0.18531399046104924,-0.1763873733317528,-0.1784387819900235,-0.002214119066057396,-0.07669172276441705,-0.28095070792433086
Portugal,1976,-0.5383164955928356,0.08010526875323709,0.06602970838522854,0.07484508032321857,31.548999999,0.11135714405648511,"MSCI World, resident currency",-0.32405954292058925,-0.09233166661249925,-0.10169650708117517,-0.09398551281130008,-0.09233166661249925,-0.0036208045798447053,0.0035603713735950023,15,0.20638779445049882,0.054502395838197604,0.07753066726836155,0.0049242743921680265,0.1755596812124529,-0.0843454429231073
Portugal,1977,-0.5794611413274771,0.016035762979762724,-0.06358891005705838,0.013475583894316134,39.854999999,-0.005679485096261483,"MSCI World, resident currency",-0.36759949577769835,-0.1536563807774497,-0.13664497859573477,-0.10944110550955932,-0.1536563807774497,0.07953423016457695,0.04797192365463312,15,0.3297199638663053,0.08122799023340632,0.1314594282350563,-0.011551278487003214,0.2772830970097131,0.15818156696878427
Portugal,1978,-0.3855349925254642,0.06446811632752492,0.03019658054176702,0.06436787433418067,46.009999999,0.0699746243440853,"MSCI World, resident currency",-0.0017338597175435844,-0.06580157185021496,-0.064120198202536,-0.055347640592297465,-0.06580157185021496,0.0749967336326729,0.07570530626279096,15,0.2676107859531771,0.18319945466644505,0.19492485099473367,-0.010424790546951224,0.22852535971748278,0.22729859329158253
Portugal,1979,0.1329956890069277,-0.022201753173346717,0.05589835173993976,-0.02217818471902877,49.780999999,-0.019252736255941483,"MSCI World, resident currency",-0.05221739612078957,-0.07437744170879768,-0.14696992739822456,-0.14571262509967375,-0.07437744170879768,-0.1106728976539515,-0.034811100544109415,15,0.24100259718844064,0.15784044500493555,0.16086491504788025,-0.02032579690849734,0.1697172178048132,0.901729334673286
Portugal,1980,0.748812454212582,0.149109560927851,0.12364092001996174,0.14918725468642657,53.039999999,0.15006904286791856,"MSCI World, resident currency",0.0771603658157769,-0.07134343833354195,-0.11814837849365623,-0.11648842561887696,-0.07134343833354195,-0.09517775225981862,-0.04668362147167271,15,0.1839683752449921,-0.0012409072399467425,0.01161903445730772,0.000695567814542164,0.07697769205301119,0.021807359204035315
Portugal,1981,-0.4064699414432089,0.03232222600782109,-0.05852988595832153,0.032242974448477346,65.248999999,0.028130156708330745,"MSCI World, resident currency",-0.05644000927765214,-0.058923223867463514,-0.11357285831118802,-0.1109668996487333,-0.058923223867463514,-0.036587702379417775,0.02434812437115291,15,0.16079795740860248,-0.02954781251144356,0.023066922175841498,0.06875376114405274,0.2782683393871155,-0.2850956855929626
Portugal,1982,-0.30930652017688853,0.21866420433708234,0.07530076178524009,0.21856645451529833,89.064,0.26069345317969495,"MSCI World, resident currency",-0.050370664132470155,-0.08155042586557948,-0.006385410915909162,0.02439373427372149,-0.08155042586557948,0.15907874590579252,0.06896765698639931,15,0.22399207193270798,0.026911366336248355,0.11719745514802016,0.08419578734237465,0.4335075370828687,0.3039262652003871
Portugal,1983,-0.23233785481497682,0.445595587512128,0.2099734272589813,0.445519035287788,131.449999999,0.45661022924673067,"MSCI World, resident currency",-0.060698387442833845,-0.057815959184474575,-0.04537600297718991,-0.025101839761100475,-0.057815959184474575,0.15373945808995626,0.13933729967188715,15,0.2550010861193941,-0.015874254138905863,0.029417865086163397,0.04999397713684739,0.3448698755854607,-0.015101911226744869
Portugal,1984,-0.16887235386327482,0.06440199633827115,0.08499346726506742,0.0643648612756782,169.28,0.03595664475616256,"MSCI World, resident currency",0.01272590983934152,-0.058437387467479174,-0.020864320938533187,-0.01624172521413414,-0.058437387467479174,0.006678599285463438,-0.03201018182224399,15,0.2880003776435045,-0.016258832893281006,0.007058096331029384,0.06256920408590982,0.15617642939018994,-0.19622271041966133
Portugal,1985,0.9806113879241469,0.13132449630428122,0.25839276556001184,0.13146580284176657,157.486999999,0.09840672475116441,"MSCI World, resident currency",0.0880835545244576,0.00473398040840034,0.0503485399609056,0.05097312227353967,0.00473398040840034,0.05123422762756502,0.004351175264285212,15,0.19600513102437223,0.23266607292952046,0.1828788522867637,0.041566294338919674,0.02812822869030196,-0.18158757858811725
Portugal,1986,0.7233597687200821,0.15964160650152537,0.2547088037396416,0.15977669964751606,146.117,0.181612442830277,"MSCI World, resident currency",0.15363287645806967,0.024352291017051275,0.09786957880344005,0.09797020306196869,0.024352291017051275,0.11017430861883515,0.03683284173566152,15,0.11799916240206731,0.22152297666849585,0.18669216229633667,0.05503815580608573,0.06235602216655045,-0.011283705316955328
Portugal,1987,0.9410854824279618,0.032335346093161466,0.07510586711249471,0.03300548063471487,129.865,-0.05728573216825861,"MSCI World, resident currency",0.05361062441224829,0.04158012759346774,0.03265937503693106,0.03474188484102658,0.04158012759346774,0.043511962632163614,0.05158484115737208,15,0.09153867940905047,0.23969934406555438,0.19553098164826332,0.0219249880214456,0.02443370330869321,0.0012605348842047448
Portugal,1988,-0.34254846528887406,0.18408243419368886,0.14337889775862672,0.1821692971054294,146.371,0.2724797737067437,"MSCI World, resident currency",0.012906333096406541,0.027477408479106513,0.0388695142828368,0.04210037250763787,0.027477408479106513,0.06058055142288454,0.04935776712113845,15,0.09947267096342172,0.08390186107577957,0.09181971875465345,0.030389429819428715,0.15454064973044557,-0.14135512456923005
Portugal,1989,0.16952133361709953,0.08964483176340243,0.21672040472284054,0.0898134061859075,149.841,0.05489641830325809,"MSCI World, resident currency",-0.004726152391169469,0.01977766303792694,-0.02525391360156004,-0.025620322166848508,0.01977766303792694,-0.04514150606410838,-0.0011557980590442144,15,0.12600301475402342,0.025639102920439694,0.023025928623413794,0.04313487985098852,-0.004481929138471785,-0.12245059195377339
Portugal,1990,-0.4086881210587151,-0.2450626593044607,-0.13250920571912356,-0.2454067885000596,133.6,-0.36097337400740337,"MSCI World, resident currency",0.028773685716161346,0.03088790634207461,0.004382048791651494,0.0002466485606766877,0.03088790634207461,-0.05400036392559138,-0.028635518265159067,15,0.1339981745039045,-0.049171456608800734,-0.04683470122238642,0.019629465469601426,-0.22410904547666932,-0.2507052529065664
Portugal,1991,-0.12296710016277235,-0.002139731737793693,0.051553720522536234,-0.0024033803908827256,134.184,0.09011303363005219,"MSCI World, resident currency",0.10448165135367149,0.056886965772817266,0.12659364899164371,0.11528523680742708,0.056886965772817266,0.0455463081097065,-0.01961599264480253,15,0.11400276644964347,0.018595671076661047,0.016073688870347436,0.0295655869605842,-0.0728389582306529,-0.17362226436601358
Portugal,1992,-0.18468031711872068,0.0015829681667434148,0.007285270649520219,0.001224896211136306,146.758,-0.044020891706355925,"MSCI World, resident currency",0.07714827053535744,0.07167922415025507,0.11239565524787065,0.10066862428822487,0.07167922415025507,0.01419497843676476,-0.022706643191655784,15,0.08899890283389977,-0.03930412080364698,-0.03690141174203787,0.008383806062487231,-0.06956157225051829,-0.0614492817227531
Portugal,1993,0.43893097809068493,0.3390631826581443,0.15102114734211167,0.33925251926575495,176.812,0.39159392750609956,"MSCI World, resident currency",0.09072946955778649,0.06333318403488386,0.24718742147154193,0.2584755486861552,0.06333318403488386,0.31650121914636853,0.12429856193070968,15,0.0650009337802373,0.16367042968519363,0.17616493033148162,0.004321478172269577,0.2746997714868238,0.32217718941186146
Portugal,1994,0.030568644813727897,-0.10570438985502728,-0.02094707186463127,-0.10542078446127534,159.093,-0.10923297462284332,"MSCI World, resident currency",-0.10625876707967696,0.05614887712840244,-0.0868624106508441,-0.08243909256958071,0.05614887712840244,-0.13518199775706374,0.000635487501161854,15,0.051998154130133756,0.07040613220000913,0.06199733391347895,0.016542435122898214,-0.1004014996170206,-0.17073009462104227
Portugal,1995,-0.08351443966458316,0.10024087158805095,0.18643064536005266,0.09980922329352548,149.41299,0.08524899267200547,"MSCI World, resident currency",0.20035174246260112,0.05462557725532835,0.21108916564029512,0.20199996083098903,0.05462557725532835,0.15756505710324364,0.008053228491254841,15,0.041001368613138744,0.2404868780092546,0.2173963389043001,0.033488873052366586,0.12311486615813472,-0.09373608184854199
Portugal,1996,0.2858226816079745,0.216881840047064,0.19431932470332738,0.21703647801281822,156.38499,0.14407121696950886,"MSCI World, resident currency",0.24409559690810956,0.04138277226404252,0.14061045768145575,0.13925334985195348,0.04138277226404252,0.11641209074920811,0.018996602223440365,15,0.031000990245035887,0.20320459669249002,0.20758711379361472,0.020154971252071885,0.22844951269309366,-0.04192529253108623
Portugal,1997,0.6169010923218277,0.38520494525651805,0.23215355741399407,0.3857954763898961,183.326,0.33390829543172007,"MSCI World, resident currency",0.12703921144199803,0.03465337856365713,0.12711344105320022,0.13016365560575305,0.03465337856365713,0.14963550709306705,0.055322071922322406,15,0.0220008828145406,0.1210745386733123,0.14666905399545516,0.038183713171633826,0.31819492201557464,-0.09802665976632519
Portugal,1998,0.23508532240518631,0.12280121954146161,0.18661690149100407,0.12326958255958842,171.82899,0.13739088338735028,"MSCI World, resident currency",0.14772416962562196,0.02047693068715395,0.13235050048149022,0.1276897654923015,0.02047693068715395,0.09618700685879933,-0.012268231608734078,15,0.022152780834177044,0.13129696959896608,0.12252696611049707,0.0384762766424287,0.06996203620454078,-0.09650076453934298
Portugal,1999,0.10177070289769863,0.3879400697929434,0.22677633848828482,0.3866510497063611,199.56400557435796,0.4125649071616433,"MSCI World, resident currency",-0.06469271033600366,0.007779266310986355,-0.07323683937046144,-0.0753894442907379,0.007779266310986355,-0.005733132878258385,0.08002028894106347,15,0.021687023667704697,0.013656795246494768,0.02287377943614599,0.025016298269186832,0.1969475508004246,0.1357662952085501
Portugal,2000,-0.1071955548826069,-0.020483473632978977,-0.050245181236436225,-0.02083612567592319,215.45620634067703,-0.08854401699534065,"MSCI World, resident currency",0.05004497802055052,0.015430715845910159,0.062358348920222406,0.06252826673759615,0.015430715845910159,0.05873842121254347,0.01175000925553055,15,0.028054057091481344,-0.039755910143267625,-0.03913661105524202,0.02935847551351123,0.056942138916407536,-0.011374597505186879
Portugal,2001,-0.22455269680614431,-0.1578768908070428,-0.16384478188112372,-0.15812725584757248,227.48439804833768,-0.1486095304651961,"MSCI World, resident currency",0.017396506863347705,-0.0014158754216849756,0.005997731845189591,0.005804556620041312,-0.0014158754216849756,0.0010013207125774137,-0.006059270693535682,15,0.04409614517429383,0.05676088638433807,0.06410983317445984,0.024736810195639336,0.12784144068448944,0.027130159472394944
Portugal,2002,-0.23484526750561063,-0.32860645835127833,-0.2300181302466146,-0.3282947105166033,191.1719271478974,-0.35651124516646304,"MSCI World, resident currency",0.07886617648661098,-0.0036893632479028104,0.07575100806533674,0.07330894739451943,-0.0036893632479028104,0.054372875982572344,-0.022731173840480703,15,0.03701183122186169,0.022990534886490943,0.016510258358285013,-0.00596150761007852,-0.15984135119726917,0.004580885121196143
Portugal,2003,0.13715725535802914,0.026543095219891955,0.17437016942781325,0.02690658243556321,158.7347585114806,0.07304786625919246,"MSCI World, resident currency",0.01646771323026397,-0.008753613265437665,0.00742431849768832,0.006288297160579104,-0.008753613265437665,-0.020316550650864018,-0.0355464879160575,15,0.03237164925034075,0.2756823163873703,0.22295613548243276,-0.006956332666097742,0.0512200694286542,-0.037394746233639475
Portugal,2004,0.15107949070281834,0.06536277720971717,0.12420269283795407,0.06560608028482506,147.18596285147933,0.031250074205533496,"MSCI World, resident currency",0.08005544184598135,-0.003935390874713507,0.06097368042165763,0.0607704017989541,-0.003935390874713507,0.05395866422110629,-0.01075956284995639,15,0.025097492695688395,0.1650092130820573,0.15012772940630903,-0.017486342515833142,0.06754766608097418,-0.06303884722204056
Portugal,2005,0.14743255322319704,0.2164191653811236,0.10521432802086216,0.21623117372242784,169.94320589980504,0.23839442532958244,"MSCI World, resident currency",0.042723793896947804,0.0005364818993078835,0.04663965584597518,0.04797144741588055,0.0005364818993078835,0.06724102659214592,0.020758286252424263,15,0.02129892432084346,0.026052660637413183,0.03569782256809395,-0.0006986459582450921,0.19780272813770017,0.32671783946413124
Portugal,2006,0.2933318353949621,0.06786771724144369,0.1561514308363982,0.06847183041111893,152.22627182991647,0.051016107828312895,"MSCI World, resident currency",-0.03405200355781568,0.0003291659387083534,-0.03465535406514331,-0.034666232715663936,0.0003291659387083534,-0.05085337914458499,-0.01613652366401194,15,0.030453059318075626,0.15040068459745282,0.13388160186655695,0.024767261591463807,0.057653814320425045,0.07410241190974287
Portugal,2007,0.15512915799805205,-0.041036519687583484,0.03844869964071085,-0.04040273498379876,136.1877589837646,-0.059194334381008185,"MSCI World, resident currency",-0.008623431065717502,0.01811014602744976,-0.009081756819766862,-0.010034127520692881,0.01811014602744976,-0.032666767779378825,-0.005264096766567702,15,0.024227177953041412,0.15500921568336623,0.13605724681245923,0.011644528236934182,0.030897846081607616,0.13367256315296028
Portugal,2008,-0.5101675788572211,-0.36214047708639263,-0.396003879764246,-0.36269000048515776,144.05547172522807,-0.3655011978187006,"MSCI World, resident currency",0.07082760795650067,0.01931062815998663,0.12041592906501153,0.11328865314241243,0.01931062815998663,0.08893099784624448,-0.007269550518012961,15,0.026519593742393877,0.30571780068767107,0.33499314796460467,0.03138761247384991,0.41370377683894466,0.11200878513484325
Portugal,2009,0.4123870415214068,0.24211765834825272,0.23697478045827702,0.24264807475036432,139.1656254338469,0.22824214688618527,"MSCI World, resident currency",0.06221912626133119,0.021509681846937356,0.02222379076752956,0.021083332618461625,0.021509681846937356,0.04975381182371885,0.05110615633281109,15,-0.009031826951057864,-0.039898308973176144,-0.034082569711672006,-0.019834602641820354,-0.10503996668149151,0.17671402889482057
Portugal,2010,-0.07498112707003635,0.18549602797217357,0.09248651385737267,0.1846045214789056,150.03891632989072,0.1909228843034434,"MSCI World, resident currency",-0.1364445000077955,-0.00572132008183357,0.02250455109862126,0.026330108500952853,-0.00572132008183357,0.08960319250439008,0.05854500251091083,15,0.013910489966828088,-0.042045528558568024,-0.0444097606695667,-0.011732246102603261,0.02917681082805057,0.3716388240850925
Portugal,2011,-0.23106435789073387,-0.0276365415957055,-0.05020705151333545,-0.02821452902068422,154.9439678491383,-0.05723387410939462,"MSCI World, resident currency",-0.336926659540164,-0.020899822236116306,0.042730791780915434,0.044444487911705854,-0.020899822236116306,0.05711744518941031,-0.007960844272425027,15,0.03554878572041531,0.02729293750548245,0.02852521996879087,-0.025979726392153846,0.05127011031126094,0.08288905787650269
Portugal,2012,0.04784027783281575,0.09666144320645809,0.1274754655409264,0.09653708623363189,151.94937092617857,0.11935627309478147,"MSCI World, resident currency",0.7623716435862276,-0.021434218485436585,0.10787386068415872,0.10809900663323968,-0.021434218485436585,0.10800861582539834,-0.021288875477831752,15,0.027761088897636288,-0.12036850602176563,-0.11867487739984839,-0.014131120381582707,-0.13649615065906473,0.03251672602540734
Portugal,2013,0.15095424214787156,0.23303212240117555,0.29573614980243895,0.23285009601821427,145.37161917192373,0.20333475056006645,"MSCI World, resident currency",0.11743228669517247,-0.002178125820470167,-0.01640207587581788,-0.01520296230842888,-0.002178125820470167,-0.05268983737666133,-0.040177959916819654,15,0.004394363925900535,0.10211256269969282,0.09746472056239464,-0.01307117198017016,0.053712228822007546,-0.31078474661785815
Portugal,2014,-0.2099507989422258,0.2244934618477734,0.1039644035190167,0.2236284273126039,165.1280784119924,0.19663667384806893,"MSCI World, resident currency",0.3455022532854002,0.0037007584679265015,0.18720445265828833,0.1898019573323777,0.0037007584679265015,0.20101455832405501,0.01498419928853713,15,-0.0015955205009331452,0.09408687729520437,0.10875929121015715,-0.006284064445272408,0.25324935044775954,0.1463052395982063
Portugal,2015,0.18005925924479982,0.1307484393896714,0.040195031224580895,0.1308204140292184,184.14806650133187,0.09466792510816502,"MSCI World, resident currency",0.047987996638193975,-0.005248989994972919,0.008393261630567528,0.008652127885081518,-0.005248989994972919,0.03403870481850868,0.020103968538407006,15,0.005075631941303449,0.14778089080383117,0.16442628246097657,-0.00531491867575451,0.2756313766213683,-0.03317520664412088
Portugal,2016,-0.006336574615801394,0.05590948037615062,0.03712465569818925,0.05580828058109755,190.1925813490181,0.09052252015623607,"MSCI World, resident currency",-0.04146355712038041,-0.008940140705115396,0.030472276587304892,0.03042408654369866,-0.008940140705115396,0.03313208821004654,-0.006130876031723361,15,0.006359999999999921,-0.1508772836676091,-0.1557459539528867,-0.014283553872012966,-0.12206736193612044,0.09678726173343866
Portugal,2017,-0.013566692898630883,0.06105431807508155,0.1623724080955828,0.06093910370808864,167.16584674393405,0.0617981585689662,"MSCI World, resident currency",0.10489397229096165,-0.018563169761844245,0.006399257916333445,0.005912842617167735,-0.018563169761844245,-0.023376591779795897,-0.04794988403929792,15,0.01556103183751345,0.005966598415132696,0.0021202899806200826,-0.00991627081888169,-0.10281554357331724,-0.028652928354928497
Portugal,2018,-0.01218353595963706,0.023093266553675607,-0.015720975384162804,0.022858669308964297,175.09344978165936,-0.05150776595730222,"MSCI World, resident currency",0.005749201503725931,-0.014722110759707863,-0.003998160521545557,-0.004061579388003778,-0.014722110759707863,0.0025650799889938014,-0.008046129926775756,14,0.01167296139018803,-0.04235978771923399,-0.042553868276522744,0.0017853235335945072,0.03266679164174913,0.025971376171278537
Portugal,2019,-0.0008716287428053304,0.17428351355975913,0.14107897815715226,0.1731101035482252,178.46003204557587,0.29258508665669813,"MSCI World, resident currency",0.0552384354122768,-0.006541597656814946,0.06615423962194855,0.06717946016011878,-0.006541597656814946,0.08209529214811284,0.008512920580444696,14,0.002998210745200458,-0.12722762986031555,-0.1314922066453731,-5.033643403207222e-06,-0.09109582501341684,0.19272466709022473
Portugal,2020,0.0025090219954466697,0.017287739345216213,0.061831708548054094,0.017187742346233215,163.37869774264522,0.05788624358062022,"MSCI World, resident currency",-0.0007512637644807585,-0.003040709603297942,0.035538256019377545,0.03464966528358526,-0.003040709603297942,0.024423824374965486,-0.013319262684423147,15,-0.00121498481268989,-0.07407617557361001,-0.06939079812374405,-0.00489791713896115,-0.1422991782404357,0.1368462181924337
Portugal,2021,0.12640618635937617,0.17718404757615347,0.1775999399454991,0.17682963284994102,157.63118590386995,0.13889006223744294,"MSCI World, resident currency",-0.049932477327485736,-0.014761699791311367,-0.047343908504640986,-0.047682247256999655,-0.014761699791311367,-0.040666864450798035,-0.007712837174036228,15,0.009413089999999999,0.07789641664521918,0.07430604861917467,-0.0646718177027612,0.023883013874599346,-0.11040813747314826
Portugal,2022,-0.0489383787500034,-0.10381765182987335,-0.13827999296860957,-0.10344520615379638,177.34332921086963,-0.13551324888417016,"MSCI World, resident currency",-0.21842093109584437,-0.0717938184276653,-0.2005695065545805,-0.20272867762949087,-0.0717938184276653,-0.18921749589323322,-0.05799326722833437,15,0.08102658,0.1340620715905403,0.17143322473580147,-0.04319532740699539,0.3138395660812794,0.056626178471564925
Portugal,2023,0.0612075522281339,0.1258577258215796,0.1591542609941982,0.12548548513356028,172.3644255006993,0.15085160740814385,"MSCI World, resident currency",-0.013832181639620633,-0.01741789282885242,-0.022980425627914913,-0.022889153925749528,-0.01741789282885242,-0.04623322824271181,-0.04144463781589816,15,0.05264283,-0.052780140065998626,-0.05287472994755016,0.017003513512843016,-0.05740573608168975,0.06209713395546568
Portugal,2024,-0.029507675555393353,0.16519526962055098,0.17011433765934383,0.16389113803102417,172.19207095064849,0.15180675841417668,"MSCI World, resident currency",-0.004941796540932408,0.008320449506958427,-0.008585293430598218,-0.008492339318752262,0.008320449506958427,-0.01260165838286409,0.004337045970047493,15,0.027308680000000002,-0.005915216838893289,-0.005414510945665585,0.02171369326854866,0.008202158060150122,0.21653003175231267
Portugal,2025,0.26834224489361724,0.14861535871782672,0.17645642443396992,0.14941555217537283,165.21907167870117,0.1341414418030331,"MSCI World, resident currency",-0.006877955217624354,0.002599309650810344,-0.0060752013928929705,-0.006027813869005083,0.002599309650810344,-0.010939153749924269,-0.0024388465212594524,15,0.02164819,0.08971719598865979,0.0864296146470438,0.015139307087717269,0.06110779045520731,0.5620894457224463
Spain,1927,0.33008880301511967,0.1256059580972,0.2592940960446879,0.12700017000743058,5.86,0.1247461696674157,"reconstructed, resident currency",0.08994653613274561,0.05461186615922031,0.07976769891211077,0.0722286285928857,0.05461186615922031,-0.012076553087322695,-0.03327414330686231,15,-0.018596288017915907,0.2758612296833769,0.2437370628133093,0.06069651650102048,0.12087854954534505,-0.11269327999274004
Spain,1928,0.2190886763269435,0.3184941035942923,0.3258474265735513,0.31770965627751324,6.03,0.3150742369649582,"reconstructed, resident currency",0.03303253866993505,0.009695877234865202,0.04081049767714129,0.04266789036807417,0.009695877234865202,0.07288477958057782,0.04137215046808814,15,0.02506113324285697,0.2638932858882028,0.2714296366309401,0.05045226040342521,0.2972179069232228,-0.007526062910121034
Spain,1929,-0.002444197385067959,0.022928015766935594,-0.07446097552214022,0.022745017223539055,6.82,0.02069952718909196,"reconstructed, resident currency",-0.015085614722610385,0.00678364021915967,0.019279913199530707,0.02832667111709375,0.00678364021915967,0.15686841461110257,0.14230566832115646,15,0.02802624000098941,0.1488993066768558,0.1728880047840673,0.03785806464463959,0.30300668656104435,0.0939446484583637
Spain,1930,0.0006458098312540628,0.008446357764699153,-0.18621804489803534,0.008387142833362615,8.68,0.006370368547695904,"reconstructed, resident currency",0.009666011447226897,0.03141040608079293,0.07485618396588922,0.09945509822032195,0.03141040608079293,0.35135067315277313,0.2943160832221627,15,0.003480277149673805,0.10005470318669252,0.14834233610207614,0.10740235214556271,0.46296887061566117,0.3127169018605709
Spain,1931,-0.2468816141727369,-0.2243654735168391,-0.292240800484325,-0.22458080276604553,10.55,-0.22613164116051343,"reconstructed, resident currency",-0.028903355260287977,0.028460670655304332,-0.026419520207490166,-0.027604401241388077,0.028460670655304332,0.09396144184765687,0.15554962991880217,15,0.0063583661293928895,0.21675332629041577,0.2708454837136629,0.15094084355712933,0.49683884702007,0.21126489770857892
Spain,1932,-0.08776221007687734,0.12199190546926753,0.10812219850736246,0.11956078257043434,12.41,0.1173216610052934,"reconstructed, resident currency",0.10556610798074018,0.042786455976411064,0.16368861173924332,0.16541061148769587,0.042786455976411064,0.21567295667735387,0.09461405632053886,15,-0.007466970617784563,0.03270183425214279,0.03940322681696151,0.16025907588768828,0.2273993074654228,0.18524884573626266
Spain,1933,0.17323947234808212,-0.06960952978337132,0.39169486041233204,-0.06692200732376241,7.39,-0.06878816330911486,"reconstructed, resident currency",0.16346157392436322,0.08431736503594056,0.1287916174591046,0.11383743107366806,0.08431736503594056,-0.13040142100947105,-0.1672340967165082,15,-0.044560170429494006,-0.06056655850285342,0.013827687919282017,0.030170519994877854,-0.472149641447842,-0.41352324531298457
Spain,1934,-0.03779070720555633,0.10772328813277854,0.017526846665736256,0.10640559163894703,7.35,0.10419278045566904,"reconstructed, resident currency",0.05631937536480636,0.015095562533723461,0.1387109716255044,0.1627142108986055,0.015095562533723461,0.30621828581385246,0.1627496539147217,15,0.020593564476212745,-0.021172666365797732,-0.02117722485671969,0.008767156750223437,-0.022894147453228153,0.6578989341222035
Spain,1935,0.5580435766791632,0.22504755895921802,0.26697311212044844,0.22799694576295226,7.3109,0.22554095187142642,"reconstructed, resident currency",0.10843028042126157,0.013151470094098006,0.009408301531526941,0.007448386039394128,0.013151470094098006,-0.028081224812086636,-0.02326364505406773,15,0.022551937228161067,0.03638634041820543,0.03550163641975468,-0.0020322077192309607,0.015261048267458888,-0.038228174115300884
Spain,1942,-0.004836981529681816,-0.022150495897650946,0.04086787513830357,-0.021954471370583484,10.95,-0.023910562427842286,"reconstructed, resident currency",-0.08474823443531232,-0.097396096084307,-0.07282026314433143,-0.07538654107656684,-0.097396096084307,-0.13377632419979102,-0.15850512905283728,15,0.1411428588565622,-0.08837885532342882,-0.08837967398454682,-0.07087970183543024,-0.08839986715454873,-0.11307677611131906
Spain,1943,-0.1897868945222574,0.03598158691439801,0.11163483650683984,0.03331463385392763,10.95,0.03124800458621979,"reconstructed, resident currency",-0.0918455522897963,-0.10041111495038013,-0.10130597366902772,-0.09947986121866292,-0.10041111495038013,-0.11510084257655095,-0.11657754060249378,15,0.1449674584103322,0.09571419487298716,0.09808929330116567,-0.019568422192413393,0.10697000408387636,-0.10563802039174552
Spain,1944,-0.052925947519818495,0.056929260596467746,0.10215800806389777,0.055822757683931634,10.95,0.053711112168563835,"reconstructed, resident currency",0.01015421795137783,-0.04342201462678541,-0.004782766866226806,-0.017856193938981968,-0.04342201462678541,-0.07952535640091818,-0.10724959730139891,14,0.07675486481908433,0.028310722387860254,0.026493318668520782,-0.011389603351630306,0.004104417962317308,-0.07868941233151328
Spain,1945,0.07722051207130809,0.10951269851789625,0.1709620826162711,0.1091965458305928,10.95,0.10697815273893152,"reconstructed, resident currency",-0.02480420304084907,-0.053253684941930834,-0.006186814671364282,-0.012703749326967939,-0.053253684941930834,-0.1247617880919707,-0.16822076163865404,13,0.08793663407738972,0.12450677080904571,0.12074093726991109,-0.013237632217602213,0.10178604151140047,-0.08437423194308757
Spain,1946,0.14166927726795775,0.966913462817881,-0.05738950931941683,0.9587934890380501,29.0,0.954875902059974,"reconstructed, resident currency",-0.14610118521207538,-0.13501959406879793,-0.1312052387888707,-0.10344189649325741,-0.13501959406879793,0.6374467417552383,0.6217924156718452,12,0.19077841794646488,0.3125279815273925,0.8336516173724606,-0.1458067950930625,2.123010494841999,1.0313362036592517
Spain,1947,0.19342125680858535,0.13037856144707893,-0.11420638768585985,0.13130461560239848,41.5,0.12904200637119367,"reconstructed, resident currency",-0.17136760724464095,-0.14437166516944067,-0.18844664481524076,-0.20162933020859053,-0.14437166516944067,0.12066911931787816,0.18487789030799576,12,0.20379370037274347,-0.08655019640169204,-0.037195555867438834,-0.07460156340503099,0.3430635856478479,0.2413303785408647
Spain,1948,-0.33868297851628926,-0.1357229160689526,-0.09534745293402835,-0.14031588341411094,37.5,-0.1420352516472827,"reconstructed, resident currency",-0.04403121678226096,-0.03970703424017463,-0.05440154575318801,-0.05229836853706338,-0.03970703424017463,-0.19664180683725463,-0.18808159238409672,12,0.07258934101893288,-0.08183832259127388,-0.08264761111963348,-0.016410018909050028,-0.1469335743388348,-0.12022265767303875
Spain,1949,-0.15002726292216262,0.25277541734174824,0.08177573435012978,0.24603229392708803,47.75,0.24354022933923392,"reconstructed, resident currency",-0.022984805690667076,-0.02284815602184298,-0.012733266757767536,0.011186717380986755,-0.02284815602184298,0.2625042254860983,0.23544563398289126,13,0.05408387209928045,0.13996170778858175,0.18807219134046238,0.031435476496074255,0.4393175661936177,0.21452879946360648
Spain,1950,-0.03820187217237769,0.19774061016462396,0.19237696564969156,0.19452682900072138,51.45,0.19213777534272003,"reconstructed, resident currency",-0.0750625918610297,-0.0708010716676658,-0.07833183439849789,-0.07552670450961152,-0.0708010716676658,-0.00661722057520886,-0.00043392244308916784,14,0.10848169097442328,0.038986925528827765,0.0397316216065744,-0.044909057796571394,0.0491223504778906,-0.07546991221534438
Spain,1951,0.09246870375072591,0.12460108310759455,0.13398137003195987,0.12426616158559955,52.0,0.12201762926242843,"reconstructed, resident currency",-0.054997006541540605,-0.058737902545642706,-0.07212774661254051,-0.06811295866160749,-0.058737902545642706,-0.06058028565778295,-0.050427015902772314,15,0.09427544369956253,-0.08107274460388292,-0.08100320365211522,-0.044855439335450886,-0.0703533211397478,-0.06195250992724999
Spain,1952,0.11850415352277888,0.07987818569723348,0.08552991532162588,0.08029348483718746,47.7,0.0781328978675131,"reconstructed, resident currency",0.06721528395715248,0.0508648749913132,0.07822011697147113,0.0762848373881555,0.0508648749913132,0.04524756990651824,0.019087002773631727,15,-0.019854955816310693,0.006321348028778484,0.007851728978030437,0.003226921042449371,-0.08034899012602481,-0.054761558448594094
Spain,1953,0.024708604510810694,-0.0321743269584448,0.065698977497165,-0.03149891163051832,43.25,-0.0334359138072573,"reconstructed, resident currency",0.03527255103057603,0.01357428890832546,0.036146824908051656,0.03163708602003701,0.01357428890832546,-0.04761258811281832,-0.06793725894698346,15,0.016205729171379968,-0.06073136371752497,-0.05431012352057307,0.006703548557218442,-0.16130086786172637,-0.11031391728508422
Spain,1954,0.24510213062171538,0.4889454166024496,0.46651095952335303,0.48606835307996143,44.0,0.4830962163738015,"reconstructed, resident currency",0.039622463536971964,0.017477734551503588,0.045022746673776926,0.04636458980452174,0.017477734551503588,0.07069287790720158,0.04279686602884318,15,0.01230716344221916,0.5023903547805324,0.5072980518836046,0.018564239040369523,0.5169318311842463,0.008878907992295737
Spain,1955,0.32387271479113444,0.2103802685731615,0.25268126029440524,0.21151472082638634,43.85,0.2090916913847336,"reconstructed, resident currency",0.002813071724657279,-0.009843623641430654,-0.03337135178274031,-0.03373179488415412,-0.009843623641430654,-0.030330212879896234,-0.006205398719570887,15,0.04023972770584838,0.383541598587138,0.37411421438781334,0.011922977581826144,0.3511382809015082,-0.05130295415736863
Spain,1956,0.4113919593218729,0.1367189956578989,0.020633291409878542,0.14001732298462466,50.5,0.1377372883386554,"reconstructed, resident currency",-0.04640291123542006,-0.027017571845114108,-0.0573829974469654,-0.057009908195174264,-0.027017571845114108,0.07964970210740718,0.11459823433920321,15,0.05860082312348336,-0.049289879817185245,-0.05170936688653849,-0.012271588679896195,0.0654313437112719,0.06866277146274502
Spain,1957,-0.014074297712716177,0.006853834781814561,-0.08974315963880221,0.006513348391495866,60.0,0.004500321694712817,"reconstructed, resident currency",-0.08473913578841308,-0.07019511917300969,-0.09363498384998947,-0.09174067927402707,-0.07019511917300969,0.06545650244259238,0.09400320356258401,15,0.10775929506128379,-0.21525394057166936,-0.23761682819191898,-0.011143687996010843,-0.07450344701348788,0.0721734520353392
Spain,1958,-0.22214434338204658,0.17409359061627816,0.3048692663845797,0.16589278308826594,59.6,0.1635609975220893,"reconstructed, resident currency",-0.06872182063335985,-0.0914469268447845,-0.0496997596696136,-0.04909370241349076,-0.0914469268447845,-0.041812175601118384,-0.08358400719040555,15,0.1336707009888507,-0.03686297299184693,-0.037070807210305756,0.006882515564111014,-0.03922422998241959,-0.11859009678522592
Spain,1959,-0.1182709457781922,0.18689710935960968,0.23762829799554167,0.1829020457811541,60.75,0.1805362416895917,"reconstructed, resident currency",-0.023398658187822163,-0.0401026232080941,-0.02167734449726899,-0.02011091470454962,-0.0401026232080941,0.0017052079529684683,-0.017352092637779128,15,0.0730313721367104,0.1346023809855752,0.13640629391417813,0.010506777644549326,0.1451821189444329,-0.05906271369305127
Spain,1960,0.009797895081218755,0.04783414607175995,0.02667613749845676,0.04746472746402275,61.5,0.0453697980090948,"reconstructed, resident currency",0.07271018856457334,0.017693748669507237,0.019675514410622208,0.02116160070306017,0.017693748669507237,0.04976511581162524,0.047825454544840156,15,0.012092292672554183,0.01095391033073767,0.011169140656938747,0.012803101551821738,0.021365073475775542,-0.00445440519852891
Spain,1961,0.25845768102177025,0.1704370656548133,0.1740235555996283,0.171244176075517,61.15,0.168901687723366,"reconstructed, resident currency",0.02560406883837918,0.009745319949992615,0.0035415239266918253,0.004173798079477153,0.009745319949992615,0.015742245079336525,0.021996779704706836,15,0.02005919609556428,-0.00392177633277957,-0.003947620836120769,0.023604783271376606,-0.005204766596560884,-0.024385182144490036
Spain,1962,0.18574743797744686,-0.14916758759203785,-0.10554021215590687,-0.1458321994308397,60.3,-0.14754053503197806,"reconstructed, resident currency",0.012713448731787036,-0.025516802549535922,0.03779863982556497,0.03704046975026176,-0.025516802549535922,0.026741143096000508,-0.036222583492182756,15,0.05697050705874873,-0.18521402568909173,-0.18342007342676947,0.01825126995188109,-0.19636291831544328,-0.07140620059464942
Spain,1963,0.0014369600868144872,0.07272324425028809,0.14070487038522642,0.07182385728870555,60.15,0.06968020957412824,"reconstructed, resident currency",-0.03961561754157927,-0.052742390071783385,-0.05250806457608681,-0.052129521912747,-0.052742390071783385,-0.045817720530279105,-0.04595827987136959,15,0.08734940583639261,-0.006129414185360171,-0.006231414684274683,0.01837742808505438,-0.007476675252946485,-0.09029002454749635
Spain,1964,-0.05033026341538238,0.013912038199528576,0.06211640929431736,0.013210775125040763,60.17,0.01118435357479064,"reconstructed, resident currency",-0.033491632066560584,-0.03723493970175762,-0.046762002300882344,-0.046380177658532196,-0.03723493970175762,-0.03536975829955402,-0.025465604958016863,15,0.069835250367704,0.18652566979134289,0.1892970260066662,0.027000180476569158,0.19910979316491995,-0.06680086640434701
Spain,1965,-0.017263799385685896,-0.023109937366004196,0.06473911508675466,-0.023048157881378817,60.25,-0.02500206156561602,"reconstructed, resident currency",-0.0690486335723629,-0.0790617810784745,-0.07896340476752217,-0.07845824075980645,-0.0790617810784745,-0.06712479710052865,-0.06712775250618502,15,0.11842464365920247,0.02025117747087468,0.02289084393361218,0.03155536016230376,0.03930276010716649,-0.10408154831663308
Spain,1966,0.0026059472912665083,-0.13146016407172545,-0.09254721960964,-0.13006092536402492,59.999999999,-0.13180080351329682,"reconstructed, resident currency",-0.023927155468419392,-0.042346202121125276,-0.057162834149844466,-0.05679067574217689,-0.042346202121125276,-0.046474628847659294,-0.031379840321073965,15,0.0755452561362091,0.005901746164778343,0.006468568810700459,0.010884962315295343,0.012527188929390753,-0.08915068345460742
Spain,1967,0.015587193114169784,0.3016071951156827,0.18433814672222013,0.2982223737754992,69.7,0.29562592902794815,"reconstructed, resident currency",-0.0036815235397565926,-0.03175612205324252,-0.03252188299597514,-0.02566222691086284,-0.03175612205324252,0.10358049399848723,0.10368971099683598,15,0.06378157692424491,0.029959413735462848,0.04912160683191624,0.01912916025527034,0.21680639275228009,0.08483123872123532
Spain,1968,0.1668853125853469,0.15125624477785427,0.15972999456074768,0.15141498710949342,69.82,0.14911215713527448,"reconstructed, resident currency",-0.002199876380016952,-0.018699273484255374,-0.014255530270712025,-0.013516115052969235,-0.018699273484255374,0.0034183109743699536,-0.0006954830154054737,15,0.04962726664497352,-0.06729456838675674,-0.06725441099829566,0.011003722479790534,-0.04399302278660644,0.13349345217724662
Spain,1969,0.49234405332555853,-0.07193011090375645,-0.10132046095159312,-0.06548559279976063,70.059999999,-0.06735462161416106,"reconstructed, resident currency",0.030707296950501117,0.022995632984387893,-0.02835599188023019,-0.0281996569070615,0.022995632984387893,-0.012172833374578973,0.039999564142948515,15,0.021509738745959295,0.19423932459514615,0.20035353408755774,0.01323387456286551,0.22509177532956537,-0.18354117438779027
Spain,1970,0.035793330728741246,-0.06302014939248657,-0.05897359738559918,-0.06119386661942783,69.719999999,-0.09820251439157068,"MSCI World, resident currency",-0.043243453012788424,-0.002278789961361549,-0.022349730491930786,-0.021957904807907158,-0.002278789961361549,-0.01489029563121913,0.005497738316165135,15,0.057409614115670804,-0.0590527398734777,-0.05869867491834169,0.020938455464238448,-0.040535975635916266,-0.0016396770659896642
Spain,1971,-0.038505345421367854,0.0523005384393358,0.0987288292327628,0.050503275439719,66.019999999,0.07075421617126731,"MSCI World, resident currency",-0.004782065776173683,-0.038986164089869435,0.004737134907636609,0.006873959350182313,-0.038986164089869435,0.032748995646932455,-0.011585175049484272,15,0.08219045371078937,-0.1582108162488851,-0.15600884800780834,0.017643971771362565,-0.18705265765057266,0.02669007103372656
Spain,1972,0.244763478826862,0.1063560808617896,0.19518618851014308,0.10923639983346778,63.569999999,0.10748307211739294,"MSCI World, resident currency",0.011520756634900042,-0.039300909916925586,-0.022600616672481477,-0.023088155329020976,-0.039300909916925586,-0.0414357221453624,-0.05845323224733993,15,0.08254500273961796,0.06710677488220496,0.062268816839255114,0.01154035341542925,0.03209822944599039,0.31610039612318763
Spain,1973,0.164376390166727,-0.2513812434507203,-0.16187066442534967,-0.24243953674149776,56.949999999,-0.3464565986713639,"MSCI World, resident currency",-0.09505761003785573,-0.05780266209263474,-0.11768517610151097,-0.11855523867887796,-0.05780266209263474,-0.1309510752136266,-0.07103983997136229,15,0.11441622524334893,0.3070532097632841,0.26611079955010997,-0.005739170208360234,0.1781766117273489,0.3507270219051637
Spain,1974,-0.0943792826881491,-0.36184439402269775,-0.34621797874754534,-0.3535923812311049,56.111999999,-0.35466795503940973,"MSCI World, resident currency",-0.12114918175135336,-0.07803884831139474,-0.15334627201904982,-0.1520134113253585,-0.07803884831139474,-0.09101702445919646,-0.012014539050520716,15,0.1497230623193473,0.08920937807806362,0.09226638654096453,-0.018682411153460032,0.10291841680762248,0.4044313742268366
Spain,1975,-0.24650460677675068,0.2088110253298714,0.23354329364552928,0.19035127766637805,59.773999999,0.2500035101044391,"MSCI World, resident currency",-0.08969937512512416,-0.09323576240732845,-0.07188986814841902,-0.0717473295179415,-0.09323576240732845,-0.06992577388159371,-0.09091671536285531,15,0.17665830380033598,-0.18412983607133082,-0.1855950063951055,-0.002214119066057396,-0.11292456547263496,-0.309167935627777
Spain,1976,-0.24287827739654477,0.10809891864639742,0.07121832137282497,0.09655702183484194,68.287999999,0.13380663166359508,"MSCI World, resident currency",-0.05887792171213091,-0.06519844047525702,-0.07484322718071246,-0.06751883872277553,-0.06519844047525702,0.016506120881688124,0.02383235706300638,15,0.17635483334470825,0.08602498059309238,0.1075740144702646,0.0049242743921680265,0.19930606430445352,-0.06584916048012812
Spain,1977,-0.42796701564158557,0.024805460641241783,-0.057731343770302146,0.014929783069666636,80.911999999,-0.004252770831226216,"MSCI World, resident currency",-0.2760972140139394,-0.0916745931008568,-0.0734173646446119,-0.05161990121769544,-0.0916745931008568,0.08108321448370148,0.049475620370555064,15,0.24539985247463925,0.16041148284624995,0.19082481841162124,-0.011551278487003214,0.27911582397016277,0.15984339948488757
Spain,1978,-0.27581100038812967,-0.15262471409012657,0.0348278738739434,-0.15449801416807285,70.109999999,-0.15004417975447504,"MSCI World, resident currency",-0.19698825267781583,0.008337443162051539,0.010152252472166001,-0.004526197705166712,0.008337443162051539,-0.14605476643323778,-0.14549189754145947,15,0.19773478534057864,0.2770994650804599,0.19918290097806102,-0.010424790546951224,-0.02409622055176197,-0.025070727086825784
Spain,1979,-0.19722837161137552,-0.08370973748146038,0.05902010898882171,-0.08508749602335719,66.149,-0.08235025971221122,"MSCI World, resident currency",-0.14620752684324978,-0.02183841876752768,-0.09855130778640842,-0.09820448650799174,-0.02183841876752768,-0.1678887979934094,-0.09690765841841437,15,0.15660424618481916,0.22356032743168486,0.19068491969863177,-0.02032579690849734,0.09446209111102877,0.7793793514126262
Spain,1980,-0.12629079164719492,0.32818849233290903,0.1260650434738382,0.32396864100039124,79.25,0.32498454149488376,"MSCI World, resident currency",-0.01750970545937247,-0.0008515166223540538,-0.05120929893494608,-0.045687088432463274,-0.0008515166223540538,0.04243784187666466,0.09830750817712865,15,0.15555146626995597,0.07457231659474961,0.10189801437582013,0.000695567814542164,0.24077663193735832,0.17721537130927278
Spain,1981,0.2432780328868147,0.04399750011342207,-0.0609750453982408,0.045557876737680525,97.45,0.04139200776085916,"MSCI World, resident currency",-0.030249506027545392,0.011720916452212293,-0.04703112126186748,-0.0472757913152374,0.011720916452212293,-0.024160647001405855,0.0375611909879714,15,0.14552011754912875,0.04330146211226982,0.08628248097798052,0.06875376114405274,0.2947567228972239,-0.27587413472937294
Spain,1982,-0.12597337280526155,0.2342893567580846,0.07712518791297378,0.23092682174892643,125.600999999,0.2734811300376878,"MSCI World, resident currency",0.004294253547505011,0.02411428427397211,0.10792679576669095,0.12125541724939581,0.02411428427397211,0.1708357074559832,0.07981058865603763,15,0.14413825279377424,0.145054261622789,0.2123351003016387,0.08419578734237465,0.4480481306835402,0.31715246835387934
Spain,1983,0.0021823622818717414,0.369500350079097,0.21131524374412214,0.3670558788413516,156.699999999,0.37754503985189736,"MSCI World, resident currency",-0.017671403073400316,0.0648717309854423,0.07893157187212108,0.07920574936559044,0.0648717309854423,0.09111417444537517,0.07749376900429018,15,0.1217579466465375,0.11227492836256747,0.1323123942864446,0.04999397713684739,0.2718699822100319,-0.06856244058451066
Spain,1984,0.3183913934031368,0.05705722015862302,0.0835692608944519,0.058597247433400446,173.4,0.030342970252539736,"MSCI World, resident currency",0.049919338171972916,0.01189242193196538,0.05227200028748635,0.04664009205714592,0.01189242193196538,0.001223577577019741,-0.037255555544760996,15,0.11278380150326628,0.05722149423537637,0.06975513560612168,0.06256920408590982,0.14991130413016052,-0.20057824411882508
Spain,1985,0.23572747291318907,0.18801325894326104,0.25867414701663505,0.1883484855621118,154.15,0.15362741375916622,"MSCI World, resident currency",0.03895580927794273,0.025696842036531553,0.07226310792999158,0.07702175774123865,0.025696842036531553,0.10408339274127965,0.054843367868672624,15,0.08814315492914493,0.258384530575404,0.21491853026642072,0.041566294338919674,0.07981577565949638,-0.14044316752006836
Spain,1986,0.9601850443746038,0.09761731061345791,0.2501812589215256,0.103254167300044,132.395,0.1240257301964156,"MSCI World, resident currency",0.0332807639767525,0.024771081385204896,0.0983184255616536,0.09067720126463685,0.024771081385204896,0.056069183650113485,-0.013697935312831018,15,0.08795842349049576,0.22202237717903617,0.17575232685550546,0.05503815580608573,0.010581354986488822,-0.059469488636864964
Spain,1987,0.4055326852287564,-0.011871124656042564,0.0723244576177502,-0.0075869486208537396,109.0,-0.09433012635836746,"MSCI World, resident currency",0.06011137285225243,0.10277731000781754,0.09333242598312697,0.08824971522390568,0.10277731000781754,0.0025066762957746125,0.01026232731680578,15,0.052477522445466995,0.31253685784667407,0.24516396776207006,0.0219249880214456,-0.015821893983033908,-0.038084462011365394
Spain,1988,0.09105808751034794,0.14551786074456197,0.14220138441611616,0.144891990117485,113.45,0.23235470932166713,"MSCI World, resident currency",0.08325110142231629,0.06157154196308823,0.07334166481393889,0.07041683982300406,0.06157154196308823,0.027137298499941842,0.016268401899982597,15,0.04837022956656711,0.11986829151025002,0.11967395818083126,0.030389429819428715,0.11813455600474798,-0.16843074621955567
Spain,1989,0.05466664046070813,0.08595530912387694,0.21864946825747372,0.0855682288573234,109.72,0.05078725398800299,"MSCI World, resident currency",0.03215232971269821,0.07115948257031901,0.023858975723774378,0.020598387060028367,0.07115948257031901,-0.048860990158774875,-0.00504662077860271,15,0.06792376403447986,0.07731625295197819,0.06988335864613204,0.04313487985098852,-0.008359795496720834,-0.12586893203897043
Spain,1990,-0.17352249502528472,-0.20616920140923467,-0.1325165541161067,-0.20571261355804837,96.909,-0.3273583953696644,"MSCI World, resident currency",0.06744333842469175,0.07531110742351887,0.04766305484630884,0.044030848283275414,0.07531110742351887,-0.0042375586456772085,0.02246156435210491,15,0.06721052885587131,-0.008198187529603551,-0.005859311478911722,0.019629465469601426,-0.18329453665866136,-0.21128979525205605
Spain,1991,-0.004949465525040608,0.04278194524506396,0.05196327365381401,0.04211908642070217,96.688,0.1387644829299577,"MSCI World, resident currency",0.1148546268055961,0.06859895868604737,0.13907810311056834,0.13287662750836726,0.06859895868604737,0.09220875652601013,0.024138279946040023,15,0.05934660003417136,0.029883335384616183,0.028191341528619462,0.0295655869605842,-0.03146001217192962,-0.13674124995057468
Spain,1992,-0.13224060011911498,0.11897368682289122,0.008735541884402877,0.11573175189777407,114.623,0.06531134943853178,"MSCI World, resident currency",-0.023451389647209275,0.06685802961749077,0.10739128852087321,0.10980638736658155,0.06685802961749077,0.13018518051168604,0.08906323967386612,15,0.05924746466217412,-0.04362603133065479,-0.05001651277196861,0.008383806062487231,0.03684966380123167,0.04588973077988823
Spain,1993,0.4927998383328047,0.40364541339249227,0.1476320142754296,0.4046617893872877,142.214,0.45955955892685263,"MSCI World, resident currency",0.36681949351289167,0.07419110208932511,0.25992271368680275,0.2815523038774719,0.07419110208932511,0.3807993127618152,0.17920945235404434,15,0.0456860654894935,0.17555291238920745,0.19371616913839573,0.004321478172269577,0.33695627687144647,0.3867524981655712
Spain,1994,-0.13290402158205084,-0.0739694301159245,-0.019288596591314815,-0.07477410126051254,131.739,-0.0787168902356381,"MSCI World, resident currency",-0.1645364545148088,0.029557105634306913,-0.10985343648487511,-0.11035110851603103,0.029557105634306913,-0.10555488047031236,0.03491546880658642,15,0.04717357988197324,0.04345539079437244,0.03789055812857267,0.016542435122898214,-0.06958286469879749,-0.14232079152453492
Spain,1995,0.10531441365939931,0.07287576274712015,0.18685822391014484,0.07329810981662588,121.409,0.05908885636285621,"MSCI World, resident currency",0.19634482640252338,0.04114821710740357,0.19561231280399016,0.1843172187640485,0.04114821710740357,0.1296617281114596,-0.016246089031520687,15,0.04676098578565746,0.22463434344697375,0.1993364271809237,0.033488873052366586,0.09604196566440559,-0.11558174841076951
Spain,1996,0.3799129025831669,0.2502035042201216,0.1923341179008874,0.25171818739927576,131.275,0.176673646051285,"MSCI World, resident currency",0.2463348757601096,0.0395054225895326,0.13855422559417496,0.1415131041760047,0.0395054225895326,0.1482263217820461,0.04803479841769519,15,0.03557259849500749,0.20103552320853124,0.21187179664462064,0.020154971252071885,0.2634564576490268,-0.014623178604964315
Spain,1997,0.4272088623593313,0.36964576498620483,0.23048677814985746,0.3704204232230439,151.702,0.31910891752106707,"MSCI World, resident currency",0.14773840613986744,0.035421710650338945,0.127950433847148,0.12940565525360892,0.035421710650338945,0.13688058954195514,0.04361353827475475,15,0.018771698055239705,0.12190704698717925,0.14549452224075998,0.038183713171633826,0.3035698800410822,-0.10803382770520653
Spain,1998,0.3708367394914194,0.12786298709974497,0.18395371105075098,0.13158835540700609,142.60699,0.1458142365561086,"MSCI World, resident currency",0.15651603574464112,0.025326913301190412,0.1377321804344438,0.1334302805338552,0.025326913301190412,0.1043052100487849,-0.0049532323040242686,15,0.017626658624849245,0.13667364247502278,0.12826786755099917,0.0384762766424287,0.07788602103662723,-0.08980957924926691
Spain,1999,0.17082136860230435,0.38955540372086106,0.2271992865256155,0.3857298497763151,165.62412900656977,0.41162649176583166,"MSCI World, resident currency",-0.085640058166638,0.004767536678622175,-0.07600645387470562,-0.0782704285980611,0.004767536678622175,-0.006393658515644884,0.0793027943595451,15,0.022359199276919206,0.010627500727997452,0.01995683024113437,0.025016298269186832,0.19615237742187364,0.13501176663994152
Spain,2000,-0.13416700019682426,-0.0252752170078,-0.04892426488909469,-0.027258467709640244,178.81354110693175,-0.0945222625424148,"MSCI World, resident currency",0.05054235320030842,0.006063803871497964,0.05255854969775364,0.052966930028391035,0.006063803871497964,0.0517941492233851,0.005113934557062971,15,0.03484158961129302,-0.048613749209268864,-0.0479821192952149,0.02935847551351123,0.050009648754170355,-0.017858997761912243
Spain,2001,-0.06976790307767744,-0.1530697694746641,-0.16592814089398022,-0.15146246742906555,188.79609667536593,-0.14186939381105657,"MSCI World, resident currency",0.021583292162628664,0.007445714300446493,0.014925111063011087,0.014687064535983563,0.007445714300446493,0.008925869945860754,0.0018093825053907997,15,0.03589535307134262,0.06613874567434874,0.07344125377388333,0.024736810195639336,0.13677013522175452,0.03526156084950305
Spain,2002,-0.22859988403128673,-0.3264183458289054,-0.23006431749558812,-0.32440528228418997,158.65929245732812,-0.35278520136499913,"MSCI World, resident currency",0.08890471175062675,0.001656858673508399,0.08152350853772727,0.07911380301057802,0.001656858673508399,0.06047809458892228,-0.01707241690848492,15,0.031041708916379473,0.028479921651280993,0.021977508639956955,-0.00596150761007852,-0.15497651416305003,0.010397789227070353
Spain,2003,0.2905533849103772,0.023368023580308872,0.17179983553770542,0.028875925558479842,131.73871733966746,0.07510569651573418,"MSCI World, resident currency",0.019556068438644436,-0.007064226719142419,0.009141277180067409,0.008011456789092986,-0.007064226719142419,-0.01843776937064756,-0.033696913744577825,15,0.030395615058811165,0.27785646861782753,0.2250931307422277,-0.006956332666097742,0.05323603957609557,-0.03554871654699354
Spain,2004,0.19451879929564675,0.057368849516407305,0.12283429046979173,0.060132895698438826,122.15402687027384,0.025953349538438086,"MSCI World, resident currency",0.06995185569992635,-0.009687076291229113,0.05484718341626027,0.05470014030142445,-0.009687076291229113,0.04854530329681306,-0.015840516884483482,15,0.030389798801206513,0.1582819722589195,0.14359044876515625,-0.017486342515833142,0.06206450908766459,-0.06785128348184155
Spain,2005,0.21684444230109934,0.2013319569201404,0.10289688191635872,0.2016631093131147,141.04094261252862,0.22356088862856316,"MSCI World, resident currency",0.035314488951436074,-0.012396213048195048,0.03311104231324302,0.034493078835123425,-0.012396213048195048,0.054457571973012486,0.008531603709045148,15,0.03368038830634701,0.012790149674386964,0.022374390326152627,-0.0006986459582450921,0.18345540036796848,0.31082636146563236
Spain,2006,0.35774423495183405,0.05713214861098215,0.15207908369119272,0.063621779639222,126.33712984054668,0.04624529278203582,"MSCI World, resident currency",-0.049525516903639044,-0.006643337131640781,-0.041384007729269645,-0.04140390494211843,-0.006643337131640781,-0.05516178407403627,-0.020602516755292944,15,0.035151862738069584,0.14238215171986712,0.1264361513688883,0.024767261591463807,0.052852869126979174,0.06922680257339331
Spain,2007,0.06201664648942651,-0.046339829224078755,0.0382709471363831,-0.04380847727011117,113.02628897493369,-0.06253338270410536,"MSCI World, resident currency",-0.017042777959904942,0.010312293463998978,-0.01667134267440462,-0.017569442192407525,0.010312293463998978,-0.03609996607415866,-0.008794550898591573,15,0.0278752481647353,0.14616283338527358,0.12800301546509685,0.011644528236934182,0.027239048255407905,0.12964900376203503
Spain,2008,-0.39415966886633114,-0.37082330786503725,-0.39648569564218317,-0.37140524675662445,119.5559387799094,-0.3741780008253539,"MSCI World, resident currency",0.05433742008961806,-0.0021637518189198124,0.09681150787046966,0.0907893709909211,-0.0021637518189198124,0.07403981172632079,-0.020845189304483817,15,0.04075192867008792,0.27820952261957665,0.30970135784531494,0.03138761247384991,0.39437130664479536,0.09680200911397074
Spain,2009,0.35995589337770073,0.23165416799600846,0.2342739074898094,0.23496916581478278,115.49770928779668,0.22065225897791563,"MSCI World, resident currency",0.05311329805693865,0.009656137808956577,0.010361960247600832,0.00928943968438456,0.009656137808956577,0.04326688757737229,0.044610875311488656,15,-0.0028700906344411026,-0.05103927795053287,-0.04572444273767484,-0.019834602641820354,-0.11057034711379421,0.16944255754689297
Spain,2010,-0.16178006890520136,0.18809200271123871,0.0980327640270964,0.17985139634841496,124.52177817691963,0.18614440727822323,"MSCI World, resident currency",-0.07696437435243553,-0.013223811793782292,0.014789076478689989,0.018733860766972255,-0.013223811793782292,0.0852312521456875,0.054297680504315396,15,0.017995108966173845,-0.049273930039534175,-0.05174103098063709,-0.011732246102603261,0.025047326198734954,0.36613523968497885
Spain,2011,-0.11596381356303842,-0.02312608457892562,-0.049495229643535144,-0.024838012793252262,128.59262694180384,-0.05395818701815336,"MSCI World, resident currency",0.06018701859288522,-0.02111333000480886,0.042503408383632646,0.04450706150745565,-0.02111333000480886,0.0607904515417137,-0.004513955625091818,15,0.03196317909797286,0.02706892056843979,0.028500442424876482,-0.025979726392153846,0.05492279981206516,0.08665160895965873
Spain,2012,0.02504265122374072,0.10152002447631037,0.12923742221941023,0.1000778890757883,126.10732150977718,0.12297076085166436,"MSCI World, resident currency",0.039438250797295904,-0.021233819232245543,0.10810074077592668,0.10874374859936786,-0.021233819232245543,0.11158646112156023,-0.018128541755548743,15,0.024453050966173562,-0.12018836739664052,-0.11876863441460195,-0.014131120381582707,-0.13370783011583443,0.035850802185696695
Spain,2013,0.28076142270357085,0.22003974042147267,0.29566730927007645,0.22106730895329751,120.64824885795085,0.19183405215443128,"MSCI World, resident currency",0.14291875657633057,-0.012419732674539774,-0.02649768863199453,-0.025315524017345492,-0.012419732674539774,-0.06174361769161829,-0.049351320696885685,15,0.014086348006193461,0.09080052007146056,0.08627188272992847,-0.01307117198017016,0.043641526098288086,-0.3173718220447269
Spain,2014,0.09249287297911302,0.225825504082785,0.10353020734613115,0.22352001429561463,137.0447244872745,0.19653065229025235,"MSCI World, resident currency",0.2929454781190888,0.0026610647976181845,0.18597467481426744,0.1887497708281849,0.0026610647976181845,0.2009081488873259,0.014894272071429897,15,-0.0015070544026809518,0.09295355624159907,0.10772020951033578,-0.006284064445272408,0.25313831302815615,0.14620367738647455
Spain,2015,-0.02712171533919916,0.1452972420793046,0.0416031432799798,0.1422767000401164,152.82998071093965,0.10575795203145999,"MSCI World, resident currency",0.020980641195596617,0.0042676419640435,0.018040406940670772,0.018310968395083727,0.0042676419640435,0.04451450009225155,0.03043859168408197,15,-0.005004617355298002,0.15876153641012913,0.17565985805019757,-0.00531491867575451,0.2885547353737796,-0.023380352202426957
Spain,2016,0.024776081555448526,0.06542381749678938,0.037282814312524504,0.06468014338472194,157.84650412674318,0.09968608361850007,"MSCI World, resident currency",0.057636943253613904,-7.426300000001884e-05,0.039690732059040945,0.03962032424520623,-7.426300000001884e-05,0.04181340499189323,0.0022205175638561427,15,-0.0020258874484795353,-0.14328115504930894,-0.1481128262174639,-0.014283553872012966,-0.11469017229006107,0.10600346726036092
Spain,2017,0.07615049511160321,0.056435133953661065,0.16362121991181572,0.05677783639859668,138.73592929208715,0.05763352183242865,"MSCI World, resident currency",0.012529310268261096,-0.022029110596728074,0.002845162352829167,0.0023506663756738266,-0.022029110596728074,-0.02720715193928791,-0.05168406162847202,15,0.019560000000000022,0.0024140307871884925,-0.001431090087956166,-0.00991627081888169,-0.10633452438575397,-0.03246279340870961
Spain,2020,-0.09517895676352006,0.023520374989622894,0.06728574307756462,0.019242304297532264,135.5928612175047,0.060023010211183614,"MSCI World, resident currency",0.054234930606162024,-0.00037289432206988327,0.03830930676369171,0.037394240587997674,-0.00037289432206988327,0.026493002093043616,-0.011326320165972837,15,-0.0032283094962112235,-0.07159844779490099,-0.06686188476376298,-0.00489791713896115,-0.14056675520718065,0.13914247176209327
Spain,2021,0.09979238003771096,0.15797022515066583,0.17998571007086997,0.15597193260334996,130.8228294699839,0.1160385352976856,"MSCI World, resident currency",-0.06899533010739956,-0.03450186849311132,-0.06643126225137663,-0.06676181903778766,-0.03450186849311132,-0.05991562929482208,-0.02762281583233217,15,0.0300814,0.05629975611838489,0.05277936425083296,-0.0646718177027612,0.0033390728477111775,-0.12825756217704287
Spain,2022,0.003904052272810654,-0.11199212992826624,-0.1426625321674534,-0.10805940882489218,147.1825259827803,-0.1372682383687167,"MSCI World, resident currency",-0.2200076101808598,-0.06967673946193476,-0.19874614282803227,-0.2003825378229397,-0.06967673946193476,-0.19086346070081994,-0.05990562957310412,15,0.08322563000000001,0.13664867250449908,0.17292769077622538,-0.04319532740699539,0.31117234808183913,0.05448112786214754
Spain,2023,0.1192485695586285,0.1345422695462546,0.16004546877161774,0.13395258692791567,143.050385078757,0.17159819111899544,"MSCI World, resident currency",0.003945621393247389,-0.00016380034597596183,-0.0058240109417880825,-0.00571819757567904,-0.00016380034597596183,-0.02903952399490284,-0.024164608892077683,15,0.0340027,-0.036147006869658216,-0.036234252154519364,0.017003513512843016,-0.04041344039746042,0.08124372675406955
Spain,2024,0.23999305314966501,0.15688175529730963,0.16614991041936228,0.15983727243994283,142.90734288960905,0.15111085374526345,"MSCI World, resident currency",-0.005542996042992132,0.0026706689116708926,-0.014140348446885276,-0.013958190881284804,0.0026706689116708926,-0.013198229909284653,0.0037302403280875603,15,0.02792974,-0.011485232720967575,-0.010808577732104308,0.02171369326854866,0.0075930171744267305,0.21579502223549474
Spain,2025,0.4611807738051863,0.13420162873543018,0.16680038274959644,0.14564030255274218,137.12024251719544,0.13534852618022675,"MSCI World, resident currency",-0.005820959978126372,-0.000281207807866668,-0.008930796551837372,-0.008813154356663744,-0.000281207807866668,-0.009886480907193018,-0.0013771266693289503,15,0.02056199,0.08658638452903578,0.08378834984727046,0.015139307087717269,0.0622371439812901,0.5637520018166076
Sweden,1927,0.27892311613940635,0.2710987763462456,0.25964830591192845,0.2711509330439221,3.7058695652173905,0.2686086311778342,"reconstructed, resident currency",0.09379743044016631,0.052307691403042034,0.07740856229113668,0.0784744097196528,0.052307691403042034,0.11428537877748268,0.09037647680662263,15,-0.011695906432748537,0.2730736569922696,0.2712439625662746,0.06069651650102048,0.2642463169052487,0.0007991081544682643
Sweden,1928,0.20412091806269528,0.3085525386365542,0.3257495565569988,0.3079132127728801,3.7361875000000007,0.3052973863473343,"reconstructed, resident currency",0.019347308061973267,0.0258596479152029,0.05747236842996006,0.05749684151279322,0.0258596479152029,0.06490847381392384,0.033630123694012144,15,0.01183431952662728,0.2841263894376227,0.2849060219307813,0.05045226040342521,0.28757380825715395,-0.014904558474908902
Sweden,1929,-0.0031370658959661846,-0.060877964995907696,-0.07437826490510666,-0.060524008439111654,3.709565217391306,-0.06240296042223348,"reconstructed, resident currency",0.11059190638895533,0.05958928686699694,0.07274098743782109,0.07281930916199442,0.05958928686699694,0.06267943878399551,0.04930235037955856,15,-0.01754385964912275,0.2091588981111352,0.20725369286254347,0.03785806464463959,0.1969195432411932,0.004878748872475747
Sweden,1930,-0.040533634247603256,-0.1720754908453861,-0.18582232580420854,-0.17114947662497537,3.7291012000000006,-0.17280717767172538,"reconstructed, resident currency",0.17325657606124878,0.07437036876325243,0.11962573571750168,0.12109680647727927,0.07437036876325243,0.11075167971569488,0.06387171892837429,15,-0.0357142857142857,0.1458738152675363,0.15340782689903132,0.10740235214556271,0.20249699999550708,0.07899639427490834
Sweden,1931,-0.32411583252013865,-0.043891208548435645,-0.2914996163505158,-0.046532252584693734,5.367083333333333,-0.0484391880795243,"reconstructed, resident currency",-0.07847722007590496,0.07002547819902949,0.012927327392544319,0.008977297436061793,0.07002547819902949,0.3451523452584595,0.42088215844474275,15,-0.030864197530864224,0.26592790270200006,0.3769005604596656,0.15094084355712933,0.8405367945531383,0.48939053567560875
Sweden,1932,-0.2098262514798872,-0.003480891517737561,0.10911036870787186,-0.00558909808344088,5.5778,-0.007577919887273965,"reconstructed, resident currency",0.265848762277634,0.05200129182588675,0.17397182885970408,0.15657680405265406,0.05200129182588675,0.0797791956499192,-0.027747159473433505,15,-0.01273885350318471,0.0418275548918261,0.04349232920109802,0.16025907588768828,0.09019471863437145,0.052756037933123556
Sweden,1933,0.2220119872432671,0.04380626024699552,0.3903498556333137,0.04494169550550575,3.7927272727272725,0.042851812114494736,"reconstructed, resident currency",0.15493863574321698,0.05512913822239596,0.09840620925849719,0.09304049213828325,0.05512913822239596,-0.02614805978513901,-0.06739648586035424,15,-0.02580645161290318,-0.08585472343576361,-0.027469713566992682,0.030170519994877854,-0.40886736910741006,-0.34321244394640904
Sweden,1934,0.2876018830820133,0.16763254047764686,0.015511874456534694,0.16830011047298488,3.928695652173914,0.16596351025203893,"reconstructed, resident currency",0.267630036724241,0.013289473240116756,0.1366849419882239,0.1708441836715653,0.013289473240116756,0.3792907222726276,0.227796171120847,15,0.0066225165562914245,-0.022914226109349123,-0.02276942970353868,0.008767156750223437,0.03176708803792483,0.7506450821699122
Sweden,1935,0.08022286584300398,0.2426916425722767,0.2709089669927148,0.24153476023304732,3.94,0.23905169071258126,"reconstructed, resident currency",-0.0821417335541017,0.0002580640777465337,-0.0034374687724070263,-0.004794412654592239,0.0002580640777465337,-0.01736649453210104,-0.012495804299187233,15,0.019736842105263053,0.023197246515423542,0.0233336188936355,-0.0020322077192309607,0.02645359704177208,-0.027625306912482106
Sweden,1936,0.38163026540902,0.26593769829046,0.2613719748314951,0.26665533742518965,3.9609090909090896,0.26412202675033924,"reconstructed, resident currency",0.11604023748522341,0.007006368985411404,0.039985750582038904,0.03917238577591475,0.007006368985411404,0.027873776931838457,-0.004640202656033559,14,0.012903225806451646,0.28317534109272335,0.2869165633802957,0.012372876775614161,0.29903011936258195,-0.007335828029181646
Sweden,1937,-0.036809816263776995,-0.26587771030510554,-0.23562129872955895,-0.26433985690663053,3.8876470588235286,-0.2658111771928173,"reconstructed, resident currency",0.01577392020435253,-0.011481481914718983,-0.010906120620297388,-0.011785921110634257,-0.011481481914718983,-0.09165077863768656,-0.0939233580721283,14,0.031847133757961776,-0.0769624018166607,-0.0763663347264395,-0.011132956950033579,-0.09009349363392138,-0.047842334945479514
Sweden,1938,0.06858054291118276,0.09040221882696975,0.052196014657916054,0.09021770461867873,4.162608695652175,0.08803726920944133,"reconstructed, resident currency",0.21745363311334076,0.0014545450156384643,0.02968044348982879,0.02806929904975175,0.0014545450156384643,0.06681921831636783,0.04131591855398771,14,0.0185185185185186,0.08232210726183542,0.09045892475465167,0.047570894586841384,0.16540038859570472,0.05465321547765467
Sweden,1939,-0.22121159162591486,-0.01736001573142354,0.025135147371173828,-0.019103792204911207,4.2,-0.021065584620501343,"reconstructed, resident currency",-0.34460214306326475,-0.010000000433886713,-0.07459392944936838,-0.07351498662657785,-0.010000000433886713,-0.09902378074570817,-0.03601228106073246,14,0.030303030303030276,-0.132417174232773,-0.1320521820183732,0.022205827566040615,-0.13517443715860478,-0.03448882473082604
Sweden,1940,-0.017259593223043046,-0.167972941668883,-0.08582626985425651,-0.16683265752273135,4.201,-0.16849899220768594,"reconstructed, resident currency",-0.061557596520438684,-0.09424352300367822,-0.026017498924994276,-0.03219124919355054,-0.09424352300367822,-0.08250313070586202,-0.14572998043203753,14,0.1352941176470588,-0.10244130289490849,-0.10249300350898449,0.0059249679692383594,-0.11544419296814423,-0.1251726450925622
Sweden,1941,0.09608834941093236,-0.0634535897756261,-0.05396332376451018,-0.06226662278654227,4.197,-0.06414208954096923,"reconstructed, resident currency",0.03619490543456916,-0.09448630150118376,-0.040675732808636456,-0.04009239390478514,-0.09448630150118376,-0.029509343184792036,-0.08350825263627007,14,0.13471502590673579,-0.11713011815356833,-0.1142890650302929,-0.07583315048804296,-0.1670079743417462,-0.16123394482409248
Sweden,1942,0.07239293345274067,0.042844673377808506,0.04009373117523034,0.04307948369758674,4.19,0.04099332473019146,"reconstructed, resident currency",-0.039348513819277287,-0.040705127856479284,-0.01458572995037799,-0.017152298586128545,-0.040705127856479284,-0.07617782805419804,-0.10255094489132557,15,0.06849315068493156,-0.031121530017751198,-0.03099149807767987,-0.07087970183543024,-0.027784118353275655,-0.05410188853924147
Sweden,1943,0.11316521212141573,0.1785946236927589,0.1080336202550151,0.1780771124872027,4.19,0.17572095826222833,"reconstructed, resident currency",0.013193202082147026,0.020638298243284225,0.019623026606487404,0.021814203622776418,0.020638298243284225,0.008869331823615267,0.007185755409014487,15,0.004273504273504258,0.2431543895237107,0.24714183320140437,-0.019568422192413393,0.2620512506991466,0.019657850509233077
Sweden,1944,0.15834057171884774,0.14159231806464923,0.10014997181081843,0.14172067658066467,4.19,0.1394372352275033,"reconstructed, resident currency",0.053714859737162834,0.029380342254462954,0.0709603103202141,0.05713865476826063,0.029380342254462954,-0.004638870286700181,-0.03461865510211491,14,-0.004255319148936176,0.10657244839537094,0.10501246136058406,-0.011389603351630306,0.0857947198906246,-0.003734916832809576
Sweden,1945,0.10543173980047782,0.21282227865540637,0.17059503782424268,0.21191467916172257,4.19,0.20949084980339916,"reconstructed, resident currency",0.1143723108481951,0.024879828894854628,0.07583105540853352,0.06939541088533452,0.024879828894854628,-0.04370957450078339,-0.09119310497201015,13,-0.004273504273504258,0.21731058101577316,0.21507424782466256,-0.013237632217602213,0.20381791849457187,0.0004181072309044076
Sweden,1946,0.13771519472456384,-0.18628962204613042,-0.056960377356742906,-0.183744020976931,3.9,-0.18537653293497713,"reconstructed, resident currency",0.022723114388620624,0.01564102519590116,0.020119757523711534,0.015420592657722887,0.01564102519590116,-0.3176535960684964,-0.3241769673859198,12,0.0042918454935623185,0.5411415745558692,0.47213542281230847,-0.1458067950930625,0.3014010937000091,-0.1535144817858447
Sweden,1947,-0.06308718322470963,0.055389012770980406,-0.11010864322103718,0.05432801197477932,4.45,0.052219355950829716,"reconstructed, resident currency",-0.005854877121591828,-0.009626556450647805,-0.0606425029653489,-0.06690561882084001,-0.009626556450647805,0.04441617965360334,0.10425603616590735,12,0.029914529914529808,0.05730068847975378,0.07963107655216173,-0.07460156340503099,0.25167840799253294,0.15686736548316427
Sweden,1948,-0.09743702506609997,0.12909308548511844,-0.10088655962570733,0.126962340166755,5.2,0.12470841548642153,"reconstructed, resident currency",-0.041184060414339974,-0.03600000042249174,-0.05075123738602427,-0.045755472049220924,-0.03600000042249174,0.053124527825763934,0.06434613716614813,12,0.05809128630705396,-0.0782939288389346,-0.0758499588037499,-0.016410018909050028,0.1182871904144891,0.15330260662716833
Sweden,1949,0.13723432645201683,0.28566368972556555,0.0773523523117792,0.2843180513675856,6.5,0.2817494152648503,"reconstructed, resident currency",0.050367221105261706,0.016015624554711394,0.026532808343775693,0.050901175721819625,0.016015624554711394,0.3012961017321183,0.273406104272563,13,0.0039215686274509665,0.1853008451500826,0.23323221842748199,0.031435476496074255,0.4835422331526593,0.25184657625590146
Sweden,1950,0.26506602947528535,0.13798590082230744,0.18847743953473378,0.1392449503394566,6.12,0.1369664604387777,"reconstructed, resident currency",-0.05678200721740723,0.009624615082374,0.0014420363131122382,0.0019809573817604065,0.009624615082374,-0.05259029120292458,-0.04669315184829521,14,0.015625,0.12891517927739682,0.11948504859533693,-0.044909057796571394,0.0005696909043442222,-0.11825652771091733
Sweden,1951,0.05335483817677744,0.05640658922384145,0.1344099175779936,0.056374163192268734,6.21,0.054261414865884205,"reconstructed, resident currency",-0.11569354246909691,-0.11907894794191975,-0.13161041558967257,-0.12778856111994763,-0.11907894794191975,-0.11730980747033559,-0.10776967168435067,15,0.1692307692307693,-0.1399819808131122,-0.13989447055843462,-0.044855439335450886,-0.12649267050745538,-0.11859916608833954
Sweden,1952,-0.17044198330194682,3.4994505977214985e-05,0.08836884516606744,-0.001601461361269596,5.76,-0.0035982584385471084,"reconstructed, resident currency",-0.08827244668650491,-0.03950920307928807,-0.014506504069391024,-0.015702461827744152,-0.03950920307928807,-0.03399061370102574,-0.058167999163431475,15,0.07236842105263164,-0.08022199948925257,-0.07898873049724575,0.003226921042449371,-0.15006594300234144,-0.12641824471217233
Sweden,1953,0.17602913199764925,0.04029051978495524,0.06431392608504552,0.041382041148806836,5.56,0.039299277066509264,"reconstructed, resident currency",0.011391674759002823,0.023719511528658366,0.04651798400420937,0.04505967110339881,0.023719511528658366,0.024055789782584824,0.002201661322498098,15,0.006134969325153339,-0.05132989258742604,-0.04833808005020568,0.006703548557218442,-0.0981876792659988,-0.04336389506886573
Sweden,1954,0.37429757262721197,0.4492703820314261,0.4647000233935019,0.4486057401964274,5.48,0.4457085287160345,"reconstructed, resident currency",-0.028428723595359084,0.023757575091087446,0.05147259416084937,0.051015340948349586,0.023757575091087446,0.043701553639336144,0.01650877825196913,15,0.0060975609756097615,0.5116630607433703,0.5005351651311793,0.018564239040369523,0.47869117432308284,-0.01655413477329759
Sweden,1955,-0.05216886455901959,0.1744770391432815,0.2559464436144308,0.17259866754784614,5.22,0.1702534702127505,"reconstructed, resident currency",-0.06293251048938364,0.009371680232275859,-0.014612634824482273,-0.015315592035136327,0.009371680232275859,-0.06147776763054502,-0.03812788631838004,15,0.027272727272727337,0.41039106688681826,0.3805250872154471,0.011922977581826144,0.30773726527837764,-0.08177682636589012
Sweden,1956,-0.02311970396072005,0.017230942580551467,0.02562787131107485,0.016980737540742696,5.32,0.014946776065661194,"reconstructed, resident currency",-0.04385477948666994,-0.00937724675397178,-0.04029320231777034,-0.040244364812331845,-0.00937724675397178,-0.036871696422772327,-0.005694991149551099,15,0.05014749262536866,-0.032053355187169896,-0.0316842316861472,-0.012271588679896195,-0.049555535796777406,-0.046672860497248614
Sweden,1957,0.0378270311060771,-0.10954949995127838,-0.08926324908364322,-0.10867842756473212,5.28,-0.11046107070960265,"reconstructed, resident currency",-0.021162516908139417,0.0010107527737335253,-0.024224172390725607,-0.025126134943162737,0.0010107527737335253,-0.056481102176969444,-0.031201466719801358,15,0.04494382022471921,-0.15515689379270936,-0.15114251089574493,-0.011143687996010843,-0.18042314668786963,-0.05053288292826963
Sweden,1958,0.1731564262785863,0.24971276392269437,0.2948390888155703,0.2491608433428414,5.17,0.24666252165615576,"reconstructed, resident currency",0.011498991784054002,0.0035371141335398537,0.049648709491122434,0.047750276664613844,0.0035371141335398537,0.026621596916029278,-0.018133578802472957,15,0.043010752688172005,0.063827508988896,0.06079675722827682,0.006882515564111014,0.029394373605680313,-0.0556398032466896
Sweden,1959,0.471595616596739,0.23691491973936274,0.2315132670963544,0.23833799212146212,5.180999999,0.23586131613721917,"reconstructed, resident currency",0.030551480324676916,0.03698209896112048,0.05688702281386804,0.0567955760750809,0.03698209896112048,0.04864948060423191,0.02869907183372627,15,0.0077319587628865705,0.22571681824251022,0.22113591288715995,0.010506777644549326,0.1988503450854746,-0.01496629074802125
Sweden,1960,-0.002876265162112368,0.005900977646037919,0.0267154138697528,0.005840705364360765,5.179999999,0.003829023953632049,"reconstructed, resident currency",-0.03239665633062916,0.006224571404571222,0.008184003096162629,0.008444180266210521,0.006224571404571222,0.008049681168029288,0.0061870979176372595,15,0.04092071611253201,-0.00043931048782586135,-0.0008276016053084811,0.012803101551821738,-0.019221803843813223,-0.04401527130956562
Sweden,1961,0.00237978296802166,0.17790870753904753,0.17597764642251748,0.1767157160400843,5.184999999,0.17436228460800418,"reconstructed, resident currency",0.011161520853280482,0.024837739801464087,0.018541217134715016,0.018845897636585063,0.024837739801464087,0.020487348108384484,0.026771101180993698,15,0.02211302211302213,0.010966364725639277,0.010734228087053488,0.023604783271376606,-0.0005575188344709714,-0.019827536885747565
Sweden,1962,-0.09425204691536937,-0.12611493685335062,-0.1026866880937348,-0.12593594157831334,5.187999999,-0.12768406969515667,"reconstructed, resident currency",0.048315350068818486,-0.005321100490902619,0.05930652439618367,0.05878550091406631,-0.005321100490902619,0.050657177530011754,-0.013773172523396559,15,0.04807692307692313,-0.16832797283380607,-0.1668289958004172,0.01825126995188109,-0.1776436800271426,-0.049776326861508124
Sweden,1963,0.245395755980222,0.13648017218607156,0.1382891118052965,0.13714997473453683,5.199999999,0.13487567478506768,"reconstructed, resident currency",-0.012944798062001661,0.017171491626110758,0.01742311189443635,0.017377469135866797,0.017171491626110758,0.012338312505828064,0.012189186275727137,15,0.029816513761467878,0.06722481367344502,0.06614908542485187,0.01837742808505438,0.05301618916618178,-0.03484451426711921
Sweden,1964,0.1630841087123489,0.03954878591978317,0.06023507259046242,0.04033418141725531,5.147999999,0.03825351305442082,"reconstructed, resident currency",-0.026699433104209414,0.025523759110893218,0.015375666442352998,0.014629566086155066,0.025523759110893218,-0.009546841084555613,0.0006224440357369169,15,0.031180400890868487,0.263870403428484,0.2566776478341175,0.027000180476569158,0.23120967100620304,-0.04181935231717804
Sweden,1965,0.050633268143974064,0.043822436679865406,0.06396412936129306,0.043869228609028976,5.179999999,0.041781490151810985,"reconstructed, resident currency",-0.02580786938540014,0.010138603696098425,0.010246508555882272,0.009672335092395068,0.010138603696098425,-0.0032264882909917025,-0.0032296461303956323,15,0.05183585313174954,0.11907083304308852,0.11788205761886594,0.03155536016230376,0.11049094101874357,-0.04271463266071873
Sweden,1966,-0.2501340074633358,-0.11757535230784899,-0.09059423193566822,-0.118372899441202,5.179999999,-0.12013615364231955,"reconstructed, resident currency",-0.014469565454016342,0.0016811200505506552,-0.013816694085180936,-0.014373612939203362,0.0016811200505506552,-0.033663583130737806,-0.018365989275891968,15,0.06570841889117052,0.05214722689021456,0.049921471576589216,0.010884962315295343,0.026130950821246834,-0.07691300988186578
Sweden,1967,0.03958302992913465,0.13982419160840798,0.18310631273235392,0.13928975153286816,5.164999999,0.1370111720298024,"reconstructed, resident currency",0.04603874538507724,0.02358333104186605,0.022773803448254082,0.021331259016398763,0.02358333104186605,-0.031523433733795625,-0.031427587437024486,15,0.040462427745664664,0.08882618476751625,0.08667403580906075,0.01912916025527034,0.06784098076411804,-0.04797734395575948
Sweden,1968,0.36687481143729883,0.18502399241109302,0.1588836837934472,0.185827480643036,5.179999999,0.18345582568175,"reconstructed, resident currency",0.040234702711962056,0.03393829371881574,0.03862040201832673,0.03822244745474612,0.03393829371881574,0.03340760807786447,0.029170864577568522,15,0.020370370370370372,-0.017263682328481855,-0.01726050619697883,0.011003722479790534,-0.015420714548752601,0.1673703224021892
Sweden,1969,0.02768204428334542,-0.07621469744178833,-0.09520246245582455,-0.07565483238457704,5.169999999,-0.07750352271980787,"reconstructed, resident currency",-0.033856763548049895,0.04651060360796455,-0.0060214094335235835,-0.006127701653617312,0.04651060360796455,-0.022922214067274793,0.02868245158225553,15,0.02722323049001818,0.221690568500704,0.21972267273035406,0.01323387456286551,0.21176051828234788,-0.1924257516022424
Sweden,1970,-0.24313001780470544,-0.06582508829881772,-0.056235810947996887,-0.06676077555587523,5.169999999,-0.10354997038168223,"MSCI World, resident currency",0.006515776175112675,0.005702482126961117,-0.014529015917902899,-0.014747061404749795,0.005702482126961117,-0.02073177431530493,-0.00046463681750987066,15,0.06890459363957602,-0.0515256310696659,-0.05142428330158444,0.020938455464238448,-0.04622538121340081,-0.007559728933911103
Sweden,1971,0.18112770158510938,0.0509168152179893,0.09561692075343392,0.05151939466874511,4.864999999,0.07178992350702673,"MSCI World, resident currency",0.0163968725846364,-0.018038461815852336,0.026637895936494793,0.02690349557820837,-0.018038461815852336,0.03374794171189821,-0.010629112052473463,15,0.07438016528925617,-0.13986191372553447,-0.136319108499252,0.017643971771362565,-0.1862663189060304,0.027683156488877314
Sweden,1972,0.08063811401151266,0.14729277204758562,0.19675380475863524,0.14698515100370302,4.742999999,0.14517215527485483,"MSCI World, resident currency",0.004103135387852452,-0.004716981413229515,0.012584500854414982,0.01196791527155372,-0.004716981413229515,-0.008814538409556927,-0.026411176418329536,15,0.06000000000000005,0.1055212428350627,0.10022851323350035,0.01154035341542925,0.06722186878242598,0.3608889969802829
Sweden,1973,-0.03116058472569294,-0.14603852958182983,-0.15536393934235815,-0.14556693595033277,4.587499999,-0.2628851187867206,"MSCI World, resident currency",0.009872900780771854,-0.011027211163725181,-0.0738825966537957,-0.07498570076770339,-0.011027211163725181,-0.019821952665827758,0.04775039671320895,15,0.06676342525399126,0.3719419552680685,0.3582475205967488,-0.005739170208360234,0.3288352562907533,0.5234504491653962
Sweden,1974,-0.0764454607840277,-0.3912054490951451,-0.33971620262137736,-0.3896893161438938,4.080499999,-0.3907048273591459,"MSCI World, resident currency",-0.06764930699684535,-0.022122522041496562,-0.1019972905519888,-0.10094786585662652,-0.022122522041496562,-0.14177679020487277,-0.06718599099998403,15,0.0993197278911564,0.15526919724647104,0.12986138743337805,-0.018682411153460032,0.04132883594617742,0.3260045945402106
Sweden,1975,0.22385485922201642,0.2877008851798961,0.21401109020203102,0.2872485457174243,4.385499999,0.3517566038809181,"MSCI World, resident currency",-0.07134340589250754,-0.029853440728773495,-0.007015480196908119,-0.005936360063420465,-0.029853440728773495,0.00578435747748185,-0.01691529379517951,15,0.09777227722772275,-0.12710096016931083,-0.12887850673077406,-0.002214119066057396,-0.0407146323431411,-0.2529326536772549
Sweden,1976,-0.049990761781585014,-0.03732865482641268,0.06161003391930469,-0.037410434853416774,4.126499999,-0.0047116467256981265,"MSCI World, resident currency",-0.040957459287605635,-0.01696118407248226,-0.027103657206165033,-0.030687875468912718,-0.01696118407248226,-0.10768143800576735,-0.1012502553499525,15,0.10372040586245768,0.14206560752071673,0.125082218505022,0.0049242743921680265,0.05278565540056368,-0.17997529313146565
Sweden,1977,-0.21378926105728935,0.08586823521512588,-0.06499275499702893,0.08422892272924942,4.669499999,0.06373658907415058,"MSCI World, resident currency",-0.032336883663857674,-0.025490824885051167,-0.005903310864587397,0.017009376907672902,-0.025490824885051167,0.15489929310693973,0.12113354074946095,15,0.11338100102145043,0.24496312483745886,0.2760902768723328,-0.011551278487003214,0.36645351728131303,0.23903720290353392
Sweden,1978,0.10251132523020101,-0.02398729541750777,0.029792031805599625,-0.02344465939202922,4.295499999,-0.01830047776304944,"MSCI World, resident currency",-0.0205522478868565,-0.028083333062629,-0.026334073994868756,-0.027618659724642503,-0.028083333062629,-0.01369270279618906,-0.013042588862054123,15,0.10091743119266061,0.2309711038361384,0.20411857914737497,-0.010424790546951224,0.12716949659433063,0.12604394091590443
Sweden,1979,-0.03206515298290169,0.010456475746879246,0.056337417640686616,0.010250916675625055,4.146499999,0.013273386562607348,"MSCI World, resident currency",-0.028732125903733308,0.021772938234438932,-0.058360196737507364,-0.05754561743028763,0.021772938234438932,-0.08117869091373198,-0.0028009651633035407,15,0.07166666666666677,0.27811279327871996,0.2603882669091089,-0.02032579690849734,0.20851045974978333,0.9647994896396963
Sweden,1980,0.1305867278518782,0.18562311951980992,0.12369217715088983,0.1853857476551033,4.372799999,0.18629531146946743,"MSCI World, resident currency",-0.10546060965423865,-0.020756333903202306,-0.0701108995044879,-0.06948723822693414,-0.020756333903202306,-0.06667656445151615,-0.016654906756681895,15,0.13608087091757382,0.053164922225726885,0.06265743219235076,0.000695567814542164,0.11090164069951824,0.053993485839752386
Sweden,1981,0.4576075186222899,0.10542722136123506,-0.06064637417615195,0.10682277974159549,5.570999999,0.10241280992208468,"MSCI World, resident currency",0.0010592899261376854,-0.003255494771313816,-0.06113783150094443,-0.057735967845383485,-0.003255494771313816,0.033019069816758284,0.0983575248311456,15,0.12114989733059556,0.02785756698999542,0.08644624227345443,0.06875376114405274,0.3706235369749551,-0.23344367546407385
Sweden,1982,0.29240381365685963,0.318263025499508,0.07373907405920387,0.31808676181427864,7.294499999,0.363654271939605,"MSCI World, resident currency",0.02968135247315007,0.024901572057581367,0.10877851441258324,0.13627473096731513,0.024901572057581367,0.25374069277691635,0.1562702323377561,15,0.08547008547008539,0.145934522005432,0.23578791458963733,0.08419578734237465,0.5505820799420333,0.4104179071843861
Sweden,1983,0.5547751988340544,0.23481276459976108,0.20695522187784884,0.2375432908240065,8.000999999,0.24703872626002954,"MSCI World, resident currency",0.06710485856312709,0.007410941477220545,0.02071210924468625,0.016239138420851562,0.007410941477220545,-0.012256157917775234,-0.02458618892294806,15,0.08942632170978637,0.052256248483847356,0.06470081678971651,0.04999397713684739,0.15137514687293718,-0.1568052774455042
Sweden,1984,-0.1609624106059454,0.11048376519374714,0.08774072398621682,0.10744117268922415,8.9895,0.07788323653312457,"MSCI World, resident currency",0.05535080949161508,0.025443357296188074,0.0663636858781862,0.06496582133754569,0.025443357296188074,0.047420268250558006,0.007165698902520612,15,0.08002065049044926,0.07137946184491506,0.08917310691778124,0.06256920408590982,0.20296848137668766,-0.16369273682432794
Sweden,1985,0.19889019539816943,0.147241921493259,0.25911439572641803,0.14775773836689643,7.6155,0.11422264379623859,"MSCI World, resident currency",0.033856774294684255,0.04320569652218098,0.09056685808076725,0.08786752036930423,0.04320569652218098,0.06637091157798003,0.018812791824765977,15,0.07361376673040154,0.2798654114067134,0.22219273175947252,0.041566294338919674,0.042932210190510744,-0.16980328747731244
Sweden,1986,0.473802234463486,0.19819531428241932,0.2529113594161501,0.20057812740976555,6.819,0.22318206114022177,"MSCI World, resident currency",0.19761175129822006,0.045766769770321236,0.12082096474294413,0.12317248220061328,0.045766769770321236,0.14923070358726598,0.07330905332575698,15,0.04229741763134465,0.24705938446480857,0.2148190413776534,0.05503815580608573,0.09973014988388873,0.02349974608979366
Sweden,1987,-0.0977770751693332,0.04529675428568325,0.07748565155972573,0.04387535273572274,5.848,-0.047365955641197166,"MSCI World, resident currency",0.004498187614391025,0.04337602316050737,0.03443988941576781,0.037179931831121005,0.04337602316050737,0.05449238992158523,0.06265021587321183,15,0.04228961982058954,0.2418368373773876,0.19944168414726993,0.0219249880214456,0.03521337828591142,0.011796368583064432
Sweden,1988,0.4686925128667878,0.14448957679928487,0.1387003719730906,0.14735172411640707,6.157,0.23500235189705032,"MSCI World, resident currency",0.10792979055555363,0.03477923977199593,0.04625230427512261,0.04596810538896712,0.03477923977199593,0.029344043377615314,0.018451795584068998,15,0.05819672131147535,0.0916046762056415,0.09484766024210312,0.030389429819428715,0.1205368032093006,-0.1666441679365055
Sweden,1989,0.19401255037413234,0.13852503552929618,0.21686127585456672,0.1391090392424581,6.227,0.10261264793869707,"MSCI World, resident currency",-0.04426925168054119,0.025659098331931807,-0.019632192080264455,-0.017909870561925056,0.025659098331931807,-0.0019503013396874325,0.04402501636300271,15,0.064291247095275,0.03155434330809226,0.032334632867485835,0.04313487985098852,0.04054843408132469,-0.08275631643606118
Sweden,1990,-0.3604325845307512,-0.20347359550127941,-0.13069748077179846,-0.20510824141565076,5.698,-0.32684658332959515,"MSCI World, resident currency",0.036161672574258175,-0.004981425557683106,-0.030565022408456266,-0.028237848208715,-0.004981425557683106,-0.0034798844206135326,0.02323955390187567,15,0.10480349344978168,-0.08225515503308412,-0.08091380700826323,0.019629465469601426,-0.18267310663344283,-0.21068966677927548
Sweden,1991,-0.006741210966449418,-0.017891090492763717,0.05170929408654167,-0.01778877138143009,5.5295,0.07330081222049922,"MSCI World, resident currency",0.16910871664922467,-0.012453872662202659,0.05267945501771476,0.0499401239516557,-0.012453872662202659,0.02942141510907237,-0.03473592286263903,15,0.09321475625823461,-0.048232930416300945,-0.04930602541488982,0.0295655869605842,-0.08713805954919362,-0.186367039477214
Sweden,1992,0.0026207124751296274,0.24315144264580302,0.006948490730140741,0.2413588119485297,7.043,0.18526126808253207,"MSCI World, resident currency",0.08795585867363154,0.053868042810412575,0.09390777166219921,0.1127743784887576,0.053868042810412575,0.25743964046508916,0.21168752886960346,15,0.022898463392588164,-0.05527077214035947,-0.07185655304681238,0.008383806062487231,0.15359490723130098,0.16365285062627266
Sweden,1993,0.49677634406955407,0.3325276180401755,0.14913477914919027,0.3336767532185536,8.3035,0.3858002462840293,"MSCI World, resident currency",0.2386360617714669,0.0028369450098169047,0.17623115913418208,0.2008361484074319,0.0028369450098169047,0.3110201745388588,0.11961772268766123,15,0.04653902798232701,0.09746570146114863,0.11681322452675569,0.004321478172269577,0.26939276059530926,0.3166725137998654
Sweden,1994,0.04256628749620739,-0.08141230560182644,-0.021394220915021585,-0.08033775299789103,7.4615,-0.08425683283910501,"MSCI World, resident currency",-0.13481808557010688,0.024906933480010274,-0.11387393689252445,-0.11424410494317816,0.024906933480010274,-0.11093343845279069,0.02869222186342363,15,0.021953278919223163,0.03874244463920662,0.03313419527082728,0.016542435122898214,-0.07517773284760043,-0.14747826541804443
Sweden,1995,0.17651638247747115,0.0598619735153294,0.18588397562893733,0.06095088234157031,6.6582,0.046905092219226896,"MSCI World, resident currency",0.24105426844428557,0.03390457329752783,0.187294006547158,0.17516781121007807,0.03390457329752783,0.11666609325541799,-0.02756319954080751,15,0.025337372624621324,0.21611412045133105,0.19001184606376142,0.033488873052366586,0.08343309274411537,-0.12575610093742118
Sweden,1996,0.41981683712113993,0.2298279791734006,0.19250338224140387,0.23151729165117985,6.871,0.15768385913862448,"MSCI World, resident currency",0.21967867016792297,0.01897813270545834,0.1160710021981024,0.11949982719887853,0.01897813270545834,0.12969563296164033,0.03112105384136956,15,0.004566210045662045,0.17731847103139486,0.18873226266410903,0.020154971252071885,0.2430661234346967,-0.03052571532766646
Sweden,1997,0.27237972474478656,0.3788464456706262,0.2326967076340966,0.3776727508064377,7.877,0.3260897022685241,"MSCI World, resident currency",0.13237146732020877,0.018266723283190123,0.10926241982891338,0.11361047966400961,0.018266723283190123,0.14289701363987484,0.04913638886992676,15,0.005347593582887722,0.10331916050555234,0.1302158471917143,0.038183713171633826,0.31046843149120495,-0.10331350190943811
Sweden,1998,0.13269256764291515,0.2569697033195837,0.18742512375376502,0.2555935924703763,8.061,0.27137841840350774,"MSCI World, resident currency",0.21557302816662305,0.01987145460058426,0.1316786468324369,0.14402176219185137,0.01987145460058426,0.2253206205627616,0.104089079529327,15,-0.0015957446808511078,0.1306257410377878,0.1399742075385324,0.0384762766424287,0.19600628175446033,0.00993374027031857
Sweden,1999,0.6894711128032092,0.27977288844602355,0.2215122986145203,0.2838885861568552,8.525,0.3078820096047934,"MSCI World, resident currency",-0.059734044758522065,0.025810523205540337,-0.05665512828715036,-0.05418306925427707,0.025810523205540337,-0.07941664014038885,-1.8265530543093435e-05,15,0.004794885455514208,0.03179321329854057,0.035637613324899675,0.025016298269186832,0.10824370632142188,0.05159649449564463
Sweden,2000,-0.11669841831235561,0.0344425073346728,-0.049712288687023036,0.032717551549095614,9.535,-0.03869350596383547,"MSCI World, resident currency",0.13304767955410468,0.029448103849172513,0.07702354364295072,0.08087778930276324,0.029448103849172513,0.11664429086534556,0.06708592885885878,15,0.009809119830328727,-0.026500339107927817,-0.025595708033198994,0.02935847551351123,0.11474976401095449,0.04269656166437419
Sweden,2001,-0.16871848338112228,-0.08997885143891071,-0.16402385003482672,-0.0907988086958933,10.6675,-0.08051990690667576,"MSCI World, resident currency",-0.020550322075740146,0.01517016712054886,0.022706911139243724,0.025366460207581376,0.01517016712054886,0.08105601423779651,0.07343075476439176,15,0.02441585718036232,0.07431321931967383,0.08917299895133035,0.024736810195639336,0.21804012375392312,0.10927449677310674
Sweden,2002,-0.37253785912439086,-0.32832641893374004,-0.22869482954906944,-0.32873808027854123,8.825,-0.3569359901558312,"MSCI World, resident currency",0.09534545868590327,0.018735011137659408,0.0999633796497077,0.09498455311334353,0.018735011137659408,0.05367692039261773,-0.023376235675763968,15,0.021527421834956373,0.04601540474230603,0.03869938107149529,-0.00596150761007852,-0.16039591127881347,0.003917795526909851
Sweden,2003,0.329258471015871,0.01793916995938516,0.17300693800589192,0.020411661979860662,7.1892,0.06626111403097568,"MSCI World, resident currency",0.01965639460579749,0.010802051893690212,0.027299147712050997,0.025147469762815566,0.010802051893690212,-0.026512796915251102,-0.041646408737824346,15,0.019317611640742527,0.3008494358468152,0.24064971977970284,-0.006956332666097742,0.04457137241068043,-0.04348297729612394
Sweden,2004,0.20905152160551932,0.07887011339971761,0.12359215061247827,0.07991637201667379,6.6146,0.04509899050153221,"MSCI World, resident currency",0.11828958176080073,0.01733581148921104,0.08363103181462139,0.08273957680404243,0.01733581148921104,0.06811253987681032,0.0025251954772246583,15,0.0036918533103618145,0.18988826861748787,0.17339701298149013,-0.017486342515833142,0.08188403185620463,-0.050456160537221684
Sweden,2005,0.36365660187788973,0.28768971374568864,0.1030524135659458,0.288353454592561,7.9584,0.31183098287009137,"MSCI World, resident currency",0.09944058760131358,0.012449515925723409,0.05910162405908803,0.06382274601028559,0.012449515925723409,0.13052821963491756,0.08128906149665004,15,0.004659146640510148,0.03826950677965901,0.05121747587220904,-0.0006986459582450921,0.268832205635269,0.40539195892481716
Sweden,2006,0.24099528457984687,0.04388512482670892,0.15565058406970764,0.04589078634215937,6.8644,0.028803972353552032,"MSCI World, resident currency",-0.022163327984052517,0.009518030961823465,-0.025787851292735198,-0.025685401772704064,0.009518030961823465,-0.07091260865669435,-0.036929457913326004,15,0.013668537954600879,0.16096808278317454,0.13858567398048005,0.024767261591463807,0.03530139780263686,0.05140237134004688
Sweden,2007,-0.04906070338119739,0.005024075128736483,0.03979021951961977,0.004436945673776949,6.4136,-0.015232740131902789,"MSCI World, resident currency",-0.03202618112125766,0.01332123741388136,-0.013742762241060413,-0.014102799993361503,0.01332123741388136,0.012534396087528155,0.04121752825021381,15,0.02191187093667235,0.14957637169952132,0.13880983902434374,0.011644528236934182,0.07906923203079685,0.18664636534608747
Sweden,2008,-0.41288660558318224,-0.2704547023965589,-0.396264627339321,-0.27185198131062716,7.8106,-0.2750638684144263,"MSCI World, resident currency",0.207905611307583,0.004493896812540088,0.10412952788392804,0.11739654923339815,0.004493896812540088,0.24414013458880146,0.13422778621581158,15,0.034401508011310034,0.2867378456730829,0.37578605814897403,0.03138761247384991,0.6152039116012455,0.2705072794676209
Sweden,2009,0.5266003792228191,0.16116134251956926,0.23477594510137875,0.1645991279633412,7.1165,0.15109801580695215,"MSCI World, resident currency",-0.04846717469486117,0.006743585400056817,0.007447371754566223,0.005835773454713422,0.006743585400056817,-0.01617972242729082,-0.014912316741001597,15,-0.0027334851936217097,-0.05377674245300634,-0.04418160763719703,-0.019834602641820354,-0.1612511252840758,0.10280630514672295
Sweden,2010,0.2488651589251445,0.034711626624776004,0.09014828897301755,0.037093176121925975,6.7097,0.04262475299064339,"MSCI World, resident currency",0.018258603478760405,-0.00765168758984669,0.020519383758616838,0.01919957775738368,-0.00765168758984669,-0.046078235277873136,-0.07326894434651916,15,0.012791228871630977,-0.043905373512679424,-0.042077162899451404,-0.011732246102603261,-0.09898009995760082,0.200837274187192
Sweden,2011,-0.15910616078219564,-0.023362032538674415,-0.04925184091211906,-0.02517732387756222,6.8877,-0.05428736563419512,"MSCI World, resident currency",0.1751124363613652,-0.009374559839348207,0.05500506795550608,0.0560591556915897,-0.009374559839348207,0.060421345728463915,-0.00486033853743204,15,0.02616147947677039,0.039385490373910814,0.040165149735454264,-0.025979726392153846,0.05455573566911909,0.08627350466463879
Sweden,2012,0.1554830363892783,0.0747402567588793,0.12689909768723287,0.07579536578101864,6.5045,0.09818291270880697,"MSCI World, resident currency",0.015202403555508504,0.003709513255778507,0.13634009533323166,0.1304079844559971,0.003709513255778507,0.08704990384286448,-0.0398018403410889,15,0.00879120879120876,-0.09776683862902147,-0.09198444641534875,-0.014131120381582707,-0.15282989411164982,0.012985992808324465
Sweden,2013,0.2782070112155639,0.27880279159583,0.2956205147428269,0.27879576233041314,6.4238,0.24818044355199764,"MSCI World, resident currency",-0.0728362425252368,0.009689952168084215,-0.00470317732993808,-0.003656467783040185,0.009689952168084215,-0.0173856290494524,-0.004407460879518932,15,-0.0004357298474944038,0.11522107252970692,0.11308545568776096,-0.01307117198017016,0.09298181286219398,-0.2850991793688895
Sweden,2014,0.15875779960353298,0.299195529909307,0.10269044907086809,0.29757014045792607,7.7366,0.26894732281784917,"MSCI World, resident currency",0.19023037534613785,0.0059624090160377285,0.18987959420662537,0.20355476495816416,0.0059624090160377285,0.27358975515075135,0.07631790880005564,15,-0.0017436791630339732,0.09655219593209874,0.1179786767364126,-0.006284064445272408,0.32898100386634677,0.21557444854385333
Sweden,2015,0.10239405717168548,0.11253815443404025,0.03967683404177978,0.11242131995547933,8.4408,0.07685705267988441,"MSCI World, resident currency",0.00472861021478832,-0.0024560580132614307,0.011224496544856466,0.011172309573395323,-0.0024560580132614307,0.017214304436441008,0.0035062942752965326,15,-0.0004366812227074579,0.15100348010073206,0.16452709601470827,-0.00531491867575451,0.25487612546858585,-0.04890599829334086
Sweden,2016,0.08602478690227855,0.09383732883507645,0.03643383973590924,0.09373962956560455,9.0622,0.12970102542874984,"MSCI World, resident currency",0.051032941897220185,-0.01622018170019468,0.02290272329797527,0.024591261817237697,-0.01622018170019468,0.07024876413100012,0.029575224478700913,15,0.009829619921362998,-0.1571146951889989,-0.16836763349825867,-0.014283553872012966,-0.09052643742190714,0.13619083637075402
Sweden,2017,0.08885108580740786,0.0907560940488108,0.16302656295315837,0.09073231713804142,8.208,0.09161549591397544,"MSCI World, resident currency",0.00023802044918985743,-0.0244644815129621,0.0003478488148258574,0.0007193161823511041,-0.0244644815129621,0.0040488745265134796,-0.02121448310847053,15,0.01795370971230792,-8.220913473144797e-05,-0.0028238138048336525,-0.00991627081888169,-0.07762087603497103,-0.0013756317420177133
Sweden,2018,-0.05879999845660988,0.05869686099855054,-0.015191031334131737,0.05733240098123882,8.9562,-0.019540429950153926,"MSCI World, resident currency",0.010159648615570394,-0.025901156315131235,-0.015298880915667445,-0.014787436539455134,-0.025901156315131235,0.03635485035373365,0.025386007448841823,14,0.019549511262218378,-0.053225253874215395,-0.05353747407405762,0.0017853235335945072,0.06747108958642745,0.06055001639481783
Sweden,2019,0.3149309923886079,0.1759371182065792,0.13807727984756593,0.17754884283405792,9.2993,0.2974758877733801,"MSCI World, resident currency",0.03901666034254059,-0.021742420966421094,0.04984110343118697,0.052294464637732796,-0.021742420966421094,0.08618965538796952,0.012328867529763738,14,0.01792413505627355,-0.14058184635967585,-0.14682850487679788,-5.033643403207222e-06,-0.08765677129086535,0.19723762271219258
Sweden,2020,0.15990024630189814,-0.031167087557798845,0.060271285546691075,-0.028944314665085957,8.1772,0.009908405794466502,"MSCI World, resident currency",0.01296477802188889,-0.006233374083129517,0.032222046180774955,0.029788202335184533,-0.006233374083129517,-0.022036407401729963,-0.05806774925271605,15,0.004914004914004844,-0.07704135593127504,-0.06988814328873338,-0.00489791713896115,-0.18119809685776134,0.08528734428211049
Sweden,2021,0.36305186029936176,0.12529547384347683,0.17500636143623832,0.12812318738304196,7.630096555541338,0.08826575157169825,"MSCI World, resident currency",-0.03673727046736808,-0.0215896425011054,-0.05394604852852036,-0.05297537240524819,-0.0215896425011054,-0.08330976765655174,-0.05182056562487873,15,0.021631969999999997,0.07042633049612523,0.06430723594024368,-0.0646718177027612,-0.021629168115939512,-0.14995100144880102
Sweden,2022,-0.2829919999524144,-0.06229998976705653,-0.13593457001000697,-0.06492450093631574,8.997607621438577,-0.0961158224127443,"MSCI World, resident currency",-0.13287242969966462,-0.06801414064801803,-0.1973142064580764,-0.20456233582950256,-0.06801414064801803,-0.15226754374112084,-0.015063007230645449,15,0.08369291000000001,0.13867999947965504,0.1875378689257463,-0.04319532740699539,0.37371543766997184,0.10478001324160147
Sweden,2023,0.09466245168370602,0.16819451836335664,0.15931648199354637,0.1673301334686661,9.43841593576683,0.20452362283854786,"MSCI World, resident currency",-0.10979987079523112,-0.044701211093185145,-0.050109289265397594,-0.047960002731959994,-0.044701211093185145,-0.0017526153111703247,0.0032592995630554918,15,0.08548625,-0.07908155621866897,-0.07773936310305574,0.017003513512843016,-0.013446172961670388,0.11162992636353941
Sweden,2024,0.05831690860539518,0.15564329598375548,0.1700632303922322,0.15452279419404724,9.391502333382935,0.14606676085787695,"MSCI World, resident currency",0.011911922587240387,0.006558902682166634,-0.01031730573805778,-0.010282603779885102,0.006558902682166634,-0.017522331079541376,-0.0006680402976409964,15,0.02835037,-0.007651893799285547,-0.00726779288753876,0.02171369326854866,0.0031778101118109525,0.2104674875291499
Sweden,2025,0.11856875531700806,0.13141790576148393,0.17772087019221638,0.13129144931465442,8.72548917287056,0.11265640691022405,"MSCI World, resident currency",0.0012990878557619379,0.01600714244789958,0.00721662654308064,0.006686896833093758,0.01600714244789958,-0.029675799823813964,-0.02133652136164672,15,0.008359053,0.10429006255588047,0.09701796003314489,0.015139307087717269,0.04100629600076089,0.5324974168890053
Switzerland,1927,0.2767530648893841,0.2877723654754498,0.25952981749180626,0.2876143537774458,5.1916,0.28503912506989093,"reconstructed, resident currency",0.06407476726496286,0.055024701976365664,0.08019038217086383,0.0820311326275609,0.055024701976365664,0.12871714178150184,0.10449858160862129,15,-0.012345400556224573,0.27636067524265995,0.2772435950562604,0.06069651650102048,0.2806203119084838,0.013761043955299535
Switzerland,1928,0.20362124130388382,0.3062085289832315,0.32687698207367294,0.3046504144565678,5.1922,0.3020411136276546,"reconstructed, resident currency",0.04091081886326409,0.0355280966312288,0.06743875845568859,0.06652345302645934,0.0355280966312288,0.06225188961441086,0.03105156833243085,15,0.006249857269523984,0.29622893208700396,0.29354517320184237,0.05045226040342521,0.2843617498325721,-0.017362036323305685
Switzerland,1929,-0.061824049800634384,-0.07145000226008102,-0.07409329496743984,-0.07133094960494502,5.1869,-0.07318828770573516,"reconstructed, resident currency",0.04743756353855133,0.041999999433755875,0.05493338046846974,0.055340666145797135,0.041999999433755875,0.05045526884645546,0.03723205920917735,15,0.0,0.18908674027135186,0.18816279899821042,0.03785806464463959,0.1831511881153185,-0.006680530572034993
Switzerland,1930,-0.03764247860301506,-0.19619617194418504,-0.18673534896568342,-0.1941375224411095,5.1594,-0.19574924739622723,"reconstructed, resident currency",0.07887295325461441,0.06076590012272454,0.10544821030023721,0.10553869522314185,0.06076590012272454,0.07994514731503988,0.03436539525781615,15,-0.018633610854147498,0.131363917341224,0.136391011543618,0.10740235214556271,0.16914592480151436,0.04907058998629554
Switzerland,1931,-0.2636198736371338,-0.3253827480371012,-0.2922712169822749,-0.3243820826926641,5.1544,-0.3257333185272788,"reconstructed, resident currency",0.11580109930190718,0.09072650704165941,0.03252371855056935,0.033985048966718834,0.09072650704165941,-0.04683820881384804,0.006823195886718603,15,-0.050632771389372166,0.29041891769225225,0.29307778751697344,0.15094084355712933,0.3041863652278054,0.055367561722160286
Switzerland,1932,0.14304203455397402,0.02468445733004665,0.1052464098052553,0.026580340933778812,5.1533,0.024527180251911362,"reconstructed, resident currency",0.13974916436395501,0.11978297056765275,0.2496122125492919,0.22657674269446737,0.11978297056765275,0.11471032011725435,0.00370546076871896,15,-0.08000029654844087,0.10895372781451562,0.10952196165109784,0.16025907588768828,0.12546278785043663,0.08681295655401478
Switzerland,1933,0.15394046660626404,0.23364608377813,0.3934738751836694,0.23224965581689228,4.0265,0.22978515650525844,"reconstructed, resident currency",0.09271552608526679,0.08491527868973692,0.12941405507942916,0.13447955541624435,0.08491527868973692,0.1484169148459944,0.09977462307718582,15,-0.05072465019417838,-0.06004853665831211,-0.016151761928329567,0.030170519994877854,-0.3029056223015937,-0.22548191600266076
Switzerland,1934,-0.05808812793180029,-0.11615090562161079,0.01810034908887125,-0.1153320901999828,3.0896,-0.11710142601958284,"reconstructed, resident currency",0.05001812629660041,0.04636637146661471,0.1737898494551029,0.15767874622788214,0.04636637146661471,0.044435611484688886,-0.07028009102370072,15,-0.015266833050771367,0.008980871545416935,0.008377922351783695,0.008767156750223437,-0.21871852532357716,0.32563500744507334
Switzerland,1935,-0.10632446936533146,0.2724766574730122,0.2748993733303994,0.2671624317100507,3.0772,0.2646281068466305,"reconstructed, resident currency",0.04582553563456626,0.03820625691368695,0.03437052145156194,0.03253649951501725,0.03820625691368695,0.0029169558126160844,0.007888186483988464,15,-0.007751761372102872,0.06201571528305205,0.061413742248545455,-0.0020322077192309607,0.047641578573949905,-0.007553618237151616
Switzerland,1936,0.501703704768379,0.35111799660711807,0.2596086015724897,0.3526788285180953,3.3125,0.3499734708610591,"reconstructed, resident currency",0.038121267379764845,0.0141870211514874,0.0474015685575786,0.05023726025959663,0.0141870211514874,0.09768068342170255,0.06295855300476759,14,0.015624641234581294,0.2923252691132938,0.31472502437305416,0.012372876775614161,0.3872523078306449,0.060079857226888356
Switzerland,1937,0.02277538724855188,-0.03489926717102909,-0.23771578235586466,-0.03414001498406649,4.3596,-0.03607173495409832,"reconstructed, resident currency",-0.012065651154662071,-0.02285706306978985,-0.022288322864380206,-0.014806412090840992,-0.02285706306978985,0.19258624185500817,0.1896025359153771,14,0.053846158546309475,-0.08758444775228424,-0.10039520557419424,-0.011132956950033579,0.194630826279655,0.25010304926312155
Switzerland,1938,0.017958728596568108,0.04048807246417474,0.05296881208024501,0.04007992147558581,4.3723,0.03799976163263463,"reconstructed, resident currency",0.05638665333390236,0.02645833045244217,0.05538895817542566,0.050067285174181686,0.02645833045244217,0.01775750303305368,-0.006572931064512645,14,0.0,0.10934495106256081,0.10958589657690565,0.047570894586841384,0.11180504547226433,0.006150999833230308
Switzerland,1939,-0.17101904145598779,0.012679075165993758,0.02625857994249142,0.009670741118742665,4.4396,0.007651399636505074,"reconstructed, resident currency",0.0099502929396178,0.01740716910876916,-0.048974978860984675,-0.04792965988932152,0.01740716910876916,-0.07259369564727702,-0.007733757276281339,14,0.007299105020374341,-0.10839900291103555,-0.10821290685787366,0.022205827566040615,-0.10980482946783254,-0.006165610443359726
Switzerland,1940,-0.05299289629509252,-0.14289277630340302,-0.08580421425403162,-0.14153182751239035,4.4099,-0.14324876385736562,"reconstructed, resident currency",-0.06994202564524721,-0.062399830376455134,0.008224816947125513,0.0014266884549285486,-0.062399830376455134,-0.05464146217717203,-0.11978832448119896,14,0.09420308624600748,-0.07088581972542807,-0.07095618463508735,0.0059249679692383594,-0.08858284715275222,-0.09860672361861389
Switzerland,1941,0.16860894916176905,-0.10080695558446906,-0.05606889545532368,-0.09694346879834403,4.3086,-0.09874958186074734,"reconstructed, resident currency",-0.07926999045417094,-0.10940391943249328,-0.056479837057880955,-0.05747661838093865,-0.10940391943249328,-0.0653975347326683,-0.11739959527873738,14,0.15231811768864723,-0.1316746972165681,-0.12790752853908416,-0.07583315048804296,-0.19781154484986418,-0.1922510356539957
Switzerland,1942,-0.04049531454427435,0.00521735304714821,0.04168810141065676,0.004473288168230116,4.3,0.0024643415918936817,"reconstructed, resident currency",-0.06752672518422376,-0.0758765115830271,-0.05071474974185053,-0.05320341855059352,-0.0758765115830271,-0.1103701019526987,-0.1357671036219548,15,0.10919519240952891,-0.06664428474278417,-0.06653220080182765,-0.07087970183543024,-0.06376752806482267,-0.08911123155925094
Switzerland,1943,-0.06446691277392436,0.12676170638269135,0.11056034820479824,0.124045437582466,4.297,0.12179734670730102,"reconstructed, resident currency",-0.017289390475705102,-0.02558774150437093,-0.026557030164516826,-0.024479180978702608,-0.02558774150437093,-0.037401747701363286,-0.039008108072509144,15,0.051813533344418294,0.18685030577385997,0.19050456203641564,-0.019568422192413393,0.2041681612408297,-0.027108036807311997
Switzerland,1944,0.030342467227819636,0.10868171645091262,0.10146307546887408,0.10772657260993324,4.29,0.10551111946471337,"reconstructed, resident currency",0.004835312468115749,0.00014927906436335014,0.0405485108909609,0.02704931620111717,0.00014927906436335014,-0.03427519940463741,-0.06336235264830249,14,0.024630374174614778,0.07514937974357805,0.07352138014098641,-0.011389603351630306,0.053465780460906664,-0.03339816066668966
Switzerland,1945,0.14941219069083522,0.19582095866404425,0.17030466634533625,0.19524264139376535,4.29,0.19285215611097772,"reconstructed, resident currency",0.01624141037566651,0.014874750600448738,0.06532858122819718,0.05868762286904494,0.014874750600448738,-0.056865046882788706,-0.10369535710098593,13,0.009615549855245487,0.2054269559035442,0.20241543164403808,-0.013237632217602213,0.18725726604272808,-0.013344419747511882
Switzerland,1946,0.08624509511292788,-0.25775550314485596,-0.057065655411051165,-0.2538314034933118,3.6,-0.25532374068632513,"reconstructed, resident currency",0.04348567843885576,0.03403983618512618,0.038599702838477246,0.03168180685098476,0.03403983618512618,-0.376242904631065,-0.38220615016372195,12,-0.009523971631205663,0.5690600731537581,0.4598538726400099,-0.1458067950930625,0.18965698571741885,-0.22619750749630707
Switzerland,1947,0.0531141297882356,0.048959234733046086,-0.11201895865898627,0.04901789510415866,4.14,0.046919859313950374,"reconstructed, resident currency",-0.01268936694798295,-0.019316900254973346,-0.06983367944602448,-0.07621201539515376,-0.019316900254973346,0.03915598366854178,0.09869445709323676,12,0.043269401517087136,0.04695549269259702,0.06975013091294846,-0.07460156340503099,0.2453743370057213,0.1510408097578575
Switzerland,1948,-0.08168035107006189,-0.04659131197107025,-0.10117569410005738,-0.047170114958904,3.99,-0.049075774728986166,"reconstructed, resident currency",-0.007948501430812938,-0.008598648833982092,-0.023769184376954744,-0.020884334473366017,-0.008598648833982092,-0.10959888630022685,-0.10011118262399561,12,0.03215849919926783,-0.05209476688020298,-0.05212472962402703,-0.016410018909050028,-0.05450482495457498,-0.024899811711935005
Switzerland,1949,0.14979486416171817,0.12002071333354492,0.0765519950374319,0.12056675664800198,4.3,0.11832562313470607,"reconstructed, resident currency",0.05219512513279034,0.031918615362987346,0.04260041736567377,0.05914640896546097,0.031918615362987346,0.1353800957667135,0.11104608912178938,13,-0.007980556989894083,0.20385354059088834,0.2184039167034555,0.031435476496074255,0.29438973997447193,0.09223541340266572
Switzerland,1950,0.11404867993496581,0.247747195294566,0.19064068298563583,0.24529561354858997,4.29,0.2428050223214928,"reconstructed, resident currency",0.07403943912025146,0.03921025796794675,0.030787900126608037,0.03249165140156096,0.03921025796794675,0.03560270707963453,0.042048802599844205,14,-0.015470332204238102,0.16199646596876605,0.1569792403305248,-0.044909057796571394,0.0937112749646869,-0.03617630432373564
Switzerland,1951,0.14083904271332748,0.18138086158830058,0.13342515634012406,0.18070541072147006,4.36,0.17834399990002714,"reconstructed, resident currency",-0.03931263420107867,-0.023544147658333237,-0.037434637497905876,-0.03304773700306618,-0.023544147658333237,-0.013420507028377049,-0.0027575333075025537,15,0.04776882377355296,-0.04671408863213622,-0.0465646847694684,-0.044855439335450886,-0.023684158347789364,-0.014861618283916633
Switzerland,1952,0.05705456560416389,0.1061895640457382,0.08643502309656781,0.1052687989338319,4.28,0.1030582613359643,"reconstructed, resident currency",-0.0033260731889989126,-0.0020271606232771244,0.023951239797615376,0.026242151637631217,-0.0020271606232771244,0.06941265720323897,0.04264728370036071,15,0.025194905292108327,-0.04432872682513711,-0.04406812263164195,0.003226921042449371,-0.05908757074945581,-0.032908583025413884
Switzerland,1953,0.11191201304414733,0.09471699515441268,0.0643049984746967,0.09504468838917846,4.29,0.09285459901240012,"reconstructed, resident currency",0.04536085228465403,0.029744453621671108,0.05267710296395922,0.05353966850472602,0.029744453621671108,0.07682561145239264,0.0538453349121971,15,-0.006436337723835117,-0.04574664209921564,-0.04536543624121925,0.006703548557218442,-0.05171709063247132,0.005931775307484566
Switzerland,1954,0.2525760741060219,0.4691534339530443,0.46811596336980366,0.4649157670525599,4.28,0.4619859355184548,"reconstructed, resident currency",0.02430865184701836,0.015920514481603698,0.04342336976422745,0.044031512269431916,0.015920514481603698,0.055452715392523944,0.027953773265267726,15,0.00706697550732116,0.500090990053579,0.49848752627390613,0.018564239040369523,0.4953399367129552,-0.00548139908800005
Switzerland,1955,0.05006514917286098,0.256431955807237,0.2569800225448142,0.25285431335912234,4.28,0.25034860473240417,"reconstructed, resident currency",0.005380294661410323,0.013698534466550782,-0.010388593693836046,-0.010690239823435421,0.013698534466550782,0.0027570894877604335,0.02770509627643088,15,0.00935662438533269,0.4164369632392284,0.41085244379332875,0.011922977581826144,0.3972421416534022,-0.01893128863984772
Switzerland,1956,0.006040127072067802,0.03276382576244563,0.025626099528142394,0.03235381347185151,4.28,0.030289105844907738,"reconstructed, resident currency",0.005768564968128498,0.00811399248871103,-0.02334784027547543,-0.02330409152343471,0.00811399248871103,-0.022312674805413768,0.00933530965703384,15,0.015063779651429465,-0.014962503717126485,-0.014535939866852421,-0.012271588679896195,-0.03518824802313558,-0.03226199708384436
Switzerland,1957,-0.11979311589982944,-0.07899406406773968,-0.0880404772123147,-0.07960002655302012,4.28,-0.08144082649991413,"reconstructed, resident currency",-0.01145897761336101,0.004751732515357432,-0.020577500670828863,-0.02108895677022249,0.004751732515357432,-0.025699819953466263,0.00040453623299476773,15,0.01959681926773249,-0.15199954414744887,-0.15173169961132815,-0.011143687996010843,-0.1536853394390072,-0.019557546493617295
Switzerland,1958,0.20548430244653915,0.3168455750339556,0.2953367989963637,0.31514147672065707,4.307999999,0.3125111937672158,"reconstructed, resident currency",0.009510514676312587,0.009920710590882509,0.05632562625782045,0.058273909106667965,0.009920710590882509,0.08084771484540254,0.03372857226340168,15,0.018380273377176737,0.07059461846791981,0.07175402684128085,0.006882515564111014,0.08376694950575692,-0.0057587296838668145
Switzerland,1959,0.3003598211272447,0.2571540101747245,0.2320699416807434,0.25772288834200063,4.322999999,0.2552074425653166,"reconstructed, resident currency",0.07217213103853015,0.034095984610799546,0.053945509352578025,0.054883805909708094,0.034095984610799546,0.0650650000202273,0.044802288303325825,15,-0.006459085051341851,0.22230542001094622,0.22150603203007546,0.010506777644549326,0.21761710316872307,0.00045338978271147745
Switzerland,1960,0.42411800137617406,0.022614394615522837,0.021051977397455186,0.028053462877338786,4.304999999,0.025997355951584034,"reconstructed, resident currency",0.04345854907645563,0.012534472460502544,0.014506191488789177,0.015412951876458747,0.012534472460502544,0.030311221200562732,0.028407505085028095,15,0.014385216964103886,0.005828802247103804,0.0057586933056335,0.012803101551821738,0.0024374789124377294,-0.022903521853354758
Switzerland,1961,0.46683375502984004,0.177819851467921,0.16965695400145867,0.18281946797331639,4.315999999,0.18045382903736984,"reconstructed, resident currency",0.017857345992122742,0.008669641905944214,0.002472454764150589,0.0034631750810367734,0.008669641905944214,0.025780726567556478,0.03209707414828852,15,0.01845370063436569,-0.004982894868497567,-0.004789319630890465,0.023604783271376606,0.004626697619353193,-0.014743276103739933
Switzerland,1962,-0.21118612672871173,-0.11982809122341087,-0.10035565869542992,-0.1217105108129164,4.318999999,-0.12346708979129062,"reconstructed, resident currency",-0.019202387650766206,-0.014992403854395375,0.049006844009459094,0.04995730751347138,-0.014992403854395375,0.055736300872340605,-0.009005520612386568,15,0.04315608787770775,-0.1764143537529398,-0.1768562307283239,0.01825126995188109,-0.17366821660309284,-0.04518272264703205
Switzerland,1963,-0.0347784981605731,0.1312071874442411,0.1418761979399653,0.12845563972938145,4.314999999,0.12619872844992264,"reconstructed, resident currency",-0.021567632689978855,-0.006337512964739722,-0.006091708177964561,-0.005559308723507406,-0.006337512964739722,0.004598253038708089,0.004450266986623401,15,0.03439717595193281,0.042558969958134574,0.04274113828019743,0.01837742808505438,0.044965117875782834,-0.04222382685689807
Switzerland,1964,-0.09713762689658412,0.05332464286171201,0.06313414322262097,0.05121686924319224,4.314999999,0.049114435504705956,"reconstructed, resident currency",-0.009680206993658902,-0.001071913905066224,-0.010956828512688421,-0.01056219475922715,-0.001071913905066224,0.0008140532580735993,0.01108971684535672,15,0.030813272668675173,0.2310935090020938,0.2339554728433617,0.027000180476569158,0.24408906181847234,-0.03179605301984978
Switzerland,1965,-0.10070301136200255,0.057851559209657566,0.06592226067774613,0.05590112250414525,4.317999999,0.05378932025913685,"reconstructed, resident currency",0.011491904027887356,-0.002186982308547636,-0.0020803940904847718,-0.0016389819257344174,-0.002186982308547636,0.008262568768699907,0.008259374531261037,15,0.03414498594178883,0.10541606948144056,0.10789266952086618,0.03155536016230376,0.12329073318392658,-0.03168072568127667
Switzerland,1966,-0.16101768769397817,-0.10081365957792843,-0.09086811392830281,-0.10140239991373634,4.326999999,-0.10319959511390886,"reconstructed, resident currency",-0.024001459445482487,-0.013873624708899968,-0.02913077887971327,-0.028654167727717672,-0.013873624708899968,-0.015062508259674479,0.0005295500111591226,15,0.04776124621920719,0.03580881216316523,0.03667068454601674,0.010884962315295343,0.04588301470970091,-0.05914444614365888
Switzerland,1967,0.41500399566952595,0.13977122397306818,0.18014740225371267,0.1423420730581979,4.324999999,0.14005738891208153,"reconstructed, resident currency",0.014745394081504326,-0.00432432727911547,-0.005111783372734657,-0.005242747608502518,-0.00432432727911547,-0.02892874536236556,-0.02883264227954471,15,0.04021490116990112,0.05913970178766892,0.06032546730913069,0.01912916025527034,0.07070188072993466,-0.045426737982401266
Switzerland,1968,0.36208515520117457,0.16989161033021682,0.15777863775866494,0.17179564142522774,4.301999999,0.1694520501423773,"reconstructed, resident currency",0.03453309367530322,0.011637434145620462,0.01621855475531664,0.016326035511748493,0.011637434145620462,0.021179345839292596,0.01699273551989638,15,0.024123499762094047,-0.038460174180085294,-0.038440546653015883,0.011003722479790534,-0.02707119360759902,0.15355688584503824
Switzerland,1969,0.019468681389020137,-0.06935241571938044,-0.09589912881910909,-0.06830624379385364,4.317999999,-0.07016963130626597,"reconstructed, resident currency",-0.02050452669916858,0.03669658453052982,-0.015342791191863991,-0.015313363070892816,0.03669658453052982,-0.015154398621798681,0.036860526604463886,15,0.024890036153784934,0.21023373805421608,0.2124454464505503,0.01323387456286551,0.22139407275022105,-0.1860054974419405
Switzerland,1970,-0.13767935197106518,-0.03649017116422304,-0.056236391735353,-0.03771487325775158,4.315999999,-0.07564908570663753,"MSCI World, resident currency",0.0005389796317893936,0.0302459893505862,0.009520754910283591,0.00959134518130389,0.0302459893505862,0.009746723010862102,0.030644649785623437,15,0.03616030901038103,-0.02837873828679005,-0.02815237250632241,0.020938455464238448,-0.016540340479920257,0.023328731811273595
Switzerland,1971,0.08376620733461215,0.021205133112677688,0.09613967508136063,0.021847427596122238,3.914999999,0.041545958935086835,"MSCI World, resident currency",0.034681489196784376,-0.05088542025652598,-0.007703502366951498,-0.006964604875022928,-0.05088542025652598,0.004577452757170253,-0.03854736116763926,15,0.0657301253297986,-0.16863383490010875,-0.16553458915052188,0.017643971771362565,-0.20922840511549168,-0.0013161952444618041
Switzerland,1972,0.1319044129939011,0.12704630749387857,0.19689094611217242,0.12709662041138703,3.773999999,0.12531506172510665,"MSCI World, resident currency",-0.026574134534233074,-0.03722281189316001,-0.020486394073658265,-0.020185087116721845,-0.03722281189316001,-0.026001528457553325,-0.043293043707715584,15,0.06660192363871431,0.06941504445685154,0.06655462638858078,0.01154035341542925,0.04871642015696298,0.33729140949146186
Switzerland,1973,-0.2643914466196938,-0.25508538364930045,-0.1537574998914324,-0.25517762195860916,3.243999999,-0.3574456773561162,"MSCI World, resident currency",-0.08326754479834175,-0.04703278197627381,-0.10759978900056688,-0.10841125134865659,-0.04703278197627381,-0.145563795648049,-0.08665994457773014,15,0.08755052838582866,0.3219936111086332,0.27001126766526107,-0.005739170208360234,0.15836602919451992,0.32801507118366446
Switzerland,1974,-0.39087197777335236,-0.46266339113913546,-0.33792451528038786,-0.4619534867309778,2.539999999,-0.4628487557849287,"MSCI World, resident currency",-0.07189003967086138,-0.03458910495944045,-0.11344558084418732,-0.1127214774131845,-0.03458910495944045,-0.24339517912537878,-0.17763634432903033,15,0.09766733157350527,0.14054111569776118,0.09092281513991707,-0.018682411153460032,-0.08197027486507302,0.1689982947099702
Switzerland,1975,0.37545930814863837,0.27001288794294087,0.21236882781427036,0.27111978696899874,2.619999999,0.3348195824928415,"MSCI World, resident currency",0.07053628309610915,-0.036987777330048655,-0.014317764306901237,-0.013697457882769326,-0.036987777330048655,-0.006817756782941609,-0.029232989634414303,15,0.06696465077280611,-0.1335201506612712,-0.1351824612946705,-0.002214119066057396,-0.052734131077326496,-0.2622931373521079
Switzerland,1976,0.0606559400222062,0.037546305935891144,0.06089211257697932,0.037826975102355886,2.4495,0.07308154839178793,"MSCI World, resident currency",0.12133064225464363,-0.002023895578572854,-0.012320483732725651,-0.012369123796143744,-0.002023895578572854,-0.03793651255596564,-0.031002659246431072,15,0.01715862326650952,0.15941931032685974,0.15478798892832324,0.0049242743921680265,0.13507292384697234,-0.11588096125998426
Switzerland,1977,0.06720109422307519,-0.14271539676722922,-0.06752939083739447,-0.14003146275284184,1.999999999,-0.15628519093581217,"MSCI World, resident currency",0.06856857401546712,0.011697049171518703,0.03203203486600592,0.02881044857619064,0.011697049171518703,-0.08397845239093904,-0.11076014402006183,15,0.01285261405208038,0.2924716892243133,0.23901240779055177,-0.011551278487003214,0.08381819359202747,-0.0172435095223481
Switzerland,1978,-0.015512307757944765,-0.06400429272495312,0.030842189753844274,-0.06323203531177068,1.619999999,-0.05829744087131006,"MSCI World, resident currency",0.06530372517884087,-0.003916666017093284,-0.00212391169618531,-0.008540724428267366,-0.003916666017093284,-0.05387739850611284,-0.053253771885509796,15,0.010558018212471154,0.2615791485595862,0.21492854103007075,-0.010424790546951224,0.08124571263515024,0.08016601498958065
Switzerland,1979,0.07025020174328778,0.0551329408575878,0.05568416613346821,0.055367383088813504,1.579999999,0.05852483247335449,"MSCI World, resident currency",-0.05540818265464431,-0.02552857987394097,-0.1019520658689762,-0.100413304282018,-0.02552857987394097,-0.04014534954590343,0.04173262151288613,15,0.03647643826703573,0.21894438787909087,0.23003115220298942,-0.02032579690849734,0.26248093447769194,1.0525448296535194
Switzerland,1980,0.019656756738828385,0.37586799431705864,0.1254044835183388,0.37020025634245424,1.763499999,0.37125163103129877,"MSCI World, resident currency",-0.016863068486522415,-0.016642622778294536,-0.06620452229718232,-0.05790363041487634,-0.016642622778294536,0.07883869294760637,0.13665927019996457,15,0.04022032821781729,0.05758916963923455,0.09483041570824202,0.000695567814542164,0.2841032683823157,0.2183225142851144
Switzerland,1981,-0.1727431327440131,-0.06565087803356273,-0.05692881888381224,-0.06718947737289271,1.798499999,-0.0709061213807689,"MSCI World, resident currency",-0.0431717648755503,-0.033393336306831056,-0.08952552675232162,-0.09289817031200909,-0.033393336306831056,-0.1293899294117271,-0.0743238434175018,15,0.06490230689600196,-0.0032210176548425062,0.023846991552435748,0.06875376114405274,0.15513710166781602,-0.35395998456011957
Switzerland,1982,0.07193577437788834,0.14795226227299363,0.0752750086375611,0.1469175178567017,1.994499999,0.1865675447911297,"MSCI World, resident currency",0.047892197126741864,-0.041007970927824045,0.037474998885470345,0.049014134031839074,-0.041007970927824045,0.09092755124586493,0.006114789453645919,15,0.05655205636272265,0.0722415716814826,0.13374571449520456,0.08419578734237465,0.3492205535182955,0.22725836577098413
Switzerland,1983,0.23625715000841563,0.3054145208632304,0.20955565940460402,0.30446185465462605,2.179499999,0.3144707435649934,"MSCI World, resident currency",0.0030718141996401993,-0.01091951347286868,0.0021396314551511697,0.005340447833248829,-0.01091951347286868,0.04115482158878403,0.02815805999489458,15,0.02967690326109862,0.033109805890619626,0.055775000651949735,0.04999397713684739,0.2136342790021284,-0.1112106059044915
Switzerland,1984,0.01559421957741347,0.229650914925976,0.08587806691188725,0.22683369355687577,2.585,0.19408913530621197,"MSCI World, resident currency",0.003354000924738809,0.0041343431749538695,0.04420433531135992,0.06053771003068498,0.0041343431749538695,0.1603419739973604,0.11574758540706623,15,0.02915180068816081,0.049115881980445364,0.08745706568862222,0.06256920408590982,0.33265973998063214,-0.07353098843275885
Switzerland,1985,0.5598677889729591,0.12355113934263873,0.2543073524751399,0.12955637870795034,2.076499999,0.09655309002025336,"MSCI World, resident currency",0.0246620074862407,-0.012736278064446105,0.03208513806796365,0.03489890259677275,-0.012736278064446105,0.049460199637073377,0.002656265556842337,15,0.03442472110828976,0.2112325439310947,0.16624019764038134,0.041566294338919674,0.026393193616693456,-0.18296870422614708
Switzerland,1986,0.08893047721524816,0.08440866096402977,0.25776164908390936,0.08448741749684863,1.6235,0.10490564864478746,"MSCI World, resident currency",0.06372835573202296,0.02106687577685995,0.09434837083858838,0.08472734764161971,0.02106687577685995,0.03810506737314623,-0.030475287827762,15,0.007524604829468373,0.21760517393697065,0.1685399506230798,0.05503815580608573,-0.006608996980382975,-0.07546825058327988
Switzerland,1987,-0.28516756024071466,-0.011060667157324011,0.08177247826513598,-0.015563639683152886,1.278,-0.10160960416897391,"MSCI World, resident currency",0.030603197544417426,-0.008723605916304833,-0.01721352540736487,-0.015136581192760734,-0.008723605916304833,-0.005551144017642895,0.0021421696206866663,15,0.01447487928236768,0.17982732482859243,0.13806079182101527,0.0219249880214456,-0.023732395251700567,-0.04581602404987106
Switzerland,1988,0.21353508210197325,0.3338471573725357,0.14070466182311392,0.33234559259987506,1.504,0.4341286161989262,"MSCI World, resident currency",0.01026480839020949,0.029605101481911866,0.041020797978348345,0.05635183391866061,0.029605101481911866,0.19531088038349265,0.18266241519517962,15,0.018594407411534286,0.08614639743882457,0.11025242320641393,0.030389429819428715,0.3012071535880618,-0.03227759493517879
Switzerland,1989,0.18831499376386462,0.19492407933508638,0.2169813725544055,0.19484094729583745,1.5465,0.15655893806231802,"MSCI World, resident currency",-0.10883393120953133,0.06328348856908717,0.016330771677484535,0.018794216477948433,0.06328348856908717,0.0468801548521367,0.09510485526592796,15,0.031592241214886574,0.06939498960721524,0.07130909922655859,0.04313487985098852,0.09145817814926249,-0.03787936535074232
Switzerland,1990,-0.2345620317817778,-0.23733686492946615,-0.13180122616942255,-0.23730206297948597,1.2955,-0.35410989402232185,"MSCI World, resident currency",-0.048553116715276734,0.03167971108637002,0.005153494907592648,0.001729356939153659,0.03167971108637002,-0.043839833356139946,-0.01820255599500243,15,0.054106218067169864,-0.048441143888050986,-0.04620594888756213,0.019629465469601426,-0.215775571063604,-0.24265743566324838
Switzerland,1991,0.11172996618597963,0.09357975582918909,0.05039033692147327,0.09381131720798996,1.3555,0.1952506151110336,"MSCI World, resident currency",0.02820678687478595,0.016235201002404276,0.08326070848446165,0.09342819173626071,0.016235201002404276,0.14638558511107513,0.0749386088286978,15,0.058440999999999965,-0.020583269489127032,-0.019558150818460573,0.0295655869605842,0.016582474747184328,-0.09392102804103575
Switzerland,1992,0.1305815162070325,0.027877755150307992,0.005400136257456042,0.02912162391055162,1.456,-0.017384829247943046,"MSCI World, resident currency",0.09602167279881657,0.02231890402950598,0.06115998285018809,0.05873514847629835,0.02231890402950598,0.0424530863350312,0.004523289624138756,15,0.040526585799302905,-0.08355267491125917,-0.08672232119584755,0.008383806062487231,-0.04363713952993409,-0.035298819504971934
Switzerland,1993,0.4596712275598267,0.16009984333149685,0.147140087331918,0.1643431730121636,1.4795,0.2098486773691015,"MSCI World, resident currency",0.1440177976628758,0.007812900355777197,0.18206747554982994,0.17201442566959435,0.007812900355777197,0.1445632430959729,-0.022537321244605744,15,0.033177885767831095,0.10291119322465803,0.1035087410997706,0.004321478172269577,0.10822115711572766,0.14949791906915677
Switzerland,1994,-0.08391733868428852,-0.080544527212984,-0.01978090166361974,-0.08060021576973175,1.3115,-0.08451817714320231,"MSCI World, resident currency",-0.03059057186834857,0.026353517737020438,-0.11262323210095349,-0.1128527648997002,0.026353517737020438,-0.1111871695098775,0.028398642984001986,15,0.008424468043969568,0.04020855674989465,0.03451513776513604,0.016542435122898214,-0.07544166823962961,-0.14772156693253224
Switzerland,1995,0.20870555109691669,0.047930458590258684,0.18543964564574836,0.05039667481867394,1.1505,0.03649061047086133,"MSCI World, resident currency",0.1350830223941526,-0.0006029674499548054,0.14766694872353647,0.1405790021093316,-0.0006029674499548054,0.10555763773861915,-0.03723687997763996,15,0.018113889610287703,0.1755251641309037,0.15528761274043879,0.033488873052366586,0.0726552349862164,-0.13445297059454264
Switzerland,1996,0.1733670135111065,0.39510535200407015,0.19485967514921382,0.39164811119827037,1.3464,0.3082143197314702,"MSCI World, resident currency",0.04253647271648742,0.006820451244941461,0.10275488157045132,0.1265928887714194,0.006820451244941461,0.2765868611817266,0.1651948995950884,15,0.008124138131747616,0.16327159162449378,0.2051833182819498,0.020154971252071885,0.40469860593921614,0.09553236991956982
Switzerland,1997,0.5438748661722566,0.2951781155641995,0.22811792759335003,0.2991290169230132,1.4553,0.2504868157197704,"MSCI World, resident currency",0.08318481449187565,0.004786557254658597,0.09457762138996273,0.09299620959372201,0.004786557254658597,0.07773828937611582,-0.010676864521766511,15,0.005188606957549746,0.08871304098303678,0.10780541929820342,0.038183713171633826,0.2357561431880335,-0.15443529817176416
Switzerland,1998,0.1534413978474487,0.15853655118707866,0.18751493486998969,0.15843249638226187,1.3765,0.17299585145219343,"MSCI World, resident currency",0.11411883584999671,0.008563286008175464,0.11913077830147367,0.12069598705046092,0.008563286008175464,0.13050212573514042,0.018651796487029474,15,0.0001851287189091888,0.11808954695479956,0.11599719210451975,0.0384762766424287,0.10345620666615107,-0.0682175578642712
Switzerland,1999,0.10795494967713015,0.41224085691154144,0.228617875053174,0.4061769448553967,1.5996,0.43245570396613586,"MSCI World, resident currency",-0.05873034075153605,0.002835761720247243,-0.07778293204397979,-0.08088734545241971,0.002835761720247243,0.008267469942249583,0.09522841424783042,15,0.008078828460994059,0.00868445935087947,0.018999036702142202,0.025016298269186832,0.21380216781511852,0.15175939859151533
Switzerland,2000,0.10190023440303642,-0.06382609623803492,-0.053333146176941265,-0.060776670364039664,1.6365,-0.12572272566203702,"MSCI World, resident currency",0.0306289805494131,0.019084204628125656,0.06618068189666726,0.06235410129284591,0.019084204628125656,0.015551994165634797,-0.02951973886070567,15,0.015617743311695964,-0.03630098116019287,-0.03597992565369357,0.02935847551351123,0.01382898305035285,-0.051701082278135524
Switzerland,2001,-0.2279184194715015,-0.15350234220509507,-0.16268075351015587,-0.15509016732593828,1.6773,-0.14553810638072107,"MSCI World, resident currency",0.027976715758963433,0.006534523520416169,0.014007155494294432,0.013616196697249006,0.006534523520416169,0.004612471735571333,-0.0024735910274236014,15,0.009900779513575042,0.06517446960318973,0.072074206575242,0.024736810195639336,0.13191017235150015,0.030835571292917363
Switzerland,2002,-0.26423375222714207,-0.32013933972368647,-0.22935293038116933,-0.3190474599601151,1.3868,-0.3476524467627691,"MSCI World, resident currency",0.1301600676509238,-0.002000129767446013,0.07757493180199693,0.0764218650934625,-0.002000129767446013,0.0688882450243653,-0.00927728291832878,15,0.006412956488774713,0.024725003834201953,0.01859320648725249,-0.00596150761007852,-0.14827503237513417,0.018410776435762166
Switzerland,2003,0.21292165523300755,0.1300000187922319,0.17349603616330267,0.1315813386407252,1.2369,0.182425900949313,"MSCI World, resident currency",-0.008843441646684935,-0.0054271041211628734,0.010805118924802404,0.013423391212581848,-0.0054271041211628734,0.07954465188971649,0.062762294961896,15,0.006361629330459584,0.2799633598771043,0.25140182023191016,-0.006956332666097742,0.15837315069962998,0.06072563977150569
Switzerland,2004,0.0604174257809027,0.06937127353523542,0.12545331649054328,0.06920959638726543,1.1316,0.03473741002014252,"MSCI World, resident currency",0.052528370214782294,-0.0024858382364949527,0.06251769391580853,0.06248032275468418,-0.0024858382364949527,0.05752279273735161,-0.0074142892911732185,15,0.008005739179255844,0.16670462737837988,0.15211549586933026,-0.017486342515833142,0.07115774796396912,-0.05987036436156912
Switzerland,2005,0.34036267113741747,0.23319069442182316,0.10127645713077767,0.2350074414858152,1.3143,0.2575128510278053,"MSCI World, resident currency",0.05268266529017107,-0.005364659277438899,0.040466599208795806,0.04330924850289475,-0.005364659277438899,0.08371717332832529,0.03651682896902955,15,0.011727573722808415,0.020001025624860613,0.03102449907673499,-0.0006986459582450921,0.21629449618077312,0.34719980863122535
Switzerland,2006,0.19397171711628491,0.12791980422211968,0.15575863915066512,0.12923409108390604,1.2203,0.11078568985893145,"MSCI World, resident currency",-0.03168557829514329,0.008674453562724116,-0.02660192625263913,-0.0267944335558834,0.008674453562724116,0.0031230503237720253,0.0398141970887848,15,0.010633308865508617,0.15999795010037476,0.15248225687253303,0.024767261591463807,0.11780087195747813,0.13518487462344608
Switzerland,2007,-0.007826090818118692,0.006153231717784591,0.03982151101360327,0.0058610645351586665,1.1255,-0.013836509502504146,"MSCI World, resident currency",-0.021134202747329467,0.012563914676543941,-0.0144798582412633,-0.014813722612318725,0.012563914676543941,0.013969995741121899,0.04269379565273132,15,0.007343817776477524,0.14871721638682311,0.13831550087527278,0.011644528236934182,0.08059916664012268,0.1883288258309972
Switzerland,2008,-0.3561015931616913,-0.43083867277959986,-0.3972543788938923,-0.42933733575048383,1.0637,-0.4318545492906949,"MSCI World, resident currency",0.08318484369352874,-0.02361086876004337,0.0732370539312106,0.058340144374043,-0.02361086876004337,-0.02494505831090421,-0.11108533741150411,15,0.0242842407794992,0.25073616799164866,0.25483744810273423,0.03138761247384991,0.2658642801221691,-0.00428065387802079
Switzerland,2009,0.2377442438219457,0.24092108992503025,0.2375162629178496,0.24085204582923647,1.0305,0.22646693919643046,"MSCI World, resident currency",0.047528098148167386,0.005316050085752755,0.00601883849014917,0.005041751999810717,0.005316050085752755,0.04823657758466959,0.04958696751796608,15,-0.004790583082398103,-0.055118461570916044,-0.05054607014353496,-0.019834602641820354,-0.10633347377795288,0.1750132960238373
Switzerland,2010,0.02215839341245185,0.008550061474267512,0.093401019568605,0.008834228800707722,0.9396,0.014215080023036508,"MSCI World, resident currency",0.045121152861214986,-0.006432399955398571,0.0217732848836254,0.019406900084824263,-0.006432399955398571,-0.07207090933889393,-0.09852071987220228,15,0.006876633200385118,-0.04273063038986713,-0.04004844498605087,-0.011732246102603261,-0.12353129215219105,0.16811659097962894
Switzerland,2011,-0.07931305849416259,-0.02533668978735748,-0.050145988068360695,-0.0264006374029917,0.9409,-0.055474148712930216,"MSCI World, resident currency",0.11607069220095378,-0.001579454506640765,0.06330676837410198,0.06364955401219308,-0.001579454506640765,0.059090613681848314,-0.006109148025944126,15,0.0022830604718324654,0.0475642823272433,0.047855587654603626,-0.025979726392153846,0.05323236442800794,0.08491033051705132
Switzerland,2012,0.185440191656697,0.12613824903473003,0.12608731486709449,0.1273225362682553,0.9166,0.15078237536612704,"MSCI World, resident currency",0.04912548174426057,0.006777901510733875,0.1398139416564026,0.13994128466574596,0.006777901510733875,0.13911613084578578,0.006188592270931071,15,-0.006930924382836268,-0.09500866846223488,-0.09319775682779474,-0.014131120381582707,-0.11225314516264506,0.06150479444372925
Switzerland,2013,0.24869475493408055,0.2618283158299668,0.29633587251928045,0.2615744698044422,0.8915,0.2313714415387027,"MSCI World, resident currency",-0.03838257704077541,0.0022614012313086906,-0.012025834278776015,-0.010945200005290423,0.0022614012313086906,-0.030618304681348962,-0.017814910964920456,15,-0.002156524466750409,0.10701610176094456,0.10425495098531967,-0.01307117198017016,0.07826284046697407,-0.2947266089567926
Switzerland,2014,0.13014470867723027,0.19458493671426424,0.1028357991205976,0.19339670028455425,0.9891,0.16707182191423375,"MSCI World, resident currency",0.09719694265338119,-0.01988446076489092,0.15930721630184363,0.1616137087842604,-0.01988446076489092,0.1713415436461354,-0.01009263332319456,15,-0.00011788282447233733,0.06837774173557376,0.08256577582684788,-0.006284064445272408,0.22228579041995866,0.11798390746761256
Switzerland,2015,0.03860873465389503,0.033977048073053684,0.04043395564135993,0.03406529825226934,0.9921,0.0010060840968508789,"MSCI World, resident currency",0.054133132328461064,0.0014326889025313427,0.015166574659511767,0.013919142776135152,0.0014326889025313427,-0.05443558637869306,-0.06717804048438779,15,-0.011416332625953207,0.1554904616209587,0.156922012154185,-0.00531491867575451,0.16648596325379494,-0.1158985494991216
Switzerland,2016,-0.003572528438546163,0.059371510160773244,0.03786899347527474,0.05813364026382861,1.016,0.09292433604281558,"MSCI World, resident currency",0.0019326410346778289,-0.004677326945151439,0.03490461370468445,0.034771997114645625,-0.004677326945151439,0.03540750482596611,-0.003941933935611678,15,-0.0043429866232037595,-0.14722497955587266,-0.151803200887611,-0.014283553872012966,-0.1201337635752665,0.0992028753688654
Switzerland,2017,0.1941350902377259,0.1700891428145923,0.16151822779119648,0.17051859922352808,0.9753,0.17146638188974883,"MSCI World, resident currency",6.700038122775531e-05,-0.01524886069162712,0.009797865025832575,0.011815095746062987,-0.01524886069162712,0.07749432532308087,0.05038297130344731,15,0.005330139242401444,0.00936374443486554,0.008673796726083927,-0.00991627081888169,-0.010149508571010601,0.07167302033453793
Switzerland,2018,-0.09901794651750073,-0.010928533109446525,-0.014898900083749419,-0.011764774883170737,0.9847,-0.0836139297093651,"MSCI World, resident currency",-0.0008436004163282496,-0.018668657545662937,-0.007987662266510043,-0.008431183788457752,-0.018668657545662937,-0.03137143258848041,-0.04162345638660404,14,0.009343080312437468,-0.04619563133569038,-0.04630921095805829,0.0017853235335945072,-0.002288654405977697,-0.008757432168971402
Switzerland,2019,0.2943257164145894,0.12942384955249175,0.13863788545758166,0.13100216801225084,0.9682,0.24618868333609112,"MSCI World, resident currency",0.022823194843825778,-0.013562383226074282,0.05861971147010281,0.05745679352027766,-0.013562383226074282,0.04325426719424219,-0.027686918563855262,14,0.003611361900131893,-0.13339552541293498,-0.13453747846016417,-5.033643403207222e-06,-0.12372028054657969,0.14991268103529665
Switzerland,2020,0.04760144498330665,0.016407812574795733,0.06156340160082707,0.016705154363256147,0.8806,0.057384346863568636,"MSCI World, resident currency",-0.001793090699146016,-0.0012530446212520863,0.037395097613298844,0.03642163048399394,-0.0012530446212520863,0.023937803351965048,-0.013787377120962622,15,-0.0072560475300770255,-0.07241588551672073,-0.06758853734500392,-0.00489791713896115,-0.14270610027885489,0.13630686021499017
Switzerland,2021,0.1989514820344478,0.19649199065896927,0.1770285146141129,0.1965160306738567,0.8579994829508036,0.1542314488290002,"MSCI World, resident currency",-0.03439375312967874,-0.013097091263243543,-0.04573434921945785,-0.04648353804580896,-0.013097091263243543,-0.027744194396379207,0.005653739179124218,15,0.005818141999999999,0.07971757561472059,0.07692294337700045,-0.0646718177027612,0.03767520125177226,-0.09842491527792063
Switzerland,2022,-0.07792263800400034,-0.12755598153712144,-0.1382722873146118,-0.12707165637917428,0.8962976187177778,-0.15618712851923322,"MSCI World, resident currency",-0.11738394334855429,-0.029294097143630737,-0.16396603005129373,-0.15769188161634617,-0.029294097143630737,-0.20860705840356997,-0.08052100843848391,15,0.02835028,0.18598730427941224,0.2060331135833704,-0.04319532740699539,0.28241958073866025,0.03135735578020249
Switzerland,2023,0.006474857415115887,0.11418407303124645,0.16006077516294348,0.11312912099431038,0.8435977998768119,0.1486150003519353,"MSCI World, resident currency",0.05070958652643531,-0.006014927184747609,-0.011642013744700974,-0.01192489822637055,-0.006014927184747609,-0.048086813429505715,-0.043307529324262024,15,0.02135401,-0.04178755691044167,-0.04214439704082951,0.017003513512843016,-0.05923760820860047,0.06003301558530172
Switzerland,2024,0.1407257088068914,0.15632679912481673,0.16904290035760153,0.15618354733745732,0.826107829906586,0.14691184599835294,"MSCI World, resident currency",0.04588125056540582,0.0012909730019552423,-0.015496912043462707,-0.015355755384314662,0.0012909730019552423,-0.01679787303991309,6.884573586990091e-05,15,0.01131472,-0.012845449812576404,-0.012250911250112795,0.02171369326854866,0.003917531993236079,0.2113600603893684
Switzerland,2025,0.10161042076751681,0.15592649310608508,0.177724441492564,0.15547927501569658,0.7798482763250719,0.13010905284102403,"MSCI World, resident currency",0.01700492008162713,-0.0021155113124988745,-0.010749229622633028,-0.01068155673830784,-0.0021155113124988745,-0.014455715170018313,-0.005985630401956025,15,0.008729184,0.08459269467465513,0.08146044992058665,0.015139307087717269,0.05733506936062205,0.5565355068516573
UK,1927,0.11248106008670367,0.34759524764691774,0.298232474834441,0.2989201035558702,0.2057,0.29632226334875833,"reconstructed, resident currency",0.09804106387691403,0.06813524635966672,0.09361365455618009,0.09520224355372431,0.06813524635966672,0.1386277128606166,0.1141965044048827,15,-0.02399999999999991,0.2922217098236719,0.2921477002157695,0.06069651650102048,0.29186465130647976,0.022662256235551848
UK,1928,0.1681900429749561,0.34690299945906267,0.358663980651871,0.31532227654032186,0.2055,0.31269163198724126,"reconstructed, resident currency",0.06249876701485069,0.04463390012083934,0.07682516487316016,0.07585354633587293,0.04463390012083934,0.07094096489354929,0.039485429247628795,15,-0.0030000000000000027,0.3076271799679935,0.30474161774863595,0.05045226040342521,0.2948676534125525,-0.00932419207750712
UK,1929,-0.13454906851444182,-0.046551004174954835,-0.06289851269666513,-0.06011357782432414,0.2059,-0.061993350668675506,"reconstructed, resident currency",-0.007027977786198791,0.06215943496835963,0.07534303640744544,0.07529268491079621,0.06215943496835963,0.0631436935167402,0.0497607610389398,15,-0.009000000000000119,0.21209184343697451,0.20981148523424675,0.03785806464463959,0.19744244369676278,0.005317752110867824
UK,1930,-0.021195235505025667,-0.21052192639828715,-0.21282901870941168,-0.18282989462894927,0.2057,-0.18446423483969143,"reconstructed, resident currency",0.16402033425162355,0.05432098838711452,0.09873182156371318,0.10058832612972202,0.05432098838711452,0.09509862340239739,0.048879309526145956,15,-0.027999999999999914,0.12449007214382979,0.13261455412260048,0.10740235214556271,0.1855510402447922,0.06379084326844642
UK,1931,-0.16542711489626616,-0.3025513581910615,-0.31556708006125644,-0.280851067768655,0.2205,-0.2822893656331177,"reconstructed, resident currency",0.0392446116648435,0.08244514157032135,0.02468425905642535,0.025233236675578086,0.08244514157032135,0.014575349196107812,0.07169423385542606,15,-0.04299999999999993,0.2806213831136506,0.30140101971344957,0.15094084355712933,0.3882169314310919,0.12336638162134284
UK,1932,0.3781167582075209,0.22072949978576295,0.03159703978663814,0.2544555975671192,0.2852,0.25194668637198503,"reconstructed, resident currency",0.4406383894307413,0.04199178627782052,0.16280180689723167,0.18375459403764216,0.04199178627782052,0.3621482362159596,0.2265030639732703,15,-0.026000000000000023,0.03191484967763514,0.04373356914921889,0.16025907588768828,0.3752874838692717,0.32805835305353837
UK,1933,0.2707772214760942,0.2632771016555264,0.4361134535450035,0.2654017225532508,0.236,0.2628709191081442,"reconstructed, resident currency",0.05379092239749084,0.027477017591447828,0.0696199120177925,0.08101529977561905,0.027477017591447828,0.1793135712357241,0.12936262217063094,15,-0.02100000000000002,-0.10981203306361864,-0.07829997109270714,0.030170519994877854,-0.2841512090040078,-0.20464451906123138
UK,1934,0.14047059416770935,-0.1166855635441294,-0.030624206883160112,-0.04506723479236918,0.1985,-0.04697710032278446,"reconstructed, resident currency",0.2769678235054016,0.007300000172108412,0.12996608816940403,0.13095221651411548,0.007300000172108412,0.12739003586312414,0.003563024850782222,15,0.0,-0.028689702004839224,-0.029028581660339725,0.008767156750223437,-0.15666514999181502,0.43092372775420595
UK,1935,0.1319845115771483,0.3636135418743691,0.3357450461810152,0.28836626251568265,0.204,0.2857895299906512,"reconstructed, resident currency",-0.037924186579046726,-0.001489573018671253,-0.005178649084788933,-0.005562074803901695,-0.001489573018671253,0.019699083273933216,0.024753499124579855,15,0.006999999999999673,0.021409530395772203,0.02324225856225537,-0.0020322077192309607,0.06517209733076745,0.009053301788217727
UK,1936,0.18368640616018217,0.2786595605273601,0.29608253790317446,0.2499599476727894,0.2012,0.2474600277774439,"reconstructed, resident currency",-0.004285789049547906,-0.0011916584645093042,0.03151923835988879,0.030409461077642197,-0.0011916584645093042,0.014325692606837803,-0.017759730336158568,14,0.007000000000000117,0.27272902516729536,0.2748949724541325,0.012372876775614161,0.2819080076862106,-0.02041982551028476
UK,1937,-0.15902681173162259,-0.284148370073651,-0.26492556006224066,-0.24794777352854402,0.2023,-0.24945187798148694,"reconstructed, resident currency",-0.12188981787609643,-0.02746615106351602,-0.026900093550221604,-0.026775791742653876,-0.02746615106351602,-0.07141081278826411,-0.07373403015915306,14,0.03400000000000003,-0.09188822298128563,-0.09289003152464281,-0.011132956950033579,-0.0698188281397446,-0.026626223156374418
UK,1938,-0.11210486504036632,0.09903402823098273,0.12911636256153566,0.03182756355289729,0.2045,0.029763908425791463,"reconstructed, resident currency",-0.03721735614725952,-0.009744094604054565,0.018166171306952528,0.014381097710094881,-0.009744094604054565,0.009682258986793757,-0.014455128935722292,14,0.016000000000000236,0.07021917628810592,0.0734281750021939,0.047570894586841384,0.1029835953259417,-0.0018321541566235222
UK,1939,-0.009463825563860384,0.10205899640672689,0.033745870040903236,0.0743961629267591,0.2255,0.07224737060090569,"reconstructed, resident currency",-0.01795689585520832,-0.014396887229110478,-0.07870393524089081,-0.08146654715162427,-0.014396887229110478,-0.01314187458120153,0.05587594090610354,14,0.028000000000000025,-0.1362703696590868,-0.1473278939820588,0.022205827566040615,-0.05273844578684084,0.057544614535617544
UK,1940,-0.1856975519187647,-0.019776344021429804,-0.05045401459554261,-0.06253574357929492,0.2611,-0.06441067209213636,"reconstructed, resident currency",-0.007391092711932168,-0.13501712311799208,-0.06986236675179402,-0.06128502280348358,-0.13501712311799208,0.03235025725293683,-0.03879140738328833,14,0.16800000000000015,-0.1428458711473486,-0.1422966485175573,0.0059249679692383594,-0.004714407748933613,-0.015660679490484553
UK,1941,0.10770156775140571,-0.15088433855201466,-0.10555782090881874,-0.0869702239853185,0.248,-0.08879628353734792,"reconstructed, resident currency",-0.002126882706738664,-0.08835740107706747,-0.03418261965330649,-0.0361314333111179,-0.08835740107706747,-0.055075900519397814,-0.10765226540045428,14,0.1080000000000001,-0.11115448067590372,-0.10672310205742341,-0.07583315048804296,-0.18895227461265163,-0.18333035583988577
UK,1942,0.10585411556628577,0.01577312973357281,0.014112783710794904,0.04153589667033608,0.2478,0.03945282487699542,"reconstructed, resident currency",-0.04052916667263262,-0.056956115988344935,-0.031279195195078824,-0.033082466749615014,-0.056956115988344935,-0.0775449337660723,-0.10387902270393219,15,0.07099999999999995,-0.04753486962178699,-0.046821397887228944,-0.07087970183543024,-0.02922283884011423,-0.055501663030803394
UK,1943,0.07388782028533969,0.1742188951387169,0.12266372999701367,0.14420853971173542,0.2478,0.1419201226323119,"reconstructed, resident currency",-0.037700102212379516,-0.023210831937637733,-0.024182485009221488,-0.021736018692909753,-0.023210831937637733,-0.020134681600995297,-0.02176985682885151,15,0.03400000000000003,0.18974542108206593,0.1973466840088154,-0.019568422192413393,0.22576850301004914,-0.00965632234922964
UK,1944,0.0949367078741199,0.11151223772352559,0.10272956487484827,0.10697399291419152,0.2478,0.10476004492836322,"reconstructed, resident currency",0.029454723015035933,-0.016553067403619615,0.02317150316877048,0.010687831162599748,-0.016553067403619615,-0.0349313043447671,-0.06399869603221478,14,0.026999999999999913,0.05719454257955636,0.056860852239480675,-0.011389603351630306,0.05275006507036073,-0.0340548614592282
UK,1945,0.03561807757221769,0.231161448735846,0.22381952155571683,0.17528841977793008,0.2481,0.17293784293837433,"reconstructed, resident currency",0.11687606642682269,-0.018482490649251226,0.030313006672613385,0.02496106036318113,-0.018482490649251226,-0.07261040537016306,-0.11865889744025397,13,0.028000000000000025,0.16580658131724602,0.1660767076517322,-0.013237632217602213,0.16743635790143085,-0.029816342204947555
UK,1946,0.14191319905474398,0.14960142620650863,-0.12019493523098765,0.14770174914096645,0.3333333333333333,0.14540634564268462,"reconstructed, resident currency",0.07430652231989732,-0.025218234831967612,-0.02091968200088634,-0.016272284261717007,-0.025218234831967612,-0.04058263407819729,-0.049754860516603945,12,0.030999999999999917,0.47914141625939677,0.5800862733418151,-0.1458067950930625,0.8298430271360435,0.19020617899746695
UK,1947,-0.0895039567323489,0.13283334865831598,-0.11812628157782007,0.06728153265114689,0.4,0.06514696958584465,"reconstructed, resident currency",-0.19938950616622642,-0.06065420543548661,-0.10904162447064236,-0.11735407751915372,-0.06065420543548661,0.057247923118842525,0.11782297475998592,12,0.07000000000000006,0.0028247039361670723,0.0331800370792672,-0.07460156340503099,0.26705658437971413,0.17108068920064046
UK,1948,-0.10562565012341196,-0.2644966153464203,-0.0988944684174252,-0.2182446077985839,0.33003300330033003,-0.21980811858298677,"reconstructed, resident currency",-0.06502349411129615,-0.0667595170064722,-0.08104006837019884,-0.07958307178158663,-0.0667595170064722,-0.2694646937664831,-0.261680446415569,12,0.07699999999999996,-0.10770392177862309,-0.10915302061573473,-0.016410018909050028,-0.22426241767143673,-0.1999727946212213
UK,1949,-0.0826910216694674,0.4101814445066958,0.1370961007921833,0.2774235411891768,0.42016806722689076,0.2748686941067984,"reconstructed, resident currency",-0.11415115984497348,-0.02217898831307752,-0.012057172226610069,0.013241835483929876,-0.02217898831307752,0.29431044953408003,0.2665701718975515,13,0.027999999999999803,0.14074237004571422,0.19455496558829743,0.031435476496074255,0.475578242445156,0.24512638031019152
UK,1950,0.06773530906501768,0.1304399148917743,0.2228459349168812,0.11685295088245828,0.3968253968253968,0.11461924498069331,"reconstructed, resident currency",0.0014018661048977865,-0.03270346906631727,-0.04054299668812833,-0.03962550218334815,-0.03270346906631727,-0.07121174542013897,-0.06543051506399794,14,0.03918495297805635,0.08158588877541173,0.07418828318124682,-0.044909057796571394,-0.019096629291977862,-0.13558730398236418
UK,1951,-0.0075217318176235,0.22249456858050043,0.16838379098602993,0.17694372901088662,0.41841004184100417,0.17458984155286483,"reconstructed, resident currency",-0.17178857239944811,-0.07785228234078145,-0.09097021642045611,-0.08587311404407538,-0.07785228234078145,-0.016563711083383725,-0.005934709183813736,15,0.09049773755656121,-0.09973356671841371,-0.0992603844791039,-0.044855439335450886,-0.02679466280719711,-0.018000231014276502
UK,1952,-0.09752588198651235,-0.05095875226458724,0.12507045263052075,-0.059156460273122824,0.37735849056603776,-0.06103814735257662,"reconstructed, resident currency",-0.10244046824635034,-0.07636750010773563,-0.052324265685707694,-0.054475559136047846,-0.07636750010773563,-0.0896784648201625,-0.11246208883348048,15,0.10650069156293251,-0.11551796573041084,-0.1140427810696697,0.003226921042449371,-0.1990623626008161,-0.17677789071441785
UK,1953,0.20077737134098284,0.0032898336214923773,0.04223348661002584,0.03191296686087286,0.3717472118959108,0.029849140927151074,"reconstructed, resident currency",0.09877941548033409,-0.012786489703543236,0.009198985603435794,0.009148527132261108,-0.012786489703543236,0.014744259560935502,-0.006911153770879674,15,0.036250000000000115,-0.08515962008616462,-0.08380423469387455,0.006703548557218442,-0.10638767458124743,-0.05206239186080164
UK,1954,0.4528661877760347,0.45058814161588634,0.4661733669264844,0.45097755794049954,0.3731343283582089,0.44807560282461845,"reconstructed, resident currency",0.03687402865199263,-0.00490672228954514,0.022032301009484723,0.023251710788584123,-0.00490672228954514,0.045410417407956594,0.01817311899725438,15,0.022919179734619988,0.4693378457054158,0.47331166614041775,0.018564239040369523,0.4811122512717265,-0.014943928290778397
UK,1955,0.055125286415905306,0.216708684080674,0.29226039659600345,0.1902244337873742,0.36900369003690037,0.18784398491979948,"reconstructed, resident currency",-0.14456029840056184,-0.012570144485276491,-0.036033086050730745,-0.036489032983331726,-0.012570144485276491,-0.04737049125700343,-0.02366962920341435,15,0.050707547169811074,0.37973184176796915,0.36450483174978254,0.011922977581826144,0.3273943499898233,-0.06797467268611712
UK,1956,-0.1362345717060146,-0.013592489992517387,0.05130746131367327,-0.030583186143932628,0.3589890868606365,-0.03252201977164482,"reconstructed, resident currency",-0.07744291834056127,-0.0020229458260243582,-0.03316841887258437,-0.033246170152011256,-0.0020229458260243582,-0.08191695582530134,-0.05219837692125887,15,0.05162738496071828,-0.02486739980221153,-0.023409223576869587,-0.012271588679896195,-0.09400757534199355,-0.09125972201390742
UK,1957,-0.04612559643033254,-0.12905349348612283,-0.0939599123496128,-0.11960886466062148,0.34972371838487926,-0.12136964693130026,"reconstructed, resident currency",-0.09772285433890016,0.009321375628445372,-0.0161230557228631,-0.017312920887331607,0.009321375628445372,-0.06805164448221179,-0.04308201775109393,15,0.03842049092849509,-0.1481428108693872,-0.14141713372083842,-0.011143687996010843,-0.19047376536177796,-0.06217636931827475
UK,1958,0.4360978269910478,0.30379428059379365,0.2746091372251664,0.31964945194825223,0.3568242641772789,0.31701015304435565,"reconstructed, resident currency",0.13753593853720414,0.01635244829983984,0.06305289632178934,0.06475642689181682,0.01635244829983984,0.08455258980339986,0.03727193461513957,15,0.02877697841726623,0.07741276142349718,0.0782990254714182,0.006882515564111014,0.08748183086820993,-0.0023507199022774206
UK,1959,0.5393956995531246,0.19760160973937935,0.19079892557357833,0.23894884970181107,0.3571428572704081,0.23647095200240753,"reconstructed, resident currency",0.0038151866502043053,0.02764031624693364,0.047365924107861224,0.047805866570640454,0.02764031624693364,0.04916676707079537,0.029206516998071988,15,0.005994005994006235,0.21467479524460376,0.21207745923349997,0.010506777644549326,0.19944172387354286,-0.014480385193944567
UK,1960,0.010364474440589744,0.04256040569317232,0.0294948883424331,0.0375406468697459,0.35665882029982837,0.03546556557600633,"reconstructed, resident currency",-0.0783536664958071,0.040632808626872574,0.04265924384072051,0.042819029900888594,0.040632808626872574,0.039819240460197136,0.037897956284527794,15,0.00794438927507457,0.033741052723552656,0.033285154823812446,0.012803101551821738,0.011688270964350655,-0.013886584114955913
UK,1961,-0.013931115881276823,0.1924177529053095,0.20748017865506446,0.1619587100959845,0.3561126741768857,0.15963479267579261,"reconstructed, resident currency",-0.1084272701662915,0.018292937349556615,0.012036625435580817,0.012136533728989152,0.018292937349556615,0.0076895774517709015,0.013894526969554014,15,0.0325123152709359,0.004510147428319344,0.004155583199295654,0.023604783271376606,-0.01309136913858533,-0.03211972493699211
UK,1962,-0.03665600901114785,-0.1328048815758175,-0.11316414809529014,-0.11957816079195616,0.3568242641772789,-0.12133900447037227,"reconstructed, resident currency",0.1974912759585259,-0.00027325834000935245,0.06468234178529508,0.06438018648327626,-0.00027325834000935245,0.05829946410155973,-0.006599540437387819,15,0.041984732824427384,-0.1641073654433003,-0.16289175817459434,0.01825126995188109,-0.17166201179552154,-0.042864575081288936
UK,1963,0.17336804038206033,0.14169941985321977,0.13254430995577518,0.1466668584620423,0.35757705798382927,0.1443735247451181,"reconstructed, resident currency",0.01496253745972842,0.01531515609255818,0.0155663171544973,0.01590105573224654,0.01531515609255818,0.020810639135625753,0.020660264858192345,15,0.021062271062270987,0.06527713094715848,0.06501607092163764,0.01837742808505438,0.06182895164970126,-0.026767063850934525
UK,1964,-0.08368505586058461,0.07908322278058955,0.08954011943051321,0.05216160910213863,0.3584100929566718,0.05005728588393432,"reconstructed, resident currency",-0.05418907854541,0.013187226943742747,0.003161210697643746,0.0031450343575485373,0.013187226943742747,0.0017134955664788176,0.011998394002680317,15,0.03228699551569525,0.2486666816731513,0.24790479881293903,0.027000180476569158,0.24520713798255156,-0.03092591776321174
UK,1965,0.06634703059991232,0.03798453441470451,0.06347663665626598,0.04189650713837434,0.3567860711990817,0.03981271412409759,"reconstructed, resident currency",0.0012998190553239475,0.015853415060167686,0.015961930386590995,0.01506370685619407,0.015853415060167686,-0.005110207490712115,-0.005113359362378622,15,0.042571676802779956,0.12540192334146227,0.12304518012562848,0.03155536016230376,0.10839231672532113,-0.044523726506899064
UK,1966,-0.07539090714775598,-0.0950978740376982,-0.09400865633017791,-0.09249972903911097,0.35839724763758773,-0.09431472958103271,"reconstructed, resident currency",0.002066234986369375,0.020384615717025767,0.004597424758944868,0.00434469291613504,0.020384615717025767,-0.005304442669246234,0.010442090711503002,15,0.040000000000000036,0.0717930310335948,0.07046284959734916,0.010884962315295343,0.05624488553199991,-0.04982311328483269
UK,1967,0.31245618329900204,0.35375161830905033,0.1623299463502113,0.3482471188021954,0.41557578041623067,0.34555062456459096,"reconstructed, resident currency",0.0010345630044101828,0.0348815047255131,0.03406304167635277,0.03992831378835038,0.0348815047255131,0.14610505215115444,0.14621847763689738,15,0.022435897435897356,0.10084450020284552,0.11754561003770458,0.01912916025527034,0.2636939143155257,0.12663332687674989
UK,1968,0.42499680993425804,0.12936450547091627,0.11661506637229395,0.170766602380098,0.41939271951828244,0.16842506917533773,"reconstructed, resident currency",-0.060883507076384236,0.029165634780156324,0.03382613046877614,0.03301742482410286,0.029165634780156324,0.020282573926341252,0.01609964017420072,15,0.03996865203761768,-0.02179999295685653,-0.021810549686145375,0.011003722479790534,-0.02792559320981247,0.15254386357874195
UK,1969,-0.16228961556039756,-0.09151288526644485,-0.08299658234387125,-0.10181675492380626,0.4165451744976653,-0.10361312141395862,"reconstructed, resident currency",-0.05179231341882862,0.023101793335254417,-0.028255160492985265,-0.028405217552459616,0.023101793335254417,-0.05057663824338399,-0.00043254956519073553,15,0.051996985681989294,0.19436325558920897,0.19101419674775322,0.01323387456286551,0.17746382271224803,-0.21528268391656669
UK,1970,-0.09392102974609173,-0.055368218972542294,-0.051249433072922145,-0.06076438996098532,0.4177632954913997,-0.09778996811930007,"MSCI World, resident currency",-0.028783166085864287,0.0047069301561930565,-0.015504540586254945,-0.0153979716314524,0.0047069301561930565,-0.014439636428016045,0.005957724455335785,15,0.06518624641833837,-0.05246453252809191,-0.052228049922945274,0.020938455464238448,-0.040097048589715634,-0.0011829560879625944
UK,1971,0.33986833675111394,-0.01857771753668469,0.058701823431510106,0.028988100521429416,0.3917727719458463,0.04882428525717475,"MSCI World, resident currency",0.15987804581507947,-0.03504941761768421,0.008852991749151329,0.008735783819491916,-0.03504941761768421,0.011597443045888944,-0.031828727209509224,15,0.09414929388029569,-0.15476246776978397,-0.15102607746958374,0.017643971771362565,-0.2037024908104792,0.005662610214134167
UK,1972,0.08567236664645161,0.29288818507483727,0.2136316098397877,0.26468863347489724,0.42587624054592066,0.2626895883357283,"MSCI World, resident currency",-0.105610658346308,-0.015590367567460683,0.0015220974114091845,0.007565971656300352,-0.015590367567460683,0.09290079809843643,0.07349839514876208,15,0.07191149354640447,0.09344351303302134,0.10495456435478778,0.01154035341542925,0.17674005253152125,0.5005432671869532
UK,1973,-0.3415498115907618,-0.0958677524544439,-0.12581471028680521,-0.12893816150202198,0.43044077153514154,-0.24853956309849112,"MSCI World, resident currency",-0.1658348045739192,0.00030791897016113623,-0.0632678846974245,-0.06440552976349756,0.00030791897016113623,-0.0007459590577920672,0.06814146742212449,15,0.09346330275229353,0.3876664936726095,0.3771924321271789,-0.005739170208360234,0.3546967341355969,0.5530994819196771
UK,1974,-0.5696518080613707,-0.32907808667660887,-0.3102085204138061,-0.35526375763455,0.4258037046735379,-0.3563365503978436,"MSCI World, resident currency",-0.2721773704752751,-0.0376000934945927,-0.11621062649011882,-0.11496454644884735,-0.0376000934945927,-0.09336732580518858,-0.014569112261651303,15,0.15731515469323543,0.13698391923263187,0.1287516609345143,-0.018682411153460032,0.10006666852487789,0.40080002244355906
UK,1975,1.0342776659584465,0.19041089077832107,0.15881321368312196,0.24368376390105806,0.49419322979698205,0.30600865433937585,"MSCI World, resident currency",0.10941426924799869,-0.10204113561225359,-0.08090252628756422,-0.07636988667055833,-0.10204113561225359,-0.028254737950977438,-0.0501861573555266,15,0.2270049841413686,-0.19205255840897828,-0.19449856380485198,-0.002214119066057396,-0.07318004695218427,-0.2782159030178424
UK,1976,-0.11526135551014083,0.19181045777822403,0.08096415451204551,0.16039538284760368,0.5874060153826398,0.1998135566383601,"MSCI World, resident currency",-0.015344842145573745,-0.03897126225485792,-0.04888664707522283,-0.039397821709598824,-0.03897126225485792,0.07568415122975436,0.08343689957678299,15,0.15657311669128493,0.11649494550447059,0.14552940954778437,0.0049242743921680265,0.2691261757745833,-0.011465615122989492
UK,1977,0.29247365474700926,-0.21061276872443946,-0.09639623012000678,-0.17103874772979533,0.5246589719436826,-0.18670642658668157,"MSCI World, resident currency",0.2663333356380464,-0.06335799977183332,-0.04453161128815353,-0.04418010582571119,-0.06335799977183332,-0.11700680161713983,-0.14282284449454505,15,0.14942528735632177,0.1965867343635015,0.1576818870508765,-0.011551278487003214,0.04473971788465825,-0.05267807397831892
UK,1978,0.01110698040464042,0.019720545988796134,0.032453303249329546,0.018772555468006935,0.4915212585360144,0.024139123900969173,"MSCI World, resident currency",-0.09348833731176576,0.009656244329963704,0.011473427223102295,0.010481067696120006,0.009656244329963704,0.028946096412211686,0.029624315256022278,15,0.07472222222222236,0.2787697791975341,0.2521577598101492,-0.010424790546951224,0.17589787361777343,0.17472365932888523
UK,1979,0.000978529544918505,-0.0878108801911589,0.06213441799999124,-0.07877402205402095,0.44964028797196054,-0.07601789708398887,"MSCI World, resident currency",-0.06454774954183995,0.014613595161561799,-0.06495806417983918,-0.06482867807563053,0.014613595161561799,-0.1621467052898694,-0.09067575103306312,15,0.11372447660894291,0.26915733201085046,0.22659372628285324,-0.02032579690849734,0.10201457060236918,0.7916581924688901
UK,1980,0.17089032329820153,0.02059593095510892,0.11907027503176633,0.034087140936437166,0.41928721191584367,0.03488061111789964,"MSCI World, resident currency",0.034483427021927415,-0.0002981086668107924,-0.05068378312738575,-0.05756075992219223,-0.0002981086668107924,-0.1858027946223304,-0.14216573125044765,15,0.15154328150382912,0.07516750027235464,0.05773054595693661,0.000695567814542164,-0.030890067840764313,-0.08053465929237802
UK,1981,0.01625627052057732,0.09536269657483931,-0.06522194889433545,0.08892644967529906,0.5241090149497426,0.0845877851062018,"MSCI World, resident currency",-0.016303804510345965,0.010466408341714972,-0.04821277834534532,-0.046336919135272936,0.010466408341714972,0.016316079440525932,0.0805980703322353,15,0.11809754131398598,0.04200779493130158,0.09438969664649877,0.06875376114405274,0.3484617856419505,-0.24583820261819023
UK,1982,0.18851923111797575,0.19504810504224923,0.06390997001684257,0.1944550179782356,0.6193868074446496,0.23574846140152905,"MSCI World, resident currency",0.42004195103131714,0.030237142638827486,0.11455074287227895,0.12076143916001292,0.030237142638827486,0.1361443761635348,0.047816290373527776,15,0.08111031002162972,0.15190018221158397,0.2081336543950123,0.08419578734237465,0.40514312094643157,0.27812583775887045
UK,1983,0.227228790587912,0.3119135869413441,0.20806623153862075,0.3037058714253187,0.6893699163721011,0.31370895981945557,"MSCI World, resident currency",0.027572082948089882,0.04436100966823542,0.058150040963674376,0.055276348543185305,0.04436100966823542,0.04055143439012787,0.027562204893681788,15,0.04934978326108719,0.09085116395983595,0.10617851381507015,0.04999397713684739,0.21293093366614602,-0.11172569177988523
UK,1984,0.26200429471626907,0.28270688048964154,0.06615141129392539,0.2807194569762297,0.8646779082271318,0.24653667158163195,"MSCI World, resident currency",-0.004814158349602415,0.048360562919934624,0.09019540284732552,0.10722963804839059,0.048360562919934624,0.2113072461648462,0.16475415470714014,15,0.04258023514458209,0.09532327429780207,0.135331267981339,0.06256920408590982,0.3911936617698979,-0.03283803205662994
UK,1985,0.1450053426954485,0.10515129984579064,0.2739791781995525,0.10993050572115592,0.6922810665920949,0.07750064423385417,"MSCI World, resident currency",0.1429258010269685,0.06364444126317559,0.11193351444548116,0.10171163732498223,0.06364444126317559,0.031225985771331732,-0.014764736960748922,15,0.04922279792746087,0.3049408519778085,0.23279776960432907,0.041566294338919674,0.008559765527452745,-0.19716450068159752
UK,1986,0.23122436059117812,0.33579121800133005,0.2575306915735368,0.3250207318044047,0.678195998643608,0.34996761375185903,"MSCI World, resident currency",0.08916357783812767,0.06788150072286303,0.1445228596565704,0.16037867296383235,0.06788150072286303,0.2683510328183445,0.1845599339363907,15,0.03326071169208422,0.2734308312983491,0.26036411427681605,0.05503815580608573,0.21371963616423395,0.12958778075644117
UK,1987,0.05276802369730538,-0.04145326573924413,0.0784618341220065,-0.031488440122218964,0.5343307507347048,-0.1161424763247505,"MSCI World, resident currency",0.14237861760271153,0.05837948575262719,0.049314852842312185,0.04559180008770558,0.05837948575262719,-0.02163791226061973,-0.014069050023461557,15,0.032049479898791366,0.2596941123401282,0.19830010397693965,0.0219249880214456,-0.03952505327150169,-0.0612514447755641
UK,1988,0.07444893010498577,0.15885199511336,0.1499912406486817,0.14949172813887102,0.5526388505111909,0.23730583908869374,"MSCI World, resident currency",0.02996593272280723,0.058219477708382206,0.06995243470980839,0.06770934196195455,0.058219477708382206,0.03126394321916037,0.02035137955071537,15,0.03759193680196127,0.11633214691559712,0.11703770984966977,0.030389429819428715,0.12262679289231038,-0.16508981908665032
UK,1989,0.2872601646622832,0.2834200140948042,0.20912587333123045,0.2837883750713468,0.6228589224540642,0.24265654196871211,"MSCI World, resident currency",0.0282447087626454,0.07642140254439656,0.028888538625156723,0.03498870183186975,0.07642140254439656,0.12481295182738883,0.1766276388973616,15,0.052375951693357736,0.08260841719273504,0.09042520825768752,0.04313487985098852,0.17270949255277146,0.03374368695213725
UK,1990,-0.1550252864097329,-0.2631290650270218,-0.13079708822188346,-0.25289809208482095,0.5186721991701245,-0.36731737814248,"MSCI World, resident currency",0.011574947790402579,0.06653396775355258,0.0391115901623047,0.03164475589367477,0.06653396775355258,-0.06339187495021403,-0.038278841466630256,15,0.069726830485219,-0.01629368935496489,-0.01341487369672878,0.019629465469601426,-0.23181178464848196,-0.25814395542787105
UK,1991,0.12342989778239466,0.05340705063536677,0.0430323463379637,0.060497136390489814,0.5345592558935158,0.15884690042313254,"MSCI World, resident currency",0.10182748785041684,0.03057072101097469,0.09854172369202341,0.10123207761677455,0.03057072101097469,0.11147015128063176,0.042199233564561914,15,0.07532649253731338,-0.006767129167361108,-0.006977097627184348,0.0295655869605842,-0.01437954936687924,-0.12151745004901504
UK,1992,0.14988442148879555,0.18661262782139687,-0.008661186055806555,0.18300400817878937,0.6613756613756614,0.1295435432401375,"MSCI World, resident currency",0.1511078821236551,0.04487226292514168,0.08457021408485965,0.0976217751195223,0.04487226292514168,0.1983288960410381,0.1547275368859487,15,0.04261548471047538,-0.0633349470083473,-0.07625482272193806,0.008383806062487231,0.09936578041212796,0.10895091183082717
UK,1993,0.24429255119198334,0.17061262411841027,0.1397625894500557,0.17893317820480892,0.6751282743721306,0.22500889722032014,"MSCI World, resident currency",0.19788144479275904,0.026373933722921183,0.20383778018489718,0.1922447828337559,0.026373933722921183,0.15890539242715374,-0.010289054677486701,15,0.025065002600104025,0.12322366536230667,0.1230981063353429,0.004321478172269577,0.1221079156004179,0.16390190321823428
UK,1994,-0.07774323380986137,-0.020931378220117813,-0.01308337339788399,-0.027746431229840662,0.64,-0.0318896255104979,"MSCI World, resident currency",-0.12151131218623745,0.031099791124014065,-0.10851964336185904,-0.1131466208077272,0.031099791124014065,-0.06009174546826157,0.08751847445415964,15,0.0197849025974024,0.04501890143572074,0.04170524280724597,0.016542435122898214,-0.02229133287998475,-0.0987264056958379
UK,1995,0.19837571456840686,0.1969428905435595,0.1841545893212715,0.19710832173845305,0.6451612903225806,0.1812599610643577,"MSCI World, resident currency",0.14518006914119286,0.03578486977523143,0.18945326262955375,0.20232705803595885,0.03578486977523143,0.2599737604147243,0.09723475946894207,15,0.026564520943189285,0.21832578984155093,0.2191422179821909,0.033488873052366586,0.22247579313784693,-0.01355975642617313
UK,1996,0.1309529642025058,0.0610064236262573,0.20236108994300128,0.06868254372317817,0.5889281507656066,0.00461157938979162,"MSCI World, resident currency",0.052383525173191225,0.03300469980688647,0.13143408438783055,0.11387951220355741,0.03300469980688647,-0.01967596326015042,-0.10521672884651846,15,0.024003084273058306,0.19352464465145802,0.17359184395535254,0.020154971252071885,0.07870435584965807,-0.1587123854113971
UK,1997,0.2135290210839893,0.2187519033319103,0.23538791872212414,0.21821340242317788,0.6046680372475511,0.17260085689671056,"MSCI World, resident currency",0.14667238519794523,0.045719733839246324,0.13916872259290014,0.12449101616572467,0.045719733839246324,0.010611887903368311,-0.07229637144012292,15,0.018246062710850275,0.1330652298481665,0.13640508521396932,0.038183713171633826,0.15878767708846375,-0.2071008814637555
UK,1998,0.11930754370670082,0.2086551571718851,0.1948495977815071,0.19915702929994517,0.6011421701232341,0.2142323570871385,"MSCI World, resident currency",0.19311267378155494,0.051818996668856476,0.16712855673466476,0.16761562549370068,0.051818996668856476,0.17024477036639007,0.05446235838618747,15,0.015573975192950451,0.16604266859501826,0.1626403850052227,0.0384762766424287,0.14224805578289823,-0.035460876007209374
UK,1999,0.22175662413390507,0.2408467299634276,0.2267156419025423,0.23891278763784496,0.6186587478346943,0.26206569938530455,"MSCI World, resident currency",-0.054044034756311254,0.03662624036757145,-0.04670889446726745,-0.042071951391494444,0.03662624036757145,-0.11166552229373539,-0.03504854580339364,15,0.01328710306726344,0.042672009442947134,0.04401710831996719,0.025016298269186832,0.06942090955937963,0.014758101686725755
UK,2000,-0.06683520820096156,0.009936617179172824,-0.048592741743568174,0.002007745974497599,0.6701514542286557,-0.06727976896010801,"MSCI World, resident currency",0.08926901242993468,0.04964007286631289,0.09814867461619281,0.09739145751377598,0.04964007286631289,0.08343876529156113,0.03535411471714187,15,0.007964563930879853,-0.0074057631721121675,-0.006835725357795308,0.02935847551351123,0.08160057576896684,0.011690011389342336
UK,2001,-0.14277223671824013,-0.15519226248188733,-0.16649477386612144,-0.153924196123997,0.689464975179261,-0.1443589533840478,"MSCI World, resident currency",0.01700370410680474,0.03483518495985383,0.042517924409047,0.04090656255339309,0.03483518495985383,0.005998831753950773,-0.0010970097390309815,15,0.012335119951847107,0.09512390634256573,0.09908869799356501,0.024736810195639336,0.13347220253875625,0.03225811905314435
UK,2002,-0.23226768739190673,-0.26677978207763575,-0.22979148485270018,-0.263397215493807,0.6204243702692642,-0.294339919560031,"MSCI World, resident currency",0.08838472765892802,0.02568748877137428,0.10747020989634826,0.11214744387589937,0.02568748877137428,0.15624219209868695,0.07168865547245945,15,0.012589129587851966,0.05315406065035311,0.048481751749174906,-0.00596150761007852,-0.07866856220379748,0.10163949700482444
UK,2003,0.18561407752968928,0.1325647437402,0.17305453129539106,0.1376052606346594,0.5603182607721185,0.1887204916673626,"MSCI World, resident currency",0.007397021837709961,0.021688759935658775,0.03836353551374927,0.04013147899382785,0.021688759935658775,0.08529155893907125,0.06841986189441115,15,0.013615926630131003,0.31486006036829495,0.2795498077819967,-0.006956332666097742,0.1645396976913509,0.06637236466237839
UK,2004,0.11102325946275937,0.07054559766345014,0.12557432297520352,0.07414893544356338,0.5177591384487936,0.03951750077091254,"MSCI World, resident currency",0.05224341280384803,0.030554265085873666,0.09771087285450109,0.095204793675715,0.030554265085873666,0.06240814323433774,-0.002828923256119764,15,0.013435230404932774,0.2053487318060485,0.18561456615796446,-0.017486342515833142,0.07610608673482533,-0.05552732531386284
UK,2005,0.19191899945569513,0.1814905643932272,0.09735654430706096,0.18236981549675457,0.5807538184563563,0.2039160151664734,"MSCI World, resident currency",0.06314585944090156,0.024428089375563955,0.0716321516509133,0.06931428393540151,0.024428089375563955,0.037527735652590044,-0.0076608685426541685,15,0.020569437639501142,0.05055356376428621,0.05695002353982814,-0.0006986459582450921,0.16445444029779654,0.28978039780245335
UK,2006,0.13781992105290408,0.04535485507818038,0.15836137716392923,0.05364813303425642,0.5094243504839531,0.03643458655913778,"MSCI World, resident currency",-0.02766280161462331,0.022684616943392077,-0.013081740429096822,-0.012957354277806643,0.022684616943392077,-0.06402158992316809,-0.029786386971817288,15,0.02328712465674254,0.1761099481238637,0.1523982987404402,0.024767261591463807,0.04298020325579133,0.0592005973249059
UK,2007,0.026960451783330397,0.05431372808760515,0.039920640066229904,0.052002743948320385,0.49915144254766897,0.031401586723567076,"MSCI World, resident currency",0.03795129299517597,0.031343524389349176,0.0037981816514081057,0.0037855185583171025,0.031343524389349176,0.06048365466246941,0.090525096158766,15,0.023228416234869487,0.1700220058242543,0.1639364443600091,0.011644528236934182,0.1301692932502827,0.24284081526191548
UK,2008,-0.3219340464426441,-0.1665551344366435,-0.40325222660391236,-0.17959513159642926,0.6859651529702291,-0.18321396698303438,"MSCI World, resident currency",0.1194089004463681,0.00693119017367283,0.10680857608589456,0.13845014925553323,0.00693119017367283,0.40177353669124694,0.2779352189475881,15,0.036019155331397545,0.2898599727648743,0.43354234786658563,0.03138761247384991,0.8198513468831501,0.4314814167778007
UK,2009,0.2621891094966369,0.10863792694191376,0.23495596619942055,0.12310182501853073,0.617474529175671,0.11008178804740765,"MSCI World, resident currency",-0.036036428163766954,-0.016006610261213527,-0.01531872793380784,-0.01701709917734251,-0.016006610261213527,-0.05123546574823823,-0.050013220595264876,15,0.021653204511010493,-0.0751593115208633,-0.06480495797863928,-0.019834602641820354,-0.19113764615892337,0.06351082034402333
UK,2010,0.10513020971315101,0.11682980238228424,0.09046091837774968,0.1156714130472487,0.638773554774832,0.12162210515823002,"MSCI World, resident currency",0.06602578360855227,-0.027088297346047896,0.0005310018944100214,0.0027360598073764564,-0.027088297346047896,0.02619828930292778,-0.0030525991483973947,15,0.03298171575771702,-0.06263190119719908,-0.06369149084275139,-0.011732246102603261,-0.030711831676527357,0.2918220362243755
UK,2011,-0.07553777685261986,-0.05329524780579398,-0.04804511469102718,-0.0554600607194613,0.646788694133627,-0.08366580289878112,"MSCI World, resident currency",0.13348353916845568,-0.03813471595395701,0.02437582179846909,0.025238999160926312,-0.03813471595395701,0.02747949759464574,-0.035774219828004765,15,0.04463693294069393,0.00920971681254823,0.009856581302570389,-0.025979726392153846,0.021796101932026746,0.05252856265022565
UK,2012,0.09061084492234395,0.09548633649621041,0.13144482555582163,0.09498818382461205,0.633713561470215,0.11777513767335845,"MSCI World, resident currency",0.009923314944111361,-0.024460615481551873,0.10444755436179798,0.10490412196429566,-0.024460615481551873,0.10644350942287639,-0.02267134401221916,15,0.02828242099093714,-0.12308893030120849,-0.1215528952178736,-0.014131120381582707,-0.13771588431808401,0.031058254930930396
UK,2013,0.17523965048826007,0.21274686689239708,0.30792840103595587,0.2092097133883024,0.60723828030119,0.18026033621967996,"MSCI World, resident currency",-0.08474538073771742,-0.022062138793991326,-0.03600264225956795,-0.03483236355655139,-0.022062138793991326,-0.07085488013891539,-0.058582922821453096,15,0.02564798821532066,0.08015030564552617,0.0756711783484636,-0.01307117198017016,0.03350688483767161,-0.3240007185814803
UK,2014,-0.0026177932777952106,0.12970722212576624,0.11320994352784627,0.11843077458297802,0.640697078421322,0.09375955327031682,"MSCI World, resident currency",0.13931820518883176,-0.010654646295390924,0.17022449094067738,0.15914476967650382,-0.010654646295390924,0.09776106272876062,-0.07227591410823601,15,0.014610314088341791,0.07843872734881896,0.08462125274429932,-0.006284064445272408,0.14550513087157313,0.047755207721089876
UK,2015,0.010593388351745059,0.07814712602780505,0.04285662349079815,0.07300165370435252,0.674809366354005,0.03869763874622145,"MSCI World, resident currency",0.007272233813872431,0.00399740331166476,0.017766462171225683,0.01704025668873954,0.00399740331166476,-0.018831614198380975,-0.0320538684900308,15,0.0004009937308258049,0.15844972495375753,0.16521444865404078,-0.00531491867575451,0.21040844297715489,-0.08260888356546547
UK,2016,0.14653668681702925,0.2379825895074117,0.02816853631235576,0.2311180832389117,0.812875955129247,0.27159638680300113,"MSCI World, resident currency",0.06424486219300118,-0.004542694552691184,0.03504460015117372,0.04148094971630312,-0.004542694552691184,0.20467666295412257,0.1588943498498896,15,0.006596661169451679,-0.1471096288818241,-0.17597648196150284,-0.014283553872012966,0.023707396944463,0.2789013462206973
UK,2017,0.1107108057880124,0.08483555627285866,0.1662913367307971,0.08678645951755337,0.740110276431188,0.08766644328619866,"MSCI World, resident currency",0.010164081644060241,-0.02227555988315466,0.002592444733791277,0.0028136375093916755,-0.02227555988315466,0.00041660486635697325,-0.024755359481129457,15,0.026999999999999913,0.0021614218135797003,-0.0007774958771754603,-0.00991627081888169,-0.08095769537926845,-0.004988277586999379
UK,2018,-0.11756097543530342,0.03696643966733126,-0.007764388073997229,0.025801469060486637,0.787680674254657,-0.04877892101086656,"MSCI World, resident currency",-0.0026046099459251515,-0.01756292682926819,-0.006869896568605149,-0.006859718978938334,-0.01756292682926819,0.005449494382499198,-0.005192244351024571,14,0.02499999999999991,-0.045120917075340716,-0.04532982568922195,0.0017853235335945072,0.035637809700286516,0.02892313128804891
UK,2019,0.16286836637729274,0.09213322974441707,0.13837285889725473,0.09720155240310246,0.762107990702283,0.2089456559987133,"MSCI World, resident currency",0.038508815416418374,-0.010709233791748485,0.061681638731985844,0.05812459086066313,-0.010709233791748485,0.012076045378796252,-0.056745024416233907,14,0.018000000000000016,-0.13088897859800452,-0.12864415065194312,-5.033643403207222e-06,-0.1499083770870071,0.11554691444789067
UK,2020,-0.1024777042145062,0.08906527636361772,0.0740507832409622,0.07537138336930793,0.745156482861401,0.11839785896616295,"MSCI World, resident currency",0.0480914741193339,-0.008529236868186185,0.029837341241066406,0.03125671172108868,-0.008529236868186185,0.08302137286236144,0.04311936259033111,15,0.008999999999999897,-0.07917363361881424,-0.07820771131544424,-0.00489791713896115,-0.09323826780973521,0.20187438310639316
UK,2021,0.14723140852068628,0.12104868855493933,0.17942543821995033,0.12282376818566343,0.6948676912367595,0.08314326568862818,"MSCI World, resident currency",-0.07423196610162053,-0.024311091215122538,-0.05657749788909783,-0.05554544503269476,-0.024311091215122538,-0.08762464457659236,-0.05628366276837441,15,0.02582376,0.06744893932456653,0.06122164081799819,-0.0646718177027612,-0.0262343766943548,-0.15395219691848072
UK,2022,-0.034469354293866106,-0.12616626538056308,-0.14540486185529714,-0.11978386939718655,0.7762065811871903,-0.14914146805445028,"MSCI World, resident currency",-0.3004358533773829,-0.06574024787214883,-0.1953557846548778,-0.19480096557737903,-0.06574024787214883,-0.2019990933568535,-0.07284355174399781,15,0.09053559,0.1414581920872593,0.17298637373286851,-0.04319532740699539,0.2931275152163817,0.039968973346466985
UK,2023,-0.002375912455017337,0.12432751517541152,0.17086144831590577,0.11532783398421254,0.7690392623413413,0.15088382823044588,"MSCI World, resident currency",-0.03486857794486775,-0.022931175383989144,-0.02846249673026857,-0.028215569452656686,-0.022931175383989144,-0.04620652527816593,-0.04141780078339747,15,0.0730187,-0.05809500453537941,-0.058080369866978065,0.017003513512843016,-0.05737934591801874,0.0621268698856241
UK,2024,0.06757312510492319,0.13612585178899161,0.17631012390918954,0.13139774050735942,0.7477303713334467,0.12222513749482244,"MSCI World, resident currency",-0.03836975745637994,0.02371765148589766,0.006553755360293678,0.005913083335899794,0.02371765148589766,-0.03796081105733895,-0.021457140035645878,15,0.026198990000000002,0.009264604415357702,0.008308550070180498,0.02171369326854866,-0.017691294840640803,0.185286136043753
UK,2025,0.22935402686840445,0.14566816527211346,0.1738089550028999,0.15087655140143297,0.7256062085592487,0.14160301591231295,"MSCI World, resident currency",0.020223082724180053,0.017770729936692042,0.008964955434544564,0.008860151872788213,0.017770729936692042,-0.004432072242392504,0.004124158938964991,15,0.0265082,0.10620689173646025,0.10182665081225517,0.015139307087717269,0.06808887246542694,0.5723665114701293
USA,1927,0.3746708842187094,0.18162253353854374,0.11199854338879825,0.2902306453189769,1.0,0.287650184028339,"reconstructed, resident currency",0.055107553585850066,0.057931033573274116,0.08316603898012964,0.08495733686992368,0.057931033573274116,0.13101057156671714,0.1067428019283298,15,-0.016949152542372947,0.27987673259426504,0.28057020706047187,0.06069651650102048,0.28322239232186974,0.015820895522387968
USA,1928,0.39868573034018784,0.2395413537075064,0.21257288222985654,0.33568158113582514,1.0,0.33301021797355346,"reconstructed, resident currency",0.03170606474343085,0.05783505580927173,0.09043312518257385,0.08967458579416676,0.05783505580927173,0.08751759686956917,0.055575174593009126,15,-0.01724137931034464,0.32415181121266823,0.322061858113722,0.05045226040342521,0.31491034974400356,0.006010050251256338
USA,1929,-0.03369330242276192,-0.1344644948609558,-0.14424125811252808,-0.07038203098937612,1.0,-0.07224126692739741,"reconstructed, resident currency",0.03400000184774399,0.040735989809036255,0.053653681862831704,0.05420361925562145,0.040735989809036255,0.05152862922064516,0.03829190804254768,15,0.0,0.18764430544875466,0.187133084600684,0.03785806464463959,0.1843601378342279,-0.005665551839464711
USA,1930,-0.21098271387065948,-0.1386299940493646,-0.1354707346512464,-0.18589498606031007,1.0,-0.18752319608818946,"reconstructed, resident currency",0.06842639071944956,0.06527083766406894,0.11014290791638182,0.11075927755525328,0.06527083766406894,0.0909910607480322,0.04494510909097389,15,-0.023391812865497186,0.13616867566119195,0.14214758321322774,0.10740235214556271,0.18110420315296616,0.05980071174377222
USA,1931,-0.34404796656025083,-0.2070682628066991,-0.19930221130770148,-0.2946099021274057,1.0,-0.2960206823231508,"reconstructed, resident currency",0.04252809545907543,0.14427125397579466,0.08321123815915876,0.08480717729818799,0.14427125397579466,-0.004835614998399684,0.05119046504484875,15,-0.08982035928143717,0.35376674498055816,0.3552906489800165,0.15094084355712933,0.3616574164856825,0.10187401574803157
USA,1932,-0.037741728942759734,0.1564507886126394,0.28715614053267413,0.04808461034003586,1.0,0.04598844111935585,"reconstructed, resident currency",0.30215522668657524,0.1479759079261418,0.28107387945868045,0.2568432762920565,0.1479759079261418,0.13806069034929358,0.02473055911929644,15,-0.09868421052631582,0.136874015766286,0.1372927078033499,0.16025907588768828,0.14903839516689743,0.109578947368421
USA,1933,0.6085833884202516,0.5511786005053239,0.20087799551294772,0.5777051609106767,1.0,0.5745497505888553,"reconstructed, resident currency",0.04959279249350601,0.0862968596271596,0.13085230280218174,0.1589852513915,0.0862968596271596,0.470370297834255,0.40809136401601254,15,-0.05109489051094884,-0.05885155930038999,-0.050062181024630226,0.030170519994877854,-0.10747843008525881,-0.008349344978165862
USA,1934,-0.05515052503280671,0.25840674708488764,0.08937110338723295,0.10144506321929825,1.0,0.09924217309285965,"reconstructed, resident currency",0.07566885149745817,-0.0028597100345945092,0.11856915776412125,0.14448096520037734,-0.0028597100345945092,0.3003619045934305,0.1575365089823677,15,0.03076923076923066,-0.0384864171311482,-0.0384567291480441,0.008767156750223437,-0.027274965290006614,0.6504658057633383
USA,1935,0.42701517404430955,0.07827834546321033,0.14138342835389733,0.2347623799975389,1.0,0.23229285523754384,"reconstructed, resident currency",0.023477626379823757,0.0004759546994725916,-0.0032203831648861536,-0.0047172048366384,0.0004759546994725916,-0.022726608436547946,-0.017882487066080185,15,0.022388059701492713,0.02342013408034127,0.023312686108060365,-0.0020322077192309607,0.020854451310268196,-0.03292946058091295
USA,1936,0.3438782685523407,0.1751824243600717,0.1835263477888275,0.2578635303961134,1.0,0.25534780333532114,"reconstructed, resident currency",0.05532878514030837,0.004658413997335131,0.03756090024760894,0.03647227490081728,0.004658413997335131,0.020739343728089388,-0.011548957551060834,14,0.014598540145985606,0.2801834653355415,0.2825030638176529,0.012372876775614161,0.290013600190437,-0.014225872689938468
USA,1937,-0.3312084772106674,-0.16813122877371722,-0.1279143780274036,-0.25346024158532765,1.0,-0.25495332110215696,"reconstructed, resident currency",-0.033361338751597525,-0.017003805311914144,-0.01643165825281534,-0.016782023717988426,-0.017003805311914144,-0.07821727921732635,-0.08052346763584309,14,0.03597122302158273,-0.08211891839341834,-0.08236776387049882,-0.011132956950033579,-0.07663696365801775,-0.03376095617529884
USA,1938,0.22330771608555566,-0.07633263304027682,-0.08872345768347069,0.059123935607765965,1.0,0.05700568773655035,"reconstructed, resident currency",0.08317968946822152,0.039676384088841,0.06897956136170125,0.06385745437239554,0.039676384088841,0.036392790447693946,0.011616862574862061,14,-0.02083333333333337,0.12363036395209326,0.12446600076770808,0.047570894586841384,0.13216235702209622,0.024573770491803426
USA,1939,0.038369303167187896,-0.007788358585707478,0.006663675042664426,0.016034937306039332,1.0,0.014002867431427202,"reconstructed, resident currency",0.07273644602877627,0.030896637615539957,-0.036365649517410614,-0.03503112445152401,0.030896637615539957,-0.06674803188198197,-0.0014792658054001984,14,-0.014184397163120477,-0.09657755724403416,-0.09556936946401329,0.022205827566040615,-0.1041937163796457,9.876543209874633e-05
USA,1940,-0.10105093472770277,-0.007577569268068518,-0.0642252444948655,-0.06108992410892278,1.0,-0.06296774426070495,"reconstructed, resident currency",0.054781722782978104,0.0072665774263442895,0.08313884056824228,0.07753551590256746,0.0072665774263442895,0.033942416198685654,-0.03730896782489888,14,0.007194244604316502,-0.001849945505864925,-0.001855231581009642,0.0059249679692383594,-0.0031794123845751976,-0.014142566191445938
USA,1941,-0.14349025204068144,0.20893110397044112,0.05888731594238531,0.014356446103364506,1.0,0.012327733211157765,"reconstructed, resident currency",-0.036738816648721695,-0.034680209699131215,0.02268436355069925,0.02450597344418326,-0.034680209699131215,0.049790353574572954,-0.00862085713376698,14,0.050000000000000044,-0.058819573221437604,-0.05653411057277091,-0.07583315048804296,-0.0989434189812235,-0.09269758812615958
USA,1942,0.04082276557852138,-0.02234073852766838,0.03994578308865232,0.006801427212073552,1.0,0.004787824357649351,"reconstructed, resident currency",-0.08012269978965725,-0.08723624581413958,-0.062383783466899656,-0.06418681637139978,-0.08723624581413958,-0.10830814358644736,-0.13376400968931185,15,0.10884353741496611,-0.0781175055853518,-0.07747385674553331,-0.07087970183543024,-0.061597555604926635,-0.08699999999999986
USA,1943,0.19655001318523646,0.046478586030398894,0.034283308821548016,0.11472367456702481,1.0,0.11249422721789082,"reconstructed, resident currency",-0.03519075124852933,-0.048585703542639136,-0.0495321151673046,-0.047144211090633936,-0.048585703542639136,-0.04538462142424826,-0.04697766017137744,15,0.06134969325153383,0.1588384062525685,0.16629627639200262,-0.019568422192413393,0.19418193661456473,-0.0351762767710051
USA,1944,0.17646302037279704,0.05883951416555355,0.025159305552480082,0.11748395622191632,1.0,0.1152489883094725,"reconstructed, resident currency",0.007528409457087992,-0.008155516650400818,0.03190825788559404,0.019365076082084043,-0.008155516650400818,-0.025768635080904323,-0.05511200183374815,14,0.017341040462427904,0.06622181648024306,0.06596079360891993,-0.011389603351630306,0.06274520915406812,-0.024883870967741806
USA,1945,0.3427650451660156,-0.03385612929738446,-0.05669425745842608,0.17991921089895335,1.0,0.17755937247715536,"reconstructed, resident currency",0.08334791925218377,-0.013291578657097292,0.035761981439805135,0.03029394501345739,-0.013291578657097292,-0.06895636826040175,-0.11518629745233122,13,0.022727272727272707,0.17197213547785872,0.17198275561412357,-0.013237632217602213,0.1720362108648006,-0.025993690851734863
USA,1946,-0.15628744776432324,-0.23835264762607578,0.11292774868150303,-0.18703168124239178,1.0,-0.18865761787990698,"reconstructed, resident currency",-0.07796316353890753,-0.06823392498951686,-0.06412506099271087,-0.06682424281031829,-0.06823392498951686,-0.3204019044633343,-0.3268990013898456,12,0.08333333333333326,0.41386907414696017,0.37998788863300614,-0.1458067950930625,0.29615939896803867,-0.15692389853137534
USA,1947,-0.08279218665019294,-0.2568799475143181,-0.13785087923058376,-0.167831495561802,1.0,-0.16949583257067835,"reconstructed, resident currency",-0.15123382992541323,-0.11674979084376003,-0.16224762372983326,-0.16402123475107722,-0.11674979084376003,-0.17565478640229282,-0.1284239025273878,12,0.14358974358974375,-0.0570616969554848,-0.05189243392074494,-0.07460156340503099,-0.012065185609763662,-0.08689840881272937
USA,1948,-0.0039012074933244545,-0.10433104844069829,-0.20521646609601776,-0.05226795809514295,1.0,-0.05416342217895265,"reconstructed, resident currency",-0.04192946686227306,-0.060327981371767425,-0.07470694882079332,-0.07148504286406909,-0.060327981371767425,-0.11436272219290355,-0.10492577975519335,12,0.07672214344354056,-0.10155455928485324,-0.10103250980063838,-0.016410018909050028,-0.059563425827745986,-0.03011680572109654
USA,1949,0.17545245757798433,-0.13213037091976199,-0.048895405362896265,0.04170067324429905,1.0,0.0396172718978105,"reconstructed, resident currency",0.07210923321807217,0.020806983432346327,0.03137376449206042,0.04476089192134025,0.020806983432346327,0.05547144168929341,0.032850075354479626,13,-0.009807998890968395,0.19089052466861078,0.19288327027861207,0.031435476496074255,0.20328990269651248,0.015363304981774073
USA,1950,0.2694433512450294,0.13136260458044946,0.0624054620518836,0.21595044975956945,1.0,0.2135185488600504,"reconstructed, resident currency",-0.0112594872849765,0.00042680876585943217,-0.00768122568904539,-0.005770200667376435,0.00042680876585943217,0.011198918349498266,0.017493112805589493,14,0.010640159602394172,0.11863062102510047,0.11490601442985571,-0.044909057796571394,0.06793816844078338,-0.05888863375430542
USA,1951,0.16425398947552527,0.0608971071265505,0.07745092923685462,0.12769300357604263,1.0,0.1254376175688905,"reconstructed, resident currency",-0.10808717544516622,-0.06251513973730394,-0.07585125103716805,-0.07173021499461996,-0.06251513973730394,-0.05771686858293523,-0.0475326509506997,15,0.07941125541125515,-0.08476035320397501,-0.08464850652431166,-0.044855439335450886,-0.06751969296143345,-0.05909327548806953
USA,1952,0.1463877995310343,0.09449271502466616,-0.0292975598512583,0.12851592594391636,1.0,0.12625889409202862,"reconstructed, resident currency",-0.011333081902120679,-0.009430111421171894,0.01635558153060357,0.020265745717357397,-0.009430111421171894,0.09190562171302785,0.06457729190676528,15,0.022843942505133663,-0.05141788510192291,-0.05163190332977208,0.003226921042449371,-0.03929735250638755,-0.012567741935483823
USA,1953,0.0016133766427675056,0.22950209282321365,0.1931498691175866,0.07728287054064187,1.0,0.07512830479956056,"reconstructed, resident currency",0.02819500499952987,0.006570557410350952,0.028987118674825396,0.030167516846665077,0.006570557410350952,0.05935931024290353,0.03675177783848975,15,0.007590966122961174,-0.0672216480558111,-0.06722951687513345,0.006703548557218442,-0.06709840655834731,-0.010384615384615326
USA,1954,0.4651078793619292,0.48787902955569473,0.46178480363040886,0.47339441012501293,1.0,0.4704476213047628,"reconstructed, resident currency",0.06284436212029942,0.011527380161749923,0.03891130513859298,0.040090927209058824,0.011527380161749923,0.06156146720947642,0.03390336663747484,15,0.003611232177324064,0.49360416247468053,0.4971109218102774,0.018564239040369523,0.5039946688692505,0.00027467811158787825
USA,1955,0.34776507212314534,0.13031228217519986,0.09100271547423096,0.2678409857583053,1.0,0.26530530378678874,"reconstructed, resident currency",-0.009618100357524306,0.018874244995518152,-0.0053358664765668085,-0.005592885740133391,0.018874244995518152,0.014752093085440343,0.039998528510838384,15,-0.0025746014020719965,0.4236689631435333,0.42084308027386874,0.011922977581826144,0.41395598460865246,-0.007195721925133736
USA,1956,0.04650851688351332,0.006078435770609403,-0.015432827510821234,0.03268209605826078,1.0,0.03061673186614433,"reconstructed, resident currency",-0.07099612533645194,0.00386779639470225,-0.02746151850703127,-0.027407181829151916,0.00386779639470225,-0.02200177584846119,0.009656272491368785,15,0.014741097807494885,-0.01911150115227045,-0.018778910806398152,-0.012271588679896195,-0.03488144342455346,-0.031954261954261876
USA,1957,-0.1227844380675327,-0.030699089122586565,-0.019064153848336325,-0.09235661806126683,1.0,-0.09417190482514426,"reconstructed, resident currency",0.04212230670722783,-0.00945125296679905,-0.03442243677663137,-0.034922777191732424,-0.00945125296679905,-0.039203459416555564,-0.013460905292310277,15,0.033926874865916945,-0.16398672244589663,-0.1637597739637524,-0.011143687996010843,-0.16541512075547649,-0.033146316851664914
USA,1958,0.3333005940167395,0.2294207305931799,0.22590779148449155,0.29524865215525264,1.0,0.29265815485094215,"reconstructed, resident currency",-0.0765438797404634,-0.0017094638117031158,0.04416105617774835,0.04577121903743997,-0.0017094638117031158,0.06449881675806424,0.01809239813287542,15,0.02730021342186406,0.05826572769790417,0.05906741462078147,0.006882515564111014,0.06737389508695801,-0.02079761904761901
USA,1959,0.12783232548488677,0.4345794875133262,0.43227565386065264,0.23376470263671179,1.0,0.2312971732314384,"reconstructed, resident currency",-0.034633489403492534,0.019145280532027575,0.03870782575262521,0.039372186643585216,0.019145280532027575,0.04477672722563253,0.024899997043062692,15,0.009319906512393006,0.2046336304474845,0.20289263342433106,0.010506777644549326,0.19442288690212695,-0.01860410557184744
USA,1960,-0.019875119909145256,0.10328836061706248,0.09067439779675081,0.0318051161201911,1.0,0.02974150588795066,"reconstructed, resident currency",0.11474352653453312,0.014378498547133134,0.016353808466814224,0.017338427656394373,0.014378498547133134,0.034071113631979344,0.032160450326443255,15,0.014922813036020388,0.00766061597836476,0.007628263431548321,0.012803101551821738,0.006095652299639598,-0.019337824831568762
USA,1961,0.28483912145258894,0.0708230373621066,0.03948826315336481,0.1888516149893018,1.0,0.18647391175932326,"reconstructed, resident currency",0.0005052556917024553,0.020000807212866123,0.013734002280445967,0.014532658923195108,0.020000807212866123,0.031012006840125617,0.0373605665531762,15,0.010703622331136309,0.006194900945953208,0.006266516659591215,0.023604783271376606,0.009750096498311045,-0.00971866028708146
USA,1962,-0.10765110932613964,-0.07710607555256366,-0.09546785327250416,-0.09508585333802633,1.0,-0.09689568163135032,"reconstructed, resident currency",0.06418165549391297,0.023664238933907455,0.09017513855869663,0.09025891315639267,0.023664238933907455,0.08774011936338288,0.021035700303991912,15,0.011760771417423488,-0.14409271861314332,-0.14336446293907767,0.01825126995188109,-0.14861861625557993,-0.01623818525519849
USA,1963,0.2053265281872858,0.08811588545687643,0.05415397697418009,0.1538602102459683,1.0,0.1515524898254763,"reconstructed, resident currency",-0.018575072608142174,0.02506569959750249,0.0253192726758944,0.02553195050738144,0.02506569959750249,0.027214460766893156,0.027063143150887824,15,0.012560599382988036,0.07550748252596984,0.07497619922470178,0.01837742808505438,0.0684900922653966,-0.020661710037174652
USA,1964,0.1504899174757537,-0.04598664222856941,-0.06679325990756142,0.06946896726230722,1.0,0.06733002932778254,"reconstructed, resident currency",0.03655507928388113,0.025752919793436302,0.015602559460376808,0.015712301985938426,0.025752919793436302,0.01819101583680882,0.028645094006747397,15,0.013220892274210971,0.2641528243882352,0.26449134368793836,0.027000180476569158,0.26568996660338806,-0.014985294117647041
USA,1965,0.1074571069787833,0.015260104288434162,-0.01350581218583912,0.07423728924007889,1.0,0.07208881466159878,"reconstructed, resident currency",-0.020337424436334683,0.027224939790123193,0.02733466984369093,0.02726837503043278,0.027224939790123193,0.025771471998860873,0.025768222292146554,15,0.015786930140149424,0.13799974071618548,0.13866443915869975,0.03155536016230376,0.14279714882987515,-0.014865454545454515
USA,1966,-0.10873207594545875,-0.04566466614290987,-0.0571868815729654,-0.08771421643869437,1.0,-0.08953878800581694,"reconstructed, resident currency",0.013696804593344547,0.024215686265042224,0.008369221733659948,0.008161611437183414,0.024215686265042224,-5.912398945728814e-05,0.01577044543691936,15,0.029893746365702745,0.07581711631625732,0.07461918188302263,0.010884962315295343,0.06181477170237715,-0.0448125544899739
USA,1967,0.17495522836546473,0.12200571026898666,0.19628921882621292,0.15662396547042867,1.0,0.15431071753948777,"reconstructed, resident currency",-0.07685916635967072,0.021756993369961064,0.020948910183165692,0.02023119950169905,0.021756993369961064,-0.016788130470876683,-0.016690825879399355,15,0.027845502373925246,0.0868834369529603,0.08659676034012098,0.01912916025527034,0.08408810664842892,-0.033492385786801915
USA,1968,0.10292200537141882,0.26624608853676657,0.27359554119820056,0.15735330534659475,1.0,0.15503859873590153,"reconstructed, resident currency",-0.04186153653674529,0.015487339762513264,0.020085894367207535,0.01938033338636891,0.015487339762513264,0.008593349793743599,0.004458339285035732,15,0.04244694132334614,-0.03480092092260112,-0.03480826524364333,0.011003722479790534,-0.03906250361572616,0.13933934172537255
USA,1969,-0.1604813634807657,0.018332558219073425,0.02737119121038889,-0.09771307160536269,1.0,-0.09951764546215192,"reconstructed, resident currency",-0.1040722672649399,0.02203879742352144,-0.029264796873619714,-0.02937233120153082,0.02203879742352144,-0.04623884544537782,0.00413434510189982,15,0.05437125748502969,0.19312232016510378,0.19108530721045258,0.01323387456286551,0.18284350294322937,-0.211697411782669
USA,1970,-0.03400650757291579,-0.09360233331933476,-0.09194232299235182,-0.0578872900946209,1.0,-0.09502628631846977,"MSCI World, resident currency",0.07849412764558683,0.015870977988368118,-0.0045650774756087475,-0.0048116886913429635,0.015870977988368118,-0.011420632931960939,0.009039209871416399,15,0.058836892321671774,-0.041935759446080634,-0.04184437637476823,0.020938455464238448,-0.03715663978950989,0.0018766557419620522
USA,1971,0.08932812544434743,0.25469275460912955,0.10700158270109904,0.151872898839029,1.0,0.17407797934665692,"MSCI World, resident currency",0.13181040314869286,0.007468723223079232,0.053305582766730586,0.059979409206961876,0.007468723223079232,0.13240539768044757,0.08379314590395495,15,0.042265608238575725,-0.11751918392146665,-0.11819965049100456,0.017643971771362565,-0.10860629021498613,0.12576180958202943
USA,1972,0.17804104957016031,0.25639185736181536,0.22629583957743932,0.2075546376234758,1.0,0.2056459020147834,"MSCI World, resident currency",0.022074312504803517,0.013487376024672315,0.031105313372453702,0.03250014135663504,0.013487376024672315,0.043527546839742026,0.025001673322128874,15,0.03272951832029625,0.12574192728755085,0.12544305921455035,0.01154035341542925,0.12357925112951218,0.4327542236760791
USA,1973,-0.21380169158010065,0.02334353024826763,-0.0749391491435789,-0.11313272687769949,1.0,-0.23490429831787318,"MSCI World, resident currency",-0.094976240259256,0.020300571639191967,-0.044545889729663335,-0.04570113387887631,0.020300571639191967,0.017385525664849633,0.08752291588734454,15,0.06258720350807279,0.4154010878933674,0.4039251705549234,-0.005739170208360234,0.3792777336936588,0.5812805033370305
USA,1974,-0.3283359392465227,-0.30995612567083775,-0.35214056036931124,-0.3205282405432708,1.0,-0.3216588306024447,"MSCI World, resident currency",-0.07617728735674967,-0.006908297785515161,-0.08802579114437004,-0.08667140357775294,-0.006908297785515161,-0.04452199545046098,0.038521514872518654,15,0.11011067341962089,0.17324335560384485,0.1701415355389453,-0.018682411153460032,0.15933336094145445,0.47626888850657867
USA,1975,0.2619999215355191,0.12745463852922523,0.14948328613132603,0.2046991725045686,1.0,0.26507042291147864,"MSCI World, resident currency",-0.024116175758209235,-0.024783728151410722,-0.0018264228724621523,-0.006783344445457584,-0.024783728151410722,-0.05871512754682462,-0.0799590832656298,15,0.09141601892531259,-0.12253943572879544,-0.12295729176238213,-0.002214119066057396,-0.10223220491744434,-0.3008409938279626
USA,1976,0.15910577921052838,-0.05658288304884618,-0.07206766541346399,0.06746812128112945,1.0,0.10372959262333126,"MSCI World, resident currency",0.10932336637937823,-0.00478898779329906,-0.015057047192487572,-0.013179558978463013,-0.00478898779329906,-0.010459230553561571,-0.003327340996694102,15,0.0577488775352224,0.1562069074502932,0.15835353108706096,0.0049242743921680265,0.16749149001114239,-0.09062983337891817
USA,1977,-0.11647261187110525,0.2047680516217223,0.020953984025310058,0.0019610174044621953,1.0,-0.01697642195693172,"MSCI World, resident currency",-0.047563461306693644,-0.007783651909134659,0.012159774100446663,0.0251210565341482,-0.007783651909134659,0.06726914073485513,0.03606542823808466,15,0.06469555035128804,0.2675845407902988,0.2663513341360022,-0.011551278487003214,0.26277129092320495,0.14502292864328914
USA,1978,0.001996600417771832,0.21617032849135565,0.07377527511464453,0.08586358124031435,1.0,0.09158356376861354,"MSCI World, resident currency",-0.09843946362540223,0.005498016106319614,0.0073077150055382845,0.011994275480062155,0.005498016106319614,0.09670709831807311,0.09742998110349159,15,0.07629914764916124,0.2735032178136336,0.26828623391106365,-0.010424790546951224,0.2533363500677497,0.252084808174486
USA,1979,0.07817731551298035,-0.0491380783926153,0.025447334023021427,0.024413510769876634,1.0,0.027478352322615196,"MSCI World, resident currency",-0.10113344957509363,0.015913386044539957,-0.06376021015030808,-0.06278482970898791,0.015913386044539957,-0.06829783821571267,0.01117865606589088,15,0.09482758620689635,0.27078321119981386,0.25923953803944344,-0.02032579690849734,0.22545243210296362,0.9923437929301375
USA,1980,0.1650751938414705,0.12404015082541875,0.06333544136004125,0.1483960335035548,1.0,0.14927721456946563,"MSCI World, resident currency",-0.12897714842946206,0.016799403235820298,-0.03444799778172147,-0.037319103415589416,0.016799403235820298,-0.09580072691101327,-0.04733998457489552,15,0.11198600174978135,0.09355567107866736,0.0907081699618224,0.000695567814542164,0.07623618751581973,0.02110383971744212
USA,1981,-0.107281264680954,-0.11465908993872909,0.024510923996714448,-0.11000688534172898,1.0,-0.11355292979170994,"MSCI World, resident currency",-0.0868780254480519,0.059113331605083586,-0.002390849429494857,-0.012356492063871904,0.059113331605083586,-0.16935224294692397,-0.11681377323925339,15,0.09441384736428016,0.09217321638558151,0.09387248271550885,0.06875376114405274,0.10211456885723624,-0.38361419432115207
USA,1982,0.11421685537039217,-0.08525423827923428,0.02135757176970006,0.03046820671027084,1.0,0.06609247045635724,"MSCI World, resident currency",0.28576978626897764,0.058771012127399436,0.14541979633510627,0.11944135480596918,0.058771012127399436,-0.01983696309396754,-0.09603847993320443,15,0.06038820992092031,0.18380368103021505,0.1901160492008238,0.08419578734237465,0.21223092558461332,0.10265185390970011
USA,1983,0.17980901428022378,0.17736056692153102,0.2538964243120623,0.17881378867243103,1.0,0.18785860375439878,"MSCI World, resident currency",-0.028789887512986834,0.045990463767699774,0.05980100926499432,0.04614786941836302,0.045990463767699774,-0.05913104668239222,-0.0708759372825251,15,0.042711864406779654,0.09255315386999596,0.09307817828804099,0.04999397713684739,0.09673488526195095,-0.196820367535394
USA,1984,0.004606997815150615,0.04579097119326536,0.1947413416399271,0.022010323180247315,1.0,-0.005267438048441875,"MSCI World, resident currency",0.10395979645026032,0.05955911713295392,0.10184083549081069,0.08519670755398256,0.05955911713295392,-0.03338041490652044,-0.07052964363617556,15,0.041612483745123274,0.10702348270114181,0.10744874409123195,0.06256920408590982,0.11016841051877146,-0.22820762186344035
USA,1985,0.26478400558467086,0.5438729372335371,0.25241586167408087,0.4062917172865079,1.0,0.36520279742416983,"MSCI World, resident currency",0.25039906126228395,0.04461131807400953,0.09203629434299132,0.12116001137941046,0.04461131807400953,0.3065723979706241,0.24830174758596507,15,0.03433208489388262,0.28158990966406616,0.28068056349213455,0.041566294338919674,0.27785409747626244,0.01719964197351964
USA,1986,0.21785596622903158,0.5430625274084886,0.2950980057631655,0.3734876504488618,1.0,0.3993470452866872,"MSCI World, resident currency",0.23799981666488002,0.046861667959362086,0.12199444326608155,0.14766407594316133,0.046861667959362086,0.31474507394138906,0.22788904462086662,15,0.017501508750754402,0.24836503224512252,0.25049871484230857,0.05503815580608573,0.2581153572659287,0.17090610714756105
USA,1987,-0.028551493887789547,0.4385019622005848,0.16244941133694943,0.2264828287092857,1.0,0.11928047193365643,"MSCI World, resident currency",-0.06336402338117775,0.033069748961187306,0.02422188468269071,0.040815479328454085,0.033069748961187306,0.23895712821841952,0.2485420211110889,15,0.03440094899169632,0.22957020418597196,0.22684856202088777,0.0219249880214456,0.21630559548161155,0.18879219531846791
USA,1988,0.14634880388911164,0.08732465175685822,0.13797163304626467,0.11298554152065332,1.0,0.19801080393544757,"MSCI World, resident currency",0.03719903819786641,0.039716436576632264,0.05124424200925115,0.047697222791131644,0.039716436576632264,-0.0014875007818786479,-0.012053497288497842,15,0.03612385321100908,0.09681300172295271,0.09571013147809948,0.030389429819428715,0.08697379757211543,-0.19160535297676506
USA,1989,0.24627381029083506,0.08543731087972395,0.1974929953690499,0.1485040755092386,1.0,0.11170667270605761,"MSCI World, resident currency",0.1330585421348427,0.04515692234149915,-0.00099535746869428,0.0001637398900686815,0.04515692234149915,0.006281318981049333,0.0526358275797056,15,0.043718871057000674,0.051164236180720746,0.05098780396749958,0.04313487985098852,0.04913057147006583,-0.07519116035733364
USA,1990,-0.06820780546519722,-0.09584767233689417,-0.17270003360612424,-0.08537019817400404,1.0,-0.22544652219788808,"MSCI World, resident currency",0.004763061268242774,0.03065277642074893,0.004152964455070851,0.015228765151383827,0.03065277642074893,0.14663032543100085,0.17737463031764775,15,0.049310710498409405,-0.04938832620172762,-0.04925251582930823,0.019629465469601426,-0.059555560321505885,-0.09179237819928221
USA,1991,0.17610081525356946,-0.018190328439578907,-0.047700088881336394,0.0676455548197421,1.0,0.1666582581867766,"MSCI World, resident currency",0.12951360519399668,0.02119680694774395,0.08854955575748269,0.09384106770047884,0.02119680694774395,0.11896215992482317,0.04922431260770043,15,0.036382011116725455,-0.01580142384131389,-0.015578956253589848,0.0295655869605842,-0.007735846944886937,-0.11559592453578293
USA,1992,0.12522103089474124,-0.17918043469936684,-0.11093350996297938,-0.027272978484275345,1.0,-0.07123093506692224,"MSCI World, resident currency",0.04696622159824715,0.01166079601682335,0.05009694012313348,0.04229117296139928,0.01166079601682335,-0.014672063844724303,-0.05052335423068009,15,0.024865919063871367,-0.09310702682652805,-0.09287375350798699,0.008383806062487231,-0.09604465095355619,-0.08816326063595137
USA,1993,0.071437537435036,0.25413296906696514,0.2471531007058974,0.15474993290770112,1.0,0.199880508944974,"MSCI World, resident currency",0.12600419486758319,0.006367050114751027,0.18037163245848875,0.1687669062327115,0.006367050114751027,0.13513297351543674,-0.03059081817557759,15,0.025214081826831602,0.10132891102327779,0.1010769945731047,0.004321478172269577,0.0990903167453987,0.1400269917748591
USA,1994,-0.015388112139507193,0.06735969350609583,-0.026693018968784128,0.024516696406700067,1.0,0.020150786264184983,"MSCI World, resident currency",-0.09468934287063102,0.02489025113596144,-0.11388836030929772,-0.1237446570893137,0.02489025113596144,-0.009567328123754049,0.14597762406611656,15,0.02088167053364276,0.038725537095434914,0.038309029449207666,0.016542435122898214,0.030265031531905517,-0.050278780089130115
USA,1995,0.34796093846764276,0.030165624803760283,0.02088090471793985,0.1903998449299209,1.0,0.17464029690385807,"MSCI World, resident currency",0.26111851075041614,0.03425063189537414,0.187691406181272,0.19962612424035475,0.03425063189537414,0.252912991896445,0.09108596423984924,15,0.024090909090909163,0.21652116647686714,0.21634489546270674,0.033488873052366586,0.2156251595248857,-0.01908767013026269
USA,1996,0.20162607362220863,0.12527708323748743,0.18563149721414923,0.1677275509806344,1.0,0.09771851910355611,"MSCI World, resident currency",-0.03876378268834535,0.02656147831473521,0.12437692345638185,0.11929736997203788,0.02656147831473521,0.07118001815719754,-0.0222886262909261,15,0.026631158455392878,0.18608020258525237,0.18479521156622014,0.020154971252071885,0.1786781800515198,-0.08074223573323402
USA,1997,0.2878287326996982,0.03873692845427801,0.15837395367976256,0.1825876123994592,1.0,0.13830897353182614,"MSCI World, resident currency",0.11957597245718032,0.03381050273561659,0.12619524304157026,0.10956670927056122,0.03381050273561659,-0.018942742543401336,-0.09942640843493435,15,0.02161694768698652,0.12016126022696816,0.12077651552127744,0.038183713171633826,0.12489975040508505,-0.23028865583134628
USA,1998,0.23666892804532047,0.16712203885163768,0.11311765647221428,0.20860849454190067,1.0,0.22380264241112702,"MSCI World, resident currency",0.10587973194605116,0.040575088476587196,0.15465199338863123,0.15798083495310156,0.040575088476587196,0.17946835618663526,0.06277337528032659,15,0.013542107490478239,0.15357771335512083,0.15324502407685459,0.0384762766424287,0.1512509782802347,-0.027858612265115323
USA,1999,0.18922188475983903,0.20219068812502572,0.28193935114915114,0.19439603303501318,1.0,0.21671701173529856,"MSCI World, resident currency",-0.11155004052784934,0.03133830815273431,-0.0515717259785331,-0.04556221766331503,0.03133830815273431,-0.14358525735812522,-0.06972129074455972,15,0.02129436325678502,0.03735323716656014,0.03703347360791387,0.025016298269186832,0.03099435631606262,-0.021704301353082323
USA,2000,-0.0879792220575295,-0.11051035732836345,-0.0054425398149990515,-0.09821675821695675,1.0,-0.1605738807879532,"MSCI World, resident currency",0.16387007992085656,0.02962027217334029,0.07720366864187489,0.0690013474217901,0.02962027217334029,-0.024930769284783216,-0.06820581605883112,15,0.033932951757972285,-0.02633752778740861,-0.02633911333096217,0.02935847551351123,-0.0265850963230283,-0.08950294863945585
USA,2001,-0.15206605778639715,-0.2387349905527234,-0.17912281904120664,-0.19052617230235835,1.0,-0.18137473029433404,"MSCI World, resident currency",0.0063494811137447815,0.008164477093099975,0.015649210036094097,0.013287240589651361,0.008164477093099975,-0.0375215538978223,-0.04431042310758581,15,0.028469750889679846,0.0668993830479756,0.06871260105808186,0.024736810195639336,0.08443720784194708,-0.012398266238120348
USA,2002,-0.21301158305531098,-0.14449372519353798,-0.2531954077698721,-0.1839861756862946,1.0,-0.21826472419410903,"MSCI World, resident currency",0.1410541799283227,0.0014719585743561137,0.08132386551403847,0.10132870130665883,0.0014719585743561137,0.2808933564374534,0.18722434481693487,15,0.01576316801230293,0.028290070168866865,0.028019543666345292,-0.00596150761007852,0.020657545464658922,0.220404100927446
USA,2003,0.19402943801915185,0.3275967871988301,0.14546670641322537,0.24843679006383135,1.0,0.30453193761812236,"MSCI World, resident currency",-0.002432601159641168,-0.010952995093932327,0.0051890410032739975,0.012364427925707355,-0.010952995093932327,0.19102641048738578,0.1725109833614477,15,0.022710068130204375,0.27285182687119924,0.2740600340036352,-0.006956332666097742,0.27799532262764215,0.17026400810519982
USA,2004,0.09804543533840704,0.22296920721868285,0.1648936426104675,0.14706983945570928,1.0,0.11008737557264014,"MSCI World, resident currency",0.040924920917631225,-0.011084231718166415,0.0533589816250728,0.060372155429908814,-0.011084231718166415,0.13453199838904362,0.06486617373794959,15,0.02701702442635079,0.15664784237459517,0.15550449560807378,-0.017486342515833142,0.14915985615952043,0.00859022764395112
USA,2005,0.03585817901441657,0.047880078995565345,0.2137670334661712,0.04055258147995122,1.0,0.059514460744425346,"MSCI World, resident currency",0.04078206419685082,0.0012020759476669696,0.04733591943886828,0.038339561003162936,0.0012020759476669696,-0.08691667400459424,-0.12668521184491618,15,0.03387387387387375,0.026735228996067173,0.026625765854248584,-0.0006986459582450921,0.02478603393524259,0.13507999348894484
USA,2006,0.1061561522825516,0.29512388723480387,0.218912237513973,0.19055915598900475,1.0,0.17110888153734494,"MSCI World, resident currency",-0.030869375714086655,0.018517597716183554,-0.017103026459199255,-0.01747354753740915,0.018517597716183554,0.05759943095611564,0.0962831556769068,15,0.0324154757755315,0.1713177837694304,0.17259790035743716,0.024767261591463807,0.1785050355715705,0.19683310740815418
USA,2007,0.03457492218155345,0.11018918345985518,0.04410631077980685,0.06829695401951219,1.0,0.047376710570449454,"MSCI World, resident currency",0.05614382460547063,0.02365332456869429,-0.003686626672840476,-0.0034116795742180628,0.02365332456869429,0.07690922346021045,0.10741596940689763,15,0.028359216745442284,0.16129775167752913,0.15921741833662084,0.011644528236934182,0.14767420565299738,0.262090868976532
USA,2008,-0.41020352469943877,-0.39707530405885405,-0.3790580438801433,-0.40439683387611713,1.0,-0.40702406086727005,"MSCI World, resident currency",0.20071420381614158,-0.008436957759935138,0.08991606337254798,0.07804542584569774,-0.008436957759935138,0.017669188466197694,-0.07223580475880056,15,0.03841103086014441,0.2701736634435081,0.2840038668398208,0.03138761247384991,0.3211881911276322,0.039236719474163406
USA,2009,0.29534534334682583,0.25892418583761967,0.16537402322463954,0.27914160251955655,1.0,0.2643126078682194,"MSCI World, resident currency",-0.14924743639655058,0.00906757834508709,0.009772989338229898,0.00906541449726772,0.00906757834508709,0.08058250794534594,0.08197456749757778,15,-0.0034777110338287676,-0.05159245619893604,-0.04916723427861236,-0.019834602641820354,-0.07875718437823398,0.21127123536576575
USA,2010,0.12010430515779835,0.06432418979176369,0.05497488460602343,0.0959601437134463,1.0,0.10180570120006571,"MSCI World, resident currency",0.08320463540848722,-0.013163628432197427,0.014850968342977167,0.01582516979059978,-0.013163628432197427,0.008067797982827418,-0.020666296604485157,15,0.016497461928933976,-0.04921594537034535,-0.04926172436706222,-0.011732246102603261,-0.047836856055979426,0.2689986029181377
USA,2011,-0.008524362875906855,-0.12124432229967619,-0.11019704900772834,-0.055305788031631664,1.0,-0.08351613708407268,"MSCI World, resident currency",0.2150861120079719,-0.027619122872171498,0.03557481139038021,0.03562444189165981,-0.027619122872171498,0.027647316886548312,-0.035616731831366835,15,0.031523096129837835,0.020242902948078623,0.02033130522805715,-0.025979726392153846,0.02196299294902193,0.05270047323190119
USA,2012,0.14483198106288908,0.09694990625676492,0.10166758761570925,0.1253534570454442,1.0,0.14877231915558475,"MSCI World, resident currency",0.010888617485761642,-0.017974333244686336,0.1117909365635763,0.11515900685306435,-0.017974333244686336,0.13712645190878692,0.0044310960907975264,15,0.021180030257186067,-0.11725841972935114,-0.11762120732001335,-0.014131120381582707,-0.11380376074136167,0.059650678191806916
USA,2013,0.27672151601227535,0.2733998700453444,0.32377151237185803,0.27540178488265665,1.0,0.24486772044097793,"MSCI World, resident currency",-0.1450856838130603,-0.01254562078975141,-0.02662178221221978,-0.02573008276195088,-0.01254562078975141,-0.019993528694638885,-0.007049805125930697,15,0.014814814814814836,0.09066147433909144,0.09060573125822224,-0.01307117198017016,0.09008099340928766,-0.28699655605254604
USA,2014,0.13888021709331655,-0.06409750255024038,0.05012433485247655,0.057601068315144,1.0,0.03427167626882888,"MSCI World, resident currency",0.22318280624942877,-0.015767298321260448,0.16417710759579518,0.1445923424756883,-0.015767298321260448,0.038055549865924077,-0.12273338087763248,15,0.016934306569343027,0.07286566641159409,0.07381860499038995,-0.006284064445272408,0.08320289257238467,-0.009230564643794903
USA,2015,0.019273513583714763,0.014518063693531369,0.07336375461162377,0.017416209202064215,1.0,-0.015110731216547046,"MSCI World, resident currency",-0.02054440582480177,-0.0004219260497774213,0.013286525077236933,0.01182847274007126,-0.0004219260497774213,-0.06965975660439716,-0.08219704934022258,15,0.0017226528854434875,0.1533505375790134,0.15261549787580853,-0.00531491867575451,0.1477048198280837,-0.13013312811198385
USA,2016,0.02329518408190423,0.005169359661646444,0.0559393824982542,0.01565554742546782,1.0,0.049049593151024196,"MSCI World, resident currency",-0.010484216433944926,-0.00878438030560258,0.030634231258340083,0.02905368762027316,-0.00878438030560258,-0.006158261956164313,-0.04392804286617349,15,0.012897678417884695,-0.15074383088744558,-0.14994760501311222,-0.014283553872012966,-0.15545542641066246,0.05507608456343349
USA,2017,0.16790912951293757,0.24662383490151019,0.15368718669685688,0.20005692821012966,1.0,0.20102862840847768,"MSCI World, resident currency",0.0035850013753302434,-0.011263157894736864,0.0138849424754246,0.016496516644149084,-0.011263157894736864,0.10468516354103152,0.07688964773632663,15,0.021505376344086002,0.01344906481550412,0.013497878197228141,-0.00991627081888169,0.014829615624687209,0.09871695646823575
USA,2018,0.11489757762495523,-0.16814306967604375,-0.13077224804204288,-0.0355633154368612,1.0,-0.10568220910516446,"MSCI World, resident currency",-0.04052685137803891,-0.005932125473228855,0.004887496621407195,0.00398187745621037,-0.005932125473228855,-0.05469780839165106,-0.06470294440646564,14,0.02437673130193918,-0.03381636715980263,-0.03383577084813061,0.0017853235335945072,-0.02631539754923029,-0.03262839512344651
USA,2019,0.0623882794166466,0.19784506511963373,0.20966879204785835,0.1338870430966177,1.0,0.24936736750191835,"MSCI World, resident currency",0.09876037030264362,0.003420132802124831,0.07684491488094225,0.07459231522474541,0.003420132802124831,0.04591532154693012,-0.02520681564082628,14,0.018117901568415418,-0.11847605749167378,-0.11812090140238285,-5.033643403207222e-06,-0.12148513228507796,0.15284579163096157
USA,2020,0.1114791177744816,0.08208755220350605,0.01613292208078642,0.09605099633385406,1.0,0.13990487990932166,"MSCI World, resident currency",0.10486387243887241,-0.008576337880377816,0.02978841757839379,0.03195625613629138,-0.008576337880377816,0.10384809669887796,0.06317876255930359,15,0.012483399734395828,-0.07921737858389244,-0.07945200288390197,-0.00489791713896115,-0.07580105312953356,0.22498667478442758
USA,2021,0.22948679702645447,0.1335201432275943,0.12866248471552993,0.17975563018211038,1.0,0.13823314334142767,"MSCI World, resident currency",-0.07651749126931484,-0.04430839805996023,-0.0759134861217936,-0.07726599109383236,-0.04430839805996023,-0.04122021379083696,-0.008285194602683243,15,0.046821890000000005,0.04557095773773634,0.04409006404787119,-0.0646718177027612,0.02329243176186968,-0.1109212596116338
USA,2022,-0.24170914341930372,-0.16921125256761826,-0.039941781380537965,-0.20435540592951318,1.0,-0.23081348403126045,"MSCI World, resident currency",-0.21433958589324298,-0.05337623663450397,-0.1847071078835898,-0.17098585692769097,-0.05337623663450397,-0.27859742357262063,-0.16183923482402915,15,0.0799169,0.1565642713999187,0.15914998315713613,-0.04319532740699539,0.1690030842827046,-0.05985533283087896
USA,2023,0.21280858238276967,0.11092718289614134,0.10781781673677326,0.16016518434837268,1.0,0.1970131822384058,"MSCI World, resident currency",-0.004646530253984538,0.010076322212978273,0.004358140871327354,0.004787874545091109,0.010076322212978273,-0.007976883183380967,-0.0029962185795874654,15,0.0412827,-0.02627541712137238,-0.0261388594487707,0.017003513512843016,-0.019597529212661446,0.1046986961468841
USA,2024,0.2146450571741596,0.10621276949957692,0.12527875786625337,0.1590187534616263,1.0,0.15076346319534473,"MSCI World, resident currency",-0.03459896471869628,0.020861800536042585,0.00374578629367317,0.0036003974839067254,0.020861800536042585,-0.01349603407684774,0.0034273273644724136,15,0.02926926,0.0064490729306840855,0.006478860736853331,0.02171369326854866,0.007288938474107276,0.21542811082988278
USA,2025,0.15116672457931468,0.23916671998672312,0.20480270923340504,0.19447976545647272,1.0,0.1792876874690803,"MSCI World, resident currency",0.05499533124003575,0.01566952343190242,0.006881928614156596,0.007408522243327331,0.01566952343190242,0.028431935514292128,0.03727061055515157,15,0.024004340000000002,0.10392310713921171,0.10385688439293794,0.015139307087717269,0.10334681922210343,0.6242708203460645
