country,year,domestic_equity_real,international_equity_real,international_equity_real_constant_real_fx,world_equity_real_resident_reconstructed,xrusd,world_equity_real,world_equity_source,bond_real,bill_real,world_bond_real,world_bond_real_fixed_notional,world_bill_real,world_bond_real_unhedged,world_bill_real_unhedged,world_bond_issuers,inflation,trend_real,trend_real_fixed_notional,trend_cash_us_real,trend_real_unhedged,gold_real
Australia,1927,0.10356371463310432,0.25186054512528666,0.2611253037430413,0.25043999071731915,0.41433834413409815,0.2479391107358846,"reconstructed, resident currency",0.03887701410364697,0.023143750333802116,0.05088063636245721,0.05289901497616123,0.023143750333802116,0.09855236021693647,0.07157618477099989,15,0.018518444444444393,0.2377913480130187,0.23904343657318394,0.06069651650102048,0.24383203512591622,-0.015361188083041988
Australia,1928,0.16639631263078547,0.3038316710329012,0.32551050217976163,0.30291762279902446,0.4151414263418,0.30031178755342647,"reconstructed, resident currency",0.03544721987935029,0.0327025006928654,0.06441905521704161,0.06368833425349107,0.0327025006928654,0.06161504922187233,0.030532570083135643,15,0.009090982479344145,0.2926919742607419,0.2905181578183833,0.05045226040342521,0.2830796815723866,-0.01834291958664447
Australia,1929,-0.05300000309944153,-0.021987812387944894,-0.0739083630596546,-0.022185545399873274,0.4365832221661474,-0.024141174309073477,"reconstructed, resident currency",-0.01681390590965748,0.04343852028250694,0.05601792545367057,0.05975436356016006,0.04343852028250694,0.10575139556505153,0.09221939244761952,15,0.0,0.19072831999091377,0.19925912073609942,0.03785806464463959,0.2455316004890511,0.04569120242725977
Australia,1930,-0.23388235709246474,0.05394194336056968,-0.18400268872440567,0.05235285257096289,0.5307128194828947,0.05024814686582091,"reconstructed, resident currency",0.0399930928559864,0.13550662501331634,0.17979760918821608,0.20012751151131813,0.13550662501331634,0.4071020892598214,0.35183082809486504,15,-0.08108108108108103,0.21107892259107208,0.25296651082093713,0.10740235214556271,0.525892432598642,0.36917799614589897
Australia,1931,0.22504091744654553,-0.30623422202054174,-0.2936954983501119,-0.3036661160448131,0.5523449889357013,-0.30505878381272344,"reconstructed, resident currency",0.08032224730167936,0.08538051690210313,0.02609396062008984,0.026857510860592626,0.08538051690210313,-0.0017233288469219454,0.05576899393036867,15,-0.039215764705882394,0.28409417288652583,0.2953773049476338,0.15094084355712933,0.34251746508523273,0.08638567421990562
Australia,1932,0.3011061618079296,0.2764636036552732,0.10328769025508182,0.27667534364322277,0.7169864074720653,0.2741219929559364,"reconstructed, resident currency",0.39123363835069336,0.07681546905168579,0.2005435968206064,0.2178955863552292,0.07681546905168579,0.37207346173619293,0.23626670831633198,15,-0.04081616659723808,0.06640175816199201,0.07793757334444518,0.16025907588768828,0.4015550931971881,0.35342389908798655
Australia,1933,0.25600001215934753,0.23730364679979554,0.3899843977429765,0.23749136946142135,0.5933163830278935,0.23501638672249858,"reconstructed, resident currency",0.05805879086256027,0.02768038958311081,0.0728878172980707,0.08130473841591157,0.02768038958311081,0.12980157802007097,0.07810716088283483,15,0.0,-0.10963583515681319,-0.07537849330416979,0.030170519994877854,-0.2991631581866777,-0.22132379017573367
Australia,1934,0.23200000822544098,-0.044237118509972695,0.015462585287510572,-0.04131352880570782,0.5002905825283235,-0.043230901748096406,"reconstructed, resident currency",0.0723716989159584,0.02591796964406967,0.1452372947673628,0.14530952156003552,0.02591796964406967,0.13881986585091965,0.019129630679289744,15,0.0,-0.01073693175487822,-0.011117751582977675,0.008767156750223437,-0.15455078222448704,0.43451126953246755
Australia,1935,0.08941071425108538,0.280111086717467,0.27049748976867527,0.27779758839242485,0.5122578566716348,0.27524199321564,"reconstructed, resident currency",0.011203915358723116,0.012554486724123404,0.006565077601875746,0.005591449939043924,0.012554486724123404,0.009113607135239565,0.01640368327285042,15,0.010638126754201949,0.03577566627089257,0.036682382196987495,-0.0020322077192309607,0.057426567442397713,0.001715846622480477
Australia,1936,0.16132652657845203,0.21952412435979562,0.2625100582212728,0.21894316012102677,0.504946822636257,0.21650527380078466,"reconstructed, resident currency",0.005207929753814344,-0.008000144175148938,0.022754498566165404,0.020675349758387362,-0.008000144175148938,-0.009682490401677124,-0.03923176214756391,14,0.031578950027700836,0.26405332931953507,0.2608955169987095,0.012372876775614161,0.25067096112109133,-0.04428986247185518
Australia,1937,0.0035198380028567122,-0.2399254616004649,-0.23625187031005054,-0.23758671643280516,0.5077324401141773,-0.23911154299993953,"reconstructed, resident currency",-0.03195155077288514,0.002859484210589347,-0.0010033019272995825,-0.0014692110671251646,0.002859484210589347,-0.06416195972405225,-0.06193893665850432,14,0.020408328196598324,-0.06357140237076953,-0.06385233405608925,-0.011132956950033579,-0.05738260279630192,-0.013612526471871167
Australia,1938,-0.02450972577278543,0.02886231726590549,0.05330681912588742,0.028173265373677925,0.5134151834605164,0.02611691884293066,"reconstructed, resident currency",-0.03615399898412497,0.003261030946592358,0.030765605144998487,0.026488320047049374,0.003261030946592358,0.010810807062126893,-0.012679368589475135,14,0.019999918400006367,0.08427446712605513,0.08571703066560454,0.047570894586841384,0.09900328458896102,-0.005434218784742484
Australia,1939,0.022914288725171872,0.07320676664997006,0.023152691771300325,0.07260960040943143,0.5659629860207143,0.07046438120861254,"reconstructed, resident currency",-0.00900853840368121,-0.005106037429400745,-0.06345094744868052,-0.06516605717073076,-0.005106037429400745,-0.009351657998771912,0.052397407995048495,14,0.02941176470588225,-0.1281283679151033,-0.1378975222176403,0.022205827566040615,-0.05432918559719202,0.055768675976639814
Australia,1940,-0.020945945804988986,0.0363218361284281,-0.08679909475882466,0.035538515005254734,0.655393891728929,0.03346743797524421,"reconstructed, resident currency",0.05893596402696666,-0.03198875839243065,0.03559282470383307,0.043053754898458196,-0.03198875839243065,0.13212197520198155,0.05977692396643146,14,0.05714285714285716,-0.04074999090081011,-0.04019118019425272,0.0059249679692383594,0.09979290823064613,0.08769725234388215
Australia,1941,-0.10346153817879844,-0.03866904803997395,-0.0515646511656762,-0.03954252003002945,0.6225099601593626,-0.041463434989969405,"reconstructed, resident currency",-0.054445787315041905,-0.0299389325082301,0.01913934538117834,0.016552906108104892,-0.0299389325082301,-0.013443374825314436,-0.060604432301390045,14,0.054054054054053946,-0.054196859241216755,-0.048885424338678596,-0.07583315048804296,-0.14744502276595917,-0.14153538923725661
Australia,1942,0.11716121858510253,0.05227500871710733,0.03966261254088235,0.05303550260332002,0.6220839813374806,0.05092943159811347,"reconstructed, resident currency",0.004607249310371042,-0.03610523378381114,-0.006266440259404815,-0.008032441638193055,-0.03610523378381114,-0.057463419695045315,-0.08803450450518291,15,0.0598291282051282,-0.02647568184257154,-0.026179375712751418,-0.07087970183543024,-0.018870661619276086,-0.04542971803633156
Australia,1943,0.08028813298078719,0.17015358333670672,0.10845035108376516,0.169193677156815,0.6198090987975704,0.1668552898025013,"reconstructed, resident currency",0.0458638672251559,0.01339136999943391,0.010117726577104635,0.012358792467695556,0.01339136999943391,0.0007882575418840521,0.0013678422374833114,15,0.008064386576491112,0.23432751062605206,0.23820587399307347,-0.019568422192413393,0.25270743020823705,0.012108632589574952
Australia,1944,0.0714285010831952,0.12782168501249624,0.10077509328078361,0.1272836540491329,0.6195786864931846,0.12502908674103463,"reconstructed, resident currency",0.04105294789913505,0.01345603609157675,0.0569803021290356,0.04362115115371901,0.01345603609157675,-0.013056114544318653,-0.04529368330317872,14,0.00800006451200419,0.08945399592806469,0.08815817694937045,-0.011389603351630306,0.07219476599203678,-0.016213481108026895
Australia,1949,-0.0046494213897029235,0.3736735625705381,0.07913411378409946,0.3670533974457648,0.892856999892857,0.3643192906508732,"reconstructed, resident currency",-0.11624996000965249,-0.06090836759956331,-0.04991694556433246,-0.017927710345850167,-0.06090836759956331,0.391858016663851,0.36023825154445555,13,0.08604950202340245,0.09556002748033388,0.1732581747616453,0.031435476496074255,0.5790179738299186,0.3324111711905062
Australia,1950,0.20340286228283544,0.12418978396506342,0.18911217351199502,0.12558752067470258,0.892856999892857,0.12333634563335316,"reconstructed, resident currency",-0.0385462342892251,-0.066309582354098,-0.07672964492541845,-0.07508978615082729,-0.066309582354098,-0.06460356364150421,-0.05592774177183556,14,0.09190367720896142,0.044009099501116866,0.03992752444504699,-0.044909057796571394,-0.011541747201266883,-0.12892962883194337
Australia,1951,-0.2039364237837803,0.026736417075220675,0.1392058862535106,0.022517859677431584,0.899280575941751,0.020472823958076702,"reconstructed, resident currency",-0.2341971316616951,-0.14877939865495515,-0.16507029598052458,-0.16166011377973344,-0.14877939865495515,-0.14780552441379635,-0.1337668003895341,15,0.19839674670842622,-0.16897768108784983,-0.1688809078143808,-0.044855439335450886,-0.15406051829447254,-0.14641613248144647
Australia,1952,-0.26039111265798587,-0.020190641893027328,0.09027409865188846,-0.023240260766837606,0.8920606609217285,-0.025193780245303943,"reconstructed, resident currency",-0.13444784883090877,-0.12569186829933332,-0.10414781219692792,-0.10152332668321662,-0.12569186829933332,-0.05411055562859857,-0.07641164281009662,15,0.1722411852087098,-0.16275159763731673,-0.16265071430030753,0.003226921042449371,-0.16846494171484494,-0.1453291583983285
Australia,1953,0.08362533699720509,0.04076598011044785,0.06523250524564621,0.041256991668625176,0.8920606609217285,0.039174477685288034,"reconstructed, resident currency",0.04283766819873169,-0.011599434018309873,0.012726492995115413,0.013431600571038427,-0.011599434018309873,0.03137215669126925,0.007058485582344646,15,0.04279584156174354,-0.08405958806398162,-0.08313163192463324,0.006703548557218442,-0.09859324292494431,-0.0437941141178575
Australia,1954,0.17794349337243265,0.48347015583579167,0.46671054238596454,0.4798929292973133,0.899280575941751,0.47693314343871873,"reconstructed, resident currency",0.071653680046879,0.026380101612930362,0.04771370131082686,0.048299070417772816,0.026380101612930362,0.06337358464124998,0.04218069315353896,15,0.006839471573670597,0.5155354388974827,0.5141080129883675,0.018564239040369523,0.5113059846871866,0.005137277845306709
Australia,1955,0.08096897158392058,0.23353050678640552,0.25479423604659185,0.23223178817405654,0.8940545381262892,0.22976732459770832,"reconstructed, resident currency",-0.11587972599130703,0.01716926234084637,-0.0011939450366225124,-0.0013766554337037995,0.01716926234084637,-0.004420945459115644,0.01428536941252742,15,0.020380814911835188,0.4212865976061997,0.40756231447513946,0.011922977581826144,0.37411420101127324,-0.03517049174270981
Australia,1956,0.013567299453258297,-0.008333142474345245,0.02546091797976091,-0.00812760802374235,0.899280575941751,-0.010111352807694818,"reconstructed, resident currency",-0.06538206549161318,-0.014571662253260675,-0.04764051678818437,-0.04773002660287207,-0.014571662253260675,-0.06508767477311839,-0.03240691752543579,15,0.06258360955777298,-0.0371288665640539,-0.03637343181142094,-0.012271588679896195,-0.07294819381556539,-0.07013646788762107
Australia,1957,0.13881586788564593,-0.0926356968623454,-0.09019863968792888,-0.09035816752361714,0.8924587245813981,-0.0921774511885699,"reconstructed, resident currency",0.01565552400128878,0.020445364852139436,-0.0016901652711568405,-0.0019302158203511333,0.020445364852139436,-0.026228984722313498,-0.004317851908293132,15,0.02474863893168977,-0.13875427474914992,-0.13469105848880836,-0.011143687996010843,-0.1643278815117596,-0.0318867669923355
Australia,1958,0.17357216293687627,0.31698913330671874,0.2951795958616431,0.3154526719632931,0.8940545381262892,0.31282176661936645,"reconstructed, resident currency",0.07882635238134017,0.02936788309027727,0.08236646771838774,0.08280610065468141,0.02936788309027727,0.08663558004859406,0.03372135382398058,15,0.013146045159908804,0.09121013610602047,0.09059495417112551,0.006882515564111014,0.08422089893892948,-0.005342279208695566
Australia,1959,0.4169188854394521,0.22195774033816318,0.23117259436111895,0.22412507450104413,0.8948545865299573,0.22167682435204195,"reconstructed, resident currency",0.05349945034250747,0.021104616787068986,0.035946880456840136,0.0361291945272606,0.021104616787068986,0.03361743086654245,0.01865371046592709,15,0.0184069134958178,0.20694957341583708,0.20317712880753724,0.010506777644549326,0.18482462781159525,-0.02649050172885392
Australia,1960,-0.09627463741899689,0.00932216471127889,0.028532464837611286,0.007794702920549179,0.8936550499500042,0.005779113514708056,"reconstructed, resident currency",-0.04970342575554487,0.005755763966494021,0.003935947087882141,0.0043675439728547705,0.005755763966494021,0.00838392634765528,0.010300249954255315,15,0.037925945039750664,-0.0009050131742538436,-0.0012485119239162845,0.012803101551821738,-0.017520801413643317,-0.042357269170977485
Australia,1961,0.08865157042907357,0.17148220536777803,0.1757476366899117,0.17034354803825225,0.8924587245813981,0.16800286094217576,"reconstructed, resident currency",0.01566754040962781,0.024171396549841795,0.011945039409078317,0.012124120191128851,0.024171396549841795,0.012041095185507666,0.024314655609438508,15,0.025121383578097456,0.010309040557539673,0.009984858875833114,0.023604783271376606,-0.005784205106160956,-0.024953448634939646
Australia,1962,0.04490959910166703,-0.08134615249498456,-0.10409420564336597,-0.07983333098638379,0.8940545381262892,-0.08167366432441103,"reconstructed, resident currency",0.14422000710753524,0.04581211252631068,0.11265032984739398,0.11239466023918498,0.04581211252631068,0.10758833985315297,0.04084597647948295,15,-0.002784546787983011,-0.12557441392496183,-0.12411313211964647,0.01825126995188109,-0.13465585621663745,-0.00010436976777916662
Australia,1963,0.25931861396174316,0.16293584066596245,0.13660762097109216,0.16448833413322705,0.8960573484724516,0.16215935746496069,"reconstructed, resident currency",0.04420640025298117,0.03272083755138966,0.03500978542938915,0.03563545033336024,0.03272083755138966,0.042092211909372956,0.039725059779306314,15,0.005305558566979229,0.08353931712194451,0.08316626961998863,0.01837742808505438,0.07861196499040268,-0.011384377848991045
Australia,1964,0.01991876510268642,0.06161629133313684,0.0620138634081407,0.06088516541873035,0.8976660690269841,0.05876339508789297,"reconstructed, resident currency",-0.0135402405005427,0.017183351796901114,-0.0016200612241242807,-0.0015649005242036607,0.017183351796901114,0.0032712250914153085,0.022551723773115945,15,0.023610934010485085,0.25359156409098094,0.25392199949275174,0.027000180476569158,0.2550919990909599,-0.02323309107239413
Australia,1965,-0.11698509030273974,0.04812474733430916,0.06685990898242655,0.045476106991978904,0.8940545381262892,0.04338515477799487,"reconstructed, resident currency",0.01271198411754848,0.008541534695907682,0.001425583904177019,0.0009884309211649622,0.008541534695907682,-0.006106095039414949,0.0012427965771673857,15,0.039620050696922426,0.11730153788900632,0.11658172691087465,0.03155536016230376,0.11210635943522163,-0.04132208063250853
Australia,1966,0.03616640342715982,-0.08545917893684063,-0.09329542273183433,-0.08358899992137758,0.8976660682226211,-0.0854218219215348,"reconstructed, resident currency",0.0012334047139914706,0.018880775159751062,-0.0022767623114678948,-0.002128787498429374,0.018880775159751062,0.0012989018557438836,0.022644479243356583,15,0.029757380802723388,0.07021342486916815,0.06987392913963997,0.010884962315295343,0.06624514741765819,-0.04082707663177432
Australia,1967,0.3808958331260732,0.1405590262232017,0.17866178908514063,0.1442441050952381,0.8920606609206608,0.14195561688504754,"reconstructed, resident currency",0.00998505653660775,0.013141459775404485,0.009823069821274899,0.008896055686070437,0.013141459775404485,-0.031565009640720065,-0.029026311625056592,15,0.031938816626749134,0.07771875217448776,0.07723946194189724,0.01912916025527034,0.07304528230696983,-0.04333750238109402
Australia,1968,0.3131624807906397,0.18421308792139435,0.15646210246622194,0.186801164608966,0.9009009009009008,0.184427562279748,"reconstructed, resident currency",-0.004594879586564016,0.02101305951003929,0.032124958022345496,0.03279100240307953,0.02101305951003929,0.04359214994440741,0.032633983416650546,15,0.026529473469882214,-0.02954884204114583,-0.029522892790847854,0.011003722479790534,-0.014491646783152179,0.168471875271611
Australia,1969,0.06976934208877572,-0.08562137015595206,-0.09818697951682849,-0.08212191420549331,0.8944543836265245,-0.08395767037708235,"reconstructed, resident currency",0.07890371312722011,0.018175557338513615,-0.03833607073058953,-0.03850841624220991,0.018175557338513615,-0.03241527830900093,0.024650038565143518,15,0.029193827303855002,0.18861239550744968,0.19148520290211746,0.01323387456286551,0.20310865192840932,-0.19819176259418614
Australia,1970,-0.1694416423130497,-0.03421286653525546,-0.054545619050073685,-0.037785727989868234,0.8968609873514449,-0.07532030763950137,"MSCI World, resident currency",-0.04255707447405499,0.014201892229549262,-0.00842836835641414,-0.007397216725189226,0.014201892229549262,0.011419254038589566,0.03458714976292435,15,0.03906004616824865,-0.04350986818094049,-0.04298748656042739,0.020938455464238448,-0.016190538298775148,0.023692714836861972
Australia,1971,-0.11468578320565881,0.064317884580259,0.10157533811730844,0.0598159949021384,0.8396305632574564,0.08011575888207445,"MSCI World, resident currency",0.052353201839013375,-0.006150722543640241,0.04197173795941955,0.04206658824584508,-0.006150722543640241,0.047270340486267326,-0.0004391976531258705,15,0.060640370957328216,-0.12944898316754283,-0.1255937904125446,0.017643971771362565,-0.17994510565394894,0.035666363450404415
Australia,1972,0.28843361374766174,0.09697438502253397,0.1947287650011836,0.10077392703763799,0.7843137261053441,0.09864051504904747,"MSCI World, resident currency",0.02809007960839116,-0.014601768260481762,0.001532353349251503,-0.0006214342179111654,-0.014601768260481762,-0.046279814564579524,-0.06229405651222119,15,0.058649827090341944,0.09454161027180374,0.08477352644353875,0.01154035341542925,0.02385757302081748,0.30559216068971873
Australia,1973,-0.3221632958892997,-0.26032681022779425,-0.15069565990527134,-0.26150149479385254,0.6720430112043301,-0.3636313659466327,"MSCI World, resident currency",-0.20035206673069805,-0.03885589098781983,-0.10804673995425151,-0.10863870516995633,-0.03885589098781983,-0.16308049337902564,-0.09697974219510486,15,0.0946589482246154,0.42150361014749116,0.3500677391062972,-0.005739170208360234,0.2230741636608169,0.3152306459851004
Australia,1974,-0.3588749445204459,-0.26317545573340584,-0.3379562271754804,-0.2649385647352154,0.7535795032054102,-0.266444720631441,"MSCI World, resident currency",-0.12581563121048023,-0.05248001630843602,-0.1322645833228968,-0.1300958294045964,-0.05248001630843602,0.036897835489712705,0.1303592213038263,15,0.15110148819813607,0.1891849884118899,0.22750283715135522,-0.018682411153460032,0.3318499367381986,0.596430949183457
Australia,1975,0.34350699497956594,0.20400595083720896,0.21223342346645083,0.20622419590652608,0.7954816647804325,0.2665914837942154,"MSCI World, resident currency",-0.07610447215033311,-0.0657151597627269,-0.031406424283333845,-0.03322639274042494,-0.0657151597627269,-0.045913910159457894,-0.07895627539651186,15,0.1507197279893664,-0.18074108179242665,-0.18341908503101445,-0.002214119066057396,-0.12400608103856225,-0.3000003580848125
Australia,1976,-0.08741702619576186,0.15602168062348798,0.06412043667747681,0.15173966588454935,0.9204712812960235,0.18997527022983918,"MSCI World, resident currency",-0.05357695255347683,-0.052960266367267916,-0.07163306560567295,-0.06318601840561777,-0.052960266367267916,0.058915147967783854,0.07778868807915214,15,0.13523923652833325,0.07509336932856359,0.10161728858575092,0.0049242743921680265,0.2299474858734747,-0.019571444857352405
Australia,1977,0.008012077674158569,-0.09713823673888178,-0.06660815688354887,-0.09558804295645729,0.8761170500053592,-0.11292452616715698,"MSCI World, resident currency",0.034050732665451555,-0.033617397841090635,-0.017563976039582152,-0.012270875183492569,-0.033617397841090635,-0.03568996975881522,-0.06016688333677193,15,0.12300241669392475,0.21209962728170395,0.18947458927353988,-0.011551278487003214,0.11876789815532707,0.03326286333613715
Australia,1978,0.15173999283497963,0.07306129508967896,0.02784869181458175,0.0742846458484605,0.8691873106207626,0.08000198352325305,"MSCI World, resident currency",0.056177251281561036,0.006699218860829026,0.010331974411573297,0.016520526167044025,0.006699218860829026,0.10121779616548832,0.09939293114382448,15,0.0792366276649652,0.2830899203331725,0.27381805477065924,-0.010424790546951224,0.2478826137973824,0.23880032757109038
Australia,1979,0.27417725373276514,0.06577765362024723,0.05155820261662988,0.06928105453154432,0.9045680695654166,0.07315225025456384,"MSCI World, resident currency",-0.07634017811142013,-0.0019555881236529293,-0.07757056829083875,-0.07590118351711894,-0.0019555881236529293,-0.025358856409107844,0.05479010742620167,15,0.09090001538075776,0.3794615979836735,0.39078767881822074,-0.02032579690849734,0.41426267544930906,1.0809082934258814
Australia,1980,0.3829541430804504,0.07840594258463107,0.11744242543139966,0.08533318821914926,0.846955196787461,0.08655365281958627,"MSCI World, resident currency",-0.13055321986143253,0.0049118667051923914,-0.051491373581601385,-0.05625339418928754,0.0049118667051923914,-0.14883423973986887,-0.09796400089834828,15,0.1012657285330909,0.17508454049373245,0.1591605704436505,0.000695567814542164,0.10629129190310493,-0.03462446406481712
Australia,1981,-0.18681216994349104,-0.06661886409693862,-0.0540612030682605,-0.06959660534393042,0.8866034230752756,-0.0741740009464733,"MSCI World, resident currency",-0.09142966917384432,0.032446188770159035,-0.01750557217922466,-0.02602082897358804,0.032446188770159035,-0.12465384169409333,-0.07863762956544504,15,0.09691754380607986,0.06501537659180512,0.07981146559933716,0.06875376114405274,0.15144360553850356,-0.35623228557691333
Australia,1982,-0.23793590440509993,0.14036941775765688,0.08352478426352991,0.1314779320072501,1.0197838068731224,0.16989413257352282,"MSCI World, resident currency",0.07368455994317435,0.03146319146623888,0.10891403498736496,0.10563064324544258,0.03146319146623888,0.07810957947646613,0.0010737541402023505,15,0.11145507019303702,0.1575585654187055,0.1975179343183464,0.08419578734237465,0.33520712359245386,0.21001317419311394
Australia,1983,0.48664707512684413,0.2091879998070485,0.2059226476089443,0.21386113113966654,1.1086474501108647,0.22285118467491327,"MSCI World, resident currency",0.05100302592911343,0.008602690068387764,0.04833250593746974,0.039511931813817514,0.008602690068387764,-0.008986430362706077,-0.04562800085293459,15,0.10113560353860218,0.06836818614434015,0.07891869407094809,0.04999397713684739,0.14497629107402688,-0.17315986771336478
Australia,1984,-0.03319077007067894,0.11807705504600641,0.08668211663101695,0.11534543914450235,1.2080212611741967,0.08609634569719771,"MSCI World, resident currency",0.09540132802740797,0.06767484669177559,0.1014977718776624,0.0962130356187354,0.06767484669177559,0.05109443859927176,0.01877673243574439,15,0.03950186735568528,0.07156100987214753,0.0808211962207257,0.06256920408590982,0.1643864269051285,-0.1573203556476236
Australia,1985,0.3312841566252489,0.6616368209881247,0.2563924146731088,0.65594513115113,1.4686444411807902,0.6083329063576097,"MSCI World, resident currency",-0.010366210280061683,0.08132878611839556,0.15397463114702936,0.22059010808015844,0.08132878611839556,0.5795231536073913,0.47662047279331166,15,0.06739043422146018,0.32576816175741663,0.36917120234635425,0.041566294338919674,0.5044422322925026,0.1983535776574341
Australia,1986,0.3851642037484011,0.3111337034741275,0.2521710089594287,0.31247399808744425,1.5042117930204575,0.33687136857873456,"MSCI World, resident currency",0.11963259737641674,0.05777288020452831,0.11957608412307885,0.13432768921953664,0.05777288020452831,0.2532170063172601,0.18640216031945087,15,0.09084538389003094,0.23834222486459544,0.2264220412433684,0.05503815580608573,0.17999619527957922,0.11862947451956907
Australia,1987,-0.1667338410060818,0.08264880379676298,0.08234697450410193,0.0757514226761844,1.3840830449826989,-0.018034316926869742,"MSCI World, resident currency",0.0693231024694565,0.03972382640046224,0.027540886293081712,0.03261588404986626,0.03972382640046224,0.08397131785593848,0.09590630624685108,15,0.08488745091606797,0.17102878408926614,0.14521721195055104,0.0219249880214456,0.009778167219007816,0.0429496175263373
Australia,1988,0.1293294906884077,-0.09922703254920662,0.14174698953303122,-0.09215314094500549,1.168907071887785,-0.022387453686813164,"MSCI World, resident currency",0.0433881257058768,0.045787696928881294,0.06772586646362333,0.04351242712341663,0.045787696928881294,-0.1829395471989511,-0.19862539361083317,15,0.07231770741505783,0.126665609236136,0.09783479071524437,0.030389429819428715,-0.09414447740355825,-0.3403258579086086
Australia,1989,0.0961382723715336,0.20498813508815106,0.21879054985670043,0.20300081013438986,1.2615112905260504,0.16422372192901724,"MSCI World, resident currency",0.05497963366487557,0.08591137426817896,0.028950611100642565,0.030661063945761846,0.08591137426817896,0.04818206961929716,0.10601289021658072,15,0.0755942201288442,0.09277532198107274,0.09334630868706184,0.04313487985098852,0.09931763732357668,-0.03150316914008211
Australia,1990,-0.21042032953293321,-0.07998278324236696,-0.131153928382439,-0.08197788508600545,1.29315918789603,-0.22334363068658192,"MSCI World, resident currency",0.10062794326838254,0.06412250859766888,0.0326610880179492,0.04145194985030365,0.06412250859766888,0.1482614486431828,0.18366648355158446,15,0.07272265806943823,0.08487775021296029,0.0813376172825766,0.019629465469601426,0.042339149772429696,-0.08932661934192387
Australia,1991,0.23519342737640514,0.08924056361365706,0.04895707539359842,0.0913931297943189,1.3161358252171624,0.1921668238587897,"MSCI World, resident currency",0.2580592255709835,0.06522918996725569,0.137814347769039,0.13972948170844957,0.06522918996725569,0.14548702114691325,0.07192910591586184,15,0.032227000000000006,0.05558726855241036,0.05488016539536744,0.0295655869605842,0.04255379900294365,-0.09625874564790748
Australia,1992,-0.0315482230276829,0.09117974087957847,0.007349993672096086,0.08910891160308743,1.4522218995062446,0.04003082024343185,"MSCI World, resident currency",0.12103804626918602,0.052275340627038425,0.08677992136177437,0.08850734911575198,0.052275340627038425,0.10597125613769132,0.07140958058292188,15,0.009859265452269561,0.01871696593875427,0.01875416914824468,0.008383806062487231,0.09317194181415345,0.021070089190815322
Australia,1993,0.3795486053974242,0.17779399458549094,0.14634274592531044,0.18140806560299616,1.476886722788362,0.22874859476524811,"MSCI World, resident currency",0.2305472042743566,0.031317675680807344,0.20251946086876016,0.1913285554654307,0.031317675680807344,0.15869861041494038,-0.004631669664331276,15,0.01813116603543352,0.20592488599252712,0.20536366168775966,0.004321478172269577,0.20261213673639422,0.167455053811572
Australia,1994,-0.10506036315003286,-0.10484395758262754,-0.018470814660186113,-0.10484893858171762,1.2873326799004294,-0.10909623386379863,"MSCI World, resident currency",-0.14073391566101467,0.03728579461505932,-0.10484920355615757,-0.10209321822780193,0.03728579461505932,-0.13545933807900323,0.00221072201789659,15,0.018949330257871377,0.03718237390014778,0.03175503315469319,0.016542435122898214,-0.11233594021059234,-0.1706027942236501
Australia,1995,0.15371860732582254,0.21566779372045097,0.1859697419912398,0.2143185200486719,1.342281879194631,0.19868798522418207,"MSCI World, resident currency",0.1796716148323838,0.028723982293977324,0.18049884801301475,0.198775412509679,0.028723982293977324,0.28143981608672797,0.11676271696265632,15,0.046381823814169554,0.20372970356202869,0.20956973402225199,0.033488873052366586,0.23406255525247088,0.000993944675942826
Australia,1996,0.11431456088493785,0.09214012191086773,0.19619264652618904,0.09259725357216397,1.2554926390529346,0.02724990527342186,"MSCI World, resident currency",0.12106247668092873,0.04291922292782702,0.14348951377635966,0.12691555380563702,0.04291922292782702,0.0003399591506467736,-0.08797974375982867,15,0.026123811720498713,0.20471860984828427,0.18703915884054534,0.020154971252071885,0.10277323214373157,-0.1397544681708981
Australia,1997,0.11169367193373847,0.47886017002250014,0.2360607361289748,0.4712190759119024,1.5320974179240476,0.4159424773086988,"MSCI World, resident currency",0.17149304314579128,0.05054164021338581,0.1444176672517059,0.1537472398658557,0.05054164021338581,0.2201300499127814,0.12003576736803073,15,0.0022471910112360494,0.25156786970171807,0.3114240761620273,0.038183713171633826,0.5385116765582836,-0.04255609608940658
Australia,1998,0.07554603728288733,0.2963712734956394,0.18943827817446424,0.2920319772247415,1.628929766591794,0.30753217980159686,"MSCI World, resident currency",0.1260205623440147,0.039434292490679645,0.15862566872364736,0.17386197277527815,0.039434292490679645,0.2740813679320613,0.14331183338049455,15,0.008594917787742684,0.2767643590432576,0.2962669551914885,0.0384762766424287,0.3628601388796824,0.03865288709952375
Australia,1999,0.17639088448290852,0.12771798926664601,0.22673526474725447,0.12867152203572463,1.5295197308045272,0.15059193770921775,"MSCI World, resident currency",-0.08187711062464442,0.03304003140010181,-0.05146282743012898,-0.04245545034669629,0.03304003140010181,-0.19721871963557058,-0.12654076188056085,15,0.014079288625416853,0.03482984089151575,0.0318676621859153,0.025016298269186832,-0.029011000366778394,-0.07487186198426177
Australia,2000,0.005409901383801596,0.05483005363220661,-0.051068056925143955,0.05389043608452315,1.8050541516245486,-0.01944795761153284,"MSCI World, resident currency",0.12285555737570641,0.01453844905446866,0.06210486878022481,0.06931248709580662,0.01453844905446866,0.14086967430482478,0.0895605318879203,15,0.04457435147972233,0.012191128815066676,0.023105079761319036,0.02935847551351123,0.19963417961246877,0.06357155545541437
Australia,2001,0.05485725959191967,-0.13859593357831668,-0.1682999649496209,-0.13486514253614257,1.9584802193497843,-0.1250656979089908,"MSCI World, resident currency",-0.025230958129293324,0.0037646341713228892,0.012977567581138327,0.01372703261027941,0.0037646341713228892,0.027706010774588785,0.0185751910672345,15,0.044071353620146914,0.0983982822219509,0.11169926848924616,0.024736810195639336,0.19847944267579587,0.05553379018399984
Australia,2002,-0.10815273934759706,-0.2783464702776395,-0.23266895124577122,-0.27440073574583235,1.7661603673613564,-0.30510190548924676,"MSCI World, resident currency",0.09436796646279366,0.014578144558946349,0.09666004153069907,0.09999040540098503,0.014578144558946349,0.1315374083237022,0.047360442698769135,15,0.03048576214405374,0.07316735261128793,0.06434566088589877,-0.00596150761007852,-0.06535526815680504,0.08483844917108252
Australia,2003,0.12784259183497393,-0.0666032521848986,0.1753190228034883,-0.06142488259722556,1.3333333333333333,-0.019573373048997644,"MSCI World, resident currency",-0.004371905324485392,0.02023100040004233,0.030358385747095706,0.026690416539210116,0.02023100040004233,-0.10320456429803826,-0.11215368551723212,15,0.02730819245773719,0.20553816754800702,0.15158199683122708,-0.006956332666097742,-0.11811658163454242,-0.12048301691743679
Australia,2004,0.24649080584354444,0.10444406503740922,0.12087442550675426,0.10796771167522556,1.2836970474967908,0.07252069076471335,"MSCI World, resident currency",0.057594870905413265,0.028416819672342886,0.09421719939683282,0.09459784152913842,0.028416819672342886,0.09435420731795374,0.028324979379817556,15,0.023417721518987245,0.18737440915883874,0.17442961317161365,-0.017486342515833142,0.0959875613630623,-0.025541672255108616
Australia,2005,0.17951218762311583,0.11077300287494762,0.10346213892112863,0.11267364750997078,1.362954886193267,0.13290976401286958,"MSCI World, resident currency",0.03602658770080769,0.02725769574248993,0.07442668181506229,0.06768565146205785,0.02725769574248993,-0.025335183115323456,-0.06762959703808193,15,0.026592455163883866,0.07872487287880592,0.08211664918873707,-0.0006986459582450921,0.12206029894904868,0.21370991638544812
Australia,2006,0.20676440163501963,0.09751109536721714,0.15480866893372386,0.10041470010944642,1.2637432073802604,0.08258335461464061,"MSCI World, resident currency",-0.02539672689764849,0.02173531043314525,-0.01518989836827489,-0.015253280360830623,0.02173531043314525,-0.020684868044139382,0.016355404082685106,15,0.03554216867469884,0.1669352082735307,0.15227827369366453,0.024767261591463807,0.0819262402068135,0.10636305535564072
Australia,2007,0.1523833129259633,-0.04258556183715778,0.03522798232983929,-0.036973308313405395,1.134301270417423,-0.05549568300806318,"MSCI World, resident currency",0.004141600140372903,0.03938708795458479,0.010487611553227527,0.009309748399822348,0.03938708795458479,-0.03189652023122225,-0.0033127462211767064,15,0.023560209424083656,0.2240899008998174,0.196574917822252,0.011644528236934182,0.07439745006087106,0.13812944488253298
Australia,2008,-0.42868751659989357,-0.2393002281883604,-0.395156530717655,-0.2449510291876642,1.443418013856813,-0.24909212089070365,"MSCI World, resident currency",0.2224078600605328,0.022270135891934162,0.12345517271774376,0.14146329515365497,0.022270135891934162,0.30549540215563287,0.19078685261478587,15,0.04347826086956519,0.30090477437170793,0.39707876447244494,0.03138761247384991,0.6620777456823999,0.3160247986692273
Australia,2009,0.3715030466262943,-0.04786906594958584,0.23196693598743273,-0.03431825615041384,1.11495149960977,-0.04372034680996306,"MSCI World, resident currency",-0.09166289426950591,0.014817921377485055,0.015066829113032254,0.011770890329314332,0.014817921377485055,-0.19329229920712798,-0.19194717920563942,15,0.017701525054466316,-0.04787159763772675,-0.024471736701909608,-0.019834602641820354,-0.30443582501046207,-0.08383889422118751
Australia,2010,0.004306600610342937,-0.04575556560083294,0.09582304929296494,-0.04397222785577626,0.983961428711995,-0.039111200406221736,"MSCI World, resident currency",0.043916401432964935,0.014415083335795886,0.04382644776539513,0.03850026971788312,0.014415083335795886,-0.12497092254442832,-0.15025874071071155,15,0.028632592989028538,0.025013085246377242,0.02272520345667539,-0.011732246102603261,-0.1291237389453228,0.1066983433794908
Australia,2011,-0.14306604861463013,-0.05384309441892243,-0.04790265572378046,-0.056747510160534254,0.984639621898385,-0.084690802902883,"MSCI World, resident currency",0.15750374685688806,0.012934233109086257,0.0791689865121703,0.07581558458574911,0.012934233109086257,0.025568868612248385,-0.03786864771172526,15,0.03355879292403752,0.09661185865186339,0.09310522857061487,-0.025979726392153846,0.053131709528536186,0.05135121732747483
Australia,2012,0.16869944618775135,0.1014036893464394,0.1264917415934407,0.10335116914337772,0.961076405574243,0.12604068732468776,"MSCI World, resident currency",0.06117320779784796,0.019769447108749283,0.15611578751263888,0.1510281436780183,0.019769447108749283,0.11050796258680262,-0.020891062996232106,15,0.01686383085829335,-0.03492835466367206,-0.03242172075092453,-0.014131120381582707,-0.08547235457042202,0.038682564071750525
Australia,2013,0.16765477360734615,0.49259986691940916,0.29942675617594666,0.4834655573532185,1.12803158488438,0.4469528283167139,"MSCI World, resident currency",-0.07205687193334964,0.0025591783513481126,-0.01156690463021981,-0.01230969638671986,0.0025591783513481126,0.1469918787077069,0.16242200537246548,15,0.024752475247524774,0.06329475796647932,0.07227739046985948,-0.01307117198017016,0.21663598495031944,-0.17125142464625387
Australia,2014,0.03046236722614859,0.13754561566812495,0.10589969979306679,0.13484953972909186,1.21921482565228,0.10921009783170121,"MSCI World, resident currency",0.15566206510803648,0.00011784151361537987,0.18345918666992023,0.17341740070193468,0.00011784151361537987,0.11763981562345527,-0.055721658779389165,15,0.024879227053140163,0.17726276758753134,0.1895661958517123,-0.006284064445272408,0.2544797970759143,0.06255589081264712
Australia,2015,0.010599755427700197,0.1318226727176881,0.042745817682367244,0.12888502377702382,1.36873802354229,0.09137500648127661,"MSCI World, resident currency",0.007413149324253965,0.006152331431972025,0.017372456745777587,0.01752728025695327,0.006152331431972025,0.031359649373880805,0.019975760365778437,15,0.014847984916332768,0.08298051432998776,0.08996958005157296,-0.00531491867575451,0.18639445263366317,-0.036083554735771295
Australia,2016,0.105183627973235,0.022124488096826767,0.034255964076283,0.024237722219517144,1.38197899391929,0.05932846895196975,"MSCI World, resident currency",0.0014016484387682215,0.007004655354276634,0.05110736606366717,0.04912154647110323,0.007004655354276634,0.0031292013244110795,-0.038924164562987494,15,0.012772875058058464,-0.06003247193712635,-0.05923997186670238,-0.014283553872012966,-0.07088814965244306,0.06541400958106824
Australia,2017,0.10123093459728394,0.11600391760148421,0.16380818967637226,0.11561753794663399,1.28205128205128,0.11588458946507951,"MSCI World, resident currency",0.01585823002190967,-0.0024996852517983337,0.024276548504335693,0.02476839519259122,-0.0024996852517983337,0.03234875404541926,0.005011396786351518,15,0.019949552854849673,0.03906053815554089,0.03495421839655677,-0.00991627081888169,-0.04177906777596074,0.020826057686523347
Australia,2018,-0.05556030175104276,0.07436572331384506,-0.01490250997496087,0.0706360298340849,1.4168319637291,-0.006774669998208971,"MSCI World, resident currency",0.010923315472260109,0.00014565152183521057,0.013668923511167996,0.014062598670527393,0.00014565152183521057,0.052240942654717015,0.03841628838613515,14,0.019334532374100544,-0.07162884983395179,-0.07682634864880711,0.0017853235335945072,0.0327351673373506,0.07435856836360455
Australia,2019,0.21901095169116047,0.14371692208074038,0.1388565960288504,0.14589403399227474,1.42734798743934,0.2616870176684962,"MSCI World, resident currency",0.08370897163203161,-0.002183272964169536,0.0752073592485949,0.07393628805270391,-0.002183272964169536,0.05846065829830671,-0.017561983160391165,14,0.01565946184384659,-0.019866416198443093,-0.019865589056179855,-5.033643403207222e-06,-0.00804086721910069,0.16421367046175162
Australia,2020,0.039941022930297,0.0015765568856656031,0.06390476742375062,0.0026885139828241034,1.29836406128278,0.04057544177268935,"MSCI World, resident currency",0.0009120041211834184,-0.00628044877313827,0.031185074591754347,0.029975120579843972,-0.00628044877313827,0.010704897069969688,-0.025561962471591763,15,0.008903365906623328,-0.12468411059586537,-0.11515423677327252,-0.00489791713896115,-0.19984601574683714,0.11824334884930376
Australia,2021,0.06443207337374468,0.10255684490926975,0.18065229446787587,0.10140873793498284,1.1915045254910985,0.06347478362494852,"MSCI World, resident currency",-0.07235739489169457,-0.027147507727853126,-0.05865185566580189,-0.05704627427960274,-0.027147507727853126,-0.10719598580222556,-0.07716297623190842,15,0.0281963,0.049659340339077485,0.04395680428368176,-0.0646718177027612,-0.057109264770444756,-0.16931533175673774
Australia,2022,0.05243415424705522,-0.13359683529722455,-0.14444946039128614,-0.12807391149968483,1.2902006398127905,-0.15634453662970538,"MSCI World, resident currency",-0.13684785222711338,-0.04669475776539189,-0.1792429458260818,-0.17506925780229943,-0.04669475776539189,-0.21019685060968363,-0.08195893022472443,15,0.0661503,0.11303086268940188,0.13223313296570982,-0.04319532740699539,0.22527049061838866,0.031164962397638885
Australia,2023,0.013742567416848095,0.20132296710388609,0.16333954800253167,0.19570549814064453,1.347286465182621,0.23214460215100563,"MSCI World, resident currency",-0.039589383956222024,-0.01567677459288974,-0.023755977301018305,-0.021948180563073905,-0.01567677459288974,0.02571621066679297,0.03382417614811715,15,0.056351860000000004,-0.05073209095226805,-0.04947596967289358,0.017003513512843016,0.009569602542399913,0.1371207566113013
Australia,2024,0.11626913711249154,0.16351021178638248,0.1692447859855038,0.16209538288450798,1.3550269160802253,0.15460438689708456,"MSCI World, resident currency",-0.007468989799481296,0.011738453460389708,-0.0034435094067962746,-0.003361037612291229,0.011738453460389708,-0.00811650785768847,0.007092581179929436,15,0.03173898,0.018444871992773226,0.019190620198439978,0.02171369326854866,0.03191903058024037,0.21948486687745894
Australia,2025,0.049992297663302265,0.22528805137215802,0.18048147976894763,0.21988429860835712,1.387434688836703,0.20917885990215512,"MSCI World, resident currency",0.007820991380936393,0.017161451190171206,0.008292089113874468,0.009169697317678915,0.017161451190171206,0.053625005218649324,0.06275864995494865,15,0.022576109999999996,0.10681805640373754,0.10980885805796015,0.015139307087717269,0.13261619887030052,0.6654408924878117
Belgium,1927,0.28675006136639425,0.16465730115525012,0.25841036500548165,0.1698514086384857,35.930499999999995,0.16751170582120878,"reconstructed, resident currency",-0.11253889382795534,-0.18498252846926233,-0.16288783580087096,-0.15045619545591526,-0.18498252846926233,0.027752659546412817,0.0025150495216371177,15,0.27184466019417486,-0.013998204640291778,0.022827983451643163,0.06069651650102048,0.1636693237609952,-0.07881936784475518
Belgium,1928,0.2072002963321964,0.2591623577787001,0.3303104637832412,0.25668974603541606,35.8985,0.2541763665433452,"reconstructed, resident currency",0.12086305469274516,-0.0063060656916805735,0.024212450363706006,0.02369072879750167,-0.0063060656916805735,0.023948654350037124,-0.006031009852444454,15,0.04325699745547085,0.243862751266813,0.24243640500445696,0.05045226040342521,0.23755566043727017,-0.05317238366280297
Belgium,1929,-0.3461149372373309,-0.11831015195907713,-0.06210635542964152,-0.1276696750522237,35.939,-0.12941433570211924,"reconstructed, resident currency",0.019953244583947205,-0.0254735484293529,-0.013724928030515615,-0.013074968751040306,-0.0254735484293529,-0.013534245002361,-0.025606450134009744,15,0.06707317073170738,0.11208875454516498,0.1119452453886387,0.03785806464463959,0.11116682789442267,-0.0671152976753262
Belgium,1930,-0.2878472036095997,-0.20350039566489941,-0.18129526709042756,-0.205861595927885,35.836,-0.20744987273602922,"reconstructed, resident currency",0.27737518203885925,0.03598398218268106,0.07639303762061345,0.07731132285469045,0.03598398218268106,0.061843282698738955,0.020133858882042725,15,-0.0011428571428571122,0.10493266822524805,0.11112685896537422,0.10740235214556271,0.15148619424480536,0.03322457490715047
Belgium,1931,-0.2484569946924846,-0.2961045139488463,-0.2924424289511381,-0.2947456482495808,35.8975,-0.2961561569530816,"reconstructed, resident currency",0.005405973465669733,0.12042857147753239,0.059227591242073,0.0602819114136488,0.12042857147753239,0.011065212829624915,0.06929404782558692,15,-0.08695652173913038,0.325558896041656,0.33215555418128107,0.15094084355712933,0.3597159442742772,0.10030294672865536
Belgium,1932,0.13790089633936686,0.043614435899616,0.10387791724205006,0.046689198585846414,35.936,0.044595820188674695,"reconstructed, resident currency",0.1125652562749262,0.1354874992898356,0.26595715396137454,0.24211656425901484,0.1354874992898356,0.1249018626515459,0.013559959945148787,15,-0.09774436090225569,0.12450638054079,0.12535193576020642,0.16025907588768828,0.14907253796109887,0.10961191765541023
Belgium,1933,-0.07760761646514247,0.1968100414971179,0.40564994273880695,0.18715044790419366,27.933500000000002,0.1847761470083853,"reconstructed, resident currency",0.07687277743156917,0.04680851101875305,0.09285738046587988,0.09632361926571975,0.04680851101875305,0.08384145739386129,0.034249959648446494,15,-0.02083333333333326,-0.09306356809820615,-0.05065755584720255,0.030170519994877854,-0.32767307215358854,-0.2530001953326465
Belgium,1934,-0.14076467254408853,-0.07313849936403849,0.021973551240964916,-0.07489180222427227,21.4715,-0.07674201861982377,"reconstructed, resident currency",0.22173557511052566,0.08322297248083199,0.20920715236541088,0.19568258448149245,0.08322297248083199,0.09893236771777314,-0.016565682038828786,15,-0.05531914893617018,0.04452062743551077,0.0439150722913042,0.008767156750223437,-0.18416288779703371,0.3842670936963708
Belgium,1935,0.5520161075446441,0.6224557639762183,0.2617607675475981,0.6208686616183807,27.1385,0.617626924295144,"reconstructed, resident currency",0.14387554656003276,0.036824732888063316,0.03069176168033816,0.03551685050857323,0.036824732888063316,0.28004672780449047,0.289294089092072,15,-0.016516516516516533,0.06060250840196946,0.07235911107376247,-0.0020322077192309607,0.3413310532901912,0.2706627703684972
Belgium,1936,0.21124340822226806,0.331798791138892,0.2629337511232117,0.3284548668428242,29.5565,0.3257979571091385,"reconstructed, resident currency",0.07080353878057788,-0.02639270001464955,0.003791724414008657,0.007971751540659211,-0.02639270001464955,0.0792891402868483,0.047085117042165794,14,0.04580152671755733,0.24061666115159008,0.2695030484400749,0.012372876775614161,0.3630331417220003,0.04157258929467278
Belgium,1937,-0.12245804073960609,-0.2811833722033519,-0.2368211987341454,-0.27719622049306236,29.6275,-0.27864182805207627,"reconstructed, resident currency",-0.026024551314561717,-0.053115645550242174,-0.05676282824745882,-0.057113318950048675,-0.053115645550242174,-0.1127813653076204,-0.11067383451252295,14,0.07299270072992714,-0.11583865724477616,-0.11626918990734181,-0.011132956950033579,-0.10635421494754582,-0.06485811659970342
Belgium,1938,-0.11818101757381039,0.0039026193074902515,0.05699869737003091,0.0006295924641765982,29.596,-0.0013716667207517297,"reconstructed, resident currency",-0.15008792176392338,-0.01871222002816042,0.008189953704989872,0.003763189571589054,-0.01871222002816042,-0.01626774397663211,-0.03912864269940887,14,0.035374149659864074,0.06052687377121502,0.061411802977307195,0.047570894586841384,0.0695621504760402,-0.03207758278508921
Belgium,1939,-0.2092242505256232,-0.0028600404315991534,0.02858439312951478,-0.007575987303273135,29.6705,-0.009560835328666584,"reconstructed, resident currency",-0.08848854291748698,0.004124676075751843,-0.054761563139536173,-0.05367320244905349,0.004124676075751843,-0.0834100288073708,-0.026277167204724266,14,0.01182654402102501,-0.1200390663896913,-0.11937903442487263,0.022205827566040615,-0.1250251499132824,-0.023157926712293664
Belgium,1940,0.523866713025579,-0.383284154131072,-0.09977752065057974,-0.3630955448872172,29.62,-0.36436935379744273,"reconstructed, resident currency",-0.11106518005865795,-0.3143188192064401,-0.2664480738002313,-0.2706051053069416,-0.3143188192064401,-0.3036922149307342,-0.34818779357857477,14,0.48173820314582816,-0.3205247515276144,-0.3205368839448979,0.0059249679692383594,-0.32357609803630705,-0.3310154902077824
Belgium,1941,-0.09085560826837669,-0.43624405614626915,-0.05051990695354031,-0.4213072849554135,31.124944419742107,-0.4224646703855026,"reconstructed, resident currency",-0.42933391208729355,-0.4754595517872533,-0.44892148862368,-0.44589748143247954,-0.4754595517872533,-0.4055820857520799,-0.43399746172068315,14,0.9354084202950699,-0.4885765236848403,-0.4887050294256913,-0.07583315048804296,-0.48632046208253965,-0.48275980276865704
Belgium,1942,-0.2830242726431037,-0.25815621546614576,0.0695839370418447,-0.2602023877378835,31.11111111111111,-0.26168198296240774,"reconstructed, resident currency",-0.30144939510432067,-0.32800229153943783,-0.30719960479974073,-0.308149480030772,-0.32800229153943783,-0.33783209601625874,-0.3593094493352019,15,0.5089337175792508,-0.3212888648617339,-0.3208770509448705,-0.07087970183543024,-0.3107192112137235,-0.3293779615338198
Belgium,1943,-0.19329704062097008,0.06528628007668402,0.13297986621273172,0.04560756640255592,31.11111111111111,0.04351635126975073,"reconstructed, resident currency",-0.06291178915666162,-0.10372584895334003,-0.10662115876753275,-0.10440738025231189,-0.10372584895334003,-0.10499706344864712,-0.10447874201488479,15,0.13135026737967914,0.09167679383387695,0.0977152832218684,-0.019568422192413393,0.120293748679549,-0.09487327469094164
Belgium,1944,0.19362291341063642,0.6958646156168151,0.09488972794527467,0.6673508530646606,43.821,0.6640161513585312,"reconstructed, resident currency",0.12497751903056709,0.05459521518990962,0.09988625996455358,0.10977060109043779,0.05459521518990962,0.459776094003185,0.41209391784659444,14,-0.03972634688641852,0.13367815707739883,0.16762858436459727,-0.011389603351630306,0.5858695824310853,0.45510607345021503
Belgium,1945,0.2834751352329288,0.5873740772193914,0.16455037597068448,0.5759491921671214,43.821,0.5727972937827872,"reconstructed, resident currency",0.281594882264399,0.32352194182666216,0.3869548398887461,0.38000813330957683,0.32352194182666216,0.2519702857789141,0.19209012251422755,13,-0.2349956822107081,0.5720255375983494,0.5711734371548984,-0.013237632217602213,0.5668844862722977,0.3021401226244236
Belgium,1946,0.025287789354721646,0.3005603236602703,-0.05711852229065773,0.2937576952275671,57.0,0.291170179837112,"reconstructed, resident currency",0.06873919824984931,0.14465787861439772,0.14580802186060748,0.14991450082457924,0.14465787861439772,0.06998949165278034,0.06302153071928397,12,-0.11528150134048254,0.73691274930068,0.8311949946709061,-0.1458067950930625,1.0644671813348858,0.34281550882975464
Belgium,1947,-0.3218708499584948,-0.19716264082920743,-0.10431058789864134,-0.2001491619772412,48.75,-0.2017488636532867,"reconstructed, resident currency",-0.04446657216766403,-0.003889333978056353,-0.05763183658065518,-0.05442765139899863,-0.003889333978056353,-0.20018969239451845,-0.1527380368205433,12,0.01795918367346938,0.06342561974658278,0.050305782629762374,-0.07460156340503099,-0.05077768074588529,-0.12267854368877351
Belgium,1948,-0.12079806711816299,-0.018233614928958364,-0.10048954131120927,-0.019958757046001696,53.75,-0.02191883953190965,"reconstructed, resident currency",-0.08777943142617528,-0.11638155098611425,-0.13546451252601566,-0.13127176041895217,-0.11638155098611425,-0.08904589457988987,-0.07397080067500987,12,0.1475541299117884,-0.15514886991393617,-0.15355704042432183,-0.016410018909050028,-0.027109811241371018,0.003352985060524505
Belgium,1949,0.254829050962291,-0.009576985127510373,0.07093732346999268,0.00010063395021764343,50.4,-0.0018995673176828154,"reconstructed, resident currency",0.1393247022201991,0.0484349715450747,0.06070618220349666,0.07137358432125618,0.0484349715450747,0.018247046849122706,-0.004885149157521542,13,-0.0328441649196366,0.2231217983502194,0.21220077881624033,0.031435476496074255,0.1551683932731973,-0.025242715844357777
Belgium,1950,0.16935526282029656,0.2761896025728865,0.19022959388623115,0.2717612363324293,51.7,0.26921771385976445,"reconstructed, resident currency",0.04752845445283982,0.02286880510063627,0.011453504322169294,0.01381945806746443,0.02286880510063627,0.05687110643440252,0.0666736084562408,14,-0.00867052023121384,0.14372421515617284,0.14174771571689715,-0.044909057796571394,0.11682376230396163,-0.015808622766891434
Belgium,1951,0.2988527757809265,0.15674199802095856,0.12664509464042736,0.16192888140918393,54.0,0.15960502364636553,"reconstructed, resident currency",-0.04773390914789244,-0.07283705392010176,-0.09058135702413062,-0.08624815875169989,-0.07283705392010176,-0.03161654890474619,-0.015663772385938857,15,0.09365889212827994,-0.09483734270146471,-0.09447331653649826,-0.044855439335450886,-0.03872435438140376,-0.030037726003497744
Belgium,1952,-0.016290344466993623,0.08583625913939708,0.0896137335714014,0.08217977605871929,51.1,0.08001541650660182,"reconstructed, resident currency",0.052314609451512784,0.00462660987019925,0.029381877790346067,0.030271431722661335,0.00462660987019925,0.047977702162231184,0.02326969612700437,15,0.009330223258913639,-0.03795699297826671,-0.037237242323670094,0.003226921042449371,-0.07871876059666794,-0.0530859710756062
Belgium,1953,0.09795016529357548,0.07479128748204955,0.06433085543418397,0.07555754687261484,50.45,0.07340643177886963,"reconstructed, resident currency",0.06885168584925583,0.017358728489212716,0.042397356579353174,0.043326385002265155,0.017358728489212716,0.06534709071764766,0.040232491091789946,15,-0.003301419610432621,-0.057224363349488994,-0.05647891611414979,0.006703548557218442,-0.06889956261384789,-0.012295268936015846
Belgium,1954,0.40416595103929365,0.4477259000347589,0.4654976230692126,0.4461860526714787,49.999999999,0.44329368056613583,"reconstructed, resident currency",0.05408400345162434,0.0010680187392451135,0.0218754996603856,0.02254656570967728,0.0010680187392451135,0.039153587697489334,0.018443397467807855,15,0.012918184829413759,0.4781600469085927,0.47772925954109025,0.018564239040369523,0.47688362658191186,-0.01775629610564511
Belgium,1955,0.29012039379191323,0.2692956215299187,0.25219067296151865,0.269912645244492,49.959999999,0.2673728199540031,"reconstructed, resident currency",0.04535156871598289,0.01899835731891697,0.0006021288390229973,0.0008545061702780465,0.01899835731891697,0.026023222932339163,0.04530156490453071,15,-0.004905166775670322,0.42384238480340386,0.4215996379339104,0.011922977581826144,0.41613373118707453,-0.00566662473741697
Belgium,1956,-0.05160975767631093,0.02666153342173616,0.02760945403930851,0.024428420971322806,50.224999999,0.022379564129380247,"reconstructed, resident currency",-0.017404239481275008,-0.013869606482907249,-0.0469620204987754,-0.04698040544599802,-0.013869606482907249,-0.03440123464820899,-0.0006478034465549879,15,0.028261583963194115,-0.03644288138436935,-0.03631471918576856,-0.012271588679896195,-0.042519757933875524,-0.03961574328857509
Belgium,1957,-0.20351131637078668,-0.09030131020952448,-0.0848126303943587,-0.09328892490283691,50.017499999,-0.09510234705303122,"reconstructed, resident currency",-0.10913501824615823,-0.014965984722786208,-0.0363333708354171,-0.03591727500131592,-0.014965984722786208,-0.029366358671932935,-0.0075258209117998595,15,0.03163950143815897,-0.16864110112636355,-0.16889861643277704,-0.011143687996010843,-0.16702031730398825,-0.03500591224298144
Belgium,1958,0.14593569335587553,0.31272918001926087,0.2975532917014481,0.30868468056622844,49.842499999,0.306067311205096,"reconstructed, resident currency",0.19001496111581107,0.00828110180590147,0.06019400115006923,0.06208967604144444,0.00828110180590147,0.08104485039768483,0.028402867360153145,15,0.013011152416356753,0.06885650544262467,0.06971786184120465,0.006882515564111014,0.07864259279920005,-0.010459783654744648
Belgium,1959,-0.03900310948063401,0.23843376936313843,0.23884321668683944,0.2328363028404854,49.937499999,0.23037063023480453,"reconstructed, resident currency",0.024577622968714907,0.004216011996265756,0.0188127913922429,0.020231516476289624,0.004216011996265756,0.040972951673577285,0.02590274510750974,15,0.012232415902140525,0.18698717777807516,0.18805608319403855,0.010506777644549326,0.19325618279732049,-0.01956272636773604
Belgium,1960,-0.14044486291437253,0.04222378851391029,0.02944737453923057,0.03929896826297785,49.699999999,0.03722037032645198,"reconstructed, resident currency",-0.022183235802025525,0.028791867297546903,0.026930368838613772,0.02770185732939945,0.028791867297546903,0.03990661116692773,0.041882840195941046,15,0.0030211480362536403,0.02197852990710758,0.021796887458847447,0.012803101551821738,0.013192086117897572,-0.012420784480340785
Belgium,1961,0.1556556462672729,0.19194775176360634,0.17481654955726236,0.19144353823394633,49.779999999,0.1890606511574784,"reconstructed, resident currency",0.051868596318370486,0.023625408557859995,0.011405569314595798,0.012133958374881182,0.023625408557859995,0.030287068533972672,0.04278190757736972,15,0.009939759036144524,0.009770442617591968,0.00981818290054104,0.023604783271376606,0.012140397938669611,-0.007374445692911236
Belgium,1962,-0.048046272783813904,-0.09785295802869298,-0.10301162621142754,-0.09721610550114601,49.751299999,-0.09902167329014377,"reconstructed, resident currency",0.09626372489859092,0.012704618505257281,0.0774269243219401,0.07855842000969693,0.012704618505257281,0.08666500170672164,0.02118346149930539,15,0.014017297942141127,-0.15325628862892038,-0.15361886463133312,0.01825126995188109,-0.15100298400945444,-0.01899329594161525
Belgium,1963,0.13177080508648698,0.1453608957439274,0.13864034757268442,0.14524981523991354,49.827499999,0.14295931560943376,"reconstructed, resident currency",0.012665950021447436,0.004238411453798108,0.0064642301816866254,0.007551826002908157,0.004238411453798108,0.024875800100218948,0.022547755704976854,15,0.021470588235293908,0.05365531807634083,0.054195648800932306,0.01837742808505438,0.06079221011714564,-0.02771730259154248
Belgium,1964,-0.0023381763141481215,0.036787935619847945,0.06179366089571215,0.03647197404905267,49.632499999,0.034399030100954464,"reconstructed, resident currency",-0.01779992194952329,-0.007919982615230303,-0.0262593412803499,-0.02616364213067901,-0.007919982615230303,-0.01981614874718518,-0.0009793347538582446,15,0.041750647854880585,0.22265384947540978,0.22343694195215713,0.027000180476569158,0.22620970140300511,-0.04571054504056804
Belgium,1965,-0.08289362656998922,0.049923160829353774,0.065059783298351,0.04889165890924496,49.642499999,0.04679387559142656,"reconstructed, resident currency",0.01530431113038877,0.005448447601253736,-0.0016456793440582373,-0.0018404917880481264,0.005448447601253736,-0.0028590612622257927,0.00451383905305643,15,0.04063018242122718,0.1138748957044351,0.11413325608710423,0.03155536016230376,0.11573959120663102,-0.03819009685627728
Belgium,1966,-0.2226443574979925,-0.08939777060396759,-0.09042137410269999,-0.09028798465145682,50.052499999,-0.09210740868215395,"reconstructed, resident currency",-0.0020969731012271398,0.009983808359758983,-0.010988979420386902,-0.01080248328115685,0.009983808359758983,-0.006020615318538369,0.0151689254250771,15,0.04169986719787522,0.06086821634025674,0.06066140666633513,0.010884962315295343,0.05845087174827035,-0.047838651969257184
Belgium,1967,0.21511657967476427,0.14500071419927751,0.1815662885442753,0.1454110621302449,49.627499999,0.14312024000598433,"reconstructed, resident currency",0.052001274431407785,0.022986713652792146,0.019636077074810077,0.018328914391621876,0.022986713652792146,-0.03057735148288987,-0.02803606437675518,15,0.02855685874553804,0.08819153918878242,0.0867504377510615,0.01912916025527034,0.07413962724219214,-0.04236185039673823
Belgium,1968,0.13073174547947763,0.18647343955113294,0.15977506446916998,0.18615117726602737,50.14,0.18377887491149525,"reconstructed, resident currency",0.0335549986028123,0.0122469006566861,0.023263395230116224,0.024411078735158354,0.0122469006566861,0.04302059532440716,0.03206843036604292,15,0.027516113039167234,-0.03788088924744726,-0.03784151090617571,0.011003722479790534,-0.015031390065391337,0.16783192651510936
Belgium,1969,0.008675079636832006,-0.09226490682242505,-0.0949938592529133,-0.0916911020340887,49.666299999,-0.09350771983002049,"reconstructed, resident currency",-0.0669608222079453,0.03070855546041984,-0.02649868951222334,-0.02678968146789129,0.03070855546041984,-0.04250267453867096,0.013967717209666223,15,0.037635705669481156,0.2032433467350645,0.2007309714367269,0.01323387456286551,0.19056583949319839,-0.20655088320616788
Belgium,1970,0.01191311458058597,-0.04051794480842541,-0.058005006594887054,-0.04020018917757984,49.674999999,-0.07764058420701225,"MSCI World, resident currency",0.02477864458453438,0.038052939475382797,0.014890481682377388,0.014735586838450443,0.038052939475382797,0.008881323969979205,0.03199108504940763,15,0.03906068356196246,-0.021016031895505383,-0.020970965927387675,0.020938455464238448,-0.018659187777875674,0.021123987267530175
Belgium,1971,0.045775803707583274,0.03671407552976658,0.09647228346098577,0.03677410677252868,44.754999999,0.05663252537465069,"MSCI World, resident currency",0.0759624718034726,0.007178233931236289,0.05594608624174491,0.05257691179458379,0.007178233931236289,0.02450121250271442,-0.022171053274484438,15,0.043410158872230875,-0.1177736347261602,-0.11166588268385613,0.017643971771362565,-0.19777425073814403,0.013149522224180199
Belgium,1972,0.2418588452800301,0.16428917412352728,0.19630362373926824,0.16477400211628224,44.0625,0.16251655146353938,"MSCI World, resident currency",0.011379775565245609,-0.015051493406422978,0.0010752647638785362,0.002309539322373988,-0.015051493406422978,0.009170411837629011,-0.007774913833747591,15,0.05447137036242755,0.09404207326274161,0.09256942424175496,0.01154035341542925,0.0833856558847661,0.3815005686323918
Belgium,1973,-0.00034092765363102906,-0.17385776774196338,-0.15489324026666898,-0.1728021164248572,41.319999999,-0.2871985744702248,"MSCI World, resident currency",-0.049819318116501865,-0.007437307784983083,-0.07888991794283573,-0.08019754017362912,-0.007437307784983083,-0.06255999203901996,0.011479970258267577,15,0.06955460646735823,0.46797076219033396,0.4326915970627747,-0.005739170208360234,0.36997482392093506,0.47320001205465756
Belgium,1974,-0.33208411281228756,-0.4152071078418441,-0.33838884855915996,-0.41458444771328584,36.122499999,-0.41578397613841844,"MSCI World, resident currency",-0.13511060192958513,-0.021946692731768414,-0.10430227465146191,-0.10356483107145242,-0.021946692731768414,-0.1741967543033347,-0.09976250137025569,15,0.12683019585472532,0.22750583722632056,0.1827062698247739,-0.018682411153460032,0.060708165158682936,0.2714250278511521
Belgium,1975,0.09243064556372316,0.27744134706570955,0.21523357908817264,0.2760662473592541,39.527499999,0.33992888481879047,"MSCI World, resident currency",-0.0038536362120292766,-0.05114825026418446,-0.016304589863382235,-0.014160809800042529,-0.05114825026418446,0.009328995763927317,-0.02562656818099364,15,0.12757340533243333,-0.16796759986974796,-0.1724368126637692,-0.002214119066057396,-0.07328481995956238,-0.25946940938270224
Belgium,1976,-0.11609893978826813,-0.05744099666178726,0.06260343912049376,-0.057817985135809824,35.982499999,-0.026539303148307325,"MSCI World, resident currency",-0.06423109545333494,0.00546009578142681,-0.014364578774450854,-0.020229438006310052,0.00546009578142681,-0.13375319333448454,-0.11831367121288414,15,0.0917390002993117,0.1414130196550747,0.11824644304906884,0.0049242743921680265,0.006160015794383078,-0.19795924471764892
Belgium,1977,-0.04714586809477794,-0.08812967162424556,-0.06560428432739546,-0.08791601558292506,32.939999999,-0.10539956227804403,"MSCI World, resident currency",0.08686885477622885,-0.0001937805887267663,0.016414869985201364,0.019449185623432674,-0.0001937805887267663,-0.0275098336040851,-0.05219438215361327,15,0.07100753941055515,0.25402169202447844,0.22353471909874,-0.011551278487003214,0.1282582834520174,0.042027918806525344
Belgium,1978,0.0866171259691364,-0.02245116247196155,0.02949621422188125,-0.02191876582752439,28.799999999,-0.01671342224307293,"MSCI World, resident currency",0.018384444941984324,0.025587872194691608,0.029288788978661273,0.02532231470139057,0.025587872194691608,0.0026024902511438963,0.0009410439673449271,15,0.0446691411749649,0.3071644802884008,0.2621233168279975,-0.010424790546951224,0.13613330668181933,0.127864349515161
Belgium,1979,0.05424059790282665,0.04481285123412282,0.055306132574054034,0.044861392423283464,28.048,0.048644179873182924,"MSCI World, resident currency",-0.1230958185900386,0.06018895607027064,-0.020134290002525534,-0.019628647887537376,0.06018895607027064,-0.04761718344336496,0.030701381726513148,15,0.0447194315118844,0.4653555834813228,0.438215790388121,-0.02032579690849734,0.38196450976084373,1.0333856358529387
Belgium,1980,-0.16974565416512222,0.34790606279382774,0.12499408922309568,0.34524993671899695,31.523,0.3467626794825345,"MSCI World, resident currency",-0.07717554669619131,0.06967248663892844,0.009634391467576053,0.012615624711044271,0.06967248663892844,0.0550038435718736,0.11805654142102305,15,0.06649466400844384,0.2508117816959188,0.2786850121557205,0.000695567814542164,0.37122710940718595,0.19656469803321475
Belgium,1981,0.031941710702974246,0.10540164571426969,-0.05766383456541077,0.1051444049395931,38.459999999,0.0997073190815656,"MSCI World, resident currency",-0.03346964593521551,0.07078412673913737,0.01897750155222888,0.018647623629908017,0.07078412673913737,0.039746753712932126,0.09440536702257901,15,0.07631405322190465,0.10456270979705562,0.14961029093586786,0.06875376114405274,0.36769864079735237,-0.23532492275738193
Belgium,1982,0.17741261300814815,0.22699145940833798,0.07560492771020014,0.22681399386347678,46.919999999,0.26846706646221596,"MSCI World, resident currency",0.10455451434972773,0.04934497360469825,0.1281385301976461,0.137160631395846,0.04934497360469825,0.16894893095583763,0.08542222143911538,15,0.08724969350224776,0.1776263780663878,0.23837739783163436,0.08419578734237465,0.44770899863995517,0.3119664580871073
Belgium,1983,0.3459311285075517,0.35418604726615754,0.21012132812455633,0.3541538658713659,55.639999999,0.36418295028377723,"MSCI World, resident currency",0.12325473319882807,0.026677154579396012,0.06711894073571356,0.0708048033680353,0.026677154579396012,0.1055505626046076,0.06467412043337212,15,0.07667731629392982,0.08751366637684566,0.11365218788964393,0.04999397713684739,0.2773076187333281,-0.07759731910823509
Belgium,1984,0.172132966818749,0.13416714374772254,0.08412792334196101,0.13433518105374542,63.08,0.10458809593843355,"MSCI World, resident currency",0.06882454375042801,0.047722908450924306,0.08091377518144438,0.08046007376425268,0.047722908450924306,0.06899025043542406,0.0361223067601758,15,0.06344911851981139,0.05153644981388705,0.06477196598621271,0.06256920408590982,0.18421113497630115,-0.14297298989276075
Belgium,1985,0.3174315288459999,0.1057488251279064,0.257373872928765,0.10683745628939323,50.36,0.07501333797328402,"MSCI World, resident currency",0.21830816404148523,0.044946233284951065,0.11514782516059885,0.10768093681771496,0.044946233284951065,0.05575683433042977,-0.013023549351993324,15,0.048666393106278294,0.2811611645062062,0.21421590156325943,0.041566294338919674,0.005572577376054433,-0.1990177689597642
Belgium,1986,0.41822454953573107,0.10564018942254227,0.25371358526093646,0.1072841708152159,40.41,0.1278673002287407,"MSCI World, resident currency",0.26070932728527363,0.06713674312782092,0.12948705573155683,0.11742783780108179,0.06713674312782092,0.05729131069542204,0.0009221777018239748,15,0.012991078416027424,0.24930456570615234,0.19745552052836235,0.05503815580608573,-0.004482290270708789,-0.05625504813975235
Belgium,1987,-0.1230500258978624,0.025521905208400586,0.07661938490819814,0.024657687122288108,33.1525,-0.06467361842007568,"MSCI World, resident currency",0.013340917375886496,0.05452488460845473,0.04216851344073369,0.04278048929830369,0.05452488460845473,0.03248717133744372,0.04385529722849828,15,0.015528430160692386,0.18769904282186167,0.15154198595823276,0.0219249880214456,-0.038182112039220284,-0.006586168186463404
Belgium,1988,0.5058766112038564,0.28235362879409975,0.1394212024544361,0.2835378420158583,37.345,0.38217441136340824,"MSCI World, resident currency",0.05759504778263902,0.05492133918658282,0.07705111108278673,0.08496604354278414,0.05492133918658282,0.1551816255402494,0.13300456202685382,15,0.011639406618485948,0.13650561849330933,0.15533577708741908,0.030389429819428715,0.2807224379912201,-0.06733529303056629
Belgium,1989,0.11196686545144141,0.1134978217233984,0.21723945985871515,0.11348781291094179,35.76,0.07759605392531688,"MSCI World, resident currency",-0.07379600579581602,0.0540636292587493,-0.0012265815010230607,-0.001806023156952441,0.0540636292587493,-0.029811160224844535,0.02371657924402635,15,0.031057301849902297,0.060726270252054126,0.05695535950709307,0.04313487985098852,0.017519507356864583,-0.10356717225741785
Belgium,1990,-0.22359767393983832,-0.19525446128657897,-0.13182961001639518,-0.19542023541519837,30.9825,-0.3193170527879722,"MSCI World, resident currency",0.019982877992423376,0.060127867286992265,0.028784550674931353,0.02747175211005759,0.060127867286992265,0.006367832563258569,0.03739777638371563,15,0.034497848442856194,0.08080519518003881,0.0668846606412572,0.019629465469601426,-0.08646537581505576,-0.20186086770669498
Belgium,1991,0.09070354040891027,0.08239523531850756,0.05146158084913655,0.08244650887576976,31.27,0.1823941174402095,"MSCI World, resident currency",0.13018422884419611,0.05912496411040635,0.1312941774363432,0.13277048714790918,0.05912496411040635,0.1360969692347751,0.06314204000864301,15,0.03207839819514935,0.049538295092476536,0.04869570676041257,0.0295655869605842,0.034007535175325065,-0.10366710308613503
Belgium,1992,-0.03741445351483963,0.03295132479027463,0.006943276199150042,0.032555338518172716,33.18,-0.013974301169656367,"MSCI World, resident currency",0.1719787723165862,0.06763656971185505,0.10264485204319596,0.09604607193174775,0.06763656971185505,0.04854208115120273,0.01577507114695821,15,0.02431860099733596,0.03358830624503728,0.03358971486763318,0.008383806062487231,0.03640738994324222,-0.03195046853180661
Belgium,1993,0.3098664969223266,0.2524728401049525,0.14971024105247369,0.25276310070636976,36.11,0.3029629172042472,"MSCI World, resident currency",0.17061770655480268,0.05267683807050805,0.22742430740357356,0.22512315407768235,0.05267683807050805,0.2286820331014856,0.05548688227363659,15,0.027475825275091736,0.23090026077478543,0.23841334115910917,0.004321478172269577,0.27524786162351766,0.2379673507661526
Belgium,1994,-0.052336698845057206,-0.09910620265336345,-0.020294086357594426,-0.09885842506727882,31.8375,-0.10313414402094301,"MSCI World, resident currency",-0.055236196451723285,0.032212349796731266,-0.10922745513678933,-0.10742818944365107,0.032212349796731266,-0.1296736749186269,0.008917698229320781,15,0.023820341403258283,0.032109434920512436,0.027081865890958623,0.016542435122898214,-0.10639553107112831,-0.16505231745588655
Belgium,1995,0.11761560786422831,0.10954034589670836,0.1856048555309269,0.1095804380585359,29.415,0.09529807688944847,"MSCI World, resident currency",0.17234061869899575,0.032612596022777884,0.184961176204276,0.18281952735266138,0.032612596022777884,0.1709123504285932,0.020439072810318395,15,0.014707746925320286,0.20827984522451648,0.192750570240942,0.033488873052366586,0.1276214996653342,-0.08534434640512911
Belgium,1996,0.23384213753694083,0.2780339290855176,0.19432871816321934,0.2778371008892426,32.005,0.20141070879658796,"MSCI World, resident currency",0.1136240968581046,0.01125077080039949,0.10876722452409981,0.11841585560748658,0.01125077080039949,0.16993842802140846,0.06664492920513408,15,0.020617268524303345,0.16813708676934702,0.18922527294042157,0.020154971252071885,0.2897383233333686,0.0060922749453173886
Belgium,1997,0.3297525364562255,0.3734423823675228,0.23301407477995903,0.373235328295239,36.92,0.32164017209264206,"MSCI World, resident currency",0.08310456085821416,0.018984660035150647,0.1100407665571761,0.11383187110341741,0.018984660035150647,0.13886892651682547,0.045440961095958604,15,0.015030000000000099,0.2139723085701566,0.2602967154755125,0.038183713171633826,0.43604621625439366,-0.10632222268054004
Belgium,1998,0.3997761000361306,0.13604587083851016,0.1860311220933766,0.13748840987442135,34.5745,0.15113458976212835,"MSCI World, resident currency",0.16139279982908694,0.02619243576985797,0.14386537535143096,0.1405750994892485,0.02619243576985797,0.12168492328853442,0.0065570994117683705,15,0.009069999999999911,0.2604990396951814,0.2467594728792979,0.0384762766424287,0.19984461652827035,-0.08558329686540977
Belgium,1999,-0.08342810894028851,0.40322390846086,0.22792922600727158,0.39981619063659357,40.1551861437388,0.42700262368302644,"MSCI World, resident currency",-0.0640258054723375,0.016265387196686243,-0.06686530274563873,-0.0691119486408509,0.016265387196686243,-0.004363792428055957,0.083293375893287,15,0.011349999999999971,0.018026133518718623,0.026666956460582814,0.025016298269186832,0.20425304978465775,0.14737487455356035
Belgium,2000,-0.0031905106203944378,-0.019250478695935103,-0.05023725199556248,-0.01916752720260939,43.35292853304674,-0.08742194490767907,"MSCI World, resident currency",0.0263446480197449,0.015202717940633326,0.06280028177204589,0.06317602252248711,0.015202717940633326,0.06178212219605905,0.014029840449524726,15,0.02679000000000009,0.012853860793682337,0.018887125814110117,0.02935847551351123,0.11647294496104421,-0.010157523954760772
Belgium,2001,-0.04639860741965407,-0.14245844253314954,-0.1646628596326768,-0.14191705113778852,45.77317599001475,-0.13219748398553166,"MSCI World, resident currency",0.050722356386529555,0.016742322858863457,0.026074370429131744,0.025836642055059533,0.016742322858863457,0.019328948175827865,0.010272555831420711,15,0.024350000000000094,0.11259949082836296,0.12271477846426615,0.024736810195639336,0.18871036746424208,0.04692989710292883
Belgium,2002,-0.27811997546391587,-0.314059781155556,-0.22947700064053006,-0.31383428909580424,38.466577667588446,-0.34286696732520394,"MSCI World, resident currency",0.08291689259100532,0.016366643840745487,0.09859323485560378,0.09548776269615056,0.016366643840745487,0.0700426646589789,-0.009559603845469108,15,0.015479999999999938,0.0750591330026642,0.0628821694813877,-0.00596150761007852,-0.11614964559363017,0.025881615876246267
Belgium,2003,0.16913553395907255,0.04388193987874445,0.17408496234350163,0.04464884540428904,31.93974663499604,0.09123023278323994,"MSCI World, resident currency",0.03511223674004871,0.006924948078690596,0.016920250084565547,0.01700144448533014,0.006924948078690596,-0.001852596452477262,-0.01181310890978989,15,0.015169999999999906,0.18981530289628568,0.15509561103240443,-0.006956332666097742,-0.018449905931909094,-0.02108378556515611
Belgium,2004,0.3672022329513003,0.07047771661758095,0.12260352143330724,0.07216026645188012,29.61596064899787,0.03785882699307397,"MSCI World, resident currency",0.07366461599217344,0.0015021052878956276,0.06558042213593729,0.06540419154501009,0.0015021052878956276,0.058986725106557225,-0.004908561618653347,15,0.018569999999999975,0.15629961294917183,0.14273928789866508,-0.017486342515833142,0.060567292202295286,-0.057034343770238416
Belgium,2005,0.2403955493263561,0.21122737366016398,0.10455090271077275,0.21144510262640037,34.19504958887853,0.23347756855967328,"MSCI World, resident currency",0.03442860228980682,-0.004554453293447502,0.041153802116279614,0.04244623753250676,-0.004554453293447502,0.06118530061314997,0.015136433786976473,15,0.025369999999999893,0.04531888666228068,0.059121141104161,-0.0006986459582450921,0.22166500218219554,0.32145030800783236
Belgium,2006,0.2031615889479692,0.07493216913140821,0.15586335386611627,0.07581634230404632,30.630144267274105,0.05838359364422385,"MSCI World, resident currency",-0.025633825336798255,0.005589867060369569,-0.03075185024218241,-0.03078596253136079,0.005589867060369569,-0.04257620048244393,-0.0063639160832409765,15,0.023279999999999967,0.14849531867346277,0.13284782080580104,0.024767261591463807,0.0577411681853186,0.08163172970576804
Belgium,2007,-0.05863078402556843,-0.03485225324050201,0.039325674819567114,-0.03502832451630944,27.40296175531552,-0.05358810805848513,"MSCI World, resident currency",-0.026287744575315908,0.020370078486574572,-0.008000642436949534,-0.008936044067592852,0.020370078486574572,-0.02994128306249466,-0.001299779627305194,15,0.018159999999999954,0.2016935006511693,0.17869405414356931,0.011644528236934182,0.07656736461261615,0.14042807621684972
Belgium,2008,-0.5794355994253816,-0.3717095968369195,-0.39481854364311475,-0.37321559543204275,28.986060214126592,-0.37665321576885147,"MSCI World, resident currency",-0.012074881431485385,-0.007833014905529456,0.09037239029937139,0.08616259993687159,-0.007833014905529456,0.0837232946970008,-0.011499045445336331,15,0.044884595736776056,0.2625965706776976,0.29378738096354917,0.03138761247384991,0.37973091871430653,0.09246400129929278
Belgium,2009,0.5248621288598532,0.22729850311174582,0.23463654015844515,0.229184108864124,28.00215188116061,0.2172165010032283,"MSCI World, resident currency",0.10894161501347721,0.0066559265363019815,0.006902832352479571,0.005597722195925803,0.0066559265363019815,0.026831347520392068,0.028543505942020812,15,-5.5556790151012336e-05,-0.055529392148959134,-0.0501382691897615,-0.019834602641820354,-0.11463954243967223,0.16615093901796407
Belgium,2010,0.08918711694630299,0.17460468368339144,0.09258765691464789,0.17398552782465937,30.190016464601108,0.1799547852483594,"MSCI World, resident currency",-0.008491839101983478,-0.018601088973735247,0.009853023644630365,0.013359025231146848,-0.018601088973735247,0.07452053516666313,0.04346753291873317,15,0.02333514828931138,-0.00834802027931425,-0.007193680888274323,-0.011732246102603261,0.0694209486311923,0.3590063768555949
Belgium,2011,-0.1604646838706728,-0.02558902489444792,-0.05021850517174154,-0.026545655509823907,31.17698431099776,-0.0553836601929919,"MSCI World, resident currency",-0.026108628962882463,-0.022660860855521436,0.041246365059554924,0.04309201076065183,-0.022660860855521436,0.058406398581972274,-0.00706231370284592,15,0.03352046301021794,0.058076284598248984,0.06039699839719104,-0.025979726392153846,0.08685176981127962,0.08501426830757386
Belgium,2012,0.3545992687604045,0.09660398451651808,0.1261132967296605,0.09841051243620869,30.57442777019858,0.12099843003619903,"MSCI World, resident currency",0.21140456203063174,-0.0243170589345012,0.10613477876857336,0.10664242962461801,-0.0243170589345012,0.10553525873044212,-0.025275379859205544,15,0.026255515864677337,-0.07665017428174159,-0.07600956472140852,-0.014131120381582707,-0.08956748517946556,0.034031484596496187
Belgium,2013,0.174935343125306,0.22423802593066378,0.2966855179412726,0.22384809432136699,29.250888260459725,0.19372536337672175,"MSCI World, resident currency",-0.011248682594709902,-0.011831993545675767,-0.025755304568431447,-0.024901323301179223,-0.011831993545675767,-0.05374019774139249,-0.04101045755956128,15,0.012479652740097658,0.04803176105864271,0.045435752585171185,-0.01307117198017016,0.0037156739391128735,-0.31628856525131277
Belgium,2014,0.17355102024730384,0.21669538652492992,0.10348564358998923,0.21637842255073947,33.22617576805864,0.18889701396006875,"MSCI World, resident currency",0.15121624314044801,-0.004382550311937572,0.17813378417384595,0.1815851211823749,-0.004382550311937572,0.19793233227418616,0.012116372199389451,15,0.004904042548888654,0.17196524811946512,0.1994726110881988,-0.006284064445272408,0.34460305376978506,0.1388911155986532
Belgium,2015,0.09280145944260387,0.13133879600462106,0.04155326974485619,0.13102782586430606,37.053274547625605,0.09344660863086585,"MSCI World, resident currency",0.016325925422021603,-0.008346509453246997,0.0027119317829542577,0.0030737235028261978,-0.008346509453246997,0.03331733289600147,0.02191183546842832,15,0.006198243160298933,0.06737456514263562,0.07557052938711917,-0.00531491867575451,0.1886464167007722,-0.03425388906798954
Belgium,2016,-0.04117143518052768,0.04348743650784859,0.03683274884619456,0.042649352110429195,38.26951902096575,0.07837088779686918,"MSCI World, resident currency",0.031403159183214235,-0.0199834661144358,0.022937274573867183,0.02288929285440311,-0.0199834661144358,0.02116138583283611,-0.021647928592279087,15,0.01770017700177018,-0.08522397198543696,-0.08748980949565388,-0.014283553872012966,-0.05418649617419602,0.0845658217038352
Belgium,2017,0.019323656362634,0.0549416650720691,0.1635484326742731,0.05460161883597903,33.63620445259737,0.05485406463759612,"MSCI World, resident currency",0.00931310615335379,-0.024981705603029813,0.0011910357798845528,0.0008001223872411423,-0.024981705603029813,-0.024112986585476115,-0.049955195263168564,15,0.022246460120468825,0.015641818562584175,0.010062987675388158,-0.00991627081888169,-0.09418657205231895,-0.035005477802325546
Belgium,2018,-0.2246175747843313,0.013896897333376845,-0.0134958281839314,0.010989132688089098,35.23135371179039,-0.062108889518726285,"MSCI World, resident currency",-0.020215965324976604,-0.025734380835611637,-0.012561040594849526,-0.012629975840694252,-0.025734380835611637,-0.0063811338777320925,-0.019435593880234064,14,0.023108052252650557,-0.09565162628602031,-0.09918014272797848,0.0017853235335945072,-0.02480021031547286,0.014504282463069451
Belgium,2019,0.23339944902800602,0.16208854139352002,0.14003961833391163,0.16295520038119182,35.90875912408758,0.2804722207506547,"MSCI World, resident currency",0.0770152399193953,-0.01585133558821905,0.06047920214132185,0.06142704953684719,-0.01585133558821905,0.07422003296267654,-0.0029345062952734835,14,0.012486259477437534,-0.033292255674125415,-0.03328945641717507,-5.033643403207222e-06,0.006728369126792311,0.18154759712057023
Belgium,2020,-0.10692040613959508,0.015280565875703145,0.06530570703219025,0.013793724977997135,32.87417488387254,0.052100266956314645,"MSCI World, resident currency",0.03992355864577357,-0.008493453870106249,0.02888863408882636,0.028144330596886924,-0.008493453870106249,0.02189889299122827,-0.014769637778959706,15,0.004277787057142213,-0.1266334317321124,-0.11847434583498484,-0.00489791713896115,-0.19098396267667306,0.13062837985319264
Belgium,2021,0.10941741314111164,0.16327780452949248,0.1778988331813917,0.1627334019860145,31.717691744114305,0.1137219172820172,"MSCI World, resident currency",-0.07092786390684358,-0.036534319623092615,-0.06773468993820042,-0.06797977110770792,-0.036534319623092615,-0.06501271702922207,-0.03356070564594235,15,0.03222404,0.039531438257198515,0.036749249386292204,-0.0646718177027612,-0.01255949497185993,-0.13006708234378583
Belgium,2022,-0.13443869978726086,-0.11859682097785995,-0.13872602443891666,-0.11871750856068841,35.684062240169,-0.15299936256145585,"MSCI World, resident currency",-0.23423005764290228,-0.09056879535586393,-0.21701670836520515,-0.21906168554095773,-0.09056879535586393,-0.20706520608289092,-0.07831881015967797,15,0.1033441,0.06180576106872637,0.09060293933683683,-0.04319532740699539,0.23012880452704754,0.03525362944487176
Belgium,2023,-0.051248294839652764,0.13168541369997988,0.16166136502539738,0.12925321576592674,34.68223425671961,0.18441008420107585,"MSCI World, resident currency",0.014924166818644391,0.011233897400571236,0.0029338152410234297,0.0030383536602405226,0.011233897400571236,-0.014021064312242149,-0.006227209547411761,15,0.02281778,-0.024779805488581386,-0.024879007768849104,0.017003513512843016,-0.02954213663994487,0.09306755776358355
Belgium,2024,0.14621277330196203,0.15451642064631854,0.16775900649969702,0.15457584882005015,34.64755400954732,0.13412963226302144,"MSCI World, resident currency",-0.020213255283287435,-0.0071545489305092635,-0.022053006846620926,-0.02195419555578837,-0.0071545489305092635,-0.025705711014770816,-0.010766326795345948,15,0.04332084,-0.0005733647222074811,0.00021218196949646106,0.02171369326854866,0.01361987184403346,0.19785957797970033
Belgium,2025,0.2299972637742882,0.1461950278993589,0.17569287022917912,0.14727077133814648,33.24448493935435,0.12562752235137342,"MSCI World, resident currency",-0.014333252046830003,-0.004927132334314854,-0.013603888168208345,-0.013584595266578958,-0.004927132334314854,-0.019177936829221864,-0.010675404875106898,15,0.02937564,0.08278249837440321,0.07948689125455632,0.015139307087717269,0.05435515620292097,0.5503629509247379
Denmark,1927,0.16488880784065962,0.29420208789930946,0.2599506830106131,0.2937468178367313,3.7418,0.2911593242010577,"reconstructed, resident currency",0.12741782748327002,0.09098629819776849,0.12056235982357943,0.12024755984086655,0.09098629819776849,0.13659882186140626,0.10868837321959243,15,-0.03809516196878415,0.3198667345320487,0.3130356008230022,0.06069651650102048,0.28691000712830284,0.018740074767876758
Denmark,1928,0.10877277702093124,0.31201347685384606,0.3251668723200749,0.31134231448657457,3.7393,0.3087196298576014,"reconstructed, resident currency",0.09259258955717087,0.04922499880194664,0.08144899541307504,0.07995241678091092,0.04922499880194664,0.06847947359073148,0.037196014513550105,15,0.0,0.3133741171683244,0.30839927387326016,0.05045226040342521,0.29137610073094056,-0.01199550506045477
Denmark,1929,0.08418458191265143,-0.05902956364240941,-0.07413854616574525,-0.05870075805344177,3.7481,-0.06058335653733493,"reconstructed, resident currency",0.0742493459928677,0.06204022842415813,0.07484389062536345,0.07490192180160382,0.06204022842415813,0.06445854377595639,0.05143187576493145,15,-0.009900969530093007,0.21195580992340401,0.20994201208603536,0.03785806464463959,0.1990188382317204,0.00664122065723971
Denmark,1930,0.06356866540978934,-0.16591245173853453,-0.18496430338624864,-0.16527882920093506,3.7362,-0.16694827154253322,"reconstructed, resident currency",0.12139657759670586,0.10244749034378753,0.1454489870086808,0.14532523637899564,0.10244749034378753,0.1161065421272911,0.07226564625435285,15,-0.05000010491175877,0.17581957639668366,0.18041143114069835,0.10740235214556271,0.2103304654332021,0.0860253356876366
Denmark,1931,-0.03943600558440119,-0.2760817393449456,-0.29208372711971053,-0.2752427475823426,3.9907,-0.2766922620871779,"reconstructed, resident currency",0.032040589242082085,0.10413737860738603,0.04382626944290724,0.044281482296449015,0.10413737860738603,0.039024918948382004,0.09886399737223174,15,-0.0526314743262124,0.3062850786954281,0.3238658534194472,0.15094084355712933,0.39731713727794093,0.13073040743224063
Denmark,1932,-0.09426854693759168,0.27113327438653645,0.10594094729764571,0.2693930232340287,5.3102,0.26685423718756063,"reconstructed, resident currency",0.15146065492687222,0.06435109727311183,0.18664704522264608,0.2048525856866692,0.06435109727311183,0.3642469781880724,0.2292148839617645,15,-0.011111087797386787,0.05405792733760606,0.06574343919438963,0.16025907588768828,0.3935604426302919,0.3457037950445474
Denmark,1933,0.20825557477754697,0.4295856252178858,0.3895082221310885,0.42852434627741887,5.2436,0.4256672975848641,"reconstructed, resident currency",0.050582275002631016,0.011238385028767395,0.05572253268514693,0.07868011550488863,0.011238385028767395,0.3042103569310046,0.24453581271232308,15,0.033707793646826856,-0.12388089792318013,-0.11175369182118478,0.030170519994877854,-0.1909741627254895,-0.10111864126769088
Denmark,1934,0.1977784029713856,-0.06801358914252142,0.016894082234643854,-0.0667495298182007,4.4445,-0.06861603075856426,"reconstructed, resident currency",0.01743647808351967,0.005923222977086029,0.12291706034316263,0.1219339467057603,0.005923222977086029,0.10860454089202531,-0.007910056535161688,15,0.032608628718865384,-0.03001728849083307,-0.0304064527604887,0.008767156750223437,-0.17698235688993458,0.39645061967391193
Denmark,1935,0.036926566019264806,0.24544870954244002,0.2695194001428316,0.24435605884257905,4.5697,0.24186734672489396,"reconstructed, resident currency",-0.03311589234352408,-0.005066838093948145,-0.010952014481073857,-0.012117477298580925,-0.005066838093948145,-0.01729613320135004,-0.01019684729436053,15,0.042105179460970144,0.0177502269554608,0.018252865501990678,-0.0020322077192309607,0.029752417699788314,-0.02450028525136272
Denmark,1936,0.13263542683743945,0.24594531459017177,0.26203719623527577,0.24547490609153733,4.5067,0.24298395627935432,"reconstructed, resident currency",0.013324413817485281,0.03269355286753761,0.0647098088107314,0.06144018580300803,0.03269355286753761,0.01187294668055916,-0.01831950006907215,14,0.0101012027764531,0.315907170756192,0.306937109069096,0.012372876775614161,0.2778933003726314,-0.023487695955886845
Denmark,1937,-0.04336408612514675,-0.25283069773070166,-0.2346991236735027,-0.252008851286912,4.5312,-0.2535048335843382,"reconstructed, resident currency",7.984167682550947e-08,0.005601043511390014,0.0017276975119950855,0.000759361831477845,0.005601043511390014,-0.08186467124465124,-0.0796836998315681,14,0.039999916070593056,-0.06101144798853919,-0.060366763675040125,-0.011132956950033579,-0.07521355552405662,-0.032271452632056
Denmark,1938,0.018599791599557713,0.038867140632654174,0.052467900058235026,0.038767970514897776,4.582,0.03669043457386789,"reconstructed, resident currency",0.06992616608909574,0.035567638449736094,0.06395790386484435,0.05845338314725512,0.035567638449736094,0.02122660254625619,-0.002505625192407054,14,0.009615365216019356,0.119189836660613,0.11832187978742104,0.047570894586841384,0.11032785034220538,0.004814181509630977
Denmark,1939,0.051407274686178894,0.044537593734410796,0.023024856688195913,0.04456784978145434,4.9149,0.04247871408189141,"reconstructed, resident currency",-0.04030636123188536,0.017357695199010426,-0.04230458582482888,-0.04242378672498348,0.017357695199010426,-0.03525065587816201,0.024884074471591404,14,0.02857137147658828,-0.10844235918825684,-0.11233286142507382,0.022205827566040615,-0.07905231425790615,0.02816720576672771
Denmark,1940,-0.1813501433879885,-0.19720494224972906,-0.08545767960902145,-0.1971320835552367,5.1791,-0.19873781938812618,"reconstructed, resident currency",-0.12538962108451224,-0.15524261666006978,-0.09626598617842297,-0.09960836817819085,-0.15524261666006978,-0.12224953662188731,-0.17833969619483284,14,0.24074085587026084,-0.16288830870422444,-0.16282638680054673,0.0059249679692383594,-0.14731472759621567,-0.15669266371266222
Denmark,1941,0.09062091716131793,-0.0756736609421772,-0.05284696286514941,-0.07499826545576516,5.165538461538461,-0.07684826892485364,"reconstructed, resident currency",-0.07936115195620896,-0.0950648199073253,-0.049281454582371875,-0.04953119735702183,-0.0950648199073253,-0.049862582629662255,-0.09528266720193737,14,0.14925358410690093,-0.11769416978274061,-0.11420687631878201,-0.07583315048804296,-0.17891749589949046,-0.17322601930779213
Denmark,1942,0.09470660911457185,0.002484495020888655,0.04035040232933994,0.0028586462399500245,4.789118756429307,0.0008529289474701329,"reconstructed, resident currency",0.06666659322368607,0.007295524112548746,0.038477852532113666,0.03177624605360618,0.007295524112548746,-0.10237503235222967,-0.1314894132548556,15,0.03246760678520344,0.017358660576809237,0.014125606198418073,-0.07087970183543024,-0.06562120874148736,-0.09091473331684252
Denmark,1943,0.12784856239549702,0.17023319179179497,0.10807420836714121,0.17007173835175005,4.766780432309443,0.16773159487504663,"reconstructed, resident currency",0.036518998834396355,0.033500011897640736,0.030161409837187403,0.03199862642858253,0.033500011897640736,0.001539846735755912,0.0021198666978471613,15,0.00628929572662007,0.2588201702549753,0.25772883026829074,-0.019568422192413393,0.2536482099990993,0.012868723353576472
Denmark,1944,0.07491382865710605,0.10913385347872029,0.10059594422110446,0.10899949199838366,4.766780432309443,0.10678149301438689,"reconstructed, resident currency",0.051983160415416174,0.014634064335771635,0.058208922419529685,0.043891367134450965,0.014634064335771635,-0.029064012708946096,-0.06077869893580816,14,0.025000081962322396,0.09072036322200683,0.08802378055511739,-0.011389603351630306,0.054804127193233576,-0.03217016784800797
Denmark,1945,-0.09408019421124847,0.19396241812044268,0.17004431727731417,0.19284673385402207,4.773840720063804,0.19046104038631406,"reconstructed, resident currency",0.06073315346798558,0.02746990397563387,0.07671381268695732,0.06962077774773179,0.02746990397563387,-0.05237511862927147,-0.09769882419537838,13,0.01219509698708765,0.2203869668637195,0.2146851324340311,-0.013237632217602213,0.1859855958974619,-0.014401225615080282
Denmark,1946,0.06415942524162,0.5034083588673577,-0.05543087434078029,0.5021272169049396,8.1,0.49912296247112975,"reconstructed, resident currency",0.03742459330143766,0.04148231041696304,0.04252878366259605,0.05391743190403431,0.04148231041696304,0.242319441378249,0.23422923731365053,12,-0.00602408420243683,0.5803533413180999,0.8154043875073143,-0.1458067950930625,1.3969653304707,0.5590861646936387
Denmark,1947,0.025021947691871826,-0.06789238425768251,-0.11002110721358752,-0.06754811187697995,8.15,-0.069413015653226,"reconstructed, resident currency",-0.017143353600754252,0.0075221161020790905,-0.046836060949705494,-0.04803013759430519,0.0075221161020790905,-0.06759536151693779,-0.012277064990682818,12,0.027272735365095002,0.07560823036166475,0.07916705855087125,-0.07460156340503099,0.1065865055852162,0.02276575773864975
Denmark,1948,0.018656029271337138,0.17105845633640682,-0.10132096646085179,0.17043623777129113,9.6,0.16809536529574864,"reconstructed, resident currency",-0.04767113418280322,0.0082327512342808,-0.013541428375192566,-0.008398484416762497,0.0082327512342808,0.08792737407304463,0.10593114311943046,12,0.026548680234759647,-0.036001817050475005,-0.033541478194737406,-0.016410018909050028,0.16189593089267618,0.1982768086893234
Denmark,1949,-0.053512092385435195,-0.027114188414595453,0.07821160905314176,-0.027223127663739355,9.3,-0.02916868140841189,"reconstructed, resident currency",0.0302555786878711,0.007520241402603434,0.019312573269076205,0.030120895037337503,0.007520241402603434,-0.009572493132896986,-0.03207269413040266,13,0.027274646818164827,0.17538998887316226,0.16706793562901212,0.031435476496074255,0.12360802351610145,-0.05187407148957668
Denmark,1950,0.18283346241729892,0.20778847306875492,0.1893928736802424,0.20767990520098345,9.7,0.20526454539058148,"reconstructed, resident currency",-0.08495253492710819,-0.019425380816910143,-0.0303686749694817,-0.028269855091709095,-0.019425380816910143,0.0036176297598098373,0.01292620465127771,14,0.061452449698979894,0.09643282807603226,0.09379630827366747,-0.044909057796571394,0.06054939941013937,-0.06539992319295884
Denmark,1951,-0.12066299070605202,-0.0009074580153523026,0.13391933332823813,-0.001372614124763194,8.8,-0.0033698688965136947,"reconstructed, resident currency",-0.1282771374297118,-0.049999979314285126,-0.0681813447227646,-0.06620593058728808,-0.049999979314285126,-0.16771650161647333,-0.15400578337259302,15,0.10526313461252634,-0.07254216015288972,-0.07319922249894983,-0.044855439335450886,-0.17382535157797507,-0.16635957193526818
Denmark,1952,-0.04735696913622833,-0.014336671673306878,0.08626677698421983,-0.014446581317386631,7.8,-0.016417688154751864,"reconstructed, resident currency",0.010436564619552113,0.011467625077591359,0.0363914642486296,0.03178268691734987,0.011467625077591359,-0.04559479864730487,-0.06809666049648357,15,0.03809551063437233,-0.03140595125137946,-0.029118021135641325,0.003226921042449371,-0.16097870691233251,-0.13763463423444544
Denmark,1953,0.0831589131116599,0.02749747552694659,0.0653887879506066,0.027667972833826937,7.45,0.02561263688815929,"reconstructed, resident currency",0.07761392760344932,0.03921618960528406,0.06479276053166738,0.06193788471210593,0.03921618960528406,0.01791214079211567,-0.0060842225462143466,15,0.009174037800736778,-0.03696928395397525,-0.032283559250120275,0.006703548557218442,-0.11035713358567167,-0.056273165780574064
Denmark,1954,0.15272089838981628,0.48506182911521956,0.4643214962547133,0.48400385189628436,7.48,0.4810358441924918,"reconstructed, resident currency",-0.0535714291036129,0.05000000074505806,0.07182454670369909,0.07134845454018346,0.05000000074505806,0.06632747840863651,0.04507571621830276,15,0.0,0.5504121810923768,0.538630849571855,0.018564239040369523,0.5155041680850632,0.007929399808160431
Denmark,1955,0.10082135773838918,0.14005083091017068,0.2536801078690168,0.13995700294856506,7.11,0.13767708894266795,"reconstructed, resident currency",-0.010875606659137227,0.0031965588548774626,-0.014914395862944296,-0.016019666999995463,0.0031965588548774626,-0.07897416208152397,-0.06166865605421281,15,0.05454574975812099,0.40176259414660764,0.3637811257115413,0.011922977581826144,0.27121465403440004,-0.10742105085674092
Denmark,1956,0.10334793156459599,0.04503398626888844,0.02516082291112212,0.04517455507949819,7.52,0.04308420596933926,"reconstructed, resident currency",-0.01552106946912446,-0.0003252118778164226,-0.03387214663131988,-0.033875862754858654,-0.0003252118778164226,-0.014846484828126005,0.019590501413573356,15,0.06034483539394686,-0.02320852827562081,-0.023210196685368722,-0.012271588679896195,-0.023129419769499115,-0.02016659469288884
Denmark,1957,0.07986976127015888,-0.16015773798277844,-0.08842346987757195,-0.1594754528382477,6.913999999,-0.16115650193257125,"reconstructed, resident currency",0.07901915526286007,0.03169157378202292,0.009312090572050291,0.007278970582171862,0.03169157378202292,-0.10021899561576353,-0.07997273568269965,15,0.027438844705397925,-0.12926258641408317,-0.11360271872079486,-0.011143687996010843,-0.227824728491401,-0.10544688280241998
Denmark,1958,0.05801648291965389,0.3199330430212093,0.29455793634860467,0.319178821326759,6.905999999,0.3165404636841056,"reconstructed, resident currency",0.17489288900081634,0.04878733811427094,0.10278576317594057,0.10170249274836851,0.04878733811427094,0.08971358244367433,0.036649471457284595,15,0.007314155359709584,0.11179627106121237,0.10963944812283888,0.006882515564111014,0.08729206151174052,-0.0025248131666359974
Denmark,1959,0.28001262218049083,0.22460329873960738,0.23311696527502174,0.22474570328750731,6.907999999,0.2222962118809324,"reconstructed, resident currency",-0.006267854898330039,0.03360252200094971,0.04862644894151069,0.04819627553494765,0.03360252200094971,0.0341414726864091,0.019170165711654582,15,0.017275316484425263,0.22172214531346324,0.21553330658988212,0.010506777644549326,0.18542533135590444,-0.02599693450185414
Denmark,1960,0.14680859929506695,0.03386209432059539,0.02643490694465787,0.03413628250444223,6.905999999,0.03206800993943326,"reconstructed, resident currency",0.010112786111101446,0.04644800533093729,0.04455455981372669,0.04443803638846422,0.04644800533093729,0.03474090696089771,0.03670731913280325,15,0.012552297860706219,0.039517737364686,0.038869458898878495,0.012803101551821738,0.00815908549594524,-0.017326553952921597
Denmark,1961,0.00994053227292735,0.15825746453040446,0.17494071488734253,0.1579065635805894,6.885999999,0.15559075045342818,"reconstructed, resident currency",-0.053324746762187236,0.030674856977971565,0.018370862802906007,0.018048597278016443,0.030674856977971565,0.0012863562095579706,0.013429488196054,15,0.034516355186988035,0.016724475403290917,0.016058234223895518,0.023604783271376606,-0.016349518521511452,-0.035315054699374016
Denmark,1962,-0.012555097448445962,-0.14524994870157892,-0.10248737882018363,-0.14498647446534663,6.901999999,-0.1466965015164159,"reconstructed, resident currency",0.008898618415605908,-0.003518590503122865,0.06016688436050477,0.05737000772207157,-0.003518590503122865,0.02916465374046795,-0.03285196274033617,15,0.07377818602583419,-0.1668208561791109,-0.16213738880501327,0.01825126995188109,-0.19592724656055738,-0.07090278667886152
Denmark,1963,-0.06029767964927313,0.10262714200487588,0.13901057188923668,0.10227860237898478,6.910999999,0.1000740451742268,"reconstructed, resident currency",0.07879338083504805,0.006667592431877312,0.008898795256264247,0.008287000935246258,0.006667592431877312,-0.013578828380026997,-0.015819521622772455,15,0.06105035079734544,0.05620403502137172,0.05353799349169508,0.01837742808505438,0.020989952779422394,-0.06419857173943089
Denmark,1964,0.20359452938268308,0.05267500186377427,0.06097903038178544,0.05298901589200122,6.920999999,0.050883037860217195,"reconstructed, resident currency",-0.0863956387158592,0.03345383378129463,0.014349648443987117,0.013816624526351129,0.03345383378129463,-0.004196104896236896,0.014940889374710217,15,0.030928164431761163,0.273643542845154,0.2675007300818242,0.027000180476569158,0.24575037153534018,-0.030503149903511106
Denmark,1965,0.015804546571715372,0.030431759110027823,0.06401123967743796,0.03040126025467038,6.890999999,0.02834045773416105,"reconstructed, resident currency",-0.08599733764915884,0.014698928436206904,0.007539533017404398,0.006318772059000555,0.014698928436206904,-0.020437171751951255,-0.013194244694547405,15,0.05449998054796712,0.12412293815736386,0.12023620667907653,0.03155536016230376,0.09607076300986916,-0.05514537377929063
Denmark,1966,0.020225626361360938,-0.1192345383118496,-0.09153153542854096,-0.11895153539889891,6.915999999,-0.12071363232810106,"reconstructed, resident currency",-0.05898895950823202,-0.0006067036661907554,-0.02135957449384207,-0.021759294068446455,-0.0006067036661907554,-0.03733929425652338,-0.016817401588532097,15,0.07064956731571925,0.04974413938961164,0.04763584219446804,0.010884962315295343,0.02510080077618726,-0.07783971236920728
Denmark,1967,-0.21369590908538283,0.18560634941605603,0.18259154432380365,0.1847711382435786,7.461999999,0.1824015959670915,"reconstructed, resident currency",-0.017332174590294902,-0.010777434980330014,-0.014017482251603819,-0.012403873428848522,-0.010777434980330014,0.0027351862541380445,0.005363800309723802,15,0.08207869939364065,0.052275275194227255,0.058303008748509244,0.01912916025527034,0.11105058338921192,-0.009454266644826959
Denmark,1968,0.002590791933908765,0.12347854009901016,0.1598469026350382,0.12329423839444043,7.500999999,0.1210476499176516,"reconstructed, resident currency",0.10928262986915316,-0.007289583569240032,0.0035142913633503525,0.002598142628143396,-0.007289583569240032,-0.012251517588910299,-0.022623301583621698,15,0.0795360335074915,-0.05644990123304605,-0.056468474586602646,0.011003722479790534,-0.06722719182465231,0.10594576779928477
Denmark,1969,0.157747392687978,-0.08202051962446855,-0.09475407324608902,-0.08168861456149923,7.491999999,-0.08352523733237627,"reconstructed, resident currency",-0.11934889195120801,0.04843160834645044,-0.009759316273308283,-0.010086671122091162,0.04843160834645044,-0.031958513819324685,0.025133741688466976,15,0.03487913971355128,0.2239331385835699,0.21991878247479968,0.01323387456286551,0.20367659941363092,-0.19781325565606844
Denmark,1970,-0.10978578399428485,-0.06417616044669294,-0.05750045611094737,-0.06424665751393821,7.488999999,-0.10074903477818209,"MSCI World, resident currency",0.012261345620986575,0.028025624752259448,0.005086910128045297,0.004219449392548924,0.028025624752259448,-0.016394814385580436,0.00613596331440649,15,0.06514854536995385,-0.030472756098836595,-0.03071698468018702,0.020938455464238448,-0.043245336370732246,-0.00445887423177016
Denmark,1971,-0.06663984367398434,0.06968395922929926,0.09639688062947477,0.06946618610270106,7.061999999,0.08995079028572417,"MSCI World, resident currency",0.07899683684253622,0.02189139374843241,0.07137166138009543,0.06958535019592937,0.02189139374843241,0.05680629679659255,0.008662337807400703,15,0.05869860832789797,-0.10488580904653555,-0.09972538935385988,0.017643971771362565,-0.17247806744782412,0.0450966593464488
Denmark,1972,0.3950187033776529,0.13471010179286558,0.19632359143665012,0.1350569649777562,6.846999999,0.13285710896978076,"MSCI World, resident currency",0.031010406837602922,0.011340492324578344,0.027899371736415546,0.025967363903458107,0.011340492324578344,-0.016576689791693022,-0.033089687070277894,15,0.0656236370537997,0.12335725328826941,0.1140136829717493,0.01154035341542925,0.055745090665437314,0.34625415719948527
Denmark,1973,0.48606737150110213,-0.2085195647423571,-0.1552966902298018,-0.20706433348972664,6.289999999,-0.3167225343963517,"MSCI World, resident currency",-0.13701169750368425,-0.010971357563980266,-0.08216955852116703,-0.08313475227660927,-0.010971357563980266,-0.10138839534589861,-0.030415139709827906,15,0.09303372774166063,0.46274400745898725,0.40891836599462295,-0.005739170208360234,0.3132309954820638,0.4121806361650191
Denmark,1974,-0.32865123987446687,-0.4122234841287534,-0.33836600618061935,-0.41201370700456075,5.649999999,-0.41321850292991913,"MSCI World, resident currency",-0.12834577539131653,-0.016816487427169236,-0.09960405095777092,-0.09886706922859434,-0.016816487427169236,-0.170570396901627,-0.09580928014781215,15,0.15275189706731607,0.2339445015718804,0.18866664462593596,-0.018682411153460032,0.0653660626976178,0.2770082482907552
Denmark,1975,0.06239945924997814,0.3123428528474004,0.21472476563510265,0.3116800723309625,6.177499999,0.37732505674734607,"MSCI World, resident currency",0.1825424186348923,-0.02860074055673112,0.007070907747712685,0.0096794873970667,-0.02860074055673112,0.03749843153451926,0.0015672902332518612,15,0.09605635312857363,-0.14819606166678234,-0.1529528393096531,-0.002214119066057396,-0.04742105913297101,-0.23880188769641175
Denmark,1976,0.24478116022434837,-0.029581600889455828,0.06092409925026186,-0.028789451415537015,5.787499999,0.00345292363814087,"MSCI World, resident currency",-0.100842223054461,0.011743094651766262,-0.008205461904363887,-0.012883724331823831,0.011743094651766262,-0.10706421579016867,-0.09114900353496254,15,0.09000002328974666,0.14854557194946483,0.12946703662515735,0.0049242743921680265,0.03715970532962376,-0.17324844919996685
Denmark,1977,-0.02967551936425683,-0.041566016635773195,-0.06560729524129218,-0.041533176922649684,5.777499999,-0.059905826528711126,"MSCI World, resident currency",-0.08413885733526838,0.030075317327367568,0.04718679420975036,0.05225434765843473,0.030075317327367568,0.021944882471731653,-0.003994966524176346,15,0.11139122313099126,0.29198715437891987,0.2662056167789,-0.011551278487003214,0.1856343834850862,0.0950188863744903
Denmark,1978,-0.09183118383758748,-0.06401105552827502,0.03011659234113326,-0.06408897451756168,5.089999999,-0.059108060579227906,"MSCI World, resident currency",0.10665440195435694,0.04918725559540493,0.052973332663039274,0.04320658199699312,0.04918725559540493,-0.040624958318415394,-0.0422147709443266,15,0.10008961355147239,0.33724310794622103,0.2713805791341817,-0.010424790546951224,0.08714864470431949,0.07923620562346434
Denmark,1979,-0.06910205524562274,0.07816989552971787,0.05559617167847535,0.07782087224134471,5.364999999,0.08172298528554323,"MSCI World, resident currency",-0.042783970163080665,0.02757288537679914,-0.05027926471141875,-0.048882235770368654,0.02757288537679914,-0.017574880752320388,0.06321419312504228,15,0.09611039969032431,0.42027480705156695,0.42199413207295544,-0.02032579690849734,0.4255576903482714,1.0975274764006087
Denmark,1980,-0.12303379744219667,0.2752892423118254,0.12404106989535707,0.27438752894469043,6.014999999,0.2758205864455556,"MSCI World, resident currency",-0.029287927488729548,0.04115705909982026,-0.017280535008048492,-0.01586192903503425,0.04115705909982026,-0.0005695562299412593,0.059161776671105025,15,0.12305342452594403,0.21746752616768217,0.2363394681058768,0.000695567814542164,0.2989963276574503,0.13353443633539808
Denmark,1981,0.5886636091698991,0.06137245405453551,-0.05871544978806899,0.06248456973710792,7.324999999,0.057257361597909284,"MSCI World, resident currency",0.04578138997780723,0.02770273779489041,-0.02201952574167987,-0.022226733586938274,0.02770273779489041,-0.00038865752152761335,0.052160070938896144,15,0.11744374277075575,0.06012229036443628,0.10373965478431968,0.06875376114405274,0.31490391246837235,-0.2648422533730138
Denmark,1982,0.22472445657065876,0.13615752665112346,0.07555082281971458,0.13640601001666242,8.383999999,0.1749895298278452,"MSCI World, resident currency",0.019565074099308966,0.06172783645191049,0.14145120147685852,0.13345580943098945,0.06172783645191049,0.08280521512260686,0.005433865295730001,15,0.10120813320194588,0.19152303387707126,0.22515069518345632,0.08419578734237465,0.3410225307494579,0.21528330730500045
Denmark,1983,0.6990560826054222,0.35371488878964086,0.20944894429592864,0.35456259289035263,9.875,0.3645947044017359,"MSCI World, resident currency",0.57679704239248,0.055203882632621104,0.09676936364327715,0.09658146099739073,0.055203882632621104,0.10588425318230366,0.06499547319128537,15,0.0690824886436121,0.11773076673455973,0.13976086923719122,0.04999397713684739,0.2776931510930485,-0.0773189084286453
Denmark,1984,0.031509406889591585,0.14191740589955448,0.08473977881032578,0.1414562305387128,11.26,0.1115224012681657,"MSCI World, resident currency",-0.021445125785088726,0.05157290501775047,0.08488573598321447,0.08478117115888795,0.05157290501775047,0.07570108211854909,0.04262680238206422,15,0.06290775889338462,0.05540045974344143,0.06899213083964817,0.06256920408590982,0.19164529221101056,-0.13759280610682012
Denmark,1985,0.018629844754003422,0.10658982422025409,0.2584635392123767,0.10630346089842968,8.969,0.07449469617593607,"MSCI World, resident currency",0.3803214779327251,0.05401049689930426,0.12482104425480256,0.11581364482208545,0.05401049689930426,0.05524748286214787,-0.013499717621002121,15,0.04678748944265476,0.2922744468528484,0.22251172531451036,0.041566294338919674,0.005087437377812698,-0.1994042040385452
Denmark,1986,-0.008667940407017904,0.10418432164385383,0.25557548251639073,0.10375866206752193,7.3425,0.12427625635942663,"MSCI World, resident currency",-0.11298174937743166,0.053500298209180785,0.11505386512033677,0.104468918847896,0.053500298209180785,0.05392497541947083,-0.0022646825335667755,15,0.03678185836003278,0.23334028277187335,0.18410520021360144,0.05503815580608573,-0.0076519430903195795,-0.059259860428295896
Denmark,1987,-0.17176759403458797,0.013200690574986407,0.07613788131139086,0.012693370868599896,6.0965,-0.07559486633562906,"MSCI World, resident currency",0.0495026700639829,0.05881010309256052,0.046403519975461105,0.04591652040958727,0.05881010309256052,0.020431434869541132,0.031666821939541685,15,0.0399252213348158,0.1925254342765732,0.15379812053363406,0.0219249880214456,-0.04941268546353683,-0.018185668589359327
Denmark,1988,0.10383687970541944,0.24334655210229728,0.14145679610672388,0.24299747374557534,6.874,0.3385186204578359,"MSCI World, resident currency",0.28659198911683004,0.03791756205297614,0.05969063464339963,0.06573229987196738,0.03791756205297614,0.11869537092003912,0.09721876694321203,15,0.045627361461399785,0.11818682302477446,0.1341271572169409,0.030389429819428715,0.24027099387436102,-0.09679338102418
Denmark,1989,0.35396089317781043,0.09918759814884881,0.21612551437701677,0.09997448127474118,6.6075,0.06451830607957687,"MSCI World, resident currency",-0.02469770101173785,0.04601264648321868,-0.008855255298114373,-0.009637118885134188,0.04601264648321868,-0.04158540991990689,0.011292714809770794,15,0.04772729472417492,0.052624397941596124,0.0484828451220487,0.04313487985098852,0.005170850829344653,-0.11444631610650402
Denmark,1990,0.08458200316262232,-0.1827595878045617,-0.13312761437347334,-0.18182476836845773,5.776,-0.3078151446050401,"MSCI World, resident currency",0.05200798469147383,0.08039035492797941,0.04844796570866339,0.046946863920356297,0.08039035492797941,0.02337303367165844,0.05492730907145995,15,0.02641604871288461,0.10146289373266226,0.08710784593693965,0.019629465469601426,-0.07102883313047514,-0.18837423188829672
Denmark,1991,0.06835276675826596,0.10688465185381246,0.05164140257793458,0.10674087900439555,5.9135,0.2089317062184639,"MSCI World, resident currency",0.1705378291624251,0.07133544820156668,0.14433668896623764,0.14770749983099107,0.07133544820156668,0.16159546735572672,0.0870031416958733,15,0.023951000000000056,0.061638255993742064,0.0613982677431919,0.0295655869605842,0.05721474363260737,-0.08354985666561199
Denmark,1992,-0.08845915570966612,0.03323217069630369,0.007047845092435223,0.032780870634415926,6.2555,-0.013758932119463996,"MSCI World, resident currency",0.05450808006143104,0.08755480660889225,0.12321621686842144,0.11429983820843814,0.08755480660889225,0.04877110511312566,0.015996938094788585,15,0.020960963952376677,0.05287132569364239,0.05286321220729162,0.008383806062487231,0.03663376342970315,-0.03173902586010069
Denmark,1993,0.020722738748329972,0.2652837956558285,0.1508927555383706,0.2645838629449777,6.7725,0.3152573524740201,"MSCI World, resident currency",0.2469950422848617,0.090338897506959,0.27133838012498934,0.2625350725128379,0.090338897506959,0.2402755723524046,0.06544619499149323,15,0.012578748706254084,0.2749386941335119,0.2770296103324683,0.004321478172269577,0.2872807844954042,0.2496485039740619
Denmark,1994,0.1821817011760012,-0.07930735903887698,-0.02111214763063439,-0.07847346992166637,6.083,-0.08284591101257333,"MSCI World, resident currency",-0.12766592316005387,0.04061456113378714,-0.10197656419689538,-0.10134977153791758,0.04061456113378714,-0.10998579945893106,0.03174068475677602,15,0.01992038270713925,0.04051080853019595,0.035912040651720156,0.016542435122898214,-0.08618107473734538,-0.1461647513607749
Denmark,1995,-0.008632772955588508,0.08869746630495978,0.185923779056814,0.08836905227187586,5.546,0.07435972103582511,"MSCI World, resident currency",0.17999362619893122,0.03904406277941752,0.19234152236896507,0.18491663733008323,0.03904406277941752,0.1485285080901655,0.0009317652706919495,15,0.020835436636468696,0.21580542808803216,0.1946769795161658,0.033488873052366586,0.1060652304392975,-0.10282943650305587
Denmark,1996,0.2921487411854178,0.25793682289952025,0.19420809977777131,0.25804043233028495,5.9445,0.1827980627960315,"MSCI World, resident currency",0.09191967344767837,0.017084207508330618,0.11516318842825646,0.12166836317621921,0.017084207508330618,0.15181336084515418,0.05012011855526943,15,0.02124582405597808,0.174875527874774,0.1913299986491086,0.020154971252071885,0.26975727716007425,-0.009494434262733997
Denmark,1997,0.4097050463030214,0.3603795568816375,0.23285558151890637,0.360551633020862,6.826,0.30943302823332397,"MSCI World, resident currency",0.10038421260101726,0.016456997436728127,0.10728723292865805,0.11016203807772151,0.016456997436728127,0.1283499236017691,0.0357848924639682,15,0.019802118561167203,0.21096096549479793,0.2551467114102528,0.038183713171633826,0.4227823770335484,-0.11457655197679706
Denmark,1998,-0.05148616886136248,0.13268492856725844,0.1882273083402256,0.13189584614625227,6.3865,0.14547493336733908,"MSCI World, resident currency",0.12990781360710102,0.027967071314935144,0.1458435074084643,0.14154389380945775,0.027967071314935144,0.11617005881874154,0.0016082712077757058,15,0.013127783487495659,0.26267887100401444,0.24710923789003458,0.0384762766424287,0.19394547292066577,-0.09007910855191925
Denmark,1999,0.20770952153553468,0.38439823665992057,0.22581325802050775,0.3837709602365742,7.3988,0.4106457719537906,"MSCI World, resident currency",-0.06239693174147298,0.012304941931205127,-0.07050178288198505,-0.07233330661017245,0.012304941931205127,-0.01577615674556554,0.070876251471317,15,0.020518577631098323,0.014058826522509893,0.022243250573316997,0.025016298269186832,0.19044943915851298,0.1342232234006806
Denmark,2000,0.13875922602991908,-0.016038525552584226,-0.050602124217116226,-0.015541605267512026,8.0205,-0.08404834454347998,"MSCI World, resident currency",0.056322776862690604,0.02132430221284598,0.0692088752228166,0.06937474091362028,0.02132430221284598,0.06570729718153268,0.017778485751655318,15,0.02717031146454607,0.018961281661173945,0.024879256504496405,0.02935847551351123,0.12060029988999643,-0.006498294019247841
Denmark,2001,-0.1483556361610484,-0.14684263832658884,-0.1640583875152577,-0.14684861824084228,8.4095,-0.13718491130313393,"MSCI World, resident currency",0.030405582807962128,0.02254218595098756,0.03192746686962722,0.031151253541876978,0.02254218595098756,0.013470669422381398,0.004466325899847575,15,0.023122580645161372,0.1189461576072448,0.12731000781434454,0.024736810195639336,0.18187862124318177,0.04091299040806673
Denmark,2002,-0.22076933798435783,-0.31819970151528165,-0.22981405890665163,-0.3178564548824727,7.0822,-0.34671894937460035,"MSCI World, resident currency",0.07315727309919429,0.010942472725806063,0.09273023479781606,0.08958434074563804,0.010942472725806063,0.06377028915598926,-0.015365366814734363,15,0.023646773949452582,0.06932173033265032,0.05718020378783728,-0.00596150761007852,-0.12133059911481914,0.019868103584715024
Denmark,2003,0.30471136201277815,0.05243724004623651,0.17360201721955365,0.05330818882059152,5.9576,0.10027570042865208,"MSCI World, resident currency",0.02212714861123799,0.0036589046821193794,0.013621786108709788,0.014079615290068404,0.0036589046821193794,0.006421285422214984,-0.0036217920983239614,15,0.02002045166138955,0.18595603968051289,0.15323611704728712,-0.006956332666097742,-0.010313603113759506,-0.012969315603436504
Denmark,2004,0.2294287228020533,0.07082164786336897,0.12360151995569982,0.0714046212260353,5.4676,0.03712735699529679,"MSCI World, resident currency",0.07567416279018357,0.012651147996547873,0.07744280522347147,0.0762454967942594,0.012651147996547873,0.058240364428868485,-0.005609889692655056,15,0.00885351241665866,0.1691719111707144,0.15368236779875533,-0.017486342515833142,0.059819817560568644,-0.057698934241048994
Denmark,2005,0.40794278872971135,0.22318789393706195,0.10446967884092517,0.22385468428003286,6.3241,0.24611284239237108,"MSCI World, resident currency",0.06083304685706925,0.005147030589675028,0.05130075276014079,0.052641198752435114,0.005147030589675028,0.07205567815567648,0.025535104298207784,15,0.016761448668063395,0.05550642968282027,0.06949079237990907,-0.0006986459582450921,0.23417927258957727,0.3349867410355354
Denmark,2006,0.20179223242315114,0.0793100528172066,0.15598527843216797,0.07985608082753126,5.6614,0.06235787141612703,"MSCI World, resident currency",-0.030408259160973672,0.012734820256297796,-0.023865113519681347,-0.023885336551245806,0.012734820256297796,-0.03898103125687791,-0.0026327681087394915,15,0.01884015307624365,0.15665564881049243,0.14028599121644159,0.024767261591463807,0.061713033620865776,0.0856933052692681
Denmark,2007,0.05388899598884023,-0.03191906226987551,0.03853066617997614,-0.03152977153920822,5.0753,-0.05015684450304825,"MSCI World, resident currency",-0.01330521982056243,0.026278101587992708,-0.0022568880436736327,-0.0032212897528876017,0.026278101587992708,-0.026424286762677163,0.002321057872889121,15,0.016561687373591427,0.20865140064486698,0.18509046002601925,0.011644528236934182,0.08047051333107724,0.14456275513291073
Denmark,2008,-0.4978233293549206,-0.3773436522126278,-0.39567343949149925,-0.3779139876290316,5.2849,-0.3813258394743958,"MSCI World, resident currency",0.08077986364466883,0.011991084851645795,0.11215869377701249,0.10434218909302162,0.011991084851645795,0.07559967669631162,-0.018908874307937234,15,0.03638100002273803,0.287824018018932,0.30954317919352814,0.03138761247384991,0.3693884198659185,0.08427486273459928
Denmark,2009,0.34075752980063934,0.23616653005329447,0.23604813676148179,0.2365935560385839,5.1901,0.22455380816415382,"MSCI World, resident currency",-0.004608444047002225,0.007591091119293125,0.007838226306369434,0.006577288500069445,0.007591091119293125,0.03302102453595546,0.03474350374459049,15,0.010421466026020676,-0.0546519965673552,-0.04966760124431724,-0.019834602641820354,-0.10930264335893902,0.17318042607184814
Denmark,2010,0.29824161670870386,0.1787175456605219,0.09163894480744286,0.17925213591614853,5.6133,0.1852481719829433,"MSCI World, resident currency",0.053187979546029274,-0.014644435493050167,0.013924394048746125,0.017463077728758547,-0.014644435493050167,0.07934093406499199,0.048148625165465496,15,0.02198506101532982,-0.00435003005015544,-0.00318382306384557,-0.011732246102603261,0.07421847031078666,0.36510300565645837
Denmark,2011,-0.1848501441576692,-0.027796456509081913,-0.05031091750553224,-0.028601374857376016,5.7456,-0.057378480080278904,"MSCI World, resident currency",0.11293086641059302,-0.0172234121763456,0.04703936305342005,0.048295978834738795,-0.0172234121763456,0.05617127936610666,-0.009159177540567704,15,0.026558167698894186,0.06396291623482941,0.06562377442676981,-0.025979726392153846,0.0845565802897903,0.08272295918110628
Denmark,2012,0.23728614440329054,0.1055058642821114,0.12720073902565496,0.10611931192145185,5.6591,0.12886575470451023,"MSCI World, resident currency",0.03669682449189304,-0.022218726988366688,0.10851366420904829,0.10969452892451281,-0.022218726988366688,0.11329406068738779,-0.0184346253644858,15,0.02354268210652677,-0.07466439144674963,-0.07424217805087274,-0.014131120381582707,-0.08317794172359394,0.041288463008422926
Denmark,2013,0.29968654452480514,0.232026205115337,0.2957033014814465,0.2323540820723493,5.4127,0.20202199215445416,"MSCI World, resident currency",-0.07201925254569508,-0.005429714818386389,-0.019443234102684892,-0.018587558401525706,-0.005429714818386389,-0.047163503848902555,-0.03434528944011275,15,0.0052270797104378985,0.05482189330895193,0.05223677423554851,-0.01307117198017016,0.010691697571138414,-0.3115366347493467
Denmark,2014,0.19348170752589255,0.21281847979787427,0.1035700941893678,0.21272593959277586,6.1214,0.18532705086161405,"MSCI World, resident currency",0.13944714797734914,-0.0028689835570375744,0.17992481759648093,0.18252741095705827,-0.0028689835570375744,0.1943352383539818,0.009077237558064584,15,0.0035202413879809047,0.17374690395324688,0.2003270661895069,-0.006284064445272408,0.34056554402111594,0.13547130782043149
Denmark,2015,0.33684453416615723,0.13500240874030056,0.040409659633755174,0.13606266895422237,6.83,0.09831415651586184,"MSCI World, resident currency",-0.03112893421249463,-0.0035072480977687004,0.007605158246039467,0.007963209310696051,-0.0035072480977687004,0.03791721144385796,0.02646094171113278,15,0.002255073916311634,0.07258334475583239,0.08078488843850073,-0.00531491867575451,0.1939377526525703,-0.029954808159415203
Denmark,2016,-0.0607596722206688,0.06154475938346193,0.03672179896496136,0.060715119103517345,7.0528,0.09705559435870148,"MSCI World, resident currency",0.04708433644687693,-0.004569223232050557,0.03902659863987101,0.039046340583820616,-0.004569223232050557,0.03885483533381584,-0.004696227118066617,15,0.00017000000000000348,-0.07083586791652463,-0.07324769800184094,-0.014283553872012966,-0.03779858364689448,0.10335786658825352
Denmark,2017,0.17477300907328308,0.0676212032353456,0.1620923282916096,0.06829032493804044,6.2077,0.0685460474806785,"MSCI World, resident currency",0.020911411574622063,-0.01482141775908985,0.011624059620311655,0.011294660443712967,-0.01482141775908985,-0.011445994351769184,-0.037623634336695445,15,0.01057820170571011,0.026225428410972418,0.020706223201180762,-0.00991627081888169,-0.0824291334356756,-0.022479869867982116
Denmark,2018,-0.08598379260498523,0.030538708474378895,-0.015623249483152454,0.02979944442268989,6.5194,-0.04465862859024761,"MSCI World, resident currency",0.013379137388134676,-0.011909261042125197,0.001451012826721998,0.0014443264520225263,-0.011909261042125197,0.012105989289898034,-0.0011913600318203227,14,0.00709374227059123,-0.08281865306423741,-0.08661168827628285,0.0017853235335945072,-0.006655789713533089,0.03337999654565116
Denmark,2019,0.2877259415690918,0.1737240879990034,0.14023966168386073,0.17444648764836934,6.6759,0.29312470652264655,"MSCI World, resident currency",0.06171842378884196,-0.01268719339139579,0.06388875510185388,0.0653606487779097,-0.01268719339139579,0.08483451835547995,0.006917606673992811,14,0.007279550455831396,-0.030184187882715485,-0.030180910232729397,-5.033643403207222e-06,0.016675962022770996,0.19322259788922036
Denmark,2020,0.30135930518072707,0.0038647470774100245,0.06168476063937109,0.005758191027002368,6.0576,0.04376110761188112,"MSCI World, resident currency",0.01396197202265781,-0.00481943620899139,0.032701170705672356,0.03154481529277775,-0.00481943620899139,0.013799115840513299,-0.02257877274411256,15,0.0033355114938604657,-0.12339718058584603,-0.11401472678234836,-0.00489791713896115,-0.1973963872899267,0.12166679081547582
Denmark,2021,0.16445263933541399,0.16685037362437338,0.17726205473382484,0.16683565998905459,5.830730929664932,0.1260363592732603,"MSCI World, resident currency",-0.036454923856228394,-0.020452136703424162,-0.05217330404616727,-0.05223213538098037,-0.020452136703424162,-0.054674546898932586,-0.02287477009622709,15,0.01853045,0.056883311895560285,0.05375749614914649,-0.0646718177027612,-0.0016413486821216239,-0.12044821942610684
Denmark,2022,-0.17860258612650692,-0.10238686163663635,-0.13833605012642225,-0.10289444098699274,6.562084133065336,-0.1319616075629042,"MSCI World, resident currency",-0.14351958869775305,-0.06575001596847563,-0.19564874839213697,-0.19745268819755046,-0.06575001596847563,-0.18737033551620186,-0.05542614372996566,15,0.07696567,0.09078290942436773,0.11984983786275083,-0.04319532740699539,0.26068267575501225,0.06096720184959503
Denmark,2023,0.06117832385056565,0.13957177221911454,0.15951039737734257,0.13905546480244646,6.38763569048274,0.17447517214353936,"MSCI World, resident currency",-0.07574816820895469,0.0019220914560544866,-0.006301560557518293,-0.006177070603066825,0.0019220914560544866,-0.022291522447735357,-0.014563043064887028,15,0.03305178,-0.03375998428579885,-0.03384169067394249,0.017003513512843016,-0.037682402968840734,0.08389883300837986
Denmark,2024,-0.020318122792722382,0.177218542211925,0.16890445925197115,0.1759171459537845,6.388067555494631,0.167792024197162,"MSCI World, resident currency",0.031026229265865846,0.020458062534905563,0.005145254802890298,0.005281721343303181,0.020458062534905563,0.003212567180264525,0.018595371086948472,15,0.01432919,0.027222279945736894,0.028134562834931875,0.02171369326854866,0.04370538273061797,0.2334135547464986
Denmark,2025,0.03023050832709928,0.15527148636648636,0.17738639017958557,0.15444673054443636,6.132983613298945,0.13609066901452582,"MSCI World, resident currency",0.0011166345962818625,0.0027748299163607992,-0.0059690848644424754,-0.00592399776252539,0.0027748299163607992,-0.01006081336374931,-0.0014792470602802274,15,0.02049498,0.09116334182734098,0.08803233324578663,0.015139307087717269,0.06415579843611474,0.5647741789860041
Finland,1927,0.7109637983659918,0.25240261070491243,0.2589762014459843,0.2530517153594858,0.3988523,0.2505456119287668,"reconstructed, resident currency",0.08843672521321833,0.04219442327041523,0.07044776296830269,0.0712161820136008,0.04219442327041523,0.10084684559103518,0.07381432650391101,15,0.017084696474009453,0.2608387038973432,0.2578521188541598,0.06069651650102048,0.24642995809780643,-0.013304627618079379
Finland,1928,-0.10377402089709453,0.2737117683333019,0.32532667143542254,0.2729425483872199,0.39640949999999997,0.27039666329044554,"reconstructed, resident currency",0.01614613644605467,0.044369767732745036,0.07644464956896924,0.07299192490986828,0.044369767732745036,0.03719140989097203,0.006824017883442846,15,0.024541339051703526,0.30729655055826255,0.2951442758989038,0.05045226040342521,0.25356100114439206,-0.04092703658481023
Finland,1929,-0.14562722503482417,-0.05523633767947034,-0.07368146060143627,-0.055353923406808336,0.3996519,-0.057243215559994676,"reconstructed, resident currency",0.06927907809821177,0.07827513505542538,0.09127452078462106,0.09056687514375028,0.07827513505542538,0.06824327723313761,0.055170292278587385,15,-0.007674418604651123,0.23048240513959772,0.22624833060511418,0.03785806464463959,0.20328200727609524,0.0102203818462554
Finland,1930,0.044315517782982594,-0.14056889086105107,-0.18452498309103468,-0.14036941060695318,0.3967953,-0.14208867178573925,"reconstructed, resident currency",0.1706478874410633,0.15368447756089965,0.19868449765138396,0.1970802017774831,0.15368447756089965,0.1494129515319027,0.10426377300717932,15,-0.08120459339114139,0.23046658056980762,0.23259308108317445,0.10740235214556271,0.24644866784043717,0.11843407364311043
Finland,1931,0.17432023976532696,-0.08780175028305637,-0.29181855979522026,-0.08744717161490434,0.518175,-0.08927227727167453,"reconstructed, resident currency",0.17827593726175062,0.1468535973469014,0.08420920739562221,0.08154794431412782,0.1468535973469014,0.30825200491065896,0.3835962944386144,15,-0.08009182502231849,0.35682186898876767,0.43456744015416104,0.15094084355712933,0.7593831610796085,0.4237197737604641
Finland,1932,0.018963775672440786,0.19251898361640762,0.10517408930351686,0.1921432203263853,0.64883,0.18975893388573262,"reconstructed, resident currency",0.09098265030358377,0.05969637685379947,0.18145748865050937,0.18949744929840384,0.05969637685379947,0.28122477131168644,0.15441014990448476,15,-0.009150145570497759,0.04944822197808074,0.05837341289884912,0.16025907588768828,0.3087543443118903,0.2638100465863966
Finland,1933,0.48099910392744705,0.27245818433313485,0.38846649097011954,0.272847226485349,0.53572,0.2703015320323783,"reconstructed, resident currency",0.2019264760143602,0.07725587952976065,0.12464412182570705,0.131772780926666,0.07725587952976065,0.16208067429794704,0.10890931722695181,15,-0.029942633272701746,-0.0666845050054744,-0.028282891878385508,0.030170519994877854,-0.2791398369840118,-0.1990765523994713
Finland,1934,0.1645953674512226,-0.03488910727188732,0.017482146749782903,-0.034520020849915456,0.450595,-0.03645098080821563,"reconstructed, resident currency",0.08946954588173472,0.04999563037737231,0.17211530632232241,0.16973744996475837,0.04999563037737231,0.14688984707140595,0.02635145497955178,15,-0.009519688446560037,0.012480461095210726,0.012054025896854448,0.008767156750223437,-0.14855970363961746,0.44467659888159483
Finland,1935,0.1189896547397149,0.2841745058024854,0.26861421102185984,0.283828302297952,0.46308,0.28126064569335596,"reconstructed, resident currency",0.0531877354980288,0.027227129571200992,0.021150929602566038,0.019930539174426,0.027227129571200992,0.013876235831748351,0.021200718329125807,15,0.009611183923110556,0.05078480071268898,0.05127195341779989,-0.0020322077192309607,0.06241721475796469,0.006443560730325482
Finland,1936,0.45579013228416443,0.25779734684358013,0.2611695736579805,0.25813348016660687,0.45672399999999996,0.25561721320627373,"reconstructed, resident currency",0.07014147192239761,0.03635000064969063,0.06847961623157994,0.06558681645397813,0.03635000064969063,0.022157271629594577,-0.008342040655278373,14,0.0,0.32056639017580624,0.3135616701716235,0.012372876775614161,0.2908813637400143,-0.013562764288856721
Finland,1937,-0.058080549404833426,-0.25954486386765163,-0.23429771000264027,-0.2591455264214825,0.45922100000000005,-0.2606272353686395,"reconstructed, resident currency",0.006047752514420246,-0.015190206219923064,-0.018983469064583147,-0.019678924772514872,-0.015190206219923064,-0.09062471283360918,-0.08846455033581842,14,0.05005048319630734,-0.08042545477153151,-0.08026151130073245,-0.011132956950033579,-0.08403705622247326,-0.04150466919203433
Finland,1938,-0.010060089057465915,0.018538642045644593,0.05245464881842375,0.01846889190151879,0.464215,0.016431954117715808,"reconstructed, resident currency",0.017101679781706958,0.00442434044434048,0.0319608069732662,0.027151256858181982,0.00442434044434048,0.00127030847907883,-0.021998156061053178,14,0.02939560439560429,0.08553171399089488,0.08583520267480282,0.047570894586841384,0.08863038472863938,-0.014821389321641343
Finland,1939,-0.07197737266741155,-0.058031371347140426,0.023364310959390316,-0.05806273978152343,0.444235,-0.059946614301960355,"reconstructed, resident currency",0.02887726041695715,0.015758339544270195,-0.043810148306351215,-0.040770369543772,0.015758339544270195,-0.13003893984500636,-0.07581255027971902,14,0.017614091273018495,-0.1098439485811401,-0.10194208966744922,0.022205827566040615,-0.16953700988025966,-0.0728519922865497
Finland,1940,0.02372938546857073,-0.10890283774348275,-0.08614785837513977,-0.10860164683001072,0.49870099999999995,-0.11038444353635068,"reconstructed, resident currency",-0.12056151693718653,-0.1334969062271565,-0.07300210170636456,-0.06979805029427244,-0.1334969062271565,-0.025461970115635002,-0.08773706524431842,14,0.19053238919485982,-0.14133941336701838,-0.14098932544208143,0.0059249679692383594,-0.053291043240572655,-0.06370306324923236
Finland,1941,0.2325362195083307,-0.12173995042593144,-0.05294947553479764,-0.12088964639528033,0.48608,-0.12264786710248976,"reconstructed, resident currency",-0.11401687152680262,-0.12768318052296423,-0.0835500751870345,-0.0847260563356681,-0.12768318052296423,-0.09700100036129311,-0.14016769412837335,14,0.18173807688071375,-0.14949685618107467,-0.14550073535773056,-0.07583315048804296,-0.21965321408386052,-0.21424410422794637
Finland,1942,0.11048713842590363,-0.052396590278706245,0.04036061112576124,-0.051908082289495505,0.48568799999999995,-0.05380426612491651,"reconstructed, resident currency",-0.11044797412626328,-0.12416933344232817,-0.09705669486628665,-0.09909601506907151,-0.12416933344232817,-0.1513948848595943,-0.1789193114838429,15,0.17699692422406565,-0.11541956407854681,-0.11546743448079744,-0.07087970183543024,-0.11664821020015803,-0.1405604398151865
Finland,1943,-0.1289603148453592,0.046832913632259165,0.10894647685684065,0.04624403928941612,0.48568799999999995,0.04415155121083725,"reconstructed, resident currency",-0.07399383809515059,-0.08783528355677794,-0.09078192600160828,-0.08888843646389177,-0.08783528355677794,-0.10445226526519968,-0.10393362832344952,15,0.13066202090592327,0.11103176626510058,0.11313004126550785,-0.019568422192413393,0.1209756838713596,-0.09432231404533953
Finland,1944,-0.0979910985652902,0.06921564276187286,0.1010402893725773,0.06875763290117987,0.48568799999999995,0.06662011763537756,"reconstructed, resident currency",-0.015602135057154465,-0.030034328309087255,0.011622184098386557,-0.001652145769534874,-0.030034328309087255,-0.06429601188918377,-0.09485987889235657,14,0.06359434094410976,0.04270233666182155,0.04073723626679526,-0.011389603351630306,0.01652883548397366,-0.06728945511237727
Finland,1945,0.46637376831363153,1.4046235152169162,0.16832133508533004,1.4024201474437428,1.3571069999999998,1.3976153071488553,"reconstructed, resident currency",-0.2533229090090737,-0.2645908149174987,-0.22934460222012876,-0.14833670403983945,-0.2645908149174987,0.9085378218444531,0.8172548595672985,13,0.4022125642038721,-0.1265108775314191,0.12461053409038647,-0.013237632217602213,1.3886016613017937,0.9850180963550008
Finland,1946,-0.48995376307881666,0.6309906102666045,-0.05396668177851488,0.6281228931886225,4.0,0.6248666474022453,"reconstructed, resident currency",-0.34276227917778945,-0.35290018529364064,-0.35224998448219036,-0.3288133769842726,-0.35290018529364064,0.3465229178982574,0.3377541223529106,12,0.5930309007232084,-0.018085718682925744,0.44708864291438344,-0.1458067950930625,1.5980183867247963,0.6898594530638873
Finland,1947,-0.23185388304692678,-0.2489860198411703,-0.1092201224228445,-0.24894402353834744,4.1,-0.2504461354912707,"reconstructed, resident currency",-0.23386267313963915,-0.20700118841125292,-0.24978533092612398,-0.25134110025740997,-0.20700118841125292,-0.2489820813994854,-0.2044252117712261,12,0.2992453275160665,-0.1534120841815283,-0.14827376668954295,-0.07460156340503099,-0.10868494227131331,-0.17619949655933398
Finland,1948,-0.44519841319390674,-0.0013886951636959965,-0.10018350053045628,-0.002221775894210909,5.4,-0.004217332342422497,"reconstructed, resident currency",-0.35287263816260395,-0.21872211317477608,-0.2355948888427124,-0.2309850648414069,-0.21872211317477608,-0.07255926617098563,-0.05721134022115388,12,0.3464479386472441,-0.25299940677769883,-0.24997215902406755,-0.016410018909050028,-0.009502251289341457,0.02151186675306449
Finland,1949,0.4098821531789958,-0.32045857727339055,0.07727193317154168,-0.3195888779378513,3.61,-0.32094970018197555,"reconstructed, resident currency",0.19884974309735037,0.029190611965353552,0.04123658062327151,0.037363091347987876,0.029190611965353552,-0.30724309918038917,-0.32298091886206914,13,0.013514879849011008,0.20067100613507738,0.13401342799032068,0.031435476496074255,-0.21408966662361906,-0.3368310398615274
Finland,1950,0.6014504020523317,0.4843520287891292,0.18872513303772445,0.4845333835827692,5.0,0.48156431681560363,"reconstructed, resident currency",-0.15430888358187855,-0.07414083040919583,-0.0844734956021097,-0.07742195406717178,-0.07414083040919583,0.2336910379267243,0.24513354857913483,14,0.14666467145517426,0.035252562992381664,0.054974720799867205,-0.044909057796571394,0.3036740791849071,0.14885161899598942
Finland,1951,-0.022303861504682554,-0.08983436743939399,0.13324701238094472,-0.08969694926937555,4.35,-0.09151755537083683,"reconstructed, resident currency",0.09433082527673675,-0.08885186075354068,-0.10628966801689066,-0.10500479472478397,-0.08885186075354068,-0.24132842903435514,-0.22883036537052567,15,0.16276372072790557,-0.11047214041503628,-0.11135717989785776,-0.044855439335450886,-0.24689697725871296,-0.2400915139988783
Finland,1952,-0.13694630893149018,0.011747505026262095,0.08619359761016035,0.011499886025230888,3.85,0.009476886253180439,"reconstructed, resident currency",0.030030449123066294,0.03774711532868524,0.06331851431506097,0.05860800392914678,0.03774711532868524,-0.020468364180035392,-0.0435626280366043,15,0.009976306272602598,-0.0062403826950905295,-0.003898123594550107,0.003226921042449371,-0.138889961474303,-0.11493131407332269
Finland,1953,0.3414189334390527,0.09198570208838097,0.06508665402914342,0.0923075586889448,3.95,0.09012294357156692,"reconstructed, resident currency",0.08457104091422041,0.028308260958578746,0.05361637243111317,0.054832615217777825,0.028308260958578746,0.08193809173837385,0.05643237418329085,15,0.019878997407087207,-0.047077546739224374,-0.04661006626015263,0.006703548557218442,-0.05439922892760651,0.003086582053242637
Finland,1954,0.05448929965496063,0.32511077416495926,0.4640512320514453,0.3246339127482809,3.54,0.32198464492278434,"reconstructed, resident currency",0.04940541833639145,0.04935000091791153,0.0711610364469426,0.06499744286725195,0.04935000091791153,-0.048187416636059965,-0.06715691248137491,15,0.0,0.5494524023790428,0.4830664899825976,0.018564239040369523,0.35275135127961055,-0.10031401674877771
Finland,1955,0.6516518221188101,0.3170054991548932,0.2528160146361682,0.31742376105407444,3.58,0.31478891353196636,"reconstructed, resident currency",0.10134631261547278,0.08655206476316013,0.06693627255396062,0.06675508796582275,0.08655206476316013,0.0644097279810183,0.08440932864882791,15,-0.02917675544794185,0.5182349137205229,0.5039441391348054,0.011922977581826144,0.46911540197855794,0.03153427118431673
Finland,1956,-0.07757124707057572,-0.055971602606956994,0.025514578577291835,-0.05600623416618267,3.58,-0.0578942216978503,"reconstructed, resident currency",-0.016953777668750836,-0.05309853396925568,-0.08487450959288767,-0.08498085946997702,-0.05309853396925568,-0.11021678418033831,-0.07911355824713855,15,0.10998877665544327,-0.0747738288773413,-0.07386855472167297,-0.012271588679896195,-0.1176978684733524,-0.11502186723701968
Finland,1957,-0.23760875460476905,-0.10386641730476343,-0.08773003128301018,-0.10405832348177912,3.8,-0.10585020683481561,"reconstructed, resident currency",0.028492652282216424,-0.057194935770377264,-0.07764629026565206,-0.07661229028739458,-0.057194935770377264,-0.0408949931451269,-0.019313864873614046,15,0.11279631502078424,-0.20428191524955275,-0.208630220729758,-0.011143687996010843,-0.1769139763288906,-0.046467563305602755
Finland,1958,-0.006924149905323418,0.19567713969037204,0.2942575367652607,0.19542101288236413,3.64,0.19303017085659935,"reconstructed, resident currency",0.0770386920678976,-0.022585970640411124,0.02773769012526439,0.02426088418218031,-0.022585970640411124,-0.012517110329034131,-0.06060305006482652,15,0.06602725896012118,0.03613500433631778,0.0316595767110599,0.006882515564111014,-0.014711458023501378,-0.09610222746745511
Finland,1959,0.4097801798305234,0.17922158956891265,0.23307744109377826,0.1794304176246464,3.5,0.177071556789397,"reconstructed, resident currency",0.10834651897061875,0.024041797526943798,0.038926754580204115,0.03704589452333806,0.024041797526943798,-0.004121503966463713,-0.01853887631586184,15,0.015437067904157553,0.21042133231571514,0.19868086883509717,0.010506777644549326,0.14156488965099134,-0.0620348050827233
Finland,1960,0.11262485169797865,-0.043464637830963215,0.026639139107262177,-0.04330491684376947,3.3,-0.04521830701008189,"reconstructed, resident currency",0.09347120202595827,0.008069499406221814,0.0062454960491855616,0.004584828522952389,0.008069499406221814,-0.04274556963350995,-0.04092641205423558,15,0.032270098862152485,0.0013933991853793959,-2.7462822995594216e-05,0.012803101551821738,-0.06733681386997503,-0.09091396357869219
Finland,1961,-0.025398201789352592,0.15125840943804914,0.17476969579458518,0.15106482158398404,3.219,0.14876269194081604,"reconstructed, resident currency",-0.015200431121762614,0.023112247182591084,0.010898533959118106,0.01062047419238299,0.023112247182591084,-0.004629961332267785,0.007441420325924097,15,0.018070112034694663,0.009264226979813328,0.008631185789986118,0.023604783271376606,-0.022161630673550703,-0.041015104868661334
Finland,1962,0.09596485726927129,-0.12227950457149084,-0.10248560878973952,-0.12208507415714298,3.223,-0.12384090400882874,"reconstructed, resident currency",0.44448708007293325,-0.003962789793284349,0.059694296138589564,0.059631952609340955,-0.003962789793284349,0.05673066411863825,-0.006947057499536783,15,0.04463968761093362,-0.1671922605833831,-0.1660340365678623,0.01825126995188109,-0.17439028667220768,-0.046017066661510175
Finland,1963,-0.0006373296235279158,0.11290824522898757,0.13872545884767812,0.11279315354611597,3.22,0.11056756723902383,"reconstructed, resident currency",0.10257501214409492,-0.0071317879673229445,-0.0049311704292342995,-0.004581099349790785,-0.0071317879673229445,-0.004169432371654236,-0.00643149941563271,15,0.04867895675813427,0.04172561000003938,0.040893069252406766,0.01837742808505438,0.030729097743732225,-0.055272033586114655
Finland,1964,-0.014254464471835537,-0.017713924717341567,0.061341929126387584,-0.0177108969651546,3.22,-0.019675475171224255,"reconstructed, resident currency",-0.060900683756389906,-0.058251210087599925,-0.07566015747893451,-0.07560720566141921,-0.058251210087599925,-0.07105648762018457,-0.05320439167854981,15,0.10353208036292938,0.16062491235385057,0.1609515390764713,0.027000180476569158,0.16210805297353748,-0.09559722190486497
Finland,1965,-0.100982102224065,0.04126319133734979,0.0640427344337297,0.041149404132355905,3.22,0.03906710532409119,"reconstructed, resident currency",0.13379495135374242,-0.008879767728483867,-0.015872799308149443,-0.015802612837232166,-0.008879767728483867,-0.010219324956383113,-0.002900846727691686,15,0.04815739245338424,0.09800154148710205,0.09931812902576742,0.03155536016230376,0.1075039072764461,-0.04528956919340832
Finland,1966,-0.10449190274322773,-0.09570356412807024,-0.09129558030833174,-0.09570967052627788,3.22,-0.09751825118522528,"reconstructed, resident currency",0.040419557181530896,0.00013349231513282156,-0.020634749029455057,-0.02034465198829083,0.00013349231513282156,-0.011944516398075256,0.009118739288505344,15,0.03936125507774202,0.05052162748788547,0.05066031712211627,0.010884962315295343,0.05214273461945518,-0.05351332664000008
Finland,1967,-0.06551086884937773,0.4675179552341193,0.18191681713225646,0.4671858124948023,4.2,0.4642514408698126,"reconstructed, resident currency",-0.06833932102182805,-0.017924470720044106,-0.021141108968449673,-0.00868815628835895,-0.017924470720044106,0.24175783108833526,0.245013029602537,15,0.05633423180592989,0.04467268982489636,0.07864111069260082,0.01912916025527034,0.3758924405682025,0.2266627702971442
Finland,1968,0.2860808030805124,0.10475671745477633,0.15954843212235376,0.10484086861484831,4.2,0.10263118687761863,"reconstructed, resident currency",0.2141877132184764,-0.0447494728387543,-0.0343532817099782,-0.034012116474402276,-0.0447494728387543,-0.028478154717589632,-0.038679552041750796,15,0.09186016841030864,-0.09205472781191038,-0.09203834876178818,0.011003722479790534,-0.08255069386113656,0.08777739702713006
Finland,1969,0.23143039702878498,-0.06922494993095096,-0.09456587639644753,-0.06907615613889595,4.2,-0.07093800382661819,"reconstructed, resident currency",0.05699987261652639,0.019044803215480854,-0.037515070462491695,-0.037619091130135396,0.019044803215480854,-0.01866304216405512,0.03921334137510226,15,0.02208459920542194,0.18962714823516946,0.1956876084139123,0.01323387456286551,0.2202083786173874,-0.1867956998240995
Finland,1970,0.21572244392685969,-0.034184977188568166,-0.057754683327844225,-0.03402651096597187,4.18,-0.07170773220564164,"MSCI World, resident currency",0.04183422640503287,0.013993981281689605,-0.008631640110672634,-0.007409488040591716,0.013993981281689605,0.015370707045138321,0.03862911602680909,15,0.027323653824168348,-0.04370594824295626,-0.04310632287973093,0.020938455464238448,-0.012346952328083027,0.027692118288667134
Finland,1971,0.12467193787278696,0.11951053745717233,0.09611219204926437,0.11951491860968888,4.15,0.140958158501433,"MSCI World, resident currency",0.019489524459405327,-0.013169379267048753,0.03461323591075072,0.04095643293739615,-0.013169379267048753,0.10626257353295099,0.055865580126599985,15,0.06482305809036282,-0.1355968960210887,-0.1357377616060823,0.017643971771362565,-0.13375180907316953,0.09400495006874565
Finland,1972,0.5929753917632417,0.17240978758071446,0.19624986158059338,0.17276862091396694,4.18,0.17049567587571213,"MSCI World, resident currency",0.05028323025395043,-0.026350057479306743,-0.010408292950048637,-0.008066755137909443,-0.026350057479306743,0.0160970196859207,-0.0009646130277657076,15,0.07143230391388422,0.08149207254652135,0.08278136106018885,0.01154035341542925,0.09082165232179329,0.39098272602509954
Finland,1973,0.29899532120431926,-0.2185863768381341,-0.15443065784026822,-0.2180410963186835,3.845,-0.32618127739792513,"MSCI World, resident currency",-0.12744659726555596,-0.047784003885690374,-0.11633213579722934,-0.11746133816245741,-0.047784003885690374,-0.1138280507634023,-0.04383729172474763,15,0.10983222785797886,0.40829919616094434,0.36752936647238066,-0.005739170208360234,0.2950516831041976,0.3926315446440767
Finland,1974,-0.2922758523510899,-0.402899031550908,-0.33842376498764093,-0.4027021202774719,3.551,-0.40392599583424516,"MSCI World, resident currency",-0.11696947876230701,-0.09400264331681585,-0.17029085682508516,-0.1691313000192879,-0.09400264331681585,-0.15743521709340424,-0.08149015331436077,15,0.16672525927227988,0.13707201394415058,0.12234424953280776,-0.018682411153460032,0.08223762689406922,0.2972314630099111
Finland,1975,-0.12262186294303579,0.21071508988202292,0.2149523289461845,0.21009152858002733,3.85,0.27065236289602645,"MSCI World, resident currency",-0.10582042928022728,-0.1033146830828332,-0.07038667438416502,-0.06803366897319774,-0.1033146830828332,-0.04285496944089573,-0.07600327337419269,15,0.17811676082862515,-0.2137114816894513,-0.21807832223256418,-0.002214119066057396,-0.12119751533735612,-0.2977560559925442
Finland,1976,-0.24249323028818504,-0.03278332641513704,0.061883511993103726,-0.033078606189252735,3.767,-0.000978623057778294,"MSCI World, resident currency",-0.09232078082177264,-0.07505465206063466,-0.0932918159041386,-0.0933910838300942,-0.07505465206063466,-0.11100768591314802,-0.09516275997095461,15,0.14341890725406814,0.0500114992498808,0.04702565508814138,0.0049242743921680265,0.032579299456042765,-0.17689963005458076
Finland,1977,-0.21455750582156363,0.010496442762750746,-0.065358829473257,0.010271344937275995,4.018,-0.009094334688422356,"MSCI World, resident currency",-0.006064013371522403,-0.07065855254157105,-0.05522045357295846,-0.035595399318366416,-0.07065855254157105,0.07718035304719373,0.04983847172007071,15,0.1266042220047532,0.16564021285698782,0.18602175202404925,-0.011551278487003214,0.2497171674253036,0.15420396035971762
Finland,1978,0.10606896500291318,0.05925173413717366,0.029712358945567646,0.05929016596487613,3.926,0.06492770309045315,"MSCI World, resident currency",0.1570731591835961,0.03670096791790933,0.04044198720659731,0.042665349376448614,0.03670096791790933,0.08584739302712152,0.0840479988170934,15,0.07797880525153267,0.32132869223871285,0.2973997141693465,-0.010424790546951224,0.230465115723693,0.22150959679193805
Finland,1979,0.1747684904339406,-0.014319510114507716,0.05519769838901915,-0.014156709216370023,3.711,-0.010587589278561849,"MSCI World, resident currency",-0.029337759051791923,0.01670752984850643,-0.06032142676955654,-0.060061716050076486,0.01670752984850643,-0.1014117118611868,-0.027516903825972782,15,0.07468631288131689,0.40525709789818265,0.37227199223916707,-0.02032579690849734,0.3039054270050916,0.918531588225572
Finland,1980,-0.06732432471493466,0.1839429875541816,0.12367993550749537,0.18368227092201805,3.84,0.18501332973926066,"MSCI World, resident currency",-0.07570104434759006,0.006743980973363373,-0.04976209139724219,-0.050449093895581276,0.006743980973363373,-0.07170458715177275,-0.016224665881625158,15,0.11594078707770095,0.17722690662978402,0.18401206733391295,0.000695567814542164,0.20653952437388123,0.05285447738246574
Finland,1981,0.1063887807672923,-0.012483853763904373,-0.05747556366425109,-0.012392805875608648,4.357,-0.017251632545190798,"MSCI World, resident currency",0.006931349910948681,-0.004876136460160718,-0.053022170497809884,-0.055721022589532154,-0.004876136460160718,-0.07083511490020955,-0.0219896975192826,15,0.12007832447063782,0.026515694290881076,0.06002232050154599,0.06875376114405274,0.22223757457239146,-0.31665164834842263
Finland,1982,0.2924418501055237,0.21172297009438457,0.07577370042035687,0.21179585648063282,5.291,0.25293902980382255,"MSCI World, resident currency",0.026062750987015715,0.019132281046259525,0.09565721715613495,0.10773450530440898,0.019132281046259525,0.15463915316846655,0.07213494225783622,15,0.09567065437219346,0.1437202131690556,0.2081115631030812,0.08419578734237465,0.4299867581530461,0.29590592029752316
Finland,1983,0.5577756637609805,0.24552731662693184,0.21027446071127082,0.24586545592226772,5.81,0.25509253870721516,"MSCI World, resident currency",0.010531057093282392,0.05816115623492624,0.0998431270555451,0.08763619627670449,0.05816115623492624,0.017142357628765925,-0.020465294312157607,15,0.08365661369040178,0.1208632757646646,0.12834165713264412,0.04999397713684739,0.17516441733317034,-0.15135963088384752
Finland,1984,-0.09288699941339273,0.11726770118479335,0.08478671933065181,0.11694918829620304,6.53,0.0876580377362246,"MSCI World, resident currency",0.03666894644489194,0.08812316789767483,0.1225938764798522,0.11486064000400709,0.08812316789767483,0.05260580158610928,0.020241625968343047,15,0.07067382643339681,0.0920837596488957,0.09946363683512938,0.06256920408590982,0.16606069182688477,-0.1561086711619435
Finland,1985,0.09678425323680195,0.13929223781886257,0.25792883938427863,0.13922731831867052,5.417,0.10647191709773618,"MSCI World, resident currency",0.07607979526580366,0.07172544610329701,0.14372611941408686,0.13665387372728133,0.07172544610329701,0.08665190208054807,0.015858768355076113,15,0.05867443240036674,0.3139939422952198,0.2462212362265297,0.041566294338919674,0.034999081562879786,-0.1755782803484276
Finland,1986,0.6099689780889033,0.2017030986059154,0.2541222177028068,0.20222694053812718,4.794,0.22457494600388173,"MSCI World, resident currency",0.11669713332362952,0.08749048967221063,0.15103002424573853,0.14791435045725,0.08749048967221063,0.14794750184054206,0.08674506430385559,15,0.028997503947837622,0.2731328413708074,0.2338547173258223,0.05503815580608573,0.08087719662624693,0.024665244955072385
Finland,1987,0.25960059493195775,0.0026141024163737203,0.07513539104748253,0.0030634612259083926,3.946,-0.08438522496392009,"MSCI World, resident currency",-0.042819552817473294,0.056534476578235626,0.04415455806266477,0.04315958028020983,0.056534476578235626,0.010727942384024747,0.021856489846502413,15,0.04081632653061229,0.18996242275135233,0.15019843718418224,0.0219249880214456,-0.0584520158371753,-0.027521943091950662
Finland,1988,0.282604003368665,0.15849686841384591,0.14102651453862208,0.1587915380197633,4.169,0.24784167597263274,"MSCI World, resident currency",0.011971886224617645,0.07098524244539584,0.0934519973010628,0.08879891376169469,0.07098524244539584,0.04291018833507576,0.022888500858305606,15,0.05096374510993007,0.1538118532147068,0.15413016698456694,0.030389429819428715,0.15624976149159053,-0.15798043901185665
Finland,1989,-0.20747192583484253,0.09560220286430843,0.21781126601911782,0.0947042480774043,4.059,0.059417951651925094,"MSCI World, resident currency",0.0010089071156207385,0.06905137335692024,0.012974990389893026,0.01095767080205401,0.06905137335692024,-0.04617739680272859,0.006447376550978593,15,0.06633478531425019,0.07580875052691649,0.06922344007088221,0.04313487985098852,0.0003548438426215217,-0.11868920946660366
Finland,1990,-0.345537213602066,-0.18902384431763264,-0.13188130180884022,-0.1893791615037851,3.634,-0.3142062406903444,"MSCI World, resident currency",0.05128668486475951,0.06574852760314931,0.03423903279570806,0.033081810592686,0.06574852760314931,0.01392400377982006,0.04518693156574275,15,0.0610304727951787,0.08653548400415123,0.07270889484464527,0.019629465469601426,-0.07960622967659381,-0.19586815237627253
Finland,1991,-0.22931153086640643,0.20994502605668242,0.052230216709001756,0.20912365302371705,4.133,0.3207679851800782,"MSCI World, resident currency",0.09201275481167959,0.0877450797637429,0.16186447961345207,0.17886242379011308,0.0877450797637429,0.2690527489039918,0.18756001017863508,15,0.041160000000000085,0.07789935578504759,0.08208315177990633,0.0295655869605842,0.1550159365230368,0.001229435131566703
Finland,1992,0.05266935792121075,0.23311023424297606,0.0066376314795308445,0.23289064089118194,5.245,0.17733336937729938,"MSCI World, resident currency",0.15668687706386453,0.05040284044843579,0.08484602106184047,0.10336714140718506,0.05040284044843579,0.2519791145403374,0.21285468366751217,15,0.026019055668677238,0.016904182129215295,0.01701440314065006,0.008383806062487231,0.23749006328825706,0.15586948490240582
Finland,1993,0.8889419917755625,0.276646495737747,0.14941668744191935,0.2775601650637327,5.7845,0.32875363158189264,"MSCI World, resident currency",0.3518576108438445,0.03182515234747929,0.203111180163406,0.2105071946247985,0.03182515234747929,0.25300243927594446,0.07637908139199698,15,0.021006318745611985,0.20651828098209357,0.22243835259588574,0.004321478172269577,0.3004899870328932,0.26247154956635166
Finland,1994,0.1643586595193982,-0.15198072127188234,-0.020935489827240118,-0.15117551281368724,4.7432,-0.15520299867068799,"MSCI World, resident currency",-0.12756283289441228,0.04613408687002574,-0.09721335632840256,-0.08952493539614459,0.04613408687002574,-0.18020173841485487,-0.049656489462672745,15,0.010864681990299774,0.046029783952046044,0.038613756635808016,0.016542435122898214,-0.15827504114147972,-0.2135264222873966
Finland,1995,-0.07259751352305377,0.10946544632728039,0.18608448025956872,0.10889030790334275,4.3586,0.09461682999119847,"MSCI World, resident currency",0.2760268340959613,0.02614251288841496,0.1775365163167597,0.17658177864235225,0.02614251288841496,0.17018407342009367,0.01980438626436975,15,0.009849982767065057,0.20070907659522774,0.1865023810805635,0.033488873052366586,0.12692014843934785,-0.08591323841738208
Finland,1996,0.4992009457337494,0.2691959034746403,0.19372979645611765,0.2697793753253763,4.6439,0.193834909209742,"MSCI World, resident currency",0.1539407451777559,0.02639832833114819,0.1253754841236392,0.13196592781753114,0.02639832833114819,0.16256108487410326,0.05991892938274403,15,0.005766121789114287,0.1856346494279495,0.20227800198849466,0.020154971252071885,0.28160555159635314,-0.0002518947753720191
Finland,1997,0.3353247187697621,0.39367485502664645,0.23313653403588414,0.3934829957597612,5.4207,0.34112709480785264,"MSCI World, resident currency",0.10296843923682575,0.023236827665693127,0.11467290637366179,0.11989895336185885,0.023236827665693127,0.15566097871258178,0.060855464712276014,15,0.012163856764664915,0.21903814906543828,0.2687226574369064,0.038183713171633826,0.4572199988183048,-0.09314539123529797
Finland,1998,0.6976311932091264,0.13486948691906542,0.18533729763732332,0.13691596964005748,5.096,0.1505552820974283,"MSCI World, resident currency",0.16059973049304355,0.015929468242828593,0.1324255588089145,0.13060251249207244,0.015929468242828593,0.1211204361475704,0.006050550266400468,15,0.013490632270143132,0.24789276794602522,0.23687202139228192,0.0384762766424287,0.19924079557719665,-0.08604347642179444
Finland,1999,1.6358294369449191,0.3900894788382301,0.21745042203328732,0.3973779773846944,5.91850487756321,0.42451705684158525,"MSCI World, resident currency",-0.07591186134456218,0.030411733877124147,-0.05387612974692191,-0.05531278781643667,0.030411733877124147,-0.0060980011131751555,0.08140648511257922,15,0.013107317006913588,0.032196989670994824,0.04008296645620657,0.025016298269186832,0.20215547028510272,0.1453763660045484
Finland,2000,-0.11893949708860174,-0.020547451647740966,-0.04913560922371466,-0.021757749050279607,6.389822675980655,-0.08983191774357324,"MSCI World, resident currency",0.05964177096853618,0.012733322282773019,0.060215109023193936,0.06057098481726131,0.012733322282773019,0.058978125258096536,0.011351949658010792,15,0.029508768166461197,0.010390178534276595,0.01639521910671471,0.02935847551351123,0.11352451829841237,-0.012771539781430974
Finland,2001,-0.32426070056304135,-0.14183214276691747,-0.1622077203379154,-0.1438456354499118,6.746544876886418,-0.13414791351058597,"MSCI World, resident currency",0.01908339698589101,0.006358940692108073,0.015595685633438938,0.015733972211276814,0.006358940692108073,0.017037955421629114,0.008001917771628553,15,0.026657463959681715,0.10123717664896992,0.11250746614622287,0.024736810195639336,0.1860386815049888,0.04457686983659892
Finland,2002,-0.34141101325354883,-0.3167138593675395,-0.22884354920008004,-0.31691979689362404,5.6696195289405935,-0.34582192275987766,"MSCI World, resident currency",0.10007320887403437,0.003203409863951956,0.0843650624894976,0.08221769876473495,0.003203409863951956,0.06523096256816108,-0.014013355347542089,15,0.020066974478664568,0.06113575703163998,0.049592382528323764,-0.00596150761007852,-0.12012408954687437,0.02126849447550616
Finland,2003,0.0712170660414535,0.04681615970565489,0.17475916522180968,0.04698218510008334,4.707624703087887,0.09366761720251682,"MSCI World, resident currency",0.030284456150528216,0.008051845702355287,0.01805833392632894,0.018176040415810224,0.008051845702355287,0.00037687708707401235,-0.00960588328561162,15,0.01290755800940091,0.191146881818818,0.1565706968719398,-0.006956332666097742,-0.016257504334017625,-0.018897267031156684
Finland,2004,0.07414966520490829,0.09055545795021547,0.12427044307932109,0.09046382440248046,4.365120035239704,0.05557680235442097,"MSCI World, resident currency",0.09488828473667699,0.020343674671767342,0.08562751674688474,0.08529802350832272,0.020343674671767342,0.07706538880862634,0.012079303328845799,15,0.0014731879787861502,0.17805343580275723,0.16397635261536725,-0.017486342515833142,0.078672938811992,-0.04093635257033612
Finland,2005,0.3416622300302763,0.23207771089212104,0.10436940574003717,0.2326298173785213,5.0400356022717645,0.25504756821250485,"MSCI World, resident currency",0.06270382592636525,0.022867707940019244,0.0698351172569518,0.07044735451159534,0.022867707940019244,0.07974240059555537,0.03288827061197076,15,0.007747376679415607,0.0741149399926504,0.08733545813762822,-0.0006986459582450921,0.2430284337877795,0.34455869960853813
Finland,2006,0.20293597154089493,0.08631164604716846,0.15591029116469146,0.08700405488927099,4.514601366742597,0.06939001824012614,"MSCI World, resident currency",-0.02713785960230808,0.029649948655980696,-0.007561292805739694,-0.007539162012142664,0.029649948655980696,-0.032619684792864256,0.003969181197435227,15,0.012748151031529709,0.17597460419991684,0.157485764177822,0.024767261591463807,0.0687409120206588,0.09287991811782659
Finland,2007,0.23092860667487414,-0.03441463133536582,0.03743431942108247,-0.032815635587607916,4.03894436519258,-0.05141797688417804,"MSCI World, resident currency",-0.0024049985743932467,0.030036148059761958,0.0013966684102912907,0.00037417358089664177,0.030036148059761958,-0.02771692950094362,0.000990249165097216,15,0.015830690881137643,0.21307726545165195,0.1884391178029894,0.011644528236934182,0.07903594348306386,0.14304308828646373
Finland,2008,-0.5314175675593681,-0.3685862925136847,-0.39517215963187746,-0.36976331177749755,4.2722785082992,-0.373219866281163,"MSCI World, resident currency",0.07301342322022952,-0.025864508987091805,0.07055612590259752,0.06945893009150872,-0.025864508987091805,0.08969236506484313,-0.006054452913932088,15,0.03916097145694897,0.2396503298396111,0.27897492112429734,0.03138761247384991,0.3873303778961783,0.09848121485371153
Finland,2009,0.24183161329137803,0.20917318705113708,0.23644554017971123,0.2093557342934762,4.127259475218656,0.1975811798650724,"MSCI World, resident currency",0.03508075756856632,-0.00809745799258943,-0.007854170787649717,-0.009153286528584492,-0.00809745799258943,0.010267192132529246,0.011951731161535088,15,0.016339348701727152,-0.06937139882328214,-0.06394014259964287,-0.019834602641820354,-0.12892158420701083,0.14733937331514357
Finland,2010,0.2140492940574299,0.18128862502294596,0.09192110696408363,0.18146081379072765,4.449730579254603,0.18746808012100247,"MSCI World, resident currency",0.0581761175186557,-0.002905362352363605,0.026003823088983413,0.029173044089481515,-0.002905362352363605,0.08136248345853603,0.05011175298789237,15,0.016860347954591237,0.007511685903731635,0.008531691045127632,-0.011732246102603261,0.07623042559632554,0.3676597725371664
Finland,2011,-0.2936907851938759,-0.024744956576712607,-0.04960717374438982,-0.026280147444708635,4.595200556457223,-0.05512601764603742,"MSCI World, resident currency",0.07706132425798717,-0.026621938443143978,0.037026276581934914,0.039202196278209867,-0.026621938443143978,0.058695077179570454,-0.00679149158842333,15,0.03323864887479622,0.053787985798933846,0.05647845390834827,-0.025979726392153846,0.08714820683691205,0.08531020415770518
Finland,2012,0.10606142806638541,0.09264430825156778,0.12780947089075678,0.0927037039902312,4.506389267849023,0.11517426572237688,"MSCI World, resident currency",0.07089245714982795,-0.028507353863816975,0.1013842284006925,0.10176531566636937,-0.028507353863816975,0.09979143355723319,-0.030339576379306385,15,0.031615288714609946,-0.08061571260351097,-0.07993718278645379,-0.014131120381582707,-0.09429765109306987,0.028659158364281234
Finland,2013,0.293769370921209,0.2119293858920699,0.2957305877517193,0.21226254219705099,4.311311725038069,0.18242496794064644,"MSCI World, resident currency",-0.050174086780576665,-0.019621814518069547,-0.03343536677561343,-0.03257522060797435,-0.019621814518069547,-0.06269796162816887,-0.05008872747081064,15,0.022155886545334402,0.039770028500306864,0.03710138529461493,-0.01307117198017016,-0.005785995681790945,-0.32276091627430814
Finland,2014,0.09419253447840581,0.20819253225068057,0.10403991304308051,0.20773493078397376,4.897232517914504,0.1804488029747513,"MSCI World, resident currency",0.15867987743466627,-0.00987717109583075,0.17163189092282205,0.17476451505611013,-0.00987717109583075,0.1894199170099944,0.0049243508942355884,15,0.012095918511706882,0.16549739782984307,0.1925129240649437,-0.006284064445272408,0.33504840760921284,0.13079824269132478
Finland,2015,0.15042961668133747,0.13977173137991072,0.041539543237459065,0.13981355095978376,5.46131165610361,0.10194040612225108,"MSCI World, resident currency",0.0026723902097531838,0.0013669284995010411,0.012533689308845242,0.012872970041850396,0.0013669284995010411,0.041344051439622165,0.029849957106929483,15,-0.0015575701905028438,0.07782970568284409,0.08594309387277588,-0.00531491867575451,0.19787971796361004,-0.026752057858672074
Finland,2016,0.10221239355066936,0.05679573722955755,0.03577236432398467,0.05699272847977821,5.640574898017266,0.09320567331523355,"MSCI World, resident currency",0.033797778061454675,-0.0065017083545009235,0.037009478524074435,0.036960836736237734,-0.0065017083545009235,0.035209159479076435,-0.00818906828269436,15,0.003889999999999949,-0.0726397059165872,-0.07493671379116018,-0.014283553872012966,-0.0411752579922251,0.09948582884386092
Finland,2017,0.10065740941824552,0.06893941220554356,0.16245576706790568,0.06908530491769338,4.957666972400572,0.0693412177590702,"MSCI World, resident currency",-0.027402151127060126,-0.011591000859412004,0.014941191678628174,0.01454490956023724,-0.011591000859412004,-0.01071035102995832,-0.03690747139322055,15,0.008397334369303344,0.029590438599558677,0.023934989173352905,-0.00991627081888169,-0.08174631299650936,-0.021752437525835222
Finland,2018,-0.03655880082138396,0.022742468197823884,-0.015951780258234072,0.02240328879655351,5.192777292576421,-0.05152001650155491,"MSCI World, resident currency",-0.016382015112923698,-0.014734836420446262,-0.0014127680112830943,-0.0014824815421083937,-0.014734836420446262,0.004836910395483951,-0.008364935607087358,14,0.011686028133396587,-0.08544145371318412,-0.08900980741569986,0.0017853235335945072,-0.013790119033082138,0.025958124921247272
Finland,2019,0.19106295339315116,0.1640912499536369,0.14089024651199872,0.16424392015415634,5.2926206159871825,0.2818911660970209,"MSCI World, resident currency",0.018372538694351404,-0.014760758889350134,0.06165436393273849,0.06260326167799346,-0.014760758889350134,0.07541042154904676,-0.0018296159123449523,14,0.011365522628521196,-0.03222100599539113,-0.03221820363646588,-5.033643403207222e-06,0.007843967350071201,0.18285691991357966
Finland,2020,0.1766899530467363,0.013320901886280323,0.06256598279353207,0.014243104097024561,4.845350827153452,0.05256662601875961,"MSCI World, resident currency",-0.005248314019651423,-0.008053953873970898,0.029344704250411136,0.02860007083489924,-0.008053953873970898,0.022351864846304137,-0.014332919794516156,15,0.0038328232556792408,-0.1262462990350296,-0.11808359650195133,-0.00489791713896115,-0.19062535430775718,0.1311295476674803
Finland,2021,0.19973713883945554,0.16512486438697271,0.1770581987351527,0.16531456969920644,4.674895855808587,0.12633830381079636,"MSCI World, resident currency",-0.06040321408161997,-0.025620055261201258,-0.0571738674235317,-0.057421724904358484,-0.025620055261201258,-0.05442105965191135,-0.0226127557987058,15,0.02066185,0.05130738540375179,0.04849367953596584,-0.0646718177027612,-0.0013736406824776948,-0.12021236926599665
Finland,2022,-0.18005816295622679,-0.09786066377653968,-0.13837306469366134,-0.09831888813458511,5.259502363249291,-0.12800323435027616,"MSCI World, resident currency",-0.21163115651655628,-0.06373025712373448,-0.19390981814596986,-0.19601514534911868,-0.06373025712373448,-0.18366463364436614,-0.051118758385510485,15,0.07171630999999999,0.09314107743791733,0.12278809917519751,-0.04319532740699539,0.2664315603398544,0.06580535669144139
Finland,2023,-0.058998211137075374,0.10684486986427166,0.16016927629066616,0.10583353281106578,5.111842138607323,0.16104073158798804,"MSCI World, resident currency",-0.005101093896632047,-0.00871855136517996,-0.016854866304833682,-0.016752390511739712,-0.00871855136517996,-0.03347521260472863,-0.025835136790824158,15,0.043404990000000004,-0.04402167526404377,-0.04411892020445196,0.017003513512843016,-0.048690041835553366,0.07150046581794678
Finland,2024,-0.02509699378944985,0.1736824941205608,0.16872944244850135,0.17258450376656387,5.1067305893466735,0.17258368366877064,"MSCI World, resident currency",0.013007611869992441,0.02650908962305598,0.011105481281212581,0.011207642889635938,0.02650908962305598,0.007328927713614819,0.022774850015108556,15,0.009105872000000001,0.03331341692598966,0.034125598538433666,0.02171369326854866,0.047987892526117015,0.23847447109080622
Finland,2025,0.3391166239910355,0.17062688620727484,0.17544839038692406,0.17161768846049563,4.899931121258789,0.13771115398512723,"MSCI World, resident currency",-0.003752101835589716,0.005754992740681031,-0.0030149082226543777,-0.002995408211380002,0.005754992740681031,-0.008648794395980541,-5.498760889681709e-05,15,0.01844264,0.09440618790759814,0.09107520238623312,0.015139307087717269,0.06567367770823274,0.5670061249992844
France,1927,0.20084768914161844,-0.0088400889223067,0.26325985524592077,0.003402262909258047,0.25484,0.001395458383439463,"reconstructed, resident currency",0.17212118779091123,-0.014691488539918973,0.01201970417030962,0.001456411739037211,-0.014691488539918973,-0.11847834974179916,-0.14012509463801948,15,0.04444444444444451,0.1920185704217774,0.15182388801805247,0.06069651650102048,-0.0019002207307716734,-0.20988706426527837
France,1928,0.4836086928844452,0.3018960400878594,0.3138460298877707,0.3132488818785215,0.25504,0.3106223841147644,"reconstructed, resident currency",0.17705826461315155,0.03020000085234642,0.06183969812810375,0.06192972999405644,0.03020000085234642,0.07003294143875882,0.038703999178182076,15,0.0,0.2895594540458133,0.2903948926411348,0.05045226040342521,0.29325363914115865,-0.010559040201249648
France,1929,-0.05915604269714114,-0.12968655908798477,-0.07483951209700489,-0.12489954865433395,0.25536000000000003,-0.12664974955702524,"reconstructed, resident currency",0.2198225247859953,-0.027382001131773137,-0.0156563885089831,-0.014696807168804948,-0.027382001131773137,-0.010401676122909542,-0.022512217115595576,15,0.06382978723404276,0.10991090828401706,0.11065567151671907,0.03785806464463959,0.11469539095634995,-0.06415287797467917
France,1930,-0.27511117836036303,-0.2088663882650985,-0.1763980044746162,-0.2141545752728755,0.25478,-0.2157262661223298,"reconstructed, resident currency",0.0930307873404852,0.013366335836967558,0.05289317905851609,0.05475210971077149,0.013366335836967558,0.050754731426210675,0.009480868197479531,15,0.010000000000000009,0.08080973123437718,0.08861366000547855,0.10740235214556271,0.13946152552717628,0.022434881303989407
France,1931,-0.29096879541259457,-0.33297460609077767,-0.2912057627480144,-0.329826390472188,0.2551,-0.3311667376912436,"reconstructed, resident currency",0.03599181592694878,0.057480411930489694,-0.0002821616395483062,0.0006238198492385383,0.057480411930489694,-0.03922716468423071,0.01610525323136002,15,-0.03960396039603953,0.2510860603775351,0.2590033003700414,0.15094084355712933,0.29208099183667025,0.045571708353222995
France,1932,0.36596832255070866,0.010754179025639798,0.08343313537335266,0.03785307766428714,0.25461,0.035777371508958655,"reconstructed, resident currency",0.05809768136929372,0.11660227302292525,0.24490197958761262,0.22266377571869556,0.11660227302292525,0.11540547260882317,0.0050035151290313586,15,-0.09278350515463918,0.10580379028913245,0.1069591952142599,0.16025907588768828,0.13937209975385945,0.10024460490043663
France,1933,0.04745531537953562,0.22517615863107743,0.42372559695283124,0.20860403072479938,0.19876000000000002,0.20618682266334987,"reconstructed, resident currency",-0.0650916337966918,0.05216941202388092,0.09845410629274487,0.10300822882079919,0.05216941202388092,0.1034280923579931,0.05294040213254594,15,-0.03409090909090917,-0.08841897801492749,-0.047369571019402756,0.030170519994877854,-0.3155231197574617,-0.23950079245182399
France,1934,-0.03991220655237748,-0.10231501606412652,0.02273358867704606,-0.09735507634490148,0.15223,-0.09916036619221169,"reconstructed, resident currency",0.24925379073474474,0.0575243894283366,0.18051969722257422,0.16723546583611149,0.0575243894283366,0.07224833327139257,-0.04044521820239378,15,-0.03529411764705892,0.019740226007427975,0.019147832571471346,0.008767156750223437,-0.2039728654118258,0.3506546240883488
France,1935,0.10103616689642281,0.39408447750768905,0.28177805656905214,0.3722326526171955,0.15148999999999999,0.3694881873119611,"reconstructed, resident currency",0.09730655219405904,0.1287573342521986,0.1220805681490269,0.12002236991324744,0.1287573342521986,0.08369170085335065,0.09152054683566334,15,-0.08536585365853666,0.15464342440049506,0.1538448685166387,-0.0020322077192309607,0.1355752090711797,0.07574721212988877
France,1936,0.10281710047274828,0.3054624466701221,0.27351436680857877,0.29119942281322975,0.16356,0.28861702396760336,"reconstructed, resident currency",0.00741448812186718,-0.027999999234452844,0.002134594629217501,0.004656775476132413,-0.027999999234452844,0.04902134786024792,0.017720460443108803,14,0.06666666666666665,0.23856856415028993,0.2589183168416964,0.012372876775614161,0.3248079778949524,0.012362527084995412
France,1937,-0.2497200688513198,-0.063528033884788,-0.23301538156115706,-0.07392773375174544,0.24716000000000002,-0.07577987828424193,"reconstructed, resident currency",-0.23767248887826897,-0.17758415831197605,-0.1807519166698215,-0.17200016114283956,-0.17758415831197605,0.13672423274782863,0.1394244480413003,14,0.26249999999999996,-0.23206219273461037,-0.2491765221016472,-0.011132956950033579,0.14495884062928255,0.19812456406208034
France,1938,-0.07004871319817452,0.30149865079304927,0.059641385375127656,0.2804726634199033,0.34745,0.2779117180930635,"reconstructed, resident currency",0.051337137040884606,-0.09749913071484662,-0.07275691372675264,-0.059398330446544856,-0.09749913071484662,0.2588496996778642,0.22959536211261297,14,0.13861386138613851,-0.024622088429293476,0.013898867790419267,0.047570894586841384,0.36868338276953927,0.2386183707627847
France,1939,0.09771567717438834,0.0816994833012421,0.019162536517577804,0.08251245858767886,0.39836,0.08034743367050345,"reconstructed, resident currency",-0.1335658002339426,-0.03805327815477,-0.09446601864862769,-0.09754512832734863,-0.03805327815477,-0.00020550637789362725,0.06211365729446945,14,0.0608695652173914,-0.15700156005881694,-0.17174854931640904,0.022205827566040615,-0.04559828858231907,0.06551605047640341
France,1940,0.24022989437497877,-0.04130908059120708,-0.0858983411263021,-0.04130908059120708,0.48015,-0.043226462430024704,"reconstructed, resident currency",0.04018119881893023,-0.14414896502577035,-0.08439783265040657,-0.07358548054829683,-0.14414896502577035,0.048106894685398194,-0.01886941056900712,14,0.18852459016393452,-0.15189506299204403,-0.1512188418724284,0.0059249679692383594,0.01817697659034767,0.006978942625502249
France,1941,0.3041368267115423,-0.11641966907964196,-0.05226427664819615,-0.11641966907964196,0.4666666666666667,-0.11818682974148265,"reconstructed, resident currency",-0.018798600224887774,-0.13281470624839564,-0.0889412200787113,-0.08939177429938006,-0.13281470624839564,-0.09240955740094303,-0.13579573913234855,14,0.1724137931034484,-0.15450005990777071,-0.15101492922790583,-0.07583315048804296,-0.2156854159376167,-0.21024880259678214
France,1942,0.2740478341172381,-0.07387158041503494,0.04057092905692712,-0.07387158041503494,0.4666666666666667,-0.07572383725420484,"reconstructed, resident currency",-0.1347141351278235,-0.15729756062714062,-0.13121045550707766,-0.13248108167138162,-0.15729756062714062,-0.1710536716370603,-0.19794046737207183,15,0.2058823529411764,-0.1488787506124276,-0.14842029311150273,-0.07087970183543024,-0.13711193847063252,-0.1604702173552346
France,1943,-0.3357173743562436,-0.04525818124461334,0.1081495337274904,-0.04525818124461334,0.4666666666666667,-0.047167664882124094,"reconstructed, resident currency",-0.17513099799709997,-0.17959645676507252,-0.18224667537011963,-0.180267571443949,-0.17959645676507252,-0.18277491585646033,-0.18230163776985203,15,0.23902439024390243,-0.0007348659081964914,0.004260281741966132,-0.019568422192413393,0.022937596783622505,-0.17353090806443383
France,1944,-0.278704501904092,-0.07161401662569977,0.10049510598140886,-0.07161401662569977,0.4666666666666667,-0.07347078859244838,"reconstructed, resident currency",-0.11536715373732276,-0.16988553048090538,-0.13423512066911913,-0.14493516803497186,-0.16988553048090538,-0.1871922684739915,-0.21374184795763623,14,0.22440944881889768,-0.10763615422034589,-0.10833791577369611,-0.011389603351630306,-0.1169830338452601,-0.18979255000170858
France,1945,-0.46065583317631487,-0.1254540893098529,0.16902127572294676,-0.1254540893098529,0.5017921146953406,-0.1272031811312332,"reconstructed, resident currency",-0.3129675767289518,-0.3161373101881908,-0.2833615843612167,-0.28360157574540157,-0.3161373101881908,-0.30524061360893495,-0.3384700807610945,13,0.48231511254019277,-0.18773570832446473,-0.1782466235189758,-0.013237632217602213,-0.13048439200700113,-0.2773997251644935
France,1946,-0.16508308667716054,3.1257009611576665,-0.04952325561675957,2.967403255904573,3.45,2.959468449392764,"reconstructed, resident currency",-0.3815754731351332,-0.33564850633664545,-0.334980971173675,-0.2568592574944798,-0.33564850633664545,2.2812015794195735,2.2598338140361895,12,0.5249457700650759,0.008092112865763168,1.540175440642447,-0.1458067950930625,5.330840656754873,3.1178426543567257
France,1947,-0.45353852972402475,-0.44468083277325465,-0.08726842040161915,-0.44521897189248705,3.0,-0.4463285339487021,"reconstructed, resident currency",-0.47203388763280907,-0.31931639696561065,-0.35604087101799087,-0.35414628937281845,-0.31931639696561065,-0.4452470840172704,-0.412334349525662,12,0.49217638691322896,-0.27331730589838255,-0.28116333554049844,-0.07460156340503099,-0.34161407459397863,-0.39148491646729544
France,1948,-0.4372914255587742,0.1430870222342151,-0.08346222646131826,0.11459717843546713,5.2,0.11236798407859627,"reconstructed, resident currency",-0.40488682013416954,-0.3564158053598546,-0.370314895456618,-0.3645046009960896,-0.3564158053598546,0.036024639662148195,0.05316948662836676,12,0.5862726406101049,-0.38465201269387317,-0.3785462707734123,-0.016410018909050028,0.10646431169511095,0.1411095340767785
France,1949,-0.2527412358723896,-0.3070671457890376,0.09263373817579916,-0.30471310489673553,3.95,-0.3061036786869421,"reconstructed, resident currency",-0.08715618905467049,-0.0903154929286577,-0.0796682610812458,-0.07862263330910124,-0.0903154929286577,-0.29209741138206735,-0.3081793057358912,13,0.12698412698412698,0.06125318252282019,0.01976333421406018,0.031435476496074255,-0.19690737290310756,-0.32233223080468254
France,1950,-0.22697518441157472,0.1170845819491686,0.20141474626776065,0.10740634067303811,3.91,0.10519152799169196,"reconstructed, resident currency",-0.11303255038383686,-0.06762435924834942,-0.0780297488003836,-0.07663662050819509,-0.06762435924834942,-0.07971266059751436,-0.0711769759239123,14,0.09859154929577474,0.042538977268446576,0.03739231018462008,-0.044909057796571394,-0.02750793116134853,-0.14299969172925586
France,1951,0.2368118422372001,0.13412235733541333,0.1308143023571675,0.13617249271590293,4.26,0.1339001477304711,"reconstructed, resident currency",-0.21343257597514564,-0.11971428511398186,-0.13656143869052062,-0.13202368461167935,-0.11971428511398186,-0.053082630839382805,-0.037483478298195566,15,0.16666666666666674,-0.1406022423166331,-0.14007955839737019,-0.044855439335450886,-0.06003287813537883,-0.05153880558469692
France,1952,0.016569704839996202,-0.004583617499930304,0.08758932521871611,-0.004057217660201506,4.12,-0.006049103224881058,"reconstructed, resident currency",0.1345807909965515,-0.07474411903497047,-0.05194464607362803,-0.051164494681220196,-0.07474411903497047,-0.03553378873632884,-0.05827285743932508,15,0.1208791208791209,-0.1139633957106232,-0.11328939790050796,0.003226921042449371,-0.15213403430020622,-0.12854387647290688
France,1953,0.2562338101863859,0.0048136291574107926,0.06082154441851955,0.010759942057938732,3.76,0.008738422173822924,"reconstructed, resident currency",0.019328673457494006,0.061207998394966046,0.08732581864265021,0.08233946525060531,0.061207998394966046,0.0011646209134885677,-0.022436934704294382,15,-0.019607843137254832,-0.016589705981927994,-0.009668207222904845,0.006703548557218442,-0.12499426285555004,-0.07180012855339712
France,1954,1.1585566997528076,0.44990454191286755,0.44284192963371216,0.47018998625363295,3.74,0.4672496062811258,"reconstructed, resident currency",0.09001980721950531,0.03590000048279762,0.05743147396189374,0.0571812510046763,0.03590000048279762,0.05640155773196054,0.03534761779605799,15,0.0,0.5295923600023746,0.5200765527207394,0.018564239040369523,0.5013970814140589,-0.0014529217326069155
France,1955,-0.04617027259699191,0.31847414207295266,0.26414942605607294,0.30574245400538036,3.9,0.3031309690973696,"reconstructed, resident currency",0.06469110244571574,0.02138613710309012,0.0029468014462770142,0.00360313078760921,0.02138613710309012,0.05497184077590611,0.07479410937854532,15,0.010000000000000009,0.4271788200762021,0.4355899376008885,0.011922977581826144,0.45608907847673597,0.0223878834318183
France,1956,0.0017501817872893621,0.053240744726368305,0.026166817887416524,0.051516731250036196,4.03,0.049413697787536126,"reconstructed, resident currency",-0.06144456042406632,0.002133653678286773,-0.03149579531220481,-0.03149109088135604,0.002133653678286773,-0.008868519599370961,0.02577743215193227,15,0.029702970297029507,-0.020805948022666665,-0.02088196179665891,-0.012271588679896195,-0.017201715841454135,-0.014220912180781364
France,1957,0.09050740780086697,0.06427216314164008,-0.09450554514165722,0.0652024499365309,4.79,0.06307204503665775,"reconstructed, resident currency",-0.014853415139224557,0.005174312296263528,-0.016629957716978616,-0.013039232595548511,0.005174312296263528,0.1402985594089916,0.1659567817126422,15,0.04807692307692313,-0.1516428910208646,-0.17233358827224365,-0.011143687996010843,-0.02141704990196147,0.13367322257852954
France,1958,-0.20228992086648956,0.22038797428765422,0.32054308240623164,0.19882993531294346,4.95,0.19643227544231756,"reconstructed, resident currency",-0.026496130466461376,-0.07140719705820098,-0.023597172031949998,-0.022317741551056147,-0.07140719705820098,-0.009701154664764733,-0.05792421867459469,15,0.1467889908256883,-0.015619298473562138,-0.015292086427971974,0.006882515564111014,-0.011901759871017048,-0.09352462730940914
France,1959,0.1911519375958839,0.16664353447004365,0.2348775859914127,0.1675628153107529,4.93706000393706,0.16522768968013146,"reconstructed, resident currency",0.07859712290136445,-0.021898496447873117,-0.007681304425767421,-0.0077210633951362295,-0.021898496447873117,-0.014142179851427739,-0.028414482479969812,15,0.06399999999999983,0.15611972863677903,0.1516794979364262,0.010506777644549326,0.13007829584822495,-0.07147274881489385
France,1960,-0.10540843425669533,0.014994014705866698,0.03308059263213381,0.009470306141572848,4.93706000393706,0.0074513655292896,"reconstructed, resident currency",0.00678575292661554,0.003089856491356624,0.0012748633120898134,0.0018756558487356134,0.003089856491356624,0.010060509237126869,0.01198001900654222,15,0.03759398496240607,-0.0035532652541093723,-0.003808246939126958,0.012803101551821738,-0.015887288849060988,-0.04076505079582915
France,1961,0.01945800523103114,0.1747838907908117,0.18216846043098928,0.16751151979933132,4.93706000393706,0.16517649675973267,"reconstructed, resident currency",0.0281620930198212,0.007302816380077459,-0.004722166961038998,-0.004130160330963806,0.007302816380077459,0.00959213140447246,0.021835991942612463,15,0.02898550724637694,-0.006331220149109806,-0.00636866403441283,0.023604783271376606,-0.008190034754592235,-0.02731289204141374
France,1962,-0.14788448700568813,-0.12602400350777687,-0.10002903102218151,-0.1270654129574832,4.93706000393706,-0.12881128213156823,"reconstructed, resident currency",0.017771734387282523,-0.012575838789843807,0.050530784172885035,0.05077553340324692,-0.012575838789843807,0.050735918417092796,-0.012580564750343288,15,0.04929577464788726,-0.17439381268485588,-0.17364074619828418,0.01825126995188109,-0.17907390232582754,-0.05142893298011342
France,1963,-0.21925116951266932,0.134176862921777,0.1583938900870929,0.11563749592785677,4.93706000393706,0.11340622093600095,"reconstructed, resident currency",-0.015096875158353562,-0.006857692837142104,-0.004656467787861884,-0.004211894179579678,-0.006857692837142104,-0.001624050887672257,-0.003891899862590109,15,0.046979865771812124,0.04201319289696892,0.04135834245449366,0.01837742808505438,0.033363681221769914,-0.05285727232925075
France,1964,-0.10838385768558678,0.05692407314535197,0.06833203115799488,0.05032332815416818,4.93706000393706,0.04822268149785991,"reconstructed, resident currency",0.011427382782379203,0.014872051081301851,-0.003888635776446825,-0.004026702921010705,0.014872051081301851,-0.006717026000257809,0.012371522132888146,15,0.03205128205128216,0.2507430834566544,0.24894903473640406,0.027000180476569158,0.242596699996811,-0.03295747357276668
France,1965,-0.07650123870965242,0.06340483741126457,0.06910024730355453,0.05841831071657899,4.93706000393706,0.05630147409514574,"reconstructed, resident currency",0.01011513647095974,0.010711446875728559,0.0035801858684412213,0.0035312501360964532,0.010711446875728559,0.006197560025116067,0.013637425363446653,15,0.031055900621118182,0.11970545099738317,0.12056004224299799,0.03155536016230376,0.12587339530622343,-0.02945437284296548
France,1966,-0.19548168475826688,-0.08374971697179756,-0.08799404094410337,-0.08719115422989099,4.93706000393706,-0.0890167719214312,"reconstructed, resident currency",-0.057184168436704264,0.017615760718958207,-0.0035155081337086003,-0.0034430043218930395,0.017615760718958207,-0.002636922957707677,0.018624750959139166,15,0.029661726167345526,0.06888467721763103,0.06830029944637017,0.010884962315295343,0.06205403715013347,-0.04459731605297712
France,1967,-0.04848476117831302,0.16251295638231755,0.18916777759746567,0.15593836930232974,4.93706000393706,0.15362649256372518,"reconstructed, resident currency",0.02777156240080969,0.01953680541517122,0.016197468484171473,0.015431347848182009,0.01953680541517122,-0.02166752833037422,-0.019102884622523995,15,0.027917770943512554,0.08452173497231152,0.08446944744043394,0.01912916025527034,0.08401188897908929,-0.0335603368668872
France,1968,0.12293239085796648,0.1547020531461225,0.1605480799962965,0.15390736149851114,4.93706000393706,0.15159954677551402,"reconstructed, resident currency",-0.032871086054471754,0.01536967713915871,0.02642015754168936,0.025737167650202952,0.01536967713915871,0.014667578810203974,0.004013132722706551,15,0.045432048640203115,-0.03491275673901839,-0.03492463700553827,0.011003722479790534,-0.0418063467523796,0.13608609326241305
France,1969,0.1661177386369319,0.005623802540608125,-0.1006656850492193,0.009390436804380675,5.55419000455419,0.0073716559307719365,"reconstructed, resident currency",-0.08747602648591846,0.02747899835780676,-0.029548997045844683,-0.029258743977439106,0.02747899835780676,0.06405281920150174,0.12680754231499006,15,0.06045962841738928,0.19947318001234393,0.22396479351221976,0.01323387456286551,0.3230584611266407,-0.11825156356374944
France,1970,-0.13354192385523023,-0.05049489841170818,-0.05515209486966171,-0.053068394248388495,5.55419000455419,-0.09000681930893939,"MSCI World, resident currency",-0.14232912468044212,0.03210228326089304,0.009072604653001637,0.00856260056633773,0.03210228326089304,-0.004644925590155835,0.018154998853179935,15,0.05299641245626652,-0.02662807422220126,-0.026727277969735175,0.020938455464238448,-0.03181619684751458,0.00743359816480571
France,1971,-0.10508873852529854,0.05435487759715474,0.10275205115692146,0.049279753236757484,5.11572151321783,0.06937770556252754,"MSCI World, resident currency",-0.010144800984565605,0.004198215360080804,0.052821774336336835,0.050911100854691194,0.004198215360080804,0.03685882240253813,-0.01037640771923863,15,0.05397518655950906,-0.12038394823762011,-0.1152142496137093,0.017643971771362565,-0.18809774402444857,0.025370207190725358
France,1972,0.10266959890027327,0.17821704555308004,0.19915120005977793,0.17621027472744322,5.11572151321783,0.17393065941355235,"MSCI World, resident currency",0.027591459762231985,-0.010493792288573833,0.005707590030348708,0.007265080587850692,-0.010493792288573833,0.01907889873716817,0.0019671962720866428,15,0.06063003097182107,0.09910458845709291,0.09840232059361398,0.01154035341542925,0.09402282127582784,0.3950647597000567
France,1973,-0.09825740273348837,-0.19379971308145805,-0.15543054255294156,-0.19133052840785736,4.7085,-0.30316461927827554,"MSCI World, resident currency",-0.08281725368981674,0.014242789154708113,-0.05877052797608073,-0.05971199598013499,0.014242789154708113,-0.08355771824423963,-0.011176177652192417,15,0.07380601063989056,0.5000349820915433,0.44216530836705514,-0.005739170208360234,0.3392887469278001,0.4402017932503055
France,1974,-0.35885990256786615,-0.37374069036040547,-0.3376750935576657,-0.37327250339772367,4.444499999,-0.3745566808406531,"MSCI World, resident currency",-0.1454225513408226,-0.006505256691985206,-0.09016106268053237,-0.08913423004971899,-0.006505256691985206,-0.1159209917811892,-0.036234019304991955,15,0.13649317472813816,0.24688561206388204,0.2169853033700362,-0.018682411153460032,0.13556083431468835,0.36114768681849374
France,1975,0.1814402807764215,0.18841047893579432,0.21539348646075088,0.18819027734057014,4.485499999,0.247655030892181,"MSCI World, resident currency",0.08227728856894756,-0.03371890608770345,0.0017647933388613701,-0.004759506054864415,-0.03371890608770345,-0.06017818284399368,-0.09272654097529252,15,0.11685927249322647,-0.1526840963383571,-0.15341956313807903,-0.002214119066057396,-0.13710281964854398,-0.3104658557769804
France,1976,-0.19081526344396693,0.1523278818655709,0.06926762467936357,0.14202012944636122,4.969749999,0.1799330633473848,"MSCI World, resident currency",-0.049035814339904116,-0.00971941256864628,-0.02924479248894274,-0.02370563817383209,-0.00971941256864628,0.04997895807133057,0.06869322428924539,15,0.09625495781555382,0.12418101956334482,0.14051920536319007,0.0049242743921680265,0.2195679532758683,-0.02784528602911618
France,1977,-0.24017255388187275,-0.07378293660403501,-0.0616598445665187,-0.07736981081598915,4.704999999,-0.09505551549946145,"MSCI World, resident currency",-0.0052728140001242485,-0.0038774039560630635,0.012670054746714454,0.017131584561577595,-0.0038774039560630635,-0.01626516688055135,-0.041235136847438424,15,0.09494554671904298,0.24940145310397233,0.22319699215134037,-0.011551278487003214,0.14130405894042397,0.054076633609495106
France,1978,0.48369398405745834,-0.060913843449588834,0.020199608604075135,-0.04966267229550103,4.179999999,-0.044604981646711006,"MSCI World, resident currency",0.06461605984918473,-0.011629764253658026,-0.00806315032088789,-0.0112016118044731,-0.011629764253658026,-0.025836977496770386,-0.02745129578272126,15,0.09250558467244274,0.2597286888515711,0.21869272885757218,-0.010424790546951224,0.10390615100757472,0.09587174815624788
France,1979,-0.014806815999585998,-0.026063759196065517,0.05715880554292408,-0.025773103858888313,4.019999999,-0.022246039596776068,"MSCI World, resident currency",-0.1518183811943301,-0.014521295129190759,-0.08918425785636697,-0.08867251646151897,-0.014521295129190759,-0.11199996282739078,-0.0389758725423456,15,0.10646734171666461,0.3620937233085719,0.33815591952170476,-0.02032579690849734,0.2885412406701895,0.8959251351804327
France,1980,-0.04191618900264782,0.27109389758144187,0.12799321170004765,0.26278280020149825,4.515999999,0.2642028081054446,"MSCI World, resident currency",-0.13692170003116955,-0.015080484194848753,-0.07036160282194903,-0.06659447008698571,-0.015080484194848753,-0.009670492118135199,0.04951691995816777,15,0.13562578848301543,0.1517066670213154,0.183062569261776,0.000695567814542164,0.2871675081826155,0.1232123330850372
France,1981,-0.21599756187021157,0.10226745562651463,-0.053695230694814466,0.09510056635098807,5.747999999,0.08971289413746386,"MSCI World, resident currency",-0.1099046498115851,0.017522874836058522,-0.031706867069314026,-0.029295890896875676,0.017522874836058522,0.030297265916910066,0.0844591275920148,15,0.13314405568007137,0.049621296994827535,0.10194662364479523,0.06875376114405274,0.35526864131074776,-0.24227448791305373
France,1982,-0.014080943837896154,0.14544044581385096,0.0777466803628391,0.1423528878597411,6.724999999,0.18113831744353193,"MSCI World, resident currency",0.08624112890059576,0.025822177091398224,0.10284944629086068,0.10236977612383535,0.025822177091398224,0.08847159693106632,0.01069535839195208,15,0.11978471952380554,0.1512279425120706,0.19549789227132286,0.08419578734237465,0.34804017858384917,0.22164295456977445
France,1983,0.44956610973498456,0.393401480736558,0.2070662641101399,0.3942316782866693,8.347499999,0.40455758551509,"MSCI World, resident currency",0.13206776236560525,0.02808147364150515,0.06857857725662808,0.07635340145888625,0.02808147364150515,0.13827066124361198,0.09618443160078095,15,0.09459548472353196,0.08900119940043072,0.12014116855653101,0.04999397713684739,0.31511107403513106,-0.05029770231589592
France,1984,0.06324549707690874,0.13684065863113948,0.08490499100622446,0.13552381127045265,9.592,0.1057455552236406,"MSCI World, resident currency",0.13140029827375477,0.037771777343797774,0.07064740169130768,0.07161919427259478,0.037771777343797774,0.07011040798167323,0.03720802313624343,15,0.07673802622473191,0.041549098204393786,0.05590473476273461,0.06256920408590982,0.1854520284630805,-0.14207494122270048
France,1985,0.29551514724469197,0.07827932469606891,0.2568625483719223,0.08288894464857322,7.561,0.05175340103114401,"MSCI World, resident currency",0.14229171614261604,0.03876995600016109,0.10855661313232967,0.09859937087386128,0.03876995600016109,0.032913548088925326,-0.034378642535051344,15,0.058310997385451424,0.27358871116224837,0.20319766440999243,0.041566294338919674,-0.016184878010135018,-0.21634852712588615
France,1986,0.3481875098021803,0.15932876589461742,0.252290519094764,0.16383528979049533,6.455,0.18546963896406665,"MSCI World, resident currency",0.1901094498628373,0.05075140627175356,0.11214436183416132,0.10941026061946135,0.05075140627175356,0.11128919875214893,0.052041186397250784,15,0.025385259178140718,0.2301221354536629,0.1925793918282257,0.05503815580608573,0.04636070191570596,-0.008056189651894141
France,1987,-0.26186325809693245,0.024820505175075835,0.08633850532868935,0.01586224774271794,5.34,-0.07270225724520674,"MSCI World, resident currency",-0.03348464828198383,0.04537694742613718,0.03312776700269704,0.03374081281766417,0.04537694742613718,0.02362452536326831,0.03489506972695931,15,0.03288898214001512,0.1773958281762753,0.14156646553114904,0.0219249880214456,-0.04643814821019154,-0.015113417087587955
France,1988,0.5808053569595202,0.26556800348576637,0.1299981143244936,0.27351492695203516,6.059,0.3713812611538847,"MSCI World, resident currency",0.15274701498798393,0.04695695933163324,0.06891965724522064,0.07674559146924675,0.04695695933163324,0.14616102097599692,0.12415713414402334,15,0.027008152750810588,0.1279252986943522,0.14656997048439968,0.030389429819428715,0.270721507908662,-0.07461830318809959
France,1989,0.26437922887819587,0.10123966501256576,0.21492082299959422,0.10661758760289475,5.788,0.0709472809475733,"MSCI World, resident currency",0.019953779470516686,0.05384981609820905,-0.001429179233593647,-0.0022829128900387907,0.05384981609820905,-0.0357972301605205,0.01740024289131592,15,0.03498302207007398,0.06051110559783868,0.05621104645168762,0.04313487985098852,0.011241406968321321,-0.10909816723438193
France,1990,-0.24378995035847906,-0.17251373214482824,-0.12825730167933855,-0.17504874725973973,5.129,-0.30208255944484375,"MSCI World, resident currency",0.0035162220980775594,0.06446464723688683,0.03299311112297065,0.03323870535943341,0.06446464723688683,0.031848476352102306,0.06366408016654299,15,0.031942833802948156,0.08522656211589164,0.07286300449966832,0.019629465469601426,-0.06333521446208079,-0.18165245258664575
France,1991,0.12997916677514043,0.08120046726379115,0.048531627836395405,0.08310024651047154,5.18,0.18310821788515752,"MSCI World, resident currency",0.13663194528936184,0.06081825391801088,0.1331028487121304,0.13441040232919965,0.06081825391801088,0.13678310877088085,0.06378411881520595,15,0.032134073240969396,0.05121625808833841,0.050316515450633315,0.0295655869605842,0.034632018357419136,-0.10312576774704063
France,1992,0.023412912654434903,0.03557102370736276,0.00608074980973862,0.03514108751570033,5.5065,-0.01150507277367896,"MSCI World, resident currency",0.05741231099626054,0.07803451445441945,0.11338375006100421,0.10585959280810342,0.07803451445441945,0.05116786451995958,0.018318798610225347,15,0.02363760462693576,0.04365464754486448,0.04365232313065048,0.008383806062487231,0.039002785337179935,-0.02952625647054974
France,1993,0.33628846863320283,0.23679658469491183,0.14395176202965385,0.24019430957531895,5.8955,0.289890478569512,"MSCI World, resident currency",0.3106240989195388,0.06507750909691468,0.24188352650620515,0.2342391415799554,0.06507750909691468,0.21635484384134585,0.044897334930343286,15,0.02104462771246296,0.24540042706339116,0.24828944442017686,0.004321478172269577,0.262453484135845,0.2255470032558642
France,1994,-0.15708172503366724,-0.06257643723909367,-0.014439100887786575,-0.066568021137965,5.346,-0.07099695096985592,"MSCI World, resident currency",-0.1376630693771831,0.039712400588165275,-0.10275510540041521,-0.10328456400580022,0.039712400588165275,-0.09848746692540322,0.045070019810633605,15,0.016555153292699964,0.0396087379328689,0.03547125358319758,0.016542435122898214,-0.07437520257068408,-0.13513382442530264
France,1995,0.0009408912005768322,0.10105014789291866,0.19254724686636218,0.09724656893208339,4.9,0.08312296756754378,"MSCI World, resident currency",0.1504731997341895,0.044772521434432555,0.19891514071511818,0.1919884715375353,0.044772521434432555,0.15789672831290202,0.009096080861413098,15,0.01796481420956031,0.222508407660154,0.20182641656860212,0.033488873052366586,0.11508708978930815,-0.09551147150959471
France,1996,0.2805620140823153,0.255373802822807,0.19169338084288762,0.25617062311398753,5.237,0.1810400853399825,"MSCI World, resident currency",0.15297063744015515,0.017115125349704385,0.11519708772421544,0.12147778063134695,0.017115125349704385,0.15010143555069133,0.048559338610973654,15,0.019828836508972936,0.17491124233670008,0.1910322355786993,0.020154971252071885,0.2678700533489149,-0.010966609868552135
France,1997,0.2624797289760967,0.3687834573806932,0.23245393459860836,0.3651771878240555,5.9881,0.3138847918314145,"MSCI World, resident currency",0.16291301847034845,0.020126592225905293,0.1112847414020357,0.11414193959182217,0.020126592225905293,0.13218604733432526,0.03930631691279599,15,0.012039429402697088,0.2153327550147508,0.2596155694003004,0.038183713171633826,0.42761950169553153,-0.11156632099146468
France,1998,0.3044725457097792,0.13716865501700393,0.18272955078050898,0.1433124670210748,5.6221,0.1570285167472869,"MSCI World, resident currency",0.22082265673317902,0.027236388456765903,0.1450290375364509,0.14235500593884653,0.027236388456765903,0.127428064965462,0.0117107748404183,15,0.00651126867832974,0.2617813541164016,0.24914291410872158,0.0384762766424287,0.20598794383877572,-0.08090138970162764
France,1999,0.5479641838252871,0.40201360027539024,0.21164657800200293,0.4081335735342573,6.529534142942465,0.43548154205569145,"MSCI World, resident currency",-0.0975676547516916,0.021816646441121357,-0.0617681374975676,-0.06405280385863055,0.021816646441121357,0.0015520468232299578,0.08973005369289842,15,0.005371416391346084,0.023587010683256526,0.032301818211055267,0.025016298269186832,0.2114084418909481,0.15419230974444864
France,2000,-0.011235237810479304,-0.009397045504014767,-0.05209490351241567,-0.009491549565075585,7.049511015583019,-0.07841930164445876,"MSCI World, resident currency",0.07078350926939359,0.025222926412437063,0.07329028559005213,0.07366927226724163,0.025222926412437063,0.07225667351367648,0.0240333123288741,15,0.016759598872093884,0.022850885680703703,0.028943369161064103,0.02935847551351123,0.1274870248859712,-0.0003926620353970067
France,2001,-0.20537395159341887,-0.1309853798366417,-0.16153559286558652,-0.13516095396945138,7.443061386587995,-0.12536486001963731,"MSCI World, resident currency",0.058814419654566796,0.025809266072925885,0.03522453349495813,0.03493570922445777,0.025809266072925885,0.027354612162632685,0.018226914512888128,15,0.016347807954959492,0.12252125387150103,0.1325617870319118,0.024736810195639336,0.1980696523192167,0.055172876552227246
France,2002,-0.30607381661796995,-0.3169467620293891,-0.2254430015605544,-0.3163616283321634,6.254953752264709,-0.34528737112940766,"MSCI World, resident currency",0.07291350601266733,0.013458350194711866,0.09544965301545938,0.09226384423780631,0.013458350194711866,0.06610139978958296,-0.013207671410923301,15,0.019234122872706205,0.07198289308022154,0.059794515653349256,-0.00596150761007852,-0.11940511237703677,0.02210300843716717
France,2003,0.1873131597279345,0.031026418451972182,0.1733701212454421,0.038699351348061795,5.193642121931908,0.08501544796585292,"MSCI World, resident currency",0.03159248736309306,0.001734300384187204,0.01167807710864821,0.011741197011666316,0.001734300384187204,-0.007537255054044345,-0.017441040305920922,15,0.02098472191469214,0.18368186457931102,0.14905274654577316,-0.006956332666097742,-0.024040039378414146,-0.026658918515282126
France,2004,0.10628075864861541,0.0674214577558725,0.12482379991087832,0.06916775090508098,4.815777108876,0.034962050482750584,"MSCI World, resident currency",0.12076322683849416,-0.0011472379602659455,0.06276156805479927,0.06257325627565269,-0.0011472379602659455,0.056030978341922166,-0.007685969710540208,15,0.021420896464023675,0.1532407730763008,0.13969442610770977,-0.017486342515833142,0.05760713390353156,-0.059666263152686416
France,2005,0.2622932999095049,0.21908023457367132,0.09881388471687058,0.2208647610434844,5.560371280834111,0.2430685416345384,"MSCI World, resident currency",0.1252102908812227,0.0031959258105080934,0.04926005835362335,0.05056182475783144,0.0031959258105080934,0.06943660562675347,0.023029683288979676,15,0.017458693638048528,0.05345757157876019,0.06736630482640349,-0.0006986459582450921,0.23116412599367808,0.3317253179852535
France,2006,0.20541712459133676,0.07638908353306961,0.15364760100432445,0.0827243656783021,4.980690964312831,0.06517967799089264,"MSCI World, resident currency",0.0026592913134708684,0.011940241219165593,-0.02463097670784964,-0.024665752042519196,0.011940241219165593,-0.03642839836598666,1.641206691555356e-05,15,0.016751244960872436,0.1557481512964911,0.14002119132469204,0.024767261591463807,0.06453312739472006,0.08857709479953635
France,2007,0.015518275105417478,-0.034589295210677884,0.039904487317445336,-0.031909605179040734,4.455926907139458,-0.05052937261224555,"MSCI World, resident currency",-0.10985910363262863,0.023412146237888676,-0.005043157384621466,-0.005978617405403508,0.023412146237888676,-0.02680612277161587,0.001927947951174991,15,0.014879980595385423,0.20527615475125494,0.182257727004715,0.011644528236934182,0.0800467532239002,0.14411385807389654
France,2008,-0.42509670959036505,-0.35942640606277243,-0.3944912882522601,-0.3630005460746405,4.713350578429257,-0.3664941911962982,"MSCI World, resident currency",0.1879026920017417,0.007840179681911641,0.10759692901379769,0.10338481765724539,0.007840179681911641,0.10138532786888077,0.004611097000813606,15,0.02812861949147938,0.2825417230915155,0.31440917799631385,0.03138761247384991,0.4022171505539698,0.11026848656268973
France,2009,0.28919014620178607,0.22459052187924966,0.2335022001673292,0.22803980499143317,4.553359711231429,0.21608333832567905,"MSCI World, resident currency",-0.0648629381496083,0.005591146210397024,0.00583779086439562,0.004535189744319101,0.005591146210397024,0.025875423115663487,0.027585987610476356,15,0.0008762047815749074,-0.05652839657055486,-0.051153214527486335,-0.019834602641820354,-0.11546376510331369,0.16506531561457227
France,2010,0.026180189890110173,0.19219228174709158,0.09633630475488779,0.18326343904020237,4.90912288579554,0.18927987101511046,"MSCI World, resident currency",0.07740191378574046,-0.011374486449262755,0.01728915010454779,0.020842980452701054,-0.011374486449262755,0.08301238271356337,0.05171397113902408,15,0.015311227042091868,-0.0010459185350257805,0.0001254822716889592,-0.011732246102603261,0.07787249456449441,0.3697464926466185
France,2011,-0.15180056486499305,-0.007607769291486544,-0.045770448595165825,-0.014720163999203617,5.069611252801608,-0.043908491819244166,"MSCI World, resident currency",-0.018508203396976675,-0.013889113861367708,0.0505916877904955,0.05270163787893778,-0.013889113861367708,0.0712638848647753,0.004999860806253979,15,0.021115979517499994,0.06757265806502177,0.07019231075105226,-0.025979726392153846,0.10005480953261059,0.09819498612078892
France,2012,0.18061546517245675,0.101968490171781,0.1251200705639805,0.10564341523767262,4.971631044414128,0.12838007159301768,"MSCI World, resident currency",0.16633544933674127,-0.018683507605122607,0.11252155339701808,0.11314411050891104,-0.018683507605122607,0.11281507714027672,-0.018856933972306884,15,0.019541953161352987,-0.07131879210909031,-0.07071109788132846,-0.014131120381582707,-0.08357239517219306,0.040840459143864694
France,2013,0.211707301589934,0.22932370198128615,0.2997887989747413,0.2285104583237385,4.75641360307447,0.19827297201275274,"MSCI World, resident currency",-0.046949411000716146,-0.008136214565527933,-0.02211159920317085,-0.021254990612556535,-0.008136214565527933,-0.05013533235048939,-0.037357097030528884,15,0.008637154978613282,0.05195143233695654,0.049349804792045315,-0.01307117198017016,0.0075394228573844035,-0.31368390246989974
France,2014,0.021895237180680427,0.22511550901390542,0.1077816816168013,0.21616839177943392,5.402825137962275,0.18869172837441917,"MSCI World, resident currency",0.31714183640093885,-0.00448191427007838,0.17801620484048697,0.18145343916780443,-0.00448191427007838,0.197725486569712,0.011941611139539,15,0.00507758822938098,0.17184828441428568,0.19933729072077022,-0.006284064445272408,0.34437088258748894,0.1386944644784034
France,2015,0.1190262061979015,0.1384472902112137,0.03850116214984544,0.13761144346442555,6.025140075319188,0.09981146913451622,"MSCI World, resident currency",-0.00023195374951945347,-0.0023650065539176923,0.008760137516435673,0.009121400589915618,-0.0023650065539176923,0.03933218595601695,0.0278602980896897,15,0.00037514380512226886,0.07381280603719542,0.08204126233095743,-0.00531491867575451,0.19556542725944714,-0.028632362393064215
France,2016,0.08740640584620829,0.05777427546190905,0.03353660617033981,0.05916261588265126,6.222910539796983,0.09544990182822222,"MSCI World, resident currency",0.03338229510192936,-0.0050181485954886584,0.03855801217027155,0.03853360514540305,-0.0050181485954886584,0.03733432766043476,-0.006152991790606895,15,0.0018333486112471764,-0.0712549079496686,-0.07359451773323433,-0.014283553872012966,-0.03920689844424796,0.10174294981107601
France,2017,0.17299141602279566,0.0619199594530242,0.16164781143426438,0.06704782109409613,5.469498874343369,0.06730324621174155,"MSCI World, resident currency",0.025260813721206032,-0.013715247373614181,0.01275992330650877,0.01237081441507537,-0.013715247373614181,-0.012595758721333783,-0.03874295209680622,15,0.010322827506460408,0.02737768669002283,0.021745741840594413,-0.00991627081888169,-0.08349633895292441,-0.023616800991356657
France,2018,-0.09131802501783504,0.023000506505431284,-0.010827383953165265,0.015555075871136692,5.728882096069867,-0.05787307987064749,"MSCI World, resident currency",-0.008749488061015942,-0.02173487842338573,-0.008507459700294318,-0.008570790359834546,-0.02173487842338573,-0.0018936402523002105,-0.015007058279898218,14,0.018508150831551218,-0.09193914436013251,-0.09550211483839599,0.0017853235335945072,-0.02039590300112959,0.019086101162117952
France,2019,0.26962926053659086,0.1572710283938652,0.13225017109411563,0.16456975908828686,5.839033291792769,0.28224993116678143,"MSCI World, resident currency",0.06563561494219705,-0.014835138080731336,0.06157421589374379,0.06255084727777405,-0.014835138080731336,0.07571139850022046,-0.0015502562623595664,14,0.011082549228827565,-0.03229406705102733,-0.03229123985254201,-5.033643403207222e-06,0.008126034362323953,0.18318796809973859
France,2020,-0.013102554704891745,0.015139796783697701,0.06852123420098705,0.013302145555110778,5.345587156710943,0.05159011303712324,"MSCI World, resident currency",0.034371487207966345,-0.009681854601154671,0.027655427904065277,0.026937129711370744,-0.009681854601154671,0.021403383445560253,-0.015247367085166986,15,0.004764988527251601,-0.12768023215138746,-0.1196041331534623,-0.00489791713896115,-0.19137624724791757,0.13008014836115045
France,2021,0.29889574846178935,0.16297426214217148,0.1686325421698872,0.1718771462176356,5.15753433285506,0.1263357546456707,"MSCI World, resident currency",-0.068971999416649,-0.02562226050927463,-0.05717600125800115,-0.05742385817786888,-0.02562226050927463,-0.054423199716623905,-0.022614967852996118,15,0.020664159999999997,0.051305006051016955,0.04849130655130085,-0.0646718177027612,-0.0013759008058173983,-0.12021436042969835
France,2022,-0.016638317437753902,-0.08695734543765976,-0.14732241191692158,-0.08207878143053471,5.802495894852126,-0.11758074282764308,"MSCI World, resident currency",-0.20845567185550273,-0.052539546512835766,-0.18427507130078913,-0.1864055623070524,-0.052539546512835766,-0.1739074318167566,-0.03977730955646163,15,0.059057979999999996,0.10620678371281334,0.1362081597836191,-0.04319532740699539,0.2815685112112287,0.07854433432585584
France,2023,0.05424256401728833,0.12425413858673373,0.16542682039532025,0.12030638000965777,5.639591158216808,0.14649636192345228,"MSCI World, resident currency",-0.023125127005063195,-0.02113634467620551,-0.029170735911574153,-0.02906954383383642,-0.02113634467620551,-0.04558287895557822,-0.038038510453122336,15,0.05664155,-0.05599722596434209,-0.05609325271634158,0.017003513512843016,-0.0606071118578716,0.058077768020546205
France,2024,0.039251693401365584,0.1758815729097989,0.17599830149207357,0.16754859656732424,5.6339518901734085,0.15541332030957844,"MSCI World, resident currency",-0.026558417180566285,0.011477724010672041,-0.0037003263979032974,-0.0035996607611212816,0.011477724010672041,-0.007421579181510873,0.007798165575447539,15,0.02410199,0.018182414269500846,0.018982702953880493,0.02171369326854866,0.03264200876419476,0.22033925654204278
France,2025,0.03900950144798232,0.172522388000522,0.18514227213024761,0.16458402905462077,5.405802346402459,0.14049487971551722,"MSCI World, resident currency",-0.004974976156482347,0.008215851142177488,-0.0005755078150249116,-0.0005559600915673313,0.008215851142177488,-0.006223178852679867,0.0023916550650525,15,0.01595682,0.09708395603363362,0.09374482033278686,0.015139307087717269,0.06828114378294292,0.570840239883857
Germany,1927,-0.11770961394563206,0.22546565969824184,0.28612832230292934,0.20293589640906196,4.184100418410042,0.2005300246162438,"reconstructed, resident currency",-0.0023930363936913723,0.021868918938521276,0.04957124496218679,0.04872527220295564,0.021868918938521276,0.05681846230123799,0.030867109151431583,15,0.04964538966581511,0.2362490669105448,0.22802641515482702,0.06069651650102048,0.19657897641147337,-0.052767521316227306
Germany,1928,0.082375911790596,0.2942098047206978,0.33790765210020945,0.28305539691355297,4.201680672268907,0.2804892861197259,"reconstructed, resident currency",0.025374699174118387,0.046321056280962614,0.0784558664601418,0.07546630468427096,0.046321056280962614,0.04543134156293216,0.014822696848514404,15,0.027027026942645138,0.309739088505111,0.29928663012685375,0.05045226040342521,0.263519873631727,-0.03330771423832457
Germany,1929,-0.23225207872909726,-0.07978172447283993,-0.06689712705077097,-0.0861237155557315,4.184100418410042,-0.08795146812462007,"reconstructed, resident currency",0.033117892233254675,0.0686389598000543,0.08152217447510424,0.07927084956920738,0.0686389598000543,0.03344757499141493,0.02080041409921436,15,0.013157895175181844,0.21948600568727583,0.2108625838628686,0.03785806464463959,0.1640877119967965,-0.02268535072833866
Germany,1930,-0.24243703981538034,-0.1662489936729714,-0.1822952505805429,-0.1687608517654191,4.201680672268907,-0.17042333006188826,"reconstructed, resident currency",0.11169991892635589,0.09943513625852174,0.14231913459783896,0.1420681339133425,0.09943513625852174,0.11145072614944174,0.06779271169130043,15,-0.038961039297869315,0.17260673865564113,0.17695429978980126,0.10740235214556271,0.20528159625562203,0.08149500285703914
Germany,1931,-0.28375009580827015,-0.29488016923450366,-0.2914316586398248,-0.2945271280228061,4.23728813559322,-0.2959380737667605,"reconstructed, resident currency",-0.046943736015446436,0.18019117630774106,0.1157257934230258,0.11757004105499136,0.18019117630774106,0.011378487322782238,0.0696253642892709,15,-0.08108108105529377,0.3962629592010214,0.38928609828591254,0.15094084355712933,0.3601372467954944,0.1006438711750528
Germany,1932,0.27807972137521575,0.04416997057983285,0.09946196417144325,0.05140587889140069,4.201680672268907,0.04930306713361787,"reconstructed, resident currency",0.3982053993184591,0.1806148759422781,0.31626975128049906,0.2862934575481324,0.1806148759422781,0.12997099154713232,0.018127350444669125,15,-0.11029411752311291,0.1691973375213618,0.1686828776140452,0.16025907588768828,0.15425058681913306,0.11461214569433964
Germany,1933,0.17327864250669145,-0.030354798219485057,0.397766608264319,-0.02207523215304763,2.679528403001072,-0.024031081688741573,"reconstructed, resident currency",0.24037089510900111,0.07720762878048837,0.1245937485368962,0.11119744829469225,0.07720762878048837,-0.10717684731873822,-0.14802824404396692,15,-0.02479338830192568,-0.06672630860366924,0.0018578395898996014,0.030170519994877854,-0.44616526406388757,-0.38465287878997223
Germany,1934,0.11181642142004389,0.02660507848608895,0.014349427277828918,0.02958184853406487,2.488181139586962,0.027522684836996714,"reconstructed, resident currency",0.01954636385189179,0.01957851162937052,0.13816052648581678,0.15022395757035745,0.01957851162937052,0.22303620407769276,0.0944948119936181,15,0.02542372867915077,-0.01684988802642906,-0.0170489636622696,0.008767156750223437,-0.09202936034487941,0.5405941452248373
Germany,1935,0.14140847425976166,0.24389792179979297,0.27360087404544864,0.23978860729500417,2.486325211337643,0.23730903008041415,"reconstructed, resident currency",0.029360435005456154,0.01787560936120358,0.011854725013789258,0.010042595525861397,0.01787560936120358,-0.02090318141341241,-0.013829953678577216,15,0.016528924831336944,0.04121881961917495,0.04058032790154731,-0.0020322077192309607,0.025972676169686126,-0.028080890376499856
Germany,1936,0.2884269582374941,0.2642041491151723,0.2605372207114546,0.26504032698621227,2.4857071836937608,0.26251024633223974,"reconstructed, resident currency",0.06247782691775705,0.024768549102457627,0.056539108780588876,0.054665878744660557,0.024768549102457627,0.02776866645533027,-0.002898079636349233,14,0.008130082074432776,0.3058087545766963,0.3039585837077927,0.012372876775614161,0.29796798847593253,-0.008147463772960828
Germany,1937,0.009619247488503957,-0.24231137333271935,-0.24244614670841655,-0.23381818698200418,2.481389578163772,-0.23535055060804022,"reconstructed, resident currency",0.08684475031375016,0.023446399855724387,0.01950431761142357,0.01866807898054046,0.023446399855724387,-0.05953620976405838,-0.057302198527038446,14,0.008064516434209024,-0.044348194283686304,-0.04396801640488224,-0.011132956950033579,-0.05272334318112448,-0.008736915928335476
Germany,1938,-0.034996387764911985,0.018698738350989563,0.056405003978350896,0.016288472581948543,2.450980392156863,0.014255895636784643,"reconstructed, resident currency",0.05815160615203685,0.02192460300425747,0.04994084224957862,0.04408326794499162,0.02192460300425747,-0.0008732907433223192,-0.024091940301353674,14,0.007999999345629893,0.10444512463519806,0.10266793890760217,0.047570894586841384,0.08629975809722468,-0.016930538155769836
Germany,1939,0.1336694359779358,0.01469511954790459,0.018876058349112195,0.019124580201874464,2.4937655860349124,0.017086331041470615,"reconstructed, resident currency",0.04571683332324028,0.02500000037252903,-0.03511045867275153,-0.03418928633854301,0.02500000037252903,-0.0587497302986032,-7.974362797430468e-05,14,0.0,-0.10174505340974915,-0.10177954663124567,0.022205827566040615,-0.10148448105485364,0.00312341814232453
Germany,1940,0.29653391361131654,-0.09649304577889839,-0.10158981385393576,-0.08100245481673418,2.5012506253126565,-0.08284044990710071,"reconstructed, resident currency",0.044512388967683725,-0.009252308628449057,0.05991661684876348,0.053785747531687855,-0.009252308628449057,0.004711366098605785,-0.059491870698714665,14,0.03174603225766992,-0.018219323171411617,-0.01824222550351995,0.0059249679692383594,-0.02397934192838802,-0.034713735585644945
Germany,1941,0.05052257758418488,0.036161996742249514,-0.05760518761670608,0.03687132966511508,2.4893917963224896,0.034797587005784836,"reconstructed, resident currency",0.04489314408446554,-0.0012481203187258982,0.04928171119003344,0.050196396057395454,-0.0012481203187258982,0.06504691885661362,0.014133734886032876,14,0.023076923316147635,-0.026223506646088857,-0.023182265911004696,-0.07583315048804296,-0.07961587962758077,-0.07323607656234665
Germany,1942,0.10923911174127587,0.08276256896529066,0.036644631173984456,0.08419456204570985,2.4893917963224896,0.08202617292161851,"reconstructed, resident currency",0.03014667171978469,-0.008518979262061466,0.022173787726706973,0.020408080143218266,-0.008518979262061466,-0.029573995967408506,-0.06104967159757314,15,0.030075188375392248,0.0013861663228953436,0.0017280394104999264,-0.07087970183543024,0.010160712251499948,-0.017184220060135313
Germany,1943,0.03515437735646865,0.18294897627691697,0.11264425001176856,0.17437631035641532,2.4893917963224896,0.17202755773570244,"reconstructed, resident currency",0.0568297799861095,0.013899274908975023,0.010623990758674928,0.012958498894044768,0.013899274908975023,0.005224407472081749,0.005806561267175928,15,0.007299269741511072,0.23494614723692941,0.23986567727547703,-0.019568422192413393,0.2582602511343399,0.016594961846517764
Germany,1951,1.0226793929293057,0.12027441260438732,0.12309681937757555,0.130138927090226,4.199999999,0.12787864923604553,"reconstructed, resident currency",-0.03772433824448729,-0.015169670550810754,-0.034017628124690114,-0.030751170291408725,-0.015169670550810754,-0.05811117019018752,-0.042594855872215155,15,0.0765306130570873,-0.038538326233325315,-0.03871015211015694,-0.044855439335450886,-0.06502450867749121,-0.056575543312991416
Germany,1952,0.1924849548723251,0.1288561215618218,0.08358691134388531,0.13016208013856723,4.199999999,0.12790175597829,"reconstructed, resident currency",0.04074527775939085,0.0291512758663115,0.05451086251684134,0.0565635183641755,0.0291512758663115,0.09444353518415594,0.06864001148632161,15,0.021327015170155894,-0.01447186607708717,-0.01405870541836951,0.003226921042449371,-0.037870467595754076,-0.011101156834484316
Germany,1953,0.2755753251332773,0.10367528319340935,0.06211686947447523,0.10635402351078915,4.199999999,0.10414131546376759,"reconstructed, resident currency",0.03414422022860819,0.05538958626134005,0.08136420720929882,0.08182380199799466,0.05538958626134005,0.0958512110097054,0.07001750417949255,15,-0.018561475048005205,-0.021981567328338447,-0.020688133795402353,0.006703548557218442,-0.04223933141456593,0.01598571497235035
Germany,1954,0.888160323723789,0.46676564521600894,0.45539076729360023,0.474495759800746,4.199799999,0.4715467682811445,"reconstructed, resident currency",0.06876160816373234,0.02647333729296819,0.04780887492075281,0.048195733793385154,0.02647333729296819,0.05949546118997717,0.03837986017728435,15,0.002364077033739198,0.5156731091202831,0.5123390295389156,0.018564239040369523,0.5057942517779648,0.001471542204266374
Germany,1955,0.09237617874715709,0.2524380704488314,0.2571448752577346,0.24871711864364188,4.215199999,0.24621968440635467,"reconstructed, resident currency",0.08454164146033016,0.014550370035963711,-0.0037655578332912443,-0.00370645056447938,0.014550370035963711,0.008898342259491487,0.0278549183120963,15,0.016509412745893126,0.4176272297199366,0.4103160718648242,0.011922977581826144,0.3924976958407551,-0.02226258477011167
Germany,1956,-0.0725536403214061,0.01994802494003567,0.0277637636152964,0.017721669671372453,4.198599999,0.01568622633202965,"reconstructed, resident currency",-0.08016130772846686,0.020943416899289025,-0.013317247269379662,-0.01343210681150897,0.020943416899289025,-0.040722838619927315,-0.007190385149811495,15,0.025522062300496584,-0.0024267545912283195,-0.0014489848137723138,-0.012271588679896195,-0.04878821137258915,-0.04590320879645704
Germany,1957,0.05569782218967312,-0.08266360562749497,-0.09134426858334059,-0.07946509970604954,4.201699999,-0.0813061695066375,"reconstructed, resident currency",-0.022943876226930948,0.01810165181542689,-0.0039830384174533995,-0.003928841415954398,0.01810165181542689,-0.01456796240617364,0.007605558797629785,15,0.021116111472426757,-0.1407323452109388,-0.13857339838054172,-0.011143687996010843,-0.15432060970988926,-0.02029349728361096
Germany,1958,0.5781710240619073,0.28772822255370456,0.28588310251530774,0.29567144394506695,4.177499999,0.29308010105717686,"reconstructed, resident currency",0.10401632636877833,0.009732815385447458,0.061720458430351455,0.06253728309620654,0.009732815385447458,0.07029520791678823,0.018176683731986523,15,0.020864117840537322,0.07039543491453282,0.07017727259600637,0.006882515564111014,0.06791683777340873,-0.02029952669803059
Germany,1959,0.8020193050411388,0.21233142213127287,0.214352704174247,0.231281161566951,4.169999999,0.2288185992438172,"reconstructed, resident currency",0.08119820134634681,0.017116146891777095,0.03190043616710159,0.03259298096886587,0.017116146891777095,0.03965983329926348,0.024608636799802266,15,0.009766684780961654,0.20223518670211194,0.20044756062544922,0.010506777644549326,0.19175096922152512,-0.02079948299700174
Germany,1960,0.35895958363445013,0.01656560042103017,0.010698297390212547,0.03232438400567306,4.170999999,0.030259735237661678,"reconstructed, resident currency",0.0055958973770340315,0.03032264461455858,0.028458376363496463,0.028897106219348823,0.03032264461455858,0.03292794910644825,0.03489091594980051,15,0.014866561146005042,0.023499169408432552,0.02314552681836446,0.012803101551821738,0.006392701350611096,-0.019048284997268072
Germany,1961,-0.09035313253710531,0.1390298852971521,0.19119635530812443,0.12546810436283762,3.996499999,0.12321716815411188,"reconstructed, resident currency",0.07540316185789941,0.006406754803908843,-0.005607531529961296,-0.0060530756590518875,0.006406754803908843,-0.02676442755209263,-0.014961482333777306,15,0.022767379914976127,-0.007215153360239257,-0.00795425706120656,0.023604783271376606,-0.04390623771765512,-0.062340459201224885
Germany,1962,-0.23728492096012566,-0.10300297573085981,-0.09560562829302463,-0.1093561737857961,3.997999999,-0.11113746143822456,"reconstructed, resident currency",0.02582256957515483,-0.002136390338599914,0.06163742142022244,0.06288030572908676,-0.002136390338599914,0.07205221629523373,0.007451230530964044,15,0.02881795734506487,-0.16566516944106346,-0.16618738355639595,0.01825126995188109,-0.162419760283815,-0.03218525522172566
Germany,1963,0.08801011213864895,0.12933146007386664,0.14063670705126555,0.12771987140963126,3.975199999,0.1254644316668121,"reconstructed, resident currency",0.02419472740703177,0.00010124052216453627,0.0023178895225908214,0.002924281517340477,0.00010124052216453627,0.009188379792703927,0.006895969969884315,15,0.029855737754868716,0.04931456382497146,0.04895422174591979,0.01837742808505438,0.0445550297120485,-0.04259969841987543
Germany,1964,0.07000785626537365,0.059221378366631994,0.060934408875145896,0.05962718288465818,3.976999999,0.05750792851888886,"reconstructed, resident currency",0.04480323892766869,0.009211203035094373,-0.00944483871253321,-0.009222937844380996,0.009211203035094373,0.0020815603480084377,0.02133919648871007,15,0.023452769513275573,0.2437665719518305,0.24593297362483524,0.027000180476569158,0.25360372885684224,-0.024391327374817418
Germany,1965,-0.14648364270916037,0.07290549154031223,0.0720435290919925,0.06474060831224504,4.005599999,0.06261112709562044,"reconstructed, resident currency",-0.029586625674213662,0.00846235406874496,0.0013469619505315222,0.0016139484058890208,0.00846235406874496,0.012207925067086123,0.019692231286932285,15,0.032304275290237605,0.1172138185106204,0.11934543977903678,0.03155536016230376,0.13259862538595413,-0.023656969091602864
Germany,1966,-0.16653033066139022,-0.09728125656870201,-0.08895117843987095,-0.09938211243475892,3.977299999,-0.10118334820988939,"reconstructed, resident currency",-0.03402210256239302,0.016563654084961854,-0.0045457672796815896,-0.004816945163433228,0.016563654084961854,-0.015957139609467985,0.005020575426735981,15,0.03622630593032938,0.0677795639683203,0.0660762393482488,0.010884962315295343,0.047869844656594385,-0.05735713344825055
Germany,1967,0.3573491367337007,0.17033051689485146,0.17647155934528572,0.17580123613232312,3.998999999,0.1734496336600584,"reconstructed, resident currency",0.14057095313549373,0.01713800296762935,0.013806522947297895,0.013884353614644906,0.01713800296762935,-0.004856521691706583,-0.002247808872744465,15,0.016066646547020502,0.08197003367183253,0.08408973220201355,0.01912916025527034,0.1026388195877832,-0.01695368824458854
Germany,1968,0.14133235002571864,0.1887380192617203,0.16022464208323306,0.18718858337485766,3.999499999,0.18481420620810796,"reconstructed, resident currency",0.07178344409025339,0.009523401477297355,0.020510255639963004,0.02187089200458736,0.009523401477297355,0.04393281963271112,0.0329710759266709,15,0.016251826324959362,-0.040469517186845216,-0.04042419305091405,0.011003722479790534,-0.014169937939779942,0.16885331063365516
Germany,1969,0.1695511699977006,-0.14868270174877474,-0.10329802893363974,-0.13830990617457462,3.689899999,-0.14003328636222545,"reconstructed, resident currency",-0.009153465319024279,0.02880127956595535,-0.028300106190959906,-0.028841494317797256,0.02880127956595535,-0.09164606659470265,-0.03807400837425189,15,0.018729291495549694,0.20101680362717533,0.1868360243725824,0.01323387456286551,0.1294602444561126,-0.24727452805219852
Germany,1970,-0.2412650960236442,-0.03886440848821904,-0.049929276228360096,-0.0469589154033323,3.647999999,-0.08413566235018055,"MSCI World, resident currency",0.01969353209194069,0.05037318272717961,0.026935818806107514,0.02590190591199959,0.05037318272717961,0.00177697514004449,0.024724001713258933,15,0.034365707647773025,-0.009396855100194501,-0.009706099344608865,0.020938455464238448,-0.025569601604988,0.013933427950190591
Germany,1971,0.018977747445458437,0.02237242018683938,0.09870630061195206,0.02226300073356624,3.268499999,0.041843472947734606,"MSCI World, resident currency",0.03137974787213138,0.008803656565135931,0.05765021229504108,0.052770231047975624,0.008803656565135931,0.010161882812130374,-0.035857139222437225,15,0.05236533642603902,-0.11634986418185256,-0.10927617525238098,0.017643971771362565,-0.20900252393544028,-0.0010309246583966036
Germany,1972,0.10365842199057518,0.16001756449989668,0.19951735038150786,0.1582954952349085,3.201499999,0.1560506005883624,"MSCI World, resident currency",-0.013521602691838663,-0.011314653180169998,0.004873289019800442,0.0055400043076383465,-0.011314653180169998,0.003557376651670552,-0.01329369862540677,15,0.054956465344183414,0.09819280845469658,0.09531382396111399,0.01154035341542925,0.07735983335260266,0.3738166222837911
Germany,1973,-0.20673655069771812,-0.25692004687387526,-0.15244400736123617,-0.25552529107760713,2.702999999,-0.35848163501431307,"MSCI World, resident currency",-0.034619364501108585,0.0297950565495948,-0.044337837317206086,-0.04446761959555634,0.0297950565495948,-0.1563078304279064,-0.08967216745731692,15,0.06995075494626568,0.5230363239720361,0.418611214383551,-0.005739170208360234,0.23297173327075593,0.3258739800187449
Germany,1974,-0.04246422398343275,-0.38092696764775436,-0.3471466381517981,-0.37114573259425077,2.409499999,-0.3724342678340008,"MSCI World, resident currency",0.011871439260889627,0.01778524160187467,-0.06791591110473394,-0.06697826426185993,0.01778524160187467,-0.11292091051327524,-0.032963523977700776,15,0.0696362624018183,0.277371402790493,0.24031801882797033,-0.018682411153460032,0.13941430754042194,0.36576667860556933
Germany,1975,0.23802362177072056,0.3552829754662701,0.21337938217756408,0.35080343469824005,2.622299999,0.4184064061017645,"MSCI World, resident currency",0.07131069934407375,-0.014498360549040523,0.02169115426085888,0.025908393647912975,-0.014498360549040523,0.0684438030078196,0.031440946818865265,15,0.05939955491618387,-0.13582991796876553,-0.1413441143980434,-0.002214119066057396,-0.019008573593910172,-0.2160977007462983
Germany,1976,-0.06247991705486455,-0.022474417318420148,0.06613464594312911,-0.0239300384137342,2.362499999,0.00847366006952699,"MSCI World, resident currency",0.06566612159487839,-0.003946419897652209,-0.02358562601691583,-0.02713833699752577,-0.003946419897652209,-0.10259644743047724,-0.08660160404948464,15,0.04296597996139884,0.13073460535426062,0.11559564576883585,0.0049242743921680265,0.042349092290433266,-0.16911183099593896
Germany,1977,0.08447870324312223,-0.08833448671008926,-0.07021646441620913,-0.08307462710076152,2.104999999,-0.10065097735678419,"MSCI World, resident currency",0.09520364107538448,0.004319775392470415,0.021003404569934103,0.02412628767042535,0.004319775392470415,-0.022347806015566962,-0.04716338141248741,15,0.03691078010176341,0.25968288616259927,0.2292753426883809,-0.011551278487003214,0.13424713618020268,0.04755905634472812
Germany,1978,0.08990942600478768,-0.015322644676438402,0.02761993126120049,-0.011681798176975788,1.827999999,-0.006421973500338685,"MSCI World, resident currency",0.010297765385190782,0.006561704155344739,0.010193963473152268,0.008806343388446658,0.006561704155344739,0.013096106630303028,0.011417271022114464,15,0.026862033926962292,0.28291465076983235,0.24739124947695013,-0.010424790546951224,0.14802450702475678,0.13966900382893344
Germany,1979,-0.12954253219412548,0.025379204593582116,0.062318157011826275,0.01971277580397457,1.731499999,0.02340451589388981,"MSCI World, resident currency",-0.03463517589099696,0.0168660071773421,-0.06017495618103641,-0.05944552095527966,0.0168660071773421,-0.0705399466941462,0.005893580341569889,15,0.0411597915708215,0.4054761396428972,0.38699894889058983,-0.02032579690849734,0.3487022073258166,0.9844443732452002
Germany,1980,-0.019387753343958924,0.38219609491178264,0.12795314323506138,0.37000911858986973,1.959,0.37154970322292447,"MSCI World, resident currency",-0.0219874401046376,0.03453447554211819,-0.02353140918097718,-0.01772635816731072,0.03453447554211819,0.07442107699778555,0.13863425303829888,15,0.05420362809988233,0.2097234683904574,0.2529494685741047,0.000695567814542164,0.3964643983758718,0.21858734391501033
Germany,1981,-0.033175419328673184,0.05764276352121911,-0.057963930403492674,0.05539369678283124,2.254799999,0.050201374297388135,"MSCI World, resident currency",-0.011785429826099314,0.046442501886061915,-0.004186427999139264,-0.006002304250951607,0.046442501886061915,-0.007059923378049837,0.04513810224109525,15,0.06325001153455467,0.07945321252569171,0.11825889798638056,0.06875376114405274,0.3061284282345622,-0.2697485930330562
Germany,1982,0.09068003946423064,0.09481250803205765,0.07557899300993684,0.09470568665211054,2.376499999,0.13187338743515808,"MSCI World, resident currency",0.1263741874962867,0.03229059384695354,0.10980356562708882,0.10036577236466782,0.03229059384695354,0.043071768437672464,-0.03146044618709002,15,0.05266870024658199,0.15848711693733275,0.1884769520268672,0.08419578734237465,0.29181382129307054,0.17068858812235765
Germany,1983,0.34909729364161524,0.36489060610581237,0.20681747367657727,0.36446510275178245,2.723799999,0.3745705538664399,"MSCI World, resident currency",0.015788509083393132,0.020207953600125395,0.06039491179865797,0.06607078322418958,0.020207953600125395,0.11396880370821982,0.07278110689400828,15,0.03276003497611435,0.0806611281235936,0.10908286681788248,0.04999397713684739,0.2870337080337084,-0.07057366191423808
Germany,1984,0.08379494979430113,0.20438232936120748,0.08453939834840822,0.2008246577436681,3.148,0.16933393621876291,"MSCI World, resident currency",0.10529976246359252,0.03063336748661971,0.06328285378911169,0.07293394709972167,0.03063336748661971,0.131649509819457,0.09685499945444868,15,0.02407901118393796,0.03438470569375229,0.05625584612142642,0.06256920408590982,0.25362410917481815,-0.09273803433207328
Germany,1985,0.6309220512996778,0.09554012666858314,0.24550829484015846,0.1124517567927561,2.4613,0.08046621444598578,"MSCI World, resident currency",0.07904849845838147,0.029463700343521415,0.09862514448320514,0.09447424965600693,0.029463700343521415,0.06111203449349745,-0.00801722945181831,15,0.021823303523831994,0.2621787333524126,0.2010836690138511,0.041566294338919674,0.010673223903013396,-0.19495488247416404
Germany,1986,0.15179298896617355,0.10152069012060116,0.25906659834775725,0.10362383442345902,1.9408,0.12413892242572322,"MSCI World, resident currency",0.08756447869777695,0.04703891436672469,0.10821495768024958,0.09851939662908804,0.04703891436672469,0.053796235119314195,-0.002386559087632049,15,-0.0012501119582181142,0.22577589480833993,0.1780614632277442,0.05503815580608573,-0.0077731615733103165,-0.05937477483943754
Germany,1987,-0.33669318007517113,0.04529810418481839,0.09141981329034904,0.03105584556193608,1.5815,-0.058833261725990016,"MSCI World, resident currency",0.06556926042042432,0.03471609253357255,0.02259183043300972,0.024943780800205095,0.03471609253357255,0.03893421857296864,0.050373329214859416,15,0.002419899241152823,0.16538863201014298,0.13376417960914466,0.0219249880214456,-0.03217633731601144,-0.0003831023509532905
Germany,1988,0.2629062930626125,0.281757460173657,0.13824122685953177,0.28128545353648704,1.7803,0.3797489326445671,"MSCI World, resident currency",0.03630145373814786,0.02700979288226346,0.04855404609566083,0.05904786317238475,0.02700979288226346,0.15315448017703814,0.13101633360144443,15,0.012736203298781001,0.10643548149128912,0.12889840393074548,0.030389429819428715,0.27847499006239795,-0.06897195941649448
Germany,1989,0.2792789212212887,0.10785881780540008,0.21481018560784193,0.11248818702532981,1.6978,0.07662864961496263,"MSCI World, resident currency",-0.011363727718116667,0.03707755286452441,-0.017321664488636812,-0.0171919850153045,0.03707755286452441,-0.030682140460933094,0.022797544854716686,15,0.027782345039029765,0.04363282640319177,0.04127403795894269,0.04313487985098852,0.01660603634543989,-0.10437193855026217
Germany,1990,-0.0942129487005261,-0.17939051901904846,-0.13354770841088187,-0.17683233041682755,1.494,-0.3035914895638989,"MSCI World, resident currency",-0.012559999575334824,0.05089299665668334,0.019822714536940733,0.020864846348557675,0.05089299665668334,0.029617571729586567,0.06136438872188773,15,0.026964692401965307,0.07139020245883376,0.06000959638972159,0.019629465469601426,-0.06536032749727338,-0.18342175822423623
Germany,1991,0.08895859977767606,0.08362560078122838,0.050525008000811014,0.08378916260073743,1.516,0.1838607449854448,"MSCI World, resident currency",0.07270140440318107,0.050212113751857856,0.12177400176617947,0.12489873921320394,0.050212113751857856,0.1375061703501741,0.06446074870092738,15,0.0363620687590307,0.04070611939394375,0.04041228509958961,0.0295655869605842,0.035290105775686476,-0.10255530246320876
Germany,1992,-0.06800778001306751,0.01268768901827455,0.00914299620003415,0.010125808928449276,1.614,-0.03539309758969311,"MSCI World, resident currency",0.07948797277110553,0.04148273836795591,0.07563342483033852,0.06952652693376882,0.04148273836795591,0.02576528192511751,-0.006289951583436785,15,0.05057910005715471,0.008268553243456545,0.008271364224786248,0.008383806062487231,0.013894184740022242,-0.05297878033303571
Germany,1993,0.40445591080623444,0.20523302451691272,0.14288058898872744,0.2110515674817912,1.7263,0.25957994960190156,"MSCI World, resident currency",0.09768941882056725,0.029021528281252262,0.19984214620801266,0.19495473432670507,0.029021528281252262,0.18777229412748686,0.020343784481852034,15,0.044574844224746,0.2032399894215431,0.20824576654700633,0.004321478172269577,0.2327876841808001,0.19674845131636065
Germany,1994,-0.0953601344347641,-0.0858303279285344,-0.0178189717131323,-0.08615538254711885,1.5488,-0.09049137464895818,"MSCI World, resident currency",-0.05107777873941388,0.025439755093099814,-0.1150720290954994,-0.11497802234451293,0.025439755093099814,-0.11740502299814626,0.023140018868456624,15,0.02733485355169596,0.02533751546625762,0.021013008219099794,0.016542435122898214,-0.09379873620473245,-0.15328238450804887
Germany,1995,0.050589170081344115,0.10954572354225478,0.19005483629172149,0.10752188105102012,1.4335,0.09326601733417705,"MSCI World, resident currency",0.1458415457348996,0.026145260972956885,0.1775396698454923,0.17632794012037012,0.026145260972956885,0.16874000695399216,0.018545895955333513,15,0.01840357432440909,0.2007122921817679,0.18623722846850677,0.033488873052366586,0.12552947184982677,-0.08704126781847532
Germany,1996,0.20351312274614797,0.2834119598228162,0.19422551046212527,0.28101008878341616,1.5548,0.20439392287942293,"MSCI World, resident currency",0.0596952578417298,0.017590587263373036,0.11571839915517534,0.1248578135460563,0.017590587263373036,0.17284349351563866,0.0692935073731919,15,0.014877703427147226,0.17546046782135716,0.1958340143111763,0.020154971252071885,0.2929408630653427,0.008590495263542497
Germany,1997,0.38719265915514,0.37138608211606194,0.22832670047637196,0.3718980737570219,1.7921,0.3203531608414716,"MSCI World, resident currency",0.04967654231602592,0.01640434501253485,0.10722987550258001,0.11122058497046927,0.01640434501253485,0.1377598976351484,0.044422912229273144,15,0.015186530207989435,0.21089823777429695,0.25757218391434633,0.038183713171633826,0.4346477965660802,-0.10719248478259924
Germany,1998,0.1486318146685277,0.1371164745779434,0.18873243615982566,0.13755645769710356,1.673,0.151203453938473,"MSCI World, resident currency",0.10593485066921926,0.02812172474644936,0.14601589486652977,0.14244454866702805,0.02812172474644936,0.12175202570127364,0.006617314547523567,15,0.005853658536585371,0.2628688358635418,0.24860871719902522,0.0384762766424287,0.19991639467827427,-0.08552859383271727
Germany,1999,0.30787470210379486,0.41313121666582475,0.22233649463961588,0.4089320755684773,1.9468743778618356,0.43629555214177995,"MSCI World, resident currency",-0.02606386872213018,0.02039202253705663,-0.06307622691217185,-0.06546368241387857,0.02039202253705663,0.002119991059342574,0.09034800051341223,15,0.00678952473326877,0.022159918525002542,0.030972816232844647,0.025016298269186832,0.21209538816032314,0.15484681079785245
Germany,2000,-0.11158654989997896,-0.0014074032425868133,-0.04681075799326826,-0.006822303921970363,2.101912950026867,-0.07593580414095391,"MSCI World, resident currency",0.0537716969842017,0.026718249021963958,0.07485571608256425,0.07534877441200094,0.026718249021963958,0.07514621620542283,0.026792901564209097,15,0.014026974951830473,0.024342748587910634,0.030525278607680173,0.02935847551351123,0.130525403637322,0.002301103505428559
Germany,2001,-0.19444481761070354,-0.13454791897217522,-0.16246669833398228,-0.13741299889223502,2.2192556450697833,-0.1276424140169059,"MSCI World, resident currency",0.03654509716410015,0.024267590507957237,0.03366870784556131,0.033328263670909575,0.024267590507957237,0.024679375945167337,0.015575446862814682,15,0.019001292087861943,0.12083423110275904,0.13068434809877338,0.024736810195639336,0.19494987333834124,0.052425201444118885
Germany,2002,-0.40713960594113485,-0.3073958249860591,-0.22082642969611885,-0.3121903427511954,1.865004291026986,-0.3412925787630534,"MSCI World, resident currency",0.07614490620384884,0.019472938273423113,0.10195083623881462,0.09876417164068418,0.019472938273423113,0.07260632049194604,-0.0071866626696915825,15,0.013052882822406131,0.07834480773420194,0.06609345435993053,-0.00596150761007852,-0.11403207758313771,0.028339468703369786
Germany,2003,0.3608835096556511,0.03817414063104785,0.16755314520143483,0.04902654375735582,1.5485589865399843,0.0958031347817323,"MSCI World, resident currency",0.029614156915777734,0.012113962825355928,0.022160773903088682,0.022210924079644645,0.012113962825355928,0.0023302332743264653,-0.007672019638807282,15,0.010933588573111441,0.1959468116689278,0.16089066236077731,-0.006956332666097742,-0.014336628777429805,-0.016981545928770547
Germany,2004,0.06600572292142703,0.07355219541829383,0.1261276763009586,0.07328393786372622,1.4358931062330225,0.038946548978223916,"MSCI World, resident currency",0.048657903885293674,0.002928430793927461,0.06709800709836089,0.06688914157498083,0.002928430793927461,0.06009659006402712,-0.0038656617496046096,15,0.017503611181918677,0.15794639893380036,0.14431025454807056,-0.017486342515833142,0.061678813664035825,-0.05604607402791295
Germany,2005,0.25775537040806706,0.21737609441583006,0.10052241761305879,0.21867107094366567,1.657904552004747,0.24083495504887242,"MSCI World, resident currency",0.02111875308778588,0.001579346112063451,0.04756924954441377,0.04885562425619816,0.001579346112063451,0.06751500663478804,0.02119146978682774,15,0.019290187891440436,0.05175999877212134,0.06562845347486701,-0.0006986459582450921,0.22895192965496514,0.3293324299775391
Germany,2006,0.2191132495992214,0.07667270142251459,0.1539550619048473,0.08155731701978852,1.485064540622627,0.0640315404282028,"MSCI World, resident currency",-0.014894352853628057,0.010325638547078464,-0.026187228121847483,-0.026224145604852978,0.010325638547078464,-0.03746701445399181,-0.001061487211228962,15,0.017848364972730124,0.15390409571165242,0.13829724353137873,0.024767261591463807,0.0633856867370135,0.08740373759206421
Germany,2007,0.1772788552452076,-0.04780069443456425,0.03328621875263665,-0.03949401444395528,1.3285986006385428,-0.05796790713510458,"MSCI World, resident currency",0.002194021901757326,0.015346618714455307,-0.01288442820424418,-0.013812006315628733,0.015346618714455307,-0.034430514768991616,-0.005921558305545171,15,0.022893741304172766,0.19577735406257868,0.17294958890514778,0.011644528236934182,0.07158523284779217,0.1351504102474177
Germany,2008,-0.44112828933697046,-0.3591110563071338,-0.39417060988393093,-0.3625805325206476,1.4053531651936473,-0.3660764812208951,"MSCI World, resident currency",0.07201194761178287,0.010445406471482954,0.11046002303374869,0.1059861318553339,0.010445406471482954,0.10211154005481515,0.005273499887710901,15,0.02745115672564591,0.2858570424478002,0.3170878828216299,0.03138761247384991,0.40314171996332315,0.11100055597036995
Germany,2009,0.2509605048623287,0.22503263441591148,0.23585525323250822,0.22609752674187722,1.3576495904484234,0.2141599705259738,"MSCI World, resident currency",0.0466705868221402,0.003787299837169966,0.004033502055824645,0.002735124627875951,0.003787299837169966,0.024252889780039588,0.025960748831430416,15,0.002461706783369877,-0.0582208118593156,-0.052872391572697075,-0.019834602641820354,-0.11686275517106304,0.1632226383555515
Germany,2010,0.17147001884656543,0.1887133727222301,0.08960149180697495,0.18808961081079856,1.4637254901960783,0.19413058198230382,"MSCI World, resident currency",0.02856068285378144,-0.007272219518890566,0.021510355790522517,0.025076021539599536,-0.007272219518890566,0.08742966090893955,0.05600359263055762,15,0.011186903137789805,0.0030992064260282337,0.004274335681051733,-0.011732246102603261,0.08226880871900644,0.37533327208860534
Germany,2011,-0.16879401627875057,-0.012284094744526963,-0.04630336970985134,-0.018285688834870473,1.5115774016539145,-0.04736839010704985,"MSCI World, resident currency",0.05667724720878686,-0.01632761170919894,0.047993739014513315,0.05000790713131664,-0.01632761170919894,0.06738720146227917,0.0013629732616036543,15,0.024824608742579635,0.06493271800788603,0.06744422590170496,-0.025979726392153846,0.09607393770242711,0.09422084460855418
Germany,2012,0.26541360675937087,0.09733798824521522,0.12245719092718138,0.10351753731678892,1.482363195391845,0.12621047672408858,"MSCI World, resident currency",0.02436988082660907,-0.018556968525890838,0.1126650111439158,0.1130024774726821,-0.018556968525890838,0.11067540989321012,-0.020743428616557136,15,0.02150605581885201,-0.07119904025955237,-0.07049802099605629,-0.014131120381582707,-0.08533445804376816,0.03883918122662511
Germany,2013,0.24752368750090925,0.21849796122895948,0.2976800439995423,0.2196307412426075,1.4181930244362266,0.18961181255306214,"MSCI World, resident currency",-0.020509613148110617,-0.014851692323184396,-0.028732455717399574,-0.02787790652360811,-0.014851692323184396,-0.05700098779277096,-0.044315114010043316,15,0.015980699439128943,0.04482912728889077,0.042218113831203,-0.01307117198017016,0.00025689224281633116,-0.31864461951793266
Germany,2014,0.023074864370285164,0.22040379600100835,0.1071493640378147,0.21301291489288943,1.6109299069269414,0.18560754258282497,"MSCI World, resident currency",0.06282832827392792,-0.006674146350783339,0.17542209333929004,0.1787776621803987,-0.006674146350783339,0.19461786174173423,0.009316022128948834,15,0.007692151569888894,0.16926775530121763,0.1966121513081851,-0.006284064445272408,0.34088277084603735,0.13574000184988488
Germany,2015,0.1057812102468767,0.13127117461795956,0.039586382102856206,0.13035453250375295,1.7964820428033434,0.09279568711958674,"MSCI World, resident currency",-0.0016572431557086986,-0.007819429893725638,0.0032448890793979057,0.0035923912402329172,-0.007819429893725638,0.03270220594361928,0.02130349813299115,15,0.006797583081570968,0.06794189165436859,0.07605169247951471,-0.00531491867575451,0.18793882337538403,-0.03482879132026051
Germany,2016,0.052850822490738913,0.05731196290495233,0.03538399002258218,0.057139167001511115,1.8554501470448723,0.0933571288725299,"MSCI World, resident currency",0.03675606919756036,-0.0063640665171897925,0.03715314851438367,0.037104499987587136,-0.0063640665171897925,0.03535258004850306,-0.008051660216616319,15,0.0037509377344335793,-0.07251122700947654,-0.07480855311749468,-0.014283553872012966,-0.04104241991866309,0.09963815447023805
Germany,2017,0.14422222770181792,0.056634822214809866,0.16287259462685652,0.0599272942217548,1.6308096389560587,0.060181014859640225,"MSCI World, resident currency",-0.005629326716695804,-0.02005792126740291,0.006246990901210836,0.005854103419209,-0.02005792126740291,-0.01918481527053273,-0.04515752556344246,15,0.01711011459890388,0.02077074927658562,0.015163745625564218,-0.00991627081888169,-0.08961226817191048,-0.030132312919505244
Germany,2018,-0.18428413652853093,0.032624742138511964,-0.0009317140037856525,0.01471632618843599,1.7081484716157205,-0.05865118504100908,"MSCI World, resident currency",0.0058602982069040355,-0.022142575181177016,-0.008920669049313101,-0.008989858437355669,-0.022142575181177016,-0.0027179789931822684,-0.015820566613379296,14,0.01935003478107533,-0.09231758314789695,-0.09585910810114662,0.0017853235335945072,-0.02120496067318689,0.01824443519608332
Germany,2019,0.2113073768045961,0.1573432424997221,0.1349314515400109,0.16175414622310402,1.7409916325440622,0.2791497996595034,"MSCI World, resident currency",0.04440027656198797,-0.01686772542437165,0.05938398114323018,0.0603308496394348,-0.01686772542437165,0.07311062097770216,-0.003964236122103805,14,0.013532996289959742,-0.03429063321747161,-0.03428783685148307,-5.033643403207222e-06,0.005688659864210077,0.18032734147010743
Germany,2020,0.07191526378435054,0.009270450168225475,0.06244046553818992,0.014359736134923695,1.5938635808002606,0.052687665038025466,"MSCI World, resident currency",0.02825774140798898,-0.00793988586761396,0.029463072884195585,0.028718353840186728,-0.00793988586761396,0.022469429344367242,-0.014219573832596206,15,0.0037174016121384046,-0.1261458224586015,-0.11798218126236903,-0.00489791713896115,-0.1905322809469725,0.1312596209642467
Germany,2021,0.11589553718470058,0.15905762590503647,0.1824814428298628,0.15566578550487797,1.537792930668918,0.11383044901759098,"MSCI World, resident currency",-0.06444867843508084,-0.03644043029503463,-0.06764384107319554,-0.06788894612576057,-0.03644043029503463,-0.06492160290909399,-0.0334665265404444,15,0.03212346,0.03963274016158502,0.03685028016753544,-0.0646718177027612,-0.012463269307155356,-0.12998230774438102
Germany,2022,-0.10014536502938365,-0.09722032061333996,-0.1432553349264681,-0.096247626429384,1.7300974829186422,-0.13999332005661103,"MSCI World, resident currency",-0.21984702349940444,-0.07660410586211841,-0.204993678486052,-0.20707005712585747,-0.07660410586211841,-0.19488936680082847,-0.06416601711429037,15,0.08665801999999999,0.07811022443030313,0.10734959519275145,-0.04319532740699539,0.2490179373221495,0.05115037392498656
Germany,2023,0.05381538627897742,0.1136877176522475,0.16779087354290523,0.10902896846448407,1.6815250961534343,0.1425384964732188,"MSCI World, resident currency",-0.034310301597590076,-0.0245155186278746,-0.03252217402339219,-0.03242133127482949,-0.0245155186278746,-0.04887766005907479,-0.04135933576960667,15,0.06030186,-0.059256055288503195,-0.05935175054275299,0.017003513512843016,-0.06385002721255728,0.05442513589646092
Germany,2024,0.2548918940431517,0.15683485168365308,0.16015835130344483,0.1645911594189542,1.679843667398604,0.15496678514669804,"MSCI World, resident currency",-0.017495625056259012,0.01108681595872052,-0.004085368554860858,-0.003984741822552373,0.01108681595872052,-0.007805183177605701,0.007408679570651063,15,0.02449793,0.017788915040951148,0.018588894435978,0.02171369326854866,0.0322429213039106,0.2198676293077786
Germany,2025,0.10676530576921217,0.15432205822987988,0.18227095839664323,0.15058763920743856,1.6118176043802148,0.1357201472965377,"MSCI World, resident currency",-0.025701750628372988,0.003994910745690472,-0.004759642797155128,-0.004740176911108951,0.003994910745690472,-0.010383669609417057,-0.0018049020761311911,15,0.02022805,0.09249096537284007,0.08916580911176619,0.015139307087717269,0.06380873737365067,0.5642638475196216
Italy,1927,0.44736776742013107,0.04635339599079202,0.2596160010209692,0.04635339599079202,19.395,0.04426068919881043,"reconstructed, resident currency",0.04437871098382962,0.1782159306950355,0.21015674153043573,0.18796436903560565,0.1782159306950355,-0.0807443769234445,-0.1033177215047442,15,-0.08573634517667272,0.4253964651884168,0.3456838672299609,0.06069651650102048,0.040823936900432845,-0.17606588695022118
Italy,1928,0.33345347157108285,0.3886952043821661,0.3244522734558517,0.3886952043821661,19.022,0.38591781397340186,"reconstructed, resident currency",0.19933904043054307,0.13794683720914502,0.1728956757020732,0.16923650461692463,0.13794683720914502,0.13150647589464404,0.09837768174452413,15,-0.07324317279363102,0.42443224704957805,0.41156862656517057,0.05045226040342521,0.3675512322966057,0.0462844742166042
Italy,1929,-0.12478549987099186,-0.08022126942039054,-0.07321634626614759,-0.08070408292761,19.108,-0.08254267476175481,"reconstructed, resident currency",-0.0041165254427458775,0.050109305131217585,0.06276913143289398,0.06203311999931227,0.050109305131217585,0.03957631067721157,0.02685414732899875,15,0.01598947344137902,0.19834074015897052,0.19408344874299455,0.03785806464463959,0.17099119319367406,-0.016889504560435586
Italy,1930,-0.11538181111555867,-0.17979825798606774,-0.18504307974643108,-0.17909085219598908,19.093,-0.18073267049159714,"reconstructed, resident currency",0.1084922868105962,0.09470217470826814,0.13740156159706185,0.1364345114017056,0.09470217470826814,0.09763847187332209,0.054523005620601965,15,-0.03170010697989212,0.16755878045911476,0.17058505593404094,0.10740235214556271,0.19030328413603348,0.06805501525672031
Italy,1931,-0.19546510854273236,-0.2852747287502744,-0.29234690092332594,-0.28420042774167786,19.207,-0.2856320268861945,"reconstructed, resident currency",0.1910308187133838,0.17332784774526022,0.10923735929504508,0.11078780876130856,0.17332784774526022,0.02618302896318836,0.08528252275540825,15,-0.09658668658051761,0.38814307859100117,0.3865794881555342,0.15094084355712933,0.3800469134131361,0.11675507803412111
Italy,1932,0.010878179781682817,-0.016303273294607568,0.10640020590614903,-0.01590125981858903,19.511,-0.01786945729895184,"reconstructed, resident currency",0.09870584581547015,0.08730353271864133,0.21223675877852188,0.18685117397823037,0.08730353271864133,0.057634403181734184,-0.04704941922782731,15,-0.026214880356360215,0.07678839343572763,0.07691131635140724,0.16025907588768828,0.08035970803211545,0.04325877417126023
Italy,1933,0.43599801539154304,0.2109765781313624,0.3879722520907322,0.21410111683863975,14.904,0.21167291460496251,"reconstructed, resident currency",0.21000456918249322,0.10407029766669051,0.15263810014684553,0.15364972333107696,0.10407029766669051,0.10844680741265411,0.057729484343196094,15,-0.05911788104455096,-0.04345296604429161,0.0051613978106423986,0.030170519994877854,-0.31240991786670724,-0.23604181868777618
Italy,1934,0.24880092401539788,-0.06542510886568342,0.014077617861952899,-0.06050305611072759,11.68,-0.06238204999850616,"reconstructed, resident currency",0.501774401391716,0.09396358398828952,0.22119695002069073,0.20835249351865515,0.09396358398828952,0.11602470229341022,-0.0012697558385070585,15,-0.05161376788459704,0.05487748890893096,0.05427810978110048,0.008767156750223437,-0.17147369846142924,0.4057974052992952
Italy,1935,0.10297406108105212,0.2945244301717449,0.27144818104628077,0.29094574076068347,12.125,0.28836384927916203,"reconstructed, resident currency",-0.13460170308377772,0.03037172775028263,0.024276927019647898,0.023112193078056453,0.03037172775028263,0.01949708225213187,0.02686217107774898,15,0.014197084065763477,0.05400151479257054,0.05460061982889752,-0.0020322077192309607,0.06830716837111672,0.012023201011575502
Italy,1936,0.2620197001492328,0.34274196008301083,0.261491801998457,0.34149114500978994,13.714,0.3388081627197703,"reconstructed, resident currency",-0.08407732501716036,-0.023739312553311076,0.00652737396737102,0.011162146341050727,-0.023739312553311076,0.08988032694025949,0.05736028196567742,14,0.07553240056324184,0.24399773347210063,0.27524251040173375,0.012372876775614161,0.37640874041923733,0.0517936591586432
Italy,1937,0.024914544684904394,-0.02097982663738973,-0.2379637408879844,-0.020278814862325634,19.009,-0.022238257232600978,"reconstructed, resident currency",-0.05023523488744641,-0.040407364354286934,-0.04410349645390044,-0.03695290805561713,-0.040407364354286934,0.20257657320219447,0.20543321649436933,14,0.09463116018887274,-0.10397219127823654,-0.11828298599653009,-0.011132956950033579,0.2112882257230566,0.2675339286435232
Italy,1938,-0.08637288999862369,-0.03565774051552517,0.0554457708664275,-0.03678190622709365,19.01,-0.038708342414639496,"reconstructed, resident currency",-0.020252928905478473,-0.02255744862354203,0.004239307504469325,-0.0017907770259557587,-0.02255744862354203,-0.05304748573716378,-0.07505366210404636,14,0.07678962500529218,0.05637114255308795,0.05374652991619433,0.047570894586841384,0.029573404096646216,-0.06826622693233209
Italy,1939,0.35640836694969735,-0.03684251393400584,0.016210724375648584,-0.028821230860365255,19.246,-0.03076358839864457,"reconstructed, resident currency",-0.04000186740694922,0.008074652790226011,-0.05104323024305113,-0.04916395301101206,0.008074652790226011,-0.1030318607369114,-0.04712206663800601,14,0.044168700343945266,-0.1165775189541759,-0.11297975765535206,0.022205827566040615,-0.14375610921958748,-0.04406960105541946
Italy,1940,0.01134925431784306,-0.17079975679877213,-0.08910614788791402,-0.16498325697247096,19.839,-0.16665329045852606,"reconstructed, resident currency",-0.08127227773464107,-0.09802670896823473,-0.03505555708652397,-0.040796918342489885,-0.09802670896823473,-0.08710222676917556,-0.1454383757211653,14,0.16699686179130357,-0.10619024817047995,-0.10621800460168729,0.0059249679692383594,-0.11317109027966143,-0.12292454226333427
Italy,1941,0.11449183526879181,-0.09045680035107118,-0.05748490911887069,-0.08423525274736954,19.7227,-0.0860667822418748,"reconstructed, resident currency",-0.07965204355554889,-0.09028871010128414,-0.04426370715974515,-0.04556695576071623,-0.09028871010128414,-0.059350572675272106,-0.10431709621267572,14,0.15707039336714956,-0.11303749423256881,-0.10881792405577828,-0.07583315048804296,-0.18711675474679623,-0.1814821127479258
Italy,1942,0.03426854942347202,10.467688400832657,0.040834376837781704,10.049057033735307,225.53,10.026958919667837,"reconstructed, resident currency",-0.09518392804301501,-0.092243443463359,-0.06414249156458318,0.4346424969309004,-0.092243443463359,8.889638484576624,8.5688689959741,15,0.15581649157320454,-0.08317472640259027,0.2822003737254202,-0.07087970183543024,9.294576004740131,9.015903036555525
Italy,1943,0.2040195510263545,-0.17152392927185744,0.10459332687708493,-0.15809175573123713,269.179,-0.15977557221977468,"reconstructed, resident currency",-0.5548014050655397,-0.37371000987382896,-0.3757331671330508,-0.3719515258249466,-0.37371000987382896,-0.2793564477351562,-0.2789391027366239,15,0.6770186573813866,-0.23716839581643245,-0.20779295972738987,-0.019568422192413393,-0.09795551091780597,-0.2712049179526468
Italy,1944,-0.4339988838380836,-0.4548851457723355,0.1278271516749571,-0.4538690585327453,574.713,-0.4549613204156798,"reconstructed, resident currency",-0.7008150245376388,-0.7634982246369607,-0.753341329988694,-0.7428378677411199,-0.7634982246369607,-0.5218589470332468,-0.5374769627062782,14,3.443941266119463,-0.745763215139544,-0.7258516517322384,-0.011389603351630306,-0.48055776832725006,-0.5233885847316214
Italy,1945,-0.7288679930335644,-0.357984520562708,0.20717455004094848,-0.37310180232504686,588.582,-0.3743555987203968,"reconstructed, resident currency",-0.4041668184924576,-0.46835329429938133,-0.4428728770716881,-0.44600495778969396,-0.46835329429938133,-0.5019776528340217,-0.5257974349778188,13,0.9695410295142322,-0.36853166394209735,-0.3698867893911916,-0.013237632217602213,-0.3767076595545582,-0.4820205498687624
Italy,1946,1.2047048218679164,-0.15813367545840318,-0.06742378835955298,-0.14491192300379452,675.0,-0.1466220991577869,"reconstructed, resident currency",-0.0874617706353894,-0.11276895109304097,-0.111877468303473,-0.11217262266302241,-0.11276895109304097,-0.29280787260354035,-0.297413232894101,12,0.18018863448640698,0.34629127987773667,0.3515255012037102,-0.1458067950930625,0.364475959154712,-0.11248796011686912
Italy,1947,-0.5450403551528455,-0.48993283654135555,-0.10183208336498499,-0.49088882638300246,585.0,-0.4919070487302365,"reconstructed, resident currency",-0.4024657348461588,-0.352960514810148,-0.3878698099346255,-0.38541321843403265,-0.352960514810148,-0.49091462430347244,-0.4607112827416191,12,0.6206120698960382,-0.3092350187490409,-0.319181189751369,-0.07460156340503099,-0.3958127365678147,-0.44157818554504913
Italy,1948,0.2042461834444942,0.08556449636521068,-0.10428975487270109,0.08689489295849517,660.0,0.08472110317257808,"reconstructed, resident currency",0.036379085654367316,-0.005856310272534415,-0.027326217128119556,-0.02271722892534056,-0.005856310272534415,0.010275202211226686,0.026993929809563926,12,0.058800665266208973,-0.049472743952429954,-0.04787596828744378,-0.016410018909050028,0.07896416112440519,0.1127483084384171
Italy,1949,0.09341087053663233,0.031120907161199085,0.07739840928612181,0.03216967819595662,665.0,0.030105338839564677,"reconstructed, resident currency",0.1500792201490051,0.04134622990983705,0.05353447172014736,0.06597831860830405,0.04134622990983705,0.05089797065617918,0.027024021877808255,13,0.006965761511216195,0.2148519536271325,0.21121305913592692,0.031435476496074255,0.19220981196407005,0.0060136731761888385
Italy,1950,0.10559916478508069,0.30582326488249056,0.19067836651497938,0.30273084702876174,700.0,0.3001253853347041,"reconstructed, resident currency",0.0379383473051218,0.054393848962422275,0.04262672607740359,0.044944444916478865,0.054393848962422275,0.08260776657736035,0.09264897667017426,14,-0.006917575331222947,0.1789740496107859,0.17640584305825024,-0.044909057796571394,0.14402037448779614,0.008158158837096252
Italy,1951,-0.00540509819984436,0.050293951181022534,0.1353342274365932,0.04934264361735363,690.0,0.04724395833011896,"reconstructed, resident currency",-0.11516397329978645,-0.08378749992698431,-0.10132223034059007,-0.09830973965426304,-0.08378749992698431,-0.12544901252890217,-0.11104199592649194,15,0.1428571428571428,-0.10552794983595193,-0.10569882834766009,-0.044855439335450886,-0.13186810022740925,-0.12402317122010331
Italy,1952,0.3929004451566005,0.04122397762436125,0.08582200393536435,0.04122397762436125,634.0,0.03914152966911244,"reconstructed, resident currency",0.06606778405742775,0.024548479134848034,0.049794647063287734,0.047398240543715664,0.024548479134848034,0.008316303489845467,-0.015456611964979687,15,0.018595041322313932,-0.018879561796812272,-0.017207296720303078,0.003226921042449371,-0.11358524912020784,-0.08892254921286835
Italy,1953,0.0666509347558022,0.06209590734297876,0.06542224915568404,0.06217365070201741,629.0,0.06004930340061332,"reconstructed, resident currency",0.014625424694269862,0.027116201780736482,0.05239497500160062,0.05206315079241408,0.027116201780736482,0.05209025021732061,0.027288168684740457,15,0.014198782961460488,-0.04818221544539869,-0.04611966582921767,0.006703548557218442,-0.08048588043999194,-0.024585952596974603
Italy,1954,0.30846754709879587,0.4549095603692319,0.4633295440048715,0.4549095603692319,638.5,0.4519997412484935,"reconstructed, resident currency",0.023732647751317115,0.010133335084626438,0.031129241161070853,0.031649423071343774,0.010133335084626438,0.04542184364193114,0.024586727920431737,15,0.031249999999999778,0.4915457391727469,0.48960397520586985,0.018564239040369523,0.48579230445318133,-0.011831325043890062
Italy,1955,0.04319040433448906,0.22590104103914221,0.2582222994050791,0.22173093260274013,635.5,0.21928747073753474,"reconstructed, resident currency",0.009087404564899648,0.011061766458784872,-0.007191180790314333,-0.0074108788883558985,0.011061766458784872,-0.012905089401752612,0.005641813650926086,15,0.030303030303030276,0.4127526177038454,0.3981043209596218,0.011922977581826144,0.3624042492783319,-0.043392593634892784
Italy,1956,0.016142559903008502,0.0006925024978288175,0.02554788838334013,0.001018726932400238,624.969999998,-0.0009833105214646087,"reconstructed, resident currency",-0.00029118188789922783,0.011937144611562811,-0.022021288439147857,-0.022152401602144156,0.011937144611562811,-0.056466584650714746,-0.023484468927057113,15,0.02941176470588247,-0.011226866454810969,-0.010105446131073337,-0.012271588679896195,-0.0643995877552982,-0.06156193410988753
Italy,1957,0.021972634947635905,-0.07616569105504156,-0.09034550759430032,-0.07406832001351671,624.89,-0.07592018337348971,"reconstructed, resident currency",0.05138553280225944,0.02702817079466846,0.004749846256055568,0.00474401836999605,0.02702817079466846,-0.008790713105620851,0.013512803830996704,15,0.014285714285714235,-0.13319845209226477,-0.13063022763408516,-0.011143687996010843,-0.14936268214141357,-0.014549814825929208
Italy,1958,0.2566681855345425,0.29304425581372207,0.29489475953961863,0.2920755606750458,624.0,0.2894914095536958,"reconstructed, resident currency",0.0955320533416042,0.01014520692294596,0.062154082578813385,0.06267175524402169,0.01014520692294596,0.06732481241249788,0.015350933021752788,15,0.028169014084507005,0.07083260206648578,0.07031509229338817,0.006882515564111014,0.0649530429713634,-0.023018494194027572
Italy,1959,0.6040031909942627,0.22924407041982997,0.22358158597564765,0.23875624793913786,620.600000001,0.2362787354432596,"reconstructed, resident currency",0.0766841247677803,0.03629999980330467,0.05136313592589059,0.05139470245491928,0.03629999980330467,0.04597158994281947,0.030829017892955883,15,0.0,0.22491057442182938,0.22049028049741937,0.010506777644549326,0.19898606848815548,-0.014854773804039989
Italy,1960,0.21365028458672586,0.026860640004326752,0.020089584766513804,0.033265989033753884,620.600000001,0.031199457055686386,"reconstructed, resident currency",0.046601724634702135,0.02229594575190852,0.020446201028916366,0.021233559000725766,0.02229594575190852,0.03387010465909546,0.03583486196625749,15,0.013698630136986356,0.015525628632681476,0.015355800176011236,0.012803101551821738,0.007310653539378098,-0.01815353807327602
Italy,1961,0.026024982725319168,0.17635243513495258,0.18138638071957153,0.16973789569521136,620.600000001,0.16739841990382098,"reconstructed, resident currency",0.03174119050565527,0.009028947176902058,-0.003016642374917722,-0.002417913031798502,0.009028947176902058,0.011517364301887767,0.023784573162945674,15,0.027027027027026973,-0.004628452863193133,-0.004662098482842492,0.023604783271376606,-0.006298711403628365,-0.025458034856137846
Italy,1962,-0.17056812817537337,-0.11673138087410662,-0.09955794305073427,-0.11881696704675881,620.600000001,-0.12057933311266533,"reconstructed, resident currency",0.022318145142325774,-0.0045924062215829675,0.05902444070448909,0.05941094962385196,-0.0045924062215829675,0.06066442682787976,-0.0032503400992056177,15,0.03947368421052633,-0.16771869617130875,-0.16713971601223898,0.01825126995188109,-0.1713168898143762,-0.042465790432056116
Italy,1963,-0.1753642756272764,0.09832684544187709,0.15001348380972124,0.0887131154189782,622.380000002,0.08653568918814014,"reconstructed, resident currency",-0.07898941125501602,-0.037222352492458644,-0.03508842842206539,-0.034390078494875964,-0.037222352492458644,-0.02571848482605199,-0.027931602377043802,15,0.07594936708860756,0.010154338702091037,0.010023401168601564,0.01837742808505438,0.008424866365846828,-0.07571526275096518
Italy,1964,-0.2658497542142868,0.03649117497241172,0.07101885183751264,0.02774671664042838,624.799999997,0.025691223207147562,"reconstructed, resident currency",-0.0037926466514667245,-0.021272222407990093,-0.03936475469796741,-0.039146576572652636,-0.021272222407990093,-0.028067559903578676,-0.009389318505522352,15,0.05882352941176472,0.2061983548624131,0.20833209184522694,0.027000180476569158,0.21588718854248135,-0.05374397126465502
Italy,1965,0.20018412775181704,0.041865896948298564,0.06144159220334394,0.044683408829742755,624.700000002,0.042594042012083166,"reconstructed, resident currency",0.023750993958179034,-0.00779787252875086,-0.014798537619519547,-0.014641019285959178,-0.00779787252875086,-0.006859682679200341,0.0004836368799815416,15,0.04444444444444451,0.099200107068103,0.10087148455245298,0.03155536016230376,0.11126314105706858,-0.04204896689970927
Italy,1966,-0.022159184569243262,-0.09066993781822774,-0.09245514525910692,-0.08954875704315046,624.450000002,-0.09136965952906417,"reconstructed, resident currency",0.001607320895514519,0.0037649472810559192,-0.01707870293019209,-0.016699644948252934,0.0037649472810559192,-0.005212912451205809,0.015993846811304356,15,0.03191489361702127,0.054336040274042485,0.05476165701193958,0.010884962315295343,0.05931096383591061,-0.04706493023737823
Italy,1967,0.015517431497573675,0.15450308118670786,0.18546613664351988,0.15147432609833267,623.859999999,0.14917137744613607,"reconstructed, resident currency",0.01837292004376634,0.004725998826324851,0.0014351724279093592,0.001139926151549231,0.004725998826324851,-0.02544568687012605,-0.022890947393001942,15,0.030927835051546504,0.0687668926039342,0.06990102576120982,0.01912916025527034,0.07982561397121857,-0.037292567342882554
Italy,1968,0.03441192677208016,0.18440495134621737,0.16165091621947786,0.18199570595770131,623.5,0.17963171454578597,"reconstructed, resident currency",0.027777995548996293,0.015294116793894252,0.026343774857395807,0.027100197803250348,0.015294116793894252,0.03936655674911038,0.028452760767754257,15,0.020000000000000018,-0.03498457523719978,-0.03495613514240492,0.011003722479790534,-0.01848205375534273,0.16374063346866463
Italy,1969,0.1658833276193874,-0.06727734104041638,-0.09832055503713687,-0.06382144802692369,625.5,-0.06569380513086986,"reconstructed, resident currency",-0.01151493340372478,0.029807693038422123,-0.02734955151752827,-0.02748023149454437,0.029807693038422123,-0.013123771355896596,0.0450793021741558,15,0.019607843137255054,0.20219168503122975,0.20712711530794792,0.01323387456286551,0.2270959869944844,-0.18220547339365212
Italy,1970,-0.20453681967674053,-0.04963085798205835,-0.05488073664770389,-0.052426126636976766,623.0,-0.08938960562316367,"MSCI World, resident currency",-0.01907280716327353,0.024543116945739074,0.0016821088016234498,0.0015420589218673175,0.024543116945739074,-0.003969814185842302,0.018845574577116598,15,0.04807692307692313,-0.03375709659991466,-0.03370742740750721,0.020938455464238448,-0.031159514680733524,0.008116901971352286
Italy,1971,-0.17736481985320207,0.08995946780580799,0.10121930711218433,0.08508203514131862,594.0,0.10586574601017684,"MSCI World, resident currency",0.0580667508685071,0.002405071258545055,0.050941805694944,0.052538941398902805,0.002405071258545055,0.072237292005497,0.023390357264976038,15,0.05504587155963292,-0.12195463250165084,-0.11901985400766146,0.017643971771362565,-0.1603949761422716,0.06035667586234306
Italy,1972,0.08039644816197655,0.1639025243616108,0.19827385782097176,0.16270848899958157,582.5,0.16045504152163925,"MSCI World, resident currency",0.004699951053158458,-0.00040289202381749156,0.015963710615965576,0.01619823194852721,-0.00040289202381749156,0.007380833156400479,-0.00953444308703805,15,0.05217391304347818,0.1103131637002015,0.10632645795147089,0.01154035341542925,0.08146447007652391,0.3790507306895332
Italy,1973,0.08108009097736257,-0.11315840818674527,-0.1567220543635829,-0.11089659725227197,607.920000001,-0.23385421371864035,"MSCI World, resident currency",-0.05943446834363164,-0.03448320669469551,-0.10398883648917001,-0.10617162429822302,-0.03448320669469551,0.007595785119354659,0.08717672182741125,15,0.1074380165289257,0.42797068043427644,0.4440016920464911,-0.005739170208360234,0.47250047638229375,0.5834507917074536
Italy,1974,-0.39538360238075254,-0.323352102214152,-0.3370990300295432,-0.3248877689987111,649.429999999,-0.3262710877507967,"MSCI World, resident currency",-0.24410463711246844,-0.04047625605016936,-0.12127158255386006,-0.11967521123446712,-0.04047625605016936,-0.04766815744359598,0.038170823711373196,15,0.19402985074626855,0.20425030814056888,0.20934762138584406,-0.018682411153460032,0.22322861602222188,0.46623126726069253
Italy,1975,-0.16123861297566622,0.19204524763221764,0.2228872798423711,0.18416662092813563,683.549999997,0.2434300045969049,"MSCI World, resident currency",-0.04480915656064277,-0.05339037670808677,-0.018629051500752558,-0.02344313052118152,-0.05339037670808677,-0.06336077081265601,-0.09579890803707929,15,0.16874999999999996,-0.16993368345133486,-0.17134543608425123,-0.002214119066057396,-0.14002491204334444,-0.3128008761301223
Italy,1976,-0.2068488728084149,0.24633925542020663,0.06480487978159238,0.24075069272052674,875.0,0.2819412967982038,"MSCI World, resident currency",-0.14774549687751182,-0.0077276747297803094,-0.027292325780399862,-0.01664448674007779,-0.0077276747297803094,0.14075232649405645,0.16108448892703475,15,0.1657754010695187,0.12644206951506298,0.16045218752535106,0.0049242743921680265,0.32500272440938627,0.056199977294316916
Italy,1977,-0.36276589543558657,-0.0923910964102127,-0.06272226127559886,-0.09490142803403678,871.549999997,-0.11225107282224778,"MSCI World, resident currency",-0.09461134840967134,-0.028920703916810453,-0.01278926124813129,-0.00785405495921343,-0.028920703916810453,-0.03495788118850518,-0.059453377243160056,15,0.17431192660550465,0.21799052488515658,0.1941433387794318,-0.011551278487003214,0.11961724863949108,0.034047299781524876
Italy,1978,0.17391446741615857,-0.008877893497856837,0.028740047282550935,-0.007574711800133804,829.75,-0.002293029229719079,"MSCI World, resident currency",0.019425169516108287,-0.0010722422849011037,0.0025324693197610326,0.0021795438973672976,-0.0010722422849011037,0.01730616085200798,0.01562034862146994,15,0.12109375,0.2731847934834357,0.2414801403913931,-0.010424790546951224,0.1527952739744951,0.1444050483853332
Italy,1979,-0.040968949014836054,-0.05269419626621574,0.056269063127042815,-0.052577421710745864,804.0,-0.049147399063826036,"MSCI World, resident currency",-0.04921850958403118,-0.018515253003607346,-0.09287562093453117,-0.09268435244176365,-0.018515253003607346,-0.13643188453178612,-0.0654169370189187,15,0.14634146341463405,0.35657341635012285,0.32289422355984754,-0.02032579690849734,0.2530890589279726,0.8437617427017456
Italy,1980,0.515930160095817,0.2145719594762543,0.11869665928128362,0.21820213112325892,930.5,0.21957200775962393,"MSCI World, resident currency",-0.10917640974124276,-0.04420964550553719,-0.09785581569666524,-0.09450662313494251,-0.04420964550553719,-0.04463260283286152,0.012465285668247146,15,0.2127659574468086,0.1176447474960085,0.14636654452009568,0.000695567814542164,0.2417259732477126,0.08355899181536586
Italy,1981,-0.08072995995270449,0.07019458483755403,-0.0569046312215649,0.06737298953393722,1200.0,0.06212173136288146,"MSCI World, resident currency",-0.1262872711894043,0.01619782003950565,-0.032967813129583856,-0.03215495936887114,0.01619782003950565,0.00421048680008429,0.05700098841356937,15,0.17794486215538852,0.04825444248124122,0.09493921764985891,0.06875376114405274,0.32095369662498285,-0.261459842197581
Italy,1982,-0.2162267216762198,0.07898178161791836,0.08249875029546679,0.07252924797412308,1370.0,0.10894400917964986,"MSCI World, resident currency",-0.03839231000521948,0.02624685798092341,0.10330601575711196,0.0913492480651672,0.02624685798092341,0.02194132452791231,-0.05108102392248552,15,0.16382978723404262,0.15170454022811786,0.17733359324858622,0.08419578734237465,0.2656443856716162,0.14697289540049674
Italy,1983,0.15643783448415505,0.30146559304973275,0.2114823718446144,0.2992745584054697,1659.5,0.3088971977151924,"MSCI World, resident currency",0.027913498678846294,0.028524090822613868,0.069038629547993,0.06660769861892124,0.028524090822613868,0.06074631194049829,0.021526454663021388,15,0.1462522851919561,0.0894700441889622,0.10821003146135943,0.04999397713684739,0.22554263153086418,-0.11497920133581563
Italy,1984,0.08373582961319159,0.1202642714328992,0.08452766661796939,0.11979227363517597,1935.879999995,0.09042656530516524,"MSCI World, resident currency",0.14636362550927573,0.04079519195093528,0.07376659520190043,0.07247921425781056,0.04079519195093528,0.055285107102927,0.02283855162923641,15,0.10845295055821369,0.04458351755006351,0.05699807393154965,0.06256920408590982,0.16902878571336033,-0.15396062800130006
Italy,1985,0.8307916680657657,0.14357106055963675,0.2486062056362387,0.15428513369944352,1678.5,0.12109678571154125,"MSCI World, resident currency",0.05309037234001002,0.041233383207452956,0.11118553833933964,0.11122650670373435,0.041233383207452956,0.10101479828360227,0.029285951447389696,15,0.09208633093525198,0.27660900748854744,0.22124090425321064,0.041566294338919674,0.048679253060561534,-0.16468142960512389
Italy,1986,0.6382187694719397,0.057140128406584,0.24653453585523588,0.06907410573223505,1358.13,0.0889469543206276,"MSCI World, resident currency",0.11404643034281814,0.05299828487308078,0.11452252031510812,0.09969794552437672,0.05299828487308078,0.020806394846223597,-0.03361755704831569,15,0.05797101449275344,0.23275257219319267,0.17726670540796974,0.05503815580608573,-0.03883552811390045,-0.08882171619368662
Italy,1987,-0.31729977412257837,0.053354118787986904,0.08716334208090748,0.042627176862927385,1169.25,-0.048270737702758026,"MSCI World, resident currency",0.0669199558911795,0.05726144962482316,0.04487301281923961,0.04653219255957031,0.05726144962482316,0.050593967261452155,0.062161456729374294,15,0.04732254047322537,0.1907812039903649,0.15683077644639187,0.0219249880214456,-0.0213146480194909,0.010835395993781693
Italy,1988,0.21758547401670936,0.22482213673949314,0.13979377718038513,0.22467618919829624,1305.77,0.3187893924946108,"MSCI World, resident currency",0.03905127827094934,0.057780118178727635,0.07996986054348465,0.0824242602829044,0.057780118178727635,0.1022062495458913,0.08104620210347374,15,0.0511296076099883,0.1395854864094408,0.15034489794796335,0.030389429819428715,0.22198989654756152,-0.11010628456643534
Italy,1989,0.059155288087928026,0.09904159874076957,0.21977283798445058,0.098241573109203,1270.5,0.06284125584216382,"MSCI World, resident currency",0.044654526966956265,0.059855120694929376,0.004261121081020169,0.0027961607431941093,0.059855120694929376,-0.04309530355598101,0.009699516573742425,15,0.06221719457013575,0.06655436918249169,0.061058858918145775,0.04313487985098852,0.0035872970244015256,-0.11584142411670362
Italy,1990,-0.3239856804609299,-0.19518312488804668,-0.1287472194946581,-0.1975707308312663,1130.15,-0.32113639453904197,"MSCI World, resident currency",0.07652649658918387,0.055235210165381465,0.024036547897356764,0.022872886689133898,0.055235210165381465,0.0036779943320890407,0.03462500075480897,15,0.06496272630457933,0.07581710893266536,0.062108487889585895,0.019629465469601426,-0.08890708775985312,-0.20399414848373132
Italy,1991,-0.01231205895164611,0.06191087873489476,0.052888114182247876,0.06056262379032029,1151.06,0.15848958564154603,"MSCI World, resident currency",0.09376004868145849,0.05866948221499135,0.13080765881609424,0.12887981805124626,0.05866948221499135,0.11312842961937819,0.04164843451193976,15,0.06299999999999994,0.0490869359911823,0.04713470105745743,0.0295655869605842,0.013102943685841417,-0.12178831827185677
Italy,1992,-0.0660377326809144,0.21649796485679618,0.007832640469154745,0.21214161612645022,1470.86,0.1575193498468268,"MSCI World, resident currency",0.03819828475145948,0.08791356367678538,0.12358673774159956,0.13530262752060063,0.08791356367678538,0.23090883888819436,0.19244285553549922,15,0.05079962370649116,0.05321864155062661,0.05330031074943897,0.008383806062487231,0.2166636322021085,0.13641669341256057
Italy,1993,0.44912448839540664,0.3094466081578986,0.14610426937675297,0.3114821461090094,1703.97,0.3640349097063673,"MSCI World, resident currency",0.34196120978116795,0.058427608941443054,0.23412972325202364,0.24190784932289322,0.058427608941443054,0.2862723596735355,0.10495927025119647,15,0.04476275738585489,0.23762466574760177,0.25412488232179586,0.004321478172269577,0.33502080436430326,0.2959928952890045
Italy,1994,0.052328189475925324,-0.03936855118506333,-0.021637065634259704,-0.03791407533318902,1629.74,-0.04247896184778399,"MSCI World, resident currency",-0.1435644418688542,0.049387260743676276,-0.09440595146555153,-0.09675681815613235,0.049387260743676276,-0.07081336549110484,0.07715096452645225,15,0.04027420736932297,0.04928263347384543,0.0458254034651977,0.016542435122898214,-0.04596091702903071,-0.10858467131667093
Italy,1995,-0.05250858052394969,0.12934961043936122,0.18984622278349844,0.12591367972802092,1584.72,0.11142107940133483,"MSCI World, resident currency",0.15423087456098994,0.05325882168310114,0.20865348437179687,0.20537241414739893,0.05325882168310114,0.1881484098771522,0.03546013610011396,15,0.05244398682042828,0.23243839068620264,0.21545362816880553,0.033488873052366586,0.14422030930005292,-0.07188043579341563
Italy,1996,0.03803454293683406,0.11486689067888567,0.19713509399624696,0.11359663331505887,1530.5699,0.04699332928548361,"MSCI World, resident currency",0.2647078747299014,0.04331991144700087,0.14392884130038364,0.1297718321462673,0.04331991144700087,0.019566182359168627,-0.07045099780025019,15,0.03959012794413552,0.20518146152959282,0.19109738955643962,0.020154971252071885,0.12396819103308832,-0.1232208163280557
Italy,1997,0.5681859911258844,0.36023649564402205,0.22797815163379795,0.363594896856517,1759.1899,0.3123619506522304,"MSCI World, resident currency",0.17292068926490156,0.04403563518087927,0.13733028792525048,0.13697201696896832,0.04403563518087927,0.1308738017355502,0.03810172236461271,15,0.01848391052969678,0.24381690910471687,0.28181279458499175,0.038183713171633826,0.42596483777149174,-0.11259604855949767
Italy,1998,0.4229506393001503,0.1227558558001387,0.18233483178275123,0.12882600738188632,1653.1,0.1423682664721182,"MSCI World, resident currency",0.1534751161810468,0.025098588702068936,0.1426460974234709,0.13837025127219538,0.025098588702068936,0.11314287029618231,-0.0011082118574566276,15,0.020313082370480906,0.25915543869944124,0.2436504340212302,0.0384762766424287,0.19070734804566958,-0.0925469243271817
Italy,1999,0.2105611130935039,0.4031043443648896,0.22615129974689518,0.39813566191865357,1927.4039418674101,0.4252894566931631,"MSCI World, resident currency",-0.08250905055122781,0.013335575917948095,-0.06955545493919024,-0.07188599217707536,0.013335575917948095,-0.005559088818137381,0.08199284398036848,15,0.01650860554970146,0.015091246150114479,0.02380116429882495,0.025016298269186832,0.20280730151615867,0.14599741054090787
Italy,2000,0.06119809588838154,-0.020644215324583826,-0.05337996940169568,-0.018225819923981756,2080.891993551854,-0.08654576939286862,"MSCI World, resident currency",0.05031205876720657,0.018983921704740947,0.06675876647161716,0.06688454655446874,0.018983921704740947,0.06280155006016397,0.015003420860023679,15,0.025805114029025633,0.016626316051379986,0.02250234225833636,0.02935847551351123,0.11754488204288016,-0.009207166079956863
Italy,2001,-0.23943068003041323,-0.1374779016201586,-0.16130626855939323,-0.14098843922125803,2197.0611596505164,-0.1312583536151697,"MSCI World, resident currency",0.041008245483355354,0.016881068084149797,0.02621438911084195,0.026020987402292972,0.016881068084149797,0.020432059488546317,0.011365866373871958,15,0.023242653300456606,0.1127513167763321,0.12301739353965457,0.024736810195639336,0.1899967822729669,0.04806287798724895
Italy,2002,-0.20638073701716253,-0.3242066692705834,-0.23044865383994498,-0.32094397708015265,1846.352627062077,-0.3496758339769197,"MSCI World, resident currency",0.08823777399462385,0.006364771535869229,0.08778218618865385,0.08465074725981103,0.006364771535869229,0.05895544570476874,-0.019822025986140957,15,0.026112032867188217,0.06447967899003482,0.05239324001724821,-0.00596150761007852,-0.12530763781741006,0.015251970468655118
Italy,2003,0.14008893575882242,0.02842490073977455,0.17501041583309918,0.03148100804721099,1533.0720506730008,0.07747523531434886,"MSCI World, resident currency",0.01881314460825867,-0.006078784759064648,0.0037874348984534567,0.003877687658574658,-0.006078784759064648,-0.0144342814140076,-0.024269241243173378,15,0.028129611806223975,0.17444966878953472,0.14022896354659853,-0.006956332666097742,-0.03082238119321179,-0.03342306067620615
Italy,2004,0.23589810342624284,0.064054229690933,0.12138141449875804,0.06796942119079064,1421.5329270978636,0.03380205872541753,"MSCI World, resident currency",0.0805349682836698,-0.0017328889539529602,0.06213844581693051,0.06190435661457072,-0.0017328889539529602,0.0548473724021743,-0.008798161307599176,15,0.02256699576868826,0.15256460074101774,0.1389461264098366,-0.017486342515833142,0.05642176139904942,-0.06072019492088643
Italy,2005,0.1828669109325176,0.21615033639819536,0.10367927692259442,0.2153577760297205,1641.3240654403662,0.23746140147594175,"MSCI World, resident currency",0.04189072050626774,-0.00033751630831357904,0.04556436981622358,0.046790669848390865,-0.00033751630831357904,0.0646126713563242,0.018415077876261694,15,0.022068965517241468,0.04974709862124649,0.06351158635450149,-0.0006986459582450921,0.2256106833785143,0.32571827150262234
Italy,2006,0.19566300326296826,0.07387492982929689,0.15520082113759515,0.07685073770630013,1470.2126044039483,0.059401227491225894,"MSCI World, resident currency",-0.02879894663131488,0.0093222447117427,-0.027154359603810962,-0.027176998015485343,0.0093222447117427,-0.041655639288784685,-0.005408536845818435,15,0.02229706328448744,0.15275810850512106,0.13655098624128947,0.024767261591463807,0.058758184341442865,0.08267171659213868
Italy,2007,-0.06096564945780358,-0.0363929738122023,0.04112512769878983,-0.03700067521948647,1315.311459819305,-0.055522523552732905,"MSCI World, resident currency",-0.00168971803983764,0.01971274692616687,-0.00863969732436587,-0.009589747465960197,0.01971274692616687,-0.03192403140742983,-0.0033410696796041693,15,0.0202453271028038,0.20091935891517632,0.17765774322653272,0.011644528236934182,0.07436691826526931,0.1380971019766768
Italy,2008,-0.4863401174953499,-0.36437837902362424,-0.3940343463875474,-0.3671830034111113,1391.2984120140827,-0.37065370970357514,"MSCI World, resident currency",0.038518113865575465,0.002563669038085248,0.10179814553321131,0.09743474370100236,0.002563669038085248,0.09415377199165054,-0.001985051594069387,15,0.03492379741907414,0.2758270224976378,0.3070308808013755,0.03138761247384991,0.3930103712192001,0.10297860499613432
Italy,2009,0.21633747849201312,0.21984640446653203,0.2368829999428974,0.2197768333731014,1344.0719144800769,0.20790081682330697,"MSCI World, resident currency",0.08617343748201556,0.0018793040319904364,0.002125038270226698,0.0008002353737883716,0.0018793040319904364,0.018972731956391264,0.02067178677064275,15,0.007656307048891975,-0.06001094283693342,-0.054410564375132364,-0.019834602641820354,-0.12141544335888,0.1572260732729991
Italy,2010,-0.0893400002498358,0.18747971688767207,0.09607674244901744,0.18223385285583138,1449.0869630294867,0.18824504978752232,"MSCI World, resident currency",-0.023052113077606795,-0.004784620930513683,0.024070078374134996,0.027337610958677594,-0.004784620930513683,0.08207002740201164,0.05079884933362733,15,0.016195443315948355,0.0056127939562353735,0.006671437071778641,-0.011732246102603261,0.07693461159414139,0.3685546430395157
Italy,2011,-0.23562690884218063,-0.019253579123031717,-0.04809276913652067,-0.0226084022101527,1496.460313780045,-0.05156304567534209,"MSCI World, resident currency",-0.09153326201517986,-0.001456025901600766,0.06383776290000687,0.06434516950927005,-0.001456025901600766,0.06268725069259973,-0.003046257681452539,15,0.02935710426796323,0.08103283272462747,0.08185664924048486,-0.025979726392153846,0.09124767265065103,0.0894027391508796
Italy,2012,0.09440051208134093,0.09103568526607364,0.12817453807529736,0.09108164776176397,1467.5382749734729,0.11351885322863708,"MSCI World, resident currency",0.20549343787249152,-0.013743361050415737,0.11812221288011582,0.11621759943752163,-0.013743361050415737,0.09815885599910645,-0.031778981886845664,15,0.03314893929692331,-0.06664362226823006,-0.06520549698804978,-0.014131120381582707,-0.09564211449226678,0.027132172605285776
Italy,2013,0.21332852823526105,0.2240329167956585,0.29684748658681254,0.22388874377500434,1404.0098615038794,0.19376501232011578,"MSCI World, resident currency",0.07511838722545994,-0.0038456616447039016,-0.01788150027639046,-0.016955059600545885,-0.0038456616447039016,-0.05370876823299242,-0.04097860523971448,15,0.012446024892049934,0.05650190928435439,0.05341167777393885,-0.01307117198017016,0.0037490118132676997,-0.31626585614517677
Italy,2014,0.03224890878478481,0.22182798434233164,0.1048954568622632,0.2194921973820989,1594.8192076435216,0.19194043986315612,"MSCI World, resident currency",0.19313381574780553,0.0018983775315652984,0.1855661300921576,0.18833144242497557,0.0018983775315652984,0.20099888744875516,0.014707262030822451,15,0.002338183642749625,0.17935867936239647,0.20623644050512158,-0.006284064445272408,0.3480450674304827,0.14180653273008614
Italy,2015,0.17466269948329982,0.13635065970849025,0.04040035441720547,0.13679765045483427,1778.5156608799487,0.0990247164250635,"MSCI World, resident currency",0.0448648074154292,-0.0006039510592755759,0.010540831452213517,0.010870665984759942,-0.0006039510592755759,0.03858869724338709,0.027125015818904325,15,0.0010912767938489054,0.07570833291296863,0.08375088231281569,-0.00531491867575451,0.1947101767318593,-0.029327232506905943
Italy,2016,-0.04582287470964852,0.06312853049878342,0.03719839597182829,0.06163529030752768,1836.8940328242102,0.09800729095371197,"MSCI World, resident currency",0.016834723447956,-0.0012005603249883867,0.04254279528958027,0.04245290795325274,-0.0012005603249883867,0.03975604272438149,-0.0038328003085923434,15,-0.0005000400032003638,-0.06769145966697754,-0.06993467424197086,-0.014283553872012966,-0.036963873157866756,0.10431503040940338
Italy,2017,0.16446193079346538,0.06282001818150595,0.16214559982096766,0.06395715809179059,1614.5001250729601,0.06421184338039998,"MSCI World, resident currency",0.018034445082835138,-0.016439736538062744,0.009962299770416738,0.009570789033309879,-0.016439736538062744,-0.015455737155768534,-0.0415271961905843,15,0.013257689459886812,0.024539683397637457,0.01891705378626707,-0.00991627081888169,-0.08615095658174954,-0.026444857400444777
Italy,2018,-0.1349462232394092,0.02931068237442469,-0.010261729816190411,0.02165945000129521,1691.065502183406,-0.052210073170956495,"MSCI World, resident currency",-0.005428240326449174,-0.01108490221897096,0.002286518054967601,0.0021523662975713176,-0.01108490221897096,0.00410585183468859,-0.00908638930321368,14,0.01242260558721009,-0.08205345356790728,-0.08541734631407716,0.0017853235335945072,-0.014507625693877202,0.025211699842230706
Italy,2019,0.2736253064150149,0.16505864186648145,0.13478050045021195,0.17005808949195544,1723.5802029553136,0.28829285923305203,"MSCI World, resident currency",0.23641380152807479,-0.006896195783862358,0.07012890229151658,0.07085154598285004,-0.006896195783862358,0.08078096133910373,0.0031551914296534178,14,0.006339917093391767,-0.02449581737832507,-0.024493203317336842,-5.033643403207222e-06,0.01287708402847021,0.1887640415362155
Italy,2020,-0.040404901496055357,0.022468849574981187,0.06814077879893121,0.019612873206079184,1577.9235596120932,0.05813929368668447,"MSCI World, resident currency",0.12724116366484073,-0.0005469546226644084,0.03713473472063922,0.036304427806288064,-0.0005469546226644084,0.027764564661821867,-0.00911444247116134,15,-0.001453840562151698,-0.11963377368187456,-0.11117597665047929,-0.00489791713896115,-0.1863402327698006,0.13711815580182996
Italy,2021,0.25511967297243454,0.16524434720339043,0.17359301920554843,0.1691939314695836,1522.4136647184598,0.12771841005147855,"MSCI World, resident currency",-0.05088074194538306,-0.02382524621331994,-0.055437180536179076,-0.05566442758225931,-0.02382524621331994,-0.05326243848789991,-0.021415159809364585,15,0.01941276,0.0532438948912628,0.05039211344872774,-0.0646718177027612,-0.000150020331522005,-0.11913436242245523
Italy,2022,-0.049314599786698055,-0.11026998379526687,-0.14301180532790275,-0.10732885305039275,1712.795004295301,-0.14054864341491946,"MSCI World, resident currency",-0.21119847500884537,-0.07226881912124516,-0.2012611728658189,-0.2026909505314971,-0.07226881912124516,-0.19540924269373128,-0.06477030366498261,15,0.08736015,0.0831718854045882,0.11140731205742371,-0.04319532740699539,0.24821142168486765,0.05047162529506477
Italy,2023,0.14156850484475259,0.11089210283993767,0.15954551068237685,0.1124326898443575,1664.708383616679,0.14390647805364543,"MSCI World, resident currency",0.0002850543331924804,-0.021883417400837435,-0.02991167675612416,-0.02984747680947386,-0.021883417400837435,-0.04773886443355524,-0.040211538321237854,15,0.05903386,-0.0567176927225298,-0.0568429152387413,0.017003513512843016,-0.06272915826744674,0.0556876177894543
Italy,2024,0.23090076564676054,0.17671217839350883,0.16453827356812592,0.17928276094030582,1663.0437706108885,0.16908798149342608,"MSCI World, resident currency",0.03809065592495364,0.020609931472671317,0.005294844823050315,0.005449804919715584,0.020609931472671317,0.004325882410375792,0.01972575738497815,15,0.01212321,0.027375155563297504,0.02834308257523599,0.02171369326854866,0.04486363486616374,0.23478233554176353
Italy,2025,0.2812721812565553,0.15178535429758777,0.1712108179484898,0.15785440247254368,1595.6980273506786,0.13533506540623552,"MSCI World, resident currency",0.016904228405981492,0.0007258071778011299,-0.008000240700408168,-0.007932308609081451,0.0007258071778011299,-0.010719212945588197,-0.0021433541640982915,15,0.02057409,0.08893371017705953,0.0859791334888187,0.015139307087717269,0.06344803805834598,0.5637334618601191
Japan,1927,-0.050801907409948055,0.28928947625467916,0.2665715937107286,0.28183599594294906,2.11,0.27927232395106305,"reconstructed, resident currency",0.12403738385370167,0.0612226409601746,0.0899918255774268,0.09114215710406182,0.0612226409601746,0.12613477592503775,0.09848128357340741,15,-0.015324438729036105,0.2838588935987494,0.28203553653096747,0.06069651650102048,0.27506212802483043,0.009361090086076107
Japan,1928,0.14975230300464926,0.39373575563842467,0.3272528244799546,0.38988625647944475,2.15,0.38710648396648595,"reconstructed, resident currency",0.11016552698285875,0.08588434282001889,0.11923422813829165,0.11967239990020895,0.08588434282001889,0.13247694310512048,0.09931973514639207,15,-0.03798226043423858,0.3592626860078798,0.3614023925268228,0.05045226040342521,0.3687241496928946,0.04718184846649942
Japan,1929,-0.08728362718734872,-0.038922535591523366,-0.0735954365627715,-0.03955712573413328,2.17,-0.041478011482665056,"reconstructed, resident currency",0.06337401402396692,0.06307345660893127,0.07588957512233696,0.07721304668799545,0.06307345660893127,0.08610692302999023,0.07281532572588183,15,-0.022908535550653197,0.21313488663631786,0.21473337349053967,0.03785806464463959,0.2234038316112601,0.027113742621531545
Japan,1930,-0.19198222117015662,-0.17553366527120273,-0.18418260515591672,-0.17573500432708244,2.02,-0.17738353431842824,"reconstructed, resident currency",0.17249431631337186,0.15618591979160423,0.2012835098440895,0.19572135735667207,0.15618591979160423,0.102125579535016,0.05883385876505954,15,-0.10159777700590489,0.23313450332336272,0.22808302095230037,0.10740235214556271,0.19516920230749757,0.07242118678302445
Japan,1931,0.2713486455180134,-0.26893517793862776,-0.2978354231070836,-0.26262527943752556,2.05,-0.2641000288786505,"reconstructed, resident currency",0.13859877448674163,0.1747871716039422,0.11061697075357424,0.11176355504280933,0.1747871716039422,0.057113546240858515,0.11799437714570699,15,-0.11527804626586757,0.3898695784075228,0.3960059622216321,0.15094084355712933,0.4216433574144056,0.15041555697515352
Japan,1932,0.12235428185410724,0.6310327354812575,0.10460908671808604,0.6201870911871505,3.56,0.6169467170047762,"reconstructed, resident currency",0.16951153314500855,0.02466170043118132,0.1423972618477709,0.21592962947217864,0.02466170043118132,0.7412537352853323,0.5689058083965796,15,0.011143481427531077,0.014752360330941627,0.04104596303207053,0.16025907588768828,0.7786679134145447,0.7175861828340695
Japan,1933,0.2980160605501663,0.5961443672915001,0.3906402150331092,0.5897034481570322,3.9,0.5865240412607182,"reconstructed, resident currency",0.06504802705273915,0.0015710677498250725,0.045629952307370214,0.08053781152318762,0.0015710677498250725,0.45136322453176914,0.38495565579914975,15,0.03054094936252949,-0.13225649111595406,-0.1381424778166701,0.030170519994877854,-0.09969251380637167,0.00030132435931728985
Japan,1934,0.04523219324140504,-0.03287256026852203,0.01716706950910147,-0.031238208311642146,3.37,-0.03317573189501888,"reconstructed, resident currency",0.028894501785557525,0.01660656891542378,0.1348429321608977,0.13784555281798738,0.01660656891542378,0.15078829920031578,0.029840178874781662,15,0.014118962745509389,-0.019715646551808796,-0.020049162499802375,0.008767156750223437,-0.1456655292387703,0.4495872732387505
Japan,1935,0.06693020688441509,0.2757644181247396,0.2730606553066285,0.270941946230955,3.48,0.268400062338493,"reconstructed, resident currency",0.03424936803000134,0.006066628210251501,0.0001155957279537212,-0.0008269779136212962,0.006066628210251501,0.003699508804147378,0.010950472210772196,15,0.02474326280239869,0.029139019983720704,0.030086079494434648,-0.0020322077192309607,0.05175326032062055,-0.003658561229202273
Japan,1936,0.05737850964735447,0.2396561215571742,0.265623214876548,0.23604703553933049,3.45,0.23357494146825175,"reconstructed, resident currency",0.0057742532603235475,0.004283943347477948,0.035419425582813524,0.033409150346147776,0.004283943347477948,0.004213372722123188,-0.025750526283818076,14,0.02313693839117592,0.27970629704876715,0.276995904707684,0.012372876775614161,0.2682200323232147,-0.03087960048173244
Japan,1937,0.09195786353269497,-0.284493691624783,-0.23954572863792067,-0.2781374505854408,3.47,-0.27958117568427,"reconstructed, resident currency",-0.028756694197727417,-0.0470770567462927,-0.05074749871112505,-0.051268752904114034,-0.0470770567462927,-0.11393669528951533,-0.1118319089064717,14,0.07803050223507757,-0.11020007344079163,-0.11032182620931419,-0.011132956950033579,-0.10751791432027502,-0.06607585190526621
Japan,1938,-0.10921023835574739,-0.03824336799648009,0.05655297730372093,-0.04006322756617153,3.52,-0.0419831011110392,"reconstructed, resident currency",-0.03870766015804883,-0.06268487701787662,-0.036988221260176535,-0.04101595679636627,-0.06268487701787662,-0.05627339637176676,-0.07820460598234462,14,0.09598146228428539,0.013003419999013888,0.014282793069542388,0.047570894586841384,0.026066035201844473,-0.07144029304640487
Japan,1939,-0.03853675034739645,-0.01982798208115033,0.024545267775876716,-0.020241829682889123,3.85,-0.022201346023523305,"reconstructed, resident currency",-0.066886842539438,-0.08136211342582422,-0.13523503541440063,-0.13648592275970317,-0.08136211342582422,-0.09510803686978786,-0.03870433519323892,14,0.11817726589884825,-0.19495509713115644,-0.20273384641081793,0.022205827566040615,-0.1361920436961247,-0.035624904104768707
Japan,1940,-0.05764634069011476,-0.09926576271659904,-0.08665260149673888,-0.09818351771837808,4.27,-0.09998715068294128,"reconstructed, resident currency",-0.11424893299091776,-0.11681576788061931,-0.05515637178397481,-0.052549582564208164,-0.11681576788061931,-0.014072154346483234,-0.07707508342188937,14,0.16261133502512815,-0.12480925191545589,-0.12448089566909981,0.0059249679692383594,-0.04222647698062365,-0.0527601864319186
Japan,1941,-0.1905238714918842,0.058370493729810624,-0.04812846973831788,0.051141474935403775,4.27,0.04903919198553286,"reconstructed, resident currency",0.023969251353362475,0.012627974876805004,0.0638598393594132,0.06477713002798069,0.012627974876805004,0.07970483620559277,0.028090949543514408,14,0.013995292103573531,-0.012694405378954055,-0.009604057305871105,-0.07583315048804296,-0.06694891244812995,-0.060481306090498954
Japan,1942,0.2150133158152392,0.08898786654255053,0.03639122212715089,0.09193682673430059,4.29,0.08975295308083209,"reconstructed, resident currency",0.009963342743895431,-0.0007416068797582165,0.03019192021769812,0.028374426926440766,-0.0007416068797582165,-0.02264415583822066,-0.05434460017735306,15,0.027562046260340978,0.009241236617820059,0.00955811628296055,-0.07087970183543024,0.017374299079964795,-0.010165904183268681
Japan,1943,0.16000663603101573,0.114394989719931,0.1068096713488304,0.11554380204947035,4.29,0.11331271444537139,"reconstructed, resident currency",-0.0214283185619093,-0.03170723659842101,-0.03483519419667869,-0.03272635064822149,-0.03170723659842101,-0.045134129890611274,-0.04458114014428386,15,0.060423084822345485,0.17939665916768122,0.18273670126201402,-0.019568422192413393,0.19522542488286931,-0.034333204032000464
Japan,1944,-0.20748345789165423,-0.15852788450908972,0.1087084053002687,-0.15979953891998555,4.29,-0.1614799398421456,"reconstructed, resident currency",-0.23306663652769055,-0.24134502258118362,-0.20876353913059287,-0.21894026061340754,-0.24134502258118362,-0.26439924446573915,-0.28842693265051994,14,0.35292066935233923,-0.18445431548551128,-0.1856859787108046,-0.011389603351630306,-0.20085904420040201,-0.2667525304670907
Japan,1945,-0.9034720866582836,-0.8177299995382619,0.19459606079701575,-0.8197269934907577,6.9,-0.8200875395037762,"reconstructed, resident currency",-0.903536555020095,-0.9045777949447451,-0.9000044616173237,-0.8968003289322891,-0.9045777949447451,-0.8567869772709867,-0.863636675926021,13,9.756406218684686,-0.8866613854593332,-0.8757392476090565,-0.013237632217602213,-0.8207639062243052,-0.8510480439543732
Japan,1950,-0.22497891126348624,-0.05618785789438474,0.19234433297742798,-0.05739315072681728,425.0,-0.059278364425363606,"reconstructed, resident currency",0.13278499669449562,0.11152514568089167,0.09912043278173521,0.09522040919351671,0.11152514568089167,-0.216665899806061,-0.20940045934300247,14,-0.06866704380751698,0.24285560233225834,0.21235735849847637,-0.044909057796571394,-0.17223005568666006,-0.2705348247200079
Japan,1951,0.20497366420707208,0.054364231257044926,0.132339429899623,0.05558979506263295,435.0,0.05347861547250776,"reconstructed, resident currency",-0.10568791990326387,-0.11840325804382501,-0.13527550242215736,-0.13178750543097117,-0.11840325804382501,-0.12024246488826063,-0.10574967762253334,15,0.17967767984064276,-0.1393223240976934,-0.1392404368048733,-0.044855439335450886,-0.12669976795258475,-0.11880813498267495
Japan,1952,0.7241663221510193,0.042413776650013224,0.07972623362233287,0.048862486160289986,415.0,0.04676476118796935,"reconstructed, resident currency",0.0048624582930894,-0.00942468623544035,0.014984340010135044,0.014899132470044263,-0.00942468623544035,0.015713398501714382,-0.008233917102865244,15,0.04989492939566431,-0.051412689876210615,-0.05042970171399319,0.003226921042449371,-0.10708243436903697,-0.0822388067767712
Japan,1953,0.4732292784257417,0.05901464445479565,0.056248540012671704,0.06814833001325415,435.0,0.0660120333532277,"reconstructed, resident currency",-0.009884991114453068,-0.023962456259129072,5.919940212772978e-05,0.002894059996093157,-0.023962456259129072,0.058008210851509645,0.03306661871884023,15,0.0655327817820508,-0.09551627078328295,-0.09680618318889433,0.006703548557218442,-0.07531365461524653,-0.019099292176565363
Japan,1954,-0.1346000387826657,0.36754668728035855,0.48039527985276,0.3536124293694396,424.0,0.3509052045107006,"reconstructed, resident currency",-0.0010517266194025598,-0.022849699845390314,-0.002539355446255276,-0.003967057178106748,-0.022849699845390314,-0.02736497165576024,-0.04674945600873608,15,0.06431937741960092,0.4428435495645493,0.42242549612387714,0.018564239040369523,0.38234498250110005,-0.08063192574343925
Japan,1955,0.22582414834430886,0.2102572722791034,0.2537661841817023,0.21050890893966256,401.0,0.20808789112178316,"reconstructed, resident currency",0.07601555629234613,0.05253590383003015,0.03353421375754162,0.032552437386212496,0.05253590383003015,-0.021971899571516018,-0.0035953562759488984,15,-0.01191019202146315,0.4707042662400718,0.435554728594606,0.011922977581826144,0.3498900922605441,-0.05217936547149915
Japan,1956,0.4580787382083855,0.037532452332250665,0.01670727738847547,0.04576671662226439,402.0,0.04367518318901986,"reconstructed, resident currency",0.05867358568607428,0.03537758869794505,0.0006325447836792453,0.0005465857166222499,0.03537758869794505,-0.014288329233378083,0.020168167872608934,15,0.004464468285235279,0.011677008034231218,0.01239940798317507,-0.012271588679896195,-0.022575957013387327,-0.019611453297491588
Japan,1957,0.14085236085380082,-0.10050415902631571,-0.09469005359978562,-0.09359270493084648,400.0,-0.09540551952098475,"reconstructed, resident currency",0.0311208666495002,0.08401720940091728,0.060502677002269634,0.05889248431045879,0.08401720940091728,-0.029691555002768544,-0.00785833458920234,15,0.031110938384517173,-0.08510027106627782,-0.07204021196123,-0.011143687996010843,-0.1672993947281981,-0.03532921912547027
Japan,1958,0.1301389168630942,0.31160525010560125,0.29903500092622887,0.30606312963165183,391.0,0.3034510033723885,"reconstructed, resident currency",0.06780257693089942,0.10163168382944265,0.15835088109948425,0.15143510399910798,0.10163168382944265,0.07887930648938979,0.026342775622177787,15,-0.004310321618913315,0.16781539369710763,0.15977635624970743,0.006882515564111014,0.07648186108191313,-0.012442025914842447
Japan,1959,0.5242994121736835,0.2609711986457328,0.22338697003743255,0.2695913793932416,402.0,0.26705219663445523,"reconstructed, resident currency",0.05407366372775502,0.07423242346838266,0.08984692624274415,0.08925868983186525,0.07423242346838266,0.07200792398900657,0.056488422902064545,15,0.008658162123880597,0.26974684468104204,0.2627704726726203,0.010506777644549326,0.22883124028444546,0.009667469859047317
Japan,1960,0.3124764829074125,-0.0627712198341347,0.013960518995599004,-0.046723033894791044,380.0,-0.04862958782700144,"reconstructed, resident currency",0.024718611659380274,0.043685965593865284,0.041797517717944155,0.038619682604773775,0.043685965593865284,-0.04616568514179398,-0.04435302711880422,15,0.038626593249922125,0.036773989674054874,0.03455281570833524,0.012803101551821738,-0.07066906883344148,-0.09416198119333885
Japan,1961,0.14317969481417947,0.11766935581922522,0.1764212834456394,0.11910515717823333,373.0,0.11686694686387677,"reconstructed, resident currency",0.010041671491366033,0.02770131662963271,0.015432819995695013,0.01421467046824354,0.02770131662963271,-0.03226671279825688,-0.02053049671847147,15,0.05371890161332793,0.01379118249303235,0.012520042424513989,0.023604783271376606,-0.04931161001505702,-0.06764161177242156
Japan,1962,-0.08136602258309722,-0.0826395718688192,-0.10342063184101634,-0.08257536956142864,398.5,-0.08441021882230582,"reconstructed, resident currency",-0.00221874937415123,0.02035156451165676,0.08556258931800942,0.08762111530380956,0.02035156451165676,0.10428779653266651,0.037744321187788574,15,0.06666666666666665,-0.14686251563352304,-0.14841174140329738,0.01825126995188109,-0.13723452712794837,-0.0030839956132303614
Japan,1963,0.027700089692113572,0.03735572296624734,0.14646680222622302,0.0367148739430454,381.0,0.03464144419515924,"reconstructed, resident currency",-0.011980969347289872,-0.0016378197378359438,0.000574974766634595,-0.002132977053400764,-0.0016378197378359438,-0.07225133611080614,-0.07435875251867638,15,0.07720597240365779,0.04748992729393908,0.04088588820606032,0.01837742808505438,-0.039738712238096996,-0.11986020808075348
Japan,1964,-0.12188612730594739,0.05151950647018633,0.0718886897124113,0.04202219039619859,380.0,0.03993814601540624,"reconstructed, resident currency",0.030242024253695154,0.06043065899687727,0.04082778639180362,0.039369884311242886,0.06043065899687727,-0.014567350351625041,0.004370333125461786,15,0.03754261253506841,0.3068901747886186,0.2905682649650556,0.027000180476569158,0.23277594660804302,-0.04060040886184091
Japan,1965,-0.05707838234043672,0.04521265494160498,0.07028624245785443,0.04009225129042049,386.0,0.03801206678783964,"reconstructed, resident currency",0.007272153734759312,0.0036457304264208013,-0.0034356771154099297,-0.003881945053033742,0.0036457304264208013,-0.011224319483933543,-0.003913272225309683,15,0.06578941761385271,0.11187777550409828,0.11111595269461527,0.03155536016230376,0.10637938000073999,-0.0462589544143448
Japan,1966,0.19584624443413512,-0.12821984213296223,-0.10682830339697998,-0.11159916029619055,384.0,-0.11337596197559818,"reconstructed, resident currency",0.017627257514923667,0.005635191081825974,-0.015247295619676637,-0.015593004948484146,0.005635191081825974,-0.029305862624055212,-0.008612714163931301,15,0.05246913668392894,0.0563005095938689,0.05436315689494364,0.010884962315295343,0.03365529682063073,-0.07014425790569756
Japan,1967,0.01743075293679852,0.1591181193271658,0.19235809127139888,0.15053603192271758,386.0,0.14823495985887214,"reconstructed, resident currency",0.024655045556126964,0.024830163654854687,0.021473489138232882,0.02027811807309421,0.024830163654854687,-0.026239815419156542,-0.023687157705487533,15,0.03812323161222686,0.09015249006760562,0.08900317202426167,0.01912916025527034,0.0789457037020056,-0.03807704230373066
Japan,1968,0.080435068967873,0.10760221126076375,0.1635129142477077,0.10632499564658837,373.0,0.10411234565529526,"reconstructed, resident currency",0.011529308480515699,0.023847753704254737,0.03499050278591076,0.03137870253244279,0.023847753704254737,-0.02717311444123094,-0.03738821524972215,15,0.05367228315662076,-0.026854525609428692,-0.02694838730165061,0.011003722479790534,-0.08131828894729698,0.08923860278562779
Japan,1969,0.2724654744043433,-0.11013531842204438,-0.11513171544686998,-0.08967533207194534,376.0,-0.09149598140780146,"reconstructed, resident currency",0.011978448907715267,0.022190882529918188,-0.034543607463297876,-0.03477902400126287,0.022190882529918188,-0.04037774286419349,0.01621797113926177,15,0.05361925838860637,0.1932998634594132,0.19328166029839267,0.01323387456286551,0.19320800986340925,-0.20479001650134532
Japan,1970,0.016020928267565182,-0.07068156003979598,-0.06398023625279306,-0.06374658397221133,380.0,-0.10026846837818915,"MSCI World, resident currency",-0.009129067580178285,0.00604436423099286,-0.016403874426438314,-0.016261640531484045,0.00604436423099286,-0.01586916846320041,0.006673649851861637,15,0.07633593537726502,-0.05120320329541572,-0.051041261714418695,0.020938455464238448,-0.04273403956688249,-0.003926849654251496
Japan,1971,0.0628219505605998,-0.07205024508619462,0.09875281511752215,-0.062229245420466706,314.799999998,-0.044267141548833044,"MSCI World, resident currency",0.0065111889853504135,0.003250769479653748,0.05182845286089366,0.03963974010700433,0.003250769479653748,-0.07333017979478884,-0.1155456302096045,15,0.060693627709408116,-0.12121385272445584,-0.1095201688190921,0.017643971771362565,-0.2743801747033021,-0.08359787753985781
Japan,1972,0.5404446778191423,0.10576928107778638,0.16360435196299702,0.14381545943466723,301.999999999,0.14159862857234806,"MSCI World, resident currency",0.03943160097637488,0.0008666626491788954,0.017254051960608363,0.016419238337961994,0.0008666626491788954,-0.008988253372182453,-0.025628670683059896,15,0.046321491325760356,0.11172333511248089,0.10511329213311305,0.01154035341542925,0.06389158710553922,0.35664232267244556
Japan,1973,0.17440907546821371,-0.2806831310004896,-0.2091433702344235,-0.21519867654292424,279.999999999,-0.3237319470643434,"MSCI World, resident currency",-0.10450373753354902,-0.03855779126290593,-0.10777009983445818,-0.10885918267750416,-0.03855779126290593,-0.11060681667888095,-0.04036164130622795,15,0.11458337337022728,0.4219444907929384,0.37795700195115,-0.005739170208360234,0.29975919458255795,0.39769375881442115
Japan,1974,-0.2969491414364719,-0.3566037335365231,-0.3446316173921168,-0.34873444466786596,300.949999999,-0.3500689010943806,"MSCI World, resident currency",-0.15161319330701628,-0.09630893556287379,-0.17240295102632341,-0.17076577544571048,-0.09630893556287379,-0.08130693265163669,0.0014999980539764626,15,0.24532713751096846,0.1341775017807052,0.14649045821798778,-0.018682411153460032,0.18002107994744554,0.4144402614386209
Japan,1975,-0.060199943472697415,0.23950145091551467,0.26560003213824,0.19233003845647656,305.149999999,0.2520019725238809,"MSCI World, resident currency",-0.034199029436767114,-0.01027174032005762,0.026072984110251607,0.017458879883959444,-0.01027174032005762,-0.05690375964028649,-0.08956551916019144,15,0.11819884512297785,-0.1321236646214552,-0.13203054723172347,-0.002214119066057396,-0.13409640875428908,-0.30806345719421013
Japan,1976,0.047947642036603844,-0.018477188426034297,0.06373086562786084,-0.008898781783357679,292.799999998,0.024003926327127,"MSCI World, resident currency",-0.011643586733917521,-0.022112085470664677,-0.041393118839376686,-0.04314549137621859,-0.022112085470664677,-0.08877663570534,-0.07253547535416671,15,0.09395973196977736,0.1101126758687132,0.10125533656860841,0.0049242743921680265,0.05840103254192397,-0.15631634113254167
Japan,1977,0.020825747120712945,-0.2275051471333268,-0.08088919919327725,-0.18995301861227254,239.999999999,-0.20548063938656336,"MSCI World, resident currency",0.12656064612607576,-0.021261394627457464,-0.005002716511393834,-0.010598372793246713,-0.021261394627457464,-0.13630461977497677,-0.15822764921205604,15,0.07975458911984368,0.22759732649160092,0.17291813927098065,-0.011551278487003214,0.0020373478217778906,-0.07454622099254149
Japan,1978,0.09552315484683205,-0.11956939618116547,0.018220203536235317,-0.08741850059206902,194.599999999,-0.08256174627835278,"MSCI World, resident currency",0.033947032683561806,0.005024970687552477,0.00865168457835419,0.000714074313611146,0.005024970687552477,-0.06453937372836849,-0.06608955697274667,15,0.0383523107534125,0.28095600494412687,0.22278006548377127,-0.010424790546951224,0.06004920687002224,0.05233400176635472
Japan,1979,0.06357350643050852,0.39262197828407674,0.05347746034018737,0.3332010347389931,239.699999999,0.3380277191001668,"MSCI World, resident currency",-0.0919615693356366,0.022214087803084537,-0.05523206294538996,-0.05020640003394394,0.022214087803084537,0.21520209829570147,0.31513343165810354,15,0.035567709155187144,0.4128680670544864,0.5269269447357141,-0.02032579690849734,0.7633310291163795,1.5945181374299704
Japan,1980,-0.015501821481682998,0.0039103019100164005,0.15335686225034467,0.00047583595830191783,202.999999999,0.001600877885180818,"MSCI World, resident currency",-0.013217792077925727,0.026575287202321052,-0.031043867785270907,-0.04049583582810368,0.026575287202321052,-0.21538308716733912,-0.1684901649911748,15,0.08058124141352563,0.20041646398255986,0.15860704577054374,0.000695567814542164,0.019795319164847225,-0.11010286351491771
Japan,1981,0.12067515488640312,-0.014128686193198736,-0.09019021045742845,0.006865653210411882,219.899999999,0.001912078836297848,"MSCI World, resident currency",0.08609236182223934,0.024255402882042976,-0.025300071865579254,-0.028663312971242583,0.024255402882042976,-0.052716287870272605,-0.0029183789747367164,15,0.04889971511903801,0.056566207025296356,0.08900855902823124,0.06875376114405274,0.246071354301151,-0.3033262732903267
Japan,1982,-0.02016684406237823,0.17576194087516273,0.09897879665021479,0.13792409800189498,234.999999999,0.17655916028763108,"MSCI World, resident currency",0.0735338803743446,0.041435216291039856,0.11963484245480838,0.1155861971781944,0.041435216291039856,0.08425169954185119,0.006776991834482608,15,0.02680654870597854,0.1687496605988521,0.20790280429042474,0.08419578734237465,0.3428139593180439,0.21690676491716698
Japan,1983,0.20126632885696427,0.19126116306539598,0.21286313049040728,0.19316987674748431,232.199999999,0.2020066874776647,"MSCI World, resident currency",0.09212288377634703,0.04494516755052946,0.0861065480513632,0.0700846435844984,0.04494516755052946,-0.02587906606001833,-0.06189605105451509,15,0.018161174381973844,0.10686416392619069,0.10942508676043361,0.04999397713684739,0.12545923504193612,-0.18725403308362054
Japan,1984,0.2469278412129634,0.09558069416476966,0.04443252755973064,0.12554057950850983,251.1,0.09602412618977008,"MSCI World, resident currency",0.10535916028240955,0.03785912452751461,0.07073751595085209,0.07051198386559654,0.03785912452751461,0.06070227394897887,0.028089158364283547,15,0.0222965472339971,0.04163676331768462,0.05494394570241368,0.06256920408590982,0.17502984072439154,-0.14961759652516382
Japan,1985,0.1918710563781485,0.12105806184877399,0.2792740792723768,0.13855113856654167,200.5,0.10581517906608107,"MSCI World, resident currency",0.09705561637061444,0.052488743333182875,0.12319705622016874,0.11913070347524801,0.052488743333182875,0.08600692806879118,0.015255813072018088,15,0.01962924499818164,0.29040869385162993,0.22821602698965893,0.041566294338919674,0.034384765691787944,-0.17606760962018897
Japan,1986,0.30852548083940423,0.04565305371163619,0.23981158685040913,0.10214662796806229,159.1,0.12263425641437564,"MSCI World, resident currency",0.05415434534253838,0.042920668707346454,0.10385609252585848,0.09455450790995101,0.042920668707346454,0.05238572317435941,-0.0037218700594871573,15,0.006417104983667654,0.22095463536048254,0.1739538614307372,0.05503815580608573,-0.009101262548682598,-0.06063380677711061
Japan,1987,0.4735992964944933,-0.18479727208809216,-0.06127285601566977,-0.016489598252350746,123.5,-0.10223361726162483,"MSCI World, resident currency",0.04485492209663744,0.03558738962032826,0.023452918116119825,0.022500470411766393,0.03558738962032826,-0.008974523449612581,0.0019370914269900342,15,0.0010626913494935497,0.1663699637274476,0.12744451758567843,0.0219249880214456,-0.07680593305939232,-0.04647879081201989
Japan,1988,0.08854205320660613,0.19868141085790247,0.1636733417841989,0.16597488160425966,125.85,0.2555770409657905,"MSCI World, resident currency",0.041326678504788994,0.03068876879500748,0.05231019828187322,0.052297939094819945,0.03068876879500748,0.04937518394885543,0.02922938212056634,15,0.007430982822192345,0.1103989777633041,0.11732150132892549,0.030389429819428715,0.16341734861470636,-0.1527607635025059
Japan,1989,0.18079539968487457,0.422300925357016,0.23606208833226167,0.3370419598171295,143.45,0.293944238208512,"MSCI World, resident currency",-0.029975243106854288,0.02841369536567928,-0.025531065070644066,-0.015744648651329074,0.02841369536567928,0.1649729549661727,0.22924742016839234,15,0.02212855175282824,0.034914205443650426,0.051225376596387484,0.04313487985098852,0.22180616661800356,0.07640900147437568
Japan,1990,-0.1577976220042807,-0.10923247019065685,-0.11778861815277933,-0.12692772400757368,134.4,-0.26137166740911644,"MSCI World, resident currency",-0.04688590387933933,0.04175962295670965,0.010959374511628539,0.01721644819374557,0.04175962295670965,0.09203822011976848,0.12570969045462585,15,0.03092783987808745,0.062078686320960585,0.056188556159387115,0.019629465469601426,-0.00869772191372209,-0.1339166364076626
Japan,1991,-0.1820857795067472,0.07230220946087718,0.14781898094219736,-0.0018117816443489199,125.2,0.0903558446575401,"MSCI World, resident currency",0.12397943498238262,0.04090355882841901,0.11183115805832866,0.10285214640936546,0.04090355882841901,0.047662494452062054,-0.019613578986549925,15,0.03300002013306291,0.031481820850167486,0.027252155328705285,0.0295655869605842,-0.04648023635370968,-0.17343819755744228
Japan,1992,-0.27316152548490324,0.058748412434360464,0.09796991897045665,-0.02288169678086227,124.75,-0.0669131989049192,"MSCI World, resident currency",0.09727617036147551,0.029653190212152403,0.06341598048079367,0.05489626084189325,0.029653190212152403,-0.007753269031890331,-0.038761045586375185,15,0.016456909103997885,-0.00318373584898346,-0.003191756975943205,0.008383806062487231,-0.019236458785406696,-0.08392424082785854
Japan,1993,0.11486472557352845,0.030485802645842996,0.15886203408504404,0.04648392156477099,111.85,0.08841786805546015,"MSCI World, resident currency",0.1348985327397092,0.017033049593867755,0.18586354459210086,0.15176274539571644,0.017033049593867755,0.02636802730797494,-0.11830891962008676,15,0.013333342463974107,0.18922180168441916,0.16822208107248726,0.004321478172269577,0.06526635598254438,0.03412443044374447
Japan,1994,0.05845384387476038,-0.10148650973557227,-0.03758291659927663,-0.07297627421040564,99.74,-0.07737479828821314,"MSCI World, resident currency",-0.06837366134205936,0.015277654724630496,-0.12384165872467345,-0.12577131443751932,0.015277654724630496,-0.10467658470874952,0.037895342579699544,15,0.0065789340305089095,0.015176428291731936,0.011695141770351247,0.016542435122898214,-0.08072985731401638,-0.141071355442435
Japan,1995,-0.1360125533504538,0.35412618764850423,0.2641037848079677,0.25755223925186166,102.83,0.24136520615905033,"MSCI World, resident currency",0.15882354003990828,0.013080513592367726,0.1625473886332136,0.19210804710273233,0.013080513592367726,0.32706327341673713,0.15652312984001196,15,-0.0009336998875701941,0.1854249801697736,0.20324844186678614,0.033488873052366586,0.2779992268193492,0.036632609831505514
Japan,1996,0.16871299658689698,0.3879048968987713,0.19974408542271896,0.3508959199545205,116.0,0.27009993963514756,"MSCI World, resident currency",0.07075526960741119,0.0037601135548011033,0.10055423177899692,0.11984889377885688,0.0037601135548011033,0.2368282685737373,0.12762908660318137,15,0.0009345724978062631,0.15948432250402522,0.1948610006301974,0.020154971252071885,0.36347758066154845,0.06361440623032433
Japan,1997,-0.1431287543678117,0.4070186384280621,0.29475064369359616,0.3300294230679852,129.95,0.28005759782923856,"MSCI World, resident currency",0.08848901835525358,-0.012675175946772255,0.07555181890095142,0.07917239473861004,-0.012675175946772255,0.10303685761248493,0.012548402803073158,15,0.017740439205020886,0.17625420967885264,0.22102162986030005,0.038183713171633826,0.39086410111141334,-0.13443987779395838
Japan,1998,-0.15435858113105339,0.10773365243266109,0.22221018317826027,0.08336670711882488,115.6,0.09636360171692315,"MSCI World, resident currency",0.018185571093044972,-0.002689930490929915,0.11167108354772193,0.10553842542629766,-0.002689930490929915,0.06831515048323777,-0.041334891106986175,15,0.0064220053527532794,0.22502207293257293,0.20638699118788906,0.0384762766424287,0.14275600522908816,-0.1290912469879666
Japan,1999,0.20847254861389874,0.06987933988613326,0.22719893216673154,0.08061032901194198,102.2,0.10159732755894879,"MSCI World, resident currency",0.047969887838418046,0.0033294157675118896,-0.07874310940453788,-0.06939617055193714,0.0033294157675118896,-0.2314028248585721,-0.16373448230503704,15,-0.002734710801193363,0.005067749672076571,0.0015680497826351392,0.025016298269186832,-0.07035774193351119,-0.11426575218600266
Japan,2000,0.12880323702924978,0.048015233641997224,-0.07088743467089392,0.056467900084524736,114.9,-0.0170498548269834,"MSCI World, resident currency",0.02224387489511548,0.008458281318665772,0.0557396336713778,0.06372850007089736,0.008458281318665772,0.1436598604698489,0.09222523302819938,15,-0.007312629057815712,0.006125028659254017,0.01756300868580629,0.02935847551351123,0.2025680841297257,0.06617269623983657
Japan,2001,-0.21206649544157596,-0.02170858133931375,-0.15951721968354055,-0.03793398217158439,131.8,-0.027036591333569504,"MSCI World, resident currency",0.06328519576669644,0.008036236388193618,0.017288376187074128,0.023138228348093426,0.008036236388193618,0.14285191580728895,0.13269806374644957,15,-0.0073970916210025495,0.10307260564162357,0.13359839843566057,0.024736810195639336,0.3327590894261143,0.17379756629223464
Japan,2002,-0.16066338473536468,-0.24557715400861335,-0.2358870442479288,-0.23868589380686056,119.9,-0.27089821092699506,"MSCI World, resident currency",0.07771354044085954,0.009438185183844094,0.09110424664984618,0.1006502994243843,0.009438185183844094,0.18723299909563318,0.09891274506027609,15,-0.009241561610410787,0.06773057415840111,0.06218486267107348,-0.00596150761007852,-0.019350964526227643,0.1382354627158653
Japan,2003,-0.043047327891900244,0.1625032526813961,0.1957665650515371,0.14381549933879212,107.1,0.19481877484055032,"MSCI World, resident currency",-0.024489453510451176,0.002606254525126639,0.012558686755631765,0.015881999338647423,0.002606254525126639,0.09289975844522314,0.08199371228420714,15,-0.002585914972652814,0.1847121939820069,0.16637665114730815,-0.006956332666097742,0.07472689594370974,0.07184298680892787
Japan,2004,0.25302972289881254,0.13369962266367885,0.1103527398820527,0.14510577126668056,104.12,0.10847059878727139,"MSCI World, resident currency",0.017748150054487377,0.00011140150827948503,0.0641007380566676,0.06990186619381755,0.00011140150827948503,0.13103595475270846,0.06279348776788866,15,-0.00010288171689010195,0.154693954575009,0.1515819549314361,-0.017486342515833142,0.1327240573245314,0.007121275467855126
Japan,2005,0.15717447561328313,0.22968483517332405,0.0998047949032061,0.22240451858603372,117.97,0.2446363026380194,"MSCI World, resident currency",0.022890692572825833,0.0028499857658708105,0.04889823364711865,0.05031470917876679,0.0028499857658708105,0.07078538161925962,0.024319930760575058,15,-0.002829538322237979,0.053094299410324286,0.06715299561996035,-0.0006986459582450921,0.2327168731198177,0.33340489312609
Japan,2006,0.26849343921226887,0.2311653262780835,0.13914942395168214,0.2360830133259586,118.95,0.21605327065832292,"MSCI World, resident currency",0.001968843779172502,-0.0012692305473626098,-0.03736306211202467,-0.03805410161446765,-0.0012692305473626098,0.10005327917130868,0.14166018534984762,15,0.0025176961016983856,0.14066146736802598,0.15353298017074768,0.024767261591463807,0.21531514169908017,0.24276473147850397
Japan,2007,0.02621782185301602,0.055393089799595785,0.04031709260916643,0.051840663368589945,114.0,0.03161008507395335,"MSCI World, resident currency",0.03815353056396287,0.004096104789418797,-0.023822128967131873,-0.023587980454105706,0.004096104789418797,0.05738565209033886,0.08860553008110235,15,0.0006278433067785638,0.18252758346684095,0.1808649976148815,0.011644528236934182,0.17348245521041483,0.24309205615887586
Japan,2008,-0.28338892359243284,-0.5430655076415979,-0.4104493455196922,-0.5138558894241676,90.75,-0.516522163295942,"MSCI World, resident currency",0.04040086377522245,-0.009104803832519104,0.08897471878529073,0.056167869764451206,-0.009104803832519104,-0.15944670388865334,-0.23330268932491324,15,0.01384503029243267,0.26097813712571827,0.21016173198085597,0.03138761247384991,0.07014159162860722,-0.15266727063216623
Japan,2009,-0.23966212264782372,0.37853839540786116,0.2974847931631177,0.3083231801754327,92.06,0.2955850568440723,"MSCI World, resident currency",0.02348808111896772,0.014745098582672034,0.014993988456732499,0.014179930356924553,0.014745098582672034,0.09294225690336266,0.09476464993219812,15,-0.013493633642773784,-0.04793992186596552,-0.04705550174768525,-0.019834602641820354,-0.05763701215816108,0.24123171955943623
Japan,2010,0.045301084586227613,-0.012625388800085569,0.09770682637365652,-0.006939689916506064,81.45,-0.0018903664898947126,"MSCI World, resident currency",0.04674018651840406,0.008213924013252383,0.037445495614730984,0.03364245070505323,0.008213924013252383,-0.09107593700843342,-0.11734330002992925,15,-0.007219622563891637,0.018747139921113654,0.01705298664320898,-0.011732246102603261,-0.09538961623716802,0.14956723232045532
Japan,2011,-0.04564209689661025,-0.07013015627709207,-0.05155325845020955,-0.06784003300760877,77.72,-0.09545471637282277,"MSCI World, resident currency",0.03712118818188892,0.0035115239001490828,0.06913013580021854,0.06562199862347362,0.0035115239001490828,0.013508316184482005,-0.049183183450677764,15,-0.0027244569214672776,0.08641074754178413,0.08272801421208631,-0.025979726392153846,0.04074702178611389,0.03898746793468
Japan,2012,-0.0431063589666677,0.31287313176937537,0.14464037911902503,0.28077813861467615,86.55,0.30711629791973594,"MSCI World, resident currency",0.036729327776792386,0.0013875337098454565,0.13527615523554393,0.1550851293223452,0.0013875337098454565,0.2890857969933194,0.13655684328524345,15,-0.0005609224057339102,-0.0523243096597803,-0.0579736941472927,-0.014131120381582707,0.061590405830937334,0.2057103470114361
Japan,2013,0.7157964872221896,0.5557242525884154,0.2533550811235078,0.5703896003927158,105.3,0.5317373986771678,"MSCI World, resident currency",0.013467908160243791,-0.0026706233233149135,-0.01672301827326461,-0.018091941870340245,-0.0026706233233149135,0.21420016065031455,0.2305344195260732,15,0.003429782988276564,0.05774813206553442,0.07123175277465976,-0.01307117198017016,0.28792508107730286,-0.12269069030638757
Japan,2014,0.07419154875916756,0.21601813276653115,0.10786684057644974,0.19973420084715166,120.64,0.17262883202242074,"MSCI World, resident currency",0.025372864962070363,-0.026210833142557677,0.1523039461559279,0.15723559889121108,-0.026210833142557677,0.18154051624504586,-0.001732845261564786,15,0.027613779959811957,0.1462706513527805,0.17494049928528344,-0.006284064445272408,0.32620428006962787,0.1233071855709238
Japan,2015,0.10291953493448269,-0.0008558564520771972,0.033881134987996255,0.01129816023221597,120.5,-0.02230474057919629,"MSCI World, resident currency",0.009813889544674215,-0.007137548706772745,0.003934374276327812,0.0029204267240114934,-0.007137548706772745,-0.07606878115909577,-0.08626690210826309,15,0.007922428738459164,0.06867584019823103,0.06827989978070659,-0.00531491867575451,0.06281729493039423,-0.13648696972541763
Japan,2016,0.006347258834403791,-0.0044329297436511705,0.04051273252742044,-0.0030281359774610994,116.8,0.03112847280666453,"MSCI World, resident currency",0.16399971451436524,0.0005606619678826252,0.044381151959998366,0.041556926857865495,0.0005606619678826252,-0.023574734649836726,-0.06450861324818431,15,-0.0011400228004559976,-0.06604748338921473,-0.06388846883475152,-0.014283553872012966,-0.09562169676864585,0.037052012482033714
Japan,2017,0.21349962110085485,0.17523400632491537,0.15509352093552614,0.17987125765466927,112.9,0.18015368994011616,"MSCI World, resident currency",-0.005724948253881368,-0.005455758731575444,0.021241124157872715,0.023373201379317088,-0.005455758731575444,0.09180662847563159,0.06289478279993738,15,0.004862286191922527,0.035981301732944004,0.034834743556411585,-0.00991627081888169,0.013409432855553183,0.07962028523333542
Japan,2018,-0.1600079834714171,-0.02226957700701082,0.005307491029959956,-0.04008068960829325,110.83,-0.10948618646185071,"MSCI World, resident currency",0.023367170011442173,-0.010338293288064904,0.003043222111145605,0.0020235855437069628,-0.010338293288064904,-0.056573502205446546,-0.06896851995387566,14,0.009890544639324927,-0.08136042431676282,-0.08172389060057705,0.0017853235335945072,-0.0740621443485695,-0.03674310660287461
Japan,2019,0.17927993501610473,0.1252600105169812,0.1356132459424087,0.1321395029612782,109.12,0.24654258657702255,"MSCI World, resident currency",0.04172725927332732,-0.005335900019996065,0.07181021454301284,0.06986209003019606,-0.005335900019996065,0.045755617921291236,-0.02935449956050908,14,0.00468087671012718,-0.022963172918283092,-0.02296296199775283,-5.033643403207222e-06,-0.019947668606119073,0.1502392429998276
Japan,2020,0.0785911606181513,0.05327454175308577,0.06100730140433805,0.056446199246708684,103.63,0.09636437952559751,"MSCI World, resident currency",0.004715779984178159,-6.0070204914386416e-05,0.03763997580602929,0.03807047416350362,-6.0070204914386416e-05,0.06489236904522477,0.026681114615762804,15,-0.0002699460107978835,-0.11920490251129756,-0.11441954340297611,-0.00489791713896115,-0.1569469245053654,0.1781963383944727
Japan,2021,-0.021381545766844368,0.3161725098281236,0.20577352353308376,0.27369585941335606,106.6676016031283,0.22962942317769564,"MSCI World, resident currency",-0.0034693275467645446,0.0032491472321332093,-0.029239550133520198,-0.03161535973457252,0.0032491472321332093,0.032293479725706176,0.06701877157358817,15,-0.0025829029999999997,0.08245581570123162,0.08286973480634607,-0.0646718177027612,0.0902056247426688,-0.03953123742824605
Japan,2022,-0.012701329439353093,0.005014693597600095,-0.15612528850833668,0.002861493527824388,127.71576911654626,-0.029748173725580807,"MSCI World, resident currency",-0.07300626304205293,-0.023828668230099548,-0.1595561724233977,-0.17048148740031133,-0.023828668230099548,-0.09168140151437998,0.05579950965531248,15,0.02506056,0.13972814938651634,0.1858183170115728,-0.04319532740699539,0.4091308393280111,0.18589842820394353
Japan,2023,0.28604821280457804,0.24633866821674388,0.14150930159294234,0.2510882241157626,136.49052327449638,0.29011641765648966,"MSCI World, resident currency",-0.028693025915584536,-0.030786493907903778,-0.03874167791764349,-0.03530656605809357,-0.030786493907903778,0.07397566886833262,0.08246511025612738,15,0.03251569,-0.06530369841843264,-0.06275459229836233,0.017003513512843016,0.05706937053745542,0.1906217455330932
Japan,2024,0.0630021257922031,0.2753768942925221,0.18209632815006685,0.24977227209962338,147.01708270369576,0.2435657373212914,"MSCI World, resident currency",-0.048616218455801996,-0.022221092716235846,-0.036893464821820654,-0.03471127049433487,-0.022221092716235846,0.06830732694307384,0.08468826420408594,15,0.02591557,-0.015739778734392362,-0.008701504480361,0.02171369326854866,0.11142757180063612,0.31344520672239384
Japan,2025,0.322116806950971,0.1559702586753613,0.1591680931241135,0.1735915245815005,145.29323796880868,0.17097866474044054,"MSCI World, resident currency",-0.0909320250269039,-0.010763018283561632,-0.019388886831607555,-0.018608676205344343,-0.010763018283561632,0.02033904384328089,0.029184139860251288,15,0.01917833,0.07643221451712434,0.0787974997664973,0.015139307087717269,0.09683475968464839,0.612826536387935
Netherlands,1927,0.1511128544807434,0.26792027882230407,0.2596160010209692,0.26792027882230407,2.4934,0.2653844382646595,"reconstructed, resident currency",0.032375022768974304,0.03669999912381172,0.06480438788856024,0.06690634315362076,0.03669999912381172,0.11390936406962626,0.08655608030800396,15,0.0,0.2541915923172149,0.2556484008389954,0.06069651650102048,0.261219948572077,-0.0015966170205113928
Netherlands,1928,0.07679118937860929,0.2989644875030819,0.3244522734558517,0.2989644875030819,2.4861,0.2963665585280757,"reconstructed, resident currency",0.05903250598963172,0.03480148025505958,0.066582499036546,0.06544948123564964,0.03480148025505958,0.05839404134819959,0.027405868436670627,15,0.007246337268355552,0.2953193853809486,0.29167099264778673,0.05045226040342521,0.279186735857343,-0.021321329875360395
Netherlands,1929,0.05836773838714193,-0.06203962257189066,-0.0737750518393066,-0.06203962257189066,2.4899,-0.06391554332674687,"reconstructed, resident currency",0.01894853786816464,0.05579561080273776,0.06852398962723072,0.0687341137973414,0.05579561080273776,0.06068282325606811,0.04770236188972869,15,-0.007194205627997108,0.2048297139390174,0.20326314601437656,0.03785806464463959,0.19476582146773702,0.0030705828571815363
Netherlands,1930,-0.17985760534098083,-0.17587563558114638,-0.18427807659633857,-0.17587563558114638,2.486,-0.17752388430998411,"reconstructed, resident currency",0.14405847333534938,0.05917606208222059,0.10048973579466236,0.10272526360786816,0.05917606208222059,0.10193754133953337,0.05865320674879646,15,-0.0362319952266984,0.129668269514277,0.13835638041540488,0.10740235214556271,0.19496528955538328,0.07223821657662977
Netherlands,1931,-0.20093599852666955,-0.31611705583735095,-0.2911880027225699,-0.31611705583735095,2.4857,-0.31748482172567627,"reconstructed, resident currency",-0.040388610408286674,0.07964079926277678,0.02066776260597125,0.021599296085086372,0.07964079926277678,-0.01957321812449464,0.036891101469370066,15,-0.06015037513659871,0.27730361615559307,0.28526213915069487,0.15094084355712933,0.31851230820092025,0.06696033397313061
Netherlands,1932,-0.2503848857504264,0.014926024804187366,0.10498743589525768,0.014926024804187366,2.4817,0.012896172754578883,"reconstructed, resident currency",0.33564263915539616,0.08631460430322857,0.2111342006235175,0.19023415398264198,0.08631460430322857,0.09076522170885992,-0.01719786309283163,15,-0.07199995635084899,0.07580902878950724,0.07713051019772443,0.16025907588768828,0.11420240577639507,0.07593927039936998
Netherlands,1933,0.18061241131652106,0.17522706605857263,0.3886391145826219,0.17522706605857263,1.9335,0.17287661192645554,"reconstructed, resident currency",0.011600775813643827,0.019791256494878562,0.06465164303104887,0.06933118063497812,0.019791256494878562,0.07295567995980812,0.02386226429401426,15,-0.008620643193882338,-0.11647084092771254,-0.07707517632086092,0.030170519994877854,-0.3344257214913017,-0.2605028365735922
Netherlands,1934,0.10269230604171753,-0.12731080250634352,0.017754335812760393,-0.12731080250634352,1.4841,-0.12905618090133086,"reconstructed, resident currency",0.12409166991710663,0.008899999782443047,0.1262400509881907,0.11536919054788908,0.008899999782443047,0.03666404469147522,-0.07228958970125182,15,0.0,-0.027146868590721462,-0.027685058282322816,0.008767156750223437,-0.23039030845714015,0.3058309741706813
Netherlands,1935,0.08990997267350709,0.30024396986203716,0.2683006196397455,0.30024396986203716,1.4768,0.29764348192231305,"reconstructed, resident currency",0.01532478442347629,0.06898204816232623,0.06265886169213775,0.0607223347788155,0.06898204816232623,0.02684016193366512,0.034258298909247246,15,-0.03478266671229924,0.09349729588292988,0.09276460417721277,-0.0020322077192309607,0.07600180997261385,0.019312448949560856
Netherlands,1936,0.29639606156513976,0.40283981835450033,0.2614999819350031,0.40283981835450033,1.5509,0.40003413871779125,"reconstructed, resident currency",0.16889491633960452,0.06434326906511556,0.09734075066958825,0.09958328777931813,0.06434326906511556,0.13972240932075564,0.10571516733878186,14,-0.045044930877198186,0.3562367422744268,0.3758498257991991,0.012372876775614161,0.43935425483347346,0.09989397339611839
Netherlands,1937,0.5206813441189395,-0.142246574974492,-0.23394841682348874,-0.142246574974492,1.8167,-0.14396208182454306,"reconstructed, resident currency",-0.0220617436269418,-0.05177317567010142,-0.0554255292552891,-0.051710401317968446,-0.05177317567010142,0.052865029528445184,0.05536604267903313,14,0.05660373058953394,-0.11458511454311904,-0.12253249592205062,-0.011132956950033579,0.06049214824421667,0.10973569330057664
Netherlands,1938,-0.06266129532989817,0.019606465045448607,0.052302180096608364,0.019606465045448607,1.8179,0.017567252115357812,"reconstructed, resident currency",0.01572909365137809,-0.016070203894584467,0.01090440116654312,0.007253672650830323,-0.016070203894584467,0.002388671761253791,-0.020905782360466578,14,0.017857172307586655,0.06338223299180457,0.0659741677083372,0.047570894586841384,0.08984632436035578,-0.013720999571504189
Netherlands,1939,-0.03595647561859361,0.026119084267513415,0.025174755216646232,0.024062910358046974,1.8749,0.022014784537330856,"reconstructed, resident currency",-0.19207114430337047,0.0022087433859123706,-0.05656513720162515,-0.0565277078549965,0.0022087433859123706,-0.05418875249307231,0.004765528924309259,14,0.00877188171875476,-0.12171808689247832,-0.12497285379807954,0.022205827566040615,-0.09713058127734375,0.00798421212414957
Netherlands,1940,1.0044190824875003,-0.17316235422074922,-0.0858983411263021,-0.17316235422074922,1.8823,-0.17481602951230768,"reconstructed, resident currency",-0.034372200751293325,-0.11171207278545658,-0.04969636285758117,-0.05491175536452941,-0.11171207278545658,-0.09604417880467564,-0.1538089176150693,14,0.14782602464234507,-0.11975174911379005,-0.1197601225342223,0.0059249679692383594,-0.1218576944175479,-0.13151561007461743
Netherlands,1941,-0.3679856768384925,-0.06940021784075356,-0.05226427664819615,-0.06940021784075356,1.88,-0.07126141740507208,"reconstructed, resident currency",-0.015198964076743371,-0.10834469033525862,-0.06323319319782317,-0.06205049068014179,-0.10834469033525862,-0.04411241557093326,-0.08980737940734154,14,0.14393980330412748,-0.1306419558351023,-0.12817521397093457,-0.07583315048804296,-0.1739483604026013,-0.16822243938148174
Netherlands,1942,0.03271359905232485,0.04052406428367106,0.04057092905692712,0.04052406428367106,1.8791946308724834,0.038443016155103704,"reconstructed, resident currency",0.005607280474711374,-0.05158921964451968,-0.02222975589056775,-0.023748222696871157,-0.05158921964451968,-0.06866198637142507,-0.09886984673089486,15,0.07284735807529485,-0.04211435662921792,-0.041662920696956096,-0.07087970183543024,-0.030527760710808427,-0.056771260819108216
Netherlands,1943,0.17468439648523426,0.14753048172220207,0.1081495337274904,0.14753048172220207,1.8791946308724834,0.14523542075875762,"reconstructed, resident currency",0.03579561962511857,-0.018590677186673843,-0.021761006310595743,-0.019284669382780062,-0.018590677186673843,-0.017754668267051632,-0.017185822302577095,15,0.03086446823477007,0.1953728462618043,0.20257338619273857,-0.019568422192413393,0.2294968651725242,-0.006644040758919334
Netherlands,1944,0.0325155495676035,0.10368089005525949,0.10049510598140886,0.10368089005525949,1.8791946308724834,0.10147352827514888,"reconstructed, resident currency",-0.016917378097690783,-0.019651176525667502,0.022451254643385266,0.01016479497976297,-0.019651176525667502,-0.03372048195524846,-0.06528306911172425,14,0.029939523676633772,0.05386410964252142,0.05355488076279302,-0.011389603351630306,0.04974543841926837,-0.03681174042133839
Netherlands,1945,-0.20392984205218734,0.4768733691599878,0.16902127572294676,0.4768733691599878,2.65,0.47391962242166774,"reconstructed, resident currency",-0.04066563983968707,-0.11645900543896692,-0.07411322780545748,-0.055136073048539624,-0.11645900543896692,0.17326217319474346,0.11714651990711555,13,0.1511633382210198,0.049434061552487085,0.11887176043720116,-0.013237632217602213,0.46837853772641647,0.2202779630060545
Netherlands,1946,-0.17945756951439995,0.9785379199072426,-0.05508206950742869,0.9785379199072426,6.5,0.9745808440674282,"reconstructed, resident currency",-0.06338032844886943,-0.07233338871305672,-0.07140127658799322,-0.04617396894730508,-0.07233338871305672,0.6363301960997618,0.6256741242694565,12,0.09090915614648454,0.40764851607476893,0.9112283496915081,-0.1458067950930625,2.1571805274994884,1.053561817224117
Netherlands,1947,0.17140570493804086,-0.1737946751092022,-0.10952073667834121,-0.1737946751092022,5.85,-0.17544708575898382,"reconstructed, resident currency",-0.008606877598712481,-0.022696106793451243,-0.0754239399708001,-0.07376970595384047,-0.022696106793451243,-0.17383654097341406,-0.12482138883952719,12,0.03703669595019066,0.04334792685678113,0.03612769381331926,-0.07460156340503099,-0.01950151529299582,-0.0937714578919272
Netherlands,1948,0.0929651818606303,-0.14140591023759475,-0.10083113230552385,-0.14140591023759475,5.1,-0.14312309841711957,"reconstructed, resident currency",-0.00927105182782939,-0.021931333730085045,-0.043054078238917826,-0.039968943452980854,-0.021931333730085045,-0.201931738504174,-0.18872475704048605,12,0.03571460287295003,-0.06484250196215458,-0.0658722543896405,-0.016410018909050028,-0.14767080256927678,-0.12098296973521394
Netherlands,1949,-0.08354985217290822,-0.2083760437914165,0.0776680097906765,-0.2083760437914165,4.15,-0.20995929170383365,"reconstructed, resident currency",-0.0233480468108076,-0.044933247879296534,-0.03375484804887452,-0.029722143311805227,-0.044933247879296534,-0.19401235409622464,-0.21232251199127863,13,0.060344732551773195,0.11419686971797649,0.08208153457787115,0.031435476496074255,-0.08563304278881145,-0.22843642786368434
Netherlands,1950,-0.05949142641789362,0.11668534937396591,0.18936433667400346,0.11668534937396591,4.11,0.11445197867521806,"reconstructed, resident currency",-0.07579041025930178,-0.05668006949374971,-0.0672075982279865,-0.06585290093624852,-0.05668006949374971,-0.0720015306210694,-0.06339432505270101,14,0.09000001732768914,0.054776371886019026,0.04932927909336926,-0.044909057796571394,-0.019359375354043973,-0.13581884669968058
Netherlands,1951,-0.07177722185116409,0.11872538209174355,0.13293048111647038,0.11872538209174355,4.23,0.11648793132755997,"reconstructed, resident currency",-0.17520204979402298,-0.08054261304431931,-0.09813944500828131,-0.09427304417518279,-0.08054261304431931,-0.0676235321528722,-0.05226392082727859,15,0.11926589947926858,-0.10236005961151551,-0.10217910712268985,-0.044855439335450886,-0.07446705117106178,-0.06610341394106545
Netherlands,1952,-0.04733774811029434,0.07755584319024855,0.08845846748351792,0.07513105248881402,3.94,0.07298079038383642,"reconstructed, resident currency",0.11061902344226837,0.029804479330778122,0.05518016173928442,0.054283409742941435,0.029804479330778122,0.04115175208130406,0.016604680401309697,15,0.0,-0.013846350269543839,-0.0125949084348147,0.003226921042449371,-0.08471947963647863,-0.05925364800139543
Netherlands,1953,0.22624242305755615,0.04936081816268656,0.0623040342124509,0.052747847886520205,3.82,0.050642352190747086,"reconstructed, resident currency",0.08535558730363846,0.030113309621810913,0.05546584587873804,0.05446198404221669,0.030113309621810913,0.04275392819869284,0.01817194206179993,15,0.0,-0.045404827122230484,-0.04264394931217863,0.006703548557218442,-0.08864571265886678,-0.03324184466152591
Netherlands,1954,0.6629032520337446,0.39244889925205073,0.4584673313623955,0.39888126480204544,3.76,0.3960835022724414,"reconstructed, resident currency",0.009998073422728515,-0.009861798765965935,0.010718502817752995,0.010250970128898862,-0.009861798765965935,0.005162843602713352,-0.0148699157018523,15,0.039999981062632584,0.462021263875096,0.45073317310218264,0.018564239040369523,0.4285747201765149,-0.049885516245043005
Netherlands,1955,0.20573558085654797,0.26551372897591663,0.25460645153921696,0.2639334379681142,3.83,0.2614055710921779,"reconstructed, resident currency",-0.02488782548068702,0.010253280943299359,-0.007985070517535164,-0.007674464113647361,0.010253280943299359,0.02119233512028118,0.04037990769740605,15,0.019230988089032897,0.41162292408247736,0.410995409164143,0.011922977581826144,0.40946606224028037,-0.010348305304012873
Netherlands,1956,0.09025297341393679,0.026664273300801344,0.023507886590875306,0.02841860311186739,3.829999999,0.026361765905643653,"reconstructed, resident currency",-0.09125909025436763,0.011848085544441389,-0.0221073588756171,-0.022177020330061525,0.011848085544441389,-0.030640195936704195,0.003244705981308127,15,0.01886768856969301,-0.01131388689213464,-0.010734404528636277,-0.012271588679896195,-0.03879034113558488,-0.035875015258444054
Netherlands,1957,-0.13062404184314147,-0.12350912768173516,-0.08675998055919619,-0.12370135708764729,3.790999999,-0.12545395437347195,"reconstructed, resident currency",-0.16148376904281236,-0.02464989546922869,-0.045807217912189,-0.04588157007803162,-0.02464989546922869,-0.06192284838947837,-0.0408148746089335,15,0.060956845595571574,-0.17681422535363933,-0.17393121611478946,-0.011143687996010843,-0.19495968940066466,-0.0673732429822782
Netherlands,1958,0.3731049523527843,0.294490364415255,0.29183516101909984,0.2964652859951318,3.774999999,0.2938723554231415,"reconstructed, resident currency",0.031836474101953005,0.014892613348091777,0.06714591650681845,0.06754385711979816,0.014892613348091777,0.07095096470296891,0.018800508135711266,15,0.021818326055186743,0.07586522266446072,0.0752232084642237,0.006882515564111014,0.0685711373612854,-0.019699276197944093
Netherlands,1959,0.31356714682926623,0.22843517087917053,0.2309883730998027,0.23075382611983764,3.769999999,0.228292318467598,"reconstructed, resident currency",0.005853993256976997,0.026427274858835226,0.04134690601204194,0.04154077741325524,0.026427274858835226,0.03921456580053828,0.02416981545625536,15,0.010675821298671728,0.21324097567133826,0.20948976486722892,0.010506777644549326,0.191240563840676,-0.02121885686429137
Netherlands,1960,0.050226735607846296,0.022849093267267806,0.02603590214861288,0.023631375563264223,3.769999999,0.02158411281213768,"reconstructed, resident currency",0.05025044372738696,0.013824203213776975,0.01198978728194322,0.012728614160177676,0.013824203213776975,0.024229858156449957,0.026176295227178584,15,0.023239754715705496,0.007109991553809536,0.0069199664165608965,0.012803101551821738,-0.002081941295407619,-0.027308693907717063
Netherlands,1961,0.04040753371570771,0.13506663719193335,0.17847942128810124,0.13237294617873507,3.599999999,0.1301082002863776,"reconstructed, resident currency",0.04594657611108821,0.023995296800563448,0.011771041904047763,0.01099489370510387,0.023995296800563448,-0.020793545168747207,-0.008918187885284897,15,0.013076165742736956,0.010135324352092745,0.009164872080052344,0.023604783271376606,-0.03804052178653761,-0.05658783877485751
Netherlands,1962,-0.0735959135152856,-0.10528234487890675,-0.10303086210241788,-0.10450506555139982,3.599999999,-0.10629605542029708,"reconstructed, resident currency",-0.01000539064194883,0.014199911116560049,0.07901778160620476,0.07913876189106794,0.014199911116560049,0.07789140945090689,0.012938558704511726,15,0.022860698024737003,-0.15200604290855502,-0.15106446508732196,0.01825126995188109,-0.1578576757801522,-0.026913816808773694
Netherlands,1963,0.09607374143393987,0.13115485588095277,0.13969282654307402,0.1302632298783224,3.599999999,0.1280027034185658,"reconstructed, resident currency",-0.06480573006145984,0.003825507351099544,0.006050410908174042,0.006597436564645953,0.003825507351099544,0.011464412943597901,0.00916683302483141,15,0.03343182796656441,0.05322209564758107,0.05274427237705415,0.01837742808505438,0.046910825639906895,-0.040440463465624465
Netherlands,1964,0.10825209204042752,0.020207314524610887,0.0600903624714532,0.022374359407743016,3.591999999,0.02032961068892747,"reconstructed, resident currency",-0.05385026621897704,-0.01668162591467337,-0.03485901889542409,-0.03488128623101849,-0.01668162591467337,-0.03314815825499162,-0.014567553933895867,15,0.057908647886634856,0.21185587277990736,0.21134395403307815,0.027000180476569158,0.20953136154178975,-0.05869035089072283
Netherlands,1965,-0.12170980582849544,0.04086208827717597,0.06846406801710152,0.03696962094042444,3.610999999,0.03489568169854351,"reconstructed, resident currency",-0.104763616813212,-0.010041960421774077,-0.017026791936562313,-0.01706437578085085,-0.010041960421774077,-0.014192883998751071,-0.006903786425870706,15,0.05794888095773065,0.09671401921968448,0.09759296469804202,0.03155536016230376,0.10305773826529419,-0.04912233574545999
Netherlands,1966,-0.1899747174787093,-0.1092511169899778,-0.08927744903336836,-0.11087629506897456,3.613999999,-0.11265454247883666,"reconstructed, resident currency",-0.04787394113948307,0.005936990238103013,-0.014951763464518208,-0.0152836379550918,0.005936990238103013,-0.028516037798579585,-0.007806051941646615,15,0.05796884909191036,0.05661751381706792,0.0547249948811388,0.010884962315295343,0.03449635126093109,-0.06938766206264191
Netherlands,1967,0.28574496316949705,0.13992616997403218,0.17992650536352206,0.1424563789585116,3.595999999,0.14017146620059462,"reconstructed, resident currency",0.0027095243603647567,0.021112505355519007,0.017768007460270407,0.0164313109462757,0.021112505355519007,-0.03307805789351559,-0.03054332624899235,15,0.03486800923827382,0.08619786949146291,0.0846770656942275,0.01912916025527034,0.07136879466894808,-0.04483215771154658
Netherlands,1968,0.2984393090014701,0.16438881915915204,0.15706472122979306,0.16679953864009,3.605999999,0.16446593956280986,"reconstructed, resident currency",-0.04983350325267655,0.014615169619375923,0.02565743855888103,0.02567739619541909,0.014615169619375923,0.026004081723964845,0.015230597478909565,15,0.036755968520679305,-0.03562990005999922,-0.035622094715507036,0.011003722479790534,-0.03110080597347109,0.1487791600120718
Netherlands,1969,-0.09781187734221819,-0.11013322516989088,-0.09433514366668831,-0.1098872834319099,3.623999999,-0.11166750886504606,"reconstructed, resident currency",-0.09675655532023264,0.003041662591920735,-0.05262999144226055,-0.0528786342356824,0.003041662591920735,-0.06168424928823035,-0.006345130715967814,15,0.07428239686273619,0.1709451722486961,0.17010689320882122,0.01323387456286551,0.16671519569791937,-0.2224460749096222
Netherlands,1970,-0.07810811604176993,-0.044863906050615965,-0.0572189043613147,-0.04544059661608868,3.596999999,-0.08267657097112557,"MSCI World, resident currency",0.09076396858405644,0.04123310728632701,0.017999689236966265,0.017448948961330757,0.04123310728632701,0.003372936559301598,0.02635652073965456,15,0.03679953171917716,-0.01801682714938735,-0.01813156232354296,0.020938455464238448,-0.024017206850284856,0.015548756184778245
Netherlands,1971,-0.11937617261812328,0.014142392442280105,0.0998019859577002,0.011909418207373568,3.258099999,0.03129157742887201,"MSCI World, resident currency",-0.003302895473327294,-0.02444763956850815,0.022788879085189562,0.02024082515272596,-0.02444763956850815,-6.913837420285951e-05,-0.04562207512341057,15,0.07477573112196101,-0.14547596037847843,-0.14001430812649573,0.017643971771362565,-0.21701382595905627,-0.011148583964506464
Netherlands,1972,0.21397805707008266,0.14525728609881194,0.19636692158997826,0.14612134272305077,3.226499999,0.143900042824056,"MSCI World, resident currency",-0.05666552739988351,-0.05441130038696307,-0.038928988179628865,-0.03627934074957928,-0.05441130038696307,-0.0069904158658853355,-0.023664379549888367,15,0.07791756316631271,0.05032274728382524,0.05249426673666435,0.01154035341542925,0.06603634726866114,0.3593772558597539
Netherlands,1973,-0.20126586861181117,-0.2357846262477924,-0.15337370722113144,-0.23536711937018295,2.824499999,-0.3411112163824085,"MSCI World, resident currency",-0.15407564772135862,-0.014606427193045612,-0.08554294673188034,-0.0862307631006275,-0.014606427193045612,-0.13346314353846067,-0.0650231840351609,15,0.08013524812342232,0.457367847367693,0.3886027045976499,-0.005739170208360234,0.266356958600503,0.36177472322909576
Netherlands,1974,-0.26295296020101877,-0.39055124592695967,-0.3392204927451138,-0.38908086211072046,2.506499999,-0.3903326479037237,"MSCI World, resident currency",0.059729563727846324,-0.00369671310708497,-0.0875890084971428,-0.08671153021052602,-0.00369671310708497,-0.13822069646675272,-0.060543720763452526,15,0.09609360743069306,0.25041047478757017,0.21187032043454135,-0.018682411153460032,0.10691783858433124,0.32681456594658864
Netherlands,1975,0.33807647926137374,0.2789917236039554,0.2128262132897106,0.27969678976822654,2.688499999,0.34374112313432414,"MSCI World, resident currency",0.017522177706095876,-0.054850535887648544,-0.020142830532517753,-0.017333948862737425,-0.054850535887648544,0.012200642695511243,-0.02285437349775056,15,0.10212727291881762,-0.17121407287684964,-0.17596097834014646,-0.002214119066057396,-0.07064821800481413,-0.2573625221266985
Netherlands,1976,-0.03323561220298055,-0.053361370871486624,0.06267107416903106,-0.05310616790169309,2.456999999,-0.021671062388243345,"MSCI World, resident currency",0.012422309838088896,-0.016290960813845068,-0.035686769400743,-0.04009827041330627,-0.016290960813845068,-0.12942112525395177,-0.1139043906561299,15,0.09057484480250322,0.11672090179454186,0.09864552966154982,0.0049242743921680265,0.01119178463300008,-0.19394826871345505
Netherlands,1977,0.02655665246901684,-0.07106101248539598,-0.06651517094920384,-0.07000470902794698,2.279999999,-0.0878315938036317,"MSCI World, resident currency",0.04401126697110791,-0.025169948549595533,-0.008976198821735393,-0.0018083970073743405,-0.025169948549595533,-0.008412283609112503,-0.03358158194462047,15,0.06474114809889797,0.22269496510631703,0.20517314170201417,-0.011551278487003214,0.15041477378993084,0.06249103603198369
Netherlands,1978,0.01629299003624718,-0.030864915756632527,0.02993258313364002,-0.030320219600066478,1.968999999,-0.0251595885118443,"MSCI World, resident currency",0.009887753481800488,0.02073714850967523,0.024420561064912194,0.02013958954056272,0.02073714850967523,-0.006009594491701686,-0.007656769400423406,15,0.04080010866152284,0.3009819835207874,0.2549989251123328,-0.010424790546951224,0.1263742282719278,0.11817629921516049
Netherlands,1979,0.06602592013238717,0.04060151131924239,0.05518162599358536,0.040880554221150556,1.905499999,0.04464892955390187,"MSCI World, resident currency",-0.008065624013666395,0.046264200829114754,-0.033004062039663995,-0.03236934015032056,0.046264200829114754,-0.0512456856798299,0.02677449203078787,15,0.0421045346756439,0.4461092805233373,0.42351967401712054,-0.02032579690849734,0.3766993356867121,1.025638599473215
Netherlands,1980,0.11337012493247367,0.34147183384862445,0.12359177967737235,0.3390164228168542,2.129499999,0.3405221559513336,"MSCI World, resident currency",-0.03765018892319805,0.033634769819121724,-0.02438061662669888,-0.019843443553300366,0.033634769819121724,0.05011524930681199,0.11287577849801732,15,0.06541501162033625,0.20867140569609077,0.2448283416686612,0.000695567814542164,0.3648732245147386,0.19102015015671014
Netherlands,1981,-0.06878331722839781,0.059939634480756565,-0.05723828017001623,0.058693381862831684,2.468499999,0.05348482559743695,"MSCI World, resident currency",-0.016079742390717522,0.03993700489298191,-0.010377176355254147,-0.011583780532827048,0.03993700489298191,-0.003955499345433933,0.04840572323695427,15,0.0674845330268452,0.07274249539063682,0.11339611611741818,0.06875376114405274,0.31021203466536384,-0.26746546430150964
Netherlands,1982,0.17231398808708587,0.09738101917880604,0.07506756851748123,0.09807588013424917,2.624499999,0.1353580065062494,"MSCI World, resident currency",0.2853989067072462,0.020777942439953456,0.09742644850767745,0.0906373892955703,0.020777942439953456,0.04628300020366627,-0.02847867151353697,15,0.058620707735633104,0.1455670550707442,0.179357633564041,0.08419578734237465,0.29579083774027004,0.17429270482460102
Netherlands,1983,0.5610671851371369,0.39457366030819063,0.20719745316563615,0.39619842736547795,3.064499999,0.4065389006583813,"MSCI World, resident currency",-0.0022329103670705175,0.023935736696535814,0.06426953580425754,0.07282379566394881,0.023935736696535814,0.1398763432900758,0.09773074542697727,15,0.028230219293456482,0.08460980375599902,0.11661004889498106,0.04999397713684739,0.31696621298633354,-0.04895802100740054
Netherlands,1984,0.240395767082344,0.19280485313572426,0.08267054425637767,0.19336212112707063,3.5495,0.16206709900003147,"MSCI World, resident currency",0.12613382659331074,0.02429479518350064,0.05674348153509179,0.06632604029857125,0.02429479518350064,0.1246168628382982,0.09003858329931523,15,0.032734915834949474,0.028023062016069078,0.04975164503202412,0.06256920408590982,0.24583344984929711,-0.0983762227186813
Netherlands,1985,0.3020351130559109,0.10789624724162428,0.25703047391876677,0.11070993748592417,2.771999999,0.07877447644367663,"MSCI World, resident currency",0.0722556669265908,0.039914748634500175,0.10977831524080073,0.10368724803880625,0.039914748634500175,0.05945060026310789,-0.009570424663417502,15,0.02223924226081464,0.2749922894687775,0.21040018239030212,0.041566294338919674,0.009090764148202979,-0.19621538039689668
Netherlands,1986,0.09392042130376654,0.10441923808394171,0.25691843750583715,0.10426854046382128,2.192,0.12479561280417362,"MSCI World, resident currency",0.07636931489842058,0.055760594589562285,0.1174462253498938,0.10660765625056445,0.055760594589562285,0.054411833275952226,-0.0018037813410469062,15,0.0010002991771849157,0.23598642780065648,0.1863043881331059,0.05503815580608573,-0.0071935305285733,-0.05882528800754505
Netherlands,1987,-0.17304335684181105,0.0385117074812833,0.07862276326209942,0.03585130127226299,1.7775,-0.05445588155899628,"MSCI World, resident currency",0.08098318376164304,0.06110223350007926,0.048668792397460914,0.049612572590643556,0.06110223350007926,0.043766316710576625,0.05525863082217735,15,-0.00707807848966735,0.19510703394365336,0.15944606087478297,0.0219249880214456,-0.02767497540648478,0.0042661303560855846
Netherlands,1988,0.3422321005567548,0.2865044124355376,0.13932118973065907,0.28706508537921205,1.9995,0.3859727142726721,"MSCI World, resident currency",0.054478680315623196,0.04040114239852288,0.0622263146711608,0.07189605334293026,0.04040114239852288,0.15835613788322433,0.13611813039331663,15,0.0074639744135232,0.12086247561785757,0.14219467057100244,0.030389429819428715,0.28424194444582374,-0.0647722712869101
Netherlands,1989,0.26131440037925446,0.1348671693496537,0.21604153991717515,0.13629072823704158,1.9155,0.09966394841727366,"MSCI World, resident currency",-0.03366725567621187,0.0623866213401969,0.006659833533687154,0.0066544534468917504,0.0623866213401969,-0.009942838625630612,0.04468108572874456,15,0.010821588620352873,0.0691018712146827,0.066418592926341,0.04313487985098852,0.03835710512837198,-0.08520928667525629
Netherlands,1990,-0.15209849014575472,-0.17297838339565452,-0.13211456530537097,-0.17271531614115299,1.69,-0.3001084521644606,"MSCI World, resident currency",-0.02462259026743474,0.06079217039373375,0.02942921326165293,0.030148173922879717,0.06079217039373375,0.03476713043789026,0.06667272686674373,15,0.024540931383522535,0.08148245522677056,0.06965097757104144,0.019629465469601426,-0.060685793964811,-0.1793377005008585
Netherlands,1991,0.15121132983266605,0.08529542661670653,0.050280448190410554,0.08622496073174801,1.7104,0.1865214523347345,"MSCI World, resident currency",0.08982298803382771,0.05961573344322724,0.13181838799458556,0.13381609818639117,0.05961573344322724,0.14006269656335646,0.06685310654292481,15,0.031333000000000055,0.050024622226956916,0.04935146782663091,0.0295655869605842,0.0376169030825082,-0.10053831042049466
Netherlands,1992,0.045938005027873485,0.02429967099229824,0.006149184454087228,0.024595768106657978,1.8141,-0.021575192554970757,"MSCI World, resident currency",0.138933828468641,0.059785182907324375,0.09453601474123619,0.08794355438385093,0.059785182907324375,0.04045927511357528,0.007944853337364914,15,0.03183646794973116,0.025987309970471717,0.025988524585617956,0.008383806062487231,0.028418125554656504,-0.03941278858393371
Netherlands,1993,0.4353750335316988,0.23053999735993225,0.14629532866740966,0.23353364791285292,1.9409,0.2829629156924256,"MSCI World, resident currency",0.15933142195461936,0.04162421469993127,0.21453691585567114,0.21107788984299325,0.04162421469993127,0.2098222158379941,0.03928554686919128,15,0.02584180866348995,0.21797637331277486,0.22436273593132872,0.004321478172269577,0.2556732760204654,0.21896500729191581
Netherlands,1994,-0.005021101013537921,-0.09154256872242061,-0.020738676615896748,-0.09002967671985662,1.7351,-0.0943472861463347,"MSCI World, resident currency",-0.10841960066681744,0.023104447933096184,-0.1170873387382908,-0.11683042615867656,0.023104447933096184,-0.121146832613239,0.018802360871361425,15,0.028014953277876842,0.023002441143854968,0.018623238250515595,0.016542435122898214,-0.09764062596213485,-0.15687209008928682
Netherlands,1995,0.17554150113782874,0.10419956436842148,0.18545734130075092,0.10556685101996477,1.6044,0.09133615217088797,"MSCI World, resident currency",0.19113747886236676,0.024030938029354187,0.17511340600581327,0.17396544389439939,0.024030938029354187,0.16667691289582098,0.016747928936649337,15,0.01923190020049015,0.19823828226857243,0.18385701844685398,0.033488873052366586,0.12354265429258282,-0.0886528492861346
Netherlands,1996,0.3747327186721874,0.2742849833812415,0.1911127929954738,0.27614050254866096,1.7436,0.19981558261541577,"MSCI World, resident currency",0.06336974777759674,0.009024107968763628,0.10632584120052546,0.11608476446881721,0.009024107968763628,0.16838508793276774,0.06522873302831324,15,0.020763520548891412,0.16556497754731314,0.18680225524455452,0.020154971252071885,0.28802592360915535,0.004756475192002618
Netherlands,1997,0.4226003223206931,0.3713150679449573,0.22916602241404127,0.3724568542563116,2.0172,0.32089094685675,"MSCI World, resident currency",0.06751840248138374,0.01451987233268226,0.10517700701481747,0.10946358655763411,0.01451987233268226,0.13822331256066933,0.04484831056427247,15,0.018552417480241834,0.2086531621226977,0.25591732142930335,0.038183713171633826,0.43523213532083527,-0.10682884010762961
Netherlands,1998,0.20144288571271596,0.1255616749751014,0.18681999278356326,0.12753492990190574,1.8888,0.14106170024043885,"MSCI World, resident currency",0.1420159341871836,0.016413480223463228,0.13296507218535836,0.1298237862511613,0.016413480223463228,0.11186973016436208,-0.002250679061591517,15,0.017843643469454884,0.2484872925356878,0.23509036878054856,0.0384762766424287,0.1893454947288109,-0.0935848099025306
Netherlands,1999,0.2804206553553692,0.39026865348297424,0.22429348477280237,0.38742005176934313,2.193619350985467,0.41436573406463983,"MSCI World, resident currency",-0.09267440808891247,0.009088398178649149,-0.0734552127818523,-0.07558965977095633,0.009088398178649149,-0.013180696227912292,0.07370021986939607,15,0.02036154708520188,0.010836709897303232,0.019316299616700006,0.025016298269186832,0.19358872961441342,0.13721424176984343
Netherlands,2000,-0.04373764661918855,-0.015276746607235325,-0.0501574093982719,-0.016000083490893213,2.3683073616335304,-0.08447491806852037,"MSCI World, resident currency",0.06795843569731685,0.019964002620784793,0.06778479827326933,0.0680294919878861,0.019964002620784793,0.06521098002798875,0.017304489822076448,15,0.023484817271640868,0.017604129370988764,0.023570738197028707,0.02935847551351123,0.12007841817578413,-0.006960983859185754
Netherlands,2001,-0.23147115012907815,-0.1620611471158413,-0.16228820627155666,-0.16377487147343617,2.5005219562010668,-0.15430288942100678,"MSCI World, resident currency",-0.002829145356504248,-0.008093541063532883,0.001010553505899514,0.0007295722985227737,-0.008093541063532883,-0.006636267706500054,-0.015461967905100689,15,0.05112515599210976,0.0854221333670897,0.09512509436975569,0.024736810195639336,0.15843052368269706,0.02026160632144114
Netherlands,2002,-0.35316295685691923,-0.3285219200175702,-0.22705936785117775,-0.32905396886680127,2.1013731286354536,-0.35744268010903757,"MSCI World, resident currency",0.08062670753834866,-0.0051314960365179685,0.0753558419578082,0.07220436097248495,-0.0051314960365179685,0.04630830073112602,-0.03152832863334492,15,0.03851505751088302,0.05231953233032827,0.04034222646296115,-0.00596150761007852,-0.13575412180947155,0.003126777754104193
Netherlands,2003,0.06812935578843415,0.03681917318365646,0.17601898422615336,0.03738923184207921,1.7448218527315915,0.08364690960985266,"MSCI World, resident currency",0.02346781417714916,0.0010374386203717556,0.010974297903965757,0.011018993382988285,0.0010374386203717556,-0.008789055971631488,-0.018680349502756797,15,0.0222741241548865,0.18285843003021873,0.14816136951643877,-0.006956332666097742,-0.02527102520680513,-0.027886601131211775
Netherlands,2004,0.08238287317346638,0.0770873032766981,0.12468827089745199,0.07717464704398158,1.6178768078702004,0.0427127833671872,"MSCI World, resident currency",0.08723704972607438,0.00713621572867007,0.07157501540752587,0.07131610942828748,0.00713621572867007,0.06393949443388958,-0.0002546238146545606,15,0.01382843125465949,0.16280456155345635,0.14902541995834495,-0.017486342515833142,0.06552745367538915,-0.05262419275684149
Netherlands,2005,0.2840352807026427,0.22298791630015646,0.10276165249160947,0.2239319735297276,1.8680257692633722,0.24619153729615384,"MSCI World, resident currency",0.0541348091241074,0.006836003718559969,0.053067279116734145,0.0542937373045822,0.006836003718559969,0.0721233809475681,0.025599869208425326,15,0.014908909763734712,0.05728002294116563,0.07113167038052803,-0.0006986459582450921,0.2342572138608674,0.33507104853126357
Netherlands,2006,0.1818435337135067,0.08098868689159588,0.1556765495873743,0.08296568962093254,1.6732801822323462,0.06541709147086161,"MSCI World, resident currency",-0.02386473686350321,0.014035638987550447,-0.02261130598866201,-0.022638309024386905,0.014035638987550447,-0.03621363188867788,0.00023930157684543357,15,0.01652467599247398,0.15814132828303307,0.14204265462536414,0.024767261591463807,0.06477039676770868,0.08881972323268283
Netherlands,2007,0.06475509994123474,-0.034804807710051344,0.038076102582166774,-0.03284846154982979,1.4969839005502334,-0.051450171488227614,"MSCI World, resident currency",-0.0035870758631921795,0.02649063426403142,-0.0020502646993236784,-0.0030320202952487385,0.02649063426403142,-0.027749928511799804,0.0009562758407625512,15,0.01586516905602231,0.20890170113961548,0.1850243328240211,0.011644528236934182,0.07899932131006349,0.1430042937291749
Netherlands,2008,-0.5055645901266526,-0.3564895074514117,-0.3940807173794135,-0.3592658965118073,1.5834662642810944,-0.36278002444572777,"MSCI World, resident currency",0.09855315294828437,0.023682139371826283,0.12500693732250356,0.11944447050527152,0.023682139371826283,0.10784261477531287,0.010501008477364274,15,0.022135961884499178,0.30270163999844213,0.3313899791410475,0.03138761247384991,0.41043817748899025,0.11677785433752441
Netherlands,2009,0.43143422095487005,0.21412302060963406,0.23359933681202288,0.21728249489585605,1.529716784673052,0.20543076377617187,"MSCI World, resident currency",0.03500662305966107,0.0025378104118918277,0.0027837061641577954,0.0014341649949971558,0.0025378104118918277,0.016889020556860812,0.018584600950478994,15,0.009721099657879373,-0.05939311513185119,-0.05357252683141156,-0.019834602641820354,-0.12321207304160908,0.15485964570816835
Netherlands,2010,0.08249071701342015,0.19199152488553262,0.0927198584180212,0.19031247239524496,1.6492366412213741,0.19636474594884978,"MSCI World, resident currency",0.05858235052321392,-0.0011780150656220956,0.027781252084269292,0.031192530512894168,-0.0011780150656220956,0.08946419230878289,0.057979327287048764,15,0.0092985514874393,0.009257079481528985,0.010370861881372262,-0.011732246102603261,0.08429368439930496,0.3779064580406737
Netherlands,2011,-0.11470757837410517,-0.01655132848533214,-0.04993830191949401,-0.018160982746635912,1.7031532575933226,-0.047247378362342496,"MSCI World, resident currency",0.10177084379698043,-0.010528448580809702,0.05417210360258107,0.055743920175018946,-0.010528448580809702,0.06752279048345589,0.0014901752977541335,15,0.0246944429355207,0.07121094501313663,0.07322734925043473,-0.025979726392153846,0.09621317076812863,0.09435984227788019
Netherlands,2012,0.09490546998172533,0.09636884945980961,0.1283280812913764,0.09634192722069002,1.670236471123238,0.11888730605045938,"MSCI World, resident currency",0.08264553024887755,-0.02184419884590294,0.10893826792668038,0.10883718863926006,-0.02184419884590294,0.10345325581299747,-0.027111033210658997,15,0.028191861574673016,-0.07430995202743085,-0.07346825247804278,-0.014131120381582707,-0.09128206021180763,0.03208414139720994
Netherlands,2013,0.15592832580919724,0.20924110611969593,0.2983771815943904,0.20824760629556938,1.5979334348488146,0.1785088521741809,"MSCI World, resident currency",-0.053768210810442474,-0.022764104823968845,-0.03653338213538315,-0.03567513160382052,-0.022764104823968845,-0.06580224595058193,-0.05323477276920572,15,0.02555245058106559,0.03643737654078283,0.03377106941305352,-0.01307117198017016,-0.009078768790542369,-0.3250038887464336
Netherlands,2014,0.09274793535292924,0.22063954197093416,0.10419770809809993,0.21843548570036808,1.8150976031628363,0.19090760226941428,"MSCI World, resident currency",0.1775475803487947,-0.0011046046737894777,0.18201264196224387,0.18517301023106802,-0.0011046046737894777,0.19995820054904612,0.013828000138350453,15,0.0032074807701976127,0.17582379677621862,0.2030786700413365,-0.006284064445272408,0.3468769624001171,0.1408171370586726
Netherlands,2015,0.07876430602620665,0.1365437378449279,0.0413200457526004,0.13554573319374996,2.024166437034996,0.09781439723386853,"MSCI World, resident currency",-0.003679562652925461,-0.0023833958468265637,0.008741543155005527,0.009079564774782334,-0.0023833958468265637,0.03744493422036732,0.025993877365125276,15,0.0021949606109807895,0.07379301256728965,0.08187608672884084,-0.00531491867575451,0.19339448234100165,-0.030396201986217286
Netherlands,2016,0.07631597014675351,0.059590359629851264,0.035205032255799844,0.059938416314647025,2.090608101698131,0.09625228145749132,"MSCI World, resident currency",0.09848825178637255,-0.0037329704504360794,0.03989947589418419,0.039850698548629104,-0.0037329704504360794,0.0380941396170269,-0.005425032809856985,15,0.0011000770053903874,-0.07005528516967197,-0.07235869447726362,-0.014283553872012966,-0.038503150320902235,0.10254993888300334
Netherlands,2017,0.1482876264952755,0.062263820366671885,0.1624982757797523,0.06424186300921897,1.8374968731760204,0.06449661644921334,"MSCI World, resident currency",-0.011154263091668115,-0.0160689424671856,0.010343047190250587,0.009948560409809959,-0.0160689424671856,-0.015192282381367384,-0.04127071789313544,15,0.012986623777509365,0.02492592637033031,0.01929609869819382,-0.00991627081888169,-0.08590641918241015,-0.02618434321114904
Netherlands,2018,-0.10686923734220732,0.020530394000106922,-0.014293059843103542,0.01808552979495115,1.9246375545851526,-0.055525586545652206,"MSCI World, resident currency",0.005696624560870944,-0.01889575567376578,-0.005629948312883659,-0.005699367433246172,-0.01889575567376578,0.000593336785593257,-0.012552755885547875,14,0.015976646482179113,-0.08930376855410205,-0.0928570525757112,0.0017853235335945072,-0.017955027966450543,0.02162535332545179
Netherlands,2019,0.29912078480275195,0.14387484845761223,0.13807611303589612,0.1468614243494626,1.9616432259213097,0.26275216315182615,"MSCI World, resident currency",0.03773007280792107,-0.02947066347099303,0.0458035596402393,0.046738290069873845,-0.02947066347099303,0.05935423536907081,-0.016732586169192685,14,0.02669436409171211,-0.046670224077567934,-0.04666746355866558,-5.033643403207222e-06,-0.0072034322806942,0.1651965266815254
Netherlands,2020,0.1504540820936744,0.004063515182583188,0.061493994759536104,0.006887663250001008,1.7958683073914103,0.04493325732839515,"MSCI World, resident currency",0.026612133204299893,-0.015247693162161458,0.0218797443677885,0.021140511143826757,-0.015247693162161458,0.014937618068243896,-0.021481123094123058,15,0.011165948112850765,-0.13258288997299583,-0.12447938456474028,-0.00489791713896115,-0.19649505882477258,0.1229264290615164
Netherlands,2021,0.17145848448184497,0.15974302107369498,0.17725991416749004,0.16000407635762626,1.7326913173662337,0.11800815805233489,"MSCI World, resident currency",-0.0673522614099411,-0.03282635103959608,-0.06414679827625713,-0.06439282265868373,-0.03282635103959608,-0.06141434965419701,-0.029841292890192068,15,0.028266680000000002,0.04353215150845502,0.04073925517890564,-0.0646718177027612,-0.008759257511108842,-0.12671908148177602
Netherlands,2022,-0.09761012191229212,-0.12268211924008188,-0.1396922304779208,-0.12192755856614401,1.9493683623232287,-0.16286994012107214,"MSCI World, resident currency",-0.24315400796213338,-0.10116691163086677,-0.2261412555808211,-0.22816240148074152,-0.10116691163086677,-0.21630572378397128,-0.08905968244174688,15,0.1163536,0.04943193789242839,0.07789352635218516,-0.04319532740699539,0.21579341770830585,0.023189233278403387
Netherlands,2023,0.07856349643403626,0.1325289087263697,0.1604505407014093,0.13150061705964466,1.8946399583012246,0.16376594296963431,"MSCI World, resident currency",-0.002765852979810912,-0.006391801396176344,-0.014547214010420695,-0.014444497684682034,-0.006391801396176344,-0.031206571824443308,-0.023548563115509267,15,0.04096163,-0.04177778929148679,-0.04187526248660767,0.017003513512843016,-0.04645711351966453,0.0740155070093893
Netherlands,2024,0.11591374426883494,0.15307084422995643,0.16872677633759461,0.15230947345773815,1.8927454268944524,0.1466077015283309,"MSCI World, resident currency",-0.009433317507204553,0.003769065051317577,-0.011293310625634656,-0.011193412180304008,0.003769065051317577,-0.014986203052974156,0.00011754921201451533,15,0.031966800000000004,0.010422657624644671,0.01121684716082716,0.02171369326854866,0.024772052873221595,0.21103882518296757
Netherlands,2025,0.0818762876189707,0.14033379671609314,0.17840602779927725,0.13908361766063315,1.8160978065316118,0.1286622637216701,"MSCI World, resident currency",-0.011675851087860178,-0.0022443720623763763,-0.010944520812102398,-0.010925175895960426,-0.0022443720623763763,-0.016533597353774243,-0.008008142199079098,15,0.026607859999999997,0.08570172767326212,0.08239723545148925,0.015139307087717269,0.05719774413541101,0.5545427977148363
Norway,1927,0.13538608736792934,0.32894593536285455,0.2596160010209692,0.32894593536285455,3.758,0.3262880434921289,"reconstructed, resident currency",0.12203064668901886,0.13969622796634962,0.1705927900301627,0.16885851959702514,0.13969622796634962,0.16752239590168783,0.1388525844939869,15,-0.09554846761891533,0.3787956285512919,0.36700732987436124,0.06069651650102048,0.3219231147641506,0.04645705240673581
Norway,1928,0.18493910335715547,0.40496401790664915,0.3244522734558517,0.40496401790664915,3.75,0.4021540898708358,"reconstructed, resident currency",0.1637397893530006,0.11588056167950311,0.15015169654480198,0.14918629109757475,0.11588056167950311,0.14476227731167635,0.11124537339303517,15,-0.06800061330879847,0.396810645223441,0.39381680747414216,0.05045226040342521,0.38357234039376276,0.058541884590657345
Norway,1929,0.13320572785017015,-0.032344624916914144,-0.0737750518393066,-0.032344624916914144,3.73,-0.03427993566708032,"reconstructed, resident currency",0.10563611191903566,0.08731856490679157,0.10042697571607206,0.10076071172428147,0.08731856490679157,0.09426310522451042,0.08087169390856792,15,-0.04425433906391574,0.24080238837249346,0.2395241935839154,0.03785806464463959,0.23259105281067805,0.03482691214626499
Norway,1930,-0.03186461555530207,-0.17954856760067817,-0.18427807659633857,-0.17954856760067817,3.74,-0.18118947046547684,"reconstructed, resident currency",0.12998564626623077,0.06202350266900347,0.10344824217638648,0.10506432796632281,0.06202350266900347,0.09702646013158467,0.05393503382669178,15,-0.027799294259401863,0.1327052181344075,0.14028063686229175,0.10740235214556271,0.18963960515175282,0.06745949840221055
Norway,1931,-0.07380369734543213,-0.013525696638389095,-0.2911880027225699,-0.013525696638389095,5.433,-0.015498645245112352,"reconstructed, resident currency",0.040967061186177434,0.09156988808228861,0.03194525082580624,0.027099112387891422,0.09156988808228861,0.41422714940187544,0.49567471409344027,15,-0.05338172804532726,0.2914167066362494,0.4093181249856559,0.15094084355712933,0.9019022506823475,0.5390484017105288
Norway,1932,0.05175294967253752,0.055446977345716686,0.10498743589525768,0.055446977345716686,5.95,0.053336083391025246,"reconstructed, resident currency",0.15713634399541054,0.054384761108126733,0.17553555824041345,0.16514645532179983,0.054384761108126733,0.13431405650333916,0.022040542243175146,15,-0.021135322173383875,0.04418797402226815,0.04812897394090365,0.16025907588768828,0.1586869708606664,0.11889617863495472
Norway,1933,0.2392538397834012,-0.0003528027483036267,0.3886391145826219,-0.0003528027483036267,3.92,-0.0023520971428070414,"reconstructed, resident currency",0.035742382336220846,0.0417282758015205,0.08755366685138877,0.07835260994833071,0.0417282758015205,-0.08734476151551307,-0.12910358139907202,15,-0.01442629215629998,-0.0974649942928163,-0.036660551194132696,0.030170519994877854,-0.43386305396673,-0.3709843075057757
Norway,1934,0.11393647217656011,0.1703664554098845,0.017754335812760393,0.1703664554098845,4.045,0.16802572249906467,"reconstructed, resident currency",0.11824058332453369,0.022522000178223367,0.1414463572857554,0.17505736318170406,0.022522000178223367,0.39027368153626707,0.24415559132217624,15,0.0024234199302055615,-0.014011567030655092,-0.013889394038269831,0.008767156750223437,0.03212617885837754,0.7512543675272045
Norway,1935,0.2915242620905849,0.2379799158237461,0.2683006196397455,0.2379799158237461,4.058,0.2355039559920986,"reconstructed, resident currency",0.00805300268128506,0.0028881638615112504,-0.0030440675353983204,-0.004523055897241113,0.0028881638615112504,-0.022331557230784504,-0.015268648421775036,15,0.022048157818393754,0.025887663072364786,0.02582854059625328,-0.0020322077192309607,0.02447591452966691,-0.02949879484342688
Norway,1936,0.31885476332337803,0.24788816803085223,0.2614999819350031,0.24788816803085223,4.073,0.24539239169479043,"reconstructed, resident currency",0.005122874255045318,-0.0006037811918394587,0.0303801685395928,0.029220483432871758,-0.0006037811918394587,0.01383357588127887,-0.016417372474638942,14,0.026019490964140912,0.2734781263081738,0.2751042417994518,0.012372876775614161,0.28036937696735964,-0.02159558238130055
Norway,1937,0.050167641374118555,-0.29048394486945084,-0.23394841682348874,-0.29048394486945084,4.001,-0.2919029769797119,"reconstructed, resident currency",0.015936763172063495,-0.03845385737529616,-0.04215751393850353,-0.04325666687719443,-0.03845385737529616,-0.12909162407166563,-0.12702283724708133,14,0.07119144227222152,-0.1021480874734696,-0.10121141209522533,-0.011132956950033579,-0.1227826277734978,-0.0820493764571385
Norway,1938,-0.01540205293894037,0.07344608026810984,0.052302180096608364,0.07344608026810984,4.278,0.07129918810757352,"reconstructed, resident currency",0.0358225225210167,-0.007799999639394151,0.019401334497772815,0.017910598276901668,-0.007799999639394151,0.055319113300553724,0.030794611616630614,14,0.033057851239671754,0.07232025713030765,0.07967318635869947,0.047570894586841384,0.14739490684485168,0.038358781898785166
Norway,1939,0.024801672790066176,0.01731832471270134,0.0231498610050175,0.01731832471270134,4.4,0.015283688063275847,"reconstructed, resident currency",-0.13774720142356833,0.013462804503117543,-0.045971063186500905,-0.04536256244917447,0.013462804503117543,-0.060417964486416786,-0.001851962144624884,14,0.01266666666666505,-0.11185563219581063,-0.11301770560777047,0.022205827566040615,-0.10307697388618198,0.0013455224703560198
Norway,1940,-0.008317398915674845,-0.19107478769211161,-0.0858983411263021,-0.19107478769211161,4.393432336331311,-0.19269263811672743,"reconstructed, resident currency",-0.02434401905587158,-0.123050663303926,-0.06182655564716255,-0.06769451924751124,-0.123050663303926,-0.11562728389292032,-0.17214061978738052,14,0.16688610928242342,-0.13098771682832933,-0.13102705568702644,0.0059249679692383594,-0.140881581038373,-0.1503302696814547
Norway,1941,0.03845560633528766,-0.09183189565901251,-0.05226427664819615,-0.09183189565901251,4.387872451646628,-0.09364823186769444,"reconstructed, resident currency",-0.006986619781252479,-0.12979965142524208,-0.08577362465433036,-0.08462233411741793,-0.12979965142524208,-0.06715364418011571,-0.11174715202400597,14,0.1721438645980249,-0.15156040134723092,-0.14915101000468756,-0.07583315048804296,-0.1938599535449287,-0.1882720532046871
Norway,1942,0.16080464232156677,0.05178530486200761,0.04057092905692712,0.05178530486200761,4.3805541035023525,0.049681734252283505,"reconstructed, resident currency",-0.03493444969258852,-0.037776264681887106,-0.007989200399809215,-0.009723510126719903,-0.037776264681887106,-0.058582429548833304,-0.08911721938023129,15,0.06004452199025345,-0.028163406760982945,-0.027846727583806463,-0.07087970183543024,-0.020035490041249382,-0.04656301468918389
Norway,1943,0.0395036442445762,0.15470182030441126,0.1081495337274904,0.15470182030441126,4.3805541035023525,0.15239241666380243,"reconstructed, resident currency",0.0319747167825708,-0.004355679106719634,-0.007571992742855582,-0.005249997133626949,-0.004355679106719634,-0.011616257168742594,-0.011043856277338126,15,0.02446222827629163,0.21271131021952105,0.2178745636734063,-0.019568422192413393,0.23718044172788022,-0.000436195276957152
Norway,1944,-0.03459684883432712,0.12291366528081427,0.10049510598140886,0.12291366528081427,4.3805541035023525,0.1206678379502526,"reconstructed, resident currency",0.008645269369189634,0.007607267509359916,0.05088035012030767,0.03770106452566546,0.007607267509359916,-0.016882067026562364,-0.04899466474296281,14,0.012299168975069108,0.08316663458604912,0.08203080520582495,-0.011389603351630306,0.06803833289908345,-0.020027193852409253
Norway,1945,-0.1222425340491089,0.2754271252545899,0.16902127572294676,0.2754271252545899,4.717937169237699,0.27287627100408063,"reconstructed, resident currency",0.05763925768818545,0.0019051710478310557,0.04992382988112398,0.04924749233619319,0.0019051710478310557,0.013228643684494834,-0.03523280727601024,13,0.018060420315237913,0.19002221675695408,0.20296167886187289,-0.013237632217602213,0.26809099294894434,0.05383145696070768
Norway,1946,-0.049782145361797814,0.27382984769007823,-0.05508206950742869,0.27382984769007823,7.0,0.27128218799469805,"reconstructed, resident currency",0.02694384295008545,-0.009701563318828321,-0.008706519227523302,-0.0015149461434378342,-0.009701563318828321,0.05350836266315073,0.04664772975842026,12,0.024943554456508643,0.5026865340464743,0.6552347558047957,-0.1458067950930625,1.0326680373471433,0.3221320200824833
Norway,1947,0.08557072791918863,0.08261233087266695,-0.10952073667834121,0.08261233087266695,8.0,0.08044710621092155,"reconstructed, resident currency",0.01484998340089061,0.009967642273764898,-0.04452247664063569,-0.05103320784908594,0.009967642273764898,0.08255747223223797,0.14678413175753155,12,0.00498269170250798,0.07821901977838408,0.10195010497556112,-0.07460156340503099,0.284789286592978,0.18747019017897704
Norway,1948,0.11727864528537446,0.1874682091349844,-0.10083113230552385,0.1874682091349844,9.25,0.1850932727167145,"reconstructed, resident currency",0.04253502270428822,0.02193342407523513,-0.0001366404981459901,0.005083942171113298,0.02193342407523513,0.10375869173309349,0.12202444829228948,12,-0.006784614581703652,-0.022902238894838445,-0.020394556112958262,-0.016410018909050028,0.17880362529236238,0.21571391088485714
Norway,1949,-0.04169428578870149,0.02469216207085534,0.0776680097906765,0.02469216207085534,9.2,0.022642777746713527,"reconstructed, resident currency",0.01876523829316845,0.013736936437493075,0.025602030446056467,0.0386627543471576,0.013736936437493075,0.043284778089669906,0.01958378327490718,13,0.0012459477225614801,0.18264248942611827,0.18279201735696748,0.031435476496074255,0.1835728908436527,-0.0012743567109078091
Norway,1950,0.12291872724563357,0.23135519088249112,0.18936433667400346,0.23135519088249112,9.7,0.2288924805007262,"reconstructed, resident currency",-0.05865390078494637,-0.03550077571275312,-0.04626466712378685,-0.043559991743858495,-0.03550077571275312,0.023292490620897333,0.03278355026589487,14,0.05235958112335082,0.0784580708844056,0.0786698449316956,-0.044909057796571394,0.08134034732792195,-0.047078078372096877
Norway,1951,-0.029921306952973348,-0.04721253709777362,0.13293048111647038,-0.04721253709777362,8.8,-0.049118112023578075,"reconstructed, resident currency",-0.1313825127188053,-0.12382083920062059,-0.14058940039948242,-0.13835965395084238,-0.12382083920062059,-0.20592075276883948,-0.19283939666452568,15,0.1584388730938222,-0.1446113535792415,-0.14504690209207416,-0.044855439335450886,-0.2117491886182814,-0.2046261101357827
Norway,1952,-0.10166343851463888,-0.06260383765332023,0.08582200393536435,-0.06260383765332023,7.79,-0.06447862997801357,"reconstructed, resident currency",-0.05034639004882124,-0.068830212158982,-0.04588501306642667,-0.04853562778813103,-0.068830212158982,-0.09223005459449318,-0.11363240432330889,15,0.09002677376171331,-0.10830016451773494,-0.10664608509846896,0.003226921042449371,-0.2019759402602097,-0.17977253278682925
Norway,1953,-0.031051341364838225,0.06435916749028214,0.0654432198627948,0.06435916749028214,7.79,0.062230449155301626,"reconstructed, resident currency",-0.003272762039997157,-0.005059691339886818,0.01942718793171916,0.02100559733788887,-0.005059691339886818,0.05425501951196465,0.029401905489981582,15,0.020161702998670483,-0.07799927728615341,-0.07796131145766405,0.006703548557218442,-0.07859389832951824,-0.022578951411528547
Norway,1954,0.23842328137554492,0.4407304413925348,0.4633295440048715,0.4407304413925348,7.93,0.43784898050974963,"reconstructed, resident currency",-0.03222318470163088,-0.028096061800386707,-0.007894764513176611,-0.005926717328331388,-0.028096061800386707,0.03523347104090502,0.01460140820513495,15,0.044341894060994536,0.43509686054009755,0.4473194139746901,0.018564239040369523,0.47131221137154955,-0.021461725168343215
Norway,1955,0.07868688458691975,0.20811661933457115,0.25331450456673665,0.20811661933457115,7.64,0.2057003860959019,"reconstructed, resident currency",-0.09041031945295586,0.010361938626539668,-0.007878374458229476,-0.008254685753771196,0.010361938626539668,-0.023904744873903705,-0.005564518546496755,15,0.008549471661863262,0.4117747510346217,0.39299394873939697,0.011922977581826144,0.34722234813087915,-0.05405251273603273
Norway,1956,0.13500977728059382,-0.006122412956019896,0.025349297019891394,-0.006122412956019896,7.52,-0.008110168130107898,"reconstructed, resident currency",0.004032682913973851,-0.015724771964257478,-0.048754930618582715,-0.04883725950433837,-0.015724771964257478,-0.06319763166025105,-0.030450806142322682,15,0.037717877893132856,-0.03825558071654345,-0.03756343466350598,-0.012271588679896195,-0.07107404173277532,-0.06825663154644435
Norway,1957,-0.1410126037905658,-0.09439999378277952,-0.08794509147553654,-0.09439999378277952,7.45,-0.09621119379521392,"reconstructed, resident currency",-0.012676700238385852,-0.005776506824091476,-0.02734323135487815,-0.027139751155676572,-0.005776506824091476,-0.030555757216104595,-0.008741982492723828,15,0.02753556677374891,-0.16088527329849656,-0.1597483427327967,-0.011143687996010843,-0.16804103694499262,-0.03618840017070457
Norway,1958,-0.07936142594131157,0.21741931375219492,0.2938767854670271,0.21741931375219492,7.149999999,0.21498447512469054,"reconstructed, resident currency",0.010126142381299053,-0.02600353392606214,0.02414416835092159,0.022580092775923433,-0.02600353392606214,0.00565468477636899,-0.0433161389948528,15,0.048771773112997074,0.032512121051004206,0.02995147334152337,0.006882515564111014,0.003419956395703805,-0.07946857711209077
Norway,1959,0.10718372556955136,0.21971538856483486,0.23323748930248456,0.21971538856483486,7.154999999,0.21727595778770525,"reconstructed, resident currency",0.030996348617582825,-0.00038077108078282684,0.0141491917859764,0.015241370785055164,-0.00038077108078282684,0.029894013755614512,0.014984197411683086,15,0.021889106549698,0.18155376255037203,0.18138372538898806,0.010506777644549326,0.18055651452238353,-0.02999739104328314
Norway,1960,0.09801063423647549,0.04301894887713553,0.026727125319152514,0.04301894887713553,7.147499999,0.04093291097938123,"reconstructed, resident currency",0.04076326370979566,0.01867366239679802,0.016830471841949857,0.018140689879110328,0.01867366239679802,0.0436287667277484,0.0456120693072043,15,0.003167194532422535,0.011927334423876168,0.012028452174979831,0.012803101551821738,0.016818621921233845,-0.0088859252638267
Norway,1961,0.06075564051454685,0.16913901176631474,0.1745503432694984,0.16913901176631474,7.134999999,0.16680073374278215,"reconstructed, resident currency",0.002499911629379792,-0.0029793287970321103,-0.014881565906871286,-0.013953045715154433,-0.0029793287970321103,0.010999486326394692,0.023260414605908462,15,0.02575606513791895,-0.01647419452210419,-0.016279468376463546,0.023604783271376606,-0.0068074678815147616,-0.025956982118689353
Norway,1962,-0.2306289070979065,-0.12781517973743317,-0.1023088124408307,-0.12781517973743317,7.149999999,-0.12955954937795833,"reconstructed, resident currency",0.000566081848589528,-0.02708616911622974,0.03509309356816681,0.03675217456376134,-0.02708616911622974,0.04983343740898105,-0.013428662994377267,15,0.05240563745342652,-0.18652620620738092,-0.18761188963468556,0.01825126995188109,-0.17977899881984494,-0.05224366421545479
Norway,1963,0.07905430178483042,0.1401684334110349,0.1385841984077565,0.1401684334110349,7.162499999,0.13788809654421286,"reconstructed, resident currency",0.040209347964142106,-0.001797720572829009,0.00041471952349603214,0.0015628417712700848,-0.001797720572829009,0.02032850814855336,0.018010793100087418,15,0.026244901100592744,0.047322158004063475,0.047985631023385045,0.01837742808505438,0.05608555992696296,-0.03203124315315675
Norway,1964,-0.02509136675153778,0.025832079221436377,0.06127576645076923,0.025832079221436377,7.159999999,0.023780415062993443,"reconstructed, resident currency",-0.017121065176565642,-0.029746779749208696,-0.04768265335855015,-0.0473009050462011,-0.029746779749208696,-0.02987821829675119,-0.011234773468046643,15,0.05632218389080523,0.19575418707929937,0.1996891634433251,0.027000180476569158,0.21362205544036272,-0.055506795870396086
Norway,1965,-0.06949383161570633,0.04530987111359819,0.06391072504032387,0.04530987111359819,7.149999999,0.04321925137137095,"reconstructed, resident currency",-0.007774169993914781,-0.01594922977741231,-0.022892381463852307,-0.022401003085468663,-0.01594922977741231,-0.006264129092229176,0.0010835940141931343,15,0.042527511537094,0.09016971647287764,0.09318461809569945,0.03155536016230376,0.11192952901673836,-0.041474515169218074
Norway,1966,-0.11495447722285335,-0.08953043971661945,-0.09130474950437577,-0.08953043971661945,7.154999999,-0.09135137883718625,"reconstructed, resident currency",0.014415539037350156,-0.006513995623055435,-0.027144198760847504,-0.026483630108108502,-0.006513995623055435,-0.005192898375710353,0.016014287544610546,15,0.03302914737128737,0.043539229736794915,0.04489036303075933,0.010884962315295343,0.059332276064294476,-0.04704575818069667
Norway,1967,-0.07453156949303574,0.13743959242465786,0.18176263914845575,0.13743959242465786,7.149999999,0.1351647132398086,"reconstructed, resident currency",0.014480752310411349,-0.015715345895823574,-0.01893921979484181,-0.018878204682443278,-0.015715345895823574,-0.03732403267888962,-0.0348004316191444,15,0.04390533324543533,0.04702262351479236,0.04903697294195819,0.01912916025527034,0.06666416993151514,-0.049026517563719896
Norway,1968,0.10287998292476641,0.16519842950923969,0.1596071548550015,0.16519842950923969,7.149999999,0.1628680326502212,"reconstructed, resident currency",0.014901887646135314,-0.006955989325622358,0.0038515161828405198,0.005056573081614113,-0.006955989325622358,0.024596175353473138,0.013837474730989412,15,0.03530154720555623,-0.05613282701250433,-0.05609197867030691,0.011003722479790534,-0.03243035170524067,0.14720277885874222
Norway,1969,0.18132222063972714,-0.07689074016667541,-0.0944045414253277,-0.07689074016667541,7.149999999,-0.078736958686342,"reconstructed, resident currency",-0.07674242978379997,0.003941782442089092,-0.05177983079394477,-0.051848903884130215,0.003941782442089092,-0.026900816034759245,0.030489727695510165,15,0.03073705924621084,0.17199596707837084,0.17952059287872002,0.01323387456286551,0.20996541302037675,-0.19362209424656773
Norway,1970,0.2323651919074894,-0.09962816124331597,-0.05758127156148235,-0.09962816124331597,7.139999999,-0.13475035749332498,"MSCI World, resident currency",-0.0444659354539384,-0.06103606977932374,-0.08198751799147597,-0.08057185931200639,-0.06103606977932374,-0.05358563055792043,-0.03190675769120936,15,0.10589977783263338,-0.1144665176912889,-0.1137963995456499,0.020938455464238448,-0.07942091508612725,-0.04210099684555313
Norway,1971,-0.23526365975645247,0.062127145619540025,0.0961364344238544,0.062127145619540025,6.709999999,0.08247117748589305,"MSCI World, resident currency",-0.011051093020449487,-0.02276793927852705,0.024549910933883812,0.026506374586964032,-0.02276793927852705,0.049554132776976845,0.0017405539986160865,15,0.062388392857141595,-0.14400464593615225,-0.14139725458168118,0.017643971771362565,-0.1781568042256887,0.03792485083914965
Norway,1972,0.09078993413954684,0.1514105662185119,0.19658835417952697,0.1514105662185119,6.639999999,0.14917901526565536,"MSCI World, resident currency",0.0017406304905125403,-0.03177798309991109,-0.01592509107846829,-0.014374821884769906,-0.03177798309991109,-0.002407786236860665,-0.019158698422904845,15,0.07217144658051966,0.07546294619145955,0.07484011318004025,0.01154035341542925,0.07095598734934616,0.36565063185657976
Norway,1973,0.33910118387755306,-0.24259958361297695,-0.15395296638726508,-0.24259958361297695,5.727499999,-0.34734347461797765,"MSCI World, resident currency",-0.03260686572287341,-0.03179812103920465,-0.10149704479897426,-0.10223873671461248,-0.03179812103920465,-0.14165949107750297,-0.07386688741309702,15,0.07446600039192841,0.43194184242449896,0.36801801631056485,-0.005739170208360234,0.2543788163394127,0.3488940490624519
Norway,1974,-0.3834992853171898,-0.37329368707416055,-0.3383416208627893,-0.37329368707416055,5.204999999,-0.374577821111304,"MSCI World, resident currency",-0.11764550662450912,-0.045512926916060015,-0.12588414774267165,-0.12468469721718745,-0.045512926916060015,-0.11595087405658977,-0.036266595036560184,15,0.09420025533466947,0.19792903419555574,0.1811674819631206,-0.018682411153460032,0.13552245183838285,0.3611016794032511
Norway,1975,-0.2102368519718666,0.2633008484198487,0.21432084119533484,0.2633008484198487,5.584999999,0.3265246224612981,"MSCI World, resident currency",-0.04458190264559281,-0.06280476761775111,-0.028389156943617766,-0.026044013311523395,-0.06280476761775111,-0.0007680405919040512,-0.03537391915032398,15,0.11684307025585405,-0.17818900707434904,-0.18270310023066927,-0.002214119066057396,-0.08255541151458556,-0.26687746396891665
Norway,1976,0.026355812837122405,-0.03909575416254618,0.061454937595581134,-0.03909575416254618,5.184999999,-0.007195529097941189,"MSCI World, resident currency",-0.01081129102137035,-0.039488134522727814,-0.05842656402384783,-0.060813110007096105,-0.039488134522727814,-0.11653988153444816,-0.10079355850313286,15,0.09170957391239565,0.0903871306169386,0.0793849951248553,0.0049242743921680265,0.026153562598054902,-0.1820217803705595
Norway,1977,-0.28192768075033536,-0.030188107692543875,-0.06550805723762641,-0.030188107692543875,5.139499999,-0.04877822855238512,"MSCI World, resident currency",-0.092808855449099,-0.0364335036485669,-0.020426862629601472,-0.008112128044488243,-0.0364335036485669,0.03404132145307193,0.007794430652908161,15,0.09063568010936596,0.20856748505149159,0.20641020191677661,-0.011551278487003214,0.19966836341883587,0.1079802792731046
Norway,1978,0.012184257402189091,0.05594817325172374,0.029775039370566466,0.05594817325172374,5.022499999,0.0615679243082905,"MSCI World, resident currency",0.01028670064128212,-0.01686186600706574,-0.013314132536632939,-0.006669616677526191,-0.01686186600706574,0.08242161396139536,0.08062789672499658,15,0.08153672599648742,0.2530601061247941,0.24608736441993395,-0.010424790546951224,0.2265830769937376,0.21765581215134744
Norway,1979,0.5399969073497357,0.04923998027990195,0.05530064639354339,0.04923998027990195,4.925999999,0.053038619848859936,"MSCI World, resident currency",-0.09059963672378446,0.02001658752492408,-0.05726307369866235,-0.05616405720733164,0.02001658752492408,-0.04362613557264661,0.03502063075471271,15,0.04772806022393872,0.40983076008777375,0.4026464065576554,-0.02032579690849734,0.3877557592649359,1.0419067255568262
Norway,1980,-0.14053871731831757,0.21047182431804168,0.12348174821841121,0.21047182431804168,5.179999999,0.21183300817148187,"MSCI World, resident currency",-0.016255560535348934,-0.03396154717876987,-0.0881829180134156,-0.08567887808131092,-0.03396154717876987,-0.05069504756442189,0.006040516668187382,15,0.1089620675281393,0.12962826795410343,0.153752238242314,0.000695567814542164,0.23384639194016654,0.07668308572861404
Norway,1981,0.06399591009886607,-0.03838569943319137,-0.05735005536214016,-0.03838569943319137,5.807499999,-0.043116646349377175,"MSCI World, resident currency",-0.17452204096175283,-0.05346416375111862,-0.09925941423158191,-0.10047852777775013,-0.05346416375111862,-0.09528986178695664,-0.047730009904450095,15,0.13667117726657518,-0.023605073983514968,0.012974953346261753,0.06875376114405274,0.1900694298211727,-0.33463673500322066
Norway,1982,-0.21067630129395776,0.1927356463712071,0.07596934434459753,0.1927356463712071,7.053999999,0.23323168303031672,"MSCI World, resident currency",0.030350872979590715,-0.02948191185750948,0.04339266592775792,0.06121940416885874,-0.02948191185750948,0.1364779548591435,0.05527144404086707,15,0.1134259259259256,0.08916298237085218,0.160766898092362,0.08419578734237465,0.40749464620338816,0.2755227518035692
Norway,1983,0.7784519077594902,0.24152474595824236,0.21065077595202752,0.24152474595824236,7.72218,0.2507196807371648,"MSCI World, resident currency",0.10078258389176109,-0.0002863925609851714,0.039093273918661575,0.034448901922127684,-0.0002863925609851714,0.013598539999339021,-0.023878083419421516,15,0.08411048411048383,0.05895237436955081,0.07439327689506836,0.04999397713684739,0.17107003629753126,-0.15431637207013382
Norway,1984,0.24468116680481744,0.1781111351571063,0.08451743499286321,0.1781111351571063,9.087,0.14721605864166265,"MSCI World, resident currency",0.0782847227574286,0.02296681013043589,0.05537342717671678,0.06331548981229895,0.02296681013043589,0.11024443078847468,0.07610805639025171,15,0.06279107994082689,0.026690243312915696,0.046963465483923494,0.06256920408590982,0.22991188829795584,-0.10989883713224835
Norway,1985,0.2850955015689638,0.14811265888089897,0.2576827344208424,0.14811265888089897,7.5825,0.11510178371686264,"MSCI World, resident currency",0.01334384892929874,0.031364685972858464,0.10065384215461792,0.10138863249327779,0.031364685972858464,0.09512718358698935,0.023781902724151933,15,0.05665824612053294,0.2645094455795238,0.21071831560706844,0.041566294338919674,0.04307149974791091,-0.16914824866975164
Norway,1986,-0.1288348069920927,0.2727400404887683,0.25457880117916293,0.2727400404887683,7.4,0.29639880275922303,"MSCI World, resident currency",0.06401708421364538,0.020834958506104728,0.08047996575523997,0.09547422836858521,0.020834958506104728,0.2152770002954174,0.1504849130430825,15,0.07186768149883016,0.19509873753955143,0.1847149372051191,0.05503815580608573,0.14427288277345696,0.08476398371825855
Norway,1987,-0.1798014112642221,-0.017481166905437773,0.07545794132476248,-0.017481166905437773,6.2325,-0.10313873936438744,"MSCI World, resident currency",0.059220690608654536,0.019903883818024326,0.007953183433618838,0.00796467362804898,0.019903883818024326,-0.009973668751189213,0.0009269451077861553,15,0.08725931995083869,0.14870581459131427,0.11245890163962602,0.0219249880214456,-0.07773669118443871,-0.047440124560401586
Norway,1988,0.25358389832624884,0.1388409292357875,0.1413626642922643,0.1388409292357875,6.57,0.2263579144116763,"MSCI World, resident currency",0.13650677258133115,0.04162679188334084,0.06347767540336391,0.05999110461467194,0.04162679188334084,0.02495467823543218,0.005277698879957637,15,0.06698484467889165,0.12218291295669559,0.12403176153476791,0.030389429819428715,0.1363429138048149,-0.17247726807779584
Norway,1989,0.528190784567619,0.15457210289363044,0.21655122749470046,0.15457210289363044,6.615,0.11735604792824161,"MSCI World, resident currency",0.10492973357475988,0.0453783936730634,-0.009456238796460514,-0.007955220960088494,0.0453783936730634,0.005985836535351341,0.06148858564955279,15,0.045554422035626985,0.051986136076716205,0.052254660110967244,0.04313487985098852,0.05506286078971945,-0.07049154644639377
Norway,1990,-0.11442402928119111,-0.175959549103465,-0.13236634419039703,-0.175959549103465,5.9075,-0.3028531073887546,"MSCI World, resident currency",0.07952295227948869,0.046458802879870253,0.015519620360236797,0.01695526050306917,0.046458802879870253,0.030709246013843172,0.06248972325502612,15,0.04113033362104601,0.0668695216822035,0.05594760449772962,0.019629465469601426,-0.06436935558349455,-0.18255596349412828
Norway,1991,-0.1462876657822535,0.08215406098381828,0.05170375718217703,0.08215406098381828,5.973,0.182074666396425,"MSCI World, resident currency",0.11387724040791936,0.05104701416939483,0.12266579264365363,0.1253962734801286,0.05104701416939483,0.13579002643346283,0.06285480766423059,15,0.03420682694733923,0.04153346271082037,0.04111000339063131,0.0295655869605842,0.033728174189406435,-0.1039092680929411
Norway,1992,-0.06953657471011798,0.12912339759432934,0.006693651275622728,0.12912339759432934,6.9245,0.07824214901296189,"MSCI World, resident currency",0.1123090629181589,0.061635264238510956,0.09644676106968464,0.10168526619053386,0.061635264238510956,0.14660527433730186,0.11077378300232318,15,0.023421162693432196,0.02777838989763537,0.02783113413525018,0.008383806062487231,0.13333570586540433,0.05858478982792836
Norway,1993,0.5582370981383014,0.2555926997910565,0.15052020950068393,0.2555926997910565,7.518,0.30590590193601597,"MSCI World, resident currency",0.29788599917829095,0.04056370982970958,0.21330036403962116,0.21438057087996798,0.04056370982970958,0.2314572406042248,0.05787089622990378,15,0.02271488897970375,0.21673631969508378,0.22713693830721016,0.004321478172269577,0.27812824673381065,0.2407635308904117
Norway,1994,0.09869790677542589,-0.07178968393991492,-0.020463843154812707,-0.07178968393991492,6.762,-0.07619383812807456,"MSCI World, resident currency",-0.1149538947547456,0.026050124880770298,-0.11454529576472894,-0.11570858891774771,0.026050124880770298,-0.10353057083232775,0.039223848507898625,15,0.013985548266791215,0.025947824398105723,0.022118260331812856,0.016542435122898214,-0.07955319162907437,-0.13997192686868443
Norway,1995,0.1399853993097968,0.11148587236957286,0.18526730166196984,0.11148587236957286,6.319,0.09717898472175479,"MSCI World, resident currency",0.1655205387141283,0.015261071266036819,0.16504965927732962,0.16679496881956668,0.015261071266036819,0.1729231073698636,0.02219142852511269,15,0.024564053725657065,0.1879764926136387,0.1767290742846075,0.033488873052366586,0.12955791510817072,-0.08377364796329889
Norway,1996,0.31782691645589023,0.20686599858763333,0.19450470910614018,0.20686599858763333,6.4425,0.13468433008922687,"MSCI World, resident currency",0.08191891667963924,0.0241986215328025,0.12296365624474626,0.12245215441061319,0.0241986215328025,0.104960020520241,0.007403445030484179,15,0.012596557581973977,0.18309367822143807,0.18916558312048193,0.020154971252071885,0.21810622686042946,-0.04978611340348982
Norway,1997,0.33336671798677364,0.33757991052403513,0.23347253582551244,0.33757991052403513,7.3157,0.287324398599057,"MSCI World, resident currency",0.084631316181496,0.0018544877513859692,0.09137984817546974,0.09387845513348325,0.0018544877513859692,0.1092987235626024,0.018296571889718324,15,0.02579767029627722,0.19356419487705256,0.23636783366344383,0.038183713171633826,0.39875994293744443,-0.12952615127646627
Norway,1998,-0.28665156546440074,0.2423907771136522,0.18720025418472033,0.2423907771136522,7.6,0.2572954459332606,"MSCI World, resident currency",0.03927741985093136,0.015434722118025102,0.13187408040971205,0.14412862979302998,0.015434722118025102,0.22512984872958808,0.0993846144643442,15,0.024881242596016984,0.24728505832600667,0.26160410632587383,0.0384762766424287,0.3104976478035151,-0.0012532272407868028
Norway,1999,0.44298019759643936,0.26004457134042314,0.22574898653003084,0.26004457134042314,8.0395,0.2845164395781301,"MSCI World, resident currency",-0.027386426952466625,0.0266469014501709,-0.05733299820982318,-0.053690501853117856,0.0266469014501709,-0.10377804830899562,-0.0248734465325641,15,0.023331389050912366,0.028425634425364166,0.031004643410054822,0.025016298269186832,0.08400840628313766,0.03280951573801483
Norway,2000,0.01151729055443429,-0.00404363568921573,-0.04999425042576945,-0.00404363568921573,8.8485,-0.07335049857458975,"MSCI World, resident currency",0.042126337880795006,0.017499281929167054,0.06520451967545937,0.06677743877015696,0.017499281929167054,0.07815421230555009,0.029665616918632565,15,0.030860679097793664,0.015145111261436028,0.02204734074887349,0.02935847551351123,0.13368833715648343,0.005105296800307357
Norway,2001,-0.171135916293646,-0.17698680622758634,-0.16399632456678487,-0.17698680622758634,9.0116,-0.1676644767084282,"MSCI World, resident currency",0.00795247776411201,0.027108265626577976,0.036535455760349445,0.033900120541132006,0.027108265626577976,-0.02233091304839019,-0.031017171640650786,15,0.030173775671406666,0.12394272144444107,0.12609376487506951,0.024736810195639336,0.14012790639220785,0.004141988152785325
Norway,2002,-0.3196267420373837,-0.3672500462717613,-0.22978219440477807,-0.3672500462717613,6.9657,-0.39402262542330746,"MSCI World, resident currency",0.08803579838414932,0.04217525986527382,0.12648983214886877,0.11209699917500915,0.04217525986527382,-0.013256658281567302,-0.08666215044246145,15,0.012881459898788084,0.1023581284345485,0.08406087506771853,-0.00596150761007852,-0.18495450593653662,-0.053979913801058044
Norway,2003,0.4481385670508209,0.1952349150408934,0.1740546578719679,0.1952349150408934,6.68,0.2485310066713975,"MSCI World, resident currency",0.127836662909125,0.012047793414305508,0.02209394765733741,0.026720179230067975,0.012047793414305508,0.142030293074896,0.13063397333256918,15,0.024753974261922496,0.1958686237384355,0.18372751462006498,-0.006956332666097742,0.12304048240997467,0.12002692918247493
Norway,2004,0.3780401390177348,0.05998624176147804,0.12399049655292138,0.05998624176147804,6.04,0.026074283785948227,"MSCI World, resident currency",0.0898351903977408,0.009103720429530338,0.07366840540503827,0.07185977729605897,0.009103720429530338,0.04696228161461602,-0.016207495294075006,15,0.004653911501810937,0.1650761742760538,0.14856687912668987,-0.017486342515833142,0.04852490189451819,-0.0677414064551225
Norway,2005,0.38371305375214293,0.18778611866134343,0.10556492960141126,0.18778611866134343,6.77,0.2093883003356798,"MSCI World, resident currency",0.056339133871088576,-0.0013992903721595784,0.044453841864976695,0.04413533257161206,-0.0013992903721595784,0.040460823741082175,-0.004688729199973851,15,0.015220588235293375,0.04863212805758432,0.06030769936035396,-0.0006986459582450921,0.19780642812494986,0.29564297131548334
Norway,2006,0.2941691903068524,0.11050465386030606,0.15618948675069397,0.11050465386030606,6.26,0.09250980868547942,"MSCI World, resident currency",-0.02805650847716057,-0.0030503652673994353,-0.03907982715552272,-0.03928589866008081,-0.0030503652673994353,-0.011705303896215158,0.025674598946776366,15,0.023321503585137737,0.13862721368777664,0.13056148370628096,0.024767261591463807,0.09184666904554328,0.1165075509345237
Norway,2007,0.10654410191232033,-0.05778382256906356,0.038600343265723674,-0.05778382256906356,5.41,-0.0759059382200632,"MSCI World, resident currency",0.004498612287727521,0.027211655634378884,-0.0013492908553681682,-0.0026209567501976894,0.027211655634378884,-0.052816741280751534,-0.024850648007545016,15,0.007289970981669391,0.20975085059317689,0.1806039777983588,0.011644528236934182,0.051180270678670814,0.11353504968873906
Norway,2008,-0.5572881432227941,-0.22795991579900055,-0.39615700403410736,-0.22795991579900055,7.0,-0.23219419584001433,"MSCI World, resident currency",0.0836439470267123,0.011697834198195256,0.11183641696195679,0.13473089397803228,0.011697834198195256,0.33487339121843585,0.21758351775392223,15,0.03766160764474358,0.28745083762192425,0.3971669404310163,0.03138761247384991,0.6994800235866807,0.3456397341778801
Norway,2009,0.6128695500364734,0.02827765435916274,0.236475646124999,0.02827765435916274,5.78,0.018266116095082996,"MSCI World, resident currency",-0.002731749072892531,0.0025757155060164294,0.0028216205553897034,0.00010306926165681851,0.0025757155060164294,-0.14100115528954948,-0.13956884402471342,15,0.02166847237269809,-0.0593575515928656,-0.04111738863803949,-0.019834602641820354,-0.25934905276006504,-0.0244529330026666
Norway,2010,0.15574532163181698,0.10326962248666449,0.09256300783689163,0.10326962248666449,5.86,0.10887931717904653,"MSCI World, resident currency",0.05655389531916377,-0.003020116615449986,0.02588574170713942,0.026341075690770932,-0.003020116615449986,0.009795978817680462,-0.019386522376037853,15,0.02399257688229084,0.00739573275675709,0.0073602254323095195,-0.011732246102603261,0.005003569730447355,0.2771456008735207
Norway,2011,-0.13579953039300285,-0.01694116282103919,-0.05100044663228483,-0.01694116282103919,5.99,-0.046063694874911576,"MSCI World, resident currency",0.13820334489783814,0.01045428494800893,0.076526877028539,0.07655981209522467,0.01045428494800893,0.06884906245674038,0.002734409484469517,15,0.013009708737864,0.093927044106765,0.09422125509328394,-0.025979726392153846,0.09757508717693608,0.09571945614321398
Norway,2012,0.14550618869318055,0.06134137019944319,0.12771319530509723,0.06134137019944319,5.57,0.08316699107988645,"MSCI World, resident currency",0.054196781439470154,0.016788732601513034,0.15273654222376098,0.1427880597012181,0.016788732601513034,0.06822567065781548,-0.05817037237483354,15,0.007092198581560627,-0.03774919133605137,-0.033655600001504915,-0.014131120381582707,-0.1202927486458587,-0.0008649951310930604
Norway,2013,0.21012432156793714,0.3842702426567399,0.29572260398006667,0.3842702426567399,6.08,0.35019902069079056,"MSCI World, resident currency",-0.06826125958985074,0.0012561319055031106,-0.012851591120243366,-0.012946075467829776,0.0012561319055031106,0.07029564548628042,0.0846940014687131,15,0.021317091739626592,0.06191277225912972,0.06621074458455589,-0.01307117198017016,0.1352828394054164,-0.2266675920988691
Norway,2014,0.028688883733256842,0.28893264326902,0.10400038519253253,0.28893264326902,7.43,0.2598120308355554,"MSCI World, resident currency",0.1364958643862464,0.0010282140305921672,0.18453644844227024,0.1982426040741192,0.0010282140305921672,0.26938628544373144,0.07248682377904721,15,0.02025096285252803,0.1783343889749165,0.2176060455327209,-0.006284064445272408,0.4248055836182769,0.206823393780599
Norway,2015,0.03686773692472478,0.18429201699767495,0.041966807839673534,0.18429201699767495,8.81,0.1449409643172448,"MSCI World, resident currency",0.0032059294263477867,-0.007474023937348306,0.0035941468363362983,0.004550200774836366,-0.007474023937348306,0.08197998350650804,0.07003735995253811,15,0.021736483195324396,0.06831367225717022,0.08022932905464875,-0.00531491867575451,0.2446240756772542,0.011226588301946894
Norway,2016,0.14152520361337873,-0.02919701043363765,0.03606054283562001,-0.02919701043363765,8.62,0.004063043453227166,"MSCI World, resident currency",-0.03526141647229031,-0.026902877532225866,0.015714821061469486,0.013017270167552164,-0.026902877532225866,-0.049204294627278156,-0.0890637261236558,15,0.035456766581249965,-0.09168275249995395,-0.08966221228761806,-0.014283553872012966,-0.11936014228772251,0.009831099938253152
Norway,2017,0.16445753992218326,0.14700398639985157,0.1621715142525891,0.14700398639985157,8.21,0.14727855106543997,"MSCI World, resident currency",0.0038553849118680983,-0.011094747177221254,0.015450766463980692,0.016934648010777487,-0.011094747177221254,0.06139254356331025,0.033286085312841676,15,0.01849999999999996,0.030107368379384436,0.027825203684350486,-0.00991627081888169,-0.014820768114054084,0.049545671128824686
Norway,2018,-0.027116445016482582,0.017114843567644478,-0.016069644125435843,0.017114843567644478,8.69,-0.056426088790653695,"MSCI World, resident currency",-0.030956515436687093,-0.019818358741803377,-0.0065650261761756035,-0.006634568490779258,-0.019818358741803377,-0.00036067163779385236,-0.013494230262702698,14,0.027666666667000017,-0.09016016189053011,-0.09370946525322521,0.0017853235335945072,-0.018891351586668215,0.020651292079202577
Norway,2019,0.1227795480952627,0.14238146755537473,0.1411742433028331,0.14238146755537473,8.78,0.2578195051929364,"MSCI World, resident currency",0.001549574312033286,-0.01218497675556629,0.06442992364328037,0.06370745394480837,-0.01218497675556629,0.055216105771783486,-0.020573499672317214,14,0.021749999999999936,-0.02969087144715865,-0.02968956981284676,-5.033643403207222e-06,-0.011081569285105175,0.16064494792464523
Norway,2020,0.02157492059096966,0.06684482689872673,0.06321020137054414,0.06684482689872673,8.53,0.1071559228732395,"MSCI World, resident currency",0.02691178011676465,-0.006665020982473457,0.030786003121459293,0.03181679095198975,-0.006665020982473457,0.07537413256813053,0.03678676375895677,15,0.012750000000000039,-0.12502286026124,-0.12202730597966704,-0.00489791713896115,-0.1486487309681951,0.18979335585988721
Norway,2021,0.1744281339747047,0.09073783119405543,0.1771790647140637,0.09073783119405543,7.797763992202134,0.052802684419434476,"MSCI World, resident currency",-0.054471448508896736,-0.02858238960158843,-0.06004027107297705,-0.05816095402412402,-0.02858238960158843,-0.11615538301343398,-0.08642375835840561,15,0.03461339,0.04811117432931389,0.04198595729934529,-0.0646718177027612,-0.06657128833815973,-0.17765135375227015
Norway,2022,-0.03807563768418576,-0.09172659558774654,-0.1386043141538004,-0.09172659558774654,8.726111450383463,-0.1212366350513594,"MSCI World, resident currency",-0.11038221094826794,-0.03442049333107311,-0.1686753031939604,-0.1679125991898862,-0.03442049333107311,-0.17732996070146,-0.04375554398243894,15,0.05779309,0.12736167146601574,0.15283543204622263,-0.04319532740699539,0.27625893040118354,0.0740758894083795
Norway,2023,0.013476784524153684,0.2588834912538096,0.15886288604947676,0.2588834912538096,9.586175283091555,0.2977594439575453,"MSCI World, resident currency",-0.051128619564755895,-0.0123310576446376,-0.020437721581690993,-0.017301487913938485,-0.0123310576446376,0.0803382142723863,0.08887794958941096,15,0.05511063,-0.04750552710641409,-0.045196718440845274,0.017003513512843016,0.06333175809448988,0.19767533634953138
Norway,2024,0.14848908385742354,0.1747877375537128,0.1676579798660956,0.1747877375537128,9.747739015896553,0.16679770079548195,"MSCI World, resident currency",-0.0015167011260792673,0.01479766660202686,-0.00043020226009304885,-0.00020422514946039083,0.01479766660202686,0.0023583759272520766,0.017728082054887257,15,0.03223369,0.021524363461914442,0.022702821606819024,0.02171369326854866,0.04281671363115036,0.232363357505875
Norway,2025,0.13171812683791173,0.14940032610062026,0.17641386235940457,0.14940032610062026,9.422715815941384,0.13728699637755382,"MSCI World, resident currency",0.014519250053085075,0.015166043925729511,0.006314081240156089,0.006171605205177677,0.015166043925729511,-0.009018386584789817,-0.00042778371155880455,15,0.02641665,0.10464676610603796,0.100082521784433,0.015139307087717269,0.0652763768678506,0.5664219190989515
Portugal,1927,0.25364659919561783,0.20356707959671927,0.2596234214629628,0.2036292551397798,19.8847,0.20122199662950035,"reconstructed, resident currency",0.0318183761163886,0.005752845234832771,0.0330182730226416,0.03341051827515895,0.005752845234832771,0.05742760058517127,0.03146128936708025,15,0.07382246376811596,0.21675196634392613,0.21271354974459578,0.06069651650102048,0.19726867108495072,-0.052221547161598325
Portugal,1928,0.30552306823816644,0.5438420670411708,0.32447566827671365,0.543547889446875,22.3839,0.5404607936679813,"reconstructed, resident currency",0.23530198584416206,0.1285500201676164,0.16321026183827336,0.16967973153325566,0.1285500201676164,0.25768017866792214,0.22085720979111365,15,-0.04301982285955297,0.41266972108974875,0.4369528639971867,0.05045226040342521,0.5200461639536194,0.16295511559470377
Portugal,1929,-0.16299923663672522,-0.10716966444244025,-0.07369794080044423,-0.10721787288410767,22.3644,-0.10900343713833949,"reconstructed, resident currency",0.15138077973839814,0.03791613551152562,0.05042896434474997,0.04860191369689204,0.03791613551152562,0.00959346463909938,-0.0027617735868076696,15,0.0405464962538562,0.18442640587438874,0.17707786463008213,0.03785806464463959,0.13721815672015203,-0.04524379690095126
Portugal,1930,-0.14070065449084534,-0.16687423356581277,-0.18431654893849336,-0.16685114659482814,22.2519,-0.1685174443016385,"reconstructed, resident currency",0.1635197841903222,0.13155372582983893,0.17569052526347506,0.17305571949841259,0.13155372582983893,0.11400419491122094,0.07024587967185972,15,-0.04997882253282515,0.2068629428875799,0.20702097140498688,0.10740235214556271,0.20805063390414524,0.08397965075086278
Portugal,1931,-0.18521541521776863,-0.2327154309441397,-0.29127419636111723,-0.23267682783044774,23.5655,-0.23421147417478683,"reconstructed, resident currency",0.18207856499257713,0.20603517621530965,0.14015812089755153,0.14113244977199835,0.20603517621530965,0.10004818042336927,0.16340168440380373,15,-0.11279536335265272,0.4268385307803868,0.43698637096379245,0.15094084355712933,0.4793833586712588,0.1971396494553228
Portugal,1932,0.119525465615411,0.27905474461755087,0.10497409440879482,0.27890847952087894,31.2891,0.27635066256183727,"reconstructed, resident currency",0.137019017144556,0.08740379438454093,0.21234854069888032,0.22841935826755444,0.08740379438454093,0.3744734661613116,0.23842916218875912,15,-0.020603015075376874,0.07688768548702551,0.08814696209605088,0.16025907588768828,0.40400666632321025,0.35579128205796406
Portugal,1933,0.1867781086180369,0.2209828101283864,0.388823921719227,0.22095152379363125,25.533,0.21850962074604396,"reconstructed, resident currency",0.16604931572226533,0.05554158081065341,0.101974616021133,0.10713317934823174,0.05554158081065341,0.11470107372822236,0.06369758478849631,15,-0.0005130836326322497,-0.08549739045134364,-0.045183868149194284,0.030170519994877854,-0.3085302806474499,-0.2317312844447873
Portugal,1934,0.2608705575509769,-0.04392282760829813,0.017555075978472303,-0.04367322129871842,21.6972,-0.04558587485612098,"reconstructed, resident currency",0.26513139958061815,0.0393292690301692,0.160208394487529,0.15795687941682335,0.0393292690301692,0.13601679647518083,0.016621164552796164,15,0.010266940451745477,0.0021951969068798594,0.0017746223084234014,0.008767156750223437,-0.15663175471377355,0.43098039100693875
Portugal,1935,0.059245705574327845,0.30166210746527766,0.2685171053770966,0.30141133409844967,22.4341,0.2988085114302528,"reconstructed, resident currency",0.06942691697793846,0.047870183299327795,0.04167187662341809,0.04027385253549354,0.047870183299327795,0.027762063137852566,0.035186860146479884,15,0.00203252032520318,0.07190126704556898,0.07211344991229951,-0.0020322077192309607,0.07696784870103057,0.020227591742924433
Portugal,1936,0.06770430497906221,0.2289336505804822,0.26166316730885636,0.22879800186238786,22.1582,0.2263404058586631,"reconstructed, resident currency",0.05089102706086157,0.019159250012962925,0.05075590645057071,0.04751246960127897,0.019159250012962925,-0.0016760282055060527,-0.03146419820863329,14,0.02535496957403649,0.29866111927454275,0.2897229286403227,0.012372876775614161,0.26078231396804497,-0.03656319197228963
Portugal,1937,-0.0112837053938184,-0.250293549065951,-0.23410477022766327,-0.25012583600562055,22.3254,-0.25162558433360926,"reconstructed, resident currency",-0.0035276595471191996,0.00041864804576152714,-0.003434736547593298,-0.004223875255805032,0.00041864804576152714,-0.0795533299175325,-0.07736686806180712,14,0.03956478733926816,-0.06585055395965989,-0.06553121400848094,-0.011132956950033579,-0.072885470479367,-0.02983526385365831
Portugal,1938,0.07568696187329027,0.08292508682529265,0.05227591645915014,0.08291696674836935,22.5902,0.08075113281487267,"reconstructed, resident currency",0.07964070282865499,0.07318605700572678,0.10260763785369265,0.09721355885790528,0.07318605700572678,0.06463006771758528,0.039889189286191715,14,-0.03092293054234052,0.15984594656197815,0.15961796683035767,0.047570894586841384,0.15751823498448347,0.047520097338762834
Portugal,1939,-0.021191303856181398,0.16652466976573144,0.02319600580994185,0.16632952126384848,24.7678,0.16399686222132082,"reconstructed, resident currency",0.04410135115829927,0.10452554649571444,0.03975136346843011,0.038612820804784675,0.10452554649571444,0.07720684769749875,0.14435127615643792,14,-0.05841924398625431,-0.03205313618098804,-0.04004229046559615,0.022205827566040615,0.028299381074532892,0.14801711074296442
Portugal,1940,-0.05721667184387336,-0.018035170603742268,-0.08593199994864528,-0.01808109740578223,26.9469,-0.020044935210970616,"reconstructed, resident currency",-0.055934188303372046,-0.007108014790853878,0.06221061429096508,0.06202159017948938,-0.007108014790853878,0.07350132456201997,0.004902260125509562,14,0.04744525547445244,-0.016094436811818658,-0.015860083594398056,0.0059249679692383594,0.04284623882411531,0.031376889319110646
Portugal,1941,0.14611805475212147,-0.12105187971617926,-0.052521395402853235,-0.12070605515424704,24.9856,-0.12246464304393856,"reconstructed, resident currency",-0.03153387906212968,-0.07913418941569361,-0.03254484605861141,-0.03741877817625716,-0.07913418941569361,-0.09681242027425885,-0.13998812886734752,14,0.12394225983076179,-0.10216191015684795,-0.09547886346557333,-0.07583315048804296,-0.21949024838305253,-0.21408000890195855
Portugal,1942,0.4298249937815457,-0.092204983743301,0.039950458971905425,-0.09137419343611441,24.82956,-0.09319144504924215,"reconstructed, resident currency",-0.033822125384477264,-0.15263596797082368,-0.12640455632930014,-0.12880805305566667,-0.15263596797082368,-0.18671967053501337,-0.2130983410779078,15,0.22143489813994677,-0.14417058746917977,-0.14453093856434263,-0.07087970183543024,-0.15341939162947837,-0.17633622966472295
Portugal,1943,-0.09640604679576092,0.04669732241563618,0.10862308260220062,0.04636680138354565,24.82956,0.04427406778077847,"reconstructed, resident currency",-0.06054403218772264,-0.0933450926788214,-0.09627393632357839,-0.09426249366719963,-0.0933450926788214,-0.10434718527317055,-0.10382848747663456,15,0.13052936910804935,0.10432072729341435,0.10786285909884463,-0.019568422192413393,0.12110721467799035,-0.09421604544531992
Portugal,1944,0.1061185907173039,0.10483115434845525,0.1004830072011846,0.10483391828756394,24.82956,0.10262425045098889,"reconstructed, resident currency",-0.029575422958951547,-0.00861596053424385,0.03396039319236155,0.020993303919190742,-0.00861596053424385,-0.032710998530608104,-0.06430655948811997,14,0.028864656831302016,0.06572684441308985,0.0646093027324961,-0.011389603351630306,0.05084211965941332,-0.03580548647028681
Portugal,1945,-0.01731248673350938,0.10766391452691404,0.16954636894156058,0.10731271757372962,24.85962,0.10509809213858223,"reconstructed, resident currency",-0.023079546717599264,-0.06429511050445746,-0.019449255671370125,-0.024741409247150403,-0.06429511050445746,-0.12032530848215595,-0.16239904197745966,13,0.09008728179551118,0.11139221455784587,0.10966040911136687,-0.013237632217602213,0.10094356292820361,-0.08507436343027985
Portugal,1946,-0.17310189625538486,-0.21323541106825483,-0.05476543374828861,-0.21312802484375126,25.3,-0.21470176879406377,"reconstructed, resident currency",-0.09066637694255353,-0.10378391999077419,-0.1028834091125238,-0.10499172018660186,-0.10378391999077419,-0.3492253241862582,-0.35346328404750377,12,0.13811838718901925,0.359925235809863,0.32990308344758157,-0.1458067950930625,0.2556225749339378,-0.18329073859734157
Portugal,1947,-0.07968744257877647,-0.08933871045258057,-0.10961379715666313,-0.08930869839072342,24.95,-0.09113008099394193,"reconstructed, resident currency",-0.059889286415128695,-0.017852790460313517,-0.07084193189337895,-0.07206786343658655,-0.017852790460313517,-0.08935484536802263,-0.03532750936497023,12,0.03090452261306509,0.04851854378608733,0.05222273471485961,-0.07460156340503099,0.08076214757120637,-0.0011024793661797982
Portugal,1948,0.10244769863486813,0.2806359099876754,-0.10152797529646856,0.2800271648184254,25.8,0.27746711048878847,"reconstructed, resident currency",0.1749353013112942,0.23023254945113925,0.2036639774022979,0.20892056677059356,0.23023254945113925,0.18979278599129445,0.2094822938045291,12,-0.1759688033146477,0.1762581019357159,0.17743207990830667,-0.016410018909050028,0.27068720724728146,0.3104745193253169
Portugal,1949,-0.2320969281718135,-0.013062491137724619,0.07862234199935139,-0.013735225783231053,28.6,-0.015707755331664575,"reconstructed, resident currency",-0.29164529088884594,-0.12564062506426132,-0.11540684960636094,-0.09926433844510574,-0.12564062506426132,0.004160141155886032,-0.018652033236522706,13,0.1594202898550725,0.02004229170239591,0.03919047795510067,0.031435476496074255,0.13918725366056428,-0.038727963828318446
Portugal,1950,0.034948018133936776,0.28426235863043536,0.18978072411786898,0.28359188426070414,29.1,0.28102470049218264,"reconstructed, resident currency",0.07791001508297746,0.040560356037689704,0.028947616082099614,0.031204774686705683,0.040560356037689704,0.06670272388631515,0.07659641436941765,14,-0.025765306122448983,0.16350608269331635,0.1608394706062568,-0.044909057796571394,0.1272130935339757,-0.006653113583683812
Portugal,1951,0.16136806957377492,0.2000768761286904,0.13285611347650494,0.19997591207769583,29.1,0.19757596025354052,"reconstructed, resident currency",0.0930875083354632,-0.00012622682968443932,-0.01926209002602719,-0.015270619191902979,-0.00012622682968443932,9.289170922333057e-05,0.016568037356787187,15,0.013877978528410662,-0.023851842534739043,-0.02374412490601563,-0.044855439335450886,-0.00724765683569184,0.0017234127172189861
Portugal,1952,0.15097384258543722,0.1485123739070724,0.08565179235177273,0.14851878782825523,29.0,0.14622175025259865,"reconstructed, resident currency",0.0684935045709556,0.01592573498929495,0.040959427616530375,0.04472603186361379,0.01592573498929495,0.11222008282392593,0.08599744424849173,15,0.0015495867768595684,-0.027136809439932907,-0.027223221213367288,0.003226921042449371,-0.022243036011962536,0.004961076466100778
Portugal,1953,0.11195823480916567,0.07600595981138691,0.06531302336635444,0.07610631009599245,29.0,0.0739540974758004,"reconstructed, resident currency",0.04054910652272814,0.00839892672857978,0.033217041505408273,0.03467479451628175,0.00839892672857978,0.06589064443564063,0.04076323101968456,15,0.009025270758122872,-0.0655273174330373,-0.06534233565129177,0.006703548557218442,-0.06842450325622063,-0.01179132934343885
Portugal,1954,0.2919453368588343,0.454334786025401,0.46390352950522895,0.4537927403816422,28.75,0.450885154900879,"reconstructed, resident currency",0.11811351557366123,0.009502408796029593,0.03048520089173845,0.030997588340223148,0.009502408796029593,0.04461935526585248,0.023800233028975753,15,0.007922310247891806,0.49061412412272976,0.4886018533616392,0.018564239040369523,0.4846517782045263,-0.0125898646516861
Portugal,1955,-0.03519595977351131,0.2264234999201169,0.25426318151371147,0.22556606508773402,28.8,0.22311493295755858,"reconstructed, resident currency",-0.03436221573378473,-0.015692911382425567,-0.033462849838686415,-0.0332327300419869,-0.015692911382425567,-0.00980650226084867,0.008798621328361475,15,0.03372210953346855,0.3753684119016829,0.3728408972013799,0.011922977581826144,0.3666809690164248,-0.04038970974152967
Portugal,1956,-0.05073568563167841,0.007405987975905859,0.025569585522472023,0.007238136633229031,28.899999999,0.005223660359962468,"reconstructed, resident currency",-0.018523421889097613,-0.022899436518458938,-0.05568882886904436,-0.055724501586594366,-0.022899436518458938,-0.05060433580501911,-0.017417299548941282,15,0.043904831984302284,-0.04526601174100853,-0.04498507804716678,-0.012271588679896195,-0.058586627294662574,-0.055731343079378326
Portugal,1957,-0.03452048434431565,-0.0659518946234966,-0.08817854752521102,-0.06581514252242404,28.749999999,-0.06768351223737923,"reconstructed, resident currency",0.005863684410916781,0.019760394197185782,-0.002360277523016485,-0.002031120846549883,0.019760394197185782,4.4308259754766155e-05,0.022546624835624477,15,0.0002349624060149491,-0.13933238316026175,-0.13894339762932562,-0.011143687996010843,-0.1417806316331769,-0.005766126501332125
Portugal,1958,-0.06286716153616556,0.31327872285830427,0.2955020310862721,0.3115728578916881,28.749999999,0.3089497121759046,"reconstructed, resident currency",0.055718576319036206,0.006822892763203914,0.05866071397774997,0.06090074376086618,0.006822892763203914,0.08343064223210339,0.030672481948796505,15,0.01432933991073515,0.06731069027382786,0.0685176340500111,0.006882515564111014,0.08102308301587291,-0.008275936271246453
Portugal,1959,0.09760419498171125,0.23534371378578856,0.2337017437463789,0.23487385827196672,28.879999999,0.23240411055542287,"reconstructed, resident currency",0.006242853576796437,0.006710856701646506,0.021343899906761,0.022722266904637856,0.006710856701646506,0.042693407249731585,0.027598293580286818,15,0.013200555812876269,0.1899360937886332,0.19083845262950971,0.010506777644549326,0.19522832265952728,-0.017942320408312562
Portugal,1960,0.05709576402825833,0.02281954333130143,0.02663147662028921,0.022927160354070164,28.829999999,0.020881306033361913,"reconstructed, resident currency",-0.011600684134659422,-0.0021243295965512887,-0.003929888215071786,-0.002599269413074423,-0.0021243295965512887,0.023525231216475984,0.02547032922060136,15,0.02217142857142851,-0.008732919567260411,-0.008609616234964701,0.012803101551821738,-0.0027684668272013324,-0.027977864497788385
Portugal,1961,-0.021461864683265275,0.20366108510309266,0.17507374005186943,0.20306155695288886,28.799999999,0.200655433838983,"reconstructed, resident currency",-0.024705335664872097,0.02502129656988994,0.01278479348947803,0.013766908807034905,0.02502129656988994,0.040333616325783694,0.052950295195608156,15,-0.0024597495527727276,0.01114743701805132,0.011366251914990633,0.023604783271376606,0.022009993695493835,0.0023048566833763218
Portugal,1962,-0.06315713805564438,-0.08206861422103906,-0.10238547995492141,-0.08203165380427935,28.849999999,-0.08386759049667081,"reconstructed, resident currency",-0.004865390726267571,0.026710304181190025,0.09232771826036701,0.0937917116132636,0.026710304181190025,0.10494225757009845,0.03835934494080487,15,-0.0004483299708586408,-0.14154583915250707,-0.14232184221299993,0.01825126995188109,-0.1367232053618207,-0.002493168942400481
Portugal,1963,0.1311394258535623,0.14002927688784683,0.1385984575246243,0.1400122825338308,28.889999999,0.1377322579687632,"reconstructed, resident currency",0.027188634977477477,0.00022923417389386636,0.0024461668625996857,0.0035046614131097886,0.00022923417389386636,0.020188769854705635,0.017871372227093764,15,0.026014801525005682,0.049448855832015415,0.0499403672877865,0.01837742808505438,0.055940924554019,-0.03216381055816342
Portugal,1964,0.13806501271563731,0.03532350283213881,0.06111578916309438,0.03553710223345785,28.949999999,0.0334660280289909,"reconstructed, resident currency",0.0023705525062536204,-0.02165164695759636,-0.03973716529428406,-0.03932507901106508,-0.02165164695759636,-0.02070025008285148,-0.0018804264249498845,15,0.04896174863387981,0.20573074652635936,0.20999718036556048,0.027000180476569158,0.22510369089953475,-0.0465712902779678
Portugal,1965,0.06053493084417938,0.05253281127054432,0.06391797799750147,0.05254996711495563,28.829999999,0.05044486718072583,"reconstructed, resident currency",0.018167281926700696,-0.0024278513053441753,-0.009466405571185721,-0.009227512470176613,-0.0024278513053441753,0.0006187515771169938,0.008017366980792104,15,0.03250677224421761,0.10514922543854088,0.10715573528792777,0.03155536016230376,0.11963105060310664,-0.034835511059815305
Portugal,1966,0.11458892949604405,-0.07911194863559523,-0.09179235574020225,-0.07865430173241816,28.979999999,-0.08049699312895331,"reconstructed, resident currency",-0.045067621885123144,0.0020197794256340273,-0.018787631556064444,-0.018028043542539285,0.0020197794256340273,0.006690705181075618,0.028151224425636705,15,0.025428859737638865,0.05250294840200276,0.054169828218857186,0.010884962315295343,0.0719866738697601,-0.03566211365398608
Portugal,1967,-0.0822768686805535,0.1366142927438263,0.1826327956855191,0.13589529453183347,28.859999999,0.13362350394276978,"reconstructed, resident currency",-0.07539366611824816,-0.008854620452866668,-0.012100965609149528,-0.012392775031369263,-0.008854620452866668,-0.038631054588191716,-0.03611087981308158,15,0.041724070064947716,0.05432064926633373,0.055438024125856744,0.01912916025527034,0.06521596359075899,-0.05031765104882013
Portugal,1968,0.033047248531724804,0.1795833606185946,0.1599583809424867,0.17917782247276026,28.769999999,0.1768194668278147,"reconstructed, resident currency",-0.04451118709768653,0.014867543680755269,0.02591255925991498,0.026550075481766244,0.014867543680755269,0.03688870184633797,0.026000924407434164,15,0.019837521254487234,-0.03539002389208623,-0.03536491766465444,0.011003722479790534,-0.0208219972906325,0.16096627016490883
Portugal,1969,0.28440264462564424,-0.07834223678007834,-0.095525620675902,-0.07727186166736266,28.649999999,-0.07911731794402799,"reconstructed, resident currency",-0.033447298675778225,0.007925311348432995,-0.04801739902780933,-0.048109327483764286,0.007925311348432995,-0.02730257673357117,0.03006427232575996,15,0.026861800666913682,0.17664631622672333,0.1831503555907339,0.01323387456286551,0.20946585803370787,-0.19395502120433372
Portugal,1970,0.046378645814292296,-0.04776060435556373,-0.05803188848209237,-0.04735431643350718,28.749999999,-0.08451563936109852,"MSCI World, resident currency",-0.019324602696779714,-0.0050781501354076886,-0.027278208030792173,-0.025845077739646616,-0.0050781501354076886,0.0013613543925470317,0.024298860622837037,15,0.05033375428468334,-0.06169280631626084,-0.061009813270243796,0.020938455464238448,-0.02597387670874407,0.0135127636908845
Portugal,1971,0.11251294344553986,0.0714590476993775,0.0960522674419818,0.07166896511092968,27.559999999,0.09219576142370167,"MSCI World, resident currency",-0.0723744324717821,-0.02470094410206025,0.022523309475143805,0.02555884466671343,-0.02470094410206025,0.05898300023668046,0.010739879157454639,15,0.07402954311233256,-0.14569783961535454,-0.14378339617693237,0.017643971771362565,-0.1707736209065852,0.0472492444517032
Portugal,1972,0.3520029271623315,0.12631826924538836,0.19576350736060527,0.12750974366585432,26.999999999,0.12532451494149455,"MSCI World, resident currency",-0.009299241403196268,-0.03363566003645291,-0.017813184129673587,-0.017404937571786072,-0.03363566003645291,-0.023115668534112843,-0.039518867583331445,15,0.08395969934431458,0.07339951169361392,0.06998968307774,0.01154035341542925,0.0487252299059715,0.33730264341651717
Portugal,1973,0.6140488208948969,-0.1658667714070141,-0.15841014477883955,-0.16136656740947464,25.844999999,-0.277344492633542,"MSCI World, resident currency",0.061094522896752324,-0.022627073723798907,-0.09298620290304138,-0.09453368937849793,-0.022627073723798907,-0.04960040718891612,0.02546311625952952,15,0.0768663322514016,0.4455055492042048,0.42513221522359546,-0.005739170208360234,0.3889139611695436,0.4935661799110127
Portugal,1974,-0.4441120022987808,-0.47973693844544707,-0.3366681467934858,-0.4791820681219495,24.595999999,-0.4802492347033056,"MSCI World, resident currency",-0.3096351569254894,-0.21853413112574105,-0.28433634855423173,-0.2832875014590295,-0.21853413112574105,-0.26531993063403336,-0.19909911787621404,15,0.3788190163036034,-0.01922123415179522,-0.02918963606328817,-0.018682411153460032,-0.05633557095260633,0.13112976065780835
Portugal,1975,-0.5301081830652374,0.2516700459144361,0.2265350032755083,0.2390501397659539,27.471999999,0.301060250944597,"MSCI World, resident currency",-0.32668008997390574,-0.08463073107570473,-0.051016611739771456,-0.04832168631083478,-0.08463073107570473,-0.019949602256788546,-0.05389117580846191,15,0.18531399046104924,-0.1973278333094617,-0.20191401707080758,-0.002214119066057396,-0.10016695784520135,-0.28095070792433086
Portugal,1976,-0.5383164955928356,0.08090473455441671,0.06659049435464316,0.07564765234726023,31.548999999,0.11135714405648511,"MSCI World, resident currency",-0.32405954292058925,-0.09233166661249925,-0.11022817925340944,-0.10362353252757106,-0.09233166661249925,-0.01104422580451958,0.006582395656575509,15,0.20638779445049882,0.030398379412497123,0.05065950037754319,0.0049242743921680265,0.14868851432163432,-0.0843454429231073
Portugal,1977,-0.5794611413274771,0.01630957201003702,-0.06329301734364404,0.01375293234867292,39.854999999,-0.005679485096261483,"MSCI World, resident currency",-0.36759949577769835,-0.1536563807774497,-0.13959703091121445,-0.11203231961066185,-0.1536563807774497,0.08089252164008465,0.053456414983984665,15,0.3297199638663053,0.061538963056800844,0.10820026195707833,-0.011551278487003214,0.2540239307317351,0.15818156696878427
Portugal,1978,-0.3855349925254642,0.06441038851557002,0.029867379568545595,0.06431036971848014,46.009999999,0.0699746243440853,"MSCI World, resident currency",-0.0017338597175435844,-0.06580157185021496,-0.06243044126644648,-0.05073870161907368,-0.06580157185021496,0.09099345718731366,0.08918553526140795,15,0.2676107859531771,0.19068393447893506,0.2026960456294793,-0.010424790546951224,0.23629655435222818,0.22729859329158253
Portugal,1979,0.1329956890069277,-0.022814218993383317,0.05528886608299073,-0.02279059829915908,49.780999999,-0.019252736255941483,"MSCI World, resident currency",-0.05221739612078957,-0.07437744170879768,-0.144505514723008,-0.1431589912878103,-0.07437744170879768,-0.10928143282334579,-0.03603378603813421,15,0.24100259718844064,0.2793626798526827,0.28363368777539,-0.02032579690849734,0.29248599053232316,0.901729334673286
Portugal,1980,0.748812454212582,0.14869957044452442,0.1234008095812553,0.14877723500253004,53.039999999,0.15006904286791856,"MSCI World, resident currency",0.0771603658157769,-0.07134343833354195,-0.12346665523147449,-0.12168895476706254,-0.07134343833354195,-0.0990786431170817,-0.045234742502406465,15,0.1839683752449921,0.08591609393588295,0.10560180432947885,0.000695567814542164,0.17096046192518255,0.021807359204035315
Portugal,1981,-0.4064699414432089,0.033292695090986424,-0.05728705841552171,0.03321335642725143,65.248999999,0.028130156708330745,"MSCI World, resident currency",-0.05644000927765214,-0.058923223867463514,-0.104454354368691,-0.10098818334761761,-0.058923223867463514,-0.027927727420565374,0.02317329527194552,15,0.16079795740860248,-0.02923634370864392,0.023477185261914446,0.06875376114405274,0.2786786024731882,-0.2850956855929626
Portugal,1982,-0.30930652017688853,0.2193933651693294,0.07604056824967197,0.21929564529138634,89.064,0.26069345317969495,"MSCI World, resident currency",-0.050370664132470155,-0.08155042586557948,-0.012585585591239679,0.019068387723027103,-0.08155042586557948,0.1617851998850648,0.07877037148509512,15,0.22399207193270798,0.030729143066332343,0.12252684568442129,0.08419578734237465,0.43883692761926985,0.3039262652003871
Portugal,1983,-0.23233785481497682,0.445978116988039,0.21070072270697549,0.44590164581071967,131.449999999,0.45661022924673067,"MSCI World, resident currency",-0.060698387442833845,-0.057815959184474575,-0.0207024368580071,0.0043885368521794366,-0.057815959184474575,0.18045476092804336,0.13680882341691394,15,0.2550010861193941,-0.0019861491426559352,0.04839683613430079,0.04999397713684739,0.36384884663359807,-0.015101911226744869
Portugal,1984,-0.16887235386327482,0.06389240053837142,0.084557663774024,0.06385545210403021,169.28,0.03595664475616256,"MSCI World, resident currency",0.01272590983934152,-0.058437387467479174,-0.028609578092562704,-0.023735676603828137,-0.058437387467479174,0.0025706027343033178,-0.028255154645343984,15,0.2880003776435045,-0.055010252354035005,-0.038485873245548974,0.06256920408590982,0.1106324598136117,-0.19622271041966133
Portugal,1985,0.9806113879241469,0.1307821700421612,0.2575626005653783,0.1309233683433202,157.486999999,0.09840672475116441,"MSCI World, resident currency",0.0880835545244576,0.00473398040840034,0.07223403217134261,0.07476351637945089,0.00473398040840034,0.07873117994687129,0.008454064957609224,15,0.19600513102437223,0.23185874579631371,0.18220548596828867,0.041566294338919674,0.027454862371826927,-0.18158757858811725
Portugal,1986,0.7233597687200821,0.159913702815756,0.25446663625260485,0.16004848595124166,146.117,0.181612442830277,"MSCI World, resident currency",0.15363287645806967,0.024352291017051275,0.08420280780655331,0.08470033563462631,0.024352291017051275,0.1076733656172788,0.04861813019793309,15,0.11799916240206731,0.19921650369588528,0.16729226859938895,0.05503815580608573,0.04295612846960273,-0.011283705316955328
Portugal,1987,0.9410854824279618,0.03208166458373363,0.0748199072518706,0.03275117682662221,129.865,-0.05728573216825861,"MSCI World, resident currency",0.05361062441224829,0.04158012759346774,0.029375436319401205,0.03139165398935306,0.04158012759346774,0.04064250398765368,0.052100423583486793,15,0.09153867940905047,0.17311951440990758,0.14051230168662454,0.0219249880214456,-0.030584976652945794,0.0012605348842047448
Portugal,1988,-0.34254846528887406,0.18358058094682783,0.14312506237838876,0.18167137904201325,146.371,0.2724797737067437,"MSCI World, resident currency",0.012906333096406541,0.027477408479106513,0.04903147116938977,0.050719014834923026,0.027477408479106513,0.06350200189834032,0.0430849948050251,15,0.09947267096342172,0.10693926099916884,0.11635848525262049,0.030389429819428715,0.1790794162284126,-0.14135512456923005
Portugal,1989,0.16952133361709953,0.08986425636942119,0.21665054119825505,0.09003211489626328,149.841,0.05489641830325809,"MSCI World, resident currency",-0.004726152391169469,0.01977766303792694,-0.033714100032511185,-0.03374757918942173,0.01977766303792694,-0.05024825543066114,0.002151918493412297,15,0.12600301475402342,0.02622358553559523,0.023593246117291633,0.04313487985098852,-0.003914611644593946,-0.12245059195377339
Portugal,1990,-0.4086881210587151,-0.24431358432868522,-0.1317848430992564,-0.24465877335341835,133.6,-0.36097337400740337,"MSCI World, resident currency",0.028773685716161346,0.03088790634207461,0.0004090867231605344,-0.003343780373933569,0.03088790634207461,-0.055219697827890935,-0.026088719322343044,15,0.1339981745039045,0.05099492165425756,0.03490262921626641,0.019629465469601426,-0.1423717150380166,-0.2507052529065664
Portugal,1991,-0.12296710016277235,-0.0017699740689401944,0.052085203783190356,-0.002034067889809421,134.184,0.09011303363005219,"MSCI World, resident currency",0.10448165135367149,0.056886965772817266,0.12890368096593563,0.11731583406604229,0.056886965772817266,0.0474291907943758,-0.019831900954912347,15,0.11400276644964347,0.047320553995583436,0.04222007170708175,0.0295655869605842,-0.04669257539391858,-0.17362226436601358
Portugal,1992,-0.18468031711872068,0.0014479763403019152,0.007061520365850803,0.0010908771965849606,146.758,-0.044020891706355925,"MSCI World, resident currency",0.07714827053535744,0.07167922415025507,0.10682006693518331,0.09611879250296718,0.07167922415025507,0.01659046507241113,-0.015178054797268392,15,0.08899890283389977,0.03750203538495178,0.037485707796126366,0.008383806062487231,0.004825547287645948,-0.0614492817227531
Portugal,1993,0.43893097809068493,0.3377878630399349,0.14997304431616995,0.33797938569683605,176.812,0.39159392750609956,"MSCI World, resident currency",0.09072946955778649,0.06333318403488386,0.2398496383235087,0.25163610928565805,0.06333318403488386,0.31226025969229476,0.12728391310317957,15,0.0650009337802373,0.24336077909539267,0.26345877882290236,0.004321478172269577,0.36199361997824453,0.32217718941186146
Portugal,1994,0.030568644813727897,-0.10526877040291316,-0.020570173248080137,-0.10498633123875933,159.093,-0.10923297462284332,"MSCI World, resident currency",-0.10625876707967696,0.05614887712840244,-0.08857085151194466,-0.08427141848370412,0.05614887712840244,-0.1355920324853236,0.0020568972614408267,15,0.051998154130133756,0.05604357570376872,0.049926649808625934,0.016542435122898214,-0.11247218372187384,-0.17073009462104227
Portugal,1995,-0.08351443966458316,0.09983074066009356,0.18589978252087233,0.09940031677160421,149.41299,0.08524899267200547,"MSCI World, resident currency",0.20035174246260112,0.05462557725532835,0.21022188698153443,0.20169436520811068,0.05462557725532835,0.1601695242801926,0.011076801116605518,15,0.041001368613138744,0.23403765765004847,0.2115573289244621,0.033488873052366586,0.1172758561782965,-0.09373608184854199
Portugal,1996,0.2858226816079745,0.2166950375690191,0.1942995141901431,0.21685002172780465,156.38499,0.14407121696950886,"MSCI World, resident currency",0.24409559690810956,0.04138277226404252,0.14180490083237718,0.14007608451629183,0.04138277226404252,0.11410100752853292,0.015737377147590315,15,0.031000990245035887,0.20294379290457232,0.20732083797730194,0.020154971252071885,0.22818323687678088,-0.04192529253108623
Portugal,1997,0.6169010923218277,0.38539275528809136,0.23249348853238627,0.3859823836109306,183.326,0.33390829543172007,"MSCI World, resident currency",0.12703921144199803,0.03465337856365713,0.12710963619624605,0.13014093915286895,0.03465337856365713,0.14944047598435528,0.055145265584631994,15,0.0220008828145406,0.23263931225569867,0.2778504455433852,0.038183713171633826,0.4493763135635047,-0.09802665976632519
Portugal,1998,0.23508532240518631,0.12344255716377939,0.1869999442827597,0.12390762892224982,171.82899,0.13739088338735028,"MSCI World, resident currency",0.14772416962562196,0.02047693068715395,0.1374944763476338,0.1332606017403557,0.02047693068715395,0.10829282442555188,-0.005460457307313623,15,0.022152780834177044,0.25347853514165064,0.2380842779108212,0.0384762766424287,0.1855193480048647,-0.09650076453934298
Portugal,1999,0.10177070289769863,0.3869358314921625,0.22630899624645978,0.38565353318450546,199.56400557435796,0.4125649071616433,"MSCI World, resident currency",-0.06469271033600366,0.007779266310986355,-0.07465725742923246,-0.07679021842969502,0.007779266310986355,-0.014437153951560422,0.07233314189576802,15,0.021687023667704697,0.009525309872965959,0.0179952334408906,0.025016298269186832,0.1920690048051692,0.1357662952085501
Portugal,2000,-0.1071955548826069,-0.020019406682261764,-0.04976094696933454,-0.02037352238763135,215.45620634067703,-0.08854401699534065,"MSCI World, resident currency",0.05004497802055052,0.015430715845910159,0.06303896931069164,0.06328257579454943,0.015430715845910159,0.060476594328227495,0.012783027014032614,15,0.028054057091481344,0.013081331184109368,0.019021421316852916,0.02935847551351123,0.11510017128850247,-0.011374597505186879
Portugal,2001,-0.22455269680614431,-0.15789546676775523,-0.16376852258325728,-0.1581452793121113,227.48439804833768,-0.1486095304651961,"MSCI World, resident currency",0.017396506863347705,-0.0014158754216849756,0.007749509301631097,0.0074666363214690445,-0.0014158754216849756,5.120494876154069e-05,-0.008833911178590033,15,0.04409614517429383,0.0927293607992592,0.10249764306222486,0.024736810195639336,0.16622925057225446,0.027130159472394944
Portugal,2002,-0.23484526750561063,-0.32839208313666357,-0.22976532217948475,-0.328081382361857,191.1719271478974,-0.35651124516646304,"MSCI World, resident currency",0.07886617648661098,-0.0036893632479028104,0.07691464687819516,0.07375859797994355,-0.0036893632479028104,0.04782500294871528,-0.03012445643754215,15,0.03701183122186169,0.05384494447839394,0.041850276851433055,-0.00596150761007852,-0.134501332704121,0.004580885121196143
Portugal,2003,0.13715725535802914,0.026880651779115583,0.17417617096415505,0.027242630267068968,158.7347585114806,0.07304786625919246,"MSCI World, resident currency",0.01646771323026397,-0.008753613265437665,0.0010860545435180669,0.0011303129773012621,-0.008753613265437665,-0.018483992276288164,-0.028278540042717615,15,0.03237164925034075,0.17128900433725525,0.13693131305486705,-0.006956332666097742,-0.0348047529989115,-0.037394746233639475
Portugal,2004,0.15107949070281834,0.06508926155554184,0.12391346532052555,0.0653330930778937,147.18596285147933,0.031250074205533496,"MSCI World, resident currency",0.08005544184598135,-0.003935390874713507,0.059795022958318844,0.059538962861062306,-0.003935390874713507,0.05224343662695485,-0.011244985365525836,15,0.025097492695688395,0.15002166837467668,0.13639400250270795,-0.017486342515833142,0.05381393917737287,-0.06303884722204056
Portugal,2005,0.14743255322319704,0.21646214283814658,0.10545058769991153,0.21627413414350993,169.94320589980504,0.23839442532958244,"MSCI World, resident currency",0.042723793896947804,0.0005364818993078835,0.04647849973515128,0.047697284149726515,0.0005364818993078835,0.06541537034643352,0.019182944703810937,15,0.02129892432084346,0.050664885471926935,0.06442986643220183,-0.0006986459582450921,0.22653477200180805,0.32671783946413124
Portugal,2006,0.2933318353949621,0.06772336737351448,0.15582125841829203,0.06832750584621805,152.22627182991647,0.051016107828312895,"MSCI World, resident currency",-0.03405200355781568,0.0003291659387083534,-0.03582243119732331,-0.0358490692395832,0.0003291659387083534,-0.049240897767171665,-0.013280689735436087,15,0.030453059318075626,0.1424870136884191,0.12660594188627416,0.024767261591463807,0.05037815434014181,0.07410241190974287
Portugal,2007,0.15512915799805205,-0.04137925778565976,0.03822270995405548,-0.04074449276572556,136.1877589837646,-0.059194334381008185,"MSCI World, resident currency",-0.008623431065717502,0.01811014602744976,-0.010197738956001623,-0.011171479290073894,0.01811014602744976,-0.03568758523768345,-0.007215744453441412,15,0.024227177953041412,0.19903197008956264,0.17534954169607753,0.011644528236934182,0.07019014096522591,0.13367256315296028
Portugal,2008,-0.5101675788572211,-0.36145002709520135,-0.39573221232818556,-0.3620020765570907,144.05547172522807,-0.3655011978187006,"MSCI World, resident currency",0.07082760795650067,0.01931062815998663,0.12020273077170796,0.11466401733407494,0.01931062815998663,0.10311170246806922,0.006185782114225084,15,0.026519593742393877,0.29713860963392924,0.3257044373500215,0.03138761247384991,0.4044150662243615,0.11200878513484325
Portugal,2009,0.4123870415214068,0.23978055516246832,0.23592603762983733,0.2403181583106473,139.1656254338469,0.22824214688618527,"MSCI World, resident currency",0.06221912626133119,0.021509681846937356,0.021760230892625465,0.02038515118901363,0.021509681846937356,0.03613246922712898,0.03786013651873833,15,-0.009031826951057864,-0.04159321501306612,-0.035662478569357,-0.019834602641820354,-0.10661987553917651,0.17671402889482057
Portugal,2010,-0.07498112707003635,0.18579048240112095,0.09313830055442618,0.18489814051066644,150.03891632989072,0.1909228843034434,"MSCI World, resident currency",-0.1364445000077955,-0.00572132008183357,0.02310622110918592,0.0265019827423858,-0.00572132008183357,0.08450858539856188,0.05316693445928277,15,0.013910489966828088,0.004666308732568458,0.005775024896361947,-0.011732246102603261,0.07936159639397933,0.3716388240850925
Portugal,2011,-0.23106435789073387,-0.0278752359893375,-0.05048755417027126,-0.028452354239518085,154.9439678491383,-0.05723387410939462,"MSCI World, resident currency",-0.336926659540164,-0.020899822236116306,0.04312255622774086,0.044677897443240244,-0.020899822236116306,0.05633330481327259,-0.009007174328148126,15,0.03554878572041531,0.05998280110293486,0.061978069935425095,-0.025979726392153846,0.08472296027789517,0.08288905787650269
Portugal,2012,0.04784027783281575,0.09692638506623985,0.12791701713285036,0.09680144466305851,151.94937092617857,0.11935627309478147,"MSCI World, resident currency",0.7623716435862276,-0.021434218485436585,0.10940306393390475,0.10930194240819069,-0.021434218485436585,0.1039157538761426,-0.02670325946906639,15,0.027761088897636288,-0.07392196195560363,-0.07307990966133915,-0.014131120381582707,-0.0909011829205556,0.03251672602540734
Portugal,2013,0.15095424214787156,0.2338836089508336,0.29604389618878146,0.2336999669151314,145.37161917192373,0.20333475056006645,"MSCI World, resident currency",0.11743228669517247,-0.002178125820470167,-0.016237460072102583,-0.015361130053507699,-0.002178125820470167,-0.046122887181602956,-0.03329067367893636,15,0.004394363925900535,0.05827046533462665,0.055547991097290694,-0.01307117198017016,0.011795499356903605,-0.31078474661785815
Portugal,2014,-0.2099507989422258,0.22516186929909088,0.10462567667508105,0.2242969850293235,165.1280784119924,0.19663667384806893,"MSCI World, resident currency",0.3455022532854002,0.0037007584679265015,0.18769892303762403,0.19087449477335627,0.0037007584679265015,0.20573081163091222,0.018705198982465816,15,-0.0015955205009331452,0.1814803053161702,0.20886629292417802,-0.006284064445272408,0.3533563521617802,0.1463052395982063
Portugal,2015,0.18005925924479982,0.13222145441180633,0.0417654169471257,0.13229111838275975,184.14806650133187,0.09466792510816502,"MSCI World, resident currency",0.047987996638193975,-0.005248989994972919,0.005843993283618953,0.006181125459318038,-0.005248989994972919,0.03447148845785808,0.023053251750808412,15,0.005075631941303449,0.0707086062329092,0.0787689716847837,-0.00531491867575451,0.1899740658451754,-0.03317520664412088
Portugal,2016,-0.006336574615801394,0.054497000853497735,0.036129333731417246,0.05439845601331994,190.1925813490181,0.09052252015623607,"MSCI World, resident currency",-0.04146355712038041,-0.008940140705115396,0.034464252748055424,0.034415730346140316,-0.008940140705115396,0.03266835238826071,-0.010623359193841223,15,0.006359999999999921,-0.07491580982213408,-0.0772071799433679,-0.014283553872012966,-0.04352858792660175,0.09678726173343866
Portugal,2017,-0.013566692898630883,0.06165988788240373,0.16244254046288387,0.06154405091911985,167.16584674393405,0.0617981585689662,"MSCI World, resident currency",0.10489397229096165,-0.018563169761844245,0.007781866520143899,0.007388379748482166,-0.018563169761844245,-0.017688731975543215,-0.04370105965876239,15,0.01556103183751345,0.022327778663755904,0.016712222387706088,-0.00991627081888169,-0.08822361116623101,-0.028652928354928497
Portugal,2018,-0.01218353595963706,0.02264815736465753,-0.016095663420105932,0.022416494132408316,175.09344978165936,-0.05150776595730222,"MSCI World, resident currency",0.005749201503725931,-0.014722110759707863,-0.0013998702830352316,-0.0014695847142788265,-0.014722110759707863,0.004849888844424832,-0.008352127672866036,14,0.01167296139018803,-0.08542964129738406,-0.08899804108866904,0.0017853235335945072,-0.013777381170397063,0.025971376171278537
Portugal,2019,-0.0008716287428053304,0.17513557880406116,0.1421323197154144,0.17395639210458191,178.46003204557587,0.29258508665669813,"MSCI World, resident currency",0.0552384354122768,-0.006541597656814946,0.070511003037522,0.07146781677235192,-0.006541597656814946,0.0843818178120459,0.006497420793084733,14,0.002998210745200458,-0.024147503380718804,-0.024144677643675005,-5.033643403207222e-06,0.01625170398828102,0.19272466709022473
Portugal,2020,0.0025090219954466697,0.019483890919949287,0.06362371202398859,0.019369036551256213,163.37869774264522,0.05788624358062022,"MSCI World, resident currency",-0.0007512637644807585,-0.003040709603297942,0.03454695941467567,0.033798562660201315,-0.003040709603297942,0.027518778560078117,-0.009351409094484257,15,-0.00121498481268989,-0.12183039279451469,-0.11362643638289438,-0.00489791713896115,-0.18653481649958592,0.1368462181924337
Portugal,2021,0.12640618635937617,0.1765682122063672,0.1775357946682723,0.1762177879017104,157.63118590386995,0.13889006223744294,"MSCI World, resident currency",-0.049932477327485736,-0.014761699791311367,-0.046667143276452494,-0.04691776284679805,-0.014761699791311367,-0.04388365859539256,-0.01172088739913737,15,0.009413089999999999,0.06302300964301555,0.06017794822582112,-0.0646718177027612,0.009754913481245797,-0.11040813747314826
Portugal,2022,-0.0489383787500034,-0.1046712073760151,-0.13920685098680405,-0.10429326728101795,177.34332921086963,-0.13551324888417016,"MSCI World, resident currency",-0.21842093109584437,-0.0717938184276653,-0.2008522165811777,-0.20293941179288233,-0.0717938184276653,-0.190695268054225,-0.05929093538911969,15,0.08102658,0.08372647212910245,0.11311816085036197,-0.04319532740699539,0.25552450219583966,0.056626178471564925
Portugal,2023,0.0612075522281339,0.12679172306114883,0.15946272482046037,0.12641317184981715,172.3644255006993,0.15085160740814385,"MSCI World, resident currency",-0.013832181639620633,-0.01741789282885242,-0.0254828046548764,-0.025381228174401582,-0.01741789282885242,-0.04195729321890185,-0.034384265596411674,15,0.05264283,-0.05241120165960056,-0.05250759319259024,0.017003513512843016,-0.05703859932672983,0.06209713395546568
Portugal,2024,-0.029507675555393353,0.16407246664588282,0.16898764031913577,0.16277623376787842,172.19207095064849,0.15180675841417668,"MSCI World, resident currency",-0.004941796540932408,0.008320449506958427,-0.006810223415752881,-0.0067098720014605595,0.008320449506958427,-0.010519860504564105,0.004652376619815316,15,0.027308680000000002,0.015004211427864345,0.015802002053217246,0.02171369326854866,0.029418671059032953,0.21653003175231267
Portugal,2025,0.26834224489361724,0.1479361389504028,0.17579881518329277,0.1487407084790413,165.21907167870117,0.1341414418030331,"MSCI World, resident currency",-0.006877955217624354,0.002599309650810344,-0.0061430746425910066,-0.00612363581506048,0.002599309650810344,-0.01175928378775859,-0.0031924411529300404,15,0.02164819,0.09097235051622832,0.08765181638188912,0.015139307087717269,0.06232999219005264,0.5620894457224463
Spain,1927,0.33008880301511967,0.12544093678609403,0.2591332387088571,0.12683330506665746,5.86,0.12457963845652409,"reconstructed, resident currency",0.08994653613274561,0.05461186615922031,0.08320183616742516,0.0751877318377161,0.05461186615922031,-0.01004014903433248,-0.0343497145964231,15,-0.018596288017915907,0.2758612296833769,0.2437370628133093,0.06069651650102048,0.12087854954534505,-0.11269327999274004
Spain,1928,0.2190886763269435,0.3180537350037018,0.32528853640264827,0.3172744419656517,6.03,0.31463989308172047,"reconstructed, resident currency",0.03303253866993505,0.009695877234865202,0.04070584798798138,0.04262550212922278,0.009695877234865202,0.0733129609083425,0.04188798465049643,15,0.02506113324285697,0.2638932858882028,0.2714296366309401,0.05045226040342521,0.2972179069232228,-0.007526062910121034
Spain,1929,-0.002444197385067959,0.023119860301272555,-0.07429256423161774,0.022935726447838034,6.82,0.020889854994942336,"reconstructed, resident currency",-0.015085614722610385,0.00678364021915967,0.01892114433064962,0.02804321446767477,0.00678364021915967,0.15677632067283231,0.14261988294162117,15,0.02802624000098941,0.1488993066768558,0.1728880047840673,0.03785806464463959,0.30300668656104435,0.0939446484583637
Spain,1930,0.0006458098312540628,0.009020210332259637,-0.18569019051549593,0.0089567464418141,8.68,0.006938832948930385,"reconstructed, resident currency",0.009666011447226897,0.03141040608079293,0.07164106697457284,0.09574490519986956,0.03141040608079293,0.34907711080237136,0.2960850827953303,15,0.003480277149673805,0.10005470318669252,0.14834233610207614,0.10740235214556271,0.46296887061566117,0.3127169018605709
Spain,1931,-0.2468816141727369,-0.22339899526234386,-0.29161482550080864,-0.2236230551128684,10.55,-0.22517580900264267,"reconstructed, resident currency",-0.028903355260287977,0.028460670655304332,-0.027716762498438574,-0.029279923623211856,0.028460670655304332,0.11302783041332032,0.17712885284061639,15,0.0063583661293928895,0.21675332629041577,0.2708454837136629,0.15094084355712933,0.49683884702007,0.21126489770857892
Spain,1932,-0.08776221007687734,0.12044261588008065,0.10724052649116275,0.11803698638153248,12.41,0.11580091240876933,"reconstructed, resident currency",0.10556610798074018,0.042786455976411064,0.1626045859800358,0.16276763438357,0.042786455976411064,0.20158103302597108,0.08264948627070359,15,-0.007466970617784563,0.03270183425214279,0.03940322681696151,0.16025907588768828,0.2273993074654228,0.18524884573626266
Spain,1933,0.17323947234808212,-0.07064692395715566,0.3910415869797922,-0.06795672815185116,7.39,-0.06982081469554746,"reconstructed, resident currency",0.16346157392436322,0.08431736503594056,0.13201624048088623,0.11488858461348617,0.08431736503594056,-0.1490656134633701,-0.18800037686769352,15,-0.044560170429494006,-0.06056655850285342,0.013827687919282017,0.030170519994877854,-0.472149641447842,-0.41352324531298457
Spain,1934,-0.03779070720555633,0.10930433296563669,0.018260175788688215,0.10797685072798968,7.35,0.1057608970265338,"reconstructed, resident currency",0.05631937536480636,0.015095562533723461,0.13315618827673004,0.15811084706386547,0.015095562533723461,0.3161613169945876,0.17783245368732753,15,0.020593564476212745,-0.021172666365797732,-0.02117722485671969,0.008767156750223437,-0.022894147453228153,0.6578989341222035
Spain,1935,0.5580435766791632,0.22389631182264735,0.2657213298236812,0.2268446424631687,7.3109,0.22439095317824242,"reconstructed, resident currency",0.10843028042126157,0.013151470094098006,0.007158529727172569,0.005220834536010521,0.013151470094098006,-0.031125403744038604,-0.024126023768820153,15,0.022551937228161067,0.03638634041820543,0.03550163641975468,-0.0020322077192309607,0.015261048267458888,-0.038228174115300884
Spain,1942,-0.004836981529681816,-0.02178049846664687,0.041088793546653186,-0.021589441358995543,10.95,-0.023546262476277557,"reconstructed, resident currency",-0.08474823443531232,-0.097396096084307,-0.0694546521972439,-0.07148981121629017,-0.097396096084307,-0.12425769141124388,-0.15266231033757827,15,0.1411428588565622,-0.08837885532342882,-0.08837967398454682,-0.07087970183543024,-0.08839986715454873,-0.11307677611131906
Spain,1943,-0.1897868945222574,0.03582704602157394,0.11169733401906531,0.03317207064220651,10.95,0.031105726500922026,"reconstructed, resident currency",-0.0918455522897963,-0.10041111495038013,-0.10331713262876707,-0.10142258687390249,-0.10041111495038013,-0.11564140610702811,-0.11512924911219988,15,0.1449674584103322,0.09571419487298716,0.09808929330116567,-0.019568422192413393,0.10697000408387636,-0.10563802039174552
Spain,1944,-0.052925947519818495,0.056795672431372735,0.10204995243439795,0.05569485435806132,10.95,0.05358346464934516,"reconstructed, resident currency",0.01015421795137783,-0.04342201462678541,-0.0023404548567884653,-0.015350321870741923,-0.04342201462678541,-0.07573255615546892,-0.1059228594863992,14,0.07675486481908433,0.028310722387860254,0.026493318668520782,-0.011389603351630306,0.004104417962317308,-0.07868941233151328
Spain,1945,0.07722051207130809,0.10846477837407842,0.1699253758160016,0.10816007004561823,10.95,0.10594374990552691,"reconstructed, resident currency",-0.02480420304084907,-0.053253684941930834,-0.007878643852058609,-0.01391246907164334,-0.053253684941930834,-0.11965215218900971,-0.16175808190270138,13,0.08793663407738972,0.12450677080904571,0.12074093726991109,-0.013237632217602213,0.10178604151140047,-0.08437423194308757
Spain,1946,0.14166927726795775,0.9652038042922686,-0.05703147924924942,0.9571242868417758,29.0,0.9532100382680921,"reconstructed, resident currency",-0.14610118521207538,-0.13501959406879793,-0.13415046855053403,-0.1079839490692559,-0.13501959406879793,0.6186202629007724,0.6080795212897153,12,0.19077841794646488,0.3125279815273925,0.8336516173724606,-0.1458067950930625,2.123010494841999,1.0313362036592517
Spain,1947,0.19342125680858535,0.13079842842952516,-0.1140279076813113,0.1317164722195039,41.5,0.1294530392750648,"reconstructed, resident currency",-0.17136760724464095,-0.14437166516944067,-0.19053481709625242,-0.20375892348152058,-0.14437166516944067,0.13165912535096513,0.1987989190403809,12,0.20379370037274347,-0.08655019640169204,-0.037195555867438834,-0.07460156340503099,0.3430635856478479,0.2413303785408647
Spain,1948,-0.33868297851628926,-0.13608749203337112,-0.09533493408911875,-0.14066326314375865,37.5,-0.14238193661747112,"reconstructed, resident currency",-0.04403121678226096,-0.03970703424017463,-0.060445887931022124,-0.057304392307464536,-0.03970703424017463,-0.20124144365804164,-0.18802303872135365,12,0.07258934101893288,-0.08183832259127388,-0.08264761111963348,-0.016410018909050028,-0.1469335743388348,-0.12022265767303875
Spain,1949,-0.15002726292216262,0.25284027038058365,0.08153875910706457,0.24610612512273677,47.75,0.24361391287249123,"reconstructed, resident currency",-0.022984805690667076,-0.02284815602184298,-0.01141126537229653,0.01347911068591312,-0.02284815602184298,0.2687162060433106,0.23989393541083956,13,0.05408387209928045,0.13996170778858175,0.18807219134046238,0.031435476496074255,0.4393175661936177,0.21452879946360648
Spain,1950,-0.03820187217237769,0.19787678449953483,0.19250045993192288,0.1946675765165291,51.45,0.19227824136349603,"reconstructed, resident currency",-0.0750625918610297,-0.0708010716676658,-0.08117100884538542,-0.07844191383677979,-0.0708010716676658,-0.00719599926200809,0.002012278989969402,14,0.10848169097442328,0.038986925528827765,0.0397316216065744,-0.044909057796571394,0.0491223504778906,-0.07546991221534438
Spain,1951,0.09246870375072591,0.12402619202393295,0.13335596353350718,0.12369779739789477,52.0,0.12145040180309907,"reconstructed, resident currency",-0.054997006541540605,-0.058737902545642706,-0.07675203914178397,-0.07307077873835655,-0.058737902545642706,-0.06347938463102931,-0.04805150421306103,15,0.09427544369956253,-0.08107274460388292,-0.08100320365211522,-0.044855439335450886,-0.0703533211397478,-0.06195250992724999
Spain,1952,0.11850415352277888,0.07984976690979573,0.08546725807017076,0.08026483266081996,47.7,0.07810430299549842,"reconstructed, resident currency",0.06721528395715248,0.0508648749913132,0.07675951213579668,0.0749523754693715,0.0508648749913132,0.0461232801647975,0.021458995546362214,15,-0.019854955816310693,0.006321348028778484,0.007851728978030437,0.003226921042449371,-0.08034899012602481,-0.054761558448594094
Spain,1953,0.024708604510810694,-0.03185024883179499,0.0659320939363158,-0.031179510924533638,43.25,-0.033117151902684605,"reconstructed, resident currency",0.03527255103057603,0.01357428890832546,0.03851977662178063,0.033941003930140434,0.01357428890832546,-0.04037669349696049,-0.06299894998449698,15,0.016205729171379968,-0.06073136371752497,-0.05431012352057307,0.006703548557218442,-0.16130086786172637,-0.11031391728508422
Spain,1954,0.24510213062171538,0.48826713171566527,0.46593164907377166,0.4854018404884737,44.0,0.48243103680749666,"reconstructed, resident currency",0.039622463536971964,0.017477734551503588,0.03862629604089052,0.03986509797370075,0.017477734551503588,0.06733199982443239,0.04606021765836313,15,0.01230716344221916,0.5023903547805324,0.5072980518836046,0.018564239040369523,0.5169318311842463,0.008878907992295737
Spain,1955,0.32387271479113444,0.21049577157063992,0.2526026357767039,0.21162821745121252,43.85,0.20920496101631003,"reconstructed, resident currency",0.002813071724657279,-0.009843623641430654,-0.027719160730854342,-0.027748208764009075,-0.009843623641430654,-0.021067556638341145,-0.0026740212982119408,15,0.04023972770584838,0.383541598587138,0.37411421438781334,0.011922977581826144,0.3511382809015082,-0.05130295415736863
Spain,1956,0.4113919593218729,0.13663122183500875,0.020661608199847557,0.13992759447052472,50.5,0.13764773928158358,"reconstructed, resident currency",-0.04640291123542006,-0.027017571845114108,-0.05966876843568758,-0.059398219295826005,-0.027017571845114108,0.07446518983485761,0.11202415134663012,15,0.05860082312348336,-0.049289879817185245,-0.05170936688653849,-0.012271588679896195,0.0654313437112719,0.06866277146274502
Spain,1957,-0.014074297712716177,0.007772111903262102,-0.08916535497838331,0.007417097907010728,60.0,0.005402263711196786,"reconstructed, resident currency",-0.08473913578841308,-0.07019511917300969,-0.09036447331703679,-0.08654335901784804,-0.07019511917300969,0.07843937604142681,0.10270568509106971,15,0.10775929506128379,-0.21525394057166936,-0.23761682819191898,-0.011143687996010843,-0.07450344701348788,0.0721734520353392
Spain,1958,-0.22214434338204658,0.1738659461355616,0.30476807988460247,0.16568040245681104,59.6,0.16334904165189745,"reconstructed, resident currency",-0.06872182063335985,-0.0914469268447845,-0.04466867804981656,-0.04394524436453062,-0.0914469268447845,-0.03708447497054379,-0.08397409543035102,15,0.1336707009888507,-0.03686297299184693,-0.037070807210305756,0.006882515564111014,-0.03922422998241959,-0.11859009678522592
Spain,1959,-0.1182709457781922,0.1871605544077115,0.23789365071595175,0.18316762984524315,60.75,0.1808012945855526,"reconstructed, resident currency",-0.023398658187822163,-0.0401026232080941,-0.026150037226164158,-0.024591064768657023,-0.0401026232080941,-0.0009659051028174659,-0.015428961181690333,15,0.0730313721367104,0.1346023809855752,0.13640629391417813,0.010506777644549326,0.1451821189444329,-0.05906271369305127
Spain,1960,0.009797895081218755,0.048053597430870454,0.026892933085361573,0.047682548676851066,61.5,0.045587183579497426,"reconstructed, resident currency",0.07271018856457334,0.017693748669507237,0.015852331172894862,0.01738335514523337,0.017693748669507237,0.04829509317630287,0.05028726359993576,15,0.012092292672554183,0.01095391033073767,0.011169140656938747,0.012803101551821738,0.021365073475775542,-0.00445440519852891
Spain,1961,0.25845768102177025,0.1702174135334542,0.17377470371372503,0.1710256354931876,61.15,0.1686835842222012,"reconstructed, resident currency",0.02560406883837918,0.009745319949992615,-0.0023088215194058126,-0.0016981026190401316,0.009745319949992615,0.012630922451238202,0.024911636024008667,15,0.02005919609556428,-0.00392177633277957,-0.003947620836120769,0.023604783271376606,-0.005204766596560884,-0.024385182144490036
Spain,1962,0.18574743797744686,-0.14877859351222777,-0.1052040510957321,-0.1454497475230736,60.3,-0.14715884802802748,"reconstructed, resident currency",0.012713448731787036,-0.025516802549535922,0.03676275890017866,0.036189117912194924,-0.025516802549535922,0.02860702015713401,-0.033375993782085854,15,0.05697050705874873,-0.18521402568909173,-0.18342007342676947,0.01825126995188109,-0.19636291831544328,-0.07140620059464942
Spain,1963,0.0014369600868144872,0.07244037179659979,0.1403346927064323,0.07154553309016198,60.15,0.0694024420239816,"reconstructed, resident currency",-0.03961561754157927,-0.052742390071783385,-0.0506428649946048,-0.049941538251157436,-0.052742390071783385,-0.041081630439261274,-0.04325985002014333,15,0.08734940583639261,-0.006129414185360171,-0.006231414684274683,0.01837742808505438,-0.007476675252946485,-0.09029002454749635
Spain,1964,-0.05033026341538238,0.014269812375941937,0.0625062039318077,0.013565373851763374,60.17,0.01153824310405982,"reconstructed, resident currency",-0.033491632066560584,-0.03723493970175762,-0.055032388941385735,-0.05475662880970511,-0.03723493970175762,-0.04147875049875449,-0.02305824044604472,15,0.069835250367704,0.18652566979134289,0.1892970260066662,0.027000180476569158,0.19910979316491995,-0.06680086640434701
Spain,1965,-0.017263799385685896,-0.023026402377766653,0.06477678689074366,-0.02296556943108663,60.25,-0.024919638292224433,"reconstructed, resident currency",-0.0690486335723629,-0.0790617810784745,-0.08555963052008986,-0.08514467778438384,-0.0790617810784745,-0.07117096317675176,-0.06430316381921446,15,0.11842464365920247,0.02025117747087468,0.02289084393361218,0.03155536016230376,0.03930276010716649,-0.10408154831663308
Spain,1966,0.0026059472912665083,-0.13115278171255362,-0.09229415909081762,-0.12975823987490986,59.999999999,-0.13149872339516,"reconstructed, resident currency",-0.023927155468419392,-0.042346202121125276,-0.06223233267442829,-0.06182134893758684,-0.042346202121125276,-0.04914703262236675,-0.0288768559930066,15,0.0755452561362091,0.005901746164778343,0.006468568810700459,0.010884962315295343,0.012527188929390753,-0.08915068345460742
Spain,1967,0.015587193114169784,0.300916944117708,0.18375049280884728,0.2975440691147746,69.7,0.2949489809765451,"reconstructed, resident currency",-0.0036815235397565926,-0.03175612205324252,-0.034927456842402504,-0.02820556074809688,-0.03175612205324252,0.0981809497365238,0.1010597695083098,15,0.06378157692424491,0.029959413735462848,0.04912160683191624,0.01912916025527034,0.21680639275228009,0.08483123872123532
Spain,1968,0.1668853125853469,0.15111398349688088,0.15953252954352837,0.1512740508263366,69.82,0.14897150272468385,"reconstructed, resident currency",-0.002199876380016952,-0.018699273484255374,-0.008019572591567603,-0.006836187948450978,-0.018699273484255374,0.012352024673760509,0.001721892900847314,15,0.04962726664497352,-0.06729456838675674,-0.06725441099829566,0.011003722479790534,-0.04399302278660644,0.13349345217724662
Spain,1969,0.49234405332555853,-0.07178948487288206,-0.10117897053017638,-0.06535050524347219,70.059999999,-0.06721980423298524,"reconstructed, resident currency",0.030707296950501117,0.022995632984387893,-0.0337835229390242,-0.03388729654895173,0.022995632984387893,-0.014735632913788543,0.04337237773598438,15,0.021509738745959295,0.19423932459514615,0.20035353408755774,0.01323387456286551,0.22509177532956537,-0.18354117438779027
Spain,1970,0.035793330728741246,-0.0634295435364346,-0.05933847902699532,-0.061596768822528736,69.719999999,-0.09820251439157068,"MSCI World, resident currency",-0.043243453012788424,-0.002278789961361549,-0.02454131101196,-0.023922011526897435,-0.002278789961361549,-0.013609417700544912,0.008985163194498854,15,0.057409614115670804,-0.0590527398734777,-0.05869867491834169,0.020938455464238448,-0.040535975635916266,-0.0016396770659896642
Spain,1971,-0.038505345421367854,0.05242941650007671,0.09885390381878151,0.05063039361793731,66.019999999,0.07075421617126731,"MSCI World, resident currency",-0.004782065776173683,-0.038986164089869435,0.00754639513263311,0.010040603496606737,-0.038986164089869435,0.0381934744729695,-0.009102557173872079,15,0.08219045371078937,-0.1582108162488851,-0.15600884800780834,0.017643971771362565,-0.18705265765057266,0.02669007103372656
Spain,1972,0.244763478826862,0.10676275112578049,0.19556484836845556,0.10963365516148427,63.569999999,0.10748307211739294,"MSCI World, resident currency",0.011520756634900042,-0.039300909916925586,-0.023571192275360198,-0.023756933363468735,-0.039300909916925586,-0.03860366840810059,-0.05474680315223826,15,0.08254500273961796,0.06710677488220496,0.062268816839255114,0.01154035341542925,0.03209822944599039,0.31610039612318763
Spain,1973,0.164376390166727,-0.2504820266691826,-0.16094117477158149,-0.24157037424307803,56.949999999,-0.3464565986713639,"MSCI World, resident currency",-0.09505761003785573,-0.05780266209263474,-0.1256295707658026,-0.1265818512032275,-0.05780266209263474,-0.14049311715529023,-0.07260839209592383,15,0.11441622524334893,0.3934818980300303,0.3440175430074752,-0.005739170208360234,0.25608335518471415,0.3507270219051637
Spain,1974,-0.0943792826881491,-0.36158111977480567,-0.34610257558185376,-0.35334294151707846,56.111999999,-0.35466795503940973,"MSCI World, resident currency",-0.12114918175135336,-0.07803884831139474,-0.15567127037920592,-0.15415494322713852,-0.07803884831139474,-0.08780780479450512,-0.005586833957528259,15,0.1497230623193473,0.15710737541966235,0.16101896362999235,-0.018682411153460032,0.1716709938966503,0.4044313742268366
Spain,1975,-0.24650460677675068,0.20886786426367498,0.23377034625303247,0.1904268251822807,59.773999999,0.2500035101044391,"MSCI World, resident currency",-0.08969937512512416,-0.09323576240732845,-0.05993763636491112,-0.06016037703702304,-0.09323576240732845,-0.05840914256750063,-0.09101876694673815,15,0.17665830380033598,-0.2048734429097394,-0.20814901665727625,-0.002214119066057396,-0.1354785757348056,-0.309167935627777
Spain,1976,-0.24287827739654477,0.10892304470542014,0.07178312612565217,0.09737580586670114,68.287999999,0.13380663166359508,"MSCI World, resident currency",-0.05887792171213091,-0.06519844047525702,-0.08362993941754193,-0.07737901108433054,-0.06519844047525702,0.00893274605867922,0.02691542643581418,15,0.17635483334470825,0.06120041492662054,0.08016004823602141,0.0049242743921680265,0.1718920980702101,-0.06584916048012812
Spain,1977,-0.42796701564158557,0.025070798325405264,-0.05744119015090325,0.015207529481211512,80.911999999,-0.004252770831226216,"MSCI World, resident currency",-0.2760972140139394,-0.0916745931008568,-0.07658560985819174,-0.0545307628824222,-0.0916745931008568,0.08244345492213911,0.05496798119661191,15,0.24539985247463925,0.1392805341211132,0.16753227840371987,-0.011551278487003214,0.2558232839622614,0.15984339948488757
Spain,1978,-0.27581100038812967,-0.15267508972655786,0.03448380574896537,-0.15454369411383395,70.109999999,-0.15004417975447504,"MSCI World, resident currency",-0.19698825267781583,0.008337443162051539,0.011976110377682314,-0.0021783175654279674,0.008337443162051539,-0.13334744797840947,-0.13478360705032683,15,0.19773478534057864,0.28517792144488685,0.2053561054258879,-0.010424790546951224,-0.017923016103935208,-0.025070727086825784
Spain,1979,-0.19722837161137552,-0.0842921815154618,0.058397796899515964,-0.08566050925880575,66.149,-0.08235025971221122,"MSCI World, resident currency",-0.14620752684324978,-0.02183841876752768,-0.09594701321989585,-0.09617257467513052,-0.02183841876752768,-0.16658685468178558,-0.09805168100968034,15,0.15660424618481916,0.3519802544622228,0.30555521969699106,-0.02032579690849734,0.20933239110938806,0.7793793514126262
Spain,1980,-0.12629079164719492,0.32770718008774025,0.12582012585194233,0.32349626088874484,79.25,0.32498454149488376,"MSCI World, resident currency",-0.01750970545937247,-0.0008515166223540538,-0.056931272327604976,-0.05131003677935253,-0.0008515166223540538,0.037943659448240075,0.09997674903591008,15,0.15555146626995597,0.16834518068166848,0.2101747461248713,0.000695567814542164,0.3490533636864095,0.17721537130927278
Spain,1981,0.2432780328868147,0.04498989314733692,-0.05971991075007852,0.046540775673751034,97.45,0.04139200776085916,"MSCI World, resident currency",-0.030249506027545392,0.011720916452212293,-0.03722811538673698,-0.037396993905872034,0.011720916452212293,-0.015388967024201894,0.03637120776802919,15,0.14552011754912875,0.043636312052897974,0.08669803604766502,0.06875376114405274,0.29517227796690837,-0.27587413472937294
Spain,1982,-0.12597337280526155,0.23502715254648088,0.07786871138746368,0.2316634089749512,125.600999999,0.2734811300376878,"MSCI World, resident currency",0.004294253547505011,0.02411428427397211,0.10101331066220509,0.11542614569062293,0.02411428427397211,0.1735696139922831,0.08971273568928367,15,0.14413825279377424,0.14931126145550433,0.21771854880419927,0.08419578734237465,0.4534315791861008,0.31715246835387934
Spain,1983,0.0021823622818717414,0.36986062101113437,0.21204513015014131,0.3674177211636678,156.699999999,0.37754503985189736,"MSCI World, resident currency",-0.017671403073400316,0.0648717309854423,0.10681803770545861,0.10667590649909497,0.0648717309854423,0.11637936356311185,0.07510253911074281,15,0.1217579466465375,0.12797149056995005,0.1502611817547126,0.04999397713684739,0.28981876967829967,-0.06856244058451066
Spain,1984,0.3183913934031368,0.05655198755270452,0.0831350301812868,0.058090598664220394,173.4,0.030342970252539736,"MSCI World, resident currency",0.049919338171972916,0.01189242193196538,0.04394821287732498,0.03906055446771428,0.01189242193196538,-0.0028621584330096317,-0.03352087622742643,15,0.11278380150326628,0.015575546138547391,0.024457961126712835,0.06256920408590982,0.10461412965075167,-0.20057824411882508
Spain,1985,0.23572747291318907,0.1874400030503054,0.2578378577094048,0.18777878101326384,154.15,0.15362741375916622,"MSCI World, resident currency",0.03895580927794273,0.025696842036531553,0.09460522105085545,0.10203031282778485,0.025696842036531553,0.13296271155423245,0.05915252395738901,15,0.08814315492914493,0.2575603592950777,0.21421131150401673,0.041566294338919674,0.0791085568970924,-0.14044316752006836
Spain,1986,0.9601850443746038,0.09788783542104795,0.24994582194717346,0.10351270790729328,132.395,0.1240257301964156,"MSCI World, resident currency",0.0332807639767525,0.024771081385204896,0.0846460671197955,0.07805952050351261,0.024771081385204896,0.05369012586296762,-0.0024870111644273553,15,0.08795842349049576,0.19970678455480728,0.15729790060876292,0.05503815580608573,-0.007873071260253495,-0.059469488636864964
Spain,1987,0.4055326852287564,-0.012112739522980087,0.07203914184025378,-0.00783125944291374,109.0,-0.09433012635836746,"MSCI World, resident currency",0.06011137285225243,0.10277731000781754,0.08985554215133229,0.08507467663810697,0.10277731000781754,-0.0002500256410388202,0.01075764969246596,15,0.052477522445466995,0.24204518514351525,0.19230727233579437,0.0219249880214456,-0.06867858940930982,-0.038084462011365394
Spain,1988,0.09105808751034794,0.14502934390890854,0.14194684936050933,0.1444097728885858,113.45,0.23235470932166713,"MSCI World, resident currency",0.08325110142231629,0.06157154196308823,0.08384081949354227,0.07885962870808494,0.06157154196308823,0.029966626970122645,0.010193428714557019,15,0.04837022956656711,0.1436701269157532,0.14343894453234163,0.030389429819428715,0.14189954235625835,-0.16843074621955567
Spain,1989,0.05466664046070813,0.08617530127087325,0.21857594270321706,0.08578608562618739,109.72,0.05078725398800299,"MSCI World, resident currency",0.03215232971269821,0.07115948257031901,0.014972520128317068,0.012493752367489952,0.07115948257031901,-0.053947847077216116,-0.0017517888568895357,15,0.06792376403447986,0.07793018490824033,0.07044846625403345,0.04313487985098852,-0.00779468788881954,-0.12586893203897043
Spain,1990,-0.17352249502528472,-0.20536999636237552,-0.13178346420668205,-0.2049252502650979,96.909,-0.3273583953696644,"MSCI World, resident currency",0.06744333842469175,0.07531110742351887,0.04351888920488678,0.04026205235300506,0.07531110742351887,-0.005521033667314823,0.025142333600030525,15,0.06721052885587131,0.09628457773906884,0.08017768114100488,0.019629465469601426,-0.09725754403874465,-0.21128979525205605
Spain,1991,-0.004949465525040608,0.043172246380009494,0.0525004889583031,0.042504881238624614,96.688,0.1387644829299577,"MSCI World, resident currency",0.1148546268055961,0.06859895868604737,0.14141373392275725,0.13501764315470366,0.06859895868604737,0.09417567175468644,0.023912735706555308,15,0.05934660003417136,0.05892653581153606,0.055504630346397965,0.0295655869605842,-0.004146723354151005,-0.13674124995057468
Spain,1992,-0.13224060011911498,0.11881584474453066,0.008506378270321975,0.11558240556164234,114.623,0.06531134943853178,"MSCI World, resident currency",-0.023451389647209275,0.06685802961749077,0.10184078326968837,0.10490393633703943,0.06685802961749077,0.13285463121227448,0.0974528483925208,15,0.05924746466217412,0.03283459476651873,0.0328780212283557,0.008383806062487231,0.1197441978015561,0.04588973077988823
Spain,1993,0.4927998383328047,0.40229596304094906,0.14657799120298268,0.4033264758065247,142.214,0.45955955892685263,"MSCI World, resident currency",0.36681949351289167,0.07419110208932511,0.25251000289678593,0.27447161820217714,0.07419110208932511,0.3763512242872502,0.18234060847251107,15,0.0456860654894935,0.25605699666315096,0.2852734607324314,0.004321478172269577,0.42851356846548216,0.3867524981655712
Spain,1994,-0.13290402158205084,-0.07351462834139666,-0.018908824316544004,-0.07432476444798597,131.739,-0.0787168902356381,"MSCI World, resident currency",-0.1645364545148088,0.029557105634306913,-0.11151886213289985,-0.11216691013265467,0.029557105634306913,-0.10597896225466297,0.036385573521839874,15,0.04717357988197324,0.029454455494432707,0.025406353985077512,0.016542435122898214,-0.08206706884229253,-0.14232079152453492
Spain,1995,0.10531441365939931,0.0724717114274831,0.18632136259262172,0.07289906006529234,121.409,0.05908885636285621,"MSCI World, resident currency",0.19634482640252338,0.04114821710740357,0.19475611734583165,0.18400421400105205,0.04114821710740357,0.13220341410471548,-0.013295400207540838,15,0.04676098578565746,0.21826753950865574,0.19363816766297437,0.033488873052366586,0.09034370614645648,-0.11558174841076951
Spain,1996,0.3799129025831669,0.2500101894380633,0.19231506163173165,0.2515264176969514,131.275,0.176673646051285,"MSCI World, resident currency",0.2463348757601096,0.0395054225895326,0.13974651546628247,0.14236239182231714,0.0395054225895326,0.1458493799629843,0.0446826956845622,15,0.03557259849500749,0.20077518958386142,0.21159793280556172,0.020154971252071885,0.2631825938099679,-0.014623178604964315
Spain,1997,0.4272088623593313,0.3698336824382078,0.23083167978364455,0.37060525675534906,151.702,0.31910891752106707,"MSCI World, resident currency",0.14773840613986744,0.035421710650338945,0.12794662616471264,0.12937638769006354,0.035421710650338945,0.13668772225446868,0.043438693559027006,15,0.018771698055239705,0.23355466840736594,0.27522048915791775,0.038183713171633826,0.43329584695823975,-0.10803382770520653
Spain,1998,0.3708367394914194,0.12852075917372496,0.18434466789372161,0.13223112704919027,142.60699,0.1458142365561086,"MSCI World, resident currency",0.15651603574464112,0.025326913301190412,0.14290060388266168,0.1390425003680409,0.025326913301190412,0.11650068155795146,0.0019049593939760357,15,0.017626658624849245,0.2594358957832197,0.24468098016944406,0.0384762766424287,0.19429913365507212,-0.08980957924926691
Spain,1999,0.17082136860230435,0.38853417253733347,0.226725041821981,0.38473299593895405,165.62412900656977,0.41162649176583166,"MSCI World, resident currency",-0.085640058166638,0.004767536678622175,-0.07742262704047187,-0.07967279079894662,0.004767536678622175,-0.015091897208725502,0.07162075415012008,15,0.022359199276919206,0.006508362221824493,0.015081525231583903,0.025016298269186832,0.19127707241232317,0.13501176663994152
Spain,2000,-0.13416700019682426,-0.024809546735370724,-0.04843466971621495,-0.026798898639237012,178.81354110693175,-0.0945222625424148,"MSCI World, resident currency",0.05054235320030842,0.006063803871497964,0.05323289165761613,0.05371632007272442,0.006063803871497964,0.05352092165062916,0.006140176745564996,15,0.03484158961129302,0.003736091273559339,0.009794454175366063,0.02935847551351123,0.10778622222475143,-0.017858997761912243
Spain,2001,-0.06976790307767744,-0.15308513145941938,-0.16584657851949142,-0.15148063357856312,188.79609667536593,-0.14186939381105657,"MSCI World, resident currency",0.021583292162628664,0.007445714300446493,0.016692434063109385,0.016362987678897323,0.007445714300446493,0.007968232474538706,-0.0009872237600012138,15,0.03589535307134262,0.10242640988545326,0.11213296544790863,0.024736810195639336,0.17546184689577982,0.03526156084950305
Spain,2002,-0.22859988403128673,-0.326197070039312,-0.22980700985694985,-0.32419071887856665,158.65929245732812,-0.35278520136499913,"MSCI World, resident currency",0.08890471175062675,0.001656858673508399,0.08269339145869847,0.07956552232518188,0.001656858673508399,0.05389230688826263,-0.024508509414167674,15,0.031041708916379473,0.059499896594839674,0.04746425544517918,-0.00596150761007852,-0.1294897673578278,0.010397789227070353
Spain,2003,0.2905533849103772,0.02371799436361699,0.17160530162289184,0.029212617843431543,131.73871733966746,0.07510569651573418,"MSCI World, resident currency",0.019556068438644436,-0.007064226719142419,0.0027922108885627406,0.00284340378024428,-0.007064226719142419,-0.016601696619697126,-0.026415027813573397,15,0.030395615058811165,0.1732852384847201,0.1389033347957993,-0.006956332666097742,-0.03295375637033293,-0.03554871654699354
Spain,2004,0.19451879929564675,0.05709454942879,0.12254137573284432,0.059861310613174235,122.15402687027384,0.025953349538438086,"MSCI World, resident currency",0.06995185569992635,-0.009687076291229113,0.05367533200433727,0.05347534581936664,-0.009687076291229113,0.04683888548462867,-0.016323446164438697,15,0.030389798801206513,0.14338097177922582,0.12992726126987209,-0.017486342515833142,0.04840132159238042,-0.06785128348184155
Spain,2005,0.21684444230109934,0.20137550815706873,0.10313889468416504,0.20170555515259814,141.04094261252862,0.22356088862856316,"MSCI World, resident currency",0.035314488951436074,-0.012396213048195048,0.03295196926771227,0.03422269899256891,-0.012396213048195048,0.05265378350897798,0.006975131662910224,15,0.03368038830634701,0.03708424278504796,0.05076228064883925,-0.0006986459582450921,0.2118432906906551,0.31082636146563236
Spain,2006,0.35774423495183405,0.056989277284487994,0.15174502313753244,0.06347811019825356,126.33712984054668,0.04624529278203582,"MSCI World, resident currency",-0.049525516903639044,-0.006643337131640781,-0.042542950090251774,-0.04257958528547234,-0.006643337131640781,-0.05355662213764745,-0.017759646144191142,15,0.035151862738069584,0.13452364074877154,0.11919351736018347,0.024767261591463807,0.045610235118274556,0.06922680257339331
Spain,2007,0.06201664648942651,-0.04668799970799398,0.038040336719598326,-0.044149022106803604,113.02628897493369,-0.06253338270410536,"MSCI World, resident currency",-0.017042777959904942,0.010312293463998978,-0.017778777342375873,-0.01870054357462536,0.010312293463998978,-0.03911006223704905,-0.010739271920188642,15,0.0278752481647353,0.1898484111611849,0.16715585660589016,0.011644528236934182,0.06639188939620078,0.12964900376203503
Spain,2008,-0.39415966886633114,-0.37012747974173443,-0.39620808188133927,-0.37072673022284564,119.5559387799094,-0.3741780008253539,"MSCI World, resident currency",0.05433742008961806,-0.0021637518189198124,0.0966028011433624,0.09214547501059567,-0.0021637518189198124,0.08802659449978889,-0.007573859022191209,15,0.04075192867008792,0.2698110741221369,0.3005396708151915,0.03138761247384991,0.38520961961467215,0.09680200911397074
Spain,2009,0.35995589337770073,0.22927783918339784,0.23320119025851122,0.23265364702837665,115.49770928779668,0.22065225897791563,"MSCI World, resident currency",0.05311329805693865,0.009656137808956577,0.009903779496839071,0.00859337562090956,0.009656137808956577,0.02972971768543209,0.031446708905454715,15,-0.0028700906344411026,-0.05271451639084834,-0.0472945885928725,-0.019834602641820354,-0.11214049296899176,0.16944255754689297
Spain,2010,-0.16178006890520136,0.18838986613311914,0.0986968882617728,0.18014383725872407,124.52177817691963,0.18614440727822323,"MSCI World, resident currency",-0.07696437435243553,-0.013223811793782292,0.015386206490199505,0.018901886251971867,-0.013223811793782292,0.08015708671860144,0.04894119149442336,15,0.017995108966173845,-0.002914564524374552,-0.0017576076086870396,-0.011732246102603261,0.07503074957068523,0.36613523968497885
Spain,2011,-0.11596381356303842,-0.02336979501140446,-0.049780428401566254,-0.025076664347460254,128.59262694180384,-0.05395818701815336,"MSCI World, resident currency",0.06018701859288522,-0.02111333000480886,0.04289508740022829,0.0447378491949435,-0.02111333000480886,0.06000358663142347,-0.0055639212058540425,15,0.03196317909797286,0.05975165564115703,0.062069525957600735,-0.025979726392153846,0.08849188334478919,0.08665160895965873
Spain,2012,0.02504265122374072,0.10178925517284587,0.12968499522993038,0.10034310113897704,126.10732150977718,0.12297076085166436,"MSCI World, resident currency",0.039438250797295904,-0.021233819232245543,0.1096302571892791,0.10994610693138207,-0.021233819232245543,0.1074803830053328,-0.023560409210375596,15,0.024453050966173562,-0.07373231160125204,-0.07302643700790967,-0.014131120381582707,-0.08796563270914215,0.035850802185696695
Spain,2013,0.28076142270357085,0.2208975066062242,0.2959797558154703,0.22190905733163468,120.64824885795085,0.19183405215443128,"MSCI World, resident currency",0.14291875657633057,-0.012419732674539774,-0.02633476243880717,-0.025473228733900677,-0.012419732674539774,-0.05523943017635702,-0.042529858704349194,15,0.014086348006193461,0.04740841637409199,0.04475576636396772,-0.01307117198017016,0.0021254097323273324,-0.3173718220447269
Spain,2014,0.09249287297911302,0.22650173394607487,0.10420251353087578,0.22418851277837248,137.0447244872745,0.19653065229025235,"MSCI World, resident currency",0.2929454781190888,0.0026610647976181845,0.18646863299141625,0.18982093320669557,0.0026610647976181845,0.2056239843359191,0.01861494208618962,15,-0.0015070544026809518,0.18025645688857095,0.20781834178177472,-0.006284064445272408,0.35323644529959486,0.14620367738647455
Spain,2015,-0.02712171533919916,0.14680220113791997,0.04319584027218402,0.1437623040271474,152.82998071093965,0.10575795203145999,"MSCI World, resident currency",0.020980641195596617,0.0042676419640435,0.015466750130298745,0.015814365594938096,0.0042676419640435,0.04495166824137109,0.03341775393968884,15,-0.005004617355298002,0.08095191298845439,0.08913475727039133,-0.00531491867575451,0.20202963459397338,-0.023380352202426957
Spain,2016,0.024776081555448526,0.06397300307630194,0.03627006973930565,0.06325847218685743,157.84650412674318,0.09968608361850007,"MSCI World, resident currency",0.057636943253613904,-7.426300000001884e-05,0.04371841985931657,0.04364593815862694,-7.426300000001884e-05,0.041345772439362216,-0.002309715533543518,15,-0.0020258874484795353,-0.06664014088031256,-0.06891409789560188,-0.014283553872012966,-0.03549144396819892,0.10600346726036092
Spain,2017,0.07615049511160321,0.05704927678694727,0.1636890615213597,0.057380410856050945,138.73592929208715,0.05763352183242865,"MSCI World, resident currency",0.012529310268261096,-0.022029110596728074,0.004222888279048265,0.0038207115408739334,-0.022029110596728074,-0.021541601337308647,-0.04745190219499773,15,0.019560000000000022,0.018717431583295197,0.013103609127238292,-0.00991627081888169,-0.09179982517055951,-0.03246279340870961
Spain,2020,-0.09517895676352006,0.025787700598215224,0.06913204863441921,0.021428004379554944,135.5928612175047,0.060023010211183614,"MSCI World, resident currency",0.054234930606162024,-0.00037289432206988327,0.03731535749678416,0.036541744136924015,-0.00037289432206988327,0.029594207607036127,-0.007350452125333436,15,-0.0032283094962112235,-0.11948045301243937,-0.11118687217201828,-0.00489791713896115,-0.18489174261543595,0.13914247176209327
Spain,2021,0.09979238003771096,0.15734831821958584,0.1799199115670284,0.15537093177237393,130.8228294699839,0.1160385352976856,"MSCI World, resident currency",-0.06899533010739956,-0.03450186849311132,-0.06576805664604601,-0.06601265996616523,-0.03450186849311132,-0.06306787931835323,-0.031550445593042875,15,0.0300814,0.04172435170431843,0.03893474044354428,-0.0646718177027612,-0.010505550959577503,-0.12825756217704287
Spain,2022,0.003904052272810654,-0.11286500586304449,-0.14361519545815127,-0.1089031053266103,147.1825259827803,-0.1372682383687167,"MSCI World, resident currency",-0.2200076101808598,-0.06967673946193476,-0.19902949766767053,-0.20058889521472156,-0.06967673946193476,-0.19233823284521256,-0.061200663345365044,15,0.08322563000000001,0.08619826618122062,0.11473101196005064,-0.04319532740699539,0.2529756692656646,0.05448112786214754
Spain,2023,0.1192485695586285,0.13551107121610162,0.16036300234418277,0.13488725269273716,143.050385078757,0.17159819111899544,"MSCI World, resident currency",0.003945621393247389,-0.00016380034597596183,-0.00837033161886025,-0.008255397035189627,-0.00016380034597596183,-0.024686506015008325,-0.016976958227361196,15,0.0340027,-0.035771589923361935,-0.035860496967286326,0.017003513512843016,-0.04003968521022738,0.08124372675406955
Spain,2024,0.23999305314966501,0.15573051042465313,0.16499056785110275,0.1587262514197243,142.90734288960905,0.15111085374526345,"MSCI World, resident currency",-0.005542996042992132,0.0026706689116708926,-0.01237522443296657,-0.012180648382542736,0.0026706689116708926,-0.011117689822582766,0.004045380459723921,15,0.02792974,0.009316980646554285,0.010395116562298856,0.02171369326854866,0.028796711468829894,0.21579502223549474
Spain,2025,0.4611807738051863,0.1335075458667827,0.16612595362454005,0.1449676753771505,137.12024251719544,0.13534852618022675,"MSCI World, resident currency",-0.005820959978126372,-0.000281207807866668,-0.008998474798328271,-0.008913678373076106,-0.000281207807866668,-0.010707483822183117,-0.0021315233634875935,15,0.02056199,0.08783793293549969,0.08501185239043263,0.015139307087717269,0.06346064652445227,0.5637520018166076
Sweden,1927,0.27892311613940635,0.27090941969143056,0.25948671450301486,0.27096272497545804,3.7058695652173905,0.268420799525507,"reconstructed, resident currency",0.09379743044016631,0.052307691403042034,0.0808351964520646,0.08196932259081713,0.052307691403042034,0.11658225235470332,0.08916333284740616,15,-0.011695906432748537,0.2730736569922696,0.2712439625662746,0.06069651650102048,0.2642463169052487,0.0007991081544682643
Sweden,1928,0.20412091806269528,0.30811652176015913,0.32519187096794655,0.30748123403905203,3.7361875000000007,0.304866271570974,"reconstructed, resident currency",0.019347308061973267,0.0258596479152029,0.05736604345063068,0.05744144109960736,0.0258596479152029,0.06533347185000715,0.03414212293417677,15,0.01183431952662728,0.2841263894376227,0.2849060219307813,0.05045226040342521,0.28757380825715395,-0.014904558474908902
Sweden,1929,-0.0031370658959661846,-0.06070122399136246,-0.07421014889616598,-0.060348826224013274,3.709565217391306,-0.06222812857156523,"reconstructed, resident currency",0.11059190638895533,0.05958928686699694,0.07236340119710194,0.0724576907383796,0.05958928686699694,0.06259484287541994,0.049590982528484054,15,-0.01754385964912275,0.2091588981111352,0.20725369286254347,0.03785806464463959,0.1969195432411932,0.004878748872475747
Sweden,1930,-0.040533634247603256,-0.17160241474058802,-0.18529543625804853,-0.17068128714801045,3.7291012000000006,-0.1723399245737144,"reconstructed, resident currency",0.17325657606124878,0.07437036876325243,0.11627670374418342,0.11784029403596596,0.07437036876325243,0.10888291001008232,0.06532575990112043,15,-0.0357142857142857,0.1458738152675363,0.15340782689903132,0.10740235214556271,0.20249699999550708,0.07899639427490834
Sweden,1931,-0.32411583252013865,-0.04270844808485297,-0.2908754350969448,-0.04535459087509908,5.367083333333333,-0.04726388169334883,"reconstructed, resident currency",-0.07847722007590496,0.07002547819902949,0.011577657597366064,0.00706962068402861,0.07002547819902949,0.3685966791386315,0.44741631331688114,15,-0.030864197530864224,0.26592790270200006,0.3769005604596656,0.15094084355712933,0.8405367945531383,0.48939053567560875
Sweden,1932,-0.2098262514798872,-0.0048549291635789915,0.10822679834900305,-0.00694255701674118,5.5778,-0.008928671902707741,"reconstructed, resident currency",0.265848762277634,0.05200129182588675,0.1728782238435258,0.1540717637177853,0.05200129182588675,0.06726253489681788,-0.038374272426590215,15,-0.01273885350318471,0.0418275548918261,0.04349232920109802,0.16025907588768828,0.09019471863437145,0.052756037933123556
Sweden,1933,0.2220119872432671,0.04264381277710272,0.389704075889596,0.043782925343778034,3.7927272727272725,0.041695359493090445,"reconstructed, resident currency",0.15493863574321698,0.05512913822239596,0.1015440301767776,0.09440164640528703,0.05512913822239596,-0.04704984190956818,-0.0906523681776337,15,-0.02580645161290318,-0.08585472343576361,-0.027469713566992682,0.030170519994877854,-0.40886736910741006,-0.34321244394640904
Sweden,1934,0.2876018830820133,0.16930323486338206,0.01624953095553031,0.16995926890564528,3.928695652173914,0.16761935036783404,"reconstructed, resident currency",0.267630036724241,0.013289473240116756,0.13114004188109152,0.16603360277828605,0.013289473240116756,0.3897899862990155,0.24372273256787882,15,0.0066225165562914245,-0.022914226109349123,-0.02276942970353868,0.008767156750223437,0.03176708803792483,0.7506450821699122
Sweden,1935,0.08022286584300398,0.2415138827186083,0.26964429381181,0.24036975358873258,3.94,0.23788901408155505,"reconstructed, resident currency",-0.0821417335541017,0.0002580640777465337,-0.005658609891050381,-0.007028689764206453,0.0002580640777465337,-0.02044423342504198,-0.013367690141040866,15,0.019736842105263053,0.023197246515423542,0.0233336188936355,-0.0020322077192309607,0.02645359704177208,-0.027625306912482106
Sweden,1936,0.38163026540902,0.26535623932541186,0.2607522276663539,0.2660755130740655,3.9609090909090896,0.2635433620479173,"reconstructed, resident currency",0.11604023748522341,0.007006368985411404,0.03822625368047783,0.03746667945827564,0.007006368985411404,0.028609692470350945,-0.002082148306641401,14,0.012903225806451646,0.28317534109272335,0.2869165633802957,0.012372876775614161,0.29903011936258195,-0.007335828029181646
Sweden,1937,-0.036809816263776995,-0.2655761510697209,-0.23527753220052197,-0.26404412934063004,3.8876470588235286,-0.2655160410819488,"reconstructed, resident currency",0.01577392020435253,-0.011481481914718983,-0.015289029920023234,-0.01622053980644589,-0.011481481914718983,-0.09663759200918709,-0.09449171271909076,14,0.031847133757961776,-0.0769624018166607,-0.0763663347264395,-0.011132956950033579,-0.09009349363392138,-0.047842334945479514
Sweden,1938,0.06858054291118276,0.09047571331394266,0.05216377463620658,0.09029112088445768,4.162608695652175,0.08811053864268881,"reconstructed, resident currency",0.21745363311334076,0.0014545450156384643,0.02890959409067806,0.02773559996498265,0.0014545450156384643,0.07187969669037408,0.04697034453789451,14,0.0185185185185186,0.08232210726183542,0.09045892475465167,0.047570894586841384,0.16540038859570472,0.05465321547765467
Sweden,1939,-0.22121159162591486,-0.017348493210266658,0.02525242012324123,-0.019087628321316497,4.2,-0.021049453064673873,"reconstructed, resident currency",-0.34460214306326475,-0.010000000433886713,-0.06805790717253879,-0.06706144040589057,-0.010000000433886713,-0.09404203143338208,-0.037571883534443705,14,0.030303030303030276,-0.132417174232773,-0.1320521820183732,0.022205827566040615,-0.13517443715860478,-0.03448882473082604
Sweden,1940,-0.017259593223043046,-0.1682630026401265,-0.08642021582315082,-0.16712355571859838,4.201,-0.16878930860716124,"reconstructed, resident currency",-0.061557596520438684,-0.09424352300367822,-0.031008248469623356,-0.03732516485291992,-0.09424352300367822,-0.0894421486638004,-0.14762877152844103,14,0.1352941176470588,-0.10244130289490849,-0.10249300350898449,0.0059249679692383594,-0.11544419296814423,-0.1251726450925622
Sweden,1941,0.09608834941093236,-0.06275842621024563,-0.0533717199511684,-0.06158143091905388,4.197,-0.06345826805721577,"reconstructed, resident currency",0.03619490543456916,-0.09448630150118376,-0.0486736672074487,-0.047967778462739474,-0.09448630150118376,-0.036081163590186316,-0.0821600509912473,14,0.13471502590673579,-0.11713011815356833,-0.1142890650302929,-0.07583315048804296,-0.1670079743417462,-0.16123394482409248
Sweden,1942,0.07239293345274067,0.04323804154513122,0.04031706680923854,0.043468785938511,4.19,0.041381848366633944,"reconstructed, resident currency",-0.039348513819277287,-0.040705127856479284,-0.011008730882276607,-0.012992283335086285,-0.040705127856479284,-0.06602626528543987,-0.09631961500897178,15,0.06849315068493156,-0.031121530017751198,-0.03099149807767987,-0.07087970183543024,-0.027784118353275655,-0.05410188853924147
Sweden,1943,0.11316521212141573,0.17842881022541945,0.10810969968027304,0.17791457684577394,4.19,0.17555874769208235,"reconstructed, resident currency",0.013193202082147026,0.020638298243284225,0.01734124445879881,0.01960556288165516,0.020638298243284225,0.008253037906703176,0.008836945667069466,15,0.004273504273504258,0.2431543895237107,0.24714183320140437,-0.019568422192413393,0.2620512506991466,0.019657850509233077
Sweden,1944,0.15834057171884774,0.14145345289066102,0.10005012239620836,0.14158236750304076,4.19,0.13929920276803465,"reconstructed, resident currency",0.053714859737162834,0.029380342254462954,0.07358849956417512,0.05985515099436989,0.029380342254462954,-0.0005375015381530179,-0.033183978699506005,14,-0.004255319148936176,0.10657244839537094,0.10501246136058406,-0.011389603351630306,0.0857947198906246,-0.003734916832809576
Sweden,1945,0.10543173980047782,0.2116766590974164,0.16956115927876078,0.21078221961419863,4.19,0.20836065517497016,"reconstructed, resident currency",0.1143723108481951,0.024879828894854628,0.07399960217375323,0.06808857956618986,0.024879828894854628,-0.0381267562173625,-0.08413194302721065,13,-0.004273504273504258,0.21731058101577316,0.21507424782466256,-0.013237632217602213,0.20381791849457187,0.0004181072309044076
Sweden,1946,0.13771519472456384,-0.1869832101193838,-0.05660432222465221,-0.18443960031213524,3.9,-0.18607072111151102,"reconstructed, resident currency",0.022723114388620624,0.01564102519590116,0.016661533321103317,0.012478823629562097,0.01564102519590116,-0.325498846736782,-0.3298913176182265,12,0.0042918454935623185,0.5411415745558692,0.47213542281230847,-0.1458067950930625,0.3014010937000091,-0.1535144817858447
Sweden,1947,-0.06308718322470963,0.055774162460779264,-0.10993947679598197,0.054711844907433305,4.45,0.05260242121761838,"reconstructed, resident currency",-0.005854877121591828,-0.009626556450647805,-0.06305952246842483,-0.06919614255282591,-0.009626556450647805,0.05465840005353151,0.11722984564713534,12,0.029914529914529808,0.05730068847975378,0.07963107655216173,-0.07460156340503099,0.25167840799253294,0.15686736548316427
Sweden,1948,-0.09743702506609997,0.12862919192977418,-0.10086329698210544,0.12650695909654863,5.2,0.12425394517835553,"reconstructed, resident currency",-0.041184060414339974,-0.03600000042249174,-0.05681891263163841,-0.05185056734526994,-0.03600000042249174,0.04709485090669108,0.06442289532826503,12,0.05809128630705396,-0.0782939288389346,-0.0758499588037499,-0.016410018909050028,0.1182871904144891,0.15330260662716833
Sweden,1949,0.13723432645201683,0.28573845831214006,0.07712387059613568,0.2843941511105761,6.5,0.2818253628083549,"reconstructed, resident currency",0.050367221105261706,0.016015624554711394,0.027907389041339936,0.05325107291992448,0.016015624554711394,0.30769895244734946,0.2779910848141448,13,0.0039215686274509665,0.1853008451500826,0.23323221842748199,0.031435476496074255,0.4835422331526593,0.25184657625590146
Sweden,1950,0.26506602947528535,0.13812401711965894,0.18860834451547687,0.1393791841572023,6.12,0.13710042578888793,"reconstructed, resident currency",-0.05678200721740723,0.009624615082374,-0.0016428794360214827,-0.0010147082844015332,0.009624615082374,-0.053142284410856,-0.04436015893221611,14,0.015625,0.12891517927739682,0.11948504859533693,-0.044909057796571394,0.0005696909043442222,-0.11825652771091733
Sweden,1951,0.05335483817677744,0.055866768123736366,0.1337836793585947,0.05584012128681071,6.21,0.05372844104423713,"reconstructed, resident currency",-0.11569354246909691,-0.11907894794191975,-0.13593826077849158,-0.13243933342608716,-0.11907894794191975,-0.12003383613589247,-0.10553761200034038,15,0.1692307692307693,-0.1399819808131122,-0.13989447055843462,-0.044855439335450886,-0.12649267050745538,-0.11859916608833954
Sweden,1952,-0.17044198330194682,6.115434879161441e-06,0.08830254366872865,-0.0016279414719208019,5.76,-0.0036246855889769947,"reconstructed, resident currency",-0.08827244668650491,-0.03950920307928807,-0.015841497307807817,-0.01691048744815815,-0.03950920307928807,-0.03318128933277886,-0.05597582254550741,15,0.07236842105263164,-0.08022199948925257,-0.07898873049724575,0.003226921042449371,-0.15006594300234144,-0.12641824471217233
Sweden,1953,0.17602913199764925,0.04063809536320706,0.0645478673948155,0.041725477168794045,5.56,0.03964202621445656,"reconstructed, resident currency",0.011391674759002823,0.023719511528658366,0.04891468742875693,0.047676596186707165,0.023719511528658366,0.03183619477653887,0.007511584387050915,15,0.006134969325153339,-0.05132989258742604,-0.04833808005020568,0.006703548557218442,-0.0981876792659988,-0.04336389506886573
Sweden,1954,0.37429757262721197,0.4486139871352919,0.4641248258405096,0.4479560298624843,5.48,0.44506011780275934,"reconstructed, resident currency",-0.028428723595359084,0.023757575091087446,0.04503666483606672,0.044609859900750504,0.023757575091087446,0.0404254006462994,0.019689863356839532,15,0.0060975609756097615,0.5116630607433703,0.5005351651311793,0.018564239040369523,0.47869117432308284,-0.01655413477329759
Sweden,1955,-0.05216886455901959,0.17458638373872404,0.25586547970690243,0.1727085184549415,5.22,0.17036310141803157,"reconstructed, resident currency",-0.06293251048938364,0.009371680232275859,-0.008850755473649441,-0.00964687793019725,0.009371680232275859,-0.05251264473101269,-0.034709943153752636,15,0.027272727272727337,0.41039106688681826,0.3805250872154471,0.011922977581826144,0.30773726527837764,-0.08177682636589012
Sweden,1956,-0.02311970396072005,0.01715016947339265,0.025651439843751237,0.01690069299351693,5.32,0.014866891607529853,"reconstructed, resident currency",-0.04385477948666994,-0.00937724675397178,-0.04262041469552302,-0.042666140246024,-0.00937724675397178,-0.04149666922662654,-0.00799126574775153,15,0.05014749262536866,-0.032053355187169896,-0.0316842316861472,-0.012271588679896195,-0.049555535796777406,-0.046672860497248614
Sweden,1957,0.0378270311060771,-0.10874341233983476,-0.0886920181305906,-0.10787810887989446,5.28,-0.10966235266213464,"reconstructed, resident currency",-0.021162516908139417,0.0010107527737335253,-0.020703201186924702,-0.020943105115680982,0.0010107527737335253,-0.04498407103542079,-0.02349495241231138,15,0.04494382022471921,-0.15515689379270936,-0.15114251089574493,-0.011143687996010843,-0.18042314668786963,-0.05053288292826963
Sweden,1958,0.1731564262785863,0.24948284907651397,0.29475228255466057,0.24893329448710944,5.17,0.2464354278981351,"reconstructed, resident currency",0.011498991784054002,0.0035371141335398537,0.05520576199458027,0.0532015097076608,0.0035371141335398537,0.03168694991625798,-0.01855152714374121,15,0.043010752688172005,0.063827508988896,0.06079675722827682,0.006882515564111014,0.029394373605680313,-0.0556398032466896
Sweden,1959,0.471595616596739,0.23719664491187475,0.23178534405292125,0.2386160226125218,5.180999999,0.2361387905672967,"reconstructed, resident currency",0.030551480324676916,0.03698209896112048,0.0520551497343531,0.052045836894163866,0.03698209896112048,0.04585318754680734,0.030712329613110656,15,0.0077319587628865705,0.22571681824251022,0.22113591288715995,0.010506777644549326,0.1988503450854746,-0.01496629074802125
Sweden,1960,-0.002876265162112368,0.006111505518263893,0.026931535815563644,0.006049870825125092,5.179999999,0.004037771083474917,"reconstructed, resident currency",-0.03239665633062916,0.006224571404571222,0.004403906264662583,0.004748922670304578,0.006224571404571222,0.006638074108005432,0.008551079912949625,15,0.04092071611253201,-0.00043931048782586135,-0.0008276016053084811,0.012803101551821738,-0.019221803843813223,-0.04401527130956562
Sweden,1961,0.00237978296802166,0.17768630537271424,0.17572719375906454,0.1764961545318413,5.184999999,0.1741431622227776,"reconstructed, resident currency",0.011161520853280482,0.024837739801464087,0.012603427985730997,0.012918969295895977,0.024837739801464087,0.017361490743251995,0.02969957443275743,15,0.02211302211302213,0.010966364725639277,0.010734228087053488,0.023604783271376606,-0.0005575188344709714,-0.019827536885747565
Sweden,1962,-0.09425204691536937,-0.12572122309519806,-0.10235429174373455,-0.1255445811612731,5.187999999,-0.12729349199895057,"reconstructed, resident currency",0.048315350068818486,-0.005321100490902619,0.058249175329949,0.057921333102803674,-0.005321100490902619,0.05256651674355206,-0.010860276775030956,15,0.04807692307692313,-0.16832797283380607,-0.1668289958004172,0.01825126995188109,-0.1776436800271426,-0.049776326861508124
Sweden,1963,0.245395755980222,0.13618379616865073,0.13792399758531032,0.1368546870777172,5.199999999,0.1345809777035618,"reconstructed, resident currency",-0.012944798062001661,0.017171491626110758,0.019425975551156105,0.019666391496318214,0.017171491626110758,0.017363060453653212,0.015052081532515908,15,0.029816513761467878,0.06722481367344502,0.06614908542485187,0.01837742808505438,0.05301618916618178,-0.03484451426711921
Sweden,1964,0.1630841087123489,0.03991602254698412,0.06062504092241282,0.040698272665742996,5.147999999,0.038616876120411536,"reconstructed, resident currency",-0.026699433104209414,0.025523759110893218,0.006566167275191548,0.005937480485617153,0.025523759110893218,-0.01581936952075902,0.003094253110829322,15,0.031180400890868487,0.263870403428484,0.2566776478341175,0.027000180476569158,0.23120967100620304,-0.04181935231717804
Sweden,1965,0.050633268143974064,0.04391134127548413,0.06400247829975901,0.04395747404568384,5.179999999,0.04186955909759238,"reconstructed, resident currency",-0.02580786938540014,0.010138603696098425,0.0030113844895078845,0.0024580168829519966,0.010138603696098425,-0.007549800944409379,-0.00021158414751260384,15,0.05183585313174954,0.11907083304308852,0.11788205761886594,0.03155536016230376,0.11049094101874357,-0.04271463266071873
Sweden,1966,-0.2501340074633358,-0.11726760098478872,-0.09034439088120474,-0.11806614723529452,5.179999999,-0.1198300149408239,"reconstructed, resident currency",-0.014469565454016342,0.0016811200505506552,-0.019119258510286508,-0.019554461482845897,0.0016811200505506552,-0.03637189186190237,-0.01582937621845281,15,0.06570841889117052,0.05214722689021456,0.049921471576589216,0.010884962315295343,0.026130950821246834,-0.07691300988186578
Sweden,1967,0.03958302992913465,0.13922513899215683,0.18252388183997809,0.13869448714366084,5.164999999,0.13641709816937353,"reconstructed, resident currency",0.04603874538507724,0.02358333104186605,0.020230740334842068,0.018647429618963374,0.02358333104186605,-0.03626194815541417,-0.0337355629006542,15,0.040462427745664664,0.08882618476751625,0.08667403580906075,0.01912916025527034,0.06784098076411804,-0.04797734395575948
Sweden,1968,0.36687481143729883,0.18487880449419092,0.1586879925322757,0.18568233217835695,5.179999999,0.18331096751400033,"reconstructed, resident currency",0.040234702711962056,0.03393829371881574,0.04519086025631314,0.045040633368494065,0.03393829371881574,0.042608324872015046,0.031660488930759796,15,0.020370370370370372,-0.017263682328481855,-0.01726050619697883,0.011003722479790534,-0.015420714548752601,0.1673703224021892
Sweden,1969,0.02768204428334542,-0.07608001284873622,-0.09506558394279628,-0.07552121482994323,5.169999999,-0.07737017240028332,"reconstructed, resident currency",-0.033856763548049895,0.04651060360796455,-0.011573699806327387,-0.011856620386214711,0.04651060360796455,-0.025457125622819987,0.03201856274541099,15,0.02722323049001818,0.221690568500704,0.21972267273035406,0.01323387456286551,0.21176051828234788,-0.1924257516022424
Sweden,1970,-0.24313001780470544,-0.06622827612942495,-0.05659746436844722,-0.06716128863965187,5.169999999,-0.10354997038168223,"MSCI World, resident currency",0.006515776175112675,0.005702482126961117,-0.016738127989088802,-0.01674559474176307,0.005702482126961117,-0.019458491702284975,0.0030021084167204614,15,0.06890459363957602,-0.0515256310696659,-0.05142428330158444,0.020938455464238448,-0.04622538121340081,-0.007559728933911103
Sweden,1971,0.18112770158510938,0.051044913697403604,0.0957414645180456,0.05164663580443363,4.864999999,0.07178992350702673,"MSCI World, resident currency",0.0163968725846364,-0.018038461815852336,0.029508391020558244,0.030021361788026724,-0.018038461815852336,0.0391976868134023,-0.008144092817607388,15,0.07438016528925617,-0.13986191372553447,-0.136319108499252,0.017643971771362565,-0.1862663189060304,0.027683156488877314
Sweden,1972,0.08063811401151266,0.14770534798762314,0.1971257836931947,0.1473959254449857,4.742999999,0.14517215527485483,"MSCI World, resident currency",0.004103135387852452,-0.004716981413229515,0.011578985781306894,0.01127192125255716,-0.004716981413229515,-0.005886106216048459,-0.022578612741219823,15,0.06000000000000005,0.1055212428350627,0.10022851323350035,0.01154035341542925,0.06722186878242598,0.3608889969802829
Sweden,1973,-0.03116058472569294,-0.14505361873183764,-0.15445851766825627,-0.1445866298062034,4.587499999,-0.2628851187867206,"MSCI World, resident currency",0.009872900780771854,-0.011027211163725181,-0.08222139133157569,-0.08386087409385146,-0.011027211163725181,-0.030584177635221366,0.045981266903891795,15,0.06676342525399126,0.4626614016427182,0.4461165432699843,-0.005739170208360234,0.41670427896398876,0.5234504491653962
Sweden,1974,-0.0764454607840277,-0.3909677440440614,-0.3396083430958221,-0.38945380573524757,4.080499999,-0.3907048273591459,"MSCI World, resident currency",-0.06764930699684535,-0.022122522041496562,-0.10446329850527725,-0.10350742510332045,-0.022122522041496562,-0.13874678097952908,-0.06111722420790801,15,0.0993197278911564,0.22728516264504472,0.19477465751517165,-0.018682411153460032,0.10624210602797102,0.3260045945402106
Sweden,1975,0.22385485922201642,0.2877826461984234,0.21425289012088006,0.2873302429708344,4.385499999,0.3517566038809181,"MSCI World, resident currency",-0.07134340589250754,-0.029853440728773495,0.005772206017059078,0.006605021539790812,-0.029853440728773495,0.018238468451927226,-0.01702565260724287,15,0.09777227722772275,-0.14929453372111345,-0.15326846409444583,-0.002214119066057396,-0.0651045897068131,-0.2529326536772549
Sweden,1976,-0.049990761781585014,-0.03660539376594518,0.06217803319839171,-0.03669168247713106,4.126499999,-0.0047116467256981265,"MSCI World, resident currency",-0.040957459287605635,-0.01696118407248226,-0.03634377785549303,-0.039850490429201524,-0.01696118407248226,-0.11432956613080925,-0.09854384761392614,15,0.10372040586245768,0.11596005453994285,0.10101744365892418,0.0049242743921680265,0.028720880554465644,-0.17997529313146565
Sweden,1977,-0.21378926105728935,0.08616353990282866,-0.06469391512229612,0.08452563359300069,4.669499999,0.06373658907415058,"MSCI World, resident currency",-0.032336883663857674,-0.025490824885051167,-0.00930240551304351,0.013878116100968896,-0.025490824885051167,0.15635241040610826,0.12700091853363146,15,0.11338100102145043,0.22229250123151179,0.25120732833572346,-0.011551278487003214,0.3415705687447035,0.23903720290353392
Sweden,1978,0.10251132523020101,-0.02403913895433618,0.02946234169029202,-0.02349741975893438,4.295499999,-0.01830047776304944,"MSCI World, resident currency",-0.0205522478868565,-0.028083333062629,-0.024576093163632295,-0.023956221405172617,-0.028083333062629,0.0009842582397552313,-0.0006745064173892053,15,0.10091743119266061,0.23875776933880077,0.21124863427818386,-0.010424790546951224,0.13429955172513974,0.12604394091590443
Sweden,1979,-0.03206515298290169,0.009820327523178296,0.05572430905280487,0.009618192624021082,4.146499999,0.013273386562607348,"MSCI World, resident currency",-0.028732125903733308,0.021772938234438932,-0.055639789636769854,-0.05511600703888386,0.021772938234438932,-0.07974107866304059,-0.004064200572701316,15,0.07166666666666677,0.4122583257627441,0.3872286208967828,-0.02032579690849734,0.33535081373745723,0.9647994896396963
Sweden,1980,0.1305867278518782,0.18519810205702658,0.12345100444055362,0.18496281267425774,4.372799999,0.18629531146946743,"MSCI World, resident currency",-0.10546060965423865,-0.020756333903202306,-0.07571888099628177,-0.07496271665313448,-0.020756333903202306,-0.07070033029690004,-0.015160389241593316,15,0.13608087091757382,0.14506966384976372,0.1596005852575313,0.000695567814542164,0.20784479376469878,0.053993485839752386
Sweden,1981,0.4576075186222899,0.10647340396558125,-0.05939647386894442,0.10786327205371982,5.570999999,0.10241280992208468,"MSCI World, resident currency",0.0010592899261376854,-0.003255494771313816,-0.05147993861579492,-0.046988120441355696,-0.003255494771313816,0.04230473006702162,0.0970978140445444,15,0.12114989733059556,0.028187460177899082,0.0868861469670128,0.06875376114405274,0.37106344166851346,-0.23344367546407385
Sweden,1982,0.29240381365685963,0.3190568742400919,0.07448646115053675,0.3188755055920487,7.294499999,0.363654271939605,"MSCI World, resident currency",0.02968135247315007,0.024901572057581367,0.10185971456691223,0.13036764113119736,0.024901572057581367,0.25666818281926895,0.16687353440856134,15,0.08547008547008539,0.15019479440646788,0.24155255638536333,0.08419578734237465,0.5563467217377593,0.4104179071843861
Sweden,1983,0.5547751988340544,0.23514760854676653,0.2076936222489353,0.23787085280976683,8.000999999,0.24703872626002954,"MSCI World, resident currency",0.06710485856312709,0.007410941477220545,0.047093813239811544,0.041002032451925574,0.007410941477220545,0.010615449430532164,-0.026750877694913598,15,0.08942632170978637,0.06710581961168782,0.08094916614658909,0.04999397713684739,0.16762349622980977,-0.1568052774455042
Sweden,1984,-0.1609624106059454,0.10993898728073814,0.08729215364949135,0.1069111470270161,8.9895,0.07788323653312457,"MSCI World, resident currency",0.05535080949161508,0.025443357296188074,0.05792842900473438,0.05709200067508724,0.025443357296188074,0.0431460154228509,0.011072697199403478,15,0.08002065049044926,0.02917580470845893,0.04178591018492672,0.06256920408590982,0.15558128464383314,-0.16369273682432794
Sweden,1985,0.19889019539816943,0.14668686489127314,0.2582749842290355,0.14720749337355676,7.6155,0.11422264379623859,"MSCI World, resident currency",0.033856774294684255,0.04320569652218098,0.11329035563366108,0.1119824887802634,0.04320569652218098,0.09426379152779751,0.022974758879670407,15,0.07361376673040154,0.2790271713543804,0.22150966966352192,0.041566294338919674,0.042249148094560374,-0.16980328747731244
Sweden,1986,0.473802234463486,0.1984834689248347,0.2526704293659656,0.2008594752689541,6.819,0.22318206114022177,"MSCI World, resident currency",0.19761175129822006,0.045766769770321236,0.10686848464021081,0.10943418632984891,0.045766769770321236,0.14664177636836295,0.0855089531489886,15,0.04229741763134465,0.22428658609250762,0.1947366513333384,0.05503815580608573,0.07964775983957328,0.02349974608979366
Sweden,1987,-0.0977770751693332,0.045035465597099256,0.07719413625142174,0.04361837299810167,5.848,-0.047365955641197166,"MSCI World, resident currency",0.004498187614391025,0.04337602316050737,0.031150288521292424,0.033790540628104715,0.04337602316050737,0.05159273719867974,0.06317122355130675,15,0.04228961982058954,0.17514221058058443,0.14384406629463187,0.0219249880214456,-0.020384239566726747,0.011796368583064432
Sweden,1988,0.4686925128667878,0.14400521496550556,0.1384504234403387,0.14686847087177624,6.157,0.23500235189705032,"MSCI World, resident currency",0.10792979055555363,0.03477923977199593,0.05648647773225801,0.05438709484030868,0.03477923977199593,0.032179450495819495,0.0123637706713052,15,0.05819672131147535,0.11480579282613701,0.11866370428762973,0.030389429819428715,0.14435284725482722,-0.1666441679365055
Sweden,1989,0.19401255037413234,0.13875695260974763,0.21679060501339797,0.13933764082463074,6.227,0.10261264793869707,"MSCI World, resident currency",-0.04426925168054119,0.025659098331931807,-0.028141171538237364,-0.026398178800521976,0.025659098331931807,-0.007288044784177217,0.04748235117166663,15,0.064291247095275,0.03214219685085906,0.032927611887314745,0.04313487985098852,0.0411414131011536,-0.08275631643606118
Sweden,1990,-0.3604325845307512,-0.20267981657756273,-0.12996977397620008,-0.2043202790190909,5.698,-0.32684658332959515,"MSCI World, resident currency",0.036161672574258175,-0.004981425557683106,-0.03439974685267866,-0.03192263698869491,-0.004981425557683106,-0.004764336036569228,0.025922362943308394,15,0.10480349344978168,0.014425974208222447,0.005188651036942549,0.019629465469601426,-0.09657064858823716,-0.21068966677927548
Sweden,1991,-0.006741210966449418,-0.017523969419146468,0.0522443094304968,-0.017425154586532154,5.5295,0.07330081222049922,"MSCI World, resident currency",0.16910871664922467,-0.012453872662202659,0.05483792910635166,0.0519690141903002,-0.012453872662202659,0.03127525911646134,-0.034948501336115614,15,0.09321475625823461,-0.021392645879277916,-0.023562884043718313,0.0295655869605842,-0.06139491817802223,-0.186367039477214
Sweden,1992,0.0026207124751296274,0.24298043491054688,0.0067241726330165424,0.2411926497952399,7.043,0.18526126808253207,"MSCI World, resident currency",0.08795585867363154,0.053868042810412575,0.08842484896462821,0.10749520345316266,0.053868042810412575,0.2604096609423241,0.22102177493187417,15,0.022898463392588164,0.020258874860542786,0.020371583392472026,0.008383806062487231,0.24582304367058527,0.16365285062627266
Sweden,1993,0.49677634406955407,0.33125226204274316,0.14808359552839812,0.33240892013988943,8.3035,0.3858002462840293,"MSCI World, resident currency",0.2386360617714669,0.0028369450098169047,0.1693108446496896,0.19415184905757576,0.0028369450098169047,0.30679687164872016,0.12259064482268897,15,0.04653902798232701,0.17262222600977695,0.20374363888641533,0.004321478172269577,0.3563231749549689,0.3166725137998654
Sweden,1994,0.04256628749620739,-0.08096077394530932,-0.02101440636816655,-0.07989111817797101,7.4615,-0.08425683283910501,"MSCI World, resident currency",-0.13481808557010688,0.024906933480010274,-0.11553184035850494,-0.116050934047642,0.024906933480010274,-0.11135497011034579,0.03015348641254653,15,0.021953278919223163,0.02480474697718882,0.020725062268517558,0.016542435122898214,-0.08758686584990993,-0.14747826541804443
Sweden,1995,0.17651638247747115,0.05946446602833633,0.18534970622263797,0.06055642326081423,6.6582,0.046905092219226896,"MSCI World, resident currency",0.24105426844428557,0.03390457329752783,0.1864437679497315,0.17485255158258783,0.03390457329752783,0.11917853967875192,-0.02464645545760801,15,0.025337372624621324,0.2097916126652597,0.18437913935526606,0.033488873052366586,0.07780038603562,-0.12575610093742118
Sweden,1996,0.41981683712113993,0.2296384128913278,0.19248429931210032,0.23132861683059747,6.871,0.15768385913862448,"MSCI World, resident currency",0.21967867016792297,0.01897813270545834,0.11723974771988832,0.12033577803534112,0.01897813270545834,0.12735705149746424,0.027823049130084147,15,0.004566210045662045,0.17706327825896473,0.18846281858575797,0.020154971252071885,0.24279667935634563,-0.03052571532766646
Sweden,1997,0.27237972474478656,0.3790334740199659,0.2330391550072895,0.37785856248625294,7.877,0.3260897022685241,"MSCI World, resident currency",0.13237146732020877,0.018266723283190123,0.10925867523260369,0.11359362998675726,0.018266723283190123,0.1427031256898783,0.04896061886796333,15,0.005347593582887722,0.21311699114451965,0.2606283298614198,0.038183713171633826,0.44088091416091046,-0.10331350190943811
Sweden,1998,0.13269256764291515,0.2576890473099336,0.18780975500068564,0.25630680231518577,8.061,0.27137841840350774,"MSCI World, resident currency",0.21557302816662305,0.01987145460058426,0.13681957064097583,0.1502545142841769,0.01987145460058426,0.23885253418744434,0.11169882693508353,15,-0.0015957446808511078,0.25273481301013145,0.2691444641825034,0.0384762766424287,0.3251765383984313,0.00993374027031857
Sweden,1999,0.6894711128032092,0.2788470551694344,0.22105144509711916,0.28296499396891117,8.525,0.3078820096047934,"MSCI World, resident currency",-0.059734044758522065,0.025810523205540337,-0.05810096056485947,-0.055380334743849624,0.025810523205540337,-0.0874756203085052,-0.0071357305579948125,15,0.004794885455514208,0.027587807100663886,0.03112060847232634,0.025016298269186832,0.10372670146884855,0.05159649449564463
Sweden,2000,-0.11669841831235561,0.034933952744723884,-0.04922510467073139,0.0332054561253885,9.535,-0.03869350596383547,"MSCI World, resident currency",0.13304767955410468,0.029448103849172513,0.07771355957360537,0.08167379125235641,0.029448103849172513,0.11847753035800634,0.06817544573978275,15,0.009809119830328727,0.027066287396744215,0.03574317748857658,0.02935847551351123,0.17608864953272985,0.04269656166437419
Sweden,2001,-0.16871848338112228,-0.09000011881469572,-0.16394672962029472,-0.0908182735800388,10.6675,-0.08051990690667576,"MSCI World, resident currency",-0.020550322075740146,0.01517016712054886,0.024487784847770477,0.027116108516352044,0.01517016712054886,0.0800299133331901,0.0704342134795307,15,0.02441585718036232,0.11087911425445052,0.13063085908985972,0.024736810195639336,0.2594979838924527,0.10927449677310674
Sweden,2002,-0.37253785912439086,-0.3281116766590102,-0.2284419310874426,-0.328524892934437,8.825,-0.3569359901558312,"MSCI World, resident currency",0.09534545868590327,0.018735011137659408,0.10115320896121838,0.09546311018620535,0.018735011137659408,0.04713336938652124,-0.030764638219033493,15,0.021527421834956373,0.0775642672554282,0.06402267348232327,-0.00596150761007852,-0.13507261886798572,0.003917795526909851
Sweden,2003,0.329258471015871,0.0182785101370595,0.1728135449435777,0.020745584395118977,7.1892,0.06626111403097568,"MSCI World, resident currency",0.01965639460579749,0.010802051893690212,0.020835840207420686,0.020043730510320046,0.010802051893690212,-0.02469182900184952,-0.03442442876859661,15,0.019317611640742527,0.194396614997854,0.15516898226544829,-0.006956332666097742,-0.04090936510357446,-0.04348297729612394
Sweden,2004,0.20905152160551932,0.0785922923177984,0.1233020340791289,0.07963971879596632,6.6146,0.04509899050153221,"MSCI World, resident currency",0.11828958176080073,0.01733581148921104,0.08242720383403856,0.08148763233381562,0.01733581148921104,0.06637427806043261,0.0020332541007557436,15,0.0036918533103618145,0.1745806612419949,0.15947885240939508,-0.017486342515833142,0.0679658712841098,-0.050456160537221684
Sweden,2005,0.36365660187788973,0.287735978856263,0.10329126577182704,0.288398962558569,7.9584,0.31183098287009137,"MSCI World, resident currency",0.09944058760131358,0.012449515925723409,0.05893854911944918,0.0635573029159584,0.012449515925723409,0.12859430231567703,0.0796203024891767,15,0.004659146640510148,0.0631747806705778,0.0816533245575648,-0.0006986459582450921,0.29926805432062475,0.40539195892481716
Sweden,2006,0.24099528457984687,0.04374361063807242,0.15531821534294277,0.04574951192726462,6.8644,0.028803972353552032,"MSCI World, resident currency",-0.022163327984052517,0.009518030961823465,-0.02696564901030274,-0.026865528315432985,0.009518030961823465,-0.06933420540095647,-0.03413397907316647,15,0.013668537954600879,0.15298171814861883,0.13146377752860205,0.024767261591463807,0.028179501350759084,0.05140237134004688
Sweden,2007,-0.04906070338119739,0.004662303852864369,0.03956221678862277,0.004079218369673843,6.4136,-0.015232740131902789,"MSCI World, resident currency",-0.03202618112125766,0.01332123741388136,-0.014853495105901726,-0.015265595072454174,0.01332123741388136,0.009372423068350955,0.03917468474377507,15,0.02191187093667235,0.19339205524153713,0.17993816868954826,0.011644528236934182,0.12019756169600138,0.18664636534608747
Sweden,2008,-0.41288660558318224,-0.26966103470086766,-0.39599126932211526,-0.27106600518344837,7.8106,-0.2750638684144263,"MSCI World, resident currency",0.207905611307583,0.004493896812540088,0.10391942864772075,0.11895834522993298,0.004493896812540088,0.2603420645473167,0.14960095438268325,15,0.034401508011310034,0.2782833620103071,0.3651733951822287,0.03138761247384991,0.6045912486345,0.2705072794676209
Sweden,2009,0.5266003792228191,0.15895763664697338,0.23372092879899908,0.16241555024004461,7.1165,0.15109801580695215,"MSCI World, resident currency",-0.04846717469486117,0.006743585400056817,0.006990512716612773,0.0052010279463170495,0.006743585400056817,-0.028945527993653686,-0.027326373011561763,15,-0.0027334851936217097,-0.05544714833739284,-0.04566228468109068,-0.019834602641820354,-0.16273180232796947,0.10280630514672295
Sweden,2010,0.2488651589251445,0.03497203856935527,0.09080560540250351,0.03735023262365078,6.7097,0.04262475299064339,"MSCI World, resident currency",0.018258603478760405,-0.00765168758984669,0.02111988564171119,0.019459652048440912,-0.00765168758984669,-0.05053844302541777,-0.07797731543233907,15,0.012791228871630977,0.0027157738996859138,0.0018584271746011627,-0.011732246102603261,-0.05504450988354803,0.200837274187192
Sweden,2011,-0.15910616078219564,-0.023604442237214585,-0.04953565704811838,-0.025415892392112505,6.8877,-0.05428736563419512,"MSCI World, resident currency",0.1751124363613652,-0.009374559839348207,0.055401443971351716,0.056301332368488,-0.009374559839348207,0.059634754610619956,-0.00590993877893334,15,0.02616147947677039,0.07246015551080887,0.07372255278608186,-0.025979726392153846,0.08811313871974669,0.08627350466463879
Sweden,2012,0.1554830363892783,0.07500382791615334,0.12734577960865545,0.07605472369681787,6.5045,0.09818291270880697,"MSCI World, resident currency",0.015202403555508504,0.003709513255778507,0.137908590654104,0.13165398045446075,0.003709513255778507,0.08303446107027734,-0.04511380769673576,15,0.00879120879120876,-0.05012687510515201,-0.04725193749081946,-0.014131120381582707,-0.10809738518712053,0.012985992808324465
Sweden,2013,0.2782070112155639,0.2796948340087073,0.29593141378696736,0.2796773060842037,6.4238,0.24818044355199764,"MSCI World, resident currency",-0.0728362425252368,0.009689952168084215,-0.0045366035883911415,-0.0038581860495207065,0.009689952168084215,-0.010573942772265754,0.0027364996744912032,15,-0.0004357298474944038,0.07085751793447304,0.0696065800451755,-0.01307117198017016,0.04950293721960852,-0.2850991793688895
Sweden,2014,0.15875779960353298,0.2999099631298825,0.10336032548806638,0.29827909794127994,7.7366,0.26894732281784917,"MSCI World, resident currency",0.19023037534613785,0.0059624090160377285,0.19037517878179555,0.20461350199399164,0.0059624090160377285,0.27859100334768483,0.08026376195917112,15,-0.0017436791630339732,0.18414254857697987,0.2241349684467706,-0.006284064445272408,0.4351372955767052,0.21557444854385333
Sweden,2015,0.10239405717168548,0.1140014758041834,0.0412643673769945,0.11386809510910556,8.4408,0.07685705267988441,"MSCI World, resident currency",0.00472861021478832,-0.0024560580132614307,0.008668070695151187,0.008760680233171003,-0.0024560580132614307,0.017640046438767376,0.006407590965168031,15,-0.0004366812227074579,0.07371480203403391,0.08026347861327454,-0.00531491867575451,0.1706125080671519,-0.04890599829334086
Sweden,2016,0.08602478690227855,0.09235806848535977,0.03543012807596,0.09227915513205964,9.0622,0.12970102542874984,"MSCI World, resident currency",0.051032941897220185,-0.01622018170019468,0.02686537554874291,0.02869214517816121,-0.01622018170019468,0.06976836796886987,0.024921342746631003,15,0.009829619921362998,-0.08171121250667635,-0.08700724717468333,-0.014283553872012966,-0.009166051098331796,0.13619083637075402
Sweden,2017,0.08885108580740786,0.09138580382597472,0.1630956883402072,0.09135425243190332,8.208,0.09161549591397544,"MSCI World, resident currency",0.00023802044918985743,-0.0244644815129621,0.0017221438887693452,0.0022105092427988637,-0.0244644815129621,0.009896460389043682,-0.01684634355597722,15,0.01795370971230792,0.01618059246914516,0.012177888168705797,-0.00991627081888169,-0.06261917406143158,-0.0013756317420177133
Sweden,2018,-0.05879999845660988,0.05823456737633581,-0.015567540551133074,0.05687532303380549,8.9562,-0.019540429950153926,"MSCI World, resident currency",0.010159648615570394,-0.025901156315131235,-0.012730071096092477,-0.012146632609481123,-0.025901156315131235,0.03871666485008829,0.025069696563206907,14,0.019549511262218378,-0.09580643328188687,-0.10154696964222865,0.0017853235335945072,0.019461594018256312,0.06055001639481783
Sweden,2019,0.3149309923886079,0.17679648073817522,0.13913566341474115,0.17839833352314782,9.2993,0.2974758877733801,"MSCI World, resident currency",0.03901666034254059,-0.021742420966421094,0.05413120437682162,0.05657909886181067,-0.021742420966421094,0.0884848326620642,0.010305741622690283,14,0.01792413505627355,-0.039078940210243496,-0.03907480113261341,-5.033643403207222e-06,0.020096932453319116,0.19723762271219258
Sweden,2020,0.15990024630189814,-0.02906016357131258,0.06207214668408502,-0.026861947712560674,8.1772,0.009908405794466502,"MSCI World, resident currency",0.01296477802188889,-0.006233374083129517,0.031233924106356614,0.02899659552010636,-0.006233374083129517,-0.019081817278206903,-0.054279847937468775,15,0.004914004914004844,-0.12464264494883992,-0.11211758259252058,-0.00489791713896115,-0.22342753616154865,0.08528734428211049
Sweden,2021,0.36305186029936176,0.12470170623452437,0.17494169727431363,0.12753666538026853,7.630096555541338,0.08826575157169825,"MSCI World, resident currency",-0.03673727046736808,-0.0215896425011054,-0.053273973449106116,-0.052226842369967,-0.0215896425011054,-0.08638357347284009,-0.05565045573910768,15,0.021631969999999997,0.05565599984701186,0.050807137640458855,-0.0646718177027612,-0.035129266415724225,-0.14995100144880102
Sweden,2022,-0.2829919999524144,-0.06319553496389285,-0.13686684160270401,-0.06580899922600902,8.997607621438577,-0.0961158224127443,"MSCI World, resident currency",-0.13287242969966462,-0.06801414064801803,-0.1975980676866661,-0.20482069040482487,-0.06801414064801803,-0.15381266270642058,-0.016419814280352853,15,0.08369291000000001,0.08813943225287946,0.12656520104737368,-0.04319532740699539,0.3127427697915992,0.10478001324160147
Sweden,2023,0.09466245168370602,0.1691681065363857,0.1596264947392833,0.16829231083355367,9.43841593576683,0.20452362283854786,"MSCI World, resident currency",-0.10979987079523112,-0.044701211093185145,-0.05254218483350892,-0.05060018067790861,-0.044701211093185145,0.002722735561824674,0.010648944821975892,15,0.08548625,-0.07872286211031798,-0.07735510427132208,0.017003513512843016,-0.013061914129936736,0.11162992636353941
Sweden,2024,0.05831690860539518,0.1545242618401288,0.16893117781703137,0.15341686397163534,9.391502333382935,0.14606676085787695,"MSCI World, resident currency",0.011911922587240387,0.006558902682166634,-0.00854533678989211,-0.00850652812682251,0.006558902682166634,-0.01545090778417113,-0.00035428108956327977,15,0.02835037,0.01323098799808542,0.013842988197655393,0.02171369326854866,0.024288591197004994,0.2104674875291499
Sweden,2025,0.11856875531700806,0.13074601637175776,0.17705982374527404,0.13062724662326164,8.72548917287056,0.11265640691022405,"MSCI World, resident currency",0.0012990878557619379,0.01600714244789958,0.007147845619524862,0.006630646525119133,0.01600714244789958,-0.030480393419869523,-0.022075839990025565,15,0.008359053,0.10556200235537005,0.09821700852982129,0.015139307087717269,0.04220534449743729,0.5324974168890053
Switzerland,1927,0.2767530648893841,0.2875786111850005,0.2593672265346685,0.2874237081159816,5.1916,0.2848488606997497,"reconstructed, resident currency",0.06407476726496286,0.055024701976365664,0.08362586374526382,0.08558382285507182,0.055024701976365664,0.13104376351457891,0.10326972551098622,15,-0.012345400556224573,0.27636067524265995,0.2772435950562604,0.06069651650102048,0.2806203119084838,0.013761043955299535
Switzerland,1928,0.20362124130388382,0.30576759522620756,0.32631171224739824,0.3042195133626564,5.1922,0.30161107433593104,"reconstructed, resident currency",0.04091081886326409,0.0355280966312288,0.06733143139229059,0.06646130618958934,0.0355280966312288,0.06267582742504252,0.0315622903087507,15,0.006249857269523984,0.29622893208700396,0.29354517320184237,0.05045226040342521,0.2843617498325721,-0.017362036323305685
Switzerland,1929,-0.061824049800634384,-0.07127450724095286,-0.07392450728170076,-0.07115778253861993,5.1869,-0.07301546697354266,"reconstructed, resident currency",0.04743756353855133,0.041999999433755875,0.054562062196860106,0.05498726433204082,0.041999999433755875,0.05037164605801814,0.03751737117676767,15,0.0,0.18908674027135186,0.18816279899821042,0.03785806464463959,0.1831511881153185,-0.006680530572034993
Switzerland,1930,-0.03764247860301506,-0.19573147179371053,-0.1862037314408659,-0.19368231812955572,5.1594,-0.19529495349329662,"reconstructed, resident currency",0.07887295325461441,0.06076590012272454,0.10214158623557101,0.1023577165220626,0.06076590012272454,0.07812820765887629,0.03577910862074924,15,-0.018633610854147498,0.131363917341224,0.136391011543618,0.10740235214556271,0.16914592480151436,0.04907058998629554
Switzerland,1931,-0.2636198736371338,-0.3245322380981265,-0.29164095737663365,-0.3235476031272191,5.1544,-0.3249005079209647,"reconstructed, resident currency",0.11580109930190718,0.09072650704165941,0.031147937645022994,0.03237256613899131,0.09072650704165941,-0.03022578320037783,0.025625038424991576,15,-0.050632771389372166,0.29041891769225225,0.29307778751697344,0.15094084355712933,0.3041863652278054,0.055367561722160286
Switzerland,1932,0.14304203455397402,0.023270557228629363,0.10436991001796701,0.025183097268700827,5.1533,0.02313273107416336,"reconstructed, resident currency",0.13974916436395501,0.11978297056765275,0.24844814527755066,0.22394840214988987,0.11978297056765275,0.10178874228810342,-0.007265441921071569,15,-0.08000029654844087,0.10895372781451562,0.10952196165109784,0.16025907588768828,0.12546278785043663,0.08681295655401478
Switzerland,1933,0.15394046660626404,0.2322506774898414,0.3928104168550298,0.23088317370683642,4.0265,0.22842140735942285,"reconstructed, resident currency",0.09271552608526679,0.08491527868973692,0.1326404562209711,0.13626887075327354,0.08491527868973692,0.1237684450418226,0.07235007575129651,15,-0.05072465019417838,-0.06004853665831211,-0.016151761928329567,0.030170519994877854,-0.3029056223015937,-0.22548191600266076
Switzerland,1934,-0.05808812793180029,-0.11487381261861007,0.018835440353405928,-0.11407573131625859,3.0896,-0.11584757985362604,"reconstructed, resident currency",0.05001812629660041,0.04636637146661471,0.168063946681543,0.15379644712784524,0.04636637146661471,0.052385933390335815,-0.05822007519442635,15,-0.015266833050771367,0.008980871545416935,0.008377922351783695,0.008767156750223437,-0.21871852532357716,0.32563500744507334
Switzerland,1935,-0.10632446936533146,0.2712502573148379,0.2736104857743671,0.26597337708213886,3.0772,0.2634414303279746,"reconstructed, resident currency",0.04582553563456626,0.03820625691368695,0.032065113787600685,0.030243281799875232,0.03820625691368695,-0.0002243135458154244,0.0069983032371195115,15,-0.007751761372102872,0.06201571528305205,0.061413742248545455,-0.0020322077192309607,0.047641578573949905,-0.007553618237151616
Switzerland,1936,0.501703704768379,0.3504966392460023,0.2589911272592297,0.35205962603984275,3.3125,0.34935550678776317,"reconstructed, resident currency",0.038121267379764845,0.0141870211514874,0.04562952522570041,0.04848809132728049,0.0141870211514874,0.09846657784705326,0.06569033477553347,14,0.015624641234581294,0.2923252691132938,0.31472502437305416,0.012372876775614161,0.3872523078306449,0.060079857226888356
Switzerland,1937,0.02277538724855188,-0.034503928113787996,-0.2373645132229583,-0.033751749525963715,4.3596,-0.03568424602691178,"reconstructed, resident currency",-0.012065651154662071,-0.02285706306978985,-0.026620794929474334,-0.02029250587025022,-0.02285706306978985,0.186038974705232,0.18885633399598184,14,0.053846158546309475,-0.08758444775228424,-0.10039520557419424,-0.011132956950033579,0.194630826279655,0.25010304926312155
Switzerland,1938,0.017958728596568108,0.040558181223853795,0.05293394658107281,0.040149961416803936,4.3723,0.0380696614939704,"reconstructed, resident currency",0.05638665333390236,0.02645833045244217,0.05459886261769897,0.049651817974133206,0.02645833045244217,0.022585256175905233,-0.0011785452382539554,14,0.0,0.10934495106256081,0.10958589657690565,0.047570894586841384,0.11180504547226433,0.006150999833230308
Switzerland,1939,-0.17101904145598779,0.01268767691790762,0.026373678503929104,0.009687379168924704,4.4396,0.007668004410586793,"reconstructed, resident currency",0.0099502929396178,0.01740716910876916,-0.04225801328036294,-0.04128461374191261,0.01740716910876916,-0.06746580700801863,-0.00933911059803831,14,0.007299105020374341,-0.10839900291103555,-0.10821290685787366,0.022205827566040615,-0.10980482946783254,-0.006165610443359726
Switzerland,1940,-0.05299289629509252,-0.14319343612040303,-0.08640277418313196,-0.1418315594268018,4.4099,-0.14354789630794818,"reconstructed, resident currency",-0.06994202564524721,-0.062399830376455134,0.00305860755372378,-0.0038702946875475153,-0.062399830376455134,-0.06179119760426921,-0.12174477625188242,14,0.09420308624600748,-0.07088581972542807,-0.07095618463508735,0.0059249679692383594,-0.08858284715275222,-0.09860672361861389
Switzerland,1941,0.16860894916176905,-0.10012162248018963,-0.055464491459499776,-0.09628361493572446,4.3086,-0.09809104770585297,"reconstructed, resident currency",-0.07926999045417094,-0.10940391943249328,-0.06434601184908151,-0.06508575576660569,-0.10940391943249328,-0.0717263329637935,-0.11610124936240397,14,0.15231811768864723,-0.1316746972165681,-0.12790752853908416,-0.07583315048804296,-0.19781154484986418,-0.1922510356539957
Switzerland,1942,-0.04049531454427435,0.005595355594608442,0.04190674543374817,0.00484818165251788,4.3,0.002838485289212933,"reconstructed, resident currency",-0.06752672518422376,-0.0758765115830271,-0.04726889700890313,-0.04919779187185258,-0.0758765115830271,-0.10059426627214851,-0.12976640615410628,15,0.10919519240952891,-0.06664428474278417,-0.06653220080182765,-0.07087970183543024,-0.06376752806482267,-0.08911123155925094
Switzerland,1943,-0.06446691277392436,0.12659390395342673,0.1106271484861312,0.12389035652346236,4.297,0.12164257581041538,"reconstructed, resident currency",-0.017289390475705102,-0.02558774150437093,-0.028735467422604244,-0.026587258298441885,-0.02558774150437093,-0.03798977573295148,-0.03743264848970746,15,0.051813533344418294,0.18685030577385997,0.19050456203641564,-0.019568422192413393,0.2041681612408297,-0.027108036807311997
Switzerland,1944,0.030342467227819636,0.10854207934641469,0.10135755098009128,0.10759238160887685,4.29,0.10537719684565916,"reconstructed, resident currency",0.004835312468115749,0.00014927906436335014,0.04310206808424799,0.02968302232106268,0.00014927906436335014,-0.030295946650413907,-0.06197039294496603,14,0.024630374174614778,0.07514937974357805,0.07352138014098641,-0.011389603351630306,0.053465780460906664,-0.03339816066668966
Switzerland,1945,0.14941219069083522,0.194687771716902,0.16926774495106903,0.19412576083762723,4.29,0.1917375093159519,"reconstructed, resident currency",0.01624141037566651,0.014874750600448738,0.06351500699980384,0.057392837861867774,0.014874750600448738,-0.051359030175314735,-0.09673133397350878,13,0.009615549855245487,0.2054269559035442,0.20241543164403808,-0.013237632217602213,0.18725726604272808,-0.013344419747511882
Switzerland,1946,0.08624509511292788,-0.2583870953634899,-0.05670801467208197,-0.2544672572813962,3.6,-0.2559583227668334,"reconstructed, resident currency",0.04348567843885576,0.03403983618512618,0.035078831291104784,0.028823544056202577,0.03403983618512618,-0.38341452705201673,-0.38742984077348774,12,-0.009523971631205663,0.5690600731537581,0.4598538726400099,-0.1458067950930625,0.18965698571741885,-0.22619750749630707
Switzerland,1947,0.0531141297882356,0.049346711592433534,-0.11184502650137024,0.04939979486449042,4.14,0.04730099527476139,"reconstructed, resident currency",-0.01268936694798295,-0.019316900254973346,-0.07222704953673065,-0.0784835500861899,-0.019316900254973346,0.049346619185282936,0.11160292405883392,12,0.043269401517087136,0.04695549269259702,0.06975013091294846,-0.07460156340503099,0.2453743370057213,0.1510408097578575
Switzerland,1948,-0.08168035107006189,-0.04698392285941266,-0.10115169049224494,-0.047555132875927275,3.99,-0.04946002261017546,"reconstructed, resident currency",-0.007948501430812938,-0.008598648833982092,-0.030009331098505565,-0.026317153661692627,-0.008598648833982092,-0.11469688839032766,-0.1000462847403849,12,0.03215849919926783,-0.05209476688020298,-0.05212472962402703,-0.016410018909050028,-0.05450482495457498,-0.024899811711935005
Switzerland,1949,0.14979486416171817,0.1200891788818006,0.07632257474213551,0.12063315362972626,4.3,0.11839188732246675,"reconstructed, resident currency",0.05219512513279034,0.031918615362987346,0.04399651342547273,0.060983905343167555,0.031918615362987346,0.1409665793107453,0.11504648199122205,13,-0.007980556989894083,0.20385354059088834,0.2184039167034555,0.031435476496074255,0.29438973997447193,0.09223541340266572
Switzerland,1950,0.11404867993496581,0.24789166790952244,0.19076830479521986,0.24544234299810763,4.29,0.2429514583121115,"reconstructed, resident currency",0.07403943912025146,0.03921025796794675,0.027612585218893537,0.02932949313640787,0.03921025796794675,0.034999329623064845,0.044598970449144355,14,-0.015470332204238102,0.16199646596876605,0.1569792403305248,-0.044909057796571394,0.0937112749646869,-0.03617630432373564
Switzerland,1951,0.14083904271332748,0.180772751964273,0.13279670885353445,0.180108514101601,4.36,0.1777482970733979,"reconstructed, resident currency",-0.03931263420107867,-0.023544147658333237,-0.042231832153179494,-0.03822807015904717,-0.023544147658333237,-0.01646514357520812,-0.00026276863245576395,15,0.04776882377355296,-0.04671408863213622,-0.0465646847694684,-0.044855439335450886,-0.023684158347789364,-0.014861618283916633
Switzerland,1952,0.05705456560416389,0.10615847357761421,0.08637066037584577,0.1052394843475597,4.28,0.1030290053788645,"reconstructed, resident currency",-0.0033260731889989126,-0.0020271606232771244,0.022564149992108984,0.025047707300688282,-0.0020271606232771244,0.07030861301429181,0.04507411459381064,15,0.025194905292108327,-0.04432872682513711,-0.04406812263164195,0.003226921042449371,-0.05908757074945581,-0.032908583025413884
Switzerland,1953,0.11191201304414733,0.0950855482194779,0.06454157490601531,0.09540582174334422,4.29,0.09321501009985744,"reconstructed, resident currency",0.04536085228465403,0.029744453621671108,0.055087911814049706,0.05639011383218895,0.029744453621671108,0.08500694243899853,0.05942887948838293,15,-0.006436337723835117,-0.04574664209921564,-0.04536543624121925,0.006703548557218442,-0.05171709063247132,0.005931775307484566
Switzerland,1954,0.2525760741060219,0.46847763540426035,0.4675299186946002,0.46425874155155533,4.28,0.46133022406845225,"reconstructed, resident currency",0.02430865184701836,0.015920514481603698,0.03703670871293441,0.037596263206891134,0.015920514481603698,0.05213967579755119,0.03117067459124813,15,0.00706697550732116,0.500090990053579,0.49848752627390613,0.018564239040369523,0.4953399367129552,-0.00548139908800005
Switzerland,1955,0.05006514917286098,0.2565486577817968,0.25689752310324176,0.2529716827426889,4.28,0.2504657393772034,"reconstructed, resident currency",0.005380294661410323,0.013698534466550782,-0.004602015005232163,-0.004477850497810465,0.013698534466550782,0.012335808281601635,0.03135697219538851,15,0.00935662438533269,0.4164369632392284,0.41085244379332875,0.011922977581826144,0.3972421416534022,-0.01893128863984772
Switzerland,1956,0.006040127072067802,0.032680926609020666,0.025649888316917543,0.03227255894015224,4.28,0.030208013822272006,"reconstructed, resident currency",0.005768564968128498,0.00811399248871103,-0.025716143803551916,-0.02576845095376179,0.00811399248871103,-0.02700756049499764,0.007004323679892084,15,0.015063779651429465,-0.014962503717126485,-0.014535939866852421,-0.012271588679896195,-0.03518824802313558,-0.03226199708384436
Switzerland,1957,-0.11979311589982944,-0.0781559042742711,-0.08746550671218509,-0.07877359833782382,4.28,-0.08061605114114823,"reconstructed, resident currency",-0.01145897761336101,0.004751732515357432,-0.017043370885156728,-0.016701170366262286,0.004751732515357432,-0.013827710622051015,0.008362467223717748,15,0.01959681926773249,-0.15199954414744887,-0.15173169961132815,-0.011143687996010843,-0.1536853394390072,-0.019557546493617295
Switzerland,1958,0.20548430244653915,0.31660006092534143,0.29524862947921876,0.3149019087420828,4.307999999,0.31227210492459867,"reconstructed, resident currency",0.009510514676312587,0.009920710590882509,0.06191802770869104,0.06411366179620992,0.009920710590882509,0.08618061961930246,0.03328854790492313,15,0.018380273377176737,0.07059461846791981,0.07175402684128085,0.006882515564111014,0.08376694950575692,-0.0057587296838668145
Switzerland,1959,0.3003598211272447,0.25744096085944257,0.23234318585686892,0.2580052711118803,4.322999999,0.2554892605696566,"reconstructed, resident currency",0.07217213103853015,0.034095984610799546,0.04912708427592416,0.05009523068598898,0.034095984610799546,0.06222493389675354,0.046847061544051806,15,-0.006459085051341851,0.22230542001094622,0.22150603203007546,0.010506777644549326,0.21761710316872307,0.00045338978271147745
Switzerland,1960,0.42411800137617406,0.022838549085697935,0.021277305664081755,0.028267247500595838,4.304999999,0.026210713005594632,"reconstructed, resident currency",0.04345854907645563,0.012534472460502544,0.010702390170570508,0.011672968685148,0.012534472460502544,0.028868440531078843,0.030823692721399606,15,0.014385216964103886,0.005828802247103804,0.0057586933056335,0.012803101551821738,0.0024374789124377294,-0.022903521853354758
Switzerland,1961,0.46683375502984004,0.1776009455152423,0.16941100241530965,0.18259876757573767,4.315999999,0.18023357004058616,"reconstructed, resident currency",0.017857345992122742,0.008669641905944214,-0.003371658330063698,-0.0024373528252437104,0.008669641905944214,0.022638655041538946,0.03504073770815152,15,0.01845370063436569,-0.004982894868497567,-0.004789319630890465,0.023604783271376606,0.004626697619353193,-0.014743276103739933
Switzerland,1962,-0.21118612672871173,-0.11942811158739508,-0.10002008618209021,-0.12131725846778396,4.318999999,-0.12307462395084845,"reconstructed, resident currency",-0.019202387650766206,-0.014992403854395375,0.04795977559116582,0.049129540691093654,-0.014992403854395375,0.05765487027968286,-0.006078543242436182,15,0.04315608787770775,-0.1764143537529398,-0.1768562307283239,0.01825126995188109,-0.17366821660309284,-0.04518272264703205
Switzerland,1963,-0.0347784981605731,0.13090616465643,0.14150322897656503,0.12816260976052596,4.314999999,0.12590628454100483,"reconstructed, resident currency",-0.021567632689978855,-0.006337512964739722,-0.004135134975989385,-0.003246017489746733,-0.006337512964739722,0.009584583149883974,0.007291273336055845,15,0.03439717595193281,0.042558969958134574,0.04274113828019743,0.01837742808505438,0.044965117875782834,-0.04222382685689807
Switzerland,1964,-0.09713762689658412,0.05369555139455029,0.06352409074293357,0.051584769163420585,4.314999999,0.049481599625093686,"reconstructed, resident currency",-0.009680206993658902,-0.001071913905066224,-0.01953786436322502,-0.019252972734674523,-0.001071913905066224,-0.005524090602548104,0.01358738292583263,15,0.030813272668675173,0.2310935090020938,0.2339554728433617,0.027000180476569158,0.24408906181847234,-0.03179605301984978
Switzerland,1965,-0.10070301136200255,0.05793986426571296,0.06595874403907179,0.055990385079443206,4.317999999,0.05387840430928437,"reconstructed, resident currency",0.011491904027887356,-0.002186982308547636,-0.009227236070016742,-0.008872323094430423,-0.002186982308547636,0.003889424548553677,0.011312223440084312,15,0.03414498594178883,0.10541606948144056,0.10789266952086618,0.03155536016230376,0.12329073318392658,-0.03168072568127667
Switzerland,1966,-0.16101768769397817,-0.10049855234252147,-0.09061702962754833,-0.10108974301392593,4.326999999,-0.10288756352789807,"reconstructed, resident currency",-0.024001459445482487,-0.013873624708899968,-0.034351001694747474,-0.03384241593033954,-0.013873624708899968,-0.01782294940828999,0.0031149905044442817,15,0.04776124621920719,0.03580881216316523,0.03667068454601674,0.010884962315295343,0.04588301470970091,-0.05914444614365888
Switzerland,1967,0.41500399566952595,0.13917164685556793,0.17956595856034274,0.1417452138698574,4.324999999,0.1394617234421176,"reconstructed, resident currency",0.014745394081504326,-0.00432432727911547,-0.007585510718060573,-0.007854115535070427,-0.00432432727911547,-0.033679954947394175,-0.03114680114224219,15,0.04021490116990112,0.05913970178766892,0.06032546730913069,0.01912916025527034,0.07070188072993466,-0.045426737982401266
Switzerland,1968,0.36208515520117457,0.16974818510455947,0.15758269813968348,0.1716522104953102,4.301999999,0.1693089060743196,"reconstructed, resident currency",0.03453309367530322,0.011637434145620462,0.0226472957676358,0.02309005181762891,0.011637434145620462,0.03027119099667308,0.019452900268544005,15,0.024123499762094047,-0.038460174180085294,-0.038440546653015883,0.011003722479790534,-0.02707119360759902,0.15355688584503824
Switzerland,1969,0.019468681389020137,-0.06921548553656054,-0.09576093553731208,-0.06817156397322677,4.317999999,-0.07003522084528035,"reconstructed, resident currency",-0.02050452669916858,0.03669658453052982,-0.02084301302044622,-0.021033828532307508,0.03669658453052982,-0.017709462846268953,0.04022316001200362,15,0.024890036153784934,0.21023373805421608,0.2124454464505503,0.01323387456286551,0.22139407275022105,-0.1860054974419405
Switzerland,1970,-0.13767935197106518,-0.036908932661868565,-0.056600542152462865,-0.0381278518097552,4.315999999,-0.07564908570663753,"MSCI World, resident currency",0.0005389796317893936,0.0302459893505862,0.0072577309128170064,0.007553013309286927,0.0302459893505862,0.011059634950861819,0.03421929312435739,15,0.03616030901038103,-0.02837873828679005,-0.02815237250632241,0.020938455464238448,-0.016540340479920257,0.023328731811273595
Switzerland,1971,0.08376620733461215,0.021330350994533953,0.09626469600969903,0.021971078218114837,3.914999999,0.041545958935086835,"MSCI World, resident currency",0.034681489196784376,-0.05088542025652598,-0.0049290263519290445,-0.003921413870251245,-0.05088542025652598,0.009873415952200704,-0.03613246466116567,15,0.0657301253297986,-0.16863383490010875,-0.16553458915052188,0.017643971771362565,-0.20922840511549168,-0.0013161952444618041
Switzerland,1972,0.1319044129939011,0.12745419877397013,0.19726503639720244,0.1275002720925933,3.773999999,0.12531506172510665,"MSCI World, resident currency",-0.026574134534233074,-0.03722281189316001,-0.02145906913854656,-0.02083306036850896,-0.03722281189316001,-0.023123874788263055,-0.03952693604346051,15,0.06660192363871431,0.06941504445685154,0.06655462638858078,0.01154035341542925,0.04871642015696298,0.33729140949146186
Switzerland,1973,-0.2643914466196938,-0.2542224032738809,-0.15284872318024167,-0.2543230740903205,3.243999999,-0.3574456773561162,"MSCI World, resident currency",-0.08326754479834175,-0.04703278197627381,-0.11563499285597911,-0.11636710890427637,-0.04703278197627381,-0.15494539185726863,-0.08820212210699642,15,0.08755052838582866,0.40941023106845176,0.34660803946323027,-0.005739170208360234,0.23496280099248912,0.32801507118366446
Switzerland,1974,-0.39087197777335236,-0.4624531975640326,-0.3378173574222595,-0.4617458620611784,2.539999999,-0.4628487557849287,"MSCI World, resident currency",-0.07189003967086138,-0.03458910495944045,-0.11588015061291901,-0.11549515653246745,-0.03458910495944045,-0.24072393980089468,-0.17228615319082444,15,0.09766733157350527,0.21163897732127745,0.148149993946169,-0.018682411153460032,-0.024743096058820968,0.1689982947099702
Switzerland,1975,0.37545930814863837,0.2700956896023512,0.21261334963276102,0.27120046058536906,2.619999999,0.3348195824928415,"MSCI World, resident currency",0.07053628309610915,-0.036987777330048655,-0.0016241171398491128,-0.0013186191457592589,-0.036987777330048655,0.005480308684984392,-0.02934196569047342,15,0.06696465077280611,-0.1555505154457072,-0.1592668213131273,-0.002214119066057396,-0.07681849109578331,-0.2622931373521079
Switzerland,1976,0.0606559400222062,0.038331280619759545,0.06146474211466747,0.03860190621685877,2.4495,0.07308154839178793,"MSCI World, resident currency",0.12133064225464363,-0.002023895578572854,-0.021701008143961253,-0.02205468452322601,-0.002023895578572854,-0.045104268110280676,-0.028084714718696557,15,0.01715862326650952,0.13291708310510075,0.12884227604160414,0.0049242743921680265,0.10912721096025302,-0.11588096125998426
Switzerland,1977,0.06720109422307519,-0.14247200868662102,-0.06722360928176341,-0.13979612314684497,1.999999999,-0.15628519093581217,"MSCI World, resident currency",0.06856857401546712,0.011697049171518703,0.028503228659237934,0.025085572140874035,0.011697049171518703,-0.08282589583021838,-0.10610636640469599,15,0.01285261405208038,0.2689359405718601,0.21927621333305702,-0.011551278487003214,0.06408199913453294,-0.0172435095223481
Switzerland,1978,-0.015512307757944765,-0.06405407399614349,0.030506370250569573,-0.06328264608564771,1.619999999,-0.05829744087131006,"MSCI World, resident currency",0.06530372517884087,-0.003916666017093284,-0.00032221874551907614,-0.005342049115662051,-0.003916666017093284,-0.039798414606551535,-0.04138959692582764,15,0.010558018212471154,0.269559429172473,0.22176809937895503,-0.010424790546951224,0.08808527098403451,0.08016601498958065
Switzerland,1979,0.07025020174328778,0.054461976592799166,0.055065565036863745,0.05470640242001523,1.579999999,0.05852483247335449,"MSCI World, resident currency",-0.05540818265464431,-0.02552857987394097,-0.09935759612762896,-0.09757884886426216,-0.02552857987394097,-0.03864353543827437,0.040412971685070825,15,0.03647643826703573,0.3468798446246484,0.3625360282178769,-0.02032579690849734,0.3949858104925794,1.0525448296535194
Switzerland,1980,0.019656756738828385,0.37536512556735135,0.1251586292510262,0.36971138120597047,1.763499999,0.37125163103129877,"MSCI World, resident currency",-0.016863068486522415,-0.016642622778294536,-0.07183606239512275,-0.06345892793791796,-0.016642622778294536,0.07418757831786382,0.13838679922276037,15,0.04022032821781729,0.14987999449376876,0.20688805892128026,0.000695567814542164,0.39616091159535416,0.2183225142851144
Switzerland,1981,-0.1727431327440131,-0.06476293474855832,-0.05566992648509913,-0.06631256898681048,1.798499999,-0.0709061213807689,"MSCI World, resident currency",-0.0431717648755503,-0.033393336306831056,-0.08015965257789759,-0.08433469580035435,-0.033393336306831056,-0.12156414036082952,-0.07538550522887398,15,0.06490230689600196,-0.0029010992082778575,0.02421773539202321,0.06875376114405274,0.1555078455074037,-0.35395998456011957
Switzerland,1982,0.07193577437788834,0.1486462656032752,0.0760249123259445,0.14760383387324372,1.994499999,0.1865675447911297,"MSCI World, resident currency",0.047892197126741864,-0.041007970927824045,0.031001134386049456,0.043560418530995015,-0.041007970927824045,0.09347487188529202,0.015341126629958672,15,0.05655205636272265,0.07622787376712337,0.13876174898642923,0.08419578734237465,0.3542365880095202,0.22725836577098413
Switzerland,1983,0.23625715000841563,0.30576304328940673,0.21029370078233356,0.30480712913401375,2.179499999,0.3144707435649934,"MSCI World, resident currency",0.0030718141996401993,-0.01091951347286868,0.028041304296475555,0.031618051417076964,-0.01091951347286868,0.06526318172593903,0.025876318458121328,15,0.02967690326109862,0.04768918003788358,0.07290195862933846,0.04999397713684739,0.23076123697951734,-0.1112106059044915
Switzerland,1984,0.01559421957741347,0.22904781102071237,0.0854339858838291,0.22624652616877206,2.585,0.19408913530621197,"MSCI World, resident currency",0.003354000924738809,0.0041343431749538695,0.0359443655530407,0.05203561663715295,0.0041343431749538695,0.15560691672016103,0.12007579467857607,15,0.02915180068816081,0.007789229233836403,0.03496108574062995,0.06256920408590982,0.2801637600326401,-0.07353098843275885
Switzerland,1985,0.5598677889729591,0.12301062044071887,0.2534715727565938,0.12901485960395975,2.076499999,0.09655309002025336,"MSCI World, resident currency",0.0246620074862407,-0.012736278064446105,0.053590086559190064,0.05866096623800621,-0.012736278064446105,0.07691074901231088,0.006752231349700991,15,0.03442472110828976,0.2104392545570999,0.16556796767255544,0.041566294338919674,0.02572096364886778,-0.18296870422614708
Switzerland,1986,0.08893047721524816,0.08466744557030781,0.2575096231850945,0.08474156023547041,1.6235,0.10490564864478746,"MSCI World, resident currency",0.06372835573202296,0.02106687577685995,0.08072543341156946,0.0723257898686076,0.02106687577685995,0.035766478213794306,-0.019455065527392654,15,0.007524604829468373,0.19537024473587516,0.150399440797774,0.05503815580608573,-0.02474950680568866,-0.07546825058327988
Switzerland,1987,-0.28516756024071466,-0.011312584789422986,0.08147377847088302,-0.01580598681484424,1.278,-0.10160960416897391,"MSCI World, resident currency",0.030603197544417426,-0.008723605916304833,-0.020338864345835428,-0.018329860951314503,-0.008723605916304833,-0.008285688487189802,0.0026335107573240385,15,0.01447487928236768,0.11646300775752394,0.08562894120044162,0.0219249880214456,-0.07616424587227422,-0.04581602404987106
Switzerland,1988,0.21353508210197325,0.333277221994134,0.1404515471349757,0.3317844217600532,1.504,0.4341286161989262,"MSCI World, resident currency",0.01026480839020949,0.029605101481911866,0.05120379817386733,0.06588012607794935,0.029605101481911866,0.19860345588389094,0.17559278433163097,15,0.018594407411534286,0.10923150304821272,0.13790845984300715,0.030389429819428715,0.32886319022465527,-0.03227759493517879
Switzerland,1989,0.18831499376386462,0.19516678874885574,0.2169103720623299,0.19508073341076293,1.5465,0.15655893806231802,"MSCI World, resident currency",-0.10883393120953133,0.06328348856908717,0.007509656185065827,0.009892660095630612,0.06328348856908717,0.04128125763165813,0.09873134321009361,15,0.031592241214886574,0.07000440746031789,0.07193109026461597,0.04313487985098852,0.09208016918731987,-0.03787936535074232
Switzerland,1990,-0.2345620317817778,-0.2365711748444551,-0.1310702868473264,-0.23654601375917905,1.2955,-0.35410989402232185,"MSCI World, resident currency",-0.048553116715276734,0.03167971108637002,0.0011774812850042782,-0.0018886240332394166,0.03167971108637002,-0.04507226354190108,-0.015628403100317958,15,0.054106218067169864,0.051802170201918685,0.03640928320445003,0.019629465469601426,-0.13316033897159174,-0.24265743566324838
Switzerland,1991,0.11172996618597963,0.0939902336329217,0.05092911742249136,0.09421624860543054,1.3555,0.1952506151110336,"MSCI World, resident currency",0.02820678687478595,0.016235201002404276,0.08548188812215352,0.09573422992021463,0.016235201002404276,0.14845006523158077,0.07470187691879022,15,0.058440999999999965,0.007036748651163327,0.009109959005406454,0.0295655869605842,0.045250584571051355,-0.09392102804103575
Switzerland,1992,0.1305815162070325,0.027740826620374248,0.005177886948138671,0.028983870777951948,1.456,-0.017384829247943046,"MSCI World, resident currency",0.09602167279881657,0.02231890402950598,0.05584119976221147,0.05416285662789666,0.02231890402950598,0.04491531745399535,0.012261644057299237,15,0.040526585799302905,-0.010284122486248881,-0.01026258318210116,0.008383806062487231,0.032822598483812415,-0.035298819504971934
Switzerland,1993,0.4596712275598267,0.15898230273538094,0.14608371535347922,0.16323631350809054,1.4795,0.2098486773691015,"MSCI World, resident currency",0.1440177976628758,0.007812900355777197,0.1751128233038235,0.16587992983339062,0.007812900355777197,0.14087616234283828,-0.01994186354958131,15,0.033177885767831095,0.1784406353367769,0.1794018195706386,0.004321478172269577,0.18411423558659568,0.14949791906915677
Switzerland,1994,-0.08391733868428852,-0.08009058280268988,-0.019399567315178067,-0.08015370841509928,1.3115,-0.08451817714320231,"MSCI World, resident currency",-0.03059057186834857,0.026353517737020438,-0.11428347558140284,-0.11466127518871627,0.026353517737020438,-0.1116085808663464,0.02985949050225817,15,0.008424468043969568,0.02625118700511697,0.022109546210194564,0.016542435122898214,-0.08784725979457131,-0.14772156693253224
Switzerland,1995,0.20870555109691669,0.04753536111158718,0.18490239339949704,0.05000613976782975,1.1505,0.03649061047086133,"MSCI World, resident currency",0.1350830223941526,-0.0006029674499548054,0.14684508764160165,0.14029684198140768,-0.0006029674499548054,0.10804509065717993,-0.03434915130208813,15,0.018113889610287703,0.16941367600824142,0.14971093949824854,0.033488873052366586,0.06707856174402638,-0.13445297059454264
Switzerland,1996,0.1733670135111065,0.3948871198145891,0.1948393383696468,0.3914349035076643,1.3464,0.3082143197314702,"MSCI World, resident currency",0.04253647271648742,0.006820451244941461,0.10390968249881949,0.12755178252468724,0.006820451244941461,0.27394420037658285,0.161468064366466,15,0.008124138131747616,0.16301944362048326,0.20487883912826454,0.020154971252071885,0.4043941267855309,0.09553236991956982
Switzerland,1997,0.5438748661722566,0.295359045970649,0.2284654100617902,0.29930423512689375,1.4553,0.2504868157197704,"MSCI World, resident currency",0.08318481449187565,0.004786557254658597,0.09457392636591022,0.09295556151429007,0.004786557254658597,0.07755545534552,-0.01084261354287596,15,0.005188606957549746,0.1970573300766083,0.23078283923048426,0.038183713171633826,0.35873356312031435,-0.15443529817176416
Switzerland,1998,0.1534413978474487,0.15920813039298398,0.187903110906494,0.15909051619529846,1.3765,0.17299585145219343,"MSCI World, resident currency",0.11411883584999671,0.008563286008175464,0.12421470038407412,0.12644326677089657,0.008563286008175464,0.14298690470747388,0.025672681857067666,15,0.0001851287189091888,0.23884469342378978,0.23517191851261354,0.0384762766424287,0.22263093307424486,-0.0682175578642712
Switzerland,1999,0.10795494967713015,0.4111981728277163,0.22813997524125199,0.4051653819712502,1.5996,0.43245570396613586,"MSCI World, resident currency",-0.05873034075153605,0.002835761720247243,-0.07919638246268401,-0.0823284199441342,0.002835761720247243,-0.0005591153499945323,0.08743302192537351,15,0.008078828460994059,0.00457324033685369,0.014051794276300766,0.025016298269186832,0.20885492538927752,0.15175939859151533
Switzerland,2000,0.10190023440303642,-0.06337034275003572,-0.05283809054011011,-0.060332936876598575,1.6365,-0.12572272566203702,"MSCI World, resident currency",0.0306289805494131,0.019084204628125656,0.06686375113856746,0.06307716705153132,0.019084204628125656,0.017219266400656297,-0.028528858371591255,15,0.015617743311695964,0.016726366951881788,0.01980581383480784,0.02935847551351123,0.06961472253885415,-0.051701082278135524
Switzerland,2001,-0.2279184194715015,-0.15352395335651403,-0.1626054207870035,-0.15510825581082321,1.6773,-0.14553810638072107,"MSCI World, resident currency",0.027976715758963433,0.006534523520416169,0.015772880027695946,0.01528738902618243,0.006534523520416169,0.003658928392349159,-0.005258241135461183,15,0.009900779513575042,0.10142931320213755,0.11060050197354365,0.024736810195639336,0.1704364677498016,0.030835571292917363
Switzerland,2002,-0.26423375222714207,-0.3199175746434594,-0.2290966774495,-0.31883119495355516,1.3868,-0.3476524467627691,"MSCI World, resident currency",0.1301600676509238,-0.002000129767446013,0.07874054355137661,0.07686248966446341,-0.002000129767446013,0.06225022855483142,-0.0167723475583194,15,0.006412956488774713,0.055631726730590136,0.04428207663272632,-0.00596150761007852,-0.12258616222966046,0.018410776435762166
Switzerland,2003,0.21292165523300755,0.1303792886743631,0.17329990197949585,0.13195164053724318,1.2369,0.182425900949313,"MSCI World, resident currency",-0.008843441646684935,-0.0054271041211628734,0.004445584484015885,0.007657832375553175,-0.0054271041211628734,0.08156400680876041,0.07077108010784285,15,0.006361629330459584,0.17521971584920526,0.15660830601755982,-0.006956332666097742,0.06357963648527964,0.06072563977150569
Switzerland,2004,0.0604174257809027,0.06909216428161602,0.12515831751916964,0.06893568603076328,1.1316,0.03473741002014252,"MSCI World, resident currency",0.052528370214782294,-0.0024858382364949527,0.06133732117615165,0.061245683971989706,-0.0024858382364949527,0.05580176482883514,-0.00790135334002937,15,0.008005739179255844,0.15169527160094232,0.13833532618827182,-0.017486342515833142,0.0573775782829109,-0.05987036436156912
Switzerland,2005,0.34036267113741747,0.23323605313186535,0.10151826527905272,0.2350510651330886,1.3143,0.2575128510278053,"MSCI World, resident currency",0.05268266529017107,-0.005364659277438899,0.040306393593009915,0.04304209759493127,-0.005364659277438899,0.08186333246503841,0.03491716717984465,15,0.011727573722808415,0.044468088122918026,0.0602001103815053,-0.0006986459582450921,0.24547010748554343,0.34719980863122535
Switzerland,2006,0.19397171711628491,0.1277649792205675,0.15542290946774057,0.12908155901499407,1.2203,0.11078568985893145,"MSCI World, resident currency",-0.03168557829514329,0.008674453562724116,-0.027778739774278582,-0.028008864806016387,0.008674453562724116,0.004827230902788582,0.04283243766269032,15,0.010633308865508617,0.15201825906302102,0.1447928419052622,0.024767261591463807,0.1101114569902073,0.13518487462344608
Switzerland,2007,-0.007826090818118692,0.005787292174337821,0.03959116336997355,0.005502830035255091,1.1255,-0.013836509502504146,"MSCI World, resident currency",-0.021134202747329467,0.012563914676543941,-0.01558976098114273,-0.015977005583391102,0.012563914676543941,0.010803539587950883,0.04064805574549715,15,0.007343817776477524,0.19250015353788896,0.17950214343932624,0.011644528236934182,0.12178580920417637,0.1883288258309972
Switzerland,2008,-0.3561015931616913,-0.43020995938297935,-0.39697808599246465,-0.4287213521602523,1.0637,-0.4318545492906949,"MSCI World, resident currency",0.08318484369352874,-0.02361086876004337,0.07303283306798214,0.05957549791058647,-0.02361086876004337,-0.012247315161438066,-0.09903710974502829,15,0.0242842407794992,0.24251823258679028,0.24652011375870075,0.03138761247384991,0.25754694577813564,-0.00428065387802079
Switzerland,2009,0.2377442438219457,0.23854285039243095,0.2364474675031179,0.23852549687335833,1.0305,0.22646693919643046,"MSCI World, resident currency",0.047528098148167386,0.005316050085752755,0.005562627266018305,0.0043387443995268615,0.005316050085752755,0.03463492223963982,0.0363600924924777,15,-0.004790583082398103,-0.056786498864706325,-0.052123695521239743,-0.019834602641820354,-0.10791109915565766,0.1750132960238373
Switzerland,2010,0.02215839341245185,0.00880550156782367,0.09406424597849355,0.009084280969255953,0.9396,0.014215080023036508,"MSCI World, resident currency",0.045121152861214986,-0.006432399955398571,0.02237452459688649,0.019685299982095783,-0.006432399955398571,-0.07640958434600464,-0.1031007962073225,15,0.006876633200385118,0.003947799921892425,0.0026899782817637607,-0.011732246102603261,-0.08079286888437653,0.16811659097962894
Switzerland,2011,-0.07931305849416259,-0.025580107402181196,-0.05043133696851382,-0.026638906535820905,0.9409,-0.055474148712930216,"MSCI World, resident currency",0.11607069220095378,-0.001579454506640765,0.06370626342229779,0.06390000854092581,-0.001579454506640765,0.05830500966409646,-0.007157431114897394,15,0.0022830604718324654,0.08089920778871407,0.08137087922584585,-0.025979726392153846,0.08674765599925016,0.08491033051705132
Switzerland,2012,0.185440191656697,0.12641644704362465,0.12653774637933513,0.1275943166018949,0.9166,0.15078237536612704,"MSCI World, resident currency",0.04912548174426057,0.006777901510733875,0.1413872319429068,0.1411791067954511,0.006777901510733875,0.1349083611577777,0.0006221986031218411,15,-0.006930924382836268,-0.047223067278651665,-0.046322703245617936,-0.014131120381582707,-0.06537809158046826,0.06150479444372925
Switzerland,2013,0.24869475493408055,0.262714718625088,0.29664807342373267,0.262444141980843,0.8915,0.2313714415387027,"MSCI World, resident currency",-0.03838257704077541,0.0022614012313086906,-0.01186048606346235,-0.011135027090747096,0.0022614012313086906,-0.023898350051568484,-0.010767156731042634,15,-0.002156524466750409,0.06297894134675541,0.06136159686086695,-0.01307117198017016,0.03536948634252135,-0.2947266089567926
Switzerland,2014,0.13014470867723027,0.1952471348338487,0.10351009973960078,0.19404874019738538,0.9891,0.16707182191423375,"MSCI World, resident currency",0.09719694265338119,-0.01988446076489092,0.1597900674887036,0.1626613803146444,-0.01988446076489092,0.17594127425755213,-0.006463566968265991,15,-0.00011788282447233733,0.15371757644997652,0.18019947152585458,-0.006284064445272408,0.3199194861189649,0.11798390746761256
Switzerland,2015,0.03860873465389503,0.0353481841708696,0.04203188095540689,0.03541016638262673,0.9921,0.0010060840968508789,"MSCI World, resident currency",0.054133132328461064,0.0014326889025313427,0.012600183040159418,0.011752279165673452,0.0014326889025313427,-0.054039832519326536,-0.06448110347579974,15,-0.011416332625953207,0.07790048744507949,0.07859370156093237,-0.00531491867575451,0.08815765266054232,-0.1158985494991216
Switzerland,2016,-0.003572528438546163,0.05792576377515268,0.03685267073798913,0.05672071063496187,1.016,0.09292433604281558,"MSCI World, resident currency",0.0019326410346778289,-0.004677326945151439,0.038913760423548105,0.0387740894287405,-0.004677326945151439,0.03494274765153205,-0.008444311544867985,15,-0.0043429866232037595,-0.07093677507662333,-0.07309144954691194,-0.014283553872012966,-0.04142201223456754,0.0992028753688654
Switzerland,2017,0.1941350902377259,0.1707698519555989,0.16159186114259166,0.1711860286354383,0.9753,0.17146638188974883,"MSCI World, resident currency",6.700038122775531e-05,-0.01524886069162712,0.011185142694523531,0.013367490998531295,-0.01524886069162712,0.08376965787269097,0.05507063711279389,15,0.005330139242401444,0.025780176337417693,0.024772862375950444,-0.00991627081888169,0.005949557078855694,0.07167302033453793
Switzerland,2018,-0.09901794651750073,-0.011359740724726008,-0.015274570336088478,-0.012191982569096815,0.9847,-0.0836139297093651,"MSCI World, resident currency",-0.0008436004163282496,-0.018668657545662937,-0.005399779522272885,-0.005901389138678437,-0.018668657545662937,-0.02916396379406594,-0.04191909620524785,14,0.009343080312437468,-0.08909296790714971,-0.0911812631306077,0.0017853235335945072,-0.047160706578527,-0.008757432168971402
Switzerland,2019,0.2943257164145894,0.13024755387556075,0.13969413848120327,0.1318180796552486,0.9682,0.24618868333609112,"MSCI World, resident currency",0.022823194843825778,-0.013562383226074282,0.06294568557266178,0.06162135462849361,-0.013562383226074282,0.04545871967939452,-0.029630073449519973,14,0.003611361900131893,-0.031043867747692633,-0.03104311108198099,-5.033643403207222e-06,-0.020225913168396614,0.14991268103529665
Switzerland,2020,0.04760144498330665,0.018609060294359603,0.06336041477475018,0.018885413689144537,0.8806,0.057384346863568636,"MSCI World, resident currency",-0.001793090699146016,-0.0012530446212520863,0.03640202349747468,0.03557205580131484,-0.0012530446212520863,0.02703128918700326,-0.009821406013854587,15,-0.0072560475300770255,-0.12025573165215908,-0.11180318873363415,-0.00489791713896115,-0.18692075166748512,0.13630686021499017
Switzerland,2021,0.1989514820344478,0.19586376757214596,0.17696412090107774,0.19589395057967018,0.8579994829508036,0.1542314488290002,"MSCI World, resident currency",-0.03439375312967874,-0.013097091263243543,-0.0450564405631565,-0.04571441605036952,-0.013097091263243543,-0.031004320276137642,0.001591698626053395,15,0.005818141999999999,0.0648190392604282,0.0626045308041614,-0.0646718177027612,0.023356788678933205,-0.09842491527792063
Switzerland,2022,-0.07792263800400034,-0.12838975529186125,-0.1392021913952856,-0.1278973689849805,0.8962976187177778,-0.15618712851923322,"MSCI World, resident currency",-0.11738394334855429,-0.029294097143630737,-0.16426168450508083,-0.15783372698379028,-0.029294097143630737,-0.2100494901920863,-0.08178764334707918,15,0.02835028,0.1333469917162451,0.14911263279607812,-0.04319532740699539,0.2254990999513682,0.03135735578020249
Switzerland,2023,0.006474857415115887,0.11511060512625249,0.16037014156426987,0.11404662291918188,0.8435977998768119,0.1486150003519353,"MSCI World, resident currency",0.05070958652643531,-0.006014927184747609,-0.014173433135683533,-0.014406323852717784,-0.006014927184747609,-0.04381918841402743,-0.03626087849007307,15,0.02135401,-0.04141433693618046,-0.0417779737928512,0.017003513512843016,-0.05887118496062216,0.06003301558530172
Switzerland,2024,0.1407257088068914,0.15520844226412844,0.16791316445809107,0.15507602626114236,0.826107829906586,0.14691184599835294,"MSCI World, resident currency",0.04588125056540582,0.0012909730019552423,-0.01373421687727805,-0.013582958126112654,0.0012909730019552423,-0.014724922321266765,0.0003828363032832997,15,0.01131472,0.00792813927223146,0.008875436473961607,0.02171369326854866,0.02504387971731048,0.2113600603893684
Switzerland,2025,0.10161042076751681,0.1552413531240755,0.1770645622065235,0.15480087119254482,0.7798482763250719,0.13010905284102403,"MSCI World, resident currency",0.01700492008162713,-0.0021155113124988745,-0.010816783691759535,-0.010778378218216256,-0.0021155113124988745,-0.015272929272335367,-0.006736545661757654,15,0.008729184,0.08584194671573497,0.08267830617205285,0.015139307087717269,0.05855292561208825,0.5565355068516573
UK,1927,0.11248106008670367,0.3472223231272096,0.2979266945412569,0.2987277839520963,0.2057,0.29613032838419207,"reconstructed, resident currency",0.09804106387691403,0.06813524635966672,0.09709182805388283,0.09878171644225442,0.06813524635966672,0.14097476322829694,0.11295685847758102,15,-0.02399999999999991,0.2922217098236719,0.2921477002157695,0.06069651650102048,0.29186465130647976,0.022662256235551848
UK,1928,0.1681900429749561,0.3462931334808901,0.35790512190540635,0.31488785073435355,0.2055,0.31225807503288494,"reconstructed, resident currency",0.06249876701485069,0.04463390012083934,0.07671689404092419,0.07579053343339659,0.04463390012083934,0.0713683704575323,0.040000328859914606,15,-0.0030000000000000027,0.3076271799679935,0.30474161774863595,0.05045226040342521,0.2948676534125525,-0.00932419207750712
UK,1929,-0.13454906851444182,-0.04636545674621628,-0.06271930762224323,-0.059938319077047275,0.2059,-0.06181844243889323,"reconstructed, resident currency",-0.007027977786198791,0.06215943496835963,0.07496453429057337,0.0749293255930279,0.06215943496835963,0.06305906065059363,0.05004951928312626,15,-0.009000000000000119,0.21209184343697451,0.20981148523424675,0.03785806464463959,0.19744244369676278,0.005317752110867824
UK,1930,-0.021195235505025667,-0.2099267133384627,-0.21216303231150957,-0.18236830302294138,0.2057,-0.18400356641689553,"reconstructed, resident currency",0.16402033425162355,0.05432098838711452,0.09544528760586246,0.09738218768034712,0.05432098838711452,0.09325618897763355,0.05031285970365508,15,-0.027999999999999914,0.12449007214382979,0.13261455412260048,0.10740235214556271,0.1855510402447922,0.06379084326844642
UK,1931,-0.16542711489626616,-0.3014378018485796,-0.31476765900207415,-0.2799628215083273,0.2205,-0.28140289586531064,"reconstructed, resident currency",0.0392446116648435,0.08244514157032135,0.023318923798265168,0.023578455829162293,0.08244514157032135,0.03225813681268486,0.09170750561599439,15,-0.04299999999999993,0.2806213831136506,0.30140101971344957,0.15094084355712933,0.3882169314310919,0.12336638162134284
UK,1932,0.3781167582075209,0.21869223717849606,0.03079273831266199,0.25274820062317627,0.2852,0.25024270422192996,"reconstructed, resident currency",0.4406383894307413,0.04199178627782052,0.16171860723469855,0.18095149712891279,0.04199178627782052,0.3463583900725653,0.21309689424567405,15,-0.026000000000000023,0.03191484967763514,0.04373356914921889,0.16025907588768828,0.3752874838692717,0.32805835305353837
UK,1933,0.2707772214760942,0.261331417479743,0.43501122519115054,0.26399847702768664,0.236,0.26147048007363116,"reconstructed, resident currency",0.05379092239749084,0.027477017591447828,0.07267549901852899,0.08295287557032238,0.027477017591447828,0.15400196656108234,0.1012002532362141,15,-0.02100000000000002,-0.10981203306361864,-0.07829997109270714,0.030170519994877854,-0.2841512090040078,-0.20464451906123138
UK,1934,0.14047059416770935,-0.11447116699562232,-0.029391568091831945,-0.043711089452815655,0.1985,-0.045623667273909985,"reconstructed, resident currency",0.2769678235054016,0.007300000172108412,0.12445396352351312,0.1268664571139333,0.007300000172108412,0.13597181304476336,0.016580908891472835,15,0.0,-0.028689702004839224,-0.029028581660339725,0.008767156750223437,-0.15666514999181502,0.43092372775420595
UK,1935,0.1319845115771483,0.36140314356248804,0.3335240541618674,0.2871573110596155,0.204,0.2845829964374962,"reconstructed, resident currency",-0.037924186579046726,-0.001489573018671253,-0.007395909456298311,-0.007851375211716638,-0.001489573018671253,0.01650525005918424,0.023848725179145994,15,0.006999999999999673,0.021409530395772203,0.02324225856225537,-0.0020322077192309607,0.06517209733076745,0.009053301788217727
UK,1936,0.18368640616018217,0.27772823963149573,0.2950650956466007,0.2493877658059649,0.2012,0.24688899027435296,"reconstructed, resident currency",-0.004285789049547906,-0.0011916584645093042,0.029774065502684577,0.02872023604299767,-0.0011916584645093042,0.015051908271692893,-0.015235392904943785,14,0.007000000000000117,0.27272902516729536,0.2748949724541325,0.012372876775614161,0.2819080076862106,-0.02041982551028476
UK,1937,-0.15902681173162259,-0.28359726302097743,-0.2643434545216421,-0.24764545651908298,0.2023,-0.24915016560604486,"reconstructed, resident currency",-0.12188981787609643,-0.02746615106351602,-0.031212129766860275,-0.03126937638730076,-0.02746615106351602,-0.07650874304076472,-0.07431504896476103,14,0.03400000000000003,-0.09188822298128563,-0.09289003152464281,-0.011132956950033579,-0.0698188281397446,-0.026626223156374418
UK,1938,-0.11210486504036632,0.09884694382655956,0.12873890491099366,0.03189704777272162,0.2045,0.029833253677176153,"reconstructed, resident currency",-0.03721735614725952,-0.009744094604054565,0.01740394183435323,0.014007273078917803,-0.009744094604054565,0.01447170704743539,-0.009103544053595092,14,0.016000000000000236,0.07021917628810592,0.0734281750021939,0.047570894586841384,0.1029835953259417,-0.0018321541566235222
UK,1939,-0.009463825563860384,0.10198261849871493,0.03386926169928686,0.07441386756704049,0.2255,0.07226503983190646,"reconstructed, resident currency",-0.01795689585520832,-0.014396887229110478,-0.07219694139846,-0.07426577640272136,-0.014396887229110478,-0.00768526020825222,0.05416767564813806,14,0.028000000000000025,-0.1362703696590868,-0.1473278939820588,0.022205827566040615,-0.05273844578684084,0.057544614535617544
UK,1940,-0.1856975519187647,-0.02036961311605212,-0.05137373844591114,-0.06286305676954984,0.2611,-0.06473733065601073,"reconstructed, resident currency",-0.007391092711932168,-0.13501712311799208,-0.07462845234825222,-0.06680699874959806,-0.13501712311799208,0.02454260448190171,-0.04092789148742463,14,0.16800000000000015,-0.1428458711473486,-0.1422966485175573,0.0059249679692383594,-0.004714407748933613,-0.015660679490484553
UK,1941,0.10770156775140571,-0.1496549935546464,-0.10450086929705091,-0.0863030827781247,0.248,-0.08813047661256845,"reconstructed, resident currency",-0.002126882706738664,-0.08835740107706747,-0.04223468746126546,-0.04383968758779899,-0.08835740107706747,-0.0614745932166505,-0.10633958071215235,14,0.1080000000000001,-0.11115448067590372,-0.10672310205742341,-0.07583315048804296,-0.18895227461265163,-0.18333035583988577
UK,1942,0.10585411556628577,0.01646282735925353,0.014569985370518283,0.041924622807619105,0.2478,0.039840773562003884,"reconstructed, resident currency",-0.04052916667263262,-0.056956115988344935,-0.02776279247862201,-0.028909984517387244,-0.056956115988344935,-0.06740839364979756,-0.09765691417059277,15,0.07099999999999995,-0.04753486962178699,-0.046821397887228944,-0.07087970183543024,-0.02922283884011423,-0.055501663030803394
UK,1943,0.07388782028533969,0.17383118920306373,0.12269186327629893,0.1440506768121348,0.2478,0.14176257545851056,"reconstructed, resident currency",-0.037700102212379516,-0.023210831937637733,-0.026366236186868286,-0.02386294764338015,-0.023210831937637733,-0.02073325766637224,-0.020166136686995486,15,0.03400000000000003,0.18974542108206593,0.1973466840088154,-0.019568422192413393,0.22576850301004914,-0.00965632234922964
UK,1944,0.0949367078741199,0.11130335238303535,0.1025793954638238,0.10683989308132169,0.2478,0.10462621329515898,"reconstructed, resident currency",0.029454723015035933,-0.016553067403619615,0.025682416330950586,0.013341304244913976,-0.016553067403619615,-0.03095475505988443,-0.06260768201406448,14,0.026999999999999913,0.05719454257955636,0.056860852239480675,-0.011389603351630306,0.05275006507036073,-0.0340548614592282
UK,1945,0.03561807757221769,0.22932374116675747,0.22209828245345425,0.1741901852116221,0.2481,0.17184180484119893,"reconstructed, resident currency",0.11687606642682269,-0.018482490649251226,0.028559041605867863,0.023711672869731304,-0.018482490649251226,-0.06719630997958037,-0.11181113661468182,13,0.028000000000000025,0.16580658131724602,0.1660767076517322,-0.013237632217602213,0.16743635790143085,-0.029816342204947555
UK,1946,0.14191319905474398,0.14829632653626157,-0.11948145677533144,0.1467237255304863,0.3333333333333333,0.14443027807942532,"reconstructed, resident currency",0.07430652231989732,-0.025218234831967612,-0.024238781770329898,-0.019682847492527022,-0.025218234831967612,-0.051613497123411456,-0.057789557873028606,12,0.030999999999999917,0.47914141625939677,0.5800862733418151,-0.1458067950930625,0.8298430271360435,0.19020617899746695
UK,1947,-0.0895039567323489,0.1331978194623067,-0.1178659718681072,0.06767008137222064,0.4,0.06553474120947622,"reconstructed, resident currency",-0.19938950616622642,-0.06065420543548661,-0.11133411032068496,-0.11957258292279904,-0.06065420543548661,0.06761597989247536,0.13095618103941867,12,0.07000000000000006,0.0028247039361670723,0.0331800370792672,-0.07460156340503099,0.26705658437971413,0.17108068920064046
UK,1948,-0.10562565012341196,-0.2648146715017171,-0.09886746509653538,-0.21856049821874446,0.33003300330033003,-0.22012337722230702,"reconstructed, resident currency",-0.06502349411129615,-0.0667595170064722,-0.08691413494628453,-0.08423039840696034,-0.0667595170064722,-0.2736473822882842,-0.2616272005305987,12,0.07699999999999996,-0.10770392177862309,-0.10915302061573473,-0.016410018909050028,-0.22426241767143673,-0.1999727946212213
UK,1949,-0.0826910216694674,0.4100139961788922,0.13666443995818872,0.2774992324115113,0.42016806722689076,0.2749442339466883,"reconstructed, resident currency",-0.11415115984497348,-0.02217898831307752,-0.010734265515478958,0.015627017279838284,-0.02217898831307752,0.3006789282965232,0.2711305392251572,13,0.027999999999999803,0.14074237004571422,0.19455496558829743,0.031435476496074255,0.475578242445156,0.24512638031019152
UK,1950,0.06773530906501768,0.13057316544395303,0.22292364891968663,0.11698454631802568,0.3968253968253968,0.11475057722538962,"reconstructed, resident currency",0.0014018661048977865,-0.03270346906631727,-0.04349857865174378,-0.042523055701463086,-0.03270346906631727,-0.07175288913375522,-0.06314337741029631,14,0.03918495297805635,0.08158588877541173,0.07418828318124682,-0.044909057796571394,-0.019096629291977862,-0.13558730398236418
UK,1951,-0.0075217318176235,0.2216606521456388,0.16754266928625378,0.1763487340805312,0.41841004184100417,0.17399603661237006,"reconstructed, resident currency",-0.17178857239944811,-0.07785228234078145,-0.09550060260424398,-0.09092496477818068,-0.07785228234078145,-0.019598647536093527,-0.0034478927324009738,15,0.09049773755656121,-0.09973356671841371,-0.0992603844791039,-0.044855439335450886,-0.02679466280719711,-0.018000231014276502
UK,1952,-0.09752588198651235,-0.05100192704415851,0.12493303331015777,-0.05918141387639153,0.37735849056603776,-0.06106305104863874,"reconstructed, resident currency",-0.10244046824635034,-0.07636750010773563,-0.053608029305402205,-0.05565443335631137,-0.07636750010773563,-0.08891579583183762,-0.11039628532005961,15,0.10650069156293251,-0.11551796573041084,-0.1140427810696697,0.003226921042449371,-0.1990623626008161,-0.17677789071441785
UK,1953,0.20077737134098284,0.003729080839996346,0.04253671271000253,0.03225328008724748,0.3717472118959108,0.030188773527072943,"reconstructed, resident currency",0.09877941548033409,-0.012786489703543236,0.011510222201196685,0.011799087129435337,-0.012786489703543236,0.022453918920754212,-0.0016495127526601797,15,0.036250000000000115,-0.08515962008616462,-0.08380423469387455,0.006703548557218442,-0.10638767458124743,-0.05206239186080164
UK,1954,0.4528661877760347,0.44980401399065695,0.46548356406485764,0.4503267838288454,0.3731343283582089,0.4474261302611877,"reconstructed, resident currency",0.03687402865199263,-0.00490672228954514,0.015776571955327556,0.0169021024970879,-0.00490672228954514,0.04212890033442118,0.02135941252694858,15,0.022919179734619988,0.4693378457054158,0.47331166614041775,0.018564239040369523,0.4811122512717265,-0.014943928290778397
UK,1955,0.055125286415905306,0.21681821966046022,0.29213173628885697,0.190335935904268,0.36900369003690037,0.18795526403245955,"reconstructed, resident currency",-0.14456029840056184,-0.012570144485276491,-0.030396459021946987,-0.030645877891477435,-0.012570144485276491,-0.03827061026426415,-0.020200309665175904,15,0.050707547169811074,0.37973184176796915,0.36450483174978254,0.011922977581826144,0.3273943499898233,-0.06797467268611712
UK,1956,-0.1362345717060146,-0.01369903129879746,0.05130746755363915,-0.030659487028574572,0.3589890868606365,-0.03259816805451743,"reconstructed, resident currency",-0.07744291834056127,-0.0020229458260243582,-0.03551290828147036,-0.03568215229088012,-0.0020229458260243582,-0.08632561985813769,-0.05438725535577978,15,0.05162738496071828,-0.02486739980221153,-0.023409223576869587,-0.012271588679896195,-0.09400757534199355,-0.09125972201390742
UK,1957,-0.04612559643033254,-0.12814916332113613,-0.09331301867894645,-0.1188183604280667,0.34972371838487926,-0.12058072370721062,"reconstructed, resident currency",-0.09772285433890016,0.009321375628445372,-0.012572852601546725,-0.013229806055806592,0.009321375628445372,-0.056695603505793946,-0.0354700098175902,15,0.03842049092849509,-0.1481428108693872,-0.14141713372083842,-0.011143687996010843,-0.19047376536177796,-0.06217636931827475
UK,1958,0.4360978269910478,0.30354439748512885,0.2745408259283948,0.31940906279071624,0.3568242641772789,0.3167702446651348,"reconstructed, resident currency",0.13753593853720414,0.01635244829983984,0.06868091330060988,0.07060978929693928,0.01635244829983984,0.0899037744377087,0.036830401963490515,15,0.02877697841726623,0.07741276142349718,0.0782990254714182,0.006882515564111014,0.08748183086820993,-0.0023507199022774206
UK,1959,0.5393956995531246,0.1979837192541698,0.19117122764452077,0.239227017342045,0.3571428572704081,0.23674856330736094,"reconstructed, resident currency",0.0038151866502043053,0.02764031624693364,0.042577579560282075,0.0430720883033735,0.02764031624693364,0.046369094634863606,0.031220767893862047,15,0.005994005994006235,0.21467479524460376,0.21207745923349997,0.010506777644549326,0.19944172387354286,-0.014480385193944567
UK,1960,0.010364474440589744,0.04280793191179377,0.029744670338870842,0.03775640436127192,0.35665882029982837,0.035680891552549276,"reconstructed, resident currency",-0.0783536664958071,0.040632808626872574,0.03874988514045086,0.039001063753784315,0.040632808626872574,0.03836314538035768,0.04033644122108277,15,0.00794438927507457,0.033741052723552656,0.033285154823812446,0.012803101551821738,0.011688270964350655,-0.013886584114955913
UK,1961,-0.013931115881276823,0.19212359607432883,0.2071471875846885,0.16174190207393924,0.3561126741768857,0.1594184182697913,"reconstructed, resident currency",-0.1084272701662915,0.018292937349556615,0.006136756101092322,0.0062671570690919776,0.018292937349556615,0.00460292097015591,0.016786274700791155,15,0.0325123152709359,0.004510147428319344,0.004155583199295654,0.023604783271376606,-0.01309136913858533,-0.03211972493699211
UK,1962,-0.03665600901114785,-0.1323355723489249,-0.11277121566496726,-0.11918395369140788,0.3568242641772789,-0.12094558578402503,"reconstructed, resident currency",0.1974912759585259,-0.00027325834000935245,0.06361962683546984,0.06351586252898733,-0.00027325834000935245,0.0602226914964632,-0.003665456822477209,15,0.041984732824427384,-0.1641073654433003,-0.16289175817459434,0.01825126995188109,-0.17166201179552154,-0.042864575081288936
UK,1963,0.17336804038206033,0.14135277803728896,0.13212146585946294,0.14636909952319455,0.35757705798382927,0.14407636132414825,"reconstructed, resident currency",0.01496253745972842,0.01531515609255818,0.017565525589845477,0.01823673073327914,0.01531515609255818,0.025877439533032787,0.02354711987568834,15,0.021062271062270987,0.06527713094715848,0.06501607092163764,0.01837742808505438,0.06182895164970126,-0.026767063850934525
UK,1964,-0.08368505586058461,0.07949095249881699,0.08996796691064354,0.052529839657965205,0.3584100929566718,0.05042477997864925,"reconstructed, resident currency",-0.05418907854541,0.013187226943742747,-0.005542314649909397,-0.0055865727148231015,0.013187226943742747,-0.004630344451912127,0.014498304762412813,15,0.03228699551569525,0.2486666816731513,0.24790479881293903,0.027000180476569158,0.24520713798255156,-0.03092591776321174
UK,1965,0.06634703059991232,0.03809143977984619,0.0635214006768699,0.041984585807332,0.3567860711990817,0.03990061663571742,"reconstructed, resident currency",0.0012998190553239475,0.015853415060167686,0.00868587394808129,0.007842624045608648,0.015853415060167686,-0.009425349875803235,-0.002101000963345201,15,0.042571676802779956,0.12540192334146227,0.12304518012562848,0.03155536016230376,0.10839231672532113,-0.044523726506899064
UK,1966,-0.07539090714775598,-0.09473103705242403,-0.09371845690317941,-0.09218397455538141,0.35839724763758773,-0.0939996066062706,"reconstructed, resident currency",0.002066234986369375,0.020384615717025767,-0.0008041497091383354,-0.0009598587622074994,0.020384615717025767,-0.008092232320698334,0.013053145924630968,15,0.040000000000000036,0.0717930310335948,0.07046284959734916,0.010884962315295343,0.05624488553199991,-0.04982311328483269
UK,1967,0.31245618329900204,0.35293187161076167,0.16168844842009128,0.34754267684913276,0.41557578041623067,0.34484759149543454,"reconstructed, resident currency",0.0010345630044101828,0.0348815047255131,0.03149190857794548,0.03721076060092199,0.0348815047255131,0.14049744582646495,0.14348719591956582,15,0.022435897435897356,0.10084450020284552,0.11754561003770458,0.01912916025527034,0.2636939143155257,0.12663332687674989
UK,1968,0.42499680993425804,0.12923392420657565,0.1164253338840426,0.17062329740732007,0.41939271951828244,0.16828205081250536,"reconstructed, resident currency",-0.060883507076384236,0.029165634780156324,0.040366259472967014,0.03972700104157734,0.029165634780156324,0.029366434872714064,0.018557644473112655,15,0.03996865203761768,-0.02179999295685653,-0.021810549686145375,0.011003722479790534,-0.02792559320981247,0.15254386357874195
UK,1969,-0.16228961556039756,-0.09136830252774375,-0.08284597889110205,-0.1016869191730232,0.4165451744976653,-0.10348354533467718,"reconstructed, resident currency",-0.05179231341882862,0.023101793335254417,-0.033683254788398176,-0.03399048388997117,0.023101793335254417,-0.053039803700087096,0.0028091389895165205,15,0.051996985681989294,0.19436325558920897,0.19101419674775322,0.01323387456286551,0.17746382271224803,-0.21528268391656669
UK,1970,-0.09392102974609173,-0.055840538339078316,-0.05167108397539113,-0.06116747648019338,0.4177632954913997,-0.09778996811930007,"MSCI World, resident currency",-0.028783166085864287,0.0047069301561930565,-0.017711465841841467,-0.017384622884596412,0.0047069301561930565,-0.013158172532727885,0.009446744729705,15,0.06518624641833837,-0.05246453252809191,-0.052228049922945274,0.020938455464238448,-0.040097048589715634,-0.0011829560879625944
UK,1971,0.33986833675111394,-0.018410062192447896,0.058863451932134145,0.029112615214343274,0.3917727719458463,0.04882428525717475,"MSCI World, resident currency",0.15987804581507947,-0.03504941761768421,0.011673759972125497,0.01177640614703157,-0.03504941761768421,0.016930414447799302,-0.029396955398919268,15,0.09414929388029569,-0.15476246776978397,-0.15102607746958374,0.017643971771362565,-0.2037024908104792,0.005662610214134167
UK,1972,0.08567236664645161,0.29340161395799114,0.21405370038198046,0.26514156154145296,0.42587624054592066,0.2626895883357283,"MSCI World, resident currency",-0.105610658346308,-0.015590367567460683,0.0005275675088201037,0.0070650161577126,-0.015590367567460683,0.09612974566222254,0.07772425606358555,15,0.07191149354640447,0.09344351303302134,0.10495456435478778,0.01154035341542925,0.17674005253152125,0.5005432671869532
UK,1973,-0.3415498115907618,-0.09475901821858124,-0.12481393779711297,-0.12793877687129496,0.43044077153514154,-0.24853956309849112,"MSCI World, resident currency",-0.1658348045739192,0.00030791897016113623,-0.07170225462651525,-0.07343433989506765,0.00030791897016113623,-0.011717635907160906,0.06633790722638301,15,0.09346330275229353,0.4794257226802483,0.46677154096222706,-0.005739170208360234,0.44427584297064526,0.5530994819196771
UK,1974,-0.5696518080613707,-0.32881928453884923,-0.3101110192801967,-0.35501496288144296,0.4258037046735379,-0.3563365503978436,"MSCI World, resident currency",-0.2721773704752751,-0.0376000934945927,-0.11863760315864891,-0.11731489798285788,-0.0376000934945927,-0.09016640402230636,-0.008158026890191804,15,0.15731515469323543,0.20786003605575076,0.1973264687156222,-0.018682411153460032,0.16864147630598603,0.40080002244355906
UK,1975,1.0342776659584465,0.19055984981513263,0.15913651363652437,0.2437626962470758,0.49419322979698205,0.30600865433937585,"MSCI World, resident currency",0.10941426924799869,-0.10204113561225359,-0.06906635980209341,-0.06421059352409542,-0.10204113561225359,-0.016222115607553267,-0.05029278125750981,15,0.2270049841413686,-0.21259472898396148,-0.21806308370767458,-0.002214119066057396,-0.09674456685500687,-0.2782159030178424
UK,1976,-0.11526135551014083,0.1927096405880171,0.08155213015207358,0.16126183410476602,0.5874060153826398,0.1998135566383601,"MSCI World, resident currency",-0.015344842145573745,-0.03897126225485792,-0.05791988293565831,-0.04974401556213115,-0.03897126225485792,0.06766987654799728,0.08669945628288,15,0.15657311669128493,0.09097389158191427,0.11651948191946371,0.0049242743921680265,0.24011624814626242,-0.011465615122989492
UK,1977,0.29247365474700926,-0.21028750211610336,-0.09601094248582548,-0.17081189359961946,0.5246589719436826,-0.18670642658668157,"MSCI World, resident currency",0.2663333356380464,-0.06335799977183332,-0.04779862497236975,-0.04757011531518718,-0.06335799977183332,-0.11589580198342575,-0.13833686488862842,15,0.14942528735632177,0.17479703880913244,0.13865730677389965,-0.011551278487003214,0.025715137607681404,-0.05267807397831892
UK,1978,0.01110698040464042,0.019656479065704335,0.03207824848812078,0.018717514231136656,0.4915212585360144,0.024139123900969173,"MSCI World, resident currency",-0.09348833731176576,0.009656244329963704,0.013299670546270459,0.014322934427809741,0.009656244329963704,0.04425755340735216,0.042527079118381314,15,0.07472222222222236,0.2868588013480087,0.25959605253580254,-0.010424790546951224,0.18333616634342653,0.17472365932888523
UK,1979,0.000978529544918505,-0.08843576715187329,0.061444145850366,-0.07935098944260466,0.44964028797196054,-0.07601789708398887,"MSCI World, resident currency",-0.06454774954183995,0.014613595161561799,-0.062256718386172194,-0.06287745830360758,0.014613595161561799,-0.1608357777473255,-0.09182766810256489,15,0.11372447660894291,0.40236293561947645,0.3422567038823354,-0.02032579690849734,0.21767754820185137,0.7916581924688901
UK,1980,0.17089032329820153,0.020206326167468314,0.1188118631024059,0.03371818793863901,0.41928721191584367,0.03488061111789964,"MSCI World, resident currency",0.034483427021927415,-0.0002981086668107924,-0.05640892580433987,-0.0630950056775037,-0.0002981086668107924,-0.18931298067533597,-0.14086196886987695,15,0.15154328150382912,0.16899230323508907,0.14230020455528192,0.000695567814542164,0.053679590757580664,-0.08053465929237802
UK,1981,0.01625627052057732,0.09646914249911842,-0.06386133744603373,0.08995011816143261,0.5241090149497426,0.0845877851062018,"MSCI World, resident currency",-0.016303804510345965,0.010466408341714972,-0.038421927947261514,-0.03587946109969864,0.010466408341714972,0.025451598906045536,0.0793587279374288,15,0.11809754131398598,0.04234222966655077,0.09482248847633779,0.06875376114405274,0.34889457747178954,-0.24583820261819023
UK,1982,0.18851923111797575,0.19583305316419053,0.06474451702790036,0.19516978045863564,0.6193868074446496,0.23574846140152905,"MSCI World, resident currency",0.42004195103131714,0.030237142638827486,0.10759592420692732,0.11493460084389118,0.030237142638827486,0.13879727828839683,0.05742504127864982,15,0.08111031002162972,0.15618263331222448,0.2133575937586658,0.08419578734237465,0.4103670603100851,0.27812583775887045
UK,1983,0.227228790587912,0.31228088942288723,0.20887477623743766,0.3040509458055507,0.6893699163721011,0.31370895981945557,"MSCI World, resident currency",0.027572082948089882,0.04436100966823542,0.0854993796364476,0.08140394086025782,0.04436100966823542,0.0646458228531519,0.025281785709363125,15,0.04934978326108719,0.10624539133786248,0.12329554609554894,0.04999397713684739,0.2300479659466248,-0.11172569177988523
UK,1984,0.26200429471626907,0.28202277827849476,0.06572887983960066,0.28010649965169954,0.8646779082271318,0.24653667158163195,"MSCI World, resident currency",-0.004814158349602415,0.048360562919934624,0.08157162993846057,0.09835390624819973,0.048360562919934624,0.2063642127148726,0.16927247031666373,15,0.04258023514458209,0.05217642524168653,0.0805295264857131,0.06256920408590982,0.3363919202742722,-0.03283803205662994
UK,1985,0.1450053426954485,0.10455442208051258,0.273011380221526,0.10939839543053198,0.6922810665920949,0.07750064423385417,"MSCI World, resident currency",0.1429258010269685,0.06364444126317559,0.135102216398288,0.12499076867108205,0.06364444126317559,0.05819958596048935,-0.01073993796037996,15,0.04922279792746087,0.3040861889184707,0.23213721953156186,0.041566294338919674,0.007899215454685748,-0.19716450068159752
UK,1986,0.23122436059117812,0.3361155471146655,0.2572551348263465,0.3253312419975878,0.678195998643608,0.34996761375185903,"MSCI World, resident currency",0.08916357783812767,0.06788150072286303,0.13027532777698592,0.14520699625692246,0.06788150072286303,0.26549375751083915,0.1980243806247498,15,0.03326071169208422,0.2501764587131379,0.2382001396504334,0.05503815580608573,0.1915556615378513,0.12958778075644117
UK,1987,0.05276802369730538,-0.04170639972735779,0.07813780487597616,-0.03172686690937121,0.5343307507347048,-0.1161424763247505,"MSCI World, resident currency",0.14237861760271153,0.05837948575262719,0.04597794838433944,0.04248562416050805,0.05837948575262719,-0.024328221189176102,-0.013585657099490719,15,0.032049479898791366,0.19204043500351098,0.1467164206848408,0.0219249880214456,-0.09110873656360052,-0.0612514447755641
UK,1988,0.07444893010498577,0.15829589388923648,0.14969860188229733,0.14900757354562533,0.5526388505111909,0.23730583908869374,"MSCI World, resident currency",0.02996593272280723,0.058219477708382206,0.08041843680410343,0.07617506303074695,0.058219477708382206,0.03410463884873427,0.014251999447099147,15,0.03759193680196127,0.14005882461527897,0.14089817482470313,0.030389429819428715,0.14648725786734373,-0.16508981908665032
UK,1989,0.2872601646622832,0.2837055532931201,0.20906140312115065,0.28404601156057296,0.6228589224540642,0.24265654196871211,"MSCI World, resident currency",0.0282447087626454,0.07642140254439656,0.019958429569166602,0.025435264161349336,0.07642140254439656,0.11879725644873895,0.18052409312885817,15,0.052375951693357736,0.08322536500319644,0.09109350211375578,0.04313487985098852,0.17337778640883972,0.03374368695213725
UK,1990,-0.1550252864097329,-0.26229433607597963,-0.13000163014816796,-0.25215750293733286,0.5186721991701245,-0.36731737814248,"MSCI World, resident currency",0.011574947790402579,0.06653396775355258,0.03500125093669748,0.028040830553937246,0.06653396775355258,-0.06459910378677203,-0.03575732613856083,15,0.069726830485219,0.08733624381931526,0.06751100078500283,0.019629465469601426,-0.15088591016675046,-0.25814395542787105
UK,1991,0.12342989778239466,0.053854599080386256,0.0436352918953333,0.06088973480363902,0.5345592558935158,0.15884690042313254,"MSCI World, resident currency",0.10182748785041684,0.03057072101097469,0.10079423639622132,0.10344259973857306,0.03057072101097469,0.11347175358761796,0.04196971179183971,15,0.07532649253731338,0.021242510708425755,0.020817868374395365,0.0295655869605842,0.01341541663470025,-0.12151745004901504
UK,1992,0.14988442148879555,0.18642908546777992,-0.008873540206156924,0.18284565711102596,0.6613756613756614,0.1295435432401375,"MSCI World, resident currency",0.1511078821236551,0.04487226292514168,0.07913409341914845,0.09253738132635903,0.04487226292514168,0.201159299382218,0.16362299112424447,15,0.04261548471047538,0.011549981629693784,0.011637778534319576,0.008383806062487231,0.1872583816683855,0.10895091183082717
UK,1993,0.24429255119198334,0.16936075185905808,0.13859881638402005,0.17781244900468196,0.6751282743721306,0.22500889722032014,"MSCI World, resident currency",0.19788144479275904,0.026373933722921183,0.1967550431204197,0.18602001570127102,0.026373933722921183,0.15517211006560916,-0.007661074147163009,15,0.025065002600104025,0.2001441439403706,0.19994217626185828,0.004321478172269577,0.19895198552693305,0.16390190321823428
UK,1994,-0.07774323380986137,-0.02040201875857539,-0.012664249449056544,-0.027274255385915547,0.64,-0.0318896255104979,"MSCI World, resident currency",-0.12151131218623745,0.031099791124014065,-0.11018756447902034,-0.11499056041694322,0.031099791124014065,-0.06053738261357611,0.08906330210956602,15,0.0197849025974024,0.030996987173457224,0.028586487648851966,0.016542435122898214,-0.03541008803837864,-0.0987264056958379
UK,1995,0.19837571456840686,0.1964398655594013,0.1835574491033437,0.1966632396370871,0.6451612903225806,0.1812599610643577,"MSCI World, resident currency",0.14518006914119286,0.03578486977523143,0.18860147775727598,0.2021331479931734,0.03578486977523143,0.26280864237896484,0.10052582475056308,15,0.026564520943189285,0.2119917837127625,0.212786636223524,0.033488873052366586,0.21612021137918003,-0.01355975642617313
UK,1996,0.1309529642025058,0.06082657257594293,0.20233464685537583,0.06851881602843646,0.5889281507656066,0.00461157938979162,"MSCI World, resident currency",0.052383525173191225,0.03300469980688647,0.13261891807378778,0.11459028029657681,0.03300469980688647,-0.021705330776775722,-0.10807866191717957,15,0.024003084273058306,0.193265939067093,0.17335802654572663,0.020154971252071885,0.07847053844003238,-0.1587123854113971
UK,1997,0.2135290210839893,0.21893464941671636,0.23576333873527527,0.21837770724705208,0.6046680372475511,0.17260085689671056,"MSCI World, resident currency",0.14667238519794523,0.045719733839246324,0.1391648770402889,0.12439539993235949,0.045719733839246324,0.010440441600815253,-0.07245179686463717,15,0.018246062710850275,0.2458232681956254,0.25172291678065917,0.038183713171633826,0.27410550865515404,-0.2071008814637555
UK,1998,0.11930754370670082,0.2094031547625601,0.1952641657897642,0.199838181707777,0.6011421701232341,0.2142323570871385,"MSCI World, resident currency",0.19311267378155494,0.051818996668856476,0.1724305203280727,0.17356458481989656,0.051818996668856476,0.18316845000304038,0.06173006200265463,15,0.015573975192950451,0.29197681547867216,0.2860046823065008,0.0384762766424287,0.2656123530841765,-0.035460876007209374
UK,1999,0.22175662413390507,0.23985153569172035,0.22619817193071193,0.23802154973407075,0.6186587478346943,0.26206569938530455,"MSCI World, resident currency",-0.054044034756311254,0.03662624036757145,-0.04816997099586484,-0.04317700348490905,0.03662624036757145,-0.1194421889712437,-0.04191667948193213,15,0.01328710306726344,0.03842226320082376,0.039658338303616425,0.025016298269186832,0.06506213954302886,0.014758101686725755
UK,2000,-0.06683520820096156,0.01045389831362642,-0.04805720590403792,0.0024811417873300545,0.6701514542286557,-0.06727976896010801,"MSCI World, resident currency",0.08926901242993468,0.04964007286631289,0.0988522247699335,0.09816325380080748,0.04964007286631289,0.08521748994780132,0.036411232757227664,15,0.007964563930879853,0.04721153860088134,0.05267913263030399,0.02935847551351123,0.14111543375706614,0.011690011389342336
UK,2001,-0.14277223671824013,-0.15520970793030642,-0.16640448917537945,-0.1539423095708976,0.689464975179261,-0.1443589533840478,"MSCI World, resident currency",0.01700370410680474,0.03483518495985383,0.044333295696779684,0.04259935130945247,0.03483518495985383,0.005043972525843543,-0.0038855026498244203,15,0.012335119951847107,0.13239812486632463,0.13766815948038236,0.024736810195639336,0.17205166402557381,0.03225811905314435
UK,2002,-0.23226768739190673,-0.2665164233073808,-0.22951243994035286,-0.26316327642073434,0.6204243702692642,-0.294339919560031,"MSCI World, resident currency",0.08838472765892802,0.02568748877137428,0.1086681593387917,0.11255591808674659,0.02568748877137428,0.14906168960027455,0.06358106329937259,15,0.012589129587851966,0.08491823210897476,0.0762700221018573,-0.00596150761007852,-0.05088029185111531,0.10163949700482444
UK,2003,0.18561407752968928,0.13298219424298874,0.1728424954864825,0.1379775338165481,0.5603182607721185,0.1887204916673626,"MSCI World, resident currency",0.007397021837709961,0.021688759935658775,0.0318306158217907,0.03435349733831172,0.021688759935658775,0.08732166380254691,0.07647128144527254,15,0.013615926630131003,0.20726070367816152,0.18425166458901354,-0.006956332666097742,0.069241554498368,0.06637236466237839
UK,2004,0.11102325946275937,0.07024757912022106,0.12525623482614123,0.07387375972606325,0.5177591384487936,0.03951750077091254,"MSCI World, resident currency",0.05224341280384803,0.030554265085873666,0.09649140328918304,0.09395016033611081,0.030554265085873666,0.06067916483567015,-0.0033182373544401013,15,0.013435230404932774,0.18984222953716468,0.17177073736784276,-0.017486342515833142,0.062262257944703636,-0.05552732531386284
UK,2005,0.19191899945569513,0.1815366828412981,0.09761840780175061,0.18241157984735334,0.5807538184563563,0.2039160151664734,"MSCI World, resident currency",0.06314585944090156,0.024428089375563955,0.0714671473260442,0.06902049529231813,0.024428089375563955,0.03575290790187813,-0.009192350662519177,15,0.020569437639501142,0.07575349891771532,0.08488213228398633,-0.0006986459582450921,0.19238654904195474,0.28978039780245335
UK,2006,0.13781992105290408,0.04520396671461446,0.15799821449138843,0.053505810790440256,0.5094243504839531,0.03643458655913778,"MSCI World, resident currency",-0.02766280161462331,0.022684616943392077,-0.014274899511634187,-0.014150407052292868,0.022684616943392077,-0.06243147968861906,-0.026970174132643,15,0.02328712465674254,0.16801942174735185,0.1452235793546539,0.024767261591463807,0.03580548387000482,0.0592005973249059
UK,2007,0.026960451783330397,0.05390398734001356,0.03967427555654286,0.05162807622316112,0.49915144254766897,0.031401586723567076,"MSCI World, resident currency",0.03795129299517597,0.031343524389349176,0.0026676939983476533,0.002583511041761355,0.031343524389349176,0.05717194424919558,0.08838551240143121,15,0.023228416234869487,0.21461696724347679,0.2070124341950732,0.011644528236934182,0.1732452830853468,0.24284081526191548
UK,2008,-0.3219340464426441,-0.16558940906386244,-0.4029562419538179,-0.17870957175881963,0.6859651529702291,-0.18321396698303438,"MSCI World, resident currency",0.1194089004463681,0.00693119017367283,0.10659796706712399,0.1402023378537609,0.00693119017367283,0.42002826220629363,0.29525617798774273,15,0.036019155331397545,0.2813849752324089,0.4215850532765162,0.03138761247384991,0.8078940522930806,0.4314814167778007
UK,2009,0.2621891094966369,0.10631599744956532,0.23380217844016019,0.12099605311194117,0.617474529175671,0.11008178804740765,"MSCI World, resident currency",-0.036036428163766954,-0.016006610261213527,-0.01576526296011249,-0.017624024348648182,-0.016006610261213527,-0.06354639676746976,-0.061984935942271155,15,0.021653204511010493,-0.07679196989808468,-0.0662328751480159,-0.019834602641820354,-0.1925655633283,0.06351082034402333
UK,2010,0.10513020971315101,0.11713646928203314,0.09118227442128767,0.11594794614679582,0.638773554774832,0.12162210515823002,"MSCI World, resident currency",0.06602578360855227,-0.027088297346047896,0.001119742059755291,0.0029307473205981704,-0.027088297346047896,0.021400141561955355,-0.008117713010307467,15,0.03298171575771702,-0.016923897927175857,-0.016426999098356543,-0.011732246102603261,0.016552660067867597,0.2918220362243755
UK,2011,-0.07553777685261986,-0.053552113223605646,-0.04835576024968344,-0.05569121813482214,0.646788694133627,-0.08366580289878112,"MSCI World, resident currency",0.13348353916845568,-0.03813471595395701,0.024760690098447835,0.025475564449069843,-0.03813471595395701,0.02671734182530905,-0.03679121437753649,15,0.04463693294069393,0.041324147642702425,0.042371528088513966,-0.025979726392153846,0.054311048717970545,0.05252856265022565
UK,2012,0.09061084492234395,0.0957799335424756,0.1319321016718691,0.09525216883720367,0.633713561470215,0.11777513767335845,"MSCI World, resident currency",0.009923314944111361,-0.024460615481551873,0.10597202826558783,0.10610287977854616,-0.024460615481551873,0.1023564288045149,-0.028078079969919283,15,0.02828242099093714,-0.07678603082603574,-0.07602233219148591,-0.014131120381582707,-0.09218532129169632,0.031058254930930396
UK,2013,0.17523965048826007,0.21366130532702332,0.3082474286040031,0.21004328767847524,0.60723828030119,0.18026033621967996,"MSCI World, resident currency",-0.08474538073771742,-0.022062138793991326,-0.03584130682368325,-0.03498861441428536,-0.022062138793991326,-0.06441385378149478,-0.051827702990078696,15,0.02564798821532066,0.03718186805416446,0.03455821856010277,-0.01307117198017016,-0.007606074950688879,-0.3240007185814803
UK,2014,-0.0026177932777952106,0.13035405143059142,0.11391399073232689,0.11904185512693544,0.640697078421322,0.09375955327031682,"MSCI World, resident currency",0.13931820518883176,-0.010654646295390924,0.17071188916989377,0.1602219461428125,-0.010654646295390924,0.10207185080901349,-0.06887481580338234,15,0.014610314088341791,0.16458221307143517,0.17612186597710067,-0.006284064445272408,0.2370057441043747,0.047755207721089876
UK,2015,0.010593388351745059,0.07964459321939166,0.044547061066875206,0.07439716105802452,0.674809366354005,0.03869763874622145,"MSCI World, resident currency",0.007272233813872431,0.00399740331166476,0.015193497906863529,0.014756307292015602,0.00399740331166476,-0.018420958753045058,-0.029255381900216357,15,0.0004009937308258049,0.0806610393447702,0.08393678955409833,-0.00531491867575451,0.12913078387721266,-0.08260888356546547
UK,2016,0.14653668681702925,0.2361788812168477,0.027129586799872298,0.22947416686554312,0.812875955129247,0.27159638680300113,"MSCI World, resident currency",0.06424486219300118,-0.004542694552691184,0.03905428916755471,0.0460077820097875,-0.004542694552691184,0.20413592694499427,0.15365592033455605,15,0.006596661169451679,-0.07081110527314705,-0.08439687731460987,-0.014283553872012966,0.11528700159135585,0.2789013462206973
UK,2017,0.1107108057880124,0.08551130058372403,0.1663556570961832,0.08740614488438903,0.740110276431188,0.08766644328619866,"MSCI World, resident currency",0.010164081644060241,-0.02227555988315466,0.003969823472200318,0.004303841330655311,-0.02227555988315466,0.006243036371512023,-0.0204030222079578,15,0.026999999999999913,0.018460714142311874,0.014169935603849382,-0.00991627081888169,-0.06601026389824349,-0.004988277586999379
UK,2018,-0.11756097543530342,0.036489805967178324,-0.008164609634420604,0.025358021730661706,0.787680674254657,-0.04877892101086656,"MSCI World, resident currency",-0.0026046099459251515,-0.01756292682926819,-0.00427909788627745,-0.004265196235575752,-0.01756292682926819,0.007740876711992639,-0.005499122463208566,14,0.02499999999999991,-0.0880665889038601,-0.09190761999210995,0.0017853235335945072,-0.01093998460260126,0.02892313128804891
UK,2019,0.16286836637729274,0.09298553617871508,0.1394997339487878,0.09799308008239449,0.762107990702283,0.2089456559987133,"MSCI World, resident currency",0.038508815416418374,-0.010709233791748485,0.06602012518236444,0.062198711074549884,-0.010709233791748485,0.01421461660112966,-0.05863010706011431,14,0.018000000000000016,-0.0282412813564078,-0.028242768794388917,-5.033643403207222e-06,-0.0495069952294529,0.11554691444789067
UK,2020,-0.1024777042145062,0.09154858819461986,0.0759674276689943,0.07767744867971027,0.745156482861401,0.11839785896616295,"MSCI World, resident currency",0.0480914741193339,-0.008529236868186185,0.028851501989031636,0.030325838929867954,-0.008529236868186185,0.08629335995476661,0.04731417936444738,15,0.008999999999999897,-0.12666495111477039,-0.12497364992107762,-0.00489791713896115,-0.1400042064153686,0.20187438310639316
UK,2021,0.14723140852068628,0.12042234039228283,0.1793572026543735,0.12224000140146551,0.6948676912367595,0.08314326568862818,"MSCI World, resident currency",-0.07423196610162053,-0.024311091215122538,-0.0559072921867263,-0.05479951959957707,-0.024311091215122538,-0.09068398193526506,-0.06009552552300346,15,0.02582376,0.0527196923547526,0.047785087716489594,-0.0646718177027612,-0.0396709297958634,-0.15395219691848072
UK,2022,-0.034469354293866106,-0.1270601078355591,-0.14639340634214348,-0.12061647560156064,0.7762065811871903,-0.14914146805445028,"MSCI World, resident currency",-0.3004358533773829,-0.06574024787214883,-0.19564033845834994,-0.19498796254383288,-0.06574024787214883,-0.20345356914821577,-0.07412076278836967,15,0.09053559,0.09079431415833938,0.11559061887158006,-0.04319532740699539,0.2357317603550928,0.039968973346466985
UK,2023,-0.002375912455017337,0.12531671042715287,0.17119071794886237,0.1162471482086298,0.7690392623413413,0.15088382823044588,"MSCI World, resident currency",-0.03486857794486775,-0.022931175383989144,-0.030950834871959487,-0.03071012974177012,-0.022931175383989144,-0.041930470539405906,-0.03435723089203286,15,0.0730187,-0.05772813624776829,-0.05771322283315328,0.017003513512843016,-0.05701219888419373,0.0621268698856241
UK,2024,0.06757312510492319,0.13495973045609255,0.17510578311025038,0.13031396203101564,0.7477303713334467,0.12222513749482244,"MSCI World, resident currency",-0.03836975745637994,0.02371765148589766,0.008355930956066793,0.0076812947579190105,0.02371765148589766,-0.03593247957452306,-0.021149907959425708,15,0.026198990000000002,0.030503475437109184,0.028980163640250023,0.02171369326854866,0.0029803187294283884,0.185286136043753
UK,2025,0.22935402686840445,0.1449438738362394,0.17310806953408509,0.15020084992471383,0.7256062085592487,0.14160301591231295,"MSCI World, resident currency",0.020223082724180053,0.017770729936692042,0.00889605512090652,0.008773692156483825,0.017770729936692042,-0.005257597957371796,0.003365606369963762,15,0.0265082,0.10748103937192144,0.10305689347434721,0.015139307087717269,0.06931911512751898,0.5723665114701293
USA,1927,0.3746708842187094,0.18171383872798175,0.11234881550552768,0.29003961228637887,1.0,0.28745953306180616,"reconstructed, resident currency",0.055107553585850066,0.057931033573274116,0.08661098445488369,0.08851637127018375,0.057931033573274116,0.13334192074069517,0.10551144892950334,15,-0.016949152542372947,0.27987673259426504,0.28057020706047187,0.06069651650102048,0.28322239232186974,0.015820895522387968
USA,1928,0.39868573034018784,0.2389511090973926,0.21179003830488408,0.33524043104071044,1.0,0.332569950178629,"reconstructed, resident currency",0.03170606474343085,0.05783505580927173,0.09032348611969487,0.08961226880052542,0.05783505580927173,0.08795161805940932,0.05609804411368136,15,-0.01724137931034464,0.32415181121266823,0.322061858113722,0.05045226040342521,0.31491034974400356,0.006010050251256338
USA,1929,-0.03369330242276192,-0.1337529487125545,-0.1435255202102875,-0.07020868698008864,1.0,-0.07206826960612844,"reconstructed, resident currency",0.03400000184774399,0.040735989809036255,0.05328281402295865,0.053851605623380205,0.040735989809036255,0.051444920986030374,0.03857751154331356,15,0.0,0.18764430544875466,0.187133084600684,0.03785806464463959,0.1843601378342279,-0.005665551839464711
USA,1930,-0.21098271387065948,-0.13753715604140226,-0.1342108097140401,-0.18543512582022859,1.0,-0.18706425556858808,"reconstructed, resident currency",0.06842639071944956,0.06527083766406894,0.10682224104087279,0.10755155627728663,0.06527083766406894,0.08915553703859058,0.04637328222111352,15,-0.023391812865497186,0.13616867566119195,0.14214758321322774,0.10740235214556271,0.18110420315296616,0.05980071174377222
USA,1931,-0.34404796656025083,-0.2052148971742933,-0.19817615766128097,-0.2937386498896204,1.0,-0.29515117258984114,"reconstructed, resident currency",0.04252809545907543,0.14427125397579466,0.08176791892943269,0.08311934094138196,0.14427125397579466,0.012508863632495482,0.07082084074760614,15,-0.08982035928143717,0.35376674498055816,0.3552906489800165,0.15094084355712933,0.3616574164856825,0.10187401574803157
USA,1932,-0.037741728942759734,0.15247305462481542,0.28393188343317866,0.04665809794361575,1.0,0.0445647817477286,"reconstructed, resident currency",0.30215522668657524,0.1479759079261418,0.2798805042973427,0.25415394772176336,0.1479759079261418,0.12486843804907366,0.013529843683572655,15,-0.09868421052631582,0.136874015766286,0.1372927078033499,0.16025907588768828,0.14903839516689743,0.109578947368421
USA,1933,0.6085833884202516,0.5480955904673184,0.2008345915725243,0.5759555918463637,1.0,0.5728036806626711,"reconstructed, resident currency",0.04959279249350601,0.0862968596271596,0.13408281259110044,0.16162612821835576,0.0862968596271596,0.43881174325481553,0.37297847139117246,15,-0.05109489051094884,-0.05885155930038999,-0.050062181024630226,0.030170519994877854,-0.10747843008525881,-0.008349344978165862
USA,1934,-0.05515052503280671,0.2604626451265548,0.09033356045925812,0.10300927762651302,1.0,0.10080325907125998,"reconstructed, resident currency",0.07566885149745817,-0.0028597100345945092,0.11311262885834372,0.13990974839968007,-0.0028597100345945092,0.3102603565627784,0.1725516855818033,15,0.03076923076923066,-0.0384864171311482,-0.0384567291480441,0.008767156750223437,-0.027274965290006614,0.6504658057633383
USA,1935,0.42701517404430955,0.07725903198569672,0.1400032548737905,0.23360372828441478,1.0,0.23113652082784597,"reconstructed, resident currency",0.023477626379823757,0.0004759546994725916,-0.005442008124486697,-0.006943499120349417,0.0004759546994725916,-0.02578755873949834,-0.018749616905418143,15,0.022388059701492713,0.02342013408034127,0.023312686108060365,-0.0020322077192309607,0.020854451310268196,-0.03292946058091295
USA,1936,0.3438782685523407,0.17449834119117447,0.18273793462253102,0.25728773058398957,1.0,0.2547731551228216,"reconstructed, resident currency",0.05532878514030837,0.004658413997335131,0.03580550582211317,0.034772919179155926,0.004658413997335131,0.02147015130454344,-0.009008658560640632,14,0.014598540145985606,0.2801834653355415,0.2825030638176529,0.012372876775614161,0.290013600190437,-0.014225872689938468
USA,1937,-0.3312084772106674,-0.16794593547802594,-0.1277585980320012,-0.2531601405294921,1.0,-0.2546538202484331,"reconstructed, resident currency",-0.033361338751597525,-0.017003805311914144,-0.02079008258627002,-0.021261111371442376,-0.017003805311914144,-0.08327784214787326,-0.08110022763136637,14,0.03597122302158273,-0.08211891839341834,-0.08236776387049882,-0.011132956950033579,-0.07663696365801775,-0.03376095617529884
USA,1938,0.22330771608555566,-0.07547917665460524,-0.0880288718406141,0.05919525799046088,1.0,0.05707686747447993,"reconstructed, resident currency",0.08317968946822152,0.039676384088841,0.06817929147429114,0.06344200118376908,0.039676384088841,0.04130894045042233,0.017110020387569615,14,-0.02083333333333337,0.12363036395209326,0.12446600076770808,0.047570894586841384,0.13216235702209622,0.024573770491803426
USA,1939,0.038369303167187896,-0.007620421188260118,0.007006735932919133,0.01605168022983139,1.0,0.01401957686937183,"reconstructed, resident currency",0.07273644602877627,0.030896637615539957,-0.029559625889615804,-0.02835365557588254,0.030896637615539957,-0.06158782093407611,-0.0030947380531332535,14,-0.014184397163120477,-0.09657755724403416,-0.09556936946401329,0.022205827566040615,-0.1041937163796457,9.876543209874633e-05
USA,1940,-0.10105093472770277,-0.008672649664121845,-0.06573279560056358,-0.0614177421032599,1.0,-0.06329490661905335,"reconstructed, resident currency",0.054781722782978104,0.0072665774263442895,0.07758876685606597,0.07177222803737782,0.0072665774263442895,0.026122721948397265,-0.03944874695633328,14,0.007194244604316502,-0.001849945505864925,-0.001855231581009642,0.0059249679692383594,-0.0031794123845751976,-0.014142566191445938
USA,1941,-0.14349025204068144,0.20882208361354082,0.05917363963517196,0.01509762563743422,1.0,0.013067430386159318,"reconstructed, resident currency",-0.036738816648721695,-0.034680209699131215,0.014158192859410113,0.01600616662615062,-0.034680209699131215,0.04268154359422005,-0.007162492674841782,14,0.050000000000000044,-0.058819573221437604,-0.05653411057277091,-0.07583315048804296,-0.0989434189812235,-0.09269758812615958
USA,1942,0.04082276557852138,-0.021426772766841573,0.040356828920932585,0.00717718961360192,1.0,0.005162835234374663,"reconstructed, resident currency",-0.08012269978965725,-0.08723624581413958,-0.058980288678249115,-0.06015495214992039,-0.08723624581413958,-0.09850964975758991,-0.12774940397897472,15,0.10884353741496611,-0.0781175055853518,-0.07747385674553331,-0.07087970183543024,-0.061597555604926635,-0.08699999999999986
USA,1943,0.19655001318523646,0.04667268271087899,0.034934908466669516,0.11456987960272147,1.0,0.11234073984351611,"reconstructed, resident currency",-0.03519075124852933,-0.048585703542639136,-0.051659137208755035,-0.04921607525834515,-0.048585703542639136,-0.045967772911015725,-0.045415265950864744,15,0.06134969325153383,0.1588384062525685,0.16629627639200262,-0.019568422192413393,0.19418193661456473,-0.0351762767710051
USA,1944,0.17646302037279704,0.05902801682105463,0.025547394285036617,0.11734858320256514,1.0,0.11511388603616002,"reconstructed, resident currency",0.007528409457087992,-0.008155516650400818,0.03444061147329913,0.022045006178919024,-0.008155516650400818,-0.02175433117184533,-0.05370778108591414,14,0.017341040462427904,0.06622181648024306,0.06596079360891993,-0.011389603351630306,0.06274520915406812,-0.024883870967741806
USA,1945,0.3427650451660156,-0.03448785676453647,-0.05702746763105864,0.1788166491438523,1.0,0.17645901584556456,"reconstructed, resident currency",0.08334791925218377,-0.013291578657097292,0.033998740248882386,0.029037717086711323,-0.013291578657097292,-0.06352094062112068,-0.10831155554747993,13,0.022727272727272707,0.17197213547785872,0.17198275561412357,-0.013237632217602213,0.1720362108648006,-0.025993690851734863
USA,1946,-0.15628744776432324,-0.23979529157336266,0.1125499065465913,-0.18772445897050138,1.0,-0.18934901005256033,"reconstructed, resident currency",-0.07796316353890753,-0.06823392498951686,-0.06729769375550132,-0.06962641993486374,-0.06823392498951686,-0.32821555656504564,-0.33259033575129254,12,0.08333333333333326,0.41386907414696017,0.37998788863300614,-0.1458067950930625,0.29615939896803867,-0.15692389853137534
USA,1947,-0.08279218665019294,-0.25589662696305826,-0.13739485086302097,-0.16752854081347623,1.0,-0.16919348373184928,"reconstructed, resident currency",-0.15123382992541323,-0.11674979084376003,-0.16440320756089355,-0.16599008287993366,-0.11674979084376003,-0.16757072419818786,-0.11818382969404088,12,0.14358974358974375,-0.0570616969554848,-0.05189243392074494,-0.07460156340503099,-0.012065185609763662,-0.08689840881272937
USA,1948,-0.0039012074933244545,-0.10491406717192764,-0.20474689820066883,-0.05265091608418049,1.0,-0.0545456142520121,"reconstructed, resident currency",-0.04192946686227306,-0.060327981371767425,-0.08062149721179512,-0.07681521511707301,-0.060327981371767425,-0.1194334488843507,-0.10486122908910354,12,0.07672214344354056,-0.10155455928485324,-0.10103250980063838,-0.016410018909050028,-0.059563425827745986,-0.03011680572109654
USA,1949,0.17545245757798433,-0.1313933406058666,-0.0489826787362981,0.04176239717118979,1.0,0.03967887237684731,"reconstructed, resident currency",0.07210923321807217,0.020806983432346327,0.03275482748110625,0.046379067078662795,0.020806983432346327,0.06066474555482504,0.036568918449374946,13,-0.009807998890968395,0.19089052466861078,0.19288327027861207,0.031435476496074255,0.20328990269651248,0.015363304981774073
USA,1950,0.2694433512450294,0.1321663607639323,0.06338744823011996,0.21609372155639606,1.0,0.21366153411328326,"reconstructed, resident currency",-0.0112594872849765,0.00042680876585943217,-0.010738037470487072,-0.008832900511111408,0.00042680876585943217,0.010609759372538718,0.01998318641508584,14,0.010640159602394172,0.11863062102510047,0.11490601442985571,-0.044909057796571394,0.06793816844078338,-0.05888863375430542
USA,1951,0.16425398947552527,0.05959628336291156,0.07596551762268426,0.12712290697449213,1.0,0.12486866116054318,"reconstructed, resident currency",-0.10808717544516622,-0.06251513973730394,-0.08045698651437072,-0.0766886101843911,-0.06251513973730394,-0.06062480421286964,-0.045149898535006235,15,0.07941125541125515,-0.08476035320397501,-0.08464850652431166,-0.044855439335450886,-0.06751969296143345,-0.05909327548806953
USA,1952,0.1463877995310343,0.09453381461239463,-0.029045789190018524,0.12848599478372935,1.0,0.12622902279416182,"reconstructed, resident currency",-0.011333081902120679,-0.009430111421171894,0.014978781140978281,0.019108280273606004,-0.009430111421171894,0.09282042216943331,0.06705516635275781,15,0.022843942505133663,-0.05141788510192291,-0.05163190332977208,0.003226921042449371,-0.03929735250638755,-0.012567741935483823
USA,1953,0.0016133766427675056,0.23000464300479262,0.1933690215514086,0.07763814624815302,1.0,0.07548286995565667,"reconstructed, resident currency",0.02819500499952987,0.006570557410350952,0.03134367344869271,0.032985392107574896,0.006570557410350952,0.06740793859893812,0.04224475633754383,15,0.007590966122961174,-0.0672216480558111,-0.06722951687513345,0.006703548557218442,-0.06709840655834731,-0.010384615384615326
USA,1954,0.4651078793619292,0.48601507984137937,0.46023226118880234,0.472733581890201,1.0,0.4697881147264207,"reconstructed, resident currency",0.06284436212029942,0.011527380161749923,0.032552261858034726,0.03364090139991638,0.011527380161749923,0.05822925239580301,0.03713888675284622,15,0.003611232177324064,0.49360416247468053,0.4971109218102774,0.018564239040369523,0.5039946688692505,0.00027467811158787825
USA,1955,0.34776507212314534,0.13091589895927913,0.09112141385029165,0.2679597591171643,1.0,0.2654238395989299,"reconstructed, resident currency",-0.009618100357524306,0.018874244995518152,0.0004802571459865401,0.0007105264662561339,0.018874244995518152,0.024445392735999327,0.0436940882543687,15,-0.0025746014020719965,0.4236689631435333,0.42084308027386874,0.011922977581826144,0.41395598460865246,-0.007195721925133736
USA,1956,0.04650851688351332,0.005911992966320279,-0.015255160894173858,0.032600815688086815,1.0,0.03053561405671057,"reconstructed, resident currency",-0.07099612533645194,0.00386779639470225,-0.029819846693762142,-0.029861481424151015,0.00386779639470225,-0.02669815448474311,0.007324545274067407,15,0.014741097807494885,-0.01911150115227045,-0.018778910806398152,-0.012271588679896195,-0.03488144342455346,-0.031954261954261876
USA,1957,-0.1227844380675327,-0.028454332768168222,-0.0175954070878442,-0.09154164400454101,1.0,-0.09335856071653192,"reconstructed, resident currency",0.04212230670722783,-0.00945125296679905,-0.030938264798857085,-0.03059514990945611,-0.00945125296679905,-0.02749589555825127,-0.005613269909831709,15,0.033926874865916945,-0.16398672244589663,-0.1637597739637524,-0.011143687996010843,-0.16541512075547649,-0.033146316851664914
USA,1958,0.3333005940167395,0.2290089022292472,0.2259147833775095,0.2950127078809368,1.0,0.292422682465175,"reconstructed, resident currency",-0.0765438797404634,-0.0017094638117031158,0.0496890559349803,0.05151477396237314,-0.0017094638117031158,0.06975105603629772,0.017659029581032635,15,0.02730021342186406,0.05826572769790417,0.05906741462078147,0.006882515564111014,0.06737389508695801,-0.02079761904761901
USA,1959,0.12783232548488677,0.4345689971920377,0.4322463882610455,0.23404170633708143,1.0,0.2315736229244072,"reconstructed, resident currency",-0.034633489403492534,0.019145280532027575,0.033959064274436734,0.03466600890188731,0.019145280532027575,0.04199076112071776,0.026905819687055018,15,0.009319906512393006,0.2046336304474845,0.20289263342433106,0.010506777644549326,0.19442288690212695,-0.01860410557184744
USA,1960,-0.019875119909145256,0.1035693686092205,0.09097972943952588,0.03201968090304508,1.0,0.029955641541238975,"reconstructed, resident currency",0.11474352653453312,0.014378498547133134,0.012543079672000967,0.013589086499435021,0.014378498547133134,0.03262306785423719,0.03458545530404134,15,0.014922813036020388,0.00766061597836476,0.007628263431548321,0.012803101551821738,0.006095652299639598,-0.019337824831568762
USA,1961,0.28483912145258894,0.07062227728377235,0.03927340113395046,0.1886297890630344,1.0,0.18625252948490822,"reconstructed, resident currency",0.0005052556917024553,0.020000807212866123,0.007824237749138874,0.008585582676596815,0.020000807212866123,0.027853911366335415,0.0403192422191462,15,0.010703622331136309,0.006194900945953208,0.006266516659591215,0.023604783271376606,0.009750096498311045,-0.00971866028708146
USA,1962,-0.10765110932613964,-0.07615722702302496,-0.09467932071072477,-0.09468067985627626,1.0,-0.09649131849656367,"reconstructed, resident currency",0.06418165549391297,0.023664238933907455,0.08908697791941012,0.08938140056176347,0.023664238933907455,0.08971684869856356,0.024051406698792407,15,0.011760771417423488,-0.14409271861314332,-0.14336446293907767,0.01825126995188109,-0.14861861625557993,-0.01623818525519849
USA,1963,0.2053265281872858,0.0875979257823607,0.053537910474428,0.1535605833846474,1.0,0.15125346221787805,"reconstructed, resident currency",-0.018575072608142174,0.02506569959750249,0.027337680439359913,0.027873279066859435,0.02506569959750249,0.032313046575562776,0.02996810819182857,15,0.012560599382988036,0.07550748252596984,0.07497619922470178,0.01837742808505438,0.0684900922653966,-0.020661710037174652
USA,1964,0.1504899174757537,-0.04479092264274276,-0.06553655926086938,0.06984325496568622,1.0,0.06770356845575476,"reconstructed, resident currency",0.03655507928388113,0.025752919793436302,0.006791091747070821,0.006847199076689625,0.025752919793436302,0.011742823872519903,0.031186126634558775,15,0.013220892274210971,0.2641528243882352,0.26449134368793836,0.027000180476569158,0.26568996660338806,-0.014985294117647041
USA,1965,0.1074571069787833,0.01568277834081,-0.013175551841202641,0.07432810189750949,1.0,0.07217944569371437,"reconstructed, resident currency",-0.020337424436334683,0.027224939790123193,0.01997716478818523,0.019877090408692677,0.027224939790123193,0.021322386291513062,0.02887408520523477,15,0.015786930140149424,0.13799974071618548,0.13866443915869975,0.03155536016230376,0.14279714882987515,-0.014865454545454515
USA,1966,-0.10873207594545875,-0.044848495686536594,-0.05654995990682758,-0.0873967968898306,1.0,-0.0892220032960509,"reconstructed, resident currency",0.013696804593344547,0.024215686265042224,0.0029473668609734105,0.002833194547518625,0.024215686265042224,-0.002861614465726081,0.018395269502820895,15,0.029893746365702745,0.07581711631625732,0.07461918188302263,0.010884962315295343,0.06181477170237715,-0.0448125544899739
USA,1967,0.17495522836546473,0.12037545603282274,0.19457685329005467,0.15601964417514624,1.0,0.15370760488679602,"reconstructed, resident currency",-0.07685916635967072,0.021756993369961064,0.0184103845527559,0.017551754408310805,0.021756993369961064,-0.02159874105821591,-0.019033917028389524,15,0.027845502373925246,0.0868834369529603,0.08659676034012098,0.01912916025527034,0.08408810664842892,-0.033492385786801915
USA,1968,0.10292200537141882,0.2655773956550971,0.2727545121185602,0.15721164219735573,1.0,0.15489721891296093,"reconstructed, resident currency",-0.04186153653674529,0.015487339762513264,0.026539100711964636,0.02601800920083641,0.015487339762513264,0.017573138310276848,0.006888182598056961,15,0.04244694132334614,-0.03480092092260112,-0.03480826524364333,0.011003722479790534,-0.03906250361572616,0.13933934172537255
USA,1969,-0.1604813634807657,0.018502158051915574,0.027545708410381658,-0.09758264265179206,1.0,-0.09938747736648845,"reconstructed, resident currency",-0.1040722672649399,0.02203879742352144,-0.034687251415410736,-0.03496603116973607,0.02203879742352144,-0.04871326478713234,0.007390844513209497,15,0.05437125748502969,0.19312232016510378,0.19108530721045258,0.01323387456286551,0.18284350294322937,-0.211697411782669
USA,1970,-0.03400650757291579,-0.09455827744055667,-0.09278713688677041,-0.05829161136276528,1.0,-0.09502628631846977,"MSCI World, resident currency",0.07849412764558683,0.015870977988368118,-0.006796525523241392,-0.006831233668084247,0.015870977988368118,-0.010135243610973066,0.01253891783656081,15,0.058836892321671774,-0.041935759446080634,-0.04184437637476823,0.020938455464238448,-0.03715663978950989,0.0018766557419620522
USA,1971,0.08932812544434743,0.2549416364845405,0.10731589125819967,0.1520122834443538,1.0,0.17407797934665692,"MSCI World, resident currency",0.13181040314869286,0.007468723223079232,0.05625064110649758,0.06357147211627412,0.007468723223079232,0.13837524827933323,0.08651532708696363,15,0.042265608238575725,-0.11751918392146665,-0.11819965049100456,0.017643971771362565,-0.10860629021498613,0.12576180958202943
USA,1972,0.17804104957016031,0.2574963603722804,0.22725226878949414,0.20798710406051213,1.0,0.2056459020147834,"MSCI World, resident currency",0.022074312504803517,0.013487376024672315,0.030081406791143017,0.03184839621155877,0.013487376024672315,0.04661062239058267,0.02903662533369696,15,0.03272951832029625,0.12574192728755085,0.12544305921455035,0.01154035341542925,0.12357925112951218,0.4327542236760791
USA,1973,-0.21380169158010065,0.025351140711853182,-0.0730455980435485,-0.11211520839269551,1.0,-0.23490429831787318,"MSCI World, resident currency",-0.094976240259256,0.020300571639191967,-0.05314883318024344,-0.054898216343385764,0.020300571639191967,0.0062147675178072515,0.08568663005548295,15,0.06258720350807279,0.5089942625890667,0.4951296941261274,-0.005739170208360234,0.4704822572648628,0.5812805033370305
USA,1974,-0.3283359392465227,-0.30935669917202235,-0.3518678658457303,-0.32026604183699514,1.0,-0.3216588306024447,"MSCI World, resident currency",-0.07617728735674967,-0.006908297785515161,-0.0905301662743897,-0.08904247100510299,-0.006908297785515161,-0.041148622258783796,0.04527800096889619,15,0.11011067341962089,0.24637977532546151,0.24241084853194073,-0.018682411153460032,0.2316026739344499,0.47626888850657867
USA,1975,0.2619999215355191,0.12784001031752257,0.15021834968170653,0.20477563063218218,1.0,0.26507042291147864,"MSCI World, resident currency",-0.024116175758209235,-0.024783728151410722,0.01102808818669443,0.004881365513383917,-0.024783728151410722,-0.047059680558665384,-0.08006236492791144,15,0.09141601892531259,-0.14484898664288104,-0.1457831567060176,-0.002214119066057396,-0.1250580698610798,-0.3008409938279626
USA,1976,0.15910577921052838,-0.054163816598312264,-0.07015246937103979,0.06826518503141332,1.0,0.10372959262333126,"MSCI World, resident currency",0.10932336637937823,-0.00478898779329906,-0.024411580986408166,-0.023044142791954547,-0.00478898779329906,-0.01783170278537316,-0.00032605770212938977,15,0.0577488775352224,0.12977810994477612,0.13166678844602098,0.0049242743921680265,0.14080474737010218,-0.09062983337891817
USA,1977,-0.11647261187110525,0.204499663216406,0.021329667151261646,0.002235214774304106,1.0,-0.01697642195693172,"MSCI World, resident currency",-0.047563461306693644,-0.007783651909134659,0.00869891671189671,0.02175089854454182,-0.007783651909134659,0.06861200003048995,0.04148760771594376,15,0.06469555035128804,0.2445019840143896,0.2433564260413119,-0.011551278487003214,0.23977638282851466,0.14502292864328914
USA,1978,0.001996600417771832,0.21532493325615043,0.07270471667915564,0.08580491527580336,1.0,0.09158356376861354,"MSCI World, resident currency",-0.09843946362540223,0.005498016106319614,0.00912643701977367,0.01643765054878088,0.005498016106319614,0.11302688769354585,0.11118245342941036,15,0.07629914764916124,0.28155892565500884,0.2762143736455318,-0.010424790546951224,0.26126448980221784,0.252084808174486
USA,1979,0.07817731551298035,-0.05035442854356231,0.02413160974584112,0.02377191663088296,1.0,0.027478352322615196,"MSCI World, resident currency",-0.10113344957509363,0.015913386044539957,-0.06105540374399898,-0.06025679750226287,0.015913386044539957,-0.06684007224040156,0.009897711501219446,15,0.09482758620689635,0.4041594604906562,0.38785805269853735,-0.02032579690849734,0.3540709467620575,0.9923437929301375
USA,1980,0.1650751938414705,0.12309699282824993,0.06290254059709864,0.14798629612026537,1.0,0.14927721456946563,"MSCI World, resident currency",-0.12897714842946206,0.016799403235820298,-0.04027105534301478,-0.04297852644645217,0.016799403235820298,-0.0996989319853756,-0.04589210316605925,15,0.11198600174978135,0.1889851230866071,0.18462623222603436,0.000695567814542164,0.1701542497800319,0.02110383971744212
USA,1981,-0.107281264680954,-0.11238472126979593,0.02761903037637918,-0.10917022837134949,1.0,-0.11355292979170994,"MSCI World, resident currency",-0.0868780254480519,0.059113331605083586,0.00787136225686802,-0.004720993678534513,0.059113331605083586,-0.1618856694005072,-0.11782670317443014,15,0.09441384736428016,0.0925237518251869,0.09422620885445232,0.06875376114405274,0.10246829499617993,-0.38361419432115207
USA,1982,0.11421685537039217,-0.08332559587879274,0.023331208076869357,0.03108483940075768,1.0,0.06609247045635724,"MSCI World, resident currency",0.28576978626897764,0.058771012127399436,0.13827235416599937,0.11362076923569941,0.058771012127399436,-0.017548278083617364,-0.08774891509828385,15,0.06038820992092031,0.18820474064897197,0.1946227935712721,0.08419578734237465,0.2167376699550616,0.10265185390970011
USA,1983,0.17980901428022378,0.17813216078946215,0.2555064185680981,0.17912580570514613,1.0,0.18785860375439878,"MSCI World, resident currency",-0.028789887512986834,0.045990463767699774,0.08719301947721148,0.06952713754543516,0.045990463767699774,-0.037344846303628554,-0.07293789745110901,15,0.042711864406779654,0.10797139994144067,0.10855543747328911,0.04999397713684739,0.11221214444719929,-0.196820367535394
USA,1984,0.004606997815150615,0.04447832496312709,0.1929775732350694,0.021521185055635605,1.0,-0.005267438048441875,"MSCI World, resident currency",0.10395979645026032,0.05955911713295392,0.09312494371382285,0.07774087927529627,0.05955911713295392,-0.03732494091975469,-0.06692404119829104,15,0.041612483745123274,0.06341574037474684,0.06371711712819739,0.06256920408590982,0.06643678355573668,-0.22820762186344035
USA,1985,0.26478400558467086,0.5421647284733964,0.2507975932379808,0.4056175288661248,1.0,0.36520279742416983,"MSCI World, resident currency",0.25039906126228395,0.04461131807400953,0.11479040967145893,0.15088189079949244,0.04461131807400953,0.3407481867572961,0.25340120333457916,15,0.03433208489388262,0.28075054016210776,0.27984364073760437,0.041566294338919674,0.27701717472173226,0.01719964197351964
USA,1986,0.21785596622903158,0.5430926238921945,0.29444038460771105,0.37380951855661193,1.0,0.3993470452866872,"MSCI World, resident currency",0.23799981666488002,0.046861667959362086,0.1080273551784332,0.13193091736828744,0.046861667959362086,0.31178328454851867,0.24184599699353201,15,0.017501508750754402,0.22556839118015048,0.22752402116129522,0.05503815580608573,0.23514066358491514,0.17090610714756105
USA,1987,-0.028551493887789547,0.43748122409165613,0.16173369133546017,0.22618089492505322,1.0,0.11928047193365643,"MSCI World, resident currency",-0.06336402338117775,0.033069748961187306,0.020964777853702765,0.03675095944748086,0.033069748961187306,0.23555023268770015,0.24915416984046967,15,0.03440094899169632,0.16353437450174502,0.16152512715417244,0.0219249880214456,0.15098216061489622,0.18879219531846791
USA,1988,0.14634880388911164,0.08654614606191524,0.13753513518571509,0.11251676297362034,1.0,0.19801080393544757,"MSCI World, resident currency",0.03719903819786641,0.039716436576632264,0.061527245329364266,0.055915873288497675,0.039716436576632264,0.0012629784831574842,-0.017959169944842066,15,0.03612385321100908,0.1201248168136535,0.11881282276424687,0.030389429819428715,0.1100764888582626,-0.19160535297676506
USA,1989,0.24627381029083506,0.08597197721488037,0.19742594017340725,0.14873456253001405,1.0,0.11170667270605761,"MSCI World, resident currency",0.1330585421348427,0.04515692234149915,-0.009666092995757158,-0.008396379332882953,0.04515692234149915,0.000899551398820142,0.05612167746883574,15,0.043718871057000674,0.05176326484486937,0.05158567370384892,0.04313487985098852,0.049728441206415175,-0.07519116035733364
USA,1990,-0.06820780546519722,-0.09436369581646198,-0.17144051648117076,-0.08446354153449442,1.0,-0.22544652219788808,"MSCI World, resident currency",0.004763061268242774,0.03065277642074893,0.00018090855906760517,0.0111112893436085,0.03065277642074893,0.14515239121634882,0.1804615626897642,15,0.049310710498409405,0.05075520562720737,0.04981993433531495,0.019629465469601426,0.0395168898431173,-0.09179237819928221
USA,1991,0.17610081525356946,-0.01727297724332222,-0.046508174276549234,0.06804079959339071,1.0,0.1666582581867766,"MSCI World, resident currency",0.12951360519399668,0.02119680694774395,0.09078157994974734,0.09607560099531032,0.02119680694774395,0.12097725429164474,0.04899324371371428,15,0.036382011116725455,0.011953444623074905,0.012403365319624937,0.0295655869605842,0.02024647462832796,-0.11559592453578293
USA,1992,0.12522103089474124,-0.17883653128579868,-0.11090890680798875,-0.027403182914213287,1.0,-0.07123093506692224,"MSCI World, resident currency",0.04696622159824715,0.01166079601682335,0.04483360760388311,0.0379097061311664,0.01166079601682335,-0.012344759970249197,-0.043209052126524275,15,0.024865919063871367,-0.020602330124620094,-0.020603915331456002,0.008383806062487231,-0.0237748127770252,-0.08816326063595137
USA,1993,0.071437537435036,0.25146614164719416,0.24460791645283203,0.15365219302508537,1.0,0.199880508944974,"MSCI World, resident currency",0.12600419486758319,0.006367050114751027,0.17342695764541927,0.16266746150533673,0.006367050114751027,0.1314762713068487,-0.028016744939556703,15,0.025214081826831602,0.176749995461027,0.17634477584559227,0.004321478172269577,0.1743580980178865,0.1400269917748591
USA,1994,-0.015388112139507193,0.06830891423525243,-0.025902931800863213,0.02501425388684697,1.0,0.020150786264184983,"MSCI World, resident currency",-0.09468934287063102,0.02489025113596144,-0.11554623678969034,-0.12560985753561638,0.02489025113596144,-0.010036920327453847,0.1476054933554386,15,0.02088167053364276,0.02478806629642305,0.024485080504646595,0.016542435122898214,0.016441082587344447,-0.050278780089130115
USA,1995,0.34796093846764276,0.029469218904809358,0.020015566087950555,0.1899572570246948,1.0,0.17464029690385807,"MSCI World, resident currency",0.26111851075041614,0.03425063189537414,0.1868408830001569,0.1994280185720978,0.03425063189537414,0.2557319874621309,0.09435858671665785,15,0.024090909090909163,0.2101965424817802,0.21002492975653775,0.033488873052366586,0.2093051938187167,-0.01908767013026269
USA,1996,0.20162607362220863,0.1249192550360041,0.18559618805039035,0.16754864907835154,1.0,0.09771851910355611,"MSCI World, resident currency",-0.03876378268834535,0.02656147831473521,0.12555436690890498,0.12008407536988552,0.02656147831473521,0.06896256979131277,-0.025415802003959216,15,0.026631158455392878,0.18582311064057522,0.18453972406647323,0.020154971252071885,0.17842269255177268,-0.08074223573323402
USA,1997,0.2878287326996982,0.03935856859991804,0.1593010882009582,0.18274711224487605,1.0,0.13830897353182614,"MSCI World, resident currency",0.11957597245718032,0.03381050273561659,0.126191441284226,0.10946351747849015,0.03381050273561659,-0.019109175020000202,-0.09957728855275022,15,0.02161694768698652,0.23163514805682928,0.2327219586006848,0.038183713171633826,0.2368451934844924,-0.23028865583134628
USA,1998,0.23666892804532047,0.1689560039936695,0.1143017448310659,0.20929501562802044,1.0,0.22380264241112702,"MSCI World, resident currency",0.10587973194605116,0.040575088476587196,0.15989727917713958,0.1639775971833486,0.040575088476587196,0.19249389713577392,0.07009836117629638,15,0.013542107490478239,0.2781656286244798,0.2775816488878353,0.0384762766424287,0.2755876030912152,-0.027858612265115323
USA,1999,0.18922188475983903,0.20000929002570622,0.28054022484784763,0.19353681919253773,1.0,0.21671701173529856,"MSCI World, resident currency",-0.11155004052784934,0.03133830815273431,-0.05302534941232817,-0.04659319540828777,0.03133830815273431,-0.15108249196780343,-0.07634263786588633,15,0.02129436325678502,0.03312516929720388,0.0328313234094586,0.025016298269186832,0.026792206117607353,-0.021704301353082323
USA,2000,-0.0879792220575295,-0.10954176065302101,-0.0045003292708349005,-0.09779071319638921,1.0,-0.1605738807879532,"MSCI World, resident currency",0.16387007992085656,0.02962027217334029,0.07789379997308843,0.06969505096063422,0.02962027217334029,-0.023329959218006846,-0.06725443485747246,15,0.033932951757972285,0.027238057378007774,0.02722284942469444,0.02935847551351123,0.02697686643262842,-0.08950294863945585
USA,2001,-0.15206605778639715,-0.23856492528057915,-0.17888578509907208,-0.19054350214576998,1.0,-0.18137473029433404,"MSCI World, resident currency",0.0063494811137447815,0.008164477093099975,0.017417793933922843,0.014919769823024787,0.008164477093099975,-0.03843510508407233,-0.046978283386377676,15,0.028469750889679846,0.10321293671644427,0.10562308143960641,0.024736810195639336,0.12134768822347164,-0.012398266238120348
USA,2002,-0.21301158305531098,-0.14398289026823885,-0.25254275962318096,-0.1837270163107264,1.0,-0.21826472419410903,"MSCI World, resident currency",0.1410541799283227,0.0014719585743561137,0.08249353248134628,0.1016106735470994,0.0014719585743561137,0.27293874449805977,0.17824269631614661,15,0.01576316801230293,0.059304319003336214,0.05880358798238294,-0.00596150761007852,0.05144158978069657,0.220404100927446
USA,2003,0.19402943801915185,0.3283842389029439,0.145070871242008,0.24884533207071757,1.0,0.30453193761812236,"MSCI World, resident currency",-0.002432601159641168,-0.010952995093932327,-0.0011351595830479955,0.005912856985925252,-0.010952995093932327,0.19325429891841894,0.18134681484655074,15,0.022710068130204375,0.1686901431595198,0.16947744098668927,-0.006956332666097742,0.17341272961069643,0.17026400810519982
USA,2004,0.09804543533840704,0.22202544166615534,0.16405472557153228,0.14677598284450788,1.0,0.11008737557264014,"MSCI World, resident currency",0.040924920917631225,-0.011084231718166415,0.05218878348710021,0.0590884429965195,-0.011084231718166415,0.1326856445839606,0.06434364150272287,15,0.02701702442635079,0.14176786455671708,0.14072084881222247,-0.017486342515833142,0.13437620936366912,0.00859022764395112
USA,2005,0.03585817901441657,0.04796415154656919,0.21422214470776413,0.04058933648017171,1.0,0.059514460744425346,"MSCI World, resident currency",0.04078206419685082,0.0012020759476669696,0.04717465612101068,0.03802852061637774,0.0012020759476669696,-0.08847862321327715,-0.12803300307946017,15,0.03387387387387375,0.05136382679714724,0.05120760774413258,-0.0006986459582450921,0.049367875825126584,0.13507999348894484
USA,2006,0.1061561522825516,0.2946242230265639,0.2180915878569858,0.19039834039491388,1.0,0.17110888153734494,"MSCI World, resident currency",-0.030869375714086655,0.018517597716183554,-0.018291323909171098,-0.018720910063937946,0.018517597716183554,0.05939616009122339,0.0994653071711037,15,0.0324154757755315,0.16326022296061216,0.1644908980398787,0.024767261591463807,0.17039803325401204,0.19683310740815418
USA,2007,0.03457492218155345,0.10931748404961672,0.043598803356005425,0.06791648315870935,1.0,0.047376710570449454,"MSCI World, resident currency",0.05614382460547063,0.02365332456869429,-0.00480868485915098,-0.004619785070514193,0.02365332456869429,0.07354621878418,0.10524324616641276,15,0.028359216745442284,0.2055601913363505,0.20296060151451067,0.011644528236934182,0.19141738883088721,0.262090868976532
USA,2008,-0.41020352469943877,-0.3956230101744582,-0.37844874347623464,-0.40375392905755025,1.0,-0.40702406086727005,"MSCI World, resident currency",0.20071420381614158,-0.008436957759935138,0.08970866874477856,0.07933312034893336,-0.008436957759935138,0.03092187958520709,-0.05966101584428216,15,0.03841103086014441,0.26182801438796655,0.27532302791454777,0.03138761247384991,0.31250735220235915,0.039236719474163406
USA,2009,0.29534534334682583,0.2535425243069389,0.16305265667048174,0.2767432621454844,1.0,0.2643126078682194,"MSCI World, resident currency",-0.14924743639655058,0.00906757834508709,0.009315075675050632,0.008329901512482918,0.00906757834508709,0.06656113990760115,0.06833954455241883,15,-0.0034777110338287676,-0.05326671809149297,-0.05079354118651147,-0.019834602641820354,-0.08038349128613309,0.21127123536576575
USA,2010,0.12010430515779835,0.06496573072979506,0.05649190680228573,0.09623179112860569,1.0,0.10180570120006571,"MSCI World, resident currency",0.08320463540848722,-0.013163628432197427,0.015448134773374367,0.016044396915857462,-0.013163628432197427,0.0033544221391352824,-0.02564192191056157,15,0.016497461928933976,-0.002853752403032872,-0.0028322841582753,-0.011732246102603261,-0.0014074158471926168,0.2689986029181377
USA,2011,-0.008524362875906855,-0.12174859182484932,-0.11082289035023322,-0.05553698320217282,1.0,-0.08351613708407268,"MSCI World, resident currency",0.2150861120079719,-0.027619122872171498,0.035963887263394057,0.03587088114001524,-0.027619122872171498,0.026885036633519377,-0.036633892487673035,15,0.031523096129837835,0.052708424822128785,0.05285156271397984,-0.025979726392153846,0.054483250434944175,0.05270047323190119
USA,2012,0.14483198106288908,0.09766712063305749,0.10279543395717669,0.1256247626640039,1.0,0.14877231915558475,"MSCI World, resident currency",0.010888617485761642,-0.017974333244686336,0.11332554657069505,0.11636000060270657,-0.017974333244686336,0.13292603187591334,-0.0011255748315110782,15,0.021180030257186067,-0.07064765603142387,-0.07082802976808278,-0.014131120381582707,-0.0670105831894312,0.059650678191806916
USA,2013,0.27672151601227535,0.2756152369890341,0.3244382362457101,0.27628098898244824,1.0,0.24486772044097793,"MSCI World, resident currency",-0.1450856838130603,-0.01254562078975141,-0.026458876787441965,-0.02596035071775704,-0.01254562078975141,-0.013199920917778107,7.519505792323115e-05,15,0.014814814814814836,0.04727490188847816,0.047242250370398864,-0.01307117198017016,0.04671751252146428,-0.28699655605254604
USA,2014,0.13888021709331655,-0.062139886187528415,0.05199751424067496,0.058178913140950694,1.0,0.03427167626882888,"MSCI World, resident currency",0.22318280624942877,-0.015767298321260448,0.16466198709125002,0.14567649382359016,-0.015767298321260448,0.04213188090273379,-0.11951726300748598,15,0.016934306569343027,0.15856398739457123,0.16034264251303765,-0.006284064445272408,0.16972693009503237,-0.009230564643794903
USA,2015,0.019273513583714763,0.017910920247956374,0.077169678876163,0.01873942412609031,1.0,-0.015110731216547046,"MSCI World, resident currency",-0.02054440582480177,-0.0004219260497774213,0.010724886316787252,0.009710909169238002,-0.0004219260497774213,-0.0692703746262433,-0.07954353468077888,15,0.0017226528854434875,0.07590425706108106,0.07554832139122714,-0.00531491867575451,0.07063764334350231,-0.13013312811198385
USA,2016,0.02329518408190423,0.002057293597210741,0.053432351530171986,0.014299338945674478,1.0,0.049049593151024196,"MSCI World, resident currency",-0.010484216433944926,-0.00878438030560258,0.034626834819943886,0.03292367902722093,-0.00878438030560258,-0.006604361753447252,-0.04824967542886681,15,0.012897678417884695,-0.07477041852039412,-0.07439568618665648,-0.014283553872012966,-0.07990350758420672,0.05507608456343349
USA,2017,0.16790912951293757,0.24798730751534648,0.15391495357044924,0.2007412003698248,1.0,0.20102862840847768,"MSCI World, resident currency",0.0035850013753302434,-0.011263157894736864,0.015277835041386023,0.018072012216371114,-0.011263157894736864,0.11111885567371371,0.08169560796230833,15,0.021505376344086002,0.02993194093521656,0.03000320778673471,-0.00991627081888169,0.03133494521419378,0.09871695646823575
USA,2018,0.11489757762495523,-0.16895548530633864,-0.1314968149587699,-0.035980235167875296,1.0,-0.10568220910516446,"MSCI World, resident currency",-0.04052685137803891,-0.005932125473228855,0.0075089670542729525,0.006482336403401234,-0.005932125473228855,-0.05254349954771165,-0.06499146466892033,14,0.02437673130193918,-0.07727046094406831,-0.07762722062338179,0.0017853235335945072,-0.07010684732448147,-0.03262839512344651
USA,2019,0.0623882794166466,0.19940189789423268,0.21165866323079133,0.13470503590553773,1.0,0.24936736750191835,"MSCI World, resident currency",0.09876037030264362,0.003420132802124831,0.08124536498004153,0.07878271966434669,0.003420132802124831,0.04812539698332752,-0.02715492697951405,14,0.018117901568415418,-0.014362313063664534,-0.014362548392459984,-5.033643403207222e-06,-0.01772677927515509,0.15284579163096157
USA,2020,0.1114791177744816,0.08656571164516302,0.019525471763780666,0.09840140775465844,1.0,0.13990487990932166,"MSCI World, resident currency",0.10486387243887241,-0.008576337880377816,0.028802625159839668,0.030997978066788834,-0.008576337880377816,0.10718300477629561,0.06745424652308797,15,0.012483399734395828,-0.1267064399476382,-0.1271172601112176,-0.00489791713896115,-0.12346631035684918,0.22498667478442758
USA,2021,0.22948679702645447,0.1323285589657348,0.12853316345007282,0.1791422639799649,1.0,0.13823314334142767,"MSCI World, resident currency",-0.07651749126931484,-0.04430839805996023,-0.07525701667178575,-0.07651607950985062,-0.04430839805996023,-0.044435152468491945,-0.01229093295939918,15,0.046821890000000005,0.03114359517861609,0.029970112831001705,-0.0646718177027612,0.009172480545000194,-0.1109212596116338
USA,2022,-0.24170914341930372,-0.17068061020084158,-0.041755850876539144,-0.20510801497911801,1.0,-0.23081348403126045,"MSCI World, resident currency",-0.21433958589324298,-0.05337623663450397,-0.18499542747748143,-0.17105420083364797,-0.05337623663450397,-0.27991228747127694,-0.1629938492240644,15,0.0799169,0.10522990675182964,0.1072635190087392,-0.04319532740699539,0.11711662013430746,-0.05985533283087896
USA,2023,0.21280858238276967,0.11277943421736403,0.10841413635092165,0.1611214559701748,1.0,0.1970131822384058,"MSCI World, resident currency",-0.004646530253984538,0.010076322212978273,0.0017857412867134936,0.0021906439528431854,0.010076322212978273,-0.0035294369992264762,0.0043473507944595145,15,0.0412827,-0.02589615522973221,-0.02575699654607977,0.017003513512843016,-0.019215666309970625,0.1046986961468841
USA,2024,0.2146450571741596,0.10406468690426296,0.1231103528160895,0.15790851650983884,1.0,0.15076346319534473,"MSCI World, resident currency",-0.03459896471869628,0.020861800536042585,0.005542934385153853,0.005391521316010284,0.020861800536042585,-0.01141612187056451,0.003742372390843007,15,0.02926926,0.027628694168187806,0.027676156027201193,0.02171369326854866,0.028486233764455138,0.21542811082988278
USA,2025,0.15116672457931468,0.23775621756552057,0.20349706434365697,0.1937784637048232,1.0,0.1792876874690803,"MSCI World, resident currency",0.05499533124003575,0.01566952343190242,0.006813170546490888,0.007277609898690196,0.01566952343190242,0.027579158938026538,0.0364870179292979,15,0.024004340000000002,0.10519462427330262,0.10512773774894901,0.015139307087717269,0.10461767257811427,0.6242708203460645
