country,year,domestic_equity_real,international_equity_real,international_equity_real_constant_real_fx,world_equity_real_resident_reconstructed,xrusd,bond_real,bill_real,inflation
Australia,1900,0.10265502167071583,0.07496100920256565,0.06332554800693524,0.07516653991223299,0.4155043641520236,0.0023820814131194634,0.0132239976780959,0.017544000000000004
Australia,1901,-0.0484065208713127,0.05185566182439816,0.06577258590743734,0.05039882687386088,0.4150841148947982,-0.015044884309933115,0.011362988010342745,0.017241101070192943
Australia,1902,0.08260303082381548,-0.012079303416854481,0.04839538777688622,-0.011529659255334779,0.4152713811266021,-0.058843707533817624,-0.03652076602521248,0.06779675495549209
Australia,1903,0.19995297183751926,-0.05329439946958836,-0.050391264437394015,-0.051979924341791994,0.4155164907043526,-0.03025054506847502,0.015185811434934804,0.015873142857142808
Australia,1904,0.12786884865219816,0.23868740453582804,0.1809943680017696,0.237968356165134,0.4146392388698032,0.06370444699169275,0.08327868061437038,-0.04687499414062568
Australia,1905,0.1459999978542328,0.14168168866766573,0.13952713503901715,0.14170680608774644,0.41488145716796226,0.08857621252536774,0.032499998807907104,0.0
Australia,1906,0.08422608666871634,0.09417385474416506,0.08598393881762409,0.09402753839625921,0.4149464723511342,0.062132467258337654,0.015847037323526214,0.016393178177943835
Australia,1907,0.08799999952316284,-0.1309613074875594,-0.14672667602440503,-0.12935237170685998,0.41196953439646916,-0.03257241100072861,0.03189999982714653,0.0
Australia,1908,0.13634345451851315,0.1510536362079773,0.18501898679353504,0.15095021823562593,0.41480299208149884,0.0188406263206522,-0.0003471291115606512,0.03225832674300988
Australia,1909,0.11753874405588838,0.13059760629205086,0.15693392553565094,0.13051034745760393,0.41355515351010147,0.009632251022789973,0.015434098892946224,0.0156247480469065
Australia,1910,0.05083320564364313,-0.02442450828052034,-0.03744442180162651,-0.02390467771029603,0.41395996734233387,0.0183307076667385,0.015674118251743696,0.01538474035504489
Australia,1911,0.02904237018985545,-0.02209867919462416,0.04050982377695184,-0.02172300175715125,0.4146558862439013,-0.04604512733249977,-0.040211160568555226,0.07575745454545468
Australia,1912,0.0013766172776294994,-0.01857121440995879,0.039777200801066094,-0.01843633821197188,0.41416473580788926,-0.07350854225540726,-0.046755853943254655,0.08450705177544249
Australia,1913,0.10332871061847593,-0.028444809202811228,-0.045704129575603346,-0.02750777264894877,0.41384943971647487,0.060484583726309715,0.046591886177582253,-0.012986806544083906
Australia,1914,0.058300210208592995,-0.09902564098508349,-0.052724381234790896,-0.09789671107751463,0.40966984169970594,-0.01705891076490562,-0.018649798734853174,0.052631362880909194
Australia,1915,-0.13258427856848498,0.05668426946898819,0.0751426329903445,0.055258408395321146,0.4272693557290839,-0.0873712661428625,-0.06990555500981332,0.1125000112500012
Australia,1916,-0.05523093901760101,0.06893314082126878,-0.020689518307106396,0.0679505417961539,0.42591712884425026,0.01585670290023633,0.012495546775830091,0.022472091907603797
Australia,1917,0.08355670804151316,-0.13763419573105995,-0.24991338885208272,-0.13606256840546838,0.42450906625965557,-0.013065133906578708,-0.027328650064889937,0.06593406013766523
Australia,1918,0.0026443933676703058,0.07874469632934855,-0.055007823417869854,0.07795160664833611,0.424438120878588,-0.055340481476852554,-0.0324977072769943,0.07216477755342021
Australia,1919,0.05511103567076314,0.013355338918522808,0.051417724515828225,0.013846649007787537,0.4573750556384178,-0.07526487602654652,-0.07793617718596046,0.1250000865384684
Australia,1920,0.06283200445841186,-0.11675457185571414,-0.28071041539491537,-0.11468348668232575,0.5594117322889597,0.0053842415374560915,0.021926549946390095,0.01709394871794867
Australia,1921,0.32112028260636327,0.14670853661217143,0.22698017440854804,0.148713406958485,0.5297549951485833,0.2067529704720592,0.14685880919844907,-0.09243691377727148
Australia,1922,0.23588669869252832,0.11229789259496203,0.41434923059153805,0.11341230147004677,0.45266236183674174,0.08482792714680154,0.060485257666109904,-0.018518444444444393
Australia,1923,0.16200000047683716,0.9963183972223462,0.23869349795899683,0.9894679697496305,0.435687530180402,0.04092918708920479,0.041468750685453415,0.0
Australia,1924,0.12637399556754625,0.1617486245220634,0.17051646900978634,0.16141623034411312,0.44232046227806776,0.026438101057716823,0.031735552881238416,0.0094338106087688
Australia,1925,0.166101765729616,0.12456094070369894,0.16222952424896492,0.12493071748954532,0.41447141948415456,0.07983031066651147,0.03244171512786043,0.009345869857635192
Australia,1926,0.14100000262260437,0.14842119343035143,0.16141990515405685,0.14835312258946942,0.41257451845657517,0.041868820786476135,0.04209078103303909,0.0
Australia,1927,0.10356371463310432,0.25095130594297466,0.2603055166080216,0.24953942949305108,0.41433834413409815,0.03887701410364697,0.023143750333802116,0.018518444444444393
Australia,1928,0.16639631263078547,0.30438729387880525,0.3262287186196468,0.3034687369282989,0.4151414263418,0.03544721987935029,0.0327025006928654,0.009090982479344145
Australia,1929,-0.05300000309944153,-0.021705562740813034,-0.07361659192902245,-0.021905165639723334,0.4365832221661474,-0.01681390590965748,0.04343852028250694,0.0
Australia,1930,-0.23388235709246474,0.0539013041323817,-0.18408603800885914,0.052312430460718096,0.5307128194828947,0.0399930928559864,0.13550662501331634,-0.08108108108108103
Australia,1931,0.22504091744654553,-0.30656006695804294,-0.2940522312160833,-0.303990159937249,0.5523449889357013,0.08032224730167936,0.08538051690210313,-0.039215764705882394
Australia,1932,0.3011061618079296,0.2768613298089364,0.10338667320192818,0.2770697619146414,0.7169864074720653,0.39123363835069336,0.07681546905168579,-0.04081616659723808
Australia,1933,0.25600001215934753,0.23738124601356025,0.38957950060680324,0.23756825192534015,0.5933163830278935,0.05805879086256027,0.02768038958311081,0.0
Australia,1934,0.23200000822544098,-0.044671780943344896,0.015318390040380506,-0.041742137077108055,0.5002905825283235,0.0723716989159584,0.02591796964406967,0.0
Australia,1935,0.08941071425108538,0.28054142944510874,0.27084976566926383,0.2782211834920596,0.5122578566716348,0.011203915358723116,0.012554486724123404,0.010638126754201949
Australia,1936,0.16132652657845203,0.21929506283442413,0.26225919903708345,0.21871622282273173,0.504946822636257,0.005207929753814344,-0.008000144175148938,0.031578950027700836
Australia,1937,0.0035198380028567122,-0.23980685267011004,-0.236190644270948,-0.23746798973013516,0.5077324401141773,-0.03195155077288514,0.002859484210589347,0.020408328196598324
Australia,1938,-0.02450972577278543,0.028764877572393877,0.05332703958708275,0.028076753380476216,0.5134151834605164,-0.03615399898412497,0.003261030946592358,0.019999918400006367
Australia,1939,0.022914288725171872,0.0732566678154758,0.023372176023505283,0.07265857230685802,0.5659629860207143,-0.00900853840368121,-0.005106037429400745,0.02941176470588225
Australia,1940,-0.020945945804988986,0.0364287556953693,-0.08689910644414182,0.035643713663037646,0.655393891728929,0.05893596402696666,-0.03198875839243065,0.05714285714285716
Australia,1941,-0.10346153817879844,-0.039608629202185885,-0.052257530050222906,-0.04047150563819424,0.6225099601593626,-0.054445787315041905,-0.0299389325082301,0.054054054054053946
Australia,1942,0.11716121858510253,0.051723658978600096,0.039447027920117166,0.052492922030344946,0.6220839813374806,0.004607249310371042,-0.03610523378381114,0.0598291282051282
Australia,1943,0.08028813298078719,0.17082205000085815,0.10925695000139787,0.16985175321979518,0.6198090987975704,0.0458638672251559,0.01339136999943391,0.008064386576491112
Australia,1944,0.0714285010831952,0.1283109342780011,0.10132631924670815,0.1277667448954185,0.6195786864931846,0.04105294789913505,0.01345603609157675,0.00800006451200419
Australia,1948,-0.16218186153415237,-0.06299965822400078,-0.10050340326006917,-0.06287338967815592,0.6203473045260441,-0.13443175898728543,-0.16340913363684517,0.2222222857142857
Australia,1949,-0.0046494213897029235,0.37165294299081664,0.0784102998260767,0.36507762943476885,0.892856999892857,-0.11624996000965249,-0.06090836759956331,0.08604950202340245
Australia,1950,0.20340286228283544,0.12381419667671656,0.18830430519943606,0.12521743418455333,0.892856999892857,-0.0385462342892251,-0.066309582354098,0.09190367720896142
Australia,1951,-0.2039364237837803,0.02662126186766689,0.13915156698876568,0.02240575353079488,0.899280575941751,-0.2341971316616951,-0.14877939865495515,0.19839674670842622
Australia,1952,-0.26039111265798587,-0.02003380258291476,0.09026236786078315,-0.02308429474624052,0.8920606609217285,-0.13444784883090877,-0.12569186829933332,0.1722411852087098
Australia,1953,0.08362533699720509,0.04028392759879207,0.06469423308353277,0.04078019484534856,0.8920606609217285,0.04283766819873169,-0.011599434018309873,0.04279584156174354
Australia,1954,0.17794349337243265,0.4836147441208303,0.4670136212712037,0.4800362094694055,0.899280575941751,0.071653680046879,0.026380101612930362,0.006839471573670597
Australia,1955,0.08096897158392058,0.23291777703215444,0.25400295075385515,0.2316247790643282,0.8940545381262892,-0.11587972599130703,0.01716926234084637,0.020380814911835188
Australia,1956,0.013567299453258297,-0.008083382422197527,0.025793445006086026,-0.00788017068295388,0.899280575941751,-0.06538206549161318,-0.014571662253260675,0.06258360955777298
Australia,1957,0.13881586788564593,-0.09251824228483974,-0.0900714202375437,-0.09024243331564075,0.8924587245813981,0.01565552400128878,0.020445364852139436,0.02474863893168977
Australia,1958,0.17357216293687627,0.3167571423821287,0.2949629414187798,0.31522366931350176,0.8940545381262892,0.07882635238134017,0.02936788309027727,0.013146045159908804
Australia,1959,0.4169188854394521,0.22160552463860594,0.23086206728309738,0.22377619513537983,0.8948545865299573,0.05349945034250747,0.021104616787068986,0.0184069134958178
Australia,1960,-0.09627463741899689,0.009209689356246775,0.02852119127149881,0.007683938921017042,0.8936550499500042,-0.04970342575554487,0.005755763966494021,0.037925945039750664
Australia,1961,0.08865157042907357,0.1715438201692756,0.1758253320099053,0.1704044919135359,0.8924587245813981,0.01566754040962781,0.024171396549841795,0.025121383578097456
Australia,1962,0.04490959910166703,-0.08168173704617021,-0.1044262167473459,-0.08016533998257591,0.8940545381262892,0.14422000710753524,0.04581211252631068,-0.002784546787983011
Australia,1963,0.25931861396174316,0.16299181898125537,0.1366878240637917,0.16454336055111152,0.8960573484724516,0.04420640025298117,0.03272083755138966,0.005305558566979229
Australia,1964,0.01991876510268642,0.061556807850678075,0.0619891171664364,0.06082684921675696,0.8976660690269841,-0.0135402405005427,0.017183351796901114,0.023610934010485085
Australia,1965,-0.11698509030273974,0.0481190339181603,0.06685254822238548,0.045471115061646916,0.8940545381262892,0.01271198411754848,0.008541534695907682,0.039620050696922426
Australia,1966,0.03616640342715982,-0.08547740877525045,-0.09330869837742978,-0.08360745066060138,0.8976660682226211,0.0012334047139914706,0.018880775159751062,0.029757380802723388
Australia,1967,0.3808958331260732,0.14061253245850902,0.17856617744545755,0.14429550274820424,0.8920606609206608,0.00998505653660775,0.013141459775404485,0.031938816626749134
Australia,1968,0.3131624807906397,0.18407149749316942,0.15635832368940009,0.18666160841122137,0.9009009009009008,-0.004594879586564016,0.02101305951003929,0.026529473469882214
Australia,1969,0.06976934208877572,-0.08556711638066195,-0.09813257559293127,-0.08206985809643452,0.8944543836265245,0.07890371312722011,0.018175557338513615,0.029193827303855002
Australia,1970,-0.1694416423130497,-0.034026408845458156,-0.05443885622774817,-0.03760303205677218,0.8968609873514449,-0.04255707447405499,0.014201892229549262,0.03906004616824865
Australia,1971,-0.11468578320565881,0.06395981749976931,0.1011552294080928,0.05946832184965967,0.8396305632574564,0.052353201839013375,-0.006150722543640241,0.060640370957328216
Australia,1972,0.28843361374766174,0.09657249837842308,0.19427601035225284,0.10037945317382824,0.7843137261053441,0.02809007960839116,-0.014601768260481762,0.058649827090341944
Australia,1973,-0.3221632958892997,-0.2603340118137958,-0.15073213408682862,-0.26150874671650837,0.6720430112043301,-0.20035206673069805,-0.03885589098781983,0.0946589482246154
Australia,1974,-0.3588749445204459,-0.26344411036131465,-0.3381233765262629,-0.2652022043347382,0.7535795032054102,-0.12581563121048023,-0.05248001630843602,0.15110148819813607
Australia,1975,0.34350699497956594,0.2039401533274674,0.21222017960108658,0.20616023748228574,0.7954816647804325,-0.07610447215033311,-0.0657151597627269,0.1507197279893664
Australia,1976,-0.08741702619576186,0.15646148998697962,0.06452136779506773,0.15217001549913367,0.9204712812960235,-0.05357695255347683,-0.052960266367267916,0.13523923652833325
Australia,1977,0.008012077674158569,-0.09715335125964064,-0.06665911449430267,-0.09560281092676037,0.8761170500053592,0.034050732665451555,-0.033617397841090635,0.12300241669392475
Australia,1978,0.15173999283497963,0.07298981925192094,0.02777228402071703,0.07421442665098987,0.8691873106207626,0.056177251281561036,0.006699218860829026,0.0792366276649652
Australia,1979,0.27417725373276514,0.06592653316225361,0.0517717155249692,0.06942818097746306,0.9045680695654166,-0.07634017811142013,-0.0019555881236529293,0.09090001538075776
Australia,1980,0.3829541430804504,0.07826344991612699,0.11732052093030862,0.0851927767619598,0.846955196787461,-0.13055321986143253,0.0049118667051923914,0.1012657285330909
Australia,1981,-0.18681216994349104,-0.06660599402718781,-0.05406628529665661,-0.06958336027057921,0.8866034230752756,-0.09142966917384432,0.032446188770159035,0.09691754380607986
Australia,1982,-0.23793590440509993,0.13985877843312,0.08299412040330958,0.13098122593712547,1.0197838068731224,0.07368455994317435,0.03146319146623888,0.11145507019303702
Australia,1983,0.48664707512684413,0.2092966906343221,0.20601998707516406,0.21396916080561357,1.1086474501108647,0.05100302592911343,0.008602690068387764,0.10113560353860218
Australia,1984,-0.03319077007067894,0.11848640460648263,0.08717332072825544,0.11574688720331938,1.2080212611741967,0.09540132802740797,0.06767484669177559,0.03950186735568528
Australia,1985,0.3312841566252489,0.662102972930471,0.2566944359217577,0.6564051020260369,1.4686444411807902,-0.010366210280061683,0.08132878611839556,0.06739043422146018
Australia,1986,0.3851642037484011,0.30972777880503743,0.25094420849301996,0.31109260487144663,1.5042117930204575,0.11963259737641674,0.05777288020452831,0.09084538389003094
Australia,1987,-0.1667338410060818,0.08187476314129838,0.08161413155061038,0.07499732357897027,1.3840830449826989,0.0693231024694565,0.03972382640046224,0.08488745091606797
Australia,1988,0.1293294906884077,-0.09934006594267286,0.1415629267915531,-0.09225575337552505,1.168907071887785,0.0433881257058768,0.045787696928881294,0.07231770741505783
Australia,1989,0.0961382723715336,0.20662376850367892,0.22057891694783893,0.2046037972588084,1.2615112905260504,0.05497963366487557,0.08591137426817896,0.0755942201288442
Australia,1990,-0.21042032953293321,-0.07943477589778969,-0.13062546302280081,-0.08143879062024306,1.29315918789603,0.10062794326838254,0.06412250859766888,0.07272265806943823
Australia,1991,0.23519342737640514,0.0894398944046444,0.04901675959021991,0.0915884597938641,1.3161358252171624,0.2580592255709835,0.06522918996725569,0.032227000000000006
Australia,1992,-0.0315482230276829,0.09104155711761108,0.007159863046000636,0.08897408920054795,1.4522218995062446,0.12103804626918602,0.052275340627038425,0.009859265452269561
Australia,1993,0.3795486053974242,0.17741497144592167,0.1459078558023586,0.18103524916878744,1.476886722788362,0.2305472042743566,0.031317675680807344,0.01813116603543352
Australia,1994,-0.10506036315003286,-0.10532892721316678,-0.0186749007257044,-0.1053227439846135,1.2873326799004294,-0.14073391566101467,0.03728579461505932,0.018949330257871377
Australia,1995,0.15371860732582254,0.2163985451904198,0.18667489698593936,0.21503282181509253,1.342281879194631,0.1796716148323838,0.028723982293977324,0.046381823814169554
Australia,1996,0.11431456088493785,0.09189127551975651,0.19572560881217158,0.09235352700526112,1.2554926390529346,0.12106247668092873,0.04291922292782702,0.026123811720498713
Australia,1997,0.11169367193373847,0.47905739770114675,0.2360026258775565,0.47140823460140213,1.5320974179240476,0.17149304314579128,0.05054164021338581,0.0022471910112360494
Australia,1998,0.07554603728288733,0.29234576347626895,0.18611268393934732,0.2880826925238753,1.628929766591794,0.1260205623440147,0.039434292490679645,0.008594917787742684
Australia,1999,0.17639088448290852,0.12202866145435731,0.21869897173943967,0.12309794166332289,1.5295197308045272,-0.08187711062464442,0.03304003140010181,0.014079288625416853
Australia,2000,0.005409901383801596,0.05620091570895869,-0.050078062082406366,0.05522519832471784,1.8050541516245486,0.12285555737570641,0.01453844905446866,0.04457435147972233
Australia,2001,0.05485725959191967,-0.13654697536458826,-0.16653437688620337,-0.13282212505343105,1.9584802193497843,-0.025230958129293324,0.0037646341713228892,0.044071353620146914
Australia,2002,-0.10815273934759706,-0.2780092726796545,-0.23195432211838757,-0.274048022892734,1.7661603673613564,0.09436796646279366,0.014578144558946349,0.03048576214405374
Australia,2003,0.12784259183497393,-0.06629795160846763,0.1767117537899916,-0.06110458088816251,1.3333333333333333,-0.004371905324485392,0.02023100040004233,0.02730819245773719
Australia,2004,0.24649080584354444,0.10543818551338657,0.1218463850742311,0.1089474383160296,1.2836970474967908,0.057594870905413265,0.028416819672342886,0.023417721518987245
Australia,2005,0.17951218762311583,0.11084014523276187,0.10311407611842065,0.11274266451311865,1.362954886193267,0.03602658770080769,0.02725769574248993,0.026592455163883866
Australia,2006,0.20676440163501963,0.0975107791244596,0.15506831170080582,0.10042043572861559,1.2637432073802604,-0.02539672689764849,0.02173531043314525,0.03554216867469884
Australia,2007,0.1523833129259633,-0.043476338319496044,0.03433059082174098,-0.037828902387678665,1.134301270417423,0.004141600140372903,0.03938708795458479,0.023560209424083656
Australia,2008,-0.42868751659989357,-0.23939183681400422,-0.39492054105726665,-0.24505441082444124,1.443418013856813,0.2224078600605328,0.022270135891934162,0.04347826086956519
Australia,2009,0.3715030466262943,-0.04582137635295114,0.2334510210907892,-0.03231402533602856,1.11495149960977,-0.09166289426950591,0.014817921377485055,0.017701525054466316
Australia,2010,0.004306600610342937,-0.04569924853996754,0.09544422960217866,-0.04391617584099605,0.983961428711995,0.043916401432964935,0.014415083335795886,0.028632592989028538
Australia,2011,-0.14306604861463013,-0.0528761826385904,-0.046887068740210036,-0.055814759139395265,0.984639621898385,0.15750374685688806,0.012934233109086257,0.03355879292403752
Australia,2012,0.16869944618775135,0.10169489578129154,0.12666180035286356,0.10363492419426801,0.961076405574243,0.06117320779784796,0.019769447108749283,0.01686383085829335
Australia,2013,0.16765477360734615,0.49154218225046087,0.29914122446097147,0.4824311564766537,1.12803158488438,-0.07205687193334964,0.0025591783513481126,0.024752475247524774
Australia,2014,0.03046236722614859,0.1372642189929385,0.1057040762089675,0.1345727033749291,1.21921482565228,0.15566206510803648,0.00011784151361537987,0.024879227053140163
Australia,2015,0.010599755427700197,0.13135767048874802,0.042294558382060886,0.12842844440004209,1.36873802354229,0.007413149324253965,0.006152331431972025,0.014847984916332768
Australia,2016,0.105183627973235,0.022511086485264897,0.0343011931203134,0.024616967813435142,1.38197899391929,0.0014016484387682215,0.007004655354276634,0.012772875058058464
Australia,2017,0.10123093459728394,0.1159105894806447,0.16410915771615547,0.11552624925181454,1.28205128205128,0.01585823002190967,-0.0024996852517983337,0.019949552854849673
Australia,2018,-0.05556030175104276,0.07441693285782525,-0.014856213137923307,0.0706885180533714,1.4168319637291,0.010923315472260109,0.00014565152183521057,0.019334532374100544
Australia,2019,0.21901095169116047,0.14343543929556768,0.13844672803617422,0.14561908649069322,1.42734798743934,0.08370897163203161,-0.002183272964169536,0.01565946184384659
Australia,2020,0.039941022930297,0.00036665700249183253,0.06297323368290107,0.0015128810145146332,1.29836406128278,0.0009120041211834184,-0.00628044877313827,0.008903365906623328
Australia,2021,0.06443207337374468,0.10294808176955073,0.18050624572274282,0.10178931579464146,1.1915045254910985,-0.07235739489169457,-0.027147507727853126,0.0281963
Australia,2022,0.05243415424705522,-0.1327927087462618,-0.14353356048673266,-0.12729861927092967,1.2902006398127905,-0.13684785222711338,-0.04669475776539189,0.0661503
Australia,2023,0.013742567416848095,0.20086847341290714,0.1636948877527573,0.19527028222615606,1.347286465182621,-0.039589383956222024,-0.01567677459288974,0.056351860000000004
Australia,2024,0.11626913711249154,0.16445483058179455,0.17021728661354318,0.16301318390823316,1.3550269160802253,-0.007468989799481296,0.011738453460389708,0.03173898
Australia,2025,0.049992297663302265,0.22407160981259455,0.17916584982172254,0.2187101549557584,1.387434688836703,0.007820991380936393,0.017161451190171206,0.022576109999999996
Belgium,1871,0.08053391455735981,0.3648132055609803,0.3466357145142748,0.34621595882173706,4.613972775695403,0.07842122828497478,0.013201256942691142,0.01980198019801982
Belgium,1872,0.2115363041374172,0.060652072571757865,0.05538144910643453,0.06601731848346692,4.669705653604547,0.019609113789607502,-0.007951322664445759,0.03883495145631066
Belgium,1873,0.09842483258765666,-0.09826572035973768,-0.04203352239464094,-0.09177886879027886,4.573538023952095,-0.15267343747874962,-0.03843330753886187,0.07476635514018692
Belgium,1874,0.06678083750673336,0.08363171357957122,0.05745613574573798,0.08308562683475484,4.649791374824896,0.047195368562825024,0.0805596331642433,-0.0434782608695653
Belgium,1875,-0.04527456622641046,0.08698615512137486,0.10136195649997005,0.08274437255935307,4.503980103979203,0.08755561329846095,0.07264529175634649,-0.036363636363636265
Belgium,1876,-0.15326254868081635,-0.026524506316840002,0.013637947705101745,-0.030472869363934785,4.647440688137627,-0.005596870024289435,-0.02163836898814353,0.05660377358490565
Belgium,1877,0.0018992917612195015,0.06697544103443631,0.07380483339763293,0.06509853464973037,4.957429200440308,0.0697764977812767,0.033955398947000504,0.0
Belgium,1878,0.0398621709547311,0.13394574756473143,0.10811577311080345,0.13096767996212266,5.146446999999999,0.0921695154403972,0.08231013567648215,-0.044642857142857206
Belgium,1879,0.3594586376387341,0.31538086599644544,0.29671796510718956,0.3167842753000618,5.200773922607739,0.14524186818072438,0.0638487448271079,-0.028037383177570208
Belgium,1880,0.115012779982403,0.2497250400901332,0.15911483221398623,0.24673333325343183,5.2164447555244475,0.11816884110672299,0.08624494557428841,-0.04807692307692302
Belgium,1881,0.0033816054929047823,0.1593925359621935,0.16708253305782966,0.15451013957924165,5.23,0.053281500935554504,0.03408151865005493,0.0
Belgium,1882,-0.057116803542083594,0.0030740978617211923,-0.018797366650938254,0.0012373891834862594,5.26,0.023453847087007373,0.04414840525358321,-0.010101010101010166
Belgium,1883,-0.04248866815157626,-0.01685786541668366,0.024182680850842565,-0.017637730503541893,5.16,0.014119983170971517,0.023017863206791,0.010204081632653184
Belgium,1884,0.03939482079737844,0.11996481987806407,0.05951081851142974,0.11775389744407616,5.14,0.1423725497139534,0.11327784719026579,-0.0707070707070705
Belgium,1885,0.002594250892655303,0.146100271205595,0.12388338557440659,0.14176945193392032,5.17,0.14753723981675138,0.06947078865565604,-0.03260869565217395
Belgium,1886,0.08929712900312659,0.16654734112889757,0.09546038042214618,0.1642035277706595,5.14,0.19058204796619527,0.12302365240345647,-0.0786516853932584
Belgium,1887,0.001869992620643579,-0.036075112088117534,0.009800600455536554,-0.03499435077130508,5.21,-0.05714139342174218,-0.025407540044565136,0.06097560975609739
Belgium,1888,0.18281160154763398,0.10794762314786777,0.0785251308509787,0.11008371076037449,5.2,0.06562327466466855,0.0581724652472666,-0.02298850574712652
Belgium,1889,0.2673256708972753,0.06273060938543051,0.08053244300586074,0.06909142403275736,5.18,0.014259257621463517,0.009428384660304046,0.02352941176470602
Belgium,1890,-0.018470527728398745,-0.04947561874113182,-0.03148581032343979,-0.04859081099065066,5.23,0.05925083110729856,-0.0016459036618471368,0.034482758620689724
Belgium,1891,-0.01920868083834648,0.05332639641845538,0.04802789974753674,0.05125337759021642,5.24,0.05984026566147804,0.032783009111881256,0.0
Belgium,1892,0.06409069664519418,0.09870057592268977,0.07107459059990201,0.09772579005288096,5.3,0.041960652339561255,0.06842115007597838,-0.03333333333333344
Belgium,1893,0.04438768313931574,0.044224192818065555,-0.005473268900233412,0.04422874454521297,5.56,0.108235468289682,0.0696444302531225,-0.034482758620689724
Belgium,1894,0.15673950605276166,0.12189484842121545,0.09477637508554895,0.12288283470893013,5.66,0.08895092548393624,0.057622538834083414,-0.023809523809523836
Belgium,1895,0.059857149980962365,0.07093057944687398,0.10895094512563169,0.0706186603823733,5.39,0.02581954862980651,0.05738605400547381,-0.024390243902439046
Belgium,1896,0.14996838105189347,0.16126621604274693,0.08226431353502241,0.16095589785476938,5.51,0.0659045697032632,0.07194259569242423,-0.03750000000000009
Belgium,1897,0.11586619703433443,0.04252329681482392,0.0761978660847294,0.044548544916696686,5.39,0.03286459860511304,0.018609050088203682,0.012987012987013102
Belgium,1898,0.1487068384885788,0.14026496186970272,0.10457653558027269,0.14049384478433735,5.56,0.0032150717452168465,0.030935190618038177,0.0
Belgium,1899,0.02635320191141921,0.04701283969518033,0.059476279755664455,0.04622779742135208,5.52,-0.037921095290515905,0.017865986952298796,0.012820512820512775
Belgium,1900,-0.195712344030316,-0.03248550296417252,0.0721097834581602,-0.03766125098029416,5.47,-0.1097043020169387,-0.08469711549663816,0.12658227848101267
Belgium,1901,-0.12599306127854737,0.026842340901265915,0.06884043122632356,0.02313436877599906,5.35,0.04576674030049843,0.008679347133243587,0.022471910112359383
Belgium,1902,0.040712601264541126,0.04660317859536045,0.04879478165089511,0.04645681848372485,5.19,0.08522724682527993,0.05454755001021239,-0.02197802197802201
Belgium,1903,0.11917615681886673,-0.052679490974887555,-0.053155431864545515,-0.04862713975341948,5.13,0.012097341008484364,0.03101206012070179,0.0
Belgium,1904,0.29724423396281696,0.3506594949906512,0.1773481864476813,0.3491886443363006,5.13,0.1585559420024929,0.17689512713024236,-0.1235955056179775
Belgium,1905,0.1348792430013419,0.10742182573221704,0.13969728951825136,0.10817695503600899,5.11,-0.002987064654007443,0.005677097849547952,0.02564102564102555
Belgium,1906,0.014008278196508073,0.020767358522425505,0.08771924417315945,0.020605865233531473,5.16,-0.06109301881356677,-0.06253690916028898,0.10000000000000009
Belgium,1907,-0.0915692143970065,-0.1426265019575259,-0.14688678132792687,-0.1408867807226205,5.17,-0.020358511567529658,0.00840972761313119,0.022727272727272707
Belgium,1908,0.012359471111507148,0.158926032043051,0.19136190910009124,0.15345227202059486,5.11,0.009344802657654139,0.0200196979465066,0.011111111111111072
Belgium,1909,0.18563170747624502,0.1684006343797031,0.15564109706844637,0.16899218497111557,5.13,0.02299588588583812,0.042414545288516514,-0.010989010989011061
Belgium,1910,0.06445953816823313,-0.02713501316490541,-0.040627449578958384,-0.023829189811533813,5.17,-0.0185365034014231,0.008507982098861833,0.022222222222222365
Belgium,1911,-0.06093001334775927,-0.009782568972132366,0.04457371041782642,-0.011793550297010125,5.18,-0.06868202186056549,-0.03217880351811042,0.0652173913043479
Belgium,1912,0.005672202507654767,0.0002626649684622784,0.040963974920400714,0.0004843724611378608,5.21,-0.12631294727325437,-0.037676783154408144,0.0714285714285714
Belgium,1913,0.008538093976676597,0.016732386038675662,-0.047123687789747765,0.016367390278032135,5.25,0.03636963670142013,0.0826959493570032,-0.04761904761904778
Belgium,1920,-0.798829837159796,-0.04585511679214793,-0.27785609348725426,-0.051080248202185596,13.5501,-0.7909748586979541,-0.7739653473535737,3.55
Belgium,1921,0.14821084489098268,0.24770313251906484,0.23089430886302215,0.24429542382172809,13.4302,0.21074015013220038,0.17289966070338325,-0.1230769230769232
Belgium,1922,0.3696728220893615,0.3244641391210985,0.41410268979789977,0.32585069374965037,13.0159,0.1865174408213064,0.10036137667621903,-0.06516290726817042
Belgium,1923,0.3186110351408753,1.6956333969731703,0.23541547749310487,1.6517996246411784,19.1608,-0.2530734875700742,-0.1019965919413578,0.14745308310991967
Belgium,1924,-0.17206695686259899,0.1231555926414254,0.1876894333540177,0.10872277373542438,21.5341,-0.09048910108868946,-0.11731098633921311,0.17056074766355134
Belgium,1925,0.03570277898295515,0.1477076380367197,0.16679362887598403,0.14383748832205678,21.0172,-0.0792753538656189,0.002319082991727006,0.03393213572854292
Belgium,1926,0.3720301057914317,0.41037309514982145,0.15341476578828261,0.40900192295624227,30.6251,0.1061745232941651,-0.13134488614101225,0.1930501930501929
Belgium,1927,0.28675006136639425,0.16377722114111126,0.25756228993786284,0.16900888694644456,35.930499999999995,-0.11253889382795534,-0.18498252846926233,0.27184466019417486
Belgium,1928,0.2072002963321964,0.2597228020812852,0.33106404445484877,0.25722130648331776,35.8985,0.12086305469274516,-0.0063060656916805735,0.04325699745547085
Belgium,1929,-0.3461149372373309,-0.11804586025462793,-0.06179968472351659,-0.12741954194554916,35.939,0.019953244583947205,-0.0254735484293529,0.06707317073170738
Belgium,1930,-0.2878472036095997,-0.203531766884257,-0.1813805307149825,-0.20589209971759836,35.836,0.27737518203885925,0.03598398218268106,-0.0011428571428571122
Belgium,1931,-0.2484569946924846,-0.29644246752114856,-0.29280774654089536,-0.2950738433447274,35.8975,0.005405973465669733,0.12042857147753239,-0.08695652173913038
Belgium,1932,0.13790089633936686,0.04394703689438728,0.1039796799613573,0.04701256454295866,35.936,0.1125652562749262,0.1354874992898356,-0.09774436090225569
Belgium,1933,-0.07760761646514247,0.19688982980640768,0.4052399023814135,0.18722420280360486,27.933500000000002,0.07687277743156917,0.04680851101875305,-0.02083333333333326
Belgium,1934,-0.14076467254408853,-0.07356221587945966,0.021830402405452663,-0.07530539836588968,21.4715,0.22173557511052566,0.08322297248083199,-0.05531914893617018
Belgium,1935,0.5520161075446441,0.6230065518268653,0.26211090813954563,0.6214059861746721,27.1385,0.14387554656003276,0.036824732888063316,-0.016516516516516533
Belgium,1936,0.21124340822226806,0.3315453727150761,0.26267843183482237,0.32820754115262685,29.5565,0.07080353878057788,-0.02639270001464955,0.04580152671755733
Belgium,1937,-0.12245804073960609,-0.28107011147114,-0.23675931198255742,-0.27708366197490975,29.6275,-0.026024551314561717,-0.053115645550242174,0.07299270072992714
Belgium,1938,-0.11818101757381039,0.0038077190136027728,0.0570210284805276,0.0005356659250630447,29.596,-0.15008792176392338,-0.01871222002816042,0.035374149659864074
Belgium,1939,-0.2092242505256232,-0.00281095034926071,0.02880947636497517,-0.007530676421350191,29.6705,-0.08848854291748698,0.004124676075751843,0.01182654402102501
Belgium,1940,0.523866713025579,-0.38322477860798954,-0.0998827812219064,-0.36303084280917464,29.62,-0.11106518005865795,-0.3143188192064401,0.48173820314582816
Belgium,1941,-0.09085560826837669,-0.4368667152228841,-0.05123176851972561,-0.4218670153079148,31.124944419742107,-0.42933391208729355,-0.4754595517872533,0.9354084202950699
Belgium,1942,-0.2830242726431037,-0.25856497850531246,0.06944982640620788,-0.2605835712890121,31.11111111111111,-0.30144939510432067,-0.32800229153943783,0.5089337175792508
Belgium,1943,-0.19329704062097008,0.06599505851165288,0.1339330487936389,0.04619608250913787,31.11111111111111,-0.06291178915666162,-0.10372584895334003,0.13135026737967914
Belgium,1944,0.19362291341063642,0.6967053289693577,0.09545149585138955,0.6680653865645201,43.821,0.12497751903056709,0.05459521518990962,-0.03972634688641852
Belgium,1945,0.2834751352329288,0.5889039960772755,0.16381209054411977,0.5773945661854314,43.821,0.281594882264399,0.32352194182666216,-0.2349956822107081
Belgium,1946,0.025287789354721646,0.3029148857215356,-0.05598015388973027,0.29603647347759754,57.0,0.06873919824984931,0.14465787861439772,-0.11528150134048254
Belgium,1947,-0.3218708499584948,-0.1972022768817554,-0.10365866576564979,-0.20019008773139857,48.75,-0.04446657216766403,-0.003889333978056353,0.01795918367346938
Belgium,1948,-0.12079806711816299,-0.01752912244229754,-0.09935959557642247,-0.01926567244371946,53.75,-0.08777943142617528,-0.11638155098611425,0.1475541299117884
Belgium,1949,0.254829050962291,-0.01106275609492291,0.07021144454232768,-0.0013447864291380451,50.4,0.1393247022201991,0.0484349715450747,-0.0328441649196366
Belgium,1950,0.16935526282029656,0.27574968230704444,0.1894007439197624,0.2713430887929289,51.7,0.04752845445283982,0.02286880510063627,-0.00867052023121384
Belgium,1951,0.2988527757809265,0.15661098667588913,0.12659266482583995,0.1618014906078129,54.0,-0.04773390914789244,-0.07283705392010176,0.09365889212827994
Belgium,1952,-0.016290344466993623,0.08601408312634007,0.08960197266105448,0.08235257522975714,51.1,0.052314609451512784,0.00462660987019925,0.009330223258913639
Belgium,1953,0.09795016529357548,0.0742823664465122,0.06378104950773157,0.07506504365227329,50.45,0.06885168584925583,0.017358728489212716,-0.003301419610432621
Belgium,1954,0.40416595103929365,0.44787087556633653,0.4658082641798976,0.4463260694135025,49.999999999,0.05408400345162434,0.0010680187392451135,0.012918184829413759
Belgium,1955,0.29012039379191323,0.26865120501740103,0.25138322188386886,0.2692870741858484,49.959999999,0.04535156871598289,0.01899835731891697,-0.004905166775670322
Belgium,1956,-0.05160975767631093,0.026924839153549485,0.02794876667652081,0.024683979898422637,50.224999999,-0.017404239481275008,-0.013869606482907249,0.028261583963194115
Belgium,1957,-0.20351131637078668,-0.09018358384992697,-0.08468462102022381,-0.09317356357666084,50.017499999,-0.10913501824615823,-0.014965984722786208,0.03163950143815897
Belgium,1958,0.14593569335587553,0.3124943368995856,0.2973328353848826,0.3084568561328769,49.842499999,0.19001496111581107,0.00828110180590147,0.013011152416356753
Belgium,1959,-0.03900310948063401,0.2380736505110037,0.23852773125318438,0.2324849407482763,49.937499999,0.024577622968714907,0.004216011996265756,0.012232415902140525
Belgium,1960,-0.14044486291437253,0.04210753895089758,0.02943603182715554,0.03918474171455433,49.699999999,-0.022183235802025525,0.028791867297546903,0.0030211480362536403
Belgium,1961,0.1556556462672729,0.19201058935629112,0.17489440231153983,0.19150558085939862,49.779999999,0.051868596318370486,0.023625408557859995,0.009939759036144524
Belgium,1962,-0.048046272783813904,-0.09818272333928879,-0.10334422978882965,-0.09754184254931841,49.751299999,0.09626372489859092,0.012704618505257281,0.014017297942141127
Belgium,1963,0.13177080508648698,0.14541545541118617,0.13871984277790234,0.1453039325660117,49.827499999,0.012665950021447436,0.004238411453798108,0.021470588235293908
Belgium,1964,-0.0023381763141481215,0.036730443406824076,0.06176918837727134,0.03641499982512286,49.632499999,-0.01779992194952329,-0.007919982615230303,0.041750647854880585
Belgium,1965,-0.08289362656998922,0.04991786618587435,0.06505291533832472,0.048886650670364906,49.642499999,0.01530431113038877,0.005448447601253736,0.04063018242122718
Belgium,1966,-0.2226443574979925,-0.08941644977278973,-0.09043530887871536,-0.09030630051536781,50.052499999,-0.0020969731012271398,0.009983808359758983,0.04169986719787522
Belgium,1967,0.21511657967476427,0.14505261136323067,0.1814705668591707,0.14546251220109307,49.627499999,0.052001274431407785,0.022986713652792146,0.02855685874553804
Belgium,1968,0.13073174547947763,0.18633304794012218,0.15967173814372548,0.18601169750043067,50.14,0.0335549986028123,0.0122469006566861,0.027516113039167234
Belgium,1969,0.008675079636832006,-0.09221293800968255,-0.09494127206729086,-0.09163958862747912,49.666299999,-0.0669608222079453,0.03070855546041984,0.037635705669481156
Belgium,1970,0.01191311458058597,-0.04033449243481757,-0.05789929710628801,-0.04001795167900546,49.674999999,0.02477864458453438,0.038052939475382797,0.03906068356196246
Belgium,1971,0.045775803707583274,0.03637171258209193,0.09606159459561128,0.03643399262048108,44.754999999,0.0759624718034726,0.007178233931236289,0.043410158872230875
Belgium,1972,0.2418588452800301,0.16386921234944962,0.19585682783949798,0.16435659315537365,44.0625,0.011379775565245609,-0.015051493406422978,0.05447137036242755
Belgium,1973,-0.00034092765363102906,-0.17386610963406535,-0.15492991340796997,-0.17281023935947448,41.319999999,-0.049819318116501865,-0.007437307784983083,0.06955460646735823
Belgium,1974,-0.33208411281228756,-0.4154186362140041,-0.3385541405779805,-0.4147944148185575,36.122499999,-0.13511060192958513,-0.021946692731768414,0.12683019585472532
Belgium,1975,0.09243064556372316,0.2773736734347898,0.2152215280680692,0.2759985856536735,39.527499999,-0.0038536362120292766,-0.05114825026418446,0.12757340533243333
Belgium,1976,-0.11609893978826813,-0.05708651805623344,0.0629992504718496,-0.0574659371175158,35.982499999,-0.06423109545333494,0.00546009578142681,0.0917390002993117
Belgium,1977,-0.04714586809477794,-0.08814466006296029,-0.06565467322720059,-0.08793090882829946,32.939999999,0.08686885477622885,-0.0001937805887267663,0.07100753941055515
Belgium,1978,0.0866171259691364,-0.022515470575581453,0.0294208220349136,-0.021982696816010394,28.799999999,0.018384444941984324,0.025587872194691608,0.0446691411749649
Belgium,1979,0.05424059790282665,0.04495735144682689,0.05551794879334737,0.04500515887504397,28.048,-0.1230958185900386,0.06018895607027064,0.0447194315118844
Belgium,1980,-0.16974565416512222,0.3477306811565444,0.12487307236132628,0.3450758993764105,31.523,-0.07717554669619131,0.06967248663892844,0.06649466400844384
Belgium,1981,0.031941710702974246,0.10541737350085523,-0.057667966004445306,0.10516013759791232,38.459999999,-0.03346964593521551,0.07078412673913737,0.07631405322190465
Belgium,1982,0.17741261300814815,0.2264509288914338,0.07508660137435255,0.22627543633581482,46.919999999,0.10455451434972773,0.04934497360469825,0.08724969350224776
Belgium,1983,0.3459311285075517,0.3543070423944725,0.21021845763290287,0.3542743811313229,55.639999999,0.12325473319882807,0.026677154579396012,0.07667731629392982
Belgium,1984,0.172132966818749,0.1345772108632688,0.08461192310804495,0.13474346412058713,63.08,0.06882454375042801,0.047722908450924306,0.06344911851981139
Belgium,1985,0.3174315288459999,0.10605821470078536,0.25767190589873606,0.10714490185843517,50.36,0.21830816404148523,0.044946233284951065,0.048666393106278294
Belgium,1986,0.41822454953573107,0.10446971919893167,0.25250156878125046,0.10611874213321948,40.41,0.26070932728527363,0.06713674312782092,0.012991078416027424
Belgium,1987,-0.1230500258978624,0.024799604643398032,0.0759014161656693,0.023939404607829173,33.1525,0.013340917375886496,0.05452488460845473,0.015528430160692386
Belgium,1988,0.5058766112038564,0.2822066146933315,0.1392396041395803,0.28339276585425743,37.345,0.05759504778263902,0.05492133918658282,0.011639406618485948
Belgium,1989,0.11196686545144141,0.11499132487609676,0.21900454567256944,0.11497152481891115,35.76,-0.07379600579581602,0.0540636292587493,0.031057301849902297
Belgium,1990,-0.22359767393983832,-0.19477915949629632,-0.13130634767648516,-0.1949477582370286,30.9825,0.019982877992423376,0.060127867286992265,0.034497848442856194
Belgium,1991,0.09070354040891027,0.08259019197493034,0.05151950639367788,0.08264023767093476,31.27,0.13018422884419611,0.05912496411040635,0.03207839819514935
Belgium,1992,-0.03741445351483963,0.03282258196349663,0.006755498383385274,0.03242751696606616,33.18,0.1719787723165862,0.06763656971185505,0.02431860099733596
Belgium,1993,0.3098664969223266,0.2520755439656208,0.14928042453048607,0.2523677667944795,36.11,0.17061770655480268,0.05267683807050805,0.027475825275091736
Belgium,1994,-0.052336698845057206,-0.0995857884300484,-0.02049503980812751,-0.09933540126200158,31.8375,-0.055236196451723285,0.032212349796731266,0.023820341403258283
Belgium,1995,0.11761560786422831,0.1101962794937339,0.18629794577625033,0.11023312946841335,29.415,0.17234061869899575,0.032612596022777884,0.014707746925320286
Belgium,1996,0.23384213753694083,0.2777476013050846,0.19386930332644026,0.27755205271742756,32.005,0.1136240968581046,0.01125077080039949,0.020617268524303345
Belgium,1997,0.3297525364562255,0.3736198920732632,0.23295531599966332,0.37341188894438204,36.92,0.08310456085821416,0.018984660035150647,0.015030000000000099
Belgium,1998,0.3997761000361306,0.13254885611054212,0.18275066446321184,0.13401151018949342,34.5745,0.16139279982908694,0.02619243576985797,0.009069999999999911
Belgium,1999,-0.08342810894028851,0.3962762482235245,0.22000006608319644,0.3929036497486742,40.1551861437388,-0.0640258054723375,0.016265387196686243,0.011349999999999971
Belgium,2000,-0.0031905106203944378,-0.018002594691710283,-0.04925250203498818,-0.017925293566340095,43.35292853304674,0.0263446480197449,0.015202717940633326,0.02679000000000009
Belgium,2001,-0.04639860741965407,-0.1404254401796139,-0.16288845839934715,-0.1398906867496037,45.77317599001475,0.050722356386529555,0.016742322858863457,0.024350000000000094
Belgium,2002,-0.27811997546391587,-0.31372546298287907,-0.22875557150200462,-0.313500744841401,38.466577667588446,0.08291689259100532,0.016366643840745487,0.015479999999999938
Belgium,2003,0.16913553395907255,0.044237194457463325,0.17544326965828821,0.04500534623661401,31.93974663499604,0.03511223674004871,0.006924948078690596,0.015169999999999906
Belgium,2004,0.3672022329513003,0.0714262377505499,0.1235618229268865,0.07310833015913953,29.61596064899787,0.07366461599217344,0.0015021052878956276,0.018569999999999975
Belgium,2005,0.2403955493263561,0.21130265245766489,0.10421208813128935,0.21152024623265797,34.19504958887853,0.03442860228980682,-0.004554453293447502,0.025369999999999893
Belgium,2006,0.2031615889479692,0.0749359624680721,0.15612005064085555,0.0758219497108128,30.630144267274105,-0.025633825336798255,0.005589867060369569,0.023279999999999967
Belgium,2007,-0.05863078402556843,-0.03571568154291538,0.038454632689162646,-0.035885646597319965,27.40296175531552,-0.026287744575315908,0.020370078486574572,0.018159999999999954
Belgium,2008,-0.5794355994253816,-0.3717921484925716,-0.3945870627481404,-0.3733014150280629,28.986060214126592,-0.012074881431485385,-0.007833014905529456,0.044884595736776056
Belgium,2009,0.5248621288598532,0.2298627229468293,0.2360862880822882,0.23173522747357134,28.00215188116061,0.10894161501347721,0.0066559265363019815,-5.5556790151012336e-05
Belgium,2010,0.08918711694630299,0.1746746272469364,0.09221648950692105,0.17405435872693498,30.190016464601108,-0.008491839101983478,-0.018601088973735247,0.02333514828931138
Belgium,2011,-0.1604646838706728,-0.024618644313875615,-0.049231116874047645,-0.02558303887892599,31.17698431099776,-0.026108628962882463,-0.022660860855521436,0.03352046301021794
Belgium,2012,0.3545992687604045,0.09688754632214591,0.1262794049045019,0.09869299687051303,30.57442777019858,0.21140456203063174,-0.0243170589345012,0.026255515864677337
Belgium,2013,0.174935343125306,0.22337812330028228,0.29640384760404115,0.22299472126172737,29.250888260459725,-0.011248682594709902,-0.011831993545675767,0.012479652740097658
Belgium,2014,0.17355102024730384,0.2163967635878692,0.1032912540859059,0.21608169795774912,33.22617576805864,0.15121624314044801,-0.004382550311937572,0.004904042548888654
Belgium,2015,0.09280145944260387,0.13087792987715674,0.04110820206856815,0.13057037982754816,37.053274547625605,0.016325925422021603,-0.008346509453246997,0.006198243160298933
Belgium,2016,-0.04117143518052768,0.04387836339459028,0.03688033959181204,0.04303541499818553,38.26951902096575,0.031403159183214235,-0.0199834661144358,0.01770017700177018
Belgium,2017,0.019323656362634,0.05485489554666123,0.16384407462133338,0.05451532294866679,33.63620445259737,0.00931310615335379,-0.024981705603029813,0.022246460120468825
Belgium,2018,-0.2246175747843313,0.013944904051930163,-0.013451353873134994,0.011038696702202477,35.23135371179039,-0.020215965324976604,-0.025734380835611637,0.023108052252650557
Belgium,2019,0.23339944902800602,0.16180671363513643,0.1396358208376127,0.16267615919822842,35.90875912408758,0.0770152399193953,-0.01585133558821905,0.012486259477437534
Belgium,2020,-0.10692040613959508,0.014076231004676032,0.06438903031280084,0.012605071363710696,32.87417488387254,0.03992355864577357,-0.008493453870106249,0.004277787057142213
Belgium,2021,0.10941741314111164,0.16368397549107838,0.17775778734132722,0.16313516980775078,31.717691744114305,-0.07092786390684358,-0.036534319623092615,0.03222404
Belgium,2022,-0.13443869978726086,-0.11780377683379795,-0.13783169543873872,-0.11793389688079703,35.684062240169,-0.23423005764290228,-0.09056879535586393,0.1033441
Belgium,2023,-0.051248294839652764,0.1312668332747302,0.16201200859783266,0.12884218732142028,34.68223425671961,0.014924166818644391,0.011233897400571236,0.02281778
Belgium,2024,0.14621277330196203,0.15543951817401824,0.16871550571215904,0.15548771105754167,34.64755400954732,-0.020213255283287435,-0.0071545489305092635,0.04332084
Belgium,2025,0.2299972637742882,0.14507857045592853,0.17440634753872097,0.14616651850407414,33.24448493935435,-0.014333252046830003,-0.004927132334314854,0.02937564
Denmark,1875,0.18293896606658944,0.1468119986901617,0.09590708043017175,0.14712417153944402,3.2547277,0.14503529674620608,0.15363341879363257,-0.08653824986933367
Denmark,1876,0.030825750278536512,0.07463743609147655,0.008245187687487391,0.07426260788096162,3.3457535999999997,0.0668180859304206,0.11157904989482725,-0.050000086068148875
Denmark,1877,-0.000692710085105519,0.13765510281457183,0.07218951696341708,0.1367846445283709,3.5828390000000003,0.08087711358600824,0.12290728851097654,-0.05940587242126205
Denmark,1878,0.23205081048413057,0.1590965578037089,0.10488655113509554,0.1597097073051046,3.7182189999999995,0.1626468485990853,0.12876443984484154,-0.06862763984320641
Denmark,1879,0.15824612171533636,0.2610119116044276,0.2999254934816034,0.26013431940836296,3.7388999999999997,0.07124832995465935,0.029052594846924462,0.010638333078237139
Denmark,1880,0.10992163991304982,0.09659289617599809,0.15837679579923775,0.09665929555640052,3.741,-0.0024291325541466735,-0.041448399949918224,0.07954543128892855
Denmark,1881,0.06771722397782143,0.13611894327702934,0.16275453540953588,0.13554671123606687,3.7667789999999997,0.022072490319171356,0.014345421103619582,0.02105257171239594
Denmark,1882,0.06810401293733803,-0.012554609974122832,-0.020688786284484968,-0.01189864900424642,3.7378971000000005,0.056931781199050846,0.054369562011376216,-0.010309063970263321
Denmark,1883,0.12781978753641154,0.0704134340268685,0.021288709780484343,0.07087975591243567,3.750778,0.10057884744514745,0.10421102623833245,-0.05208336460043639
Denmark,1884,0.06457173185154952,0.06510690176560985,0.05891342177089198,0.06510260840444326,3.746934,0.07437396860182521,0.06878981574274157,-0.021977956732814885
Denmark,1885,-0.0470224759392569,0.13821088706736284,0.12160244304968626,0.1366956242318378,3.7477918000000003,0.08168761927380142,0.07979778702021822,-0.03370796521063435
Denmark,1886,0.17119441476893438,0.12664718343888248,0.0946471675202694,0.12701161472410538,3.7328378999999994,0.07499984664807857,0.09125594161848904,-0.04651149154248946
Denmark,1887,0.03440308943390846,0.012383763649376434,0.009377282790177539,0.012557480846624891,3.7419515999999997,0.027918782085180283,0.03500000014901161,0.0
Denmark,1888,0.15597560912389707,0.10912394662334912,0.08090859668996458,0.10949351421156162,3.7274268,0.07480858480527197,0.05923539461218774,-0.024390608170673622
Denmark,1889,0.05065088343704427,0.061118556536049695,0.0866321243118657,0.06103351422769587,3.7354044,-0.006936957701552782,-0.001735058101581033,0.03750012381776546
Denmark,1890,-0.0013518513053215608,-0.03575953943192367,-0.03134303880951476,-0.035497216037704615,3.7404488000000002,0.0006343374932784585,0.028705765479174028,0.012048375771494424
Denmark,1891,-0.05441736676107434,-0.04348544562142487,0.04690847018175286,-0.04357198976105536,3.7342778,-0.08221319927094961,-0.04687366262765258,0.09523780936743842
Denmark,1892,0.11865298095635213,0.10576391695058307,0.07049518921748069,0.10586634375058002,3.722328,0.0999969708027153,0.10273109097405442,-0.054347872898964256
Denmark,1893,0.1427184019001666,0.021557171381098028,-0.005246260773878644,0.022507997115446043,3.7326680000000003,0.10636451304966599,0.10426299246219828,-0.05747090269543387
Denmark,1894,0.13060649658508305,0.09883080580187786,0.09625761334217739,0.09908582062300475,3.717059999999999,0.13949510793484254,0.06600039710141337,-0.024390608170673622
Denmark,1895,0.14051744465338656,0.1241738573014346,0.10730167458252636,0.12430492994948916,3.7149222,0.0510281070133809,0.0658460804932397,-0.02499993246303689
Denmark,1896,0.0994514978112897,0.12608857187327271,0.08399929966627576,0.12587370450744095,3.7282480000000002,0.05710518539151166,0.0659315027488303,-0.025640954596230725
Denmark,1897,0.03643586486577988,0.08261865978928529,0.07763285779968991,0.08223794504536741,3.7302008000000004,0.0477386936545372,0.04619999974966049,0.0
Denmark,1898,0.012904529495169736,0.05729964999898329,0.106534985538074,0.05693836762058435,3.7536285000000005,-0.033498622240746734,-0.0064898583319924485,0.05263142928098974
Denmark,1899,-0.04947711618159423,0.03967851984982995,0.05882366318038846,0.039179628945486655,3.746032,-0.03917256818486592,0.030926443055100172,0.025000382709456925
Denmark,1900,0.021958305591255556,0.06944651828738047,0.06384627993875802,0.06918707338831398,3.7501440000000006,-0.008231943641321071,0.03690959840166608,0.024390168906037735
Denmark,1901,0.0142215859810777,0.026781248872763674,0.0644893679023809,0.026687344976188188,3.7282788,0.06259403153563037,0.021034800812027132,0.03571396410979677
Denmark,1902,0.084967240691185,0.0567215422438343,0.04841509219708724,0.056859768582813386,3.7348176000000004,0.040920715779066086,0.044599998742341995,0.0
Denmark,1903,0.117976286151519,-0.0019891099526166967,-0.049924503160939535,-0.0013941835649553536,3.7413032,0.07788043221017271,0.08273537922862206,-0.03448245881332035
Denmark,1904,0.06914178282022476,0.18090428564960703,0.18131023862866805,0.1802460997667641,3.7343774,0.027848100289702415,0.0478999987244606,0.0
Denmark,1905,0.07245951961389441,0.11559387422089418,0.1399553604352536,0.11534427002794745,3.7371912,0.01661136582941425,0.021186116893776807,0.023809452341859716
Denmark,1906,0.09130642634913677,0.10451179030519442,0.08591615279274034,0.10440906629581725,3.7555542,0.011086069638878149,0.04237955995881282,0.01162766346873112
Denmark,1907,-0.05214608470844351,-0.17021860872950478,-0.14555509815395565,-0.16951933995703627,3.760995,-0.03246903175809701,0.006362992691439695,0.05747131671513461
Denmark,1908,-0.0707234798054811,0.15033518419922332,0.18658855829304116,0.14869276136655163,3.740922,0.0016619086254920923,0.04508051184440642,0.021739462374474217
Denmark,1909,0.15045329460708423,0.1879103688320305,0.15671041671645974,0.18767254274488798,3.7348452,0.05749669654015688,0.08812757656402592,-0.0319149873758614
Denmark,1910,0.045419968184913895,-0.018946470069755472,-0.03734671148552265,-0.018548253760953926,3.7427424,0.028801672750543128,0.0420491510423211,0.01098878045594609
Denmark,1911,0.14359322345828285,0.06181731721486461,0.03976964328458191,0.062333964989235824,3.7433286,0.04064445244403703,0.061437119642569815,-0.010869339668626465
Denmark,1912,0.020361744359181255,0.010492032065711143,0.03964897904206355,0.01055928352655755,3.7444154999999997,-0.0826613196697733,-0.0010854479661329686,0.054945089742498565
Denmark,1913,-0.004763872339034747,-0.08000695301719607,-0.04492369909153822,-0.07948359082458145,3.7377,-0.04554901867417671,0.01740812119449009,0.041666541598254225
Denmark,1914,-0.02609094397211731,-0.06439858967513923,-0.05208976799827691,-0.06415978857572968,3.7558,0.00912023744902335,0.02883485891213744,0.03000009365123857
Denmark,1916,0.21057870003570445,-0.15015666549033446,-0.02394358306702307,-0.14635177493860096,3.5315,-0.15842468201627335,-0.23893970152428523,0.3833332284215747
Denmark,1917,-0.08783726887416621,-0.24823185071293308,-0.24890188952125858,-0.24687959454142305,3.3294,-0.13251533212659206,-0.09417599238378149,0.15662644206279297
Denmark,1918,0.0550030950548539,-0.025718357077498588,-0.0557751710607732,-0.024721398692158947,3.3065,-0.11169079923915426,-0.10397175040989826,0.17708342212584904
Denmark,1919,-0.19006015950134236,0.16465378997990876,0.055164752219961394,0.1592966330714698,4.2946,-0.2725194417578559,-0.10519178598103063,0.18584069974847184
Denmark,1920,-0.22613215713356427,-0.0824750047180417,-0.2773541810608542,-0.08417367732993686,6.3391,-0.14263928320495556,-0.0956263638056758,0.18656709757216938
Denmark,1921,-0.06704491664016743,0.15166795380115627,0.231212660950464,0.14935780176126556,5.6192,0.46556052343521115,0.25079994745421574,-0.15094336136787012
Denmark,1922,0.07494214301790869,0.2768061165407907,0.41492880468909993,0.2755065465283031,4.774,0.3718141165875206,0.24012175712241657,-0.1481481596610993
Denmark,1923,0.12212284911206162,1.263734867193885,0.23850193312585793,1.2594368604444002,5.4454,-0.06520460000837114,0.01688758374661492,0.04347817360835915
Denmark,1924,0.05830130919849519,0.19895537549058262,0.17066954615290847,0.19824457439218635,5.9799,-0.07767502698107687,0.005283403204681569,0.05833339598897802
Denmark,1925,0.0558226917478577,-0.010106428901658915,0.16265491752403882,-0.009865178637162297,4.7324,0.11262958586009653,0.0985241141466886,-0.03149600054851498
Denmark,1926,0.08669605612958131,0.08888827235770447,0.1614973702737686,0.08888051279334519,3.8131,0.27702220005362355,0.23389506148699857,-0.14634150502152055
Denmark,1927,0.16488880784065962,0.2932670555164627,0.2591358536601962,0.292815067231494,3.7418,0.12741782748327002,0.09098629819776849,-0.03809516196878415
Denmark,1928,0.10877277702093124,0.3125705907475176,0.3258823681628719,0.3118969921309498,3.7393,0.09259258955717087,0.04922499880194664,0.0
Denmark,1929,0.08418458191265143,-0.05875914903281465,-0.07384804989449793,-0.05843084871180271,3.7481,0.0742493459928677,0.06204022842415813,-0.009900969530093007
Denmark,1930,0.06356866540978934,-0.16594460603440708,-0.1850474263959764,-0.16531089182242875,3.7362,0.12139657759670586,0.10244749034378753,-0.05000010491175877
Denmark,1931,-0.03943600558440119,-0.2764202843933138,-0.2924398564264702,-0.27558001849010105,3.9907,0.032040589242082085,0.10413737860738603,-0.0526314743262124
Denmark,1932,-0.09426854693759168,0.27152824011452226,0.10604095121134269,0.26978519169288373,5.3102,0.15146065492687222,0.06435109727311183,-0.011111087797386787
Denmark,1933,0.20825557477754697,0.42967515978163706,0.38910530017851075,0.42861309717639084,5.2436,0.050582275002631016,0.011238385028767395,0.033707793646826856
Denmark,1934,0.1977784029713856,-0.06843345091026953,0.016751445907849806,-0.06716676619612694,4.4445,0.01743647808351967,0.005923222977086029,0.032608628718865384
Denmark,1935,0.036926566019264806,0.24586411630879357,0.2698685864185772,0.24476856793910162,4.5697,-0.03311589234352408,-0.005066838093948145,0.042105179460970144
Denmark,1936,0.13263542683743945,0.2457126033753887,0.26178767308421524,0.24524302923334584,4.5067,0.013324413817485281,0.03269355286753761,0.0101012027764531
Denmark,1937,-0.04336408612514675,-0.25271420160501057,-0.23463740875889993,-0.25189237046918855,4.5312,7.984167682550947e-08,0.005601043511390014,0.039999916070593056
Denmark,1938,0.018599791599557713,0.038769202311459194,0.05248755269805899,0.03867046402383756,4.582,0.06992616608909574,0.035567638449736094,0.009615365216019356
Denmark,1939,0.051407274686178894,0.044585479311734844,0.023242620965843307,0.04461554138292345,4.9149,-0.04030636123188536,0.017357695199010426,0.02857137147658828
Denmark,1940,-0.1813501433879885,-0.19712302765751655,-0.0855563346214132,-0.19705052152160574,5.1791,-0.12538962108451224,-0.15524261666006978,0.24074085587026084
Denmark,1941,0.09062091716131793,-0.07657364154328394,-0.0535363703549098,-0.07589295711764488,5.165538461538461,-0.07936115195620896,-0.0950648199073253,0.14925358410690093
Denmark,1942,0.09470660911457185,0.0019645268739665322,0.04013855897442582,0.0023419194842568825,4.789118756429307,0.06666659322368607,0.007295524112548746,0.03246760678520344
Denmark,1943,0.12784856239549702,0.17089483355130164,0.10887395499273006,0.17073030862802074,4.766780432309443,0.036518998834396355,0.033500011897640736,0.00628929572662007
Denmark,1944,0.07491382865710605,0.10961135782785103,0.10114356065195618,0.10947474727348272,4.766780432309443,0.051983160415416174,0.014634064335771635,0.025000081962322396
Denmark,1945,-0.09408019421124847,0.1950633320713926,0.16934406609733105,0.19394074734475364,4.773840720063804,0.06073315346798558,0.02746990397563387,0.01219509698708765
Denmark,1946,0.06415942524162,0.5060652066630147,-0.054313112751765404,0.5047730097325211,8.1,0.03742459330143766,0.04148231041696304,-0.00602408420243683
Denmark,1947,0.025021947691871826,-0.06794053147954315,-0.1093867391734624,-0.0675958223936447,8.15,-0.017143353600754252,0.0075221161020790905,0.027272735365095002
Denmark,1948,0.018656029271337138,0.17188942168055088,-0.10020525623909739,0.171263969604196,9.6,-0.04767113418280322,0.0082327512342808,0.026548680234759647
Denmark,1949,-0.053512092385435195,-0.02852609377504245,0.07749883537994809,-0.02862905769528734,9.3,0.0302555786878711,0.007520241402603434,0.027274646818164827
Denmark,1950,0.18283346241729892,0.207389573964063,0.1885955578476583,0.2072828272224787,9.7,-0.08495253492710819,-0.019425380816910143,0.061452449698979894
Denmark,1951,-0.12066299070605202,-0.0010174761539482047,0.13386698640026312,-0.0014821009832048926,8.8,-0.1282771374297118,-0.049999979314285126,0.10526313461252634
Denmark,1952,-0.04735696913622833,-0.014178816534495264,0.086256629401462,-0.014289211148834857,7.8,0.010436564619552113,0.011467625077591359,0.03809551063437233
Denmark,1953,0.0831589131116599,0.027025548030147784,0.06485496081417029,0.027197398490748315,7.45,0.07761392760344932,0.03921618960528406,0.009174037800736778
Denmark,1954,0.15272089838981628,0.48520585198551003,0.46462224110120787,0.4841475300793987,7.48,-0.0535714291036129,0.05000000074505806,0.0
Denmark,1955,0.10082135773838918,0.1394878947436915,0.2528941114225949,0.13939544927649683,7.11,-0.010875606659137227,0.0031965588548774626,0.05454574975812099
Denmark,1956,0.10334793156459599,0.04529533597430979,0.02549099342079991,0.045435289438737314,7.52,-0.01552106946912446,-0.0003252118778164226,0.06034483539394686
Denmark,1957,0.07986976127015888,-0.16005032312672218,-0.08829758452037927,-0.15936851245877381,6.913999999,0.07901915526286007,0.03169157378202292,0.027438844705397925
Denmark,1958,0.05801648291965389,0.31970248071921303,0.2943431878295102,0.3189491700043887,6.905999999,0.17489288900081634,0.04878733811427094,0.007314155359709584
Denmark,1959,0.28001262218049083,0.2242533814138994,0.23280857832839816,0.22439664704075302,6.907999999,-0.006267854898330039,0.03360252200094971,0.017275316484425263
Denmark,1960,0.14680859929506695,0.033748173817262916,0.02642388570613629,0.03402262337289552,6.905999999,0.010112786111101446,0.04644800533093729,0.012552297860706219
Denmark,1961,0.00994053227292735,0.15831784938739912,0.17501764898739844,0.15796685981866343,6.885999999,-0.053324746762187236,0.030674856977971565,0.034516355186988035
Denmark,1962,-0.012555097448445962,-0.1455589855849705,-0.10281653815831052,-0.14529497529666657,6.901999999,0.008898618415605908,-0.003518590503122865,0.07377818602583419
Denmark,1963,-0.06029767964927313,0.10267932913787314,0.13908957436875952,0.10233068915497201,6.910999999,0.07879338083504805,0.006667592431877312,0.06105035079734544
Denmark,1964,0.20359452938268308,0.05261705261559646,0.06095484382998352,0.05293113373648817,6.920999999,-0.0863956387158592,0.03345383378129463,0.030928164431761163
Denmark,1965,0.015804546571715372,0.030426821613614097,0.06400466067614605,0.030396340303587177,6.890999999,-0.08599733764915884,0.014698928436206904,0.05449998054796712
Denmark,1966,0.020225626361360938,-0.11925223714465816,-0.09154510718408701,-0.11896927415963232,6.915999999,-0.05898895950823202,-0.0006067036661907554,0.07064956731571925
Denmark,1967,-0.21369590908538283,0.1856593863520839,0.18249582402829354,0.1848243563073959,7.461999999,-0.017332174590294902,-0.010777434980330014,0.08207869939364065
Denmark,1968,0.002590791933908765,0.1233461925393371,0.15974399425602964,0.12316214998946307,7.500999999,0.10928262986915316,-0.007289583569240032,0.0795360335074915
Denmark,1969,0.157747392687978,-0.08196827405261198,-0.0947017794355953,-0.0816365338784868,7.491999999,-0.11934889195120801,0.04843160834645044,0.03487913971355128
Denmark,1970,-0.10978578399428485,-0.06399823668601745,-0.0573953889528753,-0.06406898572603581,7.488999999,0.012261345620986575,0.028025624752259448,0.06514854536995385
Denmark,1971,-0.06663984367398434,0.06933249182942935,0.09598828239967064,0.06911534730121671,7.061999999,0.07899683684253622,0.02189139374843241,0.05869860832789797
Denmark,1972,0.3950187033776529,0.13430285092326155,0.19587899240445977,0.13465020542829653,6.846999999,0.031010406837602922,0.011340492324578344,0.0656236370537997
Denmark,1973,0.48606737150110213,-0.20852759992960224,-0.15533328117779704,-0.20707211997552732,6.289999999,-0.13701169750368425,-0.010971357563980266,0.09303372774166063
Denmark,1974,-0.32865123987446687,-0.41243489610093875,-0.3385304737417628,-0.41222459614031637,5.649999999,-0.12834577539131653,-0.016816487427169236,0.15275189706731607
Denmark,1975,0.06239945924997814,0.31227335518414057,0.21471259015035066,0.311610522249959,6.177499999,0.1825424186348923,-0.02860074055673112,0.09605635312857363
Denmark,1976,0.24478116022434837,-0.029217974297638283,0.06131782822278861,-0.028426556832981564,5.787499999,-0.100842223054461,0.011743094651766262,0.09000002328974666
Denmark,1977,-0.02967551936425683,-0.041581713233295736,-0.06565756050985133,-0.041548827544547695,5.777499999,-0.08413885733526838,0.030075317327367568,0.11139122313099126
Denmark,1978,-0.09183118383758748,-0.06407239268584308,0.030041431282694094,-0.06415014910603511,5.089999999,0.10665440195435694,0.04918725559540493,0.10008961355147239
Denmark,1979,-0.06910205524562274,0.0783186242959919,0.055807460029842375,0.07796917371325218,5.364999999,-0.042783970163080665,0.02757288537679914,0.09611039969032431
Denmark,1980,-0.12303379744219667,0.27512384729329975,0.12392056062236395,0.2742226591960222,6.014999999,-0.029287927488729548,0.04115705909982026,0.12305342452594403
Denmark,1981,0.5886636091698991,0.061387871033260266,-0.05871932993031649,0.06249969509686193,7.324999999,0.04578138997780723,0.02770273779489041,0.11744374277075575
Denmark,1982,0.22472445657065876,0.13565730815255694,0.07503291043921698,0.135907140575789,8.383999999,0.019565074099308966,0.06172783645191049,0.10120813320194588
Denmark,1983,0.6990560826054222,0.35383552439628074,0.2095457644440491,0.35468314452567595,9.875,0.57679704239248,0.055203882632621104,0.0690824886436121
Denmark,1984,0.031509406889591585,0.1423300618165042,0.08522377180223195,0.141867076696228,11.26,-0.021445125785088726,0.05157290501775047,0.06290775889338462
Denmark,1985,0.018629844754003422,0.10689803157527988,0.2587606532007114,0.10661075813989607,8.969,0.3803214779327251,0.05401049689930426,0.04678748944265476
Denmark,1986,-0.008667940407017904,0.10301791965130835,0.2543640124035317,0.10259694402198316,7.3425,-0.11298174937743166,0.053500298209180785,0.03678185836003278
Denmark,1987,-0.17176759403458797,0.012488950700642043,0.07542202322316592,0.011983475310361147,6.0965,0.0495026700639829,0.05881010309256052,0.0399252213348158
Denmark,1988,0.10383687970541944,0.24320604768125587,0.14127770332825257,0.24285697979481857,6.874,0.28659198911683004,0.03791756205297614,0.045627361461399785
Denmark,1989,0.35396089317781043,0.10065676163040727,0.21788294296747712,0.10144018679698052,6.6075,-0.02469770101173785,0.04601264648321868,0.04772729472417492
Denmark,1990,0.08458200316262232,-0.1822776890791451,-0.13260593257539877,-0.18134430745991226,5.776,0.05200798469147383,0.08039035492797941,0.02641604871288461
Denmark,1991,0.06835276675826596,0.10708339893860086,0.05169909723311784,0.10693895583802293,5.9135,0.1705378291624251,0.07133544820156668,0.023951000000000056
Denmark,1992,-0.08845915570966612,0.033103620058142935,0.006860376528357998,0.032653021163355334,6.2555,0.05450808006143104,0.08755480660889225,0.020960963952376677
Denmark,1993,0.020722738748329972,0.26488347327359696,0.15046369429404535,0.2641847987602415,6.7725,0.2469950422848617,0.090338897506959,0.012578748706254084
Denmark,1994,0.1821817011760012,-0.07979691589202231,-0.021312901427962834,-0.07896123591746518,6.083,-0.12766592316005387,0.04061456113378714,0.01992038270713925
Denmark,1995,-0.008632772955588508,0.08933997769816138,0.1866158878140726,0.08900926645268581,5.546,0.17999362619893122,0.03904406277941752,0.020835436636468696
Denmark,1996,0.2921487411854178,0.25765534063558726,0.1937493444801217,0.25775980021758804,5.9445,0.09191967344767837,0.017084207508330618,0.02124582405597808
Denmark,1997,0.4097050463030214,0.36055500992163325,0.23279681404172292,0.3607265628923628,6.826,0.10038421260101726,0.016456997436728127,0.019802118561167203
Denmark,1998,-0.05148616886136248,0.12921076118371833,0.18495224796980128,0.12843604095028405,6.3865,0.12990781360710102,0.027967071314935144,0.013127783487495659
Denmark,1999,0.20770952153553468,0.37754302144711716,0.21790312578596666,0.37693765354521447,7.3988,-0.06239693174147298,0.012304941931205127,0.020518577631098323
Denmark,2000,0.13875922602991908,-0.014792823480720418,-0.04962313003986719,-0.014294779366696875,8.0205,0.056322776862690604,0.02132430221284598,0.02717031146454607
Denmark,2001,-0.1483556361610484,-0.14481979773720433,-0.16228149296434893,-0.14483389975701755,8.4095,0.030405582807962128,0.02254218595098756,0.023122580645161372
Denmark,2002,-0.22076933798435783,-0.3178689741657894,-0.2290966376245289,-0.3175248657975964,7.0822,0.07315727309919429,0.010942472725806063,0.023646773949452582
Denmark,2003,0.30471136201277815,0.05279403667436999,0.1749545001372282,0.053667644773337075,5.9576,0.02212714861123799,0.0036589046821193794,0.02002045166138955
Denmark,2004,0.2294287228020533,0.07177083189437883,0.12456083621524187,0.07235201674978087,5.4676,0.07567416279018357,0.012651147996547873,0.00885351241665866
Denmark,2005,0.40794278872971135,0.22326276779087362,0.10413201771133557,0.22393059762873735,6.3241,0.06083304685706925,0.005147030589675028,0.016761448668063395
Denmark,2006,0.20179223242315114,0.07931456495758327,0.1562416003712663,0.0798617092903613,5.6614,-0.030408259160973672,0.012734820256297796,0.01884015307624365
Denmark,2007,0.05388899598884023,-0.03278408244742992,0.03766078619299175,-0.032390201884217484,5.0753,-0.01330521982056243,0.026278101587992708,0.016561687373591427
Denmark,2008,-0.4978233293549206,-0.37742776285847,-0.3954447514604912,-0.37799916391912836,5.2849,0.08077986364466883,0.011991084851645795,0.03638100002273803
Denmark,2009,0.34075752980063934,0.23874284392461464,0.23749698472527675,0.23916005263610973,5.1901,-0.004608444047002225,0.007591091119293125,0.010421466026020676
Denmark,2010,0.29824161670870386,0.17878647140881787,0.09126788191694571,0.17932127560024336,5.6133,0.053187979546029274,-0.014644435493050167,0.02198506101532982
Denmark,2011,-0.1848501441576692,-0.02683017962423273,-0.0493255687338695,-0.027640791058981762,5.7456,0.11293086641059302,-0.0172234121763456,0.026558167698894186
Denmark,2012,0.23728614440329054,0.1057913521375573,0.12736700514882546,0.10640377887125219,5.6591,0.03669682449189304,-0.022218726988366688,0.02354268210652677
Denmark,2013,0.29968654452480514,0.23116248022290753,0.2954217997040528,0.23149477790015904,5.4127,-0.07201925254569508,-0.005429714818386389,0.0052270797104378985
Denmark,2014,0.19348170752589255,0.21252130956897064,0.10337628502551738,0.21243010599020362,6.1214,0.13944714797734914,-0.0028689835570375744,0.0035202413879809047
Denmark,2015,0.33684453416615723,0.13453946111372117,0.039964735318062564,0.13560318656701864,6.83,-0.03112893421249463,-0.0035072480977687004,0.002255073916311634
Denmark,2016,-0.0607596722206688,0.061941183242037345,0.03676910833906152,0.06110787122208827,7.0528,0.04708433644687693,-0.004569223232050557,0.00017000000000000348
Denmark,2017,0.17477300907328308,0.06753253317391184,0.16238545436693622,0.06820290893198577,6.2077,0.020911411574622063,-0.01482141775908985,0.01057820170571011
Denmark,2018,-0.08598379260498523,0.030588968696087404,-0.015577459419656561,0.029849930617394715,6.5194,0.013379137388134676,-0.011909261042125197,0.00709374227059123
Denmark,2019,0.2877259415690918,0.17344102737794453,0.1398380783663928,0.17416468922902117,6.6759,0.06171842378884196,-0.01268719339139579,0.007279550455831396
Denmark,2020,0.30135930518072707,0.0026792973137044207,0.060775977660922194,0.004578958921488185,6.0576,0.01396197202265781,-0.00481943620899139,0.0033355114938604657
Denmark,2021,0.16445263933541399,0.16725620542088593,0.17712232680781964,0.16723884529416155,5.830730929664932,-0.036454923856228394,-0.020452136703424162,0.01853045
Denmark,2022,-0.17860258612650692,-0.1015843004124537,-0.13744691905688328,-0.10209675987909961,6.562084133065336,-0.14351958869775305,-0.06575001596847563,0.07696567
Denmark,2023,0.06117832385056565,0.13915391051969817,0.15986122696096922,0.13864086851051827,6.38763569048274,-0.07574816820895469,0.0019220914560544866,0.03305178
Denmark,2024,-0.020318122792722382,0.17815205658370892,0.16985445026539775,0.17684586314539175,6.388067555494631,0.031026229265865846,0.020458062534905563,0.01432919
Denmark,2025,0.03023050832709928,0.15415192857860527,0.17610486824975577,0.15333557082012605,6.132983613298945,0.0011166345962818625,0.0027748299163607992,0.02049498
Finland,1897,0.10907310520837066,0.032333549791456306,0.07729324425657294,0.032333549791456306,0.05185232,-0.012763303901077494,-0.0077064228714059935,0.04807692307692313
Finland,1898,-0.062443122453655575,0.08202002193837399,0.10577303166868708,0.08202002193837399,0.052235159999999996,0.031057589958005227,0.01519608016851337,0.029357798165137616
Finland,1899,-0.055486722685612944,0.02555761528749878,0.05821764121518232,0.02555761528749878,0.052428,-0.08595206025263158,0.0052047788702687114,0.04456327985739761
Finland,1900,-0.03749023325841638,0.07340318546642588,0.06361743112218475,0.07340318546642588,0.05214016,-0.091367189907265,0.03585858659360941,0.013651877133105783
Finland,1901,0.013651877133105783,0.08037650447666711,0.06411353451932564,0.08037650447666711,0.05195663999999999,0.1461755925274546,0.06433447174499074,-0.013468013468013518
Finland,1902,0.0015480522997677326,0.05719108305784815,0.04859396791784784,0.05719108305784815,0.05206408,0.046036530286073685,0.04500000178813934,0.0
Finland,1903,0.09135858714580536,-0.036473582748173916,-0.04909185797061766,-0.036473582748173916,0.0521196,-0.002809121273458004,0.04500000178813934,0.0
Finland,1904,-0.0003607419494073838,0.17895481285138115,0.18064966202878535,0.17895481285138115,0.0519662,-0.11510643362998962,0.04500000178813934,0.0
Finland,1905,0.15066853165626526,0.14305417725767877,0.13956478440765446,0.14305417725767877,0.05205792,0.09614947438240051,0.04500000178813934,0.0
Finland,1906,-0.01402244239484629,0.07437851782380833,0.08595808351976873,0.07437851782380833,0.052452450000000005,-0.1191626095781545,0.002242227574221989,0.04266211604095571
Finland,1907,0.15491982990284647,-0.14232411569194858,-0.14500189573272265,-0.14232411569194858,0.052643640000000005,0.007021442251770038,0.023205742352839565,0.026186579378068897
Finland,1908,-0.07644703704863787,0.11101616145937787,0.18467677994950893,0.11101616145937787,0.05217645,0.01976712979376316,-0.002499999292194799,0.05263157894736836
Finland,1909,0.104062466762183,0.16360893354197925,0.1566706883901332,0.16360893354197925,0.05207976,0.13640857597618772,0.06288343633702209,-0.01212121212121231
Finland,1910,0.04567369818687439,-0.009490366673838735,-0.03683465827015423,-0.009490366673838735,0.052099040000000006,0.09842497855424881,0.05000000074505806,0.0
Finland,1911,0.049842915515603714,0.013116673420685787,0.040425584919325935,0.013116673420685787,0.05216552,0.021566611757306564,0.006410636877203446,0.0383435582822087
Finland,1912,-0.2044224047987665,0.040156141751506835,0.03951755730761583,0.040156141751506835,0.052114799999999996,-0.10515368664247482,0.025757576485431866,0.02363367799113747
Finland,1913,0.055490054190158844,-0.0376019079927814,-0.044644362642328836,-0.0376019079927814,0.05221268,0.06066017225384712,0.05000000074505806,0.0
Finland,1914,0.026466386392712593,0.08051527889518395,-0.05192769727722735,0.08051527889518395,0.058811999999999996,0.028287624940276146,0.05000000074505806,0.0
Finland,1915,0.04309078986696191,0.1466190708162718,0.07357771520439443,0.1466190708162718,0.0720986,-0.22038064797897994,-0.1358273388724105,0.20346320346320357
Finland,1916,0.4301631822508456,-0.15271807827749373,-0.020962869234043204,-0.15271807827749373,0.07395449999999999,-0.21442038915498995,-0.2157685359363961,0.32613908872901676
Finland,1917,-0.4272809877175363,-0.5893159203504965,-0.24754398438016784,-0.5893159203504965,0.0640195,-0.5915676484034917,-0.46599814344885837,0.9475587703435804
Finland,1918,-0.6076194234506442,-0.5326548751187135,-0.05440699298171331,-0.5326548751187135,0.0883679,-0.6066550264580275,-0.695382105238758,2.414113277623027
Finland,1919,0.16157913492546871,2.8148237082308647,0.051461181125928165,2.8148237082308647,0.282375,-0.062058396514025116,0.18430981679128178,-0.11340766929562152
Finland,1920,-0.04813892021775246,-0.19066329414140593,-0.2767485067334148,-0.19066329414140593,0.31042374999999994,-0.07952019572257996,0.06499999761581421,0.0
Finland,1921,-0.37782983031708406,0.651202021574738,0.22806231890660744,0.651202021574738,0.5793539999999999,-0.14458402738197362,-0.14411438623750672,0.24432515337423322
Finland,1922,0.17140876258031712,-0.04720086751536956,0.4127400215078179,-0.04720086751536956,0.4206654,0.5661355044456715,0.09274629829987369,-0.025391347220510396
Finland,1923,0.038299023089296114,0.8694620988900819,0.23806378244010162,0.8694620988900819,0.38364299999999996,0.32065365707113247,0.05618399362200455,0.008347034273428644
Finland,1924,-0.0521672509893506,0.25974332291838786,0.17010168865431205,0.25974332291838786,0.42585839999999997,0.14701364317312637,0.05153580702282001,0.017559262510974616
Finland,1925,0.3216754461645237,0.08953516506124903,0.16226399311201334,0.08953516506124903,0.3992888,0.05159960705038369,0.021317373600130196,0.04277086158017984
Finland,1926,0.4177045658344529,0.175449690037061,0.16123260368559267,0.175449690037061,0.39688530000000005,0.09821001796972006,0.09171210224521831,-0.024468085106382875
Finland,1927,0.7109637983659918,0.252149273182946,0.2588040329555632,0.252149273182946,0.3988523,0.08843672521321833,0.04219442327041523,0.017084696474009453
Finland,1928,-0.10377402089709453,0.2734809835207197,0.32516477106228175,0.2734809835207197,0.39640949999999997,0.01614613644605467,0.044369767732745036,0.024541339051703526
Finland,1929,-0.14562722503482417,-0.05508305438954664,-0.07348509474137932,-0.05508305438954664,0.3996519,0.06927907809821177,0.07827513505542538,-0.007674418604651123
Finland,1930,0.044315517782982594,-0.14040243002849906,-0.18436096696070076,-0.14040243002849906,0.3967953,0.1706478874410633,0.15368447756089965,-0.08120459339114139
Finland,1931,0.17432023976532696,-0.08787183452069824,-0.2915427905522585,-0.08787183452069824,0.518175,0.17827593726175062,0.1468535973469014,-0.08009182502231849
Finland,1932,0.018963775672440786,0.19251152309857078,0.1050864618146441,0.19251152309857078,0.64883,0.09098265030358377,0.05969637685379947,-0.009150145570497759
Finland,1933,0.48099910392744705,0.2729263055265283,0.3882378352227171,0.2729263055265283,0.53572,0.2019264760143602,0.07725587952976065,-0.029942633272701746
Finland,1934,0.1645953674512226,-0.03495166635380953,0.017612805295182218,-0.03495166635380953,0.450595,0.08946954588173472,0.04999563037737231,-0.009519688446560037
Finland,1935,0.1189896547397149,0.2842538966037842,0.26864717241076674,0.2842538966037842,0.46308,0.0531877354980288,0.027227129571200992,0.009611183923110556
Finland,1936,0.45579013228416443,0.2578992465926184,0.26125134420617785,0.2578992465926184,0.45672399999999996,0.07014147192239761,0.03635000064969063,0.0
Finland,1937,-0.058080549404833426,-0.2590301569615031,-0.23388654042700424,-0.2590301569615031,0.45922100000000005,0.006047752514420246,-0.015190206219923064,0.05005048319630734
Finland,1938,-0.010060089057465915,0.018373290833020306,0.052321656948798013,0.018373290833020306,0.464215,0.017101679781706958,0.00442434044434048,0.02939560439560429
Finland,1939,-0.07197737266741155,-0.058019733962004216,0.02336673606731857,-0.058019733962004216,0.444235,0.02887726041695715,0.015758339544270195,0.017614091273018495
Finland,1940,0.02372938546857073,-0.10851109113464563,-0.08599668774891717,-0.10851109113464563,0.49870099999999995,-0.12056151693718653,-0.1334969062271565,0.19053238919485982
Finland,1941,0.2325362195083307,-0.12173995042593144,-0.05294947553479764,-0.12173995042593144,0.48608,-0.11401687152680262,-0.12768318052296423,0.18173807688071375
Finland,1942,0.11048713842590363,-0.052396590278706245,0.04036061112576124,-0.052396590278706245,0.48568799999999995,-0.11044797412626328,-0.12416933344232817,0.17699692422406565
Finland,1943,-0.1289603148453592,0.046832913632259165,0.10894647685684065,0.046832913632259165,0.48568799999999995,-0.07399383809515059,-0.08783528355677794,0.13066202090592327
Finland,1944,-0.0979910985652902,0.06921564276187286,0.1010402893725773,0.06921564276187286,0.48568799999999995,-0.015602135057154465,-0.030034328309087255,0.06359434094410976
Finland,1945,0.46637376831363153,1.4046235152169162,0.16832133508533004,1.4046235152169162,1.3571069999999998,-0.2533229090090737,-0.2645908149174987,0.4022125642038721
Finland,1946,-0.48995376307881666,0.6309906102666045,-0.05396668177851488,0.6309906102666045,4.0,-0.34276227917778945,-0.35290018529364064,0.5930309007232084
Finland,1947,-0.23185388304692678,-0.24898245261885832,-0.108888345671061,-0.24898245261885832,4.1,-0.23386267313963915,-0.20700118841125292,0.2992453275160665
Finland,1948,-0.44519841319390674,-0.0015161477090784858,-0.09972010064310194,-0.0015161477090784858,5.4,-0.35287263816260395,-0.21872211317477608,0.3464479386472441
Finland,1949,0.4098821531789958,-0.3205722590784915,0.07695895706937955,-0.3205722590784915,3.61,0.19884974309735037,0.029190611965353552,0.013514879849011008
Finland,1950,0.6014504020523317,0.4840452778252442,0.18857050970798367,0.4840452778252442,5.0,-0.15430888358187855,-0.07414083040919583,0.14666467145517426
Finland,1951,-0.022303861504682554,-0.08979675248192898,0.13287855864685835,-0.08979675248192898,4.35,0.09433082527673675,-0.08885186075354068,0.16276372072790557
Finland,1952,-0.13694630893149018,0.01166139924667231,0.08581205306057474,0.01166139924667231,3.85,0.030030449123066294,0.03774711532868524,0.009976306272602598
Finland,1953,0.3414189334390527,0.09180738555379087,0.06491099776525215,0.09180738555379087,3.95,0.08457104091422041,0.028308260958578746,0.019878997407087207
Finland,1954,0.05448929965496063,0.3247621610635616,0.46362943820902536,0.3247621610635616,3.54,0.04940541833639145,0.04935000091791153,0.0
Finland,1955,0.6516518221188101,0.3167747855674763,0.25253052994230846,0.3167747855674763,3.58,0.10134631261547278,0.08655206476316013,-0.02917675544794185
Finland,1956,-0.07757124707057572,-0.05577074086177325,0.025678691285333528,-0.05577074086177325,3.58,-0.016953777668750836,-0.05309853396925568,0.10998877665544327
Finland,1957,-0.23760875460476905,-0.10394433235183886,-0.08781968251126324,-0.10394433235183886,3.8,0.028492652282216424,-0.057194935770377264,0.11279631502078424
Finland,1958,-0.006924149905323418,0.1952129061329535,0.2936628784491661,0.1952129061329535,3.64,0.0770386920678976,-0.022585970640411124,0.06602725896012118
Finland,1959,0.4097801798305234,0.17909427637199404,0.23292986256468845,0.17909427637199404,3.5,0.10834651897061875,0.024041797526943798,0.015437067904157553
Finland,1960,0.11262485169797865,-0.04341006462181973,0.02671611467139806,-0.04341006462181973,3.3,0.09347120202595827,0.008069499406221814,0.032270098862152485
Finland,1961,-0.025398201789352592,0.1511247615486615,0.1746271557022354,0.1511247615486615,3.219,-0.015200431121762614,0.023112247182591084,0.018070112034694663
Finland,1962,0.09596485726927129,-0.12240183813380778,-0.1026373708473513,-0.12240183813380778,3.223,0.44448708007293325,-0.003962789793284349,0.04463968761093362
Finland,1963,-0.0006373296235279158,0.11284573717387025,0.13866304568628554,0.11284573717387025,3.22,0.10257501214409492,-0.0071317879673229445,0.04867895675813427
Finland,1964,-0.014254464471835537,-0.017764892790146702,0.06125157969603014,-0.017764892790146702,3.22,-0.060900683756389906,-0.058251210087599925,0.10353208036292938
Finland,1965,-0.100982102224065,0.041144432861127456,0.06390418365617832,0.041144432861127456,3.22,0.13379495135374242,-0.008879767728483867,0.04815739245338424
Finland,1966,-0.10449190274322773,-0.09572787723162113,-0.09131835449654543,-0.09572787723162113,3.22,0.040419557181530896,0.00013349231513282156,0.03936125507774202
Finland,1967,-0.06551086884937773,0.46725171618343975,0.18166740881911395,0.46725171618343975,4.2,-0.06833932102182805,-0.017924470720044106,0.05633423180592989
Finland,1968,0.2860808030805124,0.10471095014549148,0.15950447804448753,0.10471095014549148,4.2,0.2141877132184764,-0.0447494728387543,0.09186016841030864
Finland,1969,0.23143039702878498,-0.06902336015880728,-0.0943524174875143,-0.06902336015880728,4.2,0.05699987261652639,0.019044803215480854,0.02208459920542194
Finland,1970,0.21572244392685969,-0.03384310126913115,-0.05747634044237981,-0.03384310126913115,4.18,0.04183422640503287,0.013993981281689605,0.027323653824168348
Finland,1971,0.12467193787278696,0.11914766130189114,0.09572856921919451,0.11914766130189114,4.15,0.019489524459405327,-0.013169379267048753,0.06482305809036282
Finland,1972,0.5929753917632417,0.17234834699769475,0.19614430836084187,0.17234834699769475,4.18,0.05028323025395043,-0.026350057479306743,0.07143230391388422
Finland,1973,0.29899532120431926,-0.21804877501464515,-0.153989266563666,-0.21804877501464515,3.845,-0.12744659726555596,-0.047784003885690374,0.10983222785797886
Finland,1974,-0.2922758523510899,-0.402916349138151,-0.3385056765129614,-0.402916349138151,3.551,-0.11696947876230701,-0.09400264331681585,0.16672525927227988
Finland,1975,-0.12262186294303579,0.2100273650956459,0.21430855370992288,0.2100273650956459,3.85,-0.10582042928022728,-0.1033146830828332,0.17811676082862515
Finland,1976,-0.24249323028818504,-0.03271731425715607,0.06184774261585202,-0.03271731425715607,3.767,-0.09232078082177264,-0.07505465206063466,0.14341890725406814
Finland,1977,-0.21455750582156363,0.010254848409223527,-0.0655581757510744,0.010254848409223527,4.018,-0.006064013371522403,-0.07065855254157105,0.1266042220047532
Finland,1978,0.10606896500291318,0.05922092686178537,0.029700048323349885,0.05922092686178537,3.926,0.1570731591835961,0.03670096791790933,0.07797880525153267
Finland,1979,0.1747684904339406,-0.014021063289612945,0.05551137061390377,-0.014021063289612945,3.711,-0.029337759051791923,0.01670752984850643,0.07468631288131689
Finland,1980,-0.06732432471493466,0.18352913587159003,0.1233616053165918,0.18352913587159003,3.84,-0.07570104434759006,0.006743980973363373,0.11594078707770095
Finland,1981,0.1063887807672923,-0.012378746458152179,-0.057354245444160165,-0.012378746458152179,4.357,0.006931349910948681,-0.004876136460160718,0.12007832447063782
Finland,1982,0.2924418501055237,0.2112638917461569,0.07545279366632782,0.2112638917461569,5.291,0.026062750987015715,0.019132281046259525,0.09567065437219346
Finland,1983,0.5577756637609805,0.24597633386832407,0.2107476592598524,0.24597633386832407,5.81,0.010531057093282392,0.05816115623492624,0.08365661369040178
Finland,1984,-0.09288699941339273,0.11735121359500433,0.08499936461283171,0.11735121359500433,6.53,0.03666894644489194,0.08812316789767483,0.07067382643339681
Finland,1985,0.09678425323680195,0.13954376080004738,0.25797913491231994,0.13954376080004738,5.417,0.07607979526580366,0.07172544610329701,0.05867443240036674
Finland,1986,0.6099689780889033,0.2009615835541647,0.253372570498449,0.2009615835541647,4.794,0.11669713332362952,0.08749048967221063,0.028997503947837622
Finland,1987,0.25960059493195775,0.0023603162106062836,0.07474390202841377,0.0023603162106062836,3.946,-0.042819552817473294,0.056534476578235626,0.04081632653061229
Finland,1988,0.282604003368665,0.1586605617267951,0.14118392800220075,0.1586605617267951,4.169,0.011971886224617645,0.07098524244539584,0.05096374510993007
Finland,1989,-0.20747192583484253,0.0961629310640919,0.21830380815494677,0.0961629310640919,4.059,0.0010089071156207385,0.06905137335692024,0.06633478531425019
Finland,1990,-0.345537213602066,-0.18890313679722792,-0.13184628534117604,-0.18890313679722792,3.634,0.05128668486475951,0.06574852760314931,0.0610304727951787
Finland,1991,-0.22931153086640643,0.20934005361865182,0.051761205893028364,0.20934005361865182,4.133,0.09201275481167959,0.0877450797637429,0.041160000000000085
Finland,1992,0.05266935792121075,0.23273801953577622,0.0065070539293400065,0.23273801953577622,5.245,0.15668687706386453,0.05040284044843579,0.026019055668677238
Finland,1993,0.8889419917755625,0.277157005952928,0.1500924359950626,0.277157005952928,5.7845,0.3518576108438445,0.03182515234747929,0.021006318745611985
Finland,1994,0.1643586595193982,-0.1516247974601268,-0.020663778357424487,-0.1516247974601268,4.7432,-0.12756283289441228,0.04613408687002574,0.010864681990299774
Finland,1995,-0.07259751352305377,0.1095425933561498,0.1859568175384117,0.1095425933561498,4.3586,0.2760268340959613,0.02614251288841496,0.009849982767065057
Finland,1996,0.4992009457337494,0.2694961245970222,0.1940473365506375,0.2694961245970222,4.6439,0.1539407451777559,0.02639832833114819,0.005766121789114287
Finland,1997,0.3353247187697621,0.3936621597072889,0.23341429339729167,0.3936621597072889,5.4207,0.10296843923682575,0.023236827665693127,0.012163856764664915
Finland,1998,0.6976311932091264,0.13344081970242638,0.18393854161942452,0.13344081970242638,5.096,0.16059973049304355,0.015929468242828593,0.013490632270143132
Finland,1999,1.6358294369449191,0.3904774768267196,0.21786679090020428,0.3904774768267196,5.91850487756321,-0.07591186134456218,0.030411733877124147,0.013107317006913588
Finland,2000,-0.11893949708860174,-0.020518795954565183,-0.049012114270781615,-0.020518795954565183,6.389822675980655,0.05964177096853618,0.012733322282773019,0.029508768166461197
Finland,2001,-0.32426070056304135,-0.14182382541696126,-0.1622259523301296,-0.14182382541696126,6.746544876886418,0.01908339698589101,0.006358940692108073,0.026657463959681715
Finland,2002,-0.34141101325354883,-0.31658775250052473,-0.22906712676739982,-0.31658775250052473,5.6696195289405935,0.10007320887403437,0.003203409863951956,0.020066974478664568
Finland,2003,0.0712170660414535,0.04733948221677453,0.17540447572060175,0.04733948221677453,4.707624703087887,0.030284456150528216,0.008051845702355287,0.01290755800940091
Finland,2004,0.07414966520490829,0.09142807313314494,0.12494741773774856,0.09142807313314494,4.365120035239704,0.09488828473667699,0.020343674671767342,0.0014731879787861502
Finland,2005,0.3416622300302763,0.23270627503182917,0.10523064168223956,0.23270627503182917,5.0400356022717645,0.06270382592636525,0.022867707940019244,0.007747376679415607
Finland,2006,0.20293597154089493,0.08700972060901613,0.1564450886536395,0.08700972060901613,4.514601366742597,-0.02713785960230808,0.029649948655980696,0.012748151031529709
Finland,2007,0.23092860667487414,-0.03367492351603674,0.037734534310973004,-0.03367492351603674,4.03894436519258,-0.0024049985743932467,0.030036148059761958,0.015830690881137643
Finland,2008,-0.5314175675593681,-0.3698496040617124,-0.39593064333923633,-0.3698496040617124,4.2722785082992,0.07301342322022952,-0.025864508987091805,0.03916097145694897
Finland,2009,0.24183161329137803,0.21186569996659976,0.23791928861798817,0.21186569996659976,4.127259475218656,0.03508075756856632,-0.00809745799258943,0.016339348701727152
Finland,2010,0.2140492940574299,0.18153008296985185,0.09219450940213034,0.18153008296985185,4.449730579254603,0.0581761175186557,-0.002905362352363605,0.016860347954591237
Finland,2011,-0.2936907851938759,-0.0253172682617141,-0.050020783233204504,-0.0253172682617141,4.595200556457223,0.07706132425798717,-0.026621938443143978,0.03323864887479622
Finland,2012,0.10606142806638541,0.09298472077238085,0.12787894496229074,0.09298472077238085,4.506389267849023,0.07089245714982795,-0.028507353863816975,0.031615288714609946
Finland,2013,0.293769370921209,0.21141724758939406,0.2954424809758431,0.21141724758939406,4.311311725038069,-0.050174086780576665,-0.019621814518069547,0.022155886545334402
Finland,2014,0.09419253447840581,0.20744031469318047,0.1038079083850689,0.20744031469318047,4.897232517914504,0.15867987743466627,-0.00987717109583075,0.012095918511706882
Finland,2015,0.15042961668133747,0.13935255152227533,0.041525737194287156,0.13935255152227533,5.46131165610361,0.0026723902097531838,0.0013669284995010411,-0.0015575701905028438
Finland,2016,0.10221239355066936,0.05738410230480273,0.03610675024200569,0.05738410230480273,5.640574898017266,0.033797778061454675,-0.0065017083545009235,0.003889999999999949
Finland,2017,0.10065740941824552,0.0689978238600577,0.1624628907668338,0.0689978238600577,4.957666972400572,-0.027402151127060126,-0.011591000859412004,0.008397334369303344
Finland,2018,-0.03655880082138396,0.02245341239273979,-0.016023815503396297,0.02245341239273979,5.192777292576421,-0.016382015112923698,-0.014734836420446262,0.011686028133396587
Finland,2019,0.19106295339315116,0.1639645697538734,0.14077451696456178,0.1639645697538734,5.2926206159871825,0.018372538694351404,-0.014760758889350134,0.011365522628521196
Finland,2020,0.1766899530467363,0.01305392359437696,0.062306133341665806,0.01305392359437696,4.845350827153452,-0.005248314019651423,-0.008053953873970898,0.0038328232556792408
Finland,2021,0.19973713883945554,0.16571722941080136,0.17704032308380854,0.16571722941080136,4.674895855808587,-0.06040321408161997,-0.025620055261201258,0.02066185
Finland,2022,-0.18005816295622679,-0.09751713857339583,-0.13772085480203572,-0.09751713857339583,5.259502363249291,-0.21163115651655628,-0.06373025712373448,0.07171630999999999
Finland,2023,-0.058998211137075374,0.10543102872205479,0.1592120595874384,0.10543102872205479,5.111842138607323,-0.005101093896632047,-0.00871855136517996,0.043404990000000004
Finland,2024,-0.02509699378944985,0.1735105889002042,0.16860300748543022,0.1735105889002042,5.1067305893466735,0.013007611869992441,0.02650908962305598,0.009105872000000001
Finland,2025,0.3391166239910355,0.17049000161859773,0.17514198535824554,0.17049000161859773,4.899931121258789,-0.003752101835589716,0.005754992740681031,0.01844264
France,1871,0.16985587963932436,0.4202602699696736,0.4127574522936487,0.33415034256634546,0.046776456,0.04961036412339448,0.010578947082946044,0.04395604395604402
France,1872,0.12941264155063226,0.09990288795060098,0.0385858043191621,0.10716388104714314,0.046832478000000004,0.002257258898796577,0.061170213518941585,-0.010526315789473717
France,1873,0.07771899551153183,-0.046735215509624894,-0.06210017620956066,-0.02475045779113305,0.04582685099999999,0.16242556273937225,0.04749999940395355,0.0
France,1874,0.09581796824932098,0.02136913929531481,0.05049017567882328,0.03330673696478281,0.046470015,0.1215175986289978,0.03500000014901161,0.0
France,1875,0.18330060852610552,0.042536997484260874,0.07851831194797446,0.06690720174862186,0.045048808999999995,0.13257155146287847,0.0549456509559052,-0.021276595744680882
France,1876,0.03458427755456239,-0.01739339044043753,0.0029240831089136533,-0.008340382314480421,0.046465112,0.06879017070720073,-0.007368420691866495,0.032608695652173836
France,1877,0.052489448338747025,0.06980683847041669,0.08008143344816009,0.06456587885124576,0.04953959,0.08817841857671738,0.019999999552965164,0.0
France,1878,0.1147930913714954,0.10242169214038,0.10418396220427135,0.1044872796148335,0.05146446999999999,0.11947194222481028,0.052150536949435944,-0.021052631578947434
France,1879,0.1176941841840744,0.31117997929278496,0.33350015849839987,0.2799930765202756,0.05201294,0.10677671432495117,0.028750000521540642,0.0
France,1880,0.213370163072931,0.16291499936067355,0.14227886562058029,0.17416876015388172,0.052169664,0.06460647633735173,0.014293617053710461,0.010752688172043001
France,1881,0.2795795900847322,0.14635680110189297,0.14078304608684808,0.16668283402986894,0.05229440999999999,0.05077795972747179,0.04794838792213829,-0.010638297872340385
France,1882,-0.16996677219867706,0.0008217328653963296,0.007013181825538537,-0.025214262052186687,0.051727388000000006,-0.03290891647338867,0.0340999998152256,0.0
France,1883,-0.056810186607272994,0.005662240393381701,0.03652281948413052,-0.003955471921344711,0.052026322,-0.019045640626236038,0.005085262518964351,0.021505376344086002
France,1884,0.051439400762319565,0.0338952522216156,0.06311538379049945,0.04014084692135045,0.05189552,0.0657527968287468,0.024800000712275505,0.0
France,1885,0.04430438550089,0.1373226218264092,0.13340790635240438,0.12355848764582533,0.051979454999999994,0.07575094327330589,0.04653225740998668,-0.021052631578947434
France,1886,0.04122351109981537,0.08292934523448636,0.10438978002424318,0.07691020074897592,0.05188371099999999,0.07766764611005783,0.02199999988079071,0.0
France,1887,0.03405974204044626,0.024797549499027127,0.005719102744177314,0.026057629064452525,0.052137117000000004,0.02383334143087268,0.035332608563096723,-0.010752688172043001
France,1888,0.026786488711193046,0.07788347064133205,0.08983099584703813,0.07113186662876902,0.051951165,0.0419624236322218,0.016253763629544116,0.010869565217391353
France,1889,0.06835507237068983,0.12286080046087688,0.09329554049214187,0.10765949972310374,0.05182242000000001,0.10349707677960396,0.03654565186361247,-0.010752688172043001
France,1890,0.09971122443675995,-0.042392195715117875,-0.05060968959919185,-0.02396262964237872,0.051887825000000005,0.12223191559314728,0.026200000196695328,0.0
France,1891,0.011637461521933012,0.042231126017630904,0.05125827176156649,0.03825297907522529,0.051902224,0.02486263471905903,0.014077419555315274,0.010869565217391353
France,1892,0.011659945612494838,0.061684992835242536,0.07979422421617031,0.05513850736399539,0.051638579999999996,0.08067025843521813,0.029166305275714954,-0.010752688172043001
France,1893,0.0960690857289912,-0.04437747883650078,-0.0189747165246471,-0.026200084329138673,0.05175363200000001,0.04245753135982455,0.03343296656896788,-0.010869565217391353
France,1894,-0.02025737854368659,0.07365872863179823,0.11431121126827604,0.061251418931248525,0.051567749999999996,0.0493162047198934,0.006835868966806213,0.01098901098901095
France,1895,0.04058557879793767,0.12112690360445044,0.11794265738386725,0.11032525618102773,0.05163490200000001,0.03228165340292577,0.027468132121222233,-0.010869565217391242
France,1896,0.08523831516504288,0.09569937592966493,0.08396453270360262,0.09439019141740923,0.051696593,0.04569881036877632,0.017100000753998756,0.0
France,1897,0.12770834096362083,0.10258927913784777,0.06981142062319791,0.10583533072938756,0.051689896,0.05842760787083856,0.04108089964125261,-0.0219780219780219
France,1898,0.031393275120191966,0.11173828942823216,0.11619940478005814,0.10186038201547953,0.052092812999999995,0.00517948820359182,0.00856777750369564,0.011235955056179803
France,1899,0.035471394658088684,0.06690262716934625,0.06266705407680025,0.06176024293666704,0.05182148,0.008621372282505035,0.0284000001847744,0.0
France,1900,0.028274236717722,0.08870419931100804,0.07006620331700873,0.07937946314239497,0.051694008,0.029166815454488404,0.019076923583890126,0.011111111111111072
France,1901,-0.05437985435128212,0.08337078381835927,0.07920690946011681,0.06780695121318425,0.0516078,0.029814645648002625,0.02410000003874302,0.0
France,1902,0.007407220080494881,0.06265105367704216,0.05519514118207524,0.055019959690430165,0.051608314,0.01478710025548935,0.023900000378489494,0.0
France,1903,0.03949144153545303,-0.03486662099281057,-0.062344979727548766,-0.02518956789064508,0.051694008,0.02452762988913393,0.03841111181924739,-0.01098901098901095
France,1904,0.0629340335726738,0.2008056743242328,0.19957761833348753,0.1817076069223047,0.05166220800000001,-0.023891454562544823,0.021400000900030136,0.0
France,1905,0.05404086410999298,0.15468885724178105,0.15254658602646934,0.14142473151640877,0.05167961600000001,0.10570073872804642,0.0210999995470047,0.0
France,1906,0.0175668804363891,0.1123978919367179,0.0936855986713385,0.10277071881557331,0.051830028,-0.021756889216683728,0.01551648270297834,0.011111111111111072
France,1907,0.006436565830169938,-0.15130906199447802,-0.165787072092705,-0.13227119510294405,0.051849252000000005,0.01896895445964253,0.022266305173220813,0.01098901098901095
France,1908,0.05162277657498593,0.182073566160174,0.20677833032468057,0.16349115239656986,0.05168119499999999,0.0339524508804403,0.010417205191427525,0.010869565217391353
France,1909,0.09491437673568726,0.16066292196111887,0.16579647067490863,0.1521980632651767,0.051706296,0.048972271382808685,0.017500000074505806,0.0
France,1910,0.022490197713387783,-0.022344548142304688,-0.04446631826191137,-0.01723431307102774,0.05187288,0.009454239179637947,0.013007447182973753,0.010752688172043001
France,1911,0.03302926007582219,0.006492460569243574,0.041331832806849045,0.009389022788396373,0.051957763000000004,-0.03504056978628656,-0.015781632301454684,0.042553191489361764
France,1912,0.06303086131811142,0.0641010215223845,0.036522407534777625,0.06398010575268609,0.051870255,-0.01954321376979351,0.031199999153614044,0.0
France,1913,0.002376275137066841,-0.04573445477320892,-0.05104972028026512,-0.03996635576278784,0.051840000000000004,-0.02016141265630722,0.03819999843835831,0.0
France,1914,-0.12826837316155437,-0.0686455721187137,-0.041094801527914684,-0.07605478543732747,0.050949999999999995,-0.15945086985826495,0.008125999681651619,0.020408163265306145
France,1922,-0.5888919134934743,0.2027417307809467,0.4224219827746013,0.20817313884815158,0.12193,-0.621080035964648,-0.6523666667441528,2.0
France,1923,0.13021831292855102,1.5887883349757228,0.24554395167182352,1.4941836076997972,0.16444,-0.11837481599497168,-0.0659842089210686,0.11764705882352944
France,1924,-0.09313181248994973,0.20181485285189038,0.19537123821929928,0.17598091674424565,0.19096,-0.15364139148822198,-0.07738923161075661,0.14035087719298245
France,1925,0.08453856970089069,0.26767310957997625,0.16856978364089706,0.2539305014117128,0.20977,-0.07698702526049339,-0.004369566783956835,0.06153846153846154
France,1926,-0.04547542283932371,0.3271878504144532,0.17735758577475588,0.30022062215738066,0.30838,-0.1346592754125595,-0.189939999456207,0.30434782608695654
France,1927,0.20084768914161844,-0.009607834974127982,0.26239762798863786,0.0026796171389475987,0.25484,0.17212118779091123,-0.014691488539918973,0.04444444444444451
France,1928,0.4836086928844452,0.3024778434970379,0.31459602600081066,0.31380436597160033,0.25504,0.17705826461315155,0.03020000085234642,0.0
France,1929,-0.05915604269714114,-0.12941916253026353,-0.0745288364290264,-0.1246486212380935,0.25536000000000003,0.2198225247859953,-0.027382001131773137,0.06382978723404276
France,1930,-0.27511117836036303,-0.20889916596034364,-0.17648804679543717,-0.21418476051950264,0.25478,0.0930307873404852,0.013366335836967558,0.010000000000000009
France,1931,-0.29096879541259457,-0.33331204527258085,-0.29158929966419445,-0.3301382604960992,0.2551,0.03599181592694878,0.057480411930489694,-0.03960396039603953
France,1932,0.36596832255070866,0.011085881909599582,0.08352807192300976,0.03817371377503931,0.25461,0.05809768136929372,0.11660227302292525,-0.09278350515463918
France,1933,0.04745531537953562,0.22526507103092386,0.42329595067186465,0.20867911848547194,0.19876000000000002,-0.0650916337966918,0.05216941202388092,-0.03409090909090917
France,1934,-0.03991220655237748,-0.10275610858880058,0.02258251682882413,-0.09775862963582671,0.15223,0.24925379073474474,0.0575243894283366,-0.03529411764705892
France,1935,0.10103616689642281,0.3945916080043592,0.2821621434843261,0.3726875533248568,0.15148999999999999,0.09730655219405904,0.1287573342521986,-0.08536585365853666
France,1936,0.10281710047274828,0.30520815695862447,0.27325052545491724,0.29095903317230154,0.16356,0.00741448812186718,-0.027999999234452844,0.06666666666666665
France,1937,-0.2497200688513198,-0.06336936074405564,-0.2329493110162723,-0.07378352127673282,0.24716000000000002,-0.23767248887826897,-0.17758415831197605,0.26249999999999996
France,1938,-0.07004871319817452,0.30138194526085904,0.05966576695777028,0.28035246872787134,0.34745,0.051337137040884606,-0.09749913071484662,0.13861386138613851
France,1939,0.09771567717438834,0.08175106929925624,0.019388649164013595,0.08256188261769415,0.39836,-0.1335658002339426,-0.03805327815477,0.0608695652173914
France,1940,0.24022989437497877,-0.04121168875450665,-0.08599668774891717,-0.04121168875450665,0.48015,0.04018119881893023,-0.14414896502577035,0.18852459016393452
France,1941,0.3041368267115423,-0.11727429661724842,-0.05294947553479764,-0.11727429661724842,0.4666666666666667,-0.018798600224887774,-0.13281470624839564,0.1724137931034484
France,1942,0.2740478341172381,-0.07434877162777642,0.04036061112576124,-0.07434877162777642,0.4666666666666667,-0.1347141351278235,-0.15729756062714062,0.2058823529411764
France,1943,-0.3357173743562436,-0.04472080856673766,0.10894647685684065,-0.04472080856673766,0.4666666666666667,-0.17513099799709997,-0.17959645676507252,0.23902439024390243
France,1944,-0.278704501904092,-0.07121616221809168,0.1010402893725773,-0.07121616221809168,0.4666666666666667,-0.11536715373732276,-0.16988553048090538,0.22440944881889768
France,1945,-0.46065583317631487,-0.12465200384706421,0.16832133508533004,-0.12465200384706421,0.5017921146953406,-0.3129675767289518,-0.3161373101881908,0.48231511254019277
France,1946,-0.16508308667716054,3.1334696744865953,-0.048336370708728676,2.9743912972372013,3.45,-0.3815754731351332,-0.33564850633664545,0.5249457700650759
France,1947,-0.45353852972402475,-0.44471062702284825,-0.08657732391922351,-0.44524735822514816,3.0,-0.47203388763280907,-0.31931639696561065,0.49217638691322896
France,1948,-0.4372914255587742,0.14390832567464407,-0.08229850100381898,0.11538542091778625,5.2,-0.40488682013416954,-0.3564158053598546,0.5862726406101049
France,1949,-0.2527412358723896,-0.3081139261996282,0.09187006572336419,-0.3057179856193003,3.95,-0.08715618905467049,-0.0903154929286577,0.12698412698412698
France,1950,-0.22697518441157472,0.11670195521664728,0.20058801589718195,0.10704223204686647,3.91,-0.11303255038383686,-0.06762435924834942,0.09859154929577474
France,1951,0.2368118422372001,0.1339957213025329,0.13076180537753435,0.13604792577668756,4.26,-0.21343257597514564,-0.11971428511398186,0.16666666666666674
France,1952,0.016569704839996202,-0.004420333717855995,0.08757845651337688,-0.0038981885496999213,4.12,0.1345807909965515,-0.07474411903497047,0.1208791208791209
France,1953,0.2562338101863859,0.004342865030669829,0.06027898111204601,0.010297109987350561,3.76,0.019328673457494006,0.061207998394966046,-0.019607843137254832
France,1954,1.1585566997528076,0.4500533220657452,0.4431529280349843,0.47033232700685135,3.74,0.09001980721950531,0.03590000048279762,0.0
France,1955,-0.04617027259699191,0.3178025129407185,0.2633327200034015,0.3050992328418405,3.9,0.06469110244571574,0.02138613710309012,0.010000000000000009
France,1956,0.0017501817872893621,0.053512336141789296,0.026507712825408775,0.05177904775957898,4.03,-0.06144456042406632,0.002133653678286773,0.029702970297029507
France,1957,0.09050740780086697,0.06441290969586166,-0.09437384000278261,0.06533797620354775,4.79,-0.014853415139224557,0.005174312296263528,0.04807692307692313
France,1958,-0.20228992086648956,0.220160614146371,0.3203084710356452,0.19862123511590357,4.95,-0.026496130466461376,-0.07140719705820098,0.1467889908256883
France,1959,0.1911519375958839,0.1662980660803437,0.2345575196718678,0.1672300563608191,4.93706000393706,0.07859712290136445,-0.021898496447873117,0.06399999999999983
France,1960,-0.10540843425669533,0.014877411929508755,0.03306868427905098,0.009359357981007177,4.93706000393706,0.00678575292661554,0.003089856491356624,0.03759398496240607
France,1961,0.01945800523103114,0.17484649407316755,0.1822478102723873,0.16757231620101498,4.93706000393706,0.0281620930198212,0.007302816380077459,0.02898550724637694
France,1962,-0.14788448700568813,-0.12635504204413273,-0.10037472251078294,-0.1273803799582941,4.93706000393706,0.017771734387282523,-0.012575838789843807,0.04929577464788726
France,1963,-0.21925116951266932,0.13423186601151804,0.15847642548778212,0.11569021396139889,4.93706000393706,-0.015096875158353562,-0.006857692837142104,0.046979865771812124
France,1964,-0.10838385768558678,0.05686276618929442,0.06830558736942802,0.050265592529862735,4.93706000393706,0.011427382782379203,0.014872051081301851,0.03205128205128216
France,1965,-0.07650123870965242,0.06339836732146265,0.06909218453044015,0.058413256989923834,4.93706000393706,0.01011513647095974,0.010711446875728559,0.031055900621118182
France,1966,-0.19548168475826688,-0.08376963055189646,-0.08800899350903713,-0.08720953244443996,4.93706000393706,-0.057184168436704264,0.017615760718958207,0.029661726167345526
France,1967,-0.04848476117831302,0.16256417599011175,0.1890668132174265,0.15599029224332694,4.93706000393706,0.02777156240080969,0.01953680541517122,0.027917770943512554
France,1968,0.12293239085796648,0.15456263079482335,0.16044246896214603,0.1537716732899701,4.93706000393706,-0.032871086054471754,0.01536967713915871,0.045432048640203115
France,1969,0.1661177386369319,0.005683500011218312,-0.1006105202289081,0.009447682902173238,5.55419000455419,-0.08747602648591846,0.02747899835780676,0.06045962841738928
France,1970,-0.13354192385523023,-0.05031022090961934,-0.05504462525027055,-0.05288860004004692,5.55419000455419,-0.14232912468044212,0.03210228326089304,0.05299641245626652
France,1971,-0.10508873852529854,0.05399772760019572,0.1023286688892305,0.04893553660248595,5.11572151321783,-0.010144800984565605,0.004198215360080804,0.05397518655950906
France,1972,0.10266959890027327,0.17778373329890895,0.19869464989226643,0.1757887674584866,5.11572151321783,0.027591459762231985,-0.010493792288573833,0.06063003097182107
France,1973,-0.09825740273348837,-0.19380826863330547,-0.15546804758403007,-0.19133846939679744,4.7085,-0.08281725368981674,0.014242789154708113,0.07380601063989056
France,1974,-0.35885990256786615,-0.37397275827148246,-0.33784450391583765,-0.37349728758349,4.444499999,-0.1454225513408226,-0.006505256691985206,0.13649317472813816
France,1975,0.1814402807764215,0.188345501922204,0.21538119367699046,0.18812727514073502,4.485499999,0.08227728856894756,-0.03371890608770345,0.11685927249322647
France,1976,-0.19081526344396693,0.1527720904799188,0.06967583613742286,0.1424468473385314,4.969749999,-0.049035814339904116,-0.00971941256864628,0.09625495781555382
France,1977,-0.24017255388187275,-0.07379804146842806,-0.06171075353076655,-0.07738487626832935,4.704999999,-0.0052728140001242485,-0.0038774039560630635,0.09494554671904298
France,1978,0.48369398405745834,-0.060978634659884956,0.020121875315845333,-0.049724789840171923,4.179999999,0.06461605984918473,-0.011629764253658026,0.09250558467244274
France,1979,-0.014806815999585998,-0.025926221869559174,0.05737552459118197,-0.02563905627603802,4.019999999,-0.1518183811943301,-0.014521295129190759,0.10646734171666461
France,1980,-0.04191618900264782,0.27092464489299894,0.12786901663898836,0.2626194317769308,4.515999999,-0.13692170003116955,-0.015080484194848753,0.13562578848301543
France,1981,-0.21599756187021157,0.10228169609899584,-0.05370038842777569,0.09511615602683365,5.747999999,-0.1099046498115851,0.017522874836058522,0.13314405568007137
France,1982,-0.014080943837896154,0.14492838531239127,0.07721954247385161,0.14185140780646432,6.724999999,0.08624112890059576,0.025822177091398224,0.11978471952380554
France,1983,0.44956610973498456,0.3935272139388968,0.20716369049320127,0.3943557603406984,8.347499999,0.13206776236560525,0.02808147364150515,0.09459548472353196
France,1984,0.06324549707690874,0.13725706666113835,0.08539577601537451,0.13593252216285978,9.592,0.13140029827375477,0.037771777343797774,0.07673802622473191
France,1985,0.29551514724469197,0.07858816584843331,0.2571656445640988,0.08318973805405938,7.561,0.14229171614261604,0.03876995600016109,0.058310997385451424
France,1986,0.3481875098021803,0.15807701073964653,0.2510564053058999,0.1626103404382051,6.455,0.1901094498628373,0.05075140627175356,0.025385259178140718
France,1987,-0.26186325809693245,0.02408738583207426,0.08560382488018303,0.015150130809596707,5.34,-0.03348464828198383,0.04537694742613718,0.03288898214001512
France,1988,0.5808053569595202,0.2654123596265674,0.12980334737828098,0.27337098366396373,6.059,0.15274701498798393,0.04695695933163324,0.027008152750810588
France,1989,0.26437922887819587,0.10275688527088023,0.21673090570749232,0.10809214500106057,5.788,0.019953779470516686,0.05384981609820905,0.03498302207007398
France,1990,-0.24378995035847906,-0.17201072572433407,-0.12771693008384405,-0.17456430723629035,5.129,0.0035162220980775594,0.06446464723688683,0.031942833802948156
France,1991,0.12997916677514043,0.08140314032367746,0.0485930325538399,0.08329409230708018,5.18,0.13663194528936184,0.06081825391801088,0.032134073240969396
France,1992,0.023412912654434903,0.03543796514451558,0.005887631926093012,0.035012945869902,5.5065,0.05741231099626054,0.07803451445441945,0.02363760462693576
France,1993,0.33628846863320283,0.23639194756049742,0.1435099603378741,0.23980294199143048,5.8955,0.3106240989195388,0.06507750909691468,0.02104462771246296
France,1994,-0.15708172503366724,-0.06309115340259208,-0.014646126390931945,-0.0670620887136878,5.346,-0.1376630693771831,0.039712400588165275,0.016555153292699964
France,1995,0.0009408912005768322,0.10172263157925365,0.19326696454852094,0.09789200515779095,4.9,0.1504731997341895,0.044772521434432555,0.01796481420956031
France,1996,0.2805620140823153,0.25508445209691755,0.1912211312413546,0.25589040810116814,5.237,0.15297063744015515,0.017115125349704385,0.019828836508972936
France,1997,0.2624797289760967,0.3689670846773281,0.23239309909913636,0.3653527124158802,5.9881,0.16291301847034845,0.020126592225905293,0.012039429402697088
France,1998,0.3044725457097792,0.13353632539152982,0.17934027185803292,0.13981776525369694,5.6221,0.22082265673317902,0.027236388456765903,0.00651126867832974
France,1999,0.5479641838252871,0.3947286322288224,0.20335864827066086,0.40117995993283095,6.529534142942465,-0.0975676547516916,0.021816646441121357,0.005371416391346084
France,2000,-0.011235237810479304,-0.008072785390951687,-0.051081981460063576,-0.008237061211289975,7.049511015583019,0.07078350926939359,0.025222926412437063,0.016759598872093884
France,2001,-0.20537395159341887,-0.12878017374119977,-0.15963519591072378,-0.13311863504595822,7.443061386587995,0.058814419654566796,0.025809266072925885,0.016347807954959492
France,2002,-0.30607381661796995,-0.31659909242343853,-0.22465982681153274,-0.31602931261405653,6.254953752264709,0.07291350601266733,0.013458350194711866,0.019234122872706205
France,2003,0.1873131597279345,0.03136316683401441,0.17478673668643124,0.039053821833450186,5.193642121931908,0.03159248736309306,0.001734300384187204,0.02098472191469214
France,2004,0.10628075864861541,0.06840613138059526,0.12582844628072817,0.0701131684637446,4.815777108876,0.12076322683849416,-0.0011472379602659455,0.021420896464023675
France,2005,0.2622932999095049,0.2191555731456467,0.09845132942619123,0.22094048893300955,5.560371280834111,0.1252102908812227,0.0031959258105080934,0.017458693638048528
France,2006,0.20541712459133676,0.07638115064267881,0.15391086553785216,0.08273000909130457,4.980690964312831,0.0026592913134708684,0.011940241219165593,0.016751244960872436
France,2007,0.015518275105417478,-0.03550286205126607,0.03899200435198128,-0.03276969806360974,4.455926907139458,-0.10985910363262863,0.023412146237888676,0.014879980595385423
France,2008,-0.42509670959036505,-0.35950894852550364,-0.39424733816288315,-0.36308776431970635,4.713350578429257,0.1879026920017417,0.007840179681911641,0.02812861949147938
France,2009,0.28919014620178607,0.22727715091312417,0.23502212866450017,0.23058854864754075,4.553359711231429,-0.0648629381496083,0.005591146210397024,0.0008762047815749074
France,2010,0.026180189890110173,0.19227482785349204,0.09595073663286433,0.18333281390744638,4.90912288579554,0.07740191378574046,-0.011374486449262755,0.015311227042091868
France,2011,-0.15180056486499305,-0.006576014505008221,-0.04473487416453415,-0.013745853532984964,5.069611252801608,-0.018508203396976675,-0.013889113861367708,0.021115979517499994
France,2012,0.18061546517245675,0.10226483968841005,0.1252925800519856,0.10592775979843538,4.971631044414128,0.16633544933674127,-0.018683507605122607,0.019541953161352987
France,2013,0.211707301589934,0.22842619186563318,0.2994981276824594,0.22765383425945873,4.75641360307447,-0.046949411000716146,-0.008136214565527933,0.008637154978613282
France,2014,0.021895237180680427,0.22481394621721296,0.10758404537123334,0.21587171842156416,5.402825137962275,0.31714183640093885,-0.00448191427007838,0.00507758822938098
France,2015,0.1190262061979015,0.1379673170102138,0.03803671288580862,0.1371513346728619,6.025140075319188,-0.00023195374951945347,-0.0023650065539176923,0.00037514380512226886
France,2016,0.08740640584620829,0.05818403459635779,0.03358196136491751,0.05955479315419865,6.222910539796983,0.03338229510192936,-0.0050181485954886584,0.0018333486112471764
France,2017,0.17299141602279566,0.06182279175742611,0.16195273233723984,0.06696050675958243,5.469498874343369,0.025260813721206032,-0.013715247373614181,0.010322827506460408
France,2018,-0.09131802501783504,0.02304789336808377,-0.01078249590002018,0.015604863731842666,5.728882096069867,-0.008749488061015942,-0.02173487842338573,0.018508150831551218
France,2019,0.26962926053659086,0.15697793079083056,0.13182970055259,0.16429033050573016,5.839033291792769,0.06563561494219705,-0.014835138080731336,0.011082549228827565
France,2020,-0.013102554704891745,0.013867724020496963,0.06755032787472118,0.012114068308228143,5.345587156710943,0.034371487207966345,-0.009681854601154671,0.004764988527251601
France,2021,0.29889574846178935,0.16341448513925583,0.1684922630971991,0.17228207354454805,5.15753433285506,-0.068971999416649,-0.02562226050927463,0.020664159999999997
France,2022,-0.016638317437753902,-0.08608107059287906,-0.1463706050180044,-0.08126259162184302,5.802495894852126,-0.20845567185550273,-0.052539546512835766,0.059057979999999996
France,2023,0.05424256401728833,0.12381449469430295,0.16579262273098833,0.11989860805708119,5.639591158216808,-0.023125127005063195,-0.02113634467620551,0.05664155
France,2024,0.039251693401365584,0.17685622342793184,0.1769974009371692,0.16847070443640355,5.6339518901734085,-0.026558417180566285,0.011477724010672041,0.02410199
France,2025,0.03900950144798232,0.17131719781112875,0.18377510635600214,0.16346311213881792,5.405802346402459,-0.004974976156482347,0.008215851142177488,0.01595682
Germany,1871,0.31406050662195284,0.30315565028158953,0.33768214464515617,0.30705865561493395,3.6960599999999995e-12,0.09268393935930574,-0.003631464153991848,0.04504504526029729
Germany,1872,0.06896109665867933,0.02498306588469079,0.05921409469524616,0.03274370366929613,3.6989832e-12,-0.009998311702916873,-0.01800813416614211,0.06034483366616361
Germany,1873,-0.14596846747018566,-0.06503269829316338,-0.013630468227660205,-0.07957049627903134,3.6105075e-12,0.007239859169189344,-0.010086532865694497,0.05691056373324144
Germany,1874,-0.04315124792276159,0.06645900454734877,0.0803484467842358,0.04640948674953305,3.7361250000000005e-12,0.05386886921288858,0.027099239609066572,0.007692304925619675
Germany,1875,-0.029706779907459957,0.14857653187820352,0.1259548438091146,0.11502337902674764,3.6608307e-12,0.10656823239531255,0.10663305548032231,-0.05343510731360068
Germany,1876,0.06708004107388854,0.0016044818478000433,-0.004823038072125321,0.013680437461219608,3.7680296e-12,0.03189466067454716,0.0292000032250197,0.008064514418080204
Germany,1877,0.023734738869082284,0.09123156659242082,0.07719288368706119,0.08433527774742045,4.026483e-12,0.05531836042907967,0.05691056615737167,-0.015999998100996837
Germany,1878,0.1304174892497345,0.1126583637269698,0.10057328668122419,0.11586099833069397,4.1765035e-12,0.08541764348161385,0.08012606062762928,-0.03252033269068533
Germany,1879,0.36752171129164446,0.29627240546468214,0.2831447342548445,0.30942069170668174,4.209198e-12,0.08692082933358902,0.06176723940315676,-0.02521008207899844
Germany,1880,0.08153048374600091,0.14066680259733833,0.16413620002730814,0.13637091667259815,4.216752e-12,0.02119512330311668,-0.008966946323291536,0.043103454022968446
Germany,1881,0.19488649680189152,0.17039394667335017,0.15542976303925857,0.17444723034912712,4.229631e-12,0.06454189470912408,0.058750009622958066,-0.016528933010411362
Germany,1882,-0.012037099482201552,-0.032320952442469575,-0.021512463057529452,-0.029011890494251236,4.202491e-12,0.03366841341770099,0.03009374995614067,0.008403361676790233
Germany,1883,0.1210294023383105,0.03564334287326565,0.003341247601041394,0.049292581113697054,4.213696999999999e-12,0.08238652038686545,0.0706896535324284,-0.0333333317135075
Germany,1884,0.07478896162388926,0.048126087235899506,0.057484003287484764,0.0503984257512986,4.207962e-12,0.060131002451670135,0.03784695300443364,-0.008620686935703836
Germany,1885,0.03713458550024584,0.14365387344083036,0.13691259341490275,0.12583672959329983,4.2015954e-12,0.07954980606469997,0.05604911025433035,-0.026086959377101704
Germany,1886,0.10600491581495364,0.08287375994958213,0.09307020044586913,0.08681371389650727,4.1946343999999996e-12,0.06315061478686523,0.030803604186707245,-0.008928571445658728
Germany,1887,0.006245369091629982,0.010865645416193725,0.010203959059417674,0.010131226642718039,4.1948e-12,0.03385138884186745,0.023000000044703484,0.0
Germany,1888,0.15542316767390707,0.057468758508686824,0.06749521260910063,0.07307132746311362,4.1797e-12,0.04767595605581931,0.011983035247887353,0.009009009026405446
Germany,1889,0.13234151827060692,0.0516636341015424,0.07935921909079019,0.062293197542782064,4.1864e-12,-0.005393280995979244,-0.009089655333530344,0.03571428590975523
Germany,1890,-0.06751788264413017,-0.047576339748888086,-0.024122551617814035,-0.050789311654512836,4.181899999999999e-12,-0.024289222806008093,0.011636975958505769,0.02586206690849413
Germany,1891,-0.058233545642731976,0.04878459153271675,0.06649998625935896,0.031287345488989704,4.1794e-12,0.01676489224434019,0.013171894050932442,0.016806730330162445
Germany,1892,0.06567000649417731,0.0560709256044265,0.07187362264488684,0.0576116597054388,4.1784e-12,0.05492986133845634,0.026483339927610983,-0.00826446993583907
Germany,1893,0.11003638971989527,0.006076316653344627,-0.02601290521741699,0.022832133292610024,4.1875e-12,0.10078414140916125,0.09561061518744496,-0.058333329501026876
Germany,1894,0.1908406925448023,0.07472751637550745,0.0772623477477805,0.09442853479812485,4.180799999999999e-12,0.10434307163208056,0.03573153447321009,-0.017699117598224734
Germany,1895,0.11182625988397854,0.06865804918750174,0.10669571326120929,0.07599793176849667,4.1753e-12,0.02825470845340261,0.002045129532061596,0.018018020664859247
Germany,1896,0.07941993350460352,0.08617262431184969,0.08508523618421272,0.08502682398536665,4.1812e-12,0.015255124573679613,0.0213614036922416,0.008849557842780964
Germany,1897,0.05907370694212699,0.06520072523786702,0.08110555867197247,0.06414052746335952,4.1856e-12,0.0030836377775855794,0.013125864485469707,0.017543856889677745
Germany,1898,0.08969160169363022,0.11641400829658011,0.10910275724528747,0.111830134837972,4.2091e-12,0.008858573623001575,0.03550000116229057,0.0
Germany,1899,0.011113255363442098,0.04077621449646407,0.06457597081084798,0.037248393857872264,4.1963e-12,-0.03983125326947301,0.018168070023812266,0.02586206690849413
Germany,1900,-0.0901932111050805,0.08642879725686559,0.08109533321900195,0.0684066803518808,4.2012e-12,0.0016581531603054867,0.018425402722010764,0.025210092623102698
Germany,1901,0.038567397743463516,0.07075337176262564,0.06904819181156982,0.06554265608878995,4.1853e-12,0.06220318749547005,0.03060000017285347,0.0
Germany,1902,0.07797149425687455,0.045898906485228874,0.04596603075131259,0.04853235515930998,4.1937e-12,0.032302327629306404,0.013591870616799229,0.008196720667075885
Germany,1903,0.10097536444664001,-0.04983896268795751,-0.06319843671987999,-0.03688029225988265,4.196399999999999e-12,0.03314999118447304,0.03009999915957451,0.0
Germany,1904,0.1247231513261795,0.18369032041243494,0.1872381082895804,0.17747577522921643,4.1788e-12,0.027774188667535782,0.03139999881386757,0.0
Germany,1905,0.05400798989060562,0.112915182950444,0.14996600651202663,0.10653002806570111,4.184200000000001e-12,-0.0050035347313237555,-0.0038936996910273747,0.03252032408175776
Germany,1906,0.0032648353275908093,0.07272217464570585,0.10178086464030103,0.06156654560835784,4.2154e-12,-0.035550069212517355,-0.013949251779098004,0.05511810655140814
Germany,1907,0.03277741762598674,-0.13719440934846183,-0.16630862093484472,-0.1190035656528069,4.203299999999999e-12,0.010871936461238851,0.059103756263992446,-0.007462684850910062
Germany,1908,0.020598167553544044,0.2010026678647383,0.2084239217182072,0.1781938083254586,4.197e-12,0.05757177248597145,0.03519999980926514,0.0
Germany,1909,0.1069892418252596,0.11670209681780608,0.16292047885526514,0.11561677648975666,4.1879999999999995e-12,0.004211847679946201,-0.0014321193289700274,0.030075190435543186
Germany,1910,0.04013890275393339,-0.051857384929163475,-0.046643430357075216,-0.041459293677433284,4.2023e-12,-0.0024230320839723207,-0.0010577452194148185,0.03649634852711414
Germany,1911,0.05248943716287613,0.049116127366854334,0.03877325907531901,0.049522494717892496,4.197900000000001e-12,0.024636516347527504,0.03539999946951866,0.0
Germany,1912,0.04466936881505679,0.052759725808067204,0.038781870495026835,0.0517487753796575,4.201e-12,-0.012123732082998662,0.027725001136080785,0.014084505039701822
Germany,1913,0.033685673168236896,-0.05516411550217093,-0.056099693076093096,-0.04382815140508267,4.2107e-12,0.01562883855069086,0.04256000404296367,0.0069444415801149795
Germany,1914,-0.11027463941628612,-0.04239712675897567,-0.04332604299017175,-0.05111812957174977,4.28e-12,0.017433371457392655,0.008479859050374072,0.027586213550290672
Germany,1915,-0.12499629192310213,0.038654111673883884,0.10158888724653067,0.01842313440202803,4.86e-12,-0.1511266197921789,-0.17221336893903194,0.2550335559059951
Germany,1916,-0.12314690784891313,-0.0457492936860755,-0.008399347811640895,-0.05422343102949079,5.519999999999999e-12,-0.20700199576916867,-0.2047178871025882,0.3155080226035665
Germany,1917,-0.177517713672244,-0.275787956099142,-0.2555142282868676,-0.26574599711183555,6.58e-12,-0.31230529776179383,-0.3024666670246646,0.5000000028377558
Germany,1918,-0.40338083259056545,-0.10606257145261155,-0.006621859639847488,-0.14187119513108226,6.01e-12,-0.15582828660565062,-0.14959316723146798,0.23035229860061524
Germany,1919,0.1971871961688807,1.7492022438820976,0.038239235701908604,1.6200992456565535,1.976e-11,-0.19638066274847532,-0.21223847424442577,0.3281938343445796
Germany,1920,-0.31346503361141265,-0.00443581598454601,-0.2715512774536929,-0.04275487505661291,6.306e-11,-0.5436733666565383,-0.5779407430334627,1.4543946931246388
Germany,1921,0.7074872972579196,0.3620400105267494,0.1813636806718757,0.39270184999502233,1.0457e-10,0.09223847378119987,-0.21048865678773976,0.3108108038645452
Germany,1922,0.9306056877993507,1.0707149147106536,0.3350037574221141,1.0524282582904463,1.88578e-09,-0.906800065392783,-0.9057231196039446,10.237113438921778
Germany,1924,-0.9999999998811797,0.09383666642605282,0.17010168865431205,0.09383666642605282,4.2011511154056205,-0.9999999998781232,-0.9999999998732373,8765199077.904419
Germany,1925,-0.4037198192875344,0.1370265921107161,0.19473430171821313,0.10768732910039813,4.200445247196203,-0.02418797191860067,-0.01074285340048653,0.09374999815190477
Germany,1926,1.3607420384988171,0.09859726214301845,0.11444415949908174,0.14598062965000302,4.202386955790889,0.04083381940655584,0.0527801405596926,0.007142858382786832
Germany,1927,-0.11770961394563206,0.22453897873807627,0.28525993925601845,0.20206954741860428,4.184100418410042,-0.0023930363936913723,0.021868918938521276,0.04964538966581511
Germany,1928,0.082375911790596,0.2947931476872441,0.3386723788187325,0.2835981096265501,4.201680672268907,0.025374699174118387,0.046321056280962614,0.027027026942645138
Germany,1929,-0.23225207872909726,-0.07950597097285095,-0.06659205377717614,-0.08586166950779905,4.184100418410042,0.033117892233254675,0.0686389598000543,0.013157895175181844
Germany,1930,-0.24243703981538034,-0.1662819992515826,-0.1823809575971942,-0.16879278063833247,4.201680672268907,0.11169991892635589,0.09943513625852174,-0.038961039297869315
Germany,1931,-0.28375009580827015,-0.2952192536222099,-0.2917980920286224,-0.29485542480788407,4.23728813559322,-0.046943736015446436,0.18019117630774106,-0.08108108105529377
Germany,1932,0.27807972137521575,0.044501241348764875,0.09956115416656758,0.05173070202782015,4.201680672268907,0.3982053993184591,0.1806148759422781,-0.11029411752311291
Germany,1933,0.17327864250669145,-0.030294346604843092,0.39735149126850783,-0.022014475959077573,2.679528403001072,0.24037089510900111,0.07720762878048837,-0.02479338830192568
Germany,1934,0.11181642142004389,0.02612657199662416,0.01420101915063187,0.029121544451734982,2.488181139586962,0.01954636385189179,0.01957851162937052,0.02542372867915077
Germany,1935,0.14140847425976166,0.24432891481524033,0.2739655483019795,0.24019960226275483,2.486325211337643,0.029360435005456154,0.01787560936120358,0.016528924831336944
Germany,1936,0.2884269582374941,0.2639599632551384,0.2602794106118831,0.2648048075268701,2.4857071836937608,0.06247782691775705,0.024768549102457627,0.008130082074432776
Germany,1937,0.009619247488503957,-0.24219262211519965,-0.24238684019606715,-0.23369887342560913,2.481389578163772,0.08684475031375016,0.023446399855724387,0.008064516434209024
Germany,1938,-0.034996387764911985,0.01860006813540549,0.05642745948393565,0.016193076183831367,2.450980392156863,0.05815160615203685,0.02192460300425747,0.007999999345629893
Germany,1939,0.1336694359779358,0.014740857967540988,0.01909882408713104,0.0191711101456562,2.4937655860349124,0.04571683332324028,0.02500000037252903,0.0
Germany,1940,0.29653391361131654,-0.09640116505546803,-0.10169757660940427,-0.08090909536475999,2.5012506253126565,0.044512388967683725,-0.009252308628449057,0.03174603225766992
Germany,1941,0.05052257758418488,0.03510506231073518,-0.058339599284331106,0.03586843410454543,2.4893917963224896,0.04489314408446554,-0.0012481203187258982,0.023076923316147635
Germany,1942,0.10923911174127587,0.0821673356856818,0.036409761138115865,0.08363592664810282,2.4893917963224896,0.03014667171978469,-0.008518979262061466,0.030075188375392248
Germany,1943,0.03515437735646865,0.18368140949552303,0.11350648108093032,0.17503730344410973,2.4893917963224896,0.0568297799861095,0.013899274908975023,0.007299269741511072
Germany,1950,-0.35356113754239915,-0.09133686771645455,0.19117213915879097,-0.09049535554231125,4.199999999,-0.2688747477802338,-0.2645824235342019,0.4183778479168654
Germany,1951,1.0226793929293057,0.12015136883625765,0.1230465469863147,0.1300150216551461,4.199999999,-0.03772433824448729,-0.015169670550810754,0.0765306130570873
Germany,1952,0.1924849548723251,0.12904085095633522,0.08357758801252377,0.1303425409777983,4.199999999,0.04074527775939085,0.0291512758663115,0.021327015170155894
Germany,1953,0.2755753251332773,0.10316212554553439,0.06157804309690415,0.10584741842861445,4.199999999,0.03414422022860819,0.05538958626134005,-0.018561475048005205
Germany,1954,0.888160323723789,0.46691191687666755,0.45569713445859805,0.4746385174300525,4.199799999,0.06876160816373234,0.02647333729296819,0.002364077033739198
Germany,1955,0.09237617874715709,0.25180681994412746,0.25634071942758685,0.24810198870318367,4.215199999,0.08454164146033016,0.014550370035963711,0.016509412745893126
Germany,1956,-0.0725536403214061,0.02020841156943254,0.02810154123893769,0.017975555499472495,4.198599999,-0.08016130772846686,0.020943416899289025,0.025522062300496584
Germany,1957,0.05569782218967312,-0.08254290258105457,-0.09121502966515438,-0.07934797956733508,4.201699999,-0.022943876226930948,0.01810165181542689,0.021116111472426757
Germany,1958,0.5781710240619073,0.28749900080429747,0.2856658772758355,0.29544588494150403,4.177499999,0.10401632636877833,0.009732815385447458,0.020864117840537322
Germany,1959,0.8020193050411388,0.21197407764330434,0.21404007091593244,0.2309302426947295,4.169999999,0.08119820134634681,0.017116146891777095,0.009766684780961654
Germany,1960,0.35895958363445013,0.016447580458660127,0.010687684893853421,0.0322109240150068,4.170999999,0.0055958973770340315,0.03032264461455858,0.014866561146005042
Germany,1961,-0.09035313253710531,0.13908994721165957,0.19127525987203445,0.12552671141706773,3.996499999,0.07540316185789941,0.006406754803908843,0.022767379914976127
Germany,1962,-0.23728492096012566,-0.10334224529693459,-0.0959525649541437,-0.10967753052763862,3.997999999,0.02582256957515483,-0.002136390338599914,0.02881795734506487
Germany,1963,0.08801011213864895,0.12938685738090316,0.14071868504348223,0.12777316038048858,3.975199999,0.02419472740703177,0.00010124052216453627,0.029855737754868716
Germany,1964,0.07000785626537365,0.05916092649371918,0.060909337158341306,0.05956893583320766,3.976999999,0.04480323892766869,0.009211203035094373,0.023452769513275573
Germany,1965,-0.14648364270916037,0.07289819448596058,0.0720347261664881,0.0647355243979375,4.005599999,-0.029586625674213662,0.00846235406874496,0.032304275290237605
Germany,1966,-0.16653033066139022,-0.09730053705250075,-0.08896585936594918,-0.09940024520027824,3.977299999,-0.03402210256239302,0.016563654084961854,0.03622630593032938
Germany,1967,0.3573491367337007,0.17038689340359214,0.17637536611446433,0.17585405128218734,3.998999999,0.14057095313549373,0.01713800296762935,0.016066646547020502
Germany,1968,0.14133235002571864,0.1885932027714925,0.1601182980803691,0.18704898162045924,3.999499999,0.07178344409025339,0.009523401477297355,0.016251826324959362
Germany,1969,0.1695511699977006,-0.14862919515746886,-0.10324158483397619,-0.13826103668504952,3.689899999,-0.009153465319024279,0.02880127956595535,0.018729291495549694
Germany,1970,-0.2412650960236442,-0.03867866313932844,-0.04982256987099697,-0.04677796118627886,3.647999999,0.01969353209194069,0.05037318272717961,0.034365707647773025
Germany,1971,0.018977747445458437,0.02202586565332454,0.098284034496101,0.021927646955541613,3.268499999,0.03137974787213138,0.008803656565135931,0.05236533642603902
Germany,1972,0.10365842199057518,0.1595891337822326,0.19905886458229427,0.15788040791478264,3.201499999,-0.013521602691838663,-0.011314653180169998,0.054956465344183414
Germany,1973,-0.20673655069771812,-0.25692779509178865,-0.1524810981456651,-0.25553260168550973,2.702999999,-0.034619364501108585,0.0297950565495948,0.06995075494626568
Germany,1974,-0.04246422398343275,-0.3811588511858013,-0.3473152379596087,-0.3713712795747659,2.409499999,0.011871439260889627,0.01778524160187467,0.0696362624018183
Germany,1975,0.23802362177072056,0.35521016884349543,0.2133662567689195,0.35073181015328814,2.622299999,0.07131069934407375,-0.014498360549040523,0.05939955491618387
Germany,1976,-0.06247991705486455,-0.022095323049086457,0.06654424058591772,-0.02356532810269918,2.362499999,0.06566612159487839,-0.003946419897652209,0.04296597996139884
Germany,1977,0.08447870324312223,-0.0883503619724545,-0.07026854391147579,-0.08308959940024485,2.104999999,0.09520364107538448,0.004319775392470415,0.03691078010176341
Germany,1978,0.08990942600478768,-0.015390007703645514,0.02754198746704007,-0.011746398291336169,1.827999999,0.010297765385190782,0.006561704155344739,0.026862033926962292
Germany,1979,-0.12954253219412548,0.025526098152849563,0.06253844294630503,0.019853081961954233,1.731499999,-0.03463517589099696,0.0168660071773421,0.0411597915708215
Germany,1980,-0.019387753343958924,0.382011204779954,0.12782846908904946,0.3698318781085208,1.959,-0.0219874401046376,0.03453447554211819,0.05420362809988233
Germany,1981,-0.033175419328673184,0.05765763205523111,-0.05796808020331161,0.05540872119805651,2.254799999,-0.011785429826099314,0.046442501886061915,0.06325001153455467
Germany,1982,0.09068003946423064,0.09431917170780135,0.07504882577488572,0.09422512318358978,2.376499999,0.1263741874962867,0.03229059384695354,0.05266870024658199
Germany,1983,0.34909729364161524,0.3650155116040228,0.20691605391879525,0.3645865356780582,2.723799999,0.015788509083393132,0.020207953600125395,0.03276003497611435
Germany,1984,0.08379494979430113,0.20482836760559087,0.08503598551570037,0.20125687247366275,3.148,0.10529976246359252,0.03063336748661971,0.02407901118393796
Germany,1985,0.6309220512996778,0.0958648766817658,0.24581844129229496,0.11276076184264472,2.4613,0.07904849845838147,0.029463700343521415,0.021823303523831994
Germany,1986,0.15179298896617355,0.1003099156248648,0.25780457593934525,0.10246225828548816,1.9408,0.08756447869777695,0.04703891436672469,-0.0012501119582181142
Germany,1987,-0.33669318007517113,0.04455049460042759,0.09068165114585794,0.030333077954172838,1.5815,0.06556926042042432,0.03471609253357255,0.002419899241152823
Germany,1988,0.2629062930626125,0.2816093891598428,0.1380547640936241,0.28114063195863426,1.7803,0.03630145373814786,0.02700979288226346,0.012736203298781001
Germany,1989,0.2792789212212887,0.10937583421756414,0.21660900967630187,0.11397056694132557,1.6978,-0.011363727718116667,0.03707755286452441,0.027782345039029765
Germany,1990,-0.0942129487005261,-0.17889285356930407,-0.1330118650162717,-0.176348937775346,1.494,-0.012559999575334824,0.05089299665668334,0.026964692401965307
Germany,1991,0.08895859977767606,0.08382578724547929,0.05058487366479443,0.08398313169478677,1.516,0.07270140440318107,0.050212113751857856,0.0363620687590307
Germany,1992,-0.06800778001306751,0.012557228976365353,0.008949024467397343,0.010000763960975378,1.614,0.07948797277110553,0.04148273836795591,0.05057910005715471
Germany,1993,0.40445591080623444,0.2048403225616302,0.1424412147692452,0.210669396460468,1.7263,0.09768941882056725,0.029021528281252262,0.044574844224746
Germany,1994,-0.0953601344347641,-0.08633102149622685,-0.018025216654127707,-0.0866390824898643,1.5488,-0.05107777873941388,0.025439755093099814,0.02733485355169596
Germany,1995,0.050589170081344115,0.11022119154931409,0.1907708111407742,0.10817336155051271,1.4335,0.1458415457348996,0.026145260972956885,0.01840357432440909
Germany,1996,0.20351312274614797,0.28311729291042464,0.19375396919296273,0.28072433281058506,1.5548,0.0596952578417298,0.017590587263373036,0.014877703427147226
Germany,1997,0.38719265915514,0.3715681042792387,0.2282637495229306,0.3720744624716652,1.7921,0.04967654231602592,0.01640434501253485,0.015186530207989435
Germany,1998,0.1486318146685277,0.13350082822632747,0.1853421327828026,0.13407935001405336,1.673,0.10593485066921926,0.02812172474644936,0.005853658536585371
Germany,1999,0.30787470210379486,0.40590096649517204,0.21411108376052868,0.401974518822231,1.9468743778618356,-0.02606386872213018,0.02039202253705663,0.00678952473326877
Germany,2000,-0.11158654989997896,-2.4593573494380294e-05,-0.04574249031233919,-0.005564434943242769,2.101912950026867,0.0537716969842017,0.026718249021963958,0.014026974951830473
Germany,2001,-0.19444481761070354,-0.1323802275696967,-0.16059192052577065,-0.13537599817677548,2.2192556450697833,0.03654509716410015,0.024267590507957237,0.019001292087861943
Germany,2002,-0.40713960594113485,-0.3070146419469244,-0.22001926899672192,-0.31185599937662467,1.865004291026986,0.07614490620384884,0.019472938273423113,0.013052882822406131
Germany,2003,0.3608835096556511,0.03849439980055158,0.16892004848313985,0.04938453853964653,1.5485589865399843,0.029614156915777734,0.012113962825355928,0.010933588573111441
Germany,2004,0.06600572292142703,0.07453715535510974,0.12712647726396073,0.07423299518371107,1.4358931062330225,0.048657903885293674,0.002928430793927461,0.017503611181918677
Germany,2005,0.25775537040806706,0.2174515667724486,0.10016679372291562,0.21874666276281962,1.657904552004747,0.02111875308778588,0.001579346112063451,0.019290187891440436
Germany,2006,0.2191132495992214,0.07666801093862441,0.15421494366588273,0.08156295434985994,1.485064540622627,-0.014894352853628057,0.010325638547078464,0.017848364972730124
Germany,2007,0.1772788552452076,-0.04870140389897071,0.03237783555426836,-0.040347369015163004,1.3285986006385428,0.002194021901757326,0.015346618714455307,0.022893741304172766
Germany,2008,-0.44112828933697046,-0.3591928918204861,-0.3939288961970181,-0.36266780827415357,1.4053531651936473,0.07201194761178287,0.010445406471482954,0.02745115672564591
Germany,2009,0.2509605048623287,0.22768465943931848,0.23735974666919618,0.22864223928323857,1.3576495904484234,0.0466705868221402,0.003787299837169966,0.002461706783369877
Germany,2010,0.17147001884656543,0.18878628015983567,0.08921614557380012,0.1881592686370308,1.4637254901960783,0.02856068285378144,-0.007272219518890566,0.011186903137789805
Germany,2011,-0.16879401627875057,-0.011268853867948736,-0.04528013658600408,-0.01731490419759707,1.5115774016539145,0.05667724720878686,-0.01632761170919894,0.024824608742579635
Germany,2012,0.26541360675937087,0.09762939549157656,0.12262652430386545,0.10380133515352163,1.482363195391845,0.02436988082660907,-0.018556968525890838,0.02150605581885201
Germany,2013,0.24752368750090925,0.21761213104984245,0.29738997898197556,0.21878030888738786,1.4181930244362266,-0.020509613148110617,-0.014851692323184396,0.015980699439128943
Germany,2014,0.023074864370285164,0.22010357600462682,0.10695246176788441,0.21271701128526965,1.6109299069269414,0.06282832827392792,-0.006674146350783339,0.007692151569888894
Germany,2015,0.1057812102468767,0.13079785472046446,0.03912644062123252,0.12989735878158548,1.7964820428033434,-0.0016572431557086986,-0.007819429893725638,0.006797583081570968
Germany,2016,0.052850822490738913,0.057719394879400365,0.03543123065843083,0.05753059504848301,1.8554501470448723,0.03675606919756036,-0.0063640665171897925,0.0037509377344335793
Germany,2017,0.14422222770181792,0.05654112131233524,0.16317612622767286,0.05984056254534975,1.6308096389560587,-0.005629326716695804,-0.02005792126740291,0.01711011459890388
Germany,2018,-0.18428413652853093,0.032664582828425104,-0.0008939192339213614,0.01476607292921317,1.7081484716157205,0.0058602982069040355,-0.022142575181177016,0.01935003478107533
Germany,2019,0.2113073768045961,0.15704322160235384,0.13450116163681075,0.16147539322284366,1.7409916325440622,0.04440027656198797,-0.01686772542437165,0.013532996289959742
Germany,2020,0.07191526378435054,0.007979916099818407,0.061457101934820464,0.01317041888345849,1.5938635808002606,0.02825774140798898,-0.00793988586761396,0.0037174016121384046
Germany,2021,0.11589553718470058,0.15948923192481534,0.1823254673472241,0.15606511120112443,1.537792930668918,-0.06444867843508084,-0.03644043029503463,0.03212346
Germany,2022,-0.10014536502938365,-0.09634605920122918,-0.14229067132948087,-0.09544403516036548,1.7300974829186422,-0.21984702349940444,-0.07660410586211841,0.08665801999999999
Germany,2023,0.05381538627897742,0.1132444276137341,0.16816019521427147,0.10862530129271386,1.6815250961534343,-0.034310301597590076,-0.0245155186278746,0.06030186
Germany,2024,0.2548918940431517,0.15784031661647124,0.1611908918923136,0.1655109315599319,1.679843667398604,-0.017495625056259012,0.01108681595872052,0.02449793
Germany,2025,0.10676530576921217,0.15311916675424375,0.18088755922434238,0.14948019387440548,1.6118176043802148,-0.025701750628372988,0.003994910745690472,0.02022805
Italy,1871,0.7295358435211494,0.2480457043234361,0.2259577521318899,0.3467859469875818,4.8808144,0.179000416589169,0.02344860096706025,0.03571395540264333
Italy,1885,0.09950526659040748,0.08009122442631278,0.12346515595494281,0.08044337299826365,5.31,0.051258501956195746,0.031699198744551405,0.008045756332349496
Italy,1886,0.08605037603068033,0.07291796135799178,0.09612210951584313,0.07402460452399828,5.28,0.08091925096537533,0.04619090346368737,-0.001138321573629919
Italy,1887,0.03881715670988228,0.024689377388612765,0.007017804426154836,0.02582536044292283,5.35,0.03584229766702518,0.05490906461963729,-0.0022836719671506245
Italy,1888,0.022924728977869346,0.07533244339592815,0.08659799964008127,0.07113701954876306,5.34,0.019149186417139363,0.03447929546852757,0.012586722607656142
Italy,1889,-0.00240599754361126,0.07612051235698392,0.08633980263230225,0.07612051235698392,5.32,0.013439981380306998,0.03496075447816871,0.016946771949383654
Italy,1890,-0.06649165593687922,-0.04847968442436623,-0.028279875739138077,-0.0498157941425974,5.37,0.008390193472286533,0.01636239578305032,0.03555582411132008
Italy,1891,-0.14123683302545598,0.07007534527627302,0.060916309629926765,0.05459434236789673,5.38,0.024669067753730678,0.04586518162577491,-0.0032176051348309365
Italy,1892,-0.017537506359513122,0.07698570877288669,0.07789095838969362,0.07003916697684431,5.44,0.0696261348744498,0.043992484270796606,-0.008613552546851921
Italy,1893,0.06829541118912297,0.02830765738936636,-0.009651659288784073,0.031163371035857867,5.71,0.07469557090559431,0.08352610339308808,-0.02171254080591145
Italy,1894,-0.04967999710833215,0.11239875673639621,0.10809066614449557,0.10052578346858132,5.81,-0.01996363418345526,0.044638835062448035,-0.004440612200905303
Italy,1895,0.16529461081542896,0.04078309449048323,0.10305042813926485,0.04982003672819402,5.53,0.20749526501713178,0.03577273233880196,-0.005573358738957368
Italy,1896,-0.015182682875465647,0.13429851924202074,0.09160895156489979,0.12382140778192818,5.66,0.04860342277456953,0.0446858518684885,-0.004485418036606181
Italy,1897,0.020699446237139707,0.06213410633307914,0.08158479795512286,0.059213550505356594,5.53,0.08907568567297508,0.03232563680118972,-0.002252813830089684
Italy,1898,0.18775451201436733,0.12996961998760193,0.09974178002491504,0.13392944735738954,5.71,0.05932224041198797,0.028036388646177857,0.006773701378415264
Italy,1899,0.2458531637134871,0.0577515735250298,0.05821764121518232,0.0577515735250298,5.57,0.07015575013394493,0.06674210022205074,-0.01569460835332903
Italy,1900,0.043151039873913666,0.07804674935132994,0.06401989446968934,0.07737377307535032,5.51,0.028669870883782256,0.040264185380701534,0.004552513173088579
Italy,1901,0.03861984318805756,0.045526388034212495,0.06575346095083877,0.04510896395377251,5.39,0.054501797872839486,0.03881961585191673,0.0011362735512512323
Italy,1902,-0.009669011601539768,0.03069726349996338,0.04859396791784784,0.03069726349996338,5.23,0.07043709493634465,0.052151163818527246,-0.006796705907195388
Italy,1903,0.13164722192427947,-0.0759399662958894,-0.04909185797061766,-0.0759399662958894,5.17,0.0021716489771588243,0.010052437133095227,0.029649512116259436
Italy,1904,0.10020154375686419,0.16820834326773748,0.18064966202878535,0.16820834326773748,5.17,0.02968410568345492,0.021312279264245282,0.012178177360032683
Italy,1905,0.13365695876072414,0.13758585473901253,0.13956478440765446,0.13758585473901253,5.16,0.05906229708568156,0.04884994597972936,0.0010964912280702066
Italy,1906,0.03644545445943703,0.09954423529721135,0.08913379710798262,0.0957410476159648,5.18,0.04053019062243579,0.030849415144006187,0.018577481172045385
Italy,1907,0.011354360667139796,-0.16421116588545204,-0.14500189573272265,-0.16421116588545204,5.17,0.009127495608132197,0.007439195439312263,0.047209602800816874
Italy,1908,-0.023496216909339118,0.1898696451532642,0.18467677994950893,0.1898696451532642,5.16,0.05900164749760273,0.048238672826056206,-0.010244490700756614
Italy,1909,0.0269032257985653,0.19164218393795496,0.1566706883901332,0.19164218393795496,5.19,0.0750693417789996,0.07247707217567378,-0.02795124717009212
Italy,1910,0.009933110849724036,-0.032824200766665035,-0.03683465827015423,-0.032824200766665035,5.21,0.008668140530870394,0.02170706842321013,0.027691824003441834
Italy,1911,-0.023679692414025566,0.027096666538718228,0.040425584919325935,0.027096666538718228,5.22,-0.001651520675207574,0.02940028407237616,0.024868572532665834
Italy,1912,-0.010405710655378098,0.05818688279590045,0.03951755730761583,0.05818688279590045,5.23,0.046804420352209775,0.04796311031629452,0.00910040690641134
Italy,1913,-0.050678929131338535,-0.03509543754294109,-0.044644362642328836,-0.03509543754294109,5.264,0.03983362198694618,0.05164197695623507,0.0020045072220642446
Italy,1914,-0.16070590913295746,-0.05081722178646375,-0.04940922937923528,-0.05330382904237674,5.195,0.012099998071789742,0.042500000447034836,0.0
Italy,1922,-0.6915600753830538,0.1616076944093483,0.4127400215078179,0.1616076944093483,21.027,-0.7337248921077759,-0.7446291731795074,3.1429947637471063
Italy,1923,0.384939681443909,1.1487285111158618,0.23806378244010162,1.1487285111158618,21.732,0.05413081591867219,0.05993967684758972,-0.005792475969381816
Italy,1924,0.71570276381436,0.17783864892214507,0.17010168865431205,0.17783864892214507,22.946,0.245781721227732,0.01767524584071012,0.035202540980669106
Italy,1925,-0.1546467124670864,0.18185769725442458,0.16226399311201334,0.18185769725442458,25.141,-0.09961828212922907,-0.046164290307992406,0.12335907793161383
Italy,1926,-0.43486761701554755,0.09370758755106423,0.16123260368559267,0.09370758755106423,25.711,-0.07826872384826355,0.005279138520997373,0.07870536315259358
Italy,1927,0.44736776742013107,0.045599817008749044,0.2588040329555632,0.045599817008749044,19.395,0.04437871098382962,0.1782159306950355,-0.08573634517667272
Italy,1928,0.33345347157108285,0.38928260111009316,0.32516477106228175,0.38928260111009316,19.022,0.19933904043054307,0.13794683720914502,-0.07324317279363102
Italy,1929,-0.12478549987099186,-0.07995460926556264,-0.07292301328873436,-0.08044048284732586,19.108,-0.0041165254427458775,0.050109305131217585,0.01598947344137902
Italy,1930,-0.11538181111555867,-0.1798301434609173,-0.18512689403535745,-0.17912238428144167,19.093,0.1084922868105962,0.09470217470826814,-0.03170010697989212
Italy,1931,-0.19546510854273236,-0.28561195991187605,-0.2927060876202483,-0.28453353012968885,19.207,0.1910308187133838,0.17332784774526022,-0.09658668658051761
Italy,1932,0.010878179781682817,-0.015994892214630685,0.10650147335854888,-0.015597230665100437,19.511,0.09870584581547015,0.08730353271864133,-0.026214880356360215
Italy,1933,0.43599801539154304,0.21105201238903049,0.3875650946875062,0.21417654612050185,14.904,0.21000456918249322,0.10407029766669051,-0.05911788104455096
Italy,1934,0.24880092401539788,-0.06585430806472858,0.013931979417896596,-0.06092308515380418,11.68,0.501774401391716,0.09396358398828952,-0.05161376788459704
Italy,1935,0.10297406108105212,0.29496293846074795,0.2718034482434892,0.29137369452632544,12.125,-0.13460170308377772,0.03037172775028263,0.014197084065763477
Italy,1936,0.2620197001492328,0.34248863190337175,0.26123924746918964,0.3412413922845643,13.714,-0.08407732501716036,-0.023739312553311076,0.07553240056324184
Italy,1937,0.024914544684904394,-0.020825274749908917,-0.23790309725165562,-0.020126247916871787,19.009,-0.05023523488744641,-0.040407364354286934,0.09463116018887274
Italy,1938,-0.08637288999862369,-0.03574965385998885,0.05546723324878159,-0.036872321044565504,19.01,-0.020252928905478473,-0.02255744862354203,0.07678962500529218
Italy,1939,0.35640836694969735,-0.03680186218663373,0.016428127209499405,-0.028776889967791486,19.246,-0.04000186740694922,0.008074652790226011,0.044168700343945266
Italy,1940,0.01134925431784306,-0.17071410839214107,-0.08920883090621014,-0.16489842899232343,19.839,-0.08127227773464107,-0.09802670896823473,0.16699686179130357
Italy,1941,0.11449183526879181,-0.09138579505021305,-0.05820456722374799,-0.08512101009572082,19.7227,-0.07965204355554889,-0.09028871010128414,0.15707039336714956
Italy,1942,0.03426854942347202,10.463068716609353,0.040616065503863145,10.043363964810869,225.53,-0.09518392804301501,-0.092243443463359,0.15581649157320454
Italy,1943,0.2040195510263545,-0.1710792526869298,0.10540753732614923,-0.15761789098700907,269.179,-0.5548014050655397,-0.37371000987382896,0.6770186573813866
Italy,1944,-0.4339988838380836,-0.45464203599742625,0.12847921738991624,-0.4536350172976502,574.713,-0.7008150245376388,-0.7634982246369607,3.443941266119463
Italy,1945,-0.7288679930335644,-0.35734797237396954,0.20653842929273722,-0.3725268457391694,588.582,-0.4041668184924576,-0.46835329429938133,0.9695410295142322
Italy,1946,1.2047048218679164,-0.1566470060078362,-0.06632941101480033,-0.14340580163430838,675.0,-0.0874617706353894,-0.11276895109304097,0.18018863448640698
Italy,1947,-0.5450403551528455,-0.4899586167542599,-0.10118265196063392,-0.4909148759384192,585.0,-0.4024657348461588,-0.352960514810148,0.6206120698960382
Italy,1948,0.2042461834444942,0.08634220183708052,-0.10316524129439673,0.08766354440048785,660.0,0.036379085654367316,-0.005856310272534415,0.058800665266208973
Italy,1949,0.09341087053663233,0.02960516660364676,0.07667762699175797,0.03067790923074276,665.0,0.1500792201490051,0.04134622990983705,0.006965761511216195
Italy,1950,0.10559916478508069,0.30538570141161725,0.18987102627647617,0.302302516865242,700.0,0.0379383473051218,0.054393848962422275,-0.006917575331222947
Italy,1951,-0.00540509819984436,0.05017668893322691,0.13528085596967107,0.04922759647253927,690.0,-0.11516397329978645,-0.08378749992698431,0.1428571428571428
Italy,1952,0.3929004451566005,0.04139023709822931,0.08581205306057474,0.04139023709822931,634.0,0.06606778405742775,0.024548479134848034,0.018595041322313932
Italy,1953,0.0666509347558022,0.06160113441591131,0.06488080209745661,0.061687276035172545,629.0,0.014625424694269862,0.027116201780736482,0.014198782961460488
Italy,1954,0.30846754709879587,0.4550504217032256,0.46362943820902536,0.4550504217032256,638.5,0.023732647751317115,0.010133335084626438,0.031249999999999778
Italy,1955,0.04319040433448906,0.22528348863750058,0.2574180617155148,0.22112909631443478,635.5,0.009087404564899648,0.011061766458784872,0.030303030303030276
Italy,1956,0.016142559903008502,0.0009475737081732216,0.025884409756232695,0.0012684459626659539,624.969999998,-0.00029118188789922783,0.011937144611562811,0.02941176470588247
Italy,1957,0.021972634947635905,-0.07604478068000009,-0.09021675224881522,-0.07395051323968826,624.89,0.05138553280225944,0.02702817079466846,0.014285714285714235
Italy,1958,0.2566681855345425,0.2928128447697793,0.29467465944265436,0.2918506276664843,624.0,0.0955320533416042,0.01014520692294596,0.028169014084507005
Italy,1959,0.6040031909942627,0.22888443247071222,0.2232685925411798,0.2384031986445878,620.600000001,0.0766841247677803,0.03629999980330467,0.0
Italy,1960,0.21365028458672586,0.026743411042311482,0.020078563322574943,0.03315242555381692,620.600000001,0.046601724634702135,0.02229594575190852,0.013698630136986356
Italy,1961,0.026024982725319168,0.17641508143127327,0.18146562301041508,0.16979880803206227,620.600000001,0.03174119050565527,0.009028947176902058,0.027027027027026973
Italy,1962,-0.17056812817537337,-0.11706277051122682,-0.09990057886658946,-0.11913491020215039,620.600000001,0.022318145142325774,-0.0045924062215829675,0.03947368421052633
Italy,1963,-0.1753642756272764,0.09837984151024459,0.15009481801330085,0.08876456117510068,622.380000002,-0.07898941125501602,-0.037222352492458644,0.07594936708860756
Italy,1964,-0.2658497542142868,0.0364314649772115,0.07099223669881667,0.027690222038506684,624.799999997,-0.0037926466514667245,-0.021272222407990093,0.05882352941176472
Italy,1965,0.20018412775181704,0.04186150059474025,0.06143553012842456,0.044678420684379105,624.700000002,0.023750993958179034,-0.00779787252875086,0.04444444444444451
Italy,1966,-0.022159184569243262,-0.0906882680255211,-0.09246866315015179,-0.08956708779044431,624.450000002,0.001607320895514519,0.0037649472810559192,0.03191489361702127
Italy,1967,0.015517431497573675,0.1545548728713686,0.18536746186025946,0.15152604852150153,623.859999999,0.01837292004376634,0.004725998826324851,0.030927835051546504
Italy,1968,0.03441192677208016,0.18426292878097184,0.16154591637121826,0.1818567148348469,623.5,0.027777995548996293,0.015294116793894252,0.020000000000000018
Italy,1969,0.1658833276193874,-0.06722246993806569,-0.09826653829676943,-0.06376835403377346,625.5,-0.01151493340372478,0.029807693038422123,0.019607843137255054
Italy,1970,-0.20453681967674053,-0.049448563297198156,-0.054774773105018056,-0.05224621048107736,623.0,-0.01907280716327353,0.024543116945739074,0.04807692307692313
Italy,1971,-0.17736481985320207,0.08959535732954427,0.1008022640401397,0.08472607355443729,594.0,0.0580667508685071,0.002405071258545055,0.05504587155963292
Italy,1972,0.08039644816197655,0.16347963319102332,0.19782311882680045,0.16229182023692812,582.5,0.004699951053158458,-0.00040289202381749156,0.05217391304347818
Italy,1973,0.08108009097736257,-0.11316760652740665,-0.15675922868853495,-0.11090532808796671,607.920000001,-0.05943446834363164,-0.03448320669469551,0.1074380165289257
Italy,1974,-0.39538360238075254,-0.32359957317192845,-0.33726670659885316,-0.3251299070155832,649.429999999,-0.24410463711246844,-0.04047625605016936,0.19402985074626855
Italy,1975,-0.16123861297566622,0.19198390484480665,0.22287784208876643,0.18410383207729875,683.549999997,-0.04480915656064277,-0.05339037670808677,0.16874999999999996
Italy,1976,-0.2068488728084149,0.24681092851480702,0.06520395404307705,0.24121430146669054,875.0,-0.14774549687751182,-0.0077276747297803094,0.1657754010695187
Italy,1977,-0.36276589543558657,-0.09240581190790809,-0.06277262513136932,-0.09491620721594407,871.549999997,-0.09461134840967134,-0.028920703916810453,0.17431192660550465
Italy,1978,0.17391446741615857,-0.008943383645636405,0.02866439401281108,-0.007639580368772547,829.75,0.019425169516108287,-0.0010722422849011037,0.12109375
Italy,1979,-0.040968949014836054,-0.052562550425210186,0.05648211704260591,-0.05244706223590412,804.0,-0.04921850958403118,-0.018515253003607346,0.14634146341463405
Italy,1980,0.515930160095817,0.21441305221373685,0.1185758623569951,0.21804453017800207,930.5,-0.10917640974124276,-0.04420964550553719,0.2127659574468086
Italy,1981,-0.08072995995270449,0.07020939928571379,-0.05690900686780475,0.06738818448445061,1200.0,-0.1262872711894043,0.01619782003950565,0.17794486215538852
Italy,1982,-0.2162267216762198,0.07849899967060003,0.08196920735199575,0.07205841971244409,1370.0,-0.03839231000521948,0.02624685798092341,0.16382978723404262
Italy,1983,0.15643783448415505,0.3015835553474393,0.21158095305236063,0.29939018958676145,1659.5,0.027913498678846294,0.028524090822613868,0.1462522851919561
Italy,1984,0.08373582961319159,0.12067268609313753,0.0850159080663874,0.12019532225020768,1935.879999995,0.14636362550927573,0.04079519195093528,0.10845295055821369
Italy,1985,0.8307916680657657,0.1439002950439121,0.24891029198368053,0.15460575878106741,1678.5,0.05309037234001002,0.041233383207452956,0.09208633093525198
Italy,1986,0.6382187694719397,0.05599956662693284,0.2453085761597553,0.0679488935610153,1358.13,0.11404643034281814,0.05299828487308078,0.05797101449275344
Italy,1987,-0.31729977412257837,0.05260380883768456,0.0864305888428729,0.04189629778042758,1169.25,0.0669199558911795,0.05726144962482316,0.04732254047322537
Italy,1988,0.21758547401670936,0.22468100731413276,0.1396097921258327,0.2245377660720611,1305.77,0.03905127827094934,0.057780118178727635,0.0511296076099883
Italy,1989,0.059155288087928026,0.10053611711459176,0.2215658782982354,0.09970496954781294,1270.5,0.044654526966956265,0.059855120694929376,0.06221719457013575
Italy,1990,-0.3239856804609299,-0.19470236371479954,-0.12821635855071592,-0.1970995164986844,1130.15,0.07652649658918387,0.055235210165381465,0.06496272630457933
Italy,1991,-0.01231205895164611,0.0621035230925755,0.052946029846786286,0.06075243595897617,1151.06,0.09376004868145849,0.05866948221499135,0.06299999999999994
Italy,1992,-0.0660377326809144,0.21634336076056515,0.007642546559001442,0.2119915633234999,1470.86,0.03819828475145948,0.08791356367678538,0.05079962370649116
Italy,1993,0.44912448839540664,0.309026957317698,0.14567089203006747,0.3110682822532629,1703.97,0.34196120978116795,0.058427608941443054,0.04476275738585489
Italy,1994,0.052328189475925324,-0.03988640148066913,-0.021840551894448133,-0.038423309504720726,1629.74,-0.1435644418688542,0.049387260743676276,0.04027420736932297
Italy,1995,-0.05250858052394969,0.1300260378607072,0.19055084669463454,0.12657597888346372,1584.72,0.15423087456098994,0.05325882168310114,0.05244398682042828
Italy,1996,0.03803454293683406,0.11461427535710156,0.19666997376906553,0.11334822239926612,1530.5699,0.2647078747299014,0.04331991144700087,0.03959012794413552
Italy,1997,0.5681859911258844,0.36041292611035636,0.22791605668353337,0.3637702180088327,1759.1899,0.17292068926490156,0.04403563518087927,0.01848391052969678
Italy,1998,0.4229506393001503,0.11922999046138627,0.17900240343647605,0.12537558559707196,1653.1,0.1534751161810468,0.025098588702068936,0.020313082370480906
Italy,1999,0.2105611130935039,0.3960370055536504,0.21806111204781958,0.3912314197799227,1927.4039418674101,-0.08250905055122781,0.013335575917948095,0.01650860554970146
Italy,2000,0.06119809588838154,-0.01938842875168767,-0.05240387659810908,-0.016982393606506108,2080.891993551854,0.05031205876720657,0.018983921704740947,0.025805114029025633
Italy,2001,-0.23943068003041323,-0.13534324311384405,-0.15944682029352414,-0.13895988191440412,2197.0611596505164,0.041008245483355354,0.016881068084149797,0.023242653300456606
Italy,2002,-0.20638073701716253,-0.3238870088919146,-0.2297171594077559,-0.32061388883577735,1846.352627062077,0.08823777399462385,0.006364771535869229,0.026112032867188217
Italy,2003,0.14008893575882242,0.028772798944647793,0.17640278775685786,0.03183301517335124,1533.0720506730008,0.01881314460825867,-0.006078784759064648,0.028129611806223975
Italy,2004,0.23589810342624284,0.06500891465727365,0.12235287845134012,0.06891377911970764,1421.5329270978636,0.0805349682836698,-0.0017328889539529602,0.02256699576868826
Italy,2005,0.1828669109325176,0.21622916078012477,0.10333302229960545,0.21543316233157284,1641.3240654403662,0.04189072050626774,-0.00033751630831357904,0.022068965517241468
Italy,2006,0.19566300326296826,0.0738743343263335,0.15546072916596126,0.07685635050457784,1470.2126044039483,-0.02879894663131488,0.0093222447117427,0.02229706328448744
Italy,2007,-0.06096564945780358,-0.03726922212950812,0.04024170680252436,-0.037856244979830755,1315.311459819305,-0.00168971803983764,0.01971274692616687,0.0202453271028038
Italy,2008,-0.4863401174953499,-0.3644596960376404,-0.39379706334894726,-0.3672696489922812,1391.2984120140827,0.038518113865575465,0.002563669038085248,0.03492379741907414
Italy,2009,0.21633747849201312,0.22242941513823467,0.23835659436214746,0.22230842758795522,1344.0719144800769,0.08617343748201556,0.0018793040319904364,0.007656307048891975
Italy,2010,-0.0893400002498358,0.1875555981864987,0.09570461960762315,0.18230316735832286,1449.0869630294867,-0.023052113077606795,-0.004784620930513683,0.016195443315948355
Italy,2011,-0.23562690884218063,-0.018268716287530684,-0.04709496106832562,-0.021641892160392584,1496.460313780045,-0.09153326201517986,-0.001456025901600766,0.02935710426796323
Italy,2012,0.09440051208134093,0.09132014941115241,0.1283428197464957,0.09136224739055354,1467.5382749734729,0.20549343787249152,-0.013743361050415737,0.03314893929692331
Italy,2013,0.21332852823526105,0.22316795949225554,0.29656434401677506,0.2230353423710394,1404.0098615038794,0.07511838722545994,-0.0038456616447039016,0.012446024892049934
Italy,2014,0.03224890878478481,0.22152900593864921,0.1047014275139242,0.21919471321170048,1594.8192076435216,0.19313381574780553,0.0018983775315652984,0.002338183642749625
Italy,2015,0.17466269948329982,0.13588500728055508,0.03995253058621763,0.13633787080317172,1778.5156608799487,0.0448648074154292,-0.0006039510592755759,0.0010912767938489054
Italy,2016,-0.04582287470964852,0.06352887971860754,0.03724660826936088,0.06202838313887171,1836.8940328242102,0.016834723447956,-0.0012005603249883867,-0.0005000400032003638
Italy,2017,0.16446193079346538,0.06273076798194999,0.16244024913145344,0.06387009665989085,1614.5001250729601,0.018034445082835138,-0.016439736538062744,0.013257689459886812
Italy,2018,-0.1349462232394092,0.029357302944603925,-0.010218151401059451,0.021709537130584433,1691.065502183406,-0.005428240326449174,-0.01108490221897096,0.01242260558721009
Italy,2019,0.2736253064150149,0.1647682005742701,0.13436641181290682,0.16977734403132128,1723.5802029553136,0.23641380152807479,-0.006896195783862358,0.006339917093391767
Italy,2020,-0.040404901496055357,0.02121443847358062,0.06719011540631063,0.01841739675258669,1577.9235596120932,0.12724116366484073,-0.0005469546226644084,-0.001453840562151698
Italy,2021,0.25511967297243454,0.16567024596168922,0.17345116462368326,0.16959793164557535,1522.4136647184598,-0.05088074194538306,-0.02382524621331994,0.01941276
Italy,2022,-0.049314599786698055,-0.1094362894534966,-0.14208280279818475,-0.10653511489736378,1712.795004295301,-0.21119847500884537,-0.07226881912124516,0.08736015
Italy,2023,0.14156850484475259,0.11046945016204157,0.15991066778233515,0.11202778377746192,1664.708383616679,0.0002850543331924804,-0.021883417400837435,0.05903386
Italy,2024,0.23090076564676054,0.17769031939085655,0.16553131311636077,0.18021413623117555,1663.0437706108885,0.03809065592495364,0.020609931472671317,0.01212321
Italy,2025,0.2812721812565553,0.1506261031120255,0.1698857746733223,0.15673996284999303,1595.6980273506786,0.016904228405981492,0.0007258071778011299,0.02057409
Japan,1887,-0.10668645750580041,-0.05038069328506878,0.01621300754663276,-0.053421991370659394,1.36986301369863,-0.004250987389315619,-0.0243016194942971,0.06344339622641515
Japan,1888,0.09196383734519453,0.11437412184336648,0.08089809002466894,0.11315366313037245,1.3793103448275863,0.04923032823822293,0.05440604845347674,-0.017076957196717646
Japan,1889,0.2321793671841057,0.023266182519438683,0.08633980263230225,0.023266182519438683,1.3605442176870748,0.011450246100280559,-0.019274801987461565,0.05888989169675085
Japan,1890,-0.23524003460717424,-0.09375464990230808,-0.019992121223397216,-0.10106546646974346,1.3377926421404682,-0.030607928434829068,-0.023135731308657648,0.06626891114425737
Japan,1891,0.08367703443810393,0.09202132561555931,0.043899970852394776,0.09155848772855912,1.3333333333333333,0.2166978346092978,0.08605797145893335,-0.04196642685851315
Japan,1892,0.68090176166304,0.2668368206236056,0.0374336744004445,0.2883578210112856,1.5267175572519083,0.1410217727090688,0.11109261578761487,-0.06758448060075084
Japan,1893,0.06080607666735327,0.14581153985868123,-0.00775197768591214,0.14126495085190927,1.8348623853211008,0.07717611429229687,0.021183552591016674,0.01208053691275146
Japan,1894,0.20609410179917798,-0.018666546062839573,0.09029778959035502,-0.006563460337840943,1.7467248908296944,-0.09387845145706031,0.009468380572480228,0.03183023872679036
Japan,1895,0.22886506746743485,0.22713185656846635,0.0999605943794977,0.22723414425859922,2.13903743315508,-0.033403743594377255,-0.046408642610590634,0.09447300771208211
Japan,1896,0.40320806842985135,-0.09246711750367897,0.0648319936879469,-0.06420701872825785,2.0151133501259446,-0.06071458159565224,-0.05046390698131331,0.10041103934233697
Japan,1897,-0.4112090921721696,0.024190621046948024,0.10468915187610098,0.0010694523697314384,2.0779220779220777,-0.07707010693955174,-0.05761494186003879,0.11419423692636066
Japan,1898,-0.3187346383687991,0.029708689264039467,0.1291916775941951,0.011491248975013413,2.061855670103093,-0.02567546461780934,-0.025640976992220454,0.08461047254150689
Japan,1899,0.4109904005382088,0.10957981457147592,0.053138646777416865,0.11385773880552064,2.030456852791878,0.11910139199278302,0.11103253754768394,-0.05637327053282304
Japan,1900,-0.2539535958237671,-0.01882168566629072,0.06695192442493858,-0.021264914997703332,2.0408163265306123,-0.09893526255724483,-0.05726347353677119,0.12353766963032298
Japan,1901,-0.06418639724096575,0.09884904922633364,0.07091508454933952,0.09064119146549765,2.035623409669211,0.026070819262410394,0.08280124895384633,-0.021796473691517604
Japan,1902,0.3636153828399007,0.007063904610420391,0.04551518622538826,0.010514842947697112,2.0253164556962022,0.062142042453081414,0.012760214176736895,0.03874538745387457
Japan,1903,0.11334003979266294,-0.0785709824374462,-0.05101620806497406,-0.07632400978778808,2.0408163265306123,0.014335836273319469,-0.005949323078061064,0.05000683153436247
Japan,1904,-0.00912834996632117,0.16660151296013948,0.18285816124321805,0.16458002060747146,2.056555269922879,-0.03830786354903293,0.019818948750715437,0.023162003903708595
Japan,1905,0.4116310195218633,0.08387112271440311,0.1365025507714073,0.08751915443273117,2.035623409669211,0.06938568787056698,0.008189508252114175,0.03853491033956491
Japan,1906,0.824809226996045,0.05159208992595632,0.049949244625035145,0.08752458347686565,2.030456852791878,0.04457677361257106,0.023893032668124148,0.019715895175116405
Japan,1907,-0.2039871330227795,-0.20616333749952154,-0.14329906717995605,-0.20610227601950581,2.030456852791878,-0.08541934124908346,-0.05515075356106813,0.10459949561666892
Japan,1908,-0.3174414442219372,0.23124858347009924,0.19320959457677703,0.22208014957218625,2.030456852791878,0.10277382000087831,0.08706461131663334,-0.03446401391606879
Japan,1909,0.3929246018737582,0.1920673541772593,0.15298682970772523,0.19515119424617233,2.0253164556962022,0.20235644221557236,0.08386487486242422,-0.03884697669181403
Japan,1910,0.3332749225180067,-0.014730609420354202,-0.04204913001024095,-0.009895680778124749,2.030456852791878,0.09009061527742501,0.0316610802491708,0.002577319587629079
Japan,1911,-0.17517597957304787,-0.019887406626909243,0.043781578079904224,-0.022267536339304117,2.030456852791878,-0.10413775809608294,-0.035801149200665905,0.07455012853470433
Japan,1912,0.038914680938462176,0.009238156219887772,0.03952864607179897,0.009774141028325856,2.030456852791878,-0.06109130876582125,-0.006839581044241649,0.055458895171814016
Japan,1913,-0.029118738401628708,-0.06589105298250475,-0.044908844622782246,-0.06527512206665209,2.035623409669211,0.00336002561897053,0.01796527908593415,0.030290541932824988
Japan,1914,0.05118135146431113,0.04385316267466144,-0.05379016876207225,0.043983184061670455,2.0408163265306123,0.0950053498938297,0.1386886672563672,-0.07879999999999987
Japan,1915,0.41791391685152246,0.22464149594771055,0.06804316032772387,0.22769884441051724,2.0833333333333335,0.21908034015437394,0.10552547423925573,-0.0640468953538863
Japan,1916,0.8096396747994539,-0.06501937182681072,-0.044179899709530714,-0.04123567519176807,1.97,-0.025590038594704323,-0.043295846519550873,0.08037578288100211
Japan,1917,-0.23967900387913443,-0.2551511194370416,-0.2479106153869205,-0.2544620007513233,1.95,-0.14796323484911567,-0.1520227873724772,0.2267310789049919
Japan,1918,-0.11401248616167325,-0.1708314678312609,-0.05086646021083016,-0.1676456859300216,1.89,-0.2413655845184982,-0.22444094465153597,0.34602257810448944
Japan,1919,0.027778520670437734,-0.1896308202751239,0.05265383008896231,-0.17920710973267084,1.95,-0.2305689264130556,-0.21423413638157307,0.33047266107535256
Japan,1920,-0.07351053896590087,-0.29409966101232976,-0.28879877827990325,-0.2817526845619164,1.99,-0.03142682886241732,0.006393630836184272,0.04603205629397977
Japan,1921,-0.04671963776489352,0.2623894191180183,0.239938283797072,0.24958332505697345,2.07,0.18204152180270206,0.14051849064608768,-0.08357469868261247
Japan,1922,-0.02359626662984793,0.3236018254726831,0.428928554888771,0.3111812296588605,2.09,0.0758911330663421,0.0669275954245403,-0.01519090584696936
Japan,1923,0.08976542370986862,1.076792077197636,0.24128220693383576,1.0558262759843289,2.06,0.07888133022228838,0.06059241490961531,-0.009006677364252869
Japan,1924,0.06477939363103835,0.35767448128757273,0.17287988995818612,0.3501470272788221,2.43,0.055789302676209296,0.041021763801661004,0.008931835988508885
Japan,1925,0.10908262042438266,0.20430809212387446,0.16349143531562657,0.2021598416417314,2.44,0.06505077540722026,0.03830169206689993,0.01211430938082425
Japan,1926,0.21802005415617343,0.04630985280491062,0.15999402048636413,0.049975058869830224,2.12,0.11404666240474115,0.10090917922176734,-0.04537084398976976
Japan,1927,-0.050801907409948055,0.28834578902493657,0.2657415912850115,0.28091282345775426,2.11,0.12403738385370167,0.0612226409601746,-0.015324438729036105
Japan,1928,0.14975230300464926,0.3943365556714349,0.32797927615021905,0.39047415700410326,2.15,0.11016552698285875,0.08588434282001889,-0.03798226043423858
Japan,1929,-0.08728362718734872,-0.0386432474092282,-0.0733015586097881,-0.03928172712301892,2.17,0.06337401402396692,0.06307345660893127,-0.022908535550653197
Japan,1930,-0.19198222117015662,-0.17556571767990903,-0.18426652227928586,-0.17576666531459684,2.02,0.17249431631337186,0.15618591979160423,-0.10159777700590489
Japan,1931,0.2713486455180134,-0.2692829371069081,-0.29819499522237003,-0.26296842197322645,2.05,0.13859877448674163,0.1747871716039422,-0.11527804626586757
Japan,1932,0.12235428185410724,0.6315500176624296,0.10471006782964408,0.620687634567316,3.56,0.16951153314500855,0.02466170043118132,0.011143481427531077
Japan,1933,0.2980160605501663,0.5962475106420186,0.3902307543887792,0.5898022127391624,3.9,0.06504802705273915,0.0015710677498250725,0.03054094936252949
Japan,1934,0.04523219324140504,-0.03331576314481788,0.01702221480316164,-0.03167132104391723,3.37,0.028894501785557525,0.01660656891542378,0.014118962745509389
Japan,1935,0.06693020688441509,0.27619895730852395,0.2734186141359551,0.2713632686573191,3.48,0.03424936803000134,0.006066628210251501,0.02474326280239869
Japan,1936,0.05737850964735447,0.23942238353010037,0.26537073382122245,0.2358169139192352,3.45,0.0057742532603235475,0.004283943347477948,0.02313693839117592
Japan,1937,0.09195786353269497,-0.28438282530716874,-0.23948585108387554,-0.27802503864021355,3.47,-0.028756694197727417,-0.0470770567462927,0.07803050223507757
Japan,1938,-0.10921023835574739,-0.03833495055498315,0.056575062007644825,-0.04015333437440649,3.52,-0.03870766015804883,-0.06268487701787662,0.09598146228428539
Japan,1939,-0.03853675034739645,-0.01978199858752605,0.024767855470927677,-0.020197097082508275,3.85,-0.066886842539438,-0.08136211342582422,0.11817726589884825
Japan,1940,-0.05764634069011476,-0.09917206787551947,-0.08675382964712783,-0.09809190366237919,4.27,-0.11424893299091776,-0.11681576788061931,0.16261133502512815
Japan,1941,-0.1905238714918842,0.05734122119573981,-0.04882396732265764,0.05012477682775773,4.27,0.023969251353362475,0.012627974876805004,0.013995292103573531
Japan,1942,0.2150133158152392,0.0884026355859211,0.03616297403358289,0.09137420210518088,4.29,0.009963342743895431,-0.0007416068797582165,0.027562046260340978
Japan,1943,0.16000663603101573,0.11503518664181378,0.10762265643723212,0.1161716814912408,4.29,-0.0214283185619093,-0.03170723659842101,0.060423084822345485
Japan,1944,-0.20748345789165423,-0.15815460583108232,0.1092913317175294,-0.1594394759044927,4.29,-0.23306663652769055,-0.24134502258118362,0.35292066935233923
Japan,1945,-0.9034720866582836,-0.8175558978013275,0.19394102879917272,-0.8195616569931687,6.9,-0.903536555020095,-0.9045777949447451,9.756406218684686
Japan,1949,0.6155339375437161,0.4990357136801853,0.07695895706937955,0.4990357136801853,595.0,-0.1999234748852029,-0.21508792726797887,0.31887384048773004
Japan,1950,-0.22497891126348624,-0.05650098242759827,0.19154239369209974,-0.057703074259222165,425.0,0.13278499669449562,0.11152514568089167,-0.06866704380751698
Japan,1951,0.20497366420707208,0.05424782629601843,0.13228721483281664,0.0554740629967001,435.0,-0.10568791990326387,-0.11840325804382501,0.17967767984064276
Japan,1952,0.7241663221510193,0.04258523959405536,0.07971844227548704,0.04902996532793935,415.0,0.0048624582930894,-0.00942468623544035,0.04989492939566431
Japan,1953,0.4732292784257417,0.05851953133852361,0.055709377285186955,0.0676592195106469,435.0,-0.009884991114453068,-0.023962456259129072,0.0655327817820508
Japan,1954,-0.1346000387826657,0.3676799404022939,0.4807018453388158,0.3537434833247546,424.0,-0.0010517266194025598,-0.022849699845390314,0.06431937741960092
Japan,1955,0.22582414834430886,0.20965127010637685,0.2529691544838519,0.20991260072704754,401.0,0.07601555629234613,0.05253590383003015,-0.01191019202146315
Japan,1956,0.4580787382083855,0.03779766572828125,0.017042327824224414,0.0460275987050196,402.0,0.05867358568607428,0.03537758869794505,0.004464468285235279
Japan,1957,0.14085236085380082,-0.10038367277721505,-0.09455922630494312,-0.09347738225476288,400.0,0.0311208666495002,0.08401720940091728,0.031110938384517173
Japan,1958,0.1301389168630942,0.31136884757264527,0.2988126131731688,0.3058357615751228,391.0,0.06780257693089942,0.10163168382944265,-0.004310321618913315
Japan,1959,0.5242994121736835,0.2605994959669684,0.22307165147221825,0.26922954199253657,402.0,0.05407366372775502,0.07423242346838266,0.008658162123880597
Japan,1960,0.3124764829074125,-0.06287974534207175,0.013949754124482284,-0.04682780599680891,380.0,0.024718611659380274,0.043685965593865284,0.038626593249922125
Japan,1961,0.14317969481417947,0.11773134161314691,0.17650236986387105,0.11916343289158493,373.0,0.010041671491366033,0.02770131662963271,0.05371890161332793
Japan,1962,-0.08136602258309722,-0.08298813951325579,-0.10376628363287718,-0.08290638919177507,398.5,-0.00221874937415123,0.02035156451165676,0.06666666666666665
Japan,1963,0.027700089692113572,0.037408171810771496,0.14655098117639467,0.036763862588279794,381.0,-0.011980969347289872,-0.0016378197378359438,0.07720597240365779
Japan,1964,-0.12188612730594739,0.05145719825742612,0.0718611902602552,0.04196491108030598,380.0,0.030242024253695154,0.06043065899687727,0.03754261253506841
Japan,1965,-0.05707838234043672,0.045206145293067435,0.07027776047263302,0.04008728506687631,386.0,0.007272153734759312,0.0036457304264208013,0.06578941761385271
Japan,1966,0.19584624443413512,-0.12823400120458583,-0.10683825913588436,-0.11161704708739917,384.0,0.017627257514923667,0.005635191081825974,0.05246913668392894
Japan,1967,0.01743075293679852,0.1591699364388961,0.19225277977509553,0.15058771219918143,386.0,0.024655045556126964,0.024830163654854687,0.03812323161222686
Japan,1968,0.080435068967873,0.10746528483008566,0.16340389637231972,0.10619490265842302,373.0,0.011529308480515699,0.023847753704254737,0.05367228315662076
Japan,1969,0.2724654744043433,-0.11007474494254033,-0.11507053898819608,-0.08962370434389966,376.0,0.011978448907715267,0.022190882529918188,0.05361925838860637
Japan,1970,0.016020928267565182,-0.07048589013928763,-0.06386392169053895,-0.0635688172351847,380.0,-0.009129067580178285,0.00604436423099286,0.07633593537726502
Japan,1971,0.0628219505605998,-0.07237875955964412,0.09831205634520265,-0.06253688148402725,314.799999998,0.0065111889853504135,0.003250769479653748,0.060693627709408116
Japan,1972,0.5404446778191423,0.10532623252048867,0.1631230608832244,0.14340556118700176,301.999999999,0.03943160097637488,0.0008666626491788954,0.046321491325760356
Japan,1973,0.17440907546821371,-0.28070432090539554,-0.20919604465533503,-0.21520638315093732,279.999999999,-0.10450373753354902,-0.03855779126290593,0.11458337337022728
Japan,1974,-0.2969491414364719,-0.35687247495087115,-0.34482033191235884,-0.3489680297560688,300.949999999,-0.15161319330701628,-0.09630893556287379,0.24532713751096846
Japan,1975,-0.060199943472697415,0.2394464153523128,0.2656071907983748,0.19226681675134683,305.149999999,-0.034199029436767114,-0.01027174032005762,0.11819884512297785
Japan,1976,0.047947642036603844,-0.018048931116655287,0.06419095651106398,-0.008528455016026948,292.799999998,-0.011643586733917521,-0.022112085470664677,0.09395973196977736
Japan,1977,0.020825747120712945,-0.2275242615533748,-0.0809496937103892,-0.18996624571489107,239.999999999,0.12656064612607576,-0.021261394627457464,0.07975458911984368
Japan,1978,0.09552315484683205,-0.11964401567644534,0.018130419444556903,-0.08747815027687322,194.599999999,0.033947032683561806,0.005024970687552477,0.0383523107534125
Japan,1979,0.06357350643050852,0.3928613859160943,0.05373415993597833,0.33338447493846624,239.699999999,-0.0919615693356366,0.022214087803084537,0.035567709155187144
Japan,1980,-0.015501821481682998,0.0037523536656338674,0.15320482474369113,0.00034640264553265077,202.999999999,-0.013217792077925727,0.026575287202321052,0.08058124141352563
Japan,1981,0.12067515488640312,-0.01410591572644837,-0.09018611082577523,0.006879986788199899,219.899999999,0.08609236182223934,0.024255402882042976,0.04889971511903801
Japan,1982,-0.02016684406237823,0.17513267736131288,0.09833244430261404,0.13742456213749166,234.999999999,0.0735338803743446,0.041435216291039856,0.02680654870597854
Japan,1983,0.20126632885696427,0.1913918020276073,0.21298354528976987,0.19327606495954308,232.199999999,0.09212288377634703,0.04494516755052946,0.018161174381973844
Japan,1984,0.2469278412129634,0.09607887543042914,0.04502413542984628,0.12594569712042203,251.1,0.10535916028240955,0.03785912452751461,0.0222965472339971
Japan,1985,0.1918710563781485,0.12148556904420893,0.27965837234102137,0.13886739322587838,200.5,0.09705561637061444,0.052488743333182875,0.01962924499818164
Japan,1986,0.30852548083940423,0.04422434859531865,0.23828814962367004,0.10098660660601766,159.1,0.05415434534253838,0.042920668707346454,0.006417104983667654
Japan,1987,0.4735992964944933,-0.18577178208821032,-0.06227136832899017,-0.017179036621127075,123.5,0.04485492209663744,0.03558738962032826,0.0010626913494935497
Japan,1988,0.08854205320660613,0.19853940197901632,0.163450057655179,0.1658430933898345,125.85,0.041326678504788994,0.03068876879500748,0.007430982822192345
Japan,1989,0.18079539968487457,0.42523875601747774,0.2388146887792208,0.33882355549714815,143.45,-0.029975243106854288,0.02841369536567928,0.02212855175282824
Japan,1990,-0.1577976220042807,-0.1084183827698667,-0.1169642490417726,-0.12641502564818607,134.4,-0.04688590387933933,0.04175962295670965,0.03092783987808745
Japan,1991,-0.1820857795067472,0.07250264427609476,0.1478331023217149,-0.0016331328156961034,125.2,0.12397943498238262,0.04090355882841901,0.03300002013306291
Japan,1992,-0.27316152548490324,0.05853414580027927,0.09766225248503943,-0.023002655700399055,124.75,0.09727617036147551,0.029653190212152403,0.016456909103997885
Japan,1993,0.11486472557352845,0.030081495524322044,0.1583325433883325,0.04615368308455947,111.85,0.1348985327397092,0.017033049593867755,0.013333342463974107
Japan,1994,0.05845384387476038,-0.10209319785473614,-0.03783196396605626,-0.07346694988384539,99.74,-0.06837366134205936,0.015277654724630496,0.0065789340305089095
Japan,1995,-0.1360125533504538,0.35509454940633733,0.26500096423904035,0.25829197250226765,102.83,0.15882354003990828,0.013080513592367726,-0.0009336998875701941
Japan,1996,0.16871299658689698,0.3875413540073003,0.19919366463723887,0.3505945744919201,116.0,0.07075526960741119,0.0037601135548011033,0.0009345724978062631
Japan,1997,-0.1431287543678117,0.4072639091314314,0.29471986860446076,0.33020042861486987,129.95,0.08848901835525358,-0.012675175946772255,0.017740439205020886
Japan,1998,-0.15435858113105339,0.10410065000128244,0.21863996665074625,0.0800552383337858,115.6,0.018185571093044972,-0.002689930490929915,0.0064220053527532794
Japan,1999,0.20847254861389874,0.0640464180012732,0.21865865744555357,0.07527408334399732,102.2,0.047969887838418046,0.0033294157675118896,-0.002734710801193363
Japan,2000,0.12880323702924978,0.04941320223881629,-0.07003199858707804,0.057805926707339195,114.9,0.02224387489511548,0.008458281318665772,-0.007312629057815712
Japan,2001,-0.21206649544157596,-0.01906139435336096,-0.15753567186109957,-0.03566206158372587,131.8,0.06328519576669644,0.008036236388193618,-0.0073970916210025495
Japan,2002,-0.16066338473536468,-0.24521864441543928,-0.23514779916123635,-0.2383158200158193,119.9,0.07771354044085954,0.009438185183844094,-0.009241561610410787
Japan,2003,-0.043047327891900244,0.16302483708731308,0.19735894187406758,0.14420584216005183,107.1,-0.024489453510451176,0.002606254525126639,-0.002585914972652814
Japan,2004,0.25302972289881254,0.13478253518222583,0.11136686522322772,0.14611833744422054,104.12,0.017748150054487377,0.00011140150827948503,-0.00010288171689010195
Japan,2005,0.15717447561328313,0.2297850457616235,0.09942053087533781,0.22248034198375355,117.97,0.022890692572825833,0.0028499857658708105,-0.002829538322237979
Japan,2006,0.26849343921226887,0.23116095671292314,0.13940304099622736,0.23608945608015408,118.95,0.001968843779172502,-0.0012692305473626098,0.0025176961016983856
Japan,2007,0.02621782185301602,0.05433562492085464,0.03933432282725788,0.050906163165815865,114.0,0.03815353056396287,0.004096104789418797,0.0006278433067785638
Japan,2008,-0.28338892359243284,-0.5432250884901144,-0.41023558659161286,-0.513922452489351,90.75,0.04040086377522245,-0.009104803832519104,0.01384503029243267
Japan,2009,-0.23966212264782372,0.38173576624265015,0.2992296860502338,0.31103854851451795,92.06,0.02348808111896772,0.014745098582672034,-0.013493633642773784
Japan,2010,0.045301084586227613,-0.012566984686481097,0.09730375386626723,-0.006881466679901305,81.45,0.04674018651840406,0.008213924013252383,-0.007219622563891637
Japan,2011,-0.04564209689661025,-0.0691154907926268,-0.05047298073781249,-0.06691825101345261,77.72,0.03712118818188892,0.0035115239001490828,-0.0027244569214672776
Japan,2012,-0.0431063589666677,0.3132529288814909,0.14483192629592465,0.281107523561251,86.55,0.036729327776792386,0.0013875337098454565,-0.0005609224057339102
Japan,2013,0.7157964872221896,0.5545072799951316,0.2530136493976789,0.5692945885327216,105.3,0.013467908160243791,-0.0026706233233149135,0.003429782988276564
Japan,2014,0.07419154875916756,0.2157047400415084,0.10765347272159695,0.199441536462579,120.64,0.025372864962070363,-0.026210833142557677,0.027613779959811957
Japan,2015,0.10291953493448269,-0.0013325847822466264,0.0333725826416935,0.010889139052718821,120.5,0.009813889544674215,-0.007137548706772745,0.007922428738459164
Japan,2016,0.006347258834403791,-0.004010299325806321,0.04057191782181684,-0.0026589861419412664,116.8,0.16399971451436524,0.0005606619678826252,-0.0011400228004559976
Japan,2017,0.21349962110085485,0.17511861139477358,0.1554167011273904,0.17977471120976096,112.9,-0.005724948253881368,-0.005455758731575444,0.004862286191922527
Japan,2018,-0.1600079834714171,-0.022230601751766166,0.005342034952992687,-0.040033629305952,110.83,0.023367170011442173,-0.010338293288064904,0.009890544639324927
Japan,2019,0.17927993501610473,0.12495453846592897,0.13515991039342845,0.13186785574212267,109.12,0.04172725927332732,-0.005335900019996065,0.00468087671012718
Japan,2020,0.0785911606181513,0.0518611475037527,0.05997561201337291,0.05520753642793763,103.63,0.004715779984178159,-6.0070204914386416e-05,-0.0002699460107978835
Japan,2021,-0.021381545766844368,0.31663442220933513,0.20558695122330434,0.274135968908892,106.6676016031283,-0.0034693275467645446,0.0032491472321332093,-0.0025829029999999997
Japan,2022,-0.012701329439353093,0.006028085232644198,-0.1551010931904361,0.0037532098472514708,127.71576911654626,-0.07300626304205293,-0.023828668230099548,0.02506056
Japan,2023,0.28604821280457804,0.24582655159038036,0.14192594602987468,0.2506328498564563,136.49052327449638,-0.028693025915584536,-0.030786493907903778,0.03251569
Japan,2024,0.0630021257922031,0.2764675567312167,0.18315254281113705,0.25075931867742596,147.01708270369576,-0.048616218455801996,-0.022221092716235846,0.02591557
Japan,2025,0.322116806950971,0.15471298039196069,0.15774914023547934,0.1724619379142216,145.29323796880868,-0.0909320250269039,-0.010763018283561632,0.01917833
Netherlands,1901,0.02673000091748734,0.08689426330741723,0.06474326215445234,0.08589758221663213,2.4796367999999998,0.08031732520363133,0.04826195765499586,-0.0174211781627569
Netherlands,1902,0.01655365307139678,0.05124736341453806,0.049406292968634094,0.05038951545758197,2.4892625,0.01948212966496099,0.01626774190428626,0.00829728095281479
Netherlands,1903,5.580950005890095e-05,-0.0646903581451409,-0.05039853171857632,-0.06301355263149233,2.485704,-0.02194601705830812,0.005984886725310945,0.025760936813071567
Netherlands,1904,0.10635944766750294,0.13713314854271053,0.18264416782193668,0.136328553277131,2.4783563999999996,0.001585997140533646,-0.009444865163768856,0.037499038033003584
Netherlands,1905,0.15501012538017944,0.17955260634340142,0.13916336255579165,0.17893090913831666,2.4848816,0.03434188728703513,0.055122765249361994,-0.029591594361527696
Netherlands,1906,0.01782387449366296,0.05223260189249057,0.08714576449959181,0.05164308260690831,2.4962832,-0.040741557551910335,-0.022920076900148856,0.062042087466291695
Netherlands,1907,-0.05441933494803408,-0.14745640932557647,-0.14751284872789583,-0.14494697863502526,2.4875046000000003,-0.018977521075536186,0.026038041448260163,0.021989397116199072
Netherlands,1908,0.14224517348789645,0.20483602280794266,0.185921312933166,0.2030525232257161,2.4822345,0.059542004733747156,0.052487400464953815,-0.021270944712012074
Netherlands,1909,0.12881313070947575,0.14902695676757682,0.15751106787061692,0.14843502277086107,2.4806628,0.029466590761365152,0.018505448717625717,0.0021546782215402516
Netherlands,1910,-0.04145448295088083,-0.0360651850572139,-0.03668520883943472,-0.036234063482602274,2.48262,-0.003762793592380187,0.00799529432685131,0.028179404536004427
Netherlands,1911,0.12246837088883189,0.019640955864503873,0.03764209410895926,0.023015136314705087,2.4852673999999997,-0.07602501210584545,0.0035196965355719367,0.028081465394856897
Netherlands,1912,0.030037723793544302,0.0538350033315369,0.03982028472123811,0.05309858176063842,2.482029,-0.014801116412145654,0.0280803883297418,0.010718627227492838
Netherlands,1913,-0.02802864269896599,-0.07352081263138988,-0.04521093579611312,-0.07202074264391056,2.4925,-0.014783050239520867,0.008934071431708546,0.03951291640886612
Netherlands,1914,0.005688557401299477,-0.054320538017919695,-0.0538416922063806,-0.052391147412431005,2.4622,0.028237110003829002,0.029999999329447746,0.0
Netherlands,1915,-0.07601933301959862,-0.018259908594338126,0.07357771520439443,-0.018259908594338126,2.4696,-0.1817518464984189,-0.10643481600704596,0.15000004262612143
Netherlands,1916,0.09549562071332174,-0.046960543473066996,-0.020962869234043204,-0.046960543473066996,2.3915,-0.008246622068058707,-0.08503125228273833,0.11304348148401666
Netherlands,1917,0.08474673250209896,-0.13366800269644463,-0.24754398438016784,-0.13366800269644463,2.3825,-0.08575623981162261,-0.03359999446382167,0.06249999306215481
Netherlands,1918,-0.19143955532343337,-0.13422326677281182,-0.05440699298171331,-0.13422326677281182,2.1256,-0.1791671490632939,-0.13539259747368304,0.19117647673386973
Netherlands,1919,0.06981405999519508,0.17082906151750366,0.051461181125928165,0.17082906151750366,2.5545,-0.12874523137924287,-0.043923759321609634,0.08641963397670116
Netherlands,1920,-0.31875486564273803,-0.24035363569395407,-0.2767485067334148,-0.24035363569395407,2.9054,-0.11299749204406329,-0.059670189667544116,0.10227282818684769
Netherlands,1921,-0.034849036071364026,0.2927149033570131,0.22806231890660744,0.2927149033570131,2.972,0.26715053258250343,0.1937309069980735,-0.1288656471553291
Netherlands,1922,-0.12007634501175013,0.2827935114221345,0.4332859840038492,0.26783523087601013,2.5976,0.27587718317664334,0.17449349535303127,-0.11834334948697334
Netherlands,1923,0.09965439578229729,1.1344523295523015,0.24201466677269395,1.105733875200619,2.5575,0.061469543136223104,0.06183226107540696,-0.033557334981161646
Netherlands,1924,0.011468538046791155,0.17929008414219672,0.17571587837693547,0.17355372337416353,2.6171,0.08041999217937468,0.034714420844286,0.006944506114184845
Netherlands,1925,0.1567857116087632,0.1610354901277784,0.16245182451681567,0.16089461014845585,2.49,0.14718359573810536,0.03815978529356667,-0.006896612546190561
Netherlands,1926,0.18262786260664865,0.20567617939261496,0.16123260368559267,0.20567617939261496,2.4939,0.09985162998808583,0.07311290555922012,-0.041666543327186
Netherlands,1927,0.1511128544807434,0.26700712837362417,0.2588040329555632,0.26700712837362417,2.4934,0.032375022768974304,0.03669999912381172,0.0
Netherlands,1928,0.07679118937860929,0.29951392951688405,0.32516477106228175,0.29951392951688405,2.4861,0.05903250598963172,0.03480148025505958,0.007246337268355552
Netherlands,1929,0.05836773838714193,-0.06177067062050934,-0.07348509474137932,-0.06177067062050934,2.4899,0.01894853786816464,0.05579561080273776,-0.007194205627997108
Netherlands,1930,-0.17985760534098083,-0.1759072911668489,-0.18436096696070076,-0.1759072911668489,2.486,0.14405847333534938,0.05917606208222059,-0.0362319952266984
Netherlands,1931,-0.20093599852666955,-0.3164353055969896,-0.2915427905522585,-0.3164353055969896,2.4857,-0.040388610408286674,0.07964079926277678,-0.06015037513659871
Netherlands,1932,-0.2503848857504264,0.015239577791886338,0.1050864618146441,0.015239577791886338,2.4817,0.33564263915539616,0.08631460430322857,-0.07199995635084899
Netherlands,1933,0.18061241131652106,0.17530008018596943,0.3882378352227171,0.17530008018596943,1.9335,0.011600775813643827,0.019791256494878562,-0.008620643193882338
Netherlands,1934,0.10269230604171753,-0.1277009632310917,0.017612805295182218,-0.1277009632310917,1.4841,0.12409166991710663,0.008899999782443047,0.0
Netherlands,1935,0.08990997267350709,0.30067500602845865,0.26864717241076674,0.30067500602845865,1.4768,0.01532478442347629,0.06898204816232623,-0.03478266671229924
Netherlands,1936,0.29639606156513976,0.4025786440120589,0.26125134420617785,0.4025786440120589,1.5509,0.16889491633960452,0.06434326906511556,-0.045044930877198186
Netherlands,1937,0.5206813441189395,-0.14211300144153804,-0.23388654042700424,-0.14211300144153804,1.8167,-0.0220617436269418,-0.05177317567010142,0.05660373058953394
Netherlands,1938,-0.06266129532989817,0.019510757195870143,0.052321656948798013,0.019510757195870143,1.8179,0.01572909365137809,-0.016070203894584467,0.017857172307586655
Netherlands,1939,-0.03595647561859361,0.026168640437765678,0.025400244250863024,0.02410966577006768,1.8749,-0.19207114430337047,0.0022087433859123706,0.00877188171875476
Netherlands,1940,1.0044190824875003,-0.1730783571416642,-0.08599668774891717,-0.1730783571416642,1.8823,-0.034372200751293325,-0.11171207278545658,0.14782602464234507
Netherlands,1941,-0.3679856768384925,-0.07030032411574894,-0.05294947553479764,-0.07030032411574894,1.88,-0.015198964076743371,-0.10834469033525862,0.14393980330412748
Netherlands,1942,0.03271359905232485,0.039987930277174843,0.04036061112576124,0.039987930277174843,1.8791946308724834,0.005607280474711374,-0.05158921964451968,0.07284735807529485
Netherlands,1943,0.17468439648523426,0.14817636474082896,0.10894647685684065,0.14817636474082896,1.8791946308724834,0.03579561962511857,-0.018590677186673843,0.03086446823477007
Netherlands,1944,0.0325155495676035,0.10415386607446364,0.1010402893725773,0.10415386607446364,1.8791946308724834,-0.016917378097690783,-0.019651176525667502,0.029939523676633772
Netherlands,1945,-0.20392984205218734,0.47822787627654173,0.16832133508533004,0.47822787627654173,2.65,-0.04066563983968707,-0.11645900543896692,0.1511633382210198
Netherlands,1946,-0.17945756951439995,0.9820228454040159,-0.05396668177851488,0.9820228454040159,6.5,-0.06338032844886943,-0.07233338871305672,0.09090915614648454
Netherlands,1947,0.17140570493804086,-0.17383694933634863,-0.108888345671061,-0.17383694933634863,5.85,-0.008606877598712481,-0.022696106793451243,0.03703669595019066
Netherlands,1948,0.0929651818606303,-0.14079871299206714,-0.09972010064310194,-0.14079871299206714,5.1,-0.00927105182782939,-0.021931333730085045,0.03571460287295003
Netherlands,1949,-0.08354985217290822,-0.2095201580537689,0.07695895706937955,-0.2095201580537689,4.15,-0.0233480468108076,-0.044933247879296534,0.060344732551773195
Netherlands,1950,-0.05949142641789362,0.1163181898648562,0.18857050970798367,0.1163181898648562,4.11,-0.07579041025930178,-0.05668006949374971,0.09000001732768914
Netherlands,1951,-0.07177722185116409,0.11860272800747107,0.13287855864685835,0.11860272800747107,4.23,-0.17520204979402298,-0.08054261304431931,0.11926589947926858
Netherlands,1952,-0.04733774811029434,0.07773000867338853,0.08844733467153867,0.07530272614113809,3.94,0.11061902344226837,0.029804479330778122,0.0
Netherlands,1953,0.22624242305755615,0.04887120977769466,0.06176314769063251,0.05226578934228021,3.82,0.08535558730363846,0.030113309621810913,0.0
Netherlands,1954,0.6629032520337446,0.3925883437400728,0.458775066571997,0.3990167015923629,3.76,0.009998073422728515,-0.009861798765965935,0.039999981062632584
Netherlands,1955,0.20573558085654797,0.2648735702303251,0.25380067988006694,0.26331081232389675,3.83,-0.02488782548068702,0.010253280943299359,0.019230988089032897
Netherlands,1956,0.09025297341393679,0.026927918355051705,0.023846428993261413,0.02867515744933069,3.829999999,-0.09125909025436763,0.011848085544441389,0.01886768856969301
Netherlands,1957,-0.13062404184314147,-0.12339458962249339,-0.08663139221590056,-0.12358986515118686,3.790999999,-0.16148376904281236,-0.02464989546922869,0.060956845595571574
Netherlands,1958,0.3731049523527843,0.2942595173339415,0.29161643027006334,0.29623958879432566,3.774999999,0.031836474101953005,0.014892613348091777,0.021818326055186743
Netherlands,1959,0.31356714682926623,0.228075219761106,0.23067275233492607,0.23040305753982127,3.769999999,0.005853993256976997,0.026427274858835226,0.010675821298671728
Netherlands,1960,0.050226735607846296,0.022733324195207683,0.02602460700609229,0.023518870997726093,3.769999999,0.05025044372738696,0.013824203213776975,0.023239754715705496
Netherlands,1961,0.04040753371570771,0.135126902247924,0.1785578583012251,0.1324319127921898,3.599999999,0.04594657611108821,0.023995296800563448,0.013076165742736956
Netherlands,1962,-0.0735959135152856,-0.10561334074771622,-0.10336746296079222,-0.1048281726409016,3.599999999,-0.01000539064194883,0.014199911116560049,0.022860698024737003
Netherlands,1963,0.09607374143393987,0.13120962823059013,0.1397736931876655,0.1303166390323549,3.599999999,-0.06480573006145984,0.003825507351099544,0.03343182796656441
Netherlands,1964,0.10825209204042752,0.020150075591149008,0.060065772396959094,0.02231816012097876,3.591999999,-0.05385026621897704,-0.01668162591467337,0.057908647886634856
Netherlands,1965,-0.12170980582849544,0.04085606719407209,0.06845625685548744,0.036964669626788904,3.610999999,-0.104763616813212,-0.010041960421774077,0.05794888095773065
Netherlands,1966,-0.1899747174787093,-0.10926983047202521,-0.08929188787944559,-0.11089419641413079,3.613999999,-0.04787394113948307,0.005936990238103013,0.05796884909191036
Netherlands,1967,0.28574496316949705,0.13997929345536253,0.17983024736488828,0.14250769630961968,3.595999999,0.0027095243603647567,0.021112505355519007,0.03486800923827382
Netherlands,1968,0.2984393090014701,0.16424986828128452,0.1569609716485811,0.16666233443773626,3.605999999,-0.04983350325267655,0.014615169619375923,0.036755968520679305
Netherlands,1969,-0.09781187734221819,-0.11008164585842073,-0.09428197816747574,-0.10983680199503343,3.623999999,-0.09675655532023264,0.003041662591920735,0.07428239686273619
Netherlands,1970,-0.07810811604176993,-0.04467965610888858,-0.05711224150885819,-0.045259354115358974,3.596999999,0.09076396858405644,0.04123310728632701,0.03679953171917716
Netherlands,1971,-0.11937617261812328,0.013804088886395727,0.09938603346506833,0.011577460926154304,3.258099999,-0.003302895473327294,-0.02444763956850815,0.07477573112196101
Netherlands,1972,0.21397805707008266,0.14484146164475975,0.19591725548276054,0.14571061813796238,3.226499999,-0.05666552739988351,-0.05441130038696307,0.07791756316631271
Netherlands,1973,-0.20126586861181117,-0.235792294085154,-0.1534103584734727,-0.23537462792771058,2.824499999,-0.15407564772135862,-0.014606427193045612,0.08013524812342232
Netherlands,1974,-0.26295296020101877,-0.39077285912853454,-0.33938642774047145,-0.3892999764175348,2.506499999,0.059729563727846324,-0.00369671310708497,0.09609360743069306
Netherlands,1975,0.33807647926137374,0.2789227946837578,0.21281323695898088,0.2796289355579922,2.688499999,0.017522177706095876,-0.054850535887648544,0.10212727291881762
Netherlands,1976,-0.03323561220298055,-0.05300312022317466,0.06306942106953357,-0.052752359304345964,2.456999999,0.012422309838088896,-0.016290960813845068,0.09057484480250322
Netherlands,1977,0.02655665246901684,-0.0710764495485996,-0.0665659190093904,-0.07001989474362891,2.279999999,0.04401126697110791,-0.025169948549595533,0.06474114809889797
Netherlands,1978,0.01629299003624718,-0.030929103713623673,0.02985673458868416,-0.03038360143861929,1.968999999,0.009887753481800488,0.02073714850967523,0.04080010866152284
Netherlands,1979,0.06602592013238717,0.04074625928164566,0.05539466339595139,0.04102377293424686,1.905499999,-0.008065624013666395,0.046264200829114754,0.0421045346756439
Netherlands,1980,0.11337012493247367,0.3412963028003777,0.12347031102419782,0.3388431919148889,2.129499999,-0.03765018892319805,0.033634769819121724,0.06541501162033625
Netherlands,1981,-0.06878331722839781,0.05995455997695087,-0.05724253750286777,0.05870845325184382,2.468499999,-0.016079742390717522,0.03993700489298191,0.0674845330268452
Netherlands,1982,0.17231398808708587,0.09689461791238152,0.07454638202962606,0.09759383718874304,2.624499999,0.2853989067072462,0.020777942439953456,0.058620707735633104
Netherlands,1983,0.5610671851371369,0.3946987314736108,0.207294418419131,0.3963226844537353,3.064499999,-0.0022329103670705175,0.023935736696535814,0.028230219293456482
Netherlands,1984,0.240395767082344,0.19323936712845335,0.08315783742895365,0.19379164985438568,3.5495,0.12613382659331074,0.02429479518350064,0.032734915834949474
Netherlands,1985,0.3020351130559109,0.10821023103586458,0.2573314467956242,0.11101845871172,2.771999999,0.0722556669265908,0.039914748634500175,0.02223924226081464
Netherlands,1986,0.09392042130376654,0.10323996604894137,0.25569304981269464,0.10310628576570258,2.192,0.07636931489842058,0.055760594589562285,0.0010002991771849157
Netherlands,1987,-0.17304335684181105,0.03777690327938066,0.07790031194834987,0.035125172061860166,1.7775,0.08098318376164304,0.06110223350007926,-0.00707807848966735
Netherlands,1988,0.3422321005567548,0.28635690366069233,0.13913861799073787,0.2869196105391214,1.9995,0.054478680315623196,0.04040114239852288,0.0074639744135232
Netherlands,1989,0.26131440037925446,0.13639654304516347,0.21781339247214526,0.13780482481255185,1.9155,-0.03366725567621187,0.0623866213401969,0.010821588620352873
Netherlands,1990,-0.15209849014575472,-0.17248644317245254,-0.1315878012469598,-0.17222950584591845,1.69,-0.02462259026743474,0.06079217039373375,0.024540931383522535
Netherlands,1991,0.15121132983266605,0.08549307628603686,0.0503394307527561,0.08641936576811249,1.7104,0.08982298803382771,0.05961573344322724,0.031333000000000055
Netherlands,1992,0.045938005027873485,0.024171225406800056,0.005960274412253011,0.024468931881541645,1.8141,0.138933828468641,0.059785182907324375,0.03183646794973116
Netherlands,1993,0.4353750335316988,0.23014544815269122,0.14586190171044267,0.23314438223109524,1.9409,0.15933142195461936,0.04162421469993127,0.02584180866348995
Netherlands,1994,-0.005021101013537921,-0.09203321555859056,-0.020942247942417225,-0.09051132599027367,1.7351,-0.10841960066681744,0.023104447933096184,0.028014953277876842
Netherlands,1995,0.17554150113782874,0.10486206224635808,0.18616041125466376,0.10621718150701676,1.6044,0.19113747886236676,0.024030938029354187,0.01923190020049015
Netherlands,1996,0.3747327186721874,0.27399499801016125,0.1906468891237595,0.27585583283843174,1.7436,0.06336974777759674,0.009024107968763628,0.020763520548891412
Netherlands,1997,0.4226003223206931,0.3714949431373853,0.22910416902005187,0.372633314814903,2.0172,0.06751840248138374,0.01451987233268226,0.018552417480241834
Netherlands,1998,0.20144288571271596,0.12202175054986486,0.18347087226640116,0.12408845448423156,1.8888,0.1420159341871836,0.016413480223463228,0.017843643469454884
Netherlands,1999,0.2804206553553692,0.38324595372584525,0.21619455708134688,0.3805687252160952,2.193619350985467,-0.09267440808891247,0.009088398178649149,0.02036154708520188
Netherlands,2000,-0.04373764661918855,-0.013989939875822088,-0.04915112834549592,-0.014753838257099527,2.3683073616335304,0.06795843569731685,0.019964002620784793,0.023484817271640868
Netherlands,2001,-0.23147115012907815,-0.16001995777561573,-0.1604566660832689,-0.16180012436629654,2.5005219562010668,-0.002829145356504248,-0.008093541063532883,0.05112515599210976
Netherlands,2002,-0.35316295685691923,-0.3281853104243111,-0.22631193281442158,-0.32872782287882374,2.1013731286354536,0.08062670753834866,-0.0051314960365179685,0.03851505751088302
Netherlands,2003,0.06812935578843415,0.03717719369853212,0.17740289992385486,0.03774325523110966,1.7448218527315915,0.02346781417714916,0.0010374386203717556,0.0222741241548865
Netherlands,2004,0.08238287317346638,0.07805556176335493,0.1256633696779526,0.0781271447453018,1.6178768078702004,0.08723704972607438,0.00713621572867007,0.01382843125465949
Netherlands,2005,0.2840352807026427,0.22306314500952662,0.10241650818793929,0.22400789167253543,1.8680257692633722,0.0541348091241074,0.006836003718559969,0.014908909763734712
Netherlands,2006,0.1818435337135067,0.08099024736563076,0.15593618394891262,0.08297133429177173,1.6732801822323462,-0.02386473686350321,0.014035638987550447,0.01652467599247398
Netherlands,2007,0.06475509994123474,-0.035684696234887237,0.037192004577680314,-0.03370772031427072,1.4969839005502334,-0.0035870758631921795,0.02649063426403142,0.01586516905602231
Netherlands,2008,-0.5055645901266526,-0.35657163980422024,-0.393844615521163,-0.3593536261067318,1.5834662642810944,0.09855315294828437,0.023682139371826283,0.022135961884499178
Netherlands,2009,0.43143422095487005,0.2166813761833497,0.23505939946819845,0.21980891221876875,1.529716784673052,0.03500662305966107,0.0025378104118918277,0.009721099657879373
Netherlands,2010,0.08249071701342015,0.19206406761091244,0.0923457715496605,0.1903822605480998,1.6492366412213741,0.05858235052321392,-0.0011780150656220956,0.0092985514874393
Netherlands,2011,-0.11470757837410517,-0.015562721248173483,-0.048941302304939566,-0.017190074791658794,1.7031532575933226,0.10177084379698043,-0.010528448580809702,0.0246944429355207
Netherlands,2012,0.09490546998172533,0.09665610280068448,0.12849725429802783,0.09662387966525299,1.670236471123238,0.08264553024887755,-0.02184419884590294,0.028191861574673016
Netherlands,2013,0.15592832580919724,0.20838331823337097,0.2980936512026384,0.207405111249517,1.5979334348488146,-0.053768210810442474,-0.022764104823968845,0.02555245058106559
Netherlands,2014,0.09274793535292924,0.22033920399529827,0.10400204129859349,0.21813825930529496,1.8150976031628363,0.1775475803487947,-0.0011046046737894777,0.0032074807701976127
Netherlands,2015,0.07876430602620665,0.1360773718248267,0.04087057505894301,0.13508645988205226,2.024166437034996,-0.003679562652925461,-0.0023833958468265637,0.0021949606109807895
Netherlands,2016,0.07631597014675351,0.05999075523786512,0.03525119135348393,0.060330880842647705,2.090608101698131,0.09848825178637255,-0.0037329704504360794,0.0011000770053903874
Netherlands,2017,0.1482876264952755,0.06217256650784275,0.16279686704739282,0.06415477828049987,1.8374968731760204,-0.011154263091668115,-0.0160689424671856,0.012986623777509365
Netherlands,2018,-0.10686923734220732,0.02057944543862411,-0.014247669592576439,0.018135441711841338,1.9246375545851526,0.005696624560870944,-0.01889575567376578,0.015976646482179113
Netherlands,2019,0.29912078480275195,0.14359650999489348,0.13767087016406632,0.1465862447308146,1.9616432259213097,0.03773007280792107,-0.02947066347099303,0.02669436409171211
Netherlands,2020,0.1504540820936744,0.0028617627841880378,0.06057337696884915,0.005707106860062039,1.7958683073914103,0.026612133204299893,-0.015247693162161458,0.011165948112850765
Netherlands,2021,0.17145848448184497,0.16015204524006754,0.17711834265888804,0.16040490109540984,1.7326913173662337,-0.0673522614099411,-0.03282635103959608,0.028266680000000002
Netherlands,2022,-0.09761012191229212,-0.12188507538034798,-0.13879012697998577,-0.12114680117270638,1.9493683623232287,-0.24315400796213338,-0.10116691163086677,0.1163536
Netherlands,2023,0.07856349643403626,0.13210759787672344,0.1608052181472858,0.1310887706003252,1.8946399583012246,-0.002765852979810912,-0.006391801396176344,0.04096163
Netherlands,2024,0.11591374426883494,0.15399831245677142,0.1696895709852999,0.15321954575469765,1.8927454268944524,-0.009433317507204553,0.003769065051317577,0.031966800000000004
Netherlands,2025,0.0818762876189707,0.1392142263437086,0.17710661950140544,0.1379872449956343,1.8160978065316118,-0.011675851087860178,-0.0022443720623763763,0.026607859999999997
Norway,1882,0.017342152090006335,-0.0299794576934177,-0.020162135055796414,-0.029732831265261495,3.722089,0.034236874700667164,0.03602134229906806,0.0034542314335086477
Norway,1883,0.06469106801337321,0.007653504816657941,0.021939584376861707,0.007939678085414847,3.740468,0.04872269234890192,0.026168942127262174,0.008605851979346157
Norway,1884,0.09007384328579993,0.08871926567152966,0.05889296804229345,0.08872212623949749,3.7553799999999997,0.11553383159129882,0.07632653076720786,-0.03839590443686136
Norway,1885,0.09260057268855881,0.14289743446882452,0.12035988412969192,0.14264949159051743,3.7412030000000005,0.09949188603500869,0.08104263222236918,-0.042590949423247815
Norway,1886,0.04737052108290629,0.12047636835700448,0.09551121367859511,0.12011520325792646,3.729341,0.0941221277448836,0.07795849436369084,-0.039851714550509953
Norway,1887,0.013890992566898408,0.03513195895470389,0.009554743322138107,0.03503410862037315,3.736593,0.06796711950994005,0.054204145930007996,-0.022200772200771546
Norway,1888,0.07000471152416421,0.07694398860696516,0.08155271557373625,0.07691274888729782,3.732354,0.03520912927348396,0.02192948023578034,0.007897334649554555
Norway,1889,0.18605753949134907,0.08104991281490359,0.08609514066610895,0.08130692317789912,3.72801,0.03892564969892365,0.010553474600954793,0.01469147894221412
Norway,1890,0.09579825197141756,-0.03672627257509009,-0.03170589545372184,-0.036111473633200775,3.739626,0.021676286686385104,0.014905423415092267,0.01447876447876495
Norway,1891,-0.04221510403678941,-0.0004111140087915688,0.046520625580820214,-0.0006063010618450049,3.731398,-0.04278692340590129,-0.008375294093758368,0.04757373929591058
Norway,1892,-0.0220587238002673,0.06220386800324329,0.0713109967709433,0.061813005306837754,3.718224,0.06685794686479518,0.05966171494090777,-0.015440508628521421
Norway,1893,0.028906852072140277,0.016467578521625725,-0.004236228242132981,0.016524302945599922,3.729584,0.08767814668989748,0.0966536955552797,-0.05166051660516524
Norway,1894,0.07340947866439773,0.1026208153035093,0.09664239619319204,0.10248361978941412,3.7146,0.10732912805676431,0.06274639841914142,-0.027237354085602794
Norway,1895,0.0631561130285263,0.09665540307408471,0.10777444611809017,0.09650044842950578,3.7134899999999997,0.03868473693728447,0.028300000354647636,0.0
Norway,1896,0.09538024693143066,0.0764179930774127,0.08407351052638999,0.07650257463840981,3.7303010000000008,0.022996753454207708,0.009803920911222619,0.020000000000000684
Norway,1897,0.10333594911826482,0.10148949959859332,0.07717496735541521,0.10149784761585456,3.7316399999999996,0.049946212393794154,0.054916167464440946,-0.017647058823528572
Norway,1898,0.012129797388628294,0.08491451340390843,0.10620492043326982,0.0845803666065088,3.762912,-0.012667451688603282,0.00482116685185674,0.027944111776446512
Norway,1899,-0.058981590891415414,0.013789134812013604,0.0584372018043742,0.013653061334808259,3.7645359999999997,-0.06133924001475455,-0.0032258057443178556,0.053398058252422054
Norway,1900,-0.03934527761404294,0.04224899615398381,0.06378782791785924,0.04211418587435789,3.7378080000000002,-0.014765307542755624,0.010939877885400628,0.04239631336406102
Norway,1901,0.03755952736465473,0.08648950258757959,0.06422152035619533,0.08629132744275325,3.722328,0.10928176738476525,0.06705617820684706,-0.01945181255526285
Norway,1902,0.005914662458614828,0.04845605474403203,0.04865273845149389,0.04839755467661977,3.732354,0.05923303691428905,0.026543519801732085,0.009017132551848883
Norway,1903,-0.05943555149644064,-0.05746047061982795,-0.049077729628917655,-0.0574631646821383,3.7398640000000003,-0.004403558573541577,0.018436594987411903,0.023235031277925033
Norway,1904,0.011896729146604557,0.18279844095398157,0.18089309792896047,0.18255226044516304,3.723902,0.01665819375449007,0.04205044009314318,-0.004366812227074468
Norway,1905,0.07615774735377112,0.11156517848520342,0.13964473101351485,0.11152059133082926,3.7357520000000006,0.004322048536864687,0.0033747881930190626,0.029824561403505978
Norway,1906,0.1696964786811297,0.1281583537373423,0.08564305262232492,0.12831403796572838,3.765447,0.045833120049067366,0.043812863611795594,-0.0068143100511063315
Norway,1907,0.03662588487234708,-0.14116038551703702,-0.1452567681958109,-0.14091125332178345,3.780546,-0.04792198146300175,0.011151296879204242,0.024871355060037903
Norway,1908,0.04056362520540713,0.17057101339768144,0.18500396568061508,0.1702765211373134,3.7400999999999995,0.07101007545954308,0.04051216524219248,-0.0025104602510449547
Norway,1909,0.10879697359461926,0.1835327026480691,0.15678809331008872,0.18334987002529735,3.736692,0.08611605905889919,0.06446937029993238,-0.027684563758389014
Norway,1910,0.04773172077961285,-0.04440955373379063,-0.03702954630280005,-0.044197697159042426,3.7378080000000002,-0.03001460276363843,-0.001194837491499845,0.03623813632441397
Norway,1911,0.07194142332622433,0.031578729700035835,0.04034575467187202,0.031680710887879604,3.745797,-0.005203647612057272,0.015446027029682563,0.02053676140190608
Norway,1912,-0.04981179946678016,0.002791399055207533,0.039750410634416075,0.002654635684112616,3.742155,-0.06934144688830124,-0.017063290324120906,0.061919846747323426
Norway,1913,-0.0016775684941132685,-0.07463132616751134,-0.0447654272464481,-0.07442634689846683,3.7423879999999996,-0.010306979159401153,0.006839839492646993,0.03790092604472384
Norway,1914,0.010193842960360744,-0.006381943168623505,-0.052100678688842245,-0.006335914997809944,3.920124,0.0005665352857373573,0.02636814180757563,0.01123559718322742
Norway,1915,0.03206857561951648,-0.07451819822492445,0.07370674182241298,-0.07418791156225912,3.69,-0.2102823551626558,-0.0897768917690015,0.14444468876487337
Norway,1916,0.1134143337372564,-0.09394743137432116,-0.021392385709019458,-0.09328674253951075,3.64,-0.1153391400203293,-0.1269963726126473,0.19174762370696397
Norway,1917,-0.014215782991332637,-0.3761220120732077,-0.24840271993464114,-0.3747949451139897,3.06,-0.17446465707191927,-0.15853866060679467,0.24236248555697792
Norway,1918,-0.3258611161682988,-0.03827219836689966,-0.05267760040828266,-0.04009278456611831,3.57,-0.2662358924613022,-0.2526253222692829,0.40491781703551166
Norway,1919,-0.17578385452557055,0.3565598544168975,0.05303303993685473,0.3529029166225599,4.88,-0.09865615221973034,-0.02125283312320414,0.06942838373977889
Norway,1920,-0.3105595006361349,-0.117222172147601,-0.27654755325352326,-0.11836447101439729,6.81,-0.20640479887958874,-0.09396930703929285,0.16530268405463278
Norway,1921,-0.20878859703406483,0.15667779428253126,0.23023856962190598,0.15486618316612022,6.6,0.1714789101380565,0.14193734833010585,-0.07613145218103301
Norway,1922,0.26925772390181435,0.2324564581607933,0.4131685045732121,0.23256603104394746,5.3,0.34447872930975776,0.2476871380061374,-0.16677829872739336
Norway,1923,0.18575500550634905,1.772086739862866,0.2381865888535691,1.7683711986102608,6.71,0.06262434453375199,0.10369906359991865,-0.0547242146920619
Norway,1924,0.1031234757723023,0.04599011069623171,0.17026441842395848,0.04612858506031969,6.65,-0.050841095274160586,-0.03903234237593489,0.09400143913128911
Norway,1925,-0.054565154934654414,-0.11803513190602855,0.16265828978936167,-0.1179199233425009,4.93,0.07100007429669986,0.021193047501619322,0.01841664673523069
Norway,1926,0.12897091600984711,0.09568011375984153,0.16128229541052208,0.09573131174082428,3.965,0.29280063666991407,0.22620479837979746,-0.15324095819633765
Norway,1927,0.13538608736792934,0.32825751605681486,0.2589762014459843,0.3279888345124171,3.758,0.12203064668901886,0.13969622796634962,-0.09554846761891533
Norway,1928,0.18493910335715547,0.4058130164317362,0.32532667143542254,0.4055582960926538,3.75,0.1637397893530006,0.11588056167950311,-0.06800061330879847
Norway,1929,0.13320572785017015,-0.03222417508505537,-0.07368146060143627,-0.03206715818414374,3.73,0.10563611191903566,0.08731856490679157,-0.04425433906391574
Norway,1930,-0.03186461555530207,-0.17973895619576719,-0.18452498309103468,-0.17958008210474385,3.74,0.12998564626623077,0.06202350266900347,-0.027799294259401863
Norway,1931,-0.07380369734543213,-0.01390899800327694,-0.29181855979522026,-0.013984759424812143,5.433,0.040967061186177434,0.09156988808228861,-0.05338172804532726
Norway,1932,0.05175294967253752,0.05577965400896434,0.10517408930351686,0.05577304894602708,5.95,0.15713634399541054,0.054384761108126733,-0.021135322173383875
Norway,1933,0.2392538397834012,-0.0006583420848252919,0.38846649097011954,-0.0002906969902588541,3.92,0.035742382336220846,0.0417282758015205,-0.01442629215629998
Norway,1934,0.11393647217656011,0.1699190444052534,0.017482146749782903,0.1698432095329161,4.045,0.11824058332453369,0.022522000178223367,0.0024234199302055615
Norway,1935,0.2915242620905849,0.23831375562509116,0.26861421102185984,0.2383903112029151,4.058,0.00805300268128506,0.0028881638615112504,0.022048157818393754
Norway,1936,0.31885476332337803,0.24755477192996267,0.2611695736579805,0.24765584188251943,4.073,0.005122874255045318,-0.0006037811918394587,0.026019490964140912
Norway,1937,0.050167641374118555,-0.29086639019383853,-0.23429771000264027,-0.2903734555803309,4.001,0.015936763172063495,-0.03845385737529616,0.07119144227222152
Norway,1938,-0.01540205293894037,0.07351959554128662,0.05245464881842375,0.0733453186316324,4.278,0.0358225225210167,-0.007799999639394151,0.033057851239671754
Norway,1939,0.024801672790066176,0.017352203490474727,0.023364310959390316,0.017364772188678712,4.4,-0.13774720142356833,0.013462804503117543,0.01266666666666505
Norway,1940,-0.008317398915674845,-0.1913481120961329,-0.08614785837513977,-0.19099261030773762,4.393432336331311,-0.02434401905587158,-0.123050663303926,0.16688610928242342
Norway,1941,0.03845560633528766,-0.09271030528809199,-0.05294947553479764,-0.09271030528809199,4.387872451646628,-0.006986619781252479,-0.12979965142524208,0.1721438645980249
Norway,1942,0.16080464232156677,0.05124336845820365,0.04036061112576124,0.05124336845820365,4.3805541035023525,-0.03493444969258852,-0.037776264681887106,0.06004452199025345
Norway,1943,0.0395036442445762,0.15535173968275573,0.10894647685684065,0.15535173968275573,4.3805541035023525,0.0319747167825708,-0.004355679106719634,0.02446222827629163
Norway,1944,-0.03459684883432712,0.12339488339385762,0.1010402893725773,0.12339488339385762,4.3805541035023525,0.008645269369189634,0.007607267509359916,0.012299168975069108
Norway,1945,-0.1222425340491089,0.2765968769434475,0.16832133508533004,0.2765968769434475,4.717937169237699,0.05763925768818545,0.0019051710478310557,0.018060420315237913
Norway,1946,-0.049782145361797814,0.2760735257465363,-0.05396668177851488,0.2760735257465363,7.0,0.02694384295008545,-0.009701563318828321,0.024943554456508643
Norway,1947,0.08557072791918863,0.08255179515134659,-0.1092201224228445,0.08255693713674161,8.0,0.01484998340089061,0.009967642273764898,0.00498269170250798
Norway,1948,0.11727864528537446,0.1884596688193403,-0.10018350053045628,0.18830798596822307,9.25,0.04253502270428822,0.02193342407523513,-0.006784614581703652
Norway,1949,-0.04169428578870149,0.02338240380325929,0.07727193317154168,0.023211200172277957,9.2,0.01876523829316845,0.013736936437493075,0.0012459477225614801
Norway,1950,0.12291872724563357,0.23120476505238874,0.18872513303772445,0.23095032861069908,9.7,-0.05865390078494637,-0.03550077571275312,0.05235958112335082
Norway,1951,-0.029921306952973348,-0.047356368659651205,0.13324701238094472,-0.04731699818861812,8.8,-0.1313825127188053,-0.12382083920062059,0.1584388730938222
Norway,1952,-0.10166343851463888,-0.06237435952435799,0.08619359761016035,-0.062454157088804974,7.79,-0.05034639004882124,-0.068830212158982,0.09002677376171331
Norway,1953,-0.031051341364838225,0.06404554609244206,0.06508665402914342,0.06387179206428728,7.79,-0.003272762039997157,-0.005059691339886818,0.020161702998670483
Norway,1954,0.23842328137554492,0.4412490969642533,0.4640512320514453,0.4408699299335601,7.93,-0.03222318470163088,-0.028096061800386707,0.044341894060994536
Norway,1955,0.07868688458691975,0.20773306078145115,0.2528160146361682,0.20752148958659,7.64,-0.09041031945295586,0.010361938626539668,0.008549471661863262
Norway,1956,0.13500977728059382,-0.006085951348152818,0.025514578577291835,-0.005874475389457068,7.52,0.004032682913973851,-0.015724771964257478,0.037717877893132856
Norway,1957,-0.1410126037905658,-0.09420601884037716,-0.08773003128301018,-0.09428477381848033,7.45,-0.012676700238385852,-0.005776506824091476,0.02753556677374891
Norway,1958,-0.07936142594131157,0.21768015384073114,0.2942575367652607,0.21720737739393714,7.149999999,0.010126142381299053,-0.02600353392606214,0.048771773112997074
Norway,1959,0.10718372556955136,0.21949942771683872,0.23307744109377826,0.21936776597306107,7.154999999,0.030996348617582825,-0.00038077108078282684,0.021889106549698
Norway,1960,0.09801063423647549,0.0428448160535122,0.026639139107262177,0.04290431347566881,7.147499999,0.04076326370979566,0.01867366239679802,0.003167194532422535
Norway,1961,0.06075564051454685,0.16933563936551477,0.17476969579458518,0.1691998929171883,7.134999999,0.002499911629379792,-0.0029793287970321103,0.02575606513791895
Norway,1962,-0.2306289070979065,-0.1280083411144638,-0.10248560878973952,-0.12812987621190985,7.149999999,0.000566081848589528,-0.02708616911622974,0.05240563745342652
Norway,1963,0.07905430178483042,0.14028635640808074,0.13872545884767812,0.14022231062288548,7.162499999,0.040209347964142106,-0.001797720572829009,0.026244901100592744
Norway,1964,-0.02509136675153778,0.025828917254850925,0.061341929126387584,0.02577568986595069,7.159999999,-0.017121065176565642,-0.029746779749208696,0.05632218389080523
Norway,1965,-0.06949383161570633,0.045424113015975154,0.0640427344337297,0.04530487997700772,7.149999999,-0.007774169993914781,-0.01594922977741231,0.042527511537094
Norway,1966,-0.11495447722285335,-0.08952429159194109,-0.09129558030833174,-0.08954877083270874,7.154999999,0.014415539037350156,-0.006513995623055435,0.03302914737128737
Norway,1967,-0.07453156949303574,0.13769708694158833,0.18191681713225646,0.13749068442957268,7.149999999,0.014480752310411349,-0.015715345895823574,0.04390533324543533
Norway,1968,0.10287998292476641,0.16510968116335323,0.15954843212235376,0.16506141358164395,7.149999999,0.014901887646135314,-0.006955989325622358,0.03530154720555623
Norway,1969,0.18132222063972714,-0.07703828491822251,-0.09456587639644753,-0.07683838737925541,7.149999999,-0.07674242978379997,0.003941782442089092,0.03073705924621084
Norway,1970,0.2323651919074894,-0.09977586563255603,-0.057754683327844225,-0.09945720735289865,7.139999999,-0.0444659354539384,-0.06103606977932374,0.10589977783263338
Norway,1971,-0.23526365975645247,0.06212298905053015,0.09611219204926437,0.061778714393162515,6.709999999,-0.011051093020449487,-0.02276793927852705,0.062388392857141595
Norway,1972,0.09078993413954684,0.15105826783326304,0.19624986158059338,0.15099794618479634,6.639999999,0.0017406304905125403,-0.03177798309991109,0.07217144658051966
Norway,1973,0.33910118387755306,-0.2431277388530223,-0.15443065784026822,-0.242607021149005,5.727499999,-0.03260686572287341,-0.03179812103920465,0.07446600039192841
Norway,1974,-0.3834992853171898,-0.37350029342977986,-0.33842376498764093,-0.37351846366211827,5.204999999,-0.11764550662450912,-0.045512926916060015,0.09420025533466947
Norway,1975,-0.2102368519718666,0.2639518285343674,0.2149523289461845,0.2632338635824689,5.584999999,-0.04458190264559281,-0.06280476761775111,0.11684307025585405
Norway,1976,0.026355812837122405,-0.03880231191328598,0.061883511993103726,-0.03873671054870054,5.184999999,-0.01081129102137035,-0.039488134522727814,0.09170957391239565
Norway,1977,-0.28192768075033536,-0.02997202460835835,-0.065358829473257,-0.03020394356591294,5.139499999,-0.092808855449099,-0.0364335036485669,0.09063568010936596
Norway,1978,0.012184257402189091,0.05590986267397935,0.029712358945567646,0.055879152593574455,5.022499999,0.01028670064128212,-0.01686186600706574,0.08153672599648742
Norway,1979,0.5399969073497357,0.049066710133674585,0.05519769838901915,0.049384349198213995,4.925999999,-0.09059963672378446,0.02001658752492408,0.04772806022393872
Norway,1980,-0.14053871731831757,0.2107384415895157,0.12367993550749537,0.21031522345612763,5.179999999,-0.016255560535348934,-0.03396154717876987,0.1089620675281393
Norway,1981,0.06399591009886607,-0.038474351026600684,-0.05747556366425109,-0.03837201004639468,5.807499999,-0.17452204096175283,-0.05346416375111862,0.13667117726657518
Norway,1982,-0.21067630129395776,0.19266390640729392,0.07577370042035687,0.1922120488543244,7.053999999,0.030350872979590715,-0.02948191185750948,0.1134259259259256
Norway,1983,0.7784519077594902,0.24118778477134617,0.21027446071127082,0.24163523759532524,7.72218,0.10078258389176109,-0.0002863925609851714,0.08411048411048383
Norway,1984,0.24468116680481744,0.17844708918677155,0.08478671933065181,0.17853517457277124,9.087,0.0782847227574286,0.02296681013043589,0.06279107994082689
Norway,1985,0.2850955015689638,0.14817808471714766,0.25792883938427863,0.14843156943793523,7.5825,0.01334384892929874,0.031364685972858464,0.05665824612053294
Norway,1986,-0.1288348069920927,0.2721854741423224,0.2541222177028068,0.2714004676970623,7.4,0.06401708421364538,0.020834958506104728,0.07186768149883016
Norway,1987,-0.1798014112642221,-0.017921322000555295,0.07513539104748253,-0.018169910187030958,6.2325,0.059220690608654536,0.019903883818024326,0.08725931995083869
Norway,1988,0.25358389832624884,0.13855133287888477,0.14102651453862208,0.13871220792716765,6.57,0.13650677258133115,0.04162679188334084,0.06698484467889165
Norway,1989,0.528190784567619,0.1555191655805983,0.21781126601911782,0.1561105592267935,6.615,0.10492973357475988,0.0453783936730634,0.045554422035626985
Norway,1990,-0.11442402928119111,-0.1755983497357908,-0.13188130180884022,-0.17547564393448734,5.9075,0.07952295227948869,0.046458802879870253,0.04113033362104601
Norway,1991,-0.1462876657822535,0.08288918196253969,0.052230216709001756,0.08234773743868073,5.973,0.11387724040791936,0.05104701416939483,0.03420682694733923
Norway,1992,-0.06953657471011798,0.12932450869311052,0.0066376314795308445,0.12898362173940292,6.9245,0.1123090629181589,0.061635264238510956,0.023421162693432196
Norway,1993,0.5582370981383014,0.25469474087913846,0.14941668744191935,0.25519647294380254,7.518,0.29788599917829095,0.04056370982970958,0.02271488897970375
Norway,1994,0.09869790677542589,-0.07267019906260286,-0.020935489827240118,-0.0722809876781646,6.762,-0.1149538947547456,0.026050124880770298,0.013985548266791215
Norway,1995,0.1399853993097968,0.11206235701219946,0.18608448025956872,0.11213968461807045,6.319,0.1655205387141283,0.015261071266036819,0.024564053725657065
Norway,1996,0.31782691645589023,0.20631143584116707,0.19372979645611765,0.20659678199790998,6.4425,0.08191891667963924,0.0241986215328025,0.012596557581973977
Norway,1997,0.33336671798677364,0.33776407287249177,0.23313653403588414,0.33775188685789237,7.3157,0.084631316181496,0.0018544877513859692,0.02579767029627722
Norway,1998,-0.28665156546440074,0.2401544365871946,0.18533729763732332,0.23859322800105875,7.6,0.03927741985093136,0.015434722118025102,0.024881242596016984
Norway,1999,0.44298019759643936,0.2534723817286453,0.21745042203328732,0.25382224752515814,8.0395,-0.027386426952466625,0.0266469014501709,0.023331389050912366
Norway,2000,0.01151729055443429,-0.0028114220942736523,-0.04913560922371466,-0.0027822475007979186,8.8485,0.042126337880795006,0.017499281929167054,0.030860679097793664
Norway,2001,-0.171135916293646,-0.1750512545183578,-0.1622077203379154,-0.1750432591275327,9.0116,0.00795247776411201,0.027108265626577976,0.030173775671406666
Norway,2002,-0.3196267420373837,-0.36705928249393793,-0.22884354920008004,-0.3669424673470407,6.9657,0.08803579838414932,0.04217525986527382,0.012881459898788084
Norway,2003,0.4481385670508209,0.1950453804422838,0.17475916522180968,0.195642805447235,6.68,0.127836662909125,0.012047793414305508,0.024753974261922496
Norway,2004,0.3780401390177348,0.06007531422560697,0.12427044307932109,0.060923540519371766,6.04,0.0898351903977408,0.009103720429530338,0.004653911501810937
Norway,2005,0.38371305375214293,0.18725409808929228,0.10436940574003717,0.1878597947463969,6.77,0.056339133871088576,-0.0013992903721595784,0.015220588235293375
Norway,2006,0.2941691903068524,0.10979727541211148,0.15591029116469146,0.1105104420706775,6.26,-0.02805650847716057,-0.0030503652673994353,0.023321503585137737
Norway,2007,0.10654410191232033,-0.05934153970823175,0.03743431942108247,-0.05862092769299576,5.41,0.004498612287727521,0.027211655634378884,0.007289970981669391
Norway,2008,-0.5572881432227941,-0.22651806693726062,-0.39517215963187746,-0.228065623866487,7.0,0.0836439470267123,0.011697834198195256,0.03766160764474358
Norway,2009,0.6128695500364734,0.02812244010347298,0.23644554017971123,0.030411800286365365,5.78,-0.002731749072892531,0.0025757155060164294,0.02166847237269809
Norway,2010,0.15574532163181698,0.10310882947972821,0.09192110696408363,0.10333430730753257,5.86,0.05655389531916377,-0.003020116615449986,0.02399257688229084
Norway,2011,-0.13579953039300285,-0.015391247878276615,-0.04960717374438982,-0.015969048626700344,5.99,0.13820334489783814,0.01045428494800893,0.013009708737864
Norway,2012,0.14550618869318055,0.061283679212923436,0.12780947089075678,0.06161432135310596,5.57,0.054196781439470154,0.016788732601513034,0.007092198581560627
Norway,2013,0.21012432156793714,0.38388981486730844,0.2957305877517193,0.38330500935873135,6.08,-0.06826125958985074,0.0012561319055031106,0.021317091739626592
Norway,2014,0.028688883733256842,0.2894210099238317,0.10403991304308051,0.288618219725429,7.43,0.1364958643862464,0.0010282140305921672,0.02025096285252803
Norway,2015,0.03686773692472478,0.18424856550988022,0.041539543237459065,0.18381302817250988,8.81,0.0032059294263477867,-0.007474023937348306,0.021736483195324396
Norway,2016,0.14152520361337873,-0.02937793854173143,0.03577236432398467,-0.028837550175175863,8.62,-0.03526141647229031,-0.026902877532225866,0.035456766581249965
Norway,2017,0.16445753992218326,0.1468474605158525,0.16245576706790568,0.14691012941633375,8.21,0.0038553849118680983,-0.011094747177221254,0.01849999999999996
Norway,2018,-0.027116445016482582,0.017452268542157867,-0.015951780258234072,0.01716470789638125,8.69,-0.030956515436687093,-0.019818358741803377,0.027666666667000017
Norway,2019,0.1227795480952627,0.14223166423263267,0.14089024651199872,0.14210736286415582,8.78,0.001549574312033286,-0.01218497675556629,0.021749999999999936
Norway,2020,0.02157492059096966,0.06587479648499972,0.06256598279353207,0.06559397188933724,8.53,0.02691178011676465,-0.006665020982473457,0.012750000000000039
Norway,2021,0.1744281339747047,0.09056026646929172,0.1770581987351527,0.09111472185684666,7.797763992202134,-0.054471448508896736,-0.02858238960158843,0.03461339
Norway,2022,-0.03807563768418576,-0.09126502109961576,-0.13837306469366134,-0.090918984344875,8.726111450383463,-0.11038221094826794,-0.03442049333107311,0.05779309
Norway,2023,0.013476784524153684,0.26003479973071686,0.16016927629066616,0.2584252796534341,9.586175283091555,-0.051128619564755895,-0.0123310576446376,0.05511063
Norway,2024,0.14848908385742354,0.17588779098242857,0.16872944244850135,0.175715562759859,9.747739015896553,-0.0015167011260792673,0.01479766660202686,0.03223369
Norway,2025,0.13171812683791173,0.14842831241034427,0.17544839038692406,0.14829402356133392,9.422715815941384,0.014519250053085075,0.015166043925729511,0.02641665
Portugal,1880,0.22890518605709054,0.27422807915919134,0.1579860349840491,0.27413261791894206,0.929828506556815,0.12980389026924954,0.13702750075608483,-0.06976744186046502
Portugal,1881,0.18813710968668884,0.1406044401764892,0.16174709942993393,0.14098696561486745,0.944358144404678,0.11153963135509959,0.024780487868844014,0.02499999999999991
Portugal,1882,0.004266248544655626,-0.03474966744840602,-0.020162163574320057,-0.034437440094742255,0.9365640916856558,-0.005720992067671737,0.043573493339929215,0.012195121951219523
Portugal,1883,0.09418706770373309,0.0658759380840328,0.02157600679473438,0.06610132960468107,0.9394380608333982,0.11085098109479197,0.11156961849973168,-0.048192771084337394
Portugal,1884,0.04016068613488355,0.12773863806652996,0.05900474858805345,0.12752516197709585,0.9386523124755322,0.08318314268668359,0.14604109627743278,-0.07594936708860744
Portugal,1885,0.029315597776855773,0.1468614447841854,0.12097245482724156,0.1459003562840433,0.9392335864578241,0.05614318186417222,0.10542857002999106,-0.04109589041095896
Portugal,1886,0.11480897085534192,0.033773748726037,0.09510922400026256,0.03444902361784674,0.9262686895928548,0.17573404477702237,0.01597222396069098,0.028571428571428692
Portugal,1887,0.12796276041439625,0.04229501102120059,0.008601496626866554,0.042993510439600646,0.9298726669997847,0.11911996177264639,0.07768571419375303,-0.0277777777777779
Portugal,1888,0.142854705452919,0.08108314865728872,0.0810036943363456,0.08157954379425236,0.9255335455192997,0.18938808143138885,0.04500000178813934,0.0
Portugal,1889,-0.025907453737760933,0.012759804782266126,0.08664709172940771,0.01265423794879128,0.9263607473800938,-0.03729718080476718,-0.03749999835302964,0.08571428571428585
Portugal,1890,-0.2333938015061755,-0.13731320319896356,-0.029570854393226403,-0.1380408126790429,0.9269003306147287,-0.18302286398965262,-0.054418604387793446,0.13157894736842102
Portugal,1891,-0.11979033214500145,0.16803860591765818,0.047403088557165844,0.16580615837813073,0.9939423999999999,-0.15027889681149675,0.10867469910397598,-0.03488372093023262
Portugal,1892,0.004209399223327637,0.21450418516493475,0.07138159008948758,0.21292725868394435,1.176822,-0.22420081741669606,0.03505882221986267,0.024096385542168752
Portugal,1893,-0.01627944343477139,-0.08180776767418407,-0.003996627373823108,-0.08133581123847688,1.15136,0.1285208662350974,0.035632182597771456,0.0235294117647058
Portugal,1894,0.21890624922313018,0.0841267530087384,0.09562445523840901,0.08512033719557932,1.18695,0.13511983648444814,0.02640449511033749,0.02298850574712663
Portugal,1895,0.21650661013665662,0.14087997413771913,0.1067864838144527,0.1414186894403784,1.1658108,0.2852280835310619,0.12309523667430589,-0.0561797752808989
Portugal,1896,0.10874128937721261,0.11343881301030101,0.0839484470806678,0.11340556134972046,1.2016209,0.012526448947541846,0.04752941043937908,0.011904761904761862
Portugal,1897,-0.05617230257991224,0.12557425141425949,0.07824404021093063,0.12428866452305076,1.35182,-0.09154486265438422,-0.0206521751521076,0.08235294117647074
Portugal,1898,0.05336143169552088,0.15004509365451657,0.10615403169296853,0.14934733530285782,1.4663804,-0.06002978514879942,0.015833332048108106,0.04347826086956519
Portugal,1899,0.15550513977700087,-0.019643792622689338,0.05809867713014094,-0.019429880404519095,1.3191296000000001,0.32579112560191037,0.07234042629282511,-0.02083333333333326
Portugal,1900,0.1422911201204573,0.11319227985291125,0.0635366914437501,0.11322211221974432,1.299392,0.20741584536793467,0.08461538538500513,-0.03191489361702127
Portugal,1901,0.11058421408136687,0.08981831272566732,0.06379488744023784,0.08995973373525734,1.3095864,0.16550573574172134,0.06166666742000326,-0.010989010989011061
Portugal,1902,0.15851218073532491,-0.021169322583059258,0.04849089388257102,-0.021000986998724436,1.1747266,0.11130183369948954,0.08620689732247389,-0.033333333333333326
Portugal,1903,0.05989203105370189,-0.09133262485562255,-0.049198861701687684,-0.09118429347796697,1.1474536000000002,0.031774324427048306,0.015000000720222673,0.034482758620689724
Portugal,1904,0.02961292490363121,0.0741650862360983,0.18081039398886234,0.07411772462178057,1.1118302,0.022049961611628532,-0.015624999301508069,0.06666666666666665
Portugal,1905,0.08409087281478089,0.021910590569588217,0.13962313249342234,0.02197592377343227,0.9854408,0.14321164582905022,0.06105263233184832,-0.01041666666666674
Portugal,1906,0.059008460491895676,0.06546742978369657,0.0861197299132172,0.06542891926339633,0.9443502,0.09147219359874725,0.05000000074505806,0.0
Portugal,1907,0.020625321194529755,-0.11302492162694633,-0.14519299356982102,-0.11287089598528455,0.9553236000000002,0.07348916679620765,0.054999999701977,-1.1102230246251565e-16
Portugal,1908,-0.012534792491351254,0.3063242255232701,0.18495490907149603,0.30587516930405334,1.0683945,-0.02406827245916554,0.029166665781910295,0.010526315789473717
Portugal,1909,0.0753140375786221,0.13510313513501293,0.156760019643328,0.13503755749844082,1.0639619999999999,0.06483580648284581,0.03917525846933567,0.01041666666666674
Portugal,1910,-0.011709119363497611,-0.023141687331549754,-0.03685868362240588,-0.023130765811409493,1.0064119999999999,0.08472697384735595,0.10037634377518012,-0.04123711340206193
Portugal,1911,-0.05455724537993467,-0.013744360202410877,0.04051290711302177,-0.01378184694847484,1.0056673,-0.015029831366105473,-0.008939394219355079,0.06451612903225801
Portugal,1912,0.08418506558756444,0.09431329757185547,0.03947628810691469,0.09430394853432711,1.022157,0.08543330818718808,0.06576530582138473,-0.010101010101010166
Portugal,1913,0.026770436675241704,-0.019552109915388916,-0.044712461670131216,-0.019507980193998686,1.075269,0.05886615311155241,0.023663366047462775,0.030612244897959107
Portugal,1914,0.06897057287394981,0.03477592617402814,-0.05204063410627048,0.03480783920972885,1.1484564000000002,0.07111936505883931,0.06554999969899633,-0.009900990099009799
Portugal,1915,0.003399897100670124,0.24118340482368583,0.07366076182156091,0.2409023505552419,1.4180092,-0.03032522249434666,-0.05803571455180634,0.11999999999999988
Portugal,1916,-0.0744482792206923,-0.06828030098380122,-0.020901745196256143,-0.06828734180804308,1.4753136,-0.13243169680128997,-0.13751824841882176,0.2232142857142856
Portugal,1917,-0.03535393883048743,-0.14122957638168998,-0.2477901390230659,-0.14110689587935832,1.6216874000000001,-0.051883254982071025,-0.10780864222734055,0.1824817518248174
Portugal,1918,-0.20569528735945253,-0.3466672388947091,-0.0541259827728464,-0.34640587622861163,1.6584199,-0.4037150659760518,-0.4166894199599992,0.808641975308642
Portugal,1919,0.003546102545154417,0.0335794614540752,0.051577810037318914,0.03350653550291005,1.8514764,-0.0658222809878749,-0.07726865697707719,0.14334470989761106
Portugal,1920,-0.46816696464244656,0.1501958993635335,-0.2763129949079368,0.1487922049803332,5.0019841,-0.362734886528603,-0.38198275844855556,0.7313432835820894
Portugal,1921,-0.1361504084993117,0.40864620486786274,0.22878563715567882,0.40756639557751595,10.0231,-0.20012760411525843,-0.31727172698255945,0.5672413793103448
Portugal,1922,0.30336184746791695,0.5827147330898554,0.4129195478081786,0.5822569725682762,14.9925,-0.07640736316202779,-0.11498635098188992,0.20902090209020918
Portugal,1923,-0.2804631151405713,1.0660636288208263,0.23877687446101095,1.0642143924440277,23.5145,-0.40324812165330903,-0.30596175902066614,0.5705186533212012
Portugal,1924,-0.35105201303834654,0.04439448325308959,0.1708777406915672,0.043806497883642326,29.5421,-0.2509038076239508,-0.21578157308351098,0.3899188876013904
Portugal,1925,0.055009108665177164,-0.15351371265600822,0.16237869167523017,-0.15329095619805289,19.8425,0.2184401445950206,0.13395924049414254,-0.03876615256356819
Portugal,1926,0.11664553874077788,0.18475550806417362,0.16127621540679626,0.18468895310208877,19.5107,0.3898929441212744,0.12793478074119147,-0.04249783174327837
Portugal,1927,0.25364659919561783,0.20269915226617785,0.2588104442009738,0.20276240679550073,19.8847,0.0318183761163886,0.005752845234832771,0.07382246376811596
Portugal,1928,0.30552306823816644,0.5444960327697541,0.3251890680092888,0.5442007864805789,22.3839,0.23530198584416206,0.1285500201676164,-0.04301982285955297
Portugal,1929,-0.16299923663672522,-0.10691342864663245,-0.07340770584209144,-0.10696187540167201,22.3644,0.15138077973839814,0.03791613551152562,0.0405464962538562
Portugal,1930,-0.14070065449084534,-0.1669062641515362,-0.18439951265875495,-0.16688314882176203,22.2519,0.1635197841903222,0.13155372582983893,-0.04997882253282515
Portugal,1931,-0.18521541521776863,-0.23307280405939568,-0.2916292803710645,-0.23303390708968708,23.5655,0.18207856499257713,0.20603517621530965,-0.11279536335265272
Portugal,1932,0.119525465615411,0.2794502925717268,0.1050732042287085,0.27930358770112784,31.2891,0.137019017144556,0.08740379438454093,-0.020603015075376874
Portugal,1933,0.1867781086180369,0.2210587449311363,0.3884223365946334,0.22102737867536293,25.533,0.16604931572226533,0.05554158081065341,-0.0005130836326322497
Portugal,1934,0.2608705575509769,-0.044350855543659695,0.017413330389343257,-0.04410077460193984,21.6972,0.26513139958061815,0.0393292690301692,0.010266940451745477
Portugal,1935,0.059245705574327845,0.3020941429767672,0.2688641599602105,0.3018427572508653,22.4341,0.06942691697793846,0.047870183299327795,0.00203252032520318
Portugal,1936,0.06770430497906221,0.22870472396318542,0.26141436599277745,0.22856922983444083,22.1582,0.05089102706086157,0.019159250012962925,0.02535496957403649
Portugal,1937,-0.0112837053938184,-0.25017678323828363,-0.2340429345091308,-0.25000906195560435,22.3254,-0.0035276595471191996,0.00041864804576152714,0.03956478733926816
Portugal,1938,0.07568696187329027,0.08282332586505858,0.05229540257042531,0.08281531610401527,22.5902,0.07964070282865499,0.07318605700572678,-0.03092293054234052
Portugal,1939,-0.021191303856181398,0.1665780861124999,0.023413132719094922,0.16638277211080998,24.7678,0.04410135115829927,0.10452554649571444,-0.05841924398625431
Portugal,1940,-0.05721667184387336,-0.017935286832183372,-0.08603047311943393,-0.01798134587640121,26.9469,-0.055934188303372046,-0.007108014790853878,0.04744525547445244
Portugal,1941,0.14611805475212147,-0.12190429936429481,-0.0532081039025957,-0.12155653676029754,24.9856,-0.03153387906212968,-0.07913418941569361,0.12394225983076179
Portugal,1942,0.4298249937815457,-0.09267640831410062,0.0397379353377341,-0.09184236636050924,24.82956,-0.033822125384477264,-0.15263596797082368,0.22143489813994677
Portugal,1943,-0.09640604679576092,0.04728874734487132,0.10942347220943308,0.046955744822550605,24.82956,-0.06054403218772264,-0.0933450926788214,0.13052936910804935
Portugal,1944,0.1061185907173039,0.10530563834569917,0.10102933346534902,0.10530738843030352,24.82956,-0.029575422958951547,-0.00861596053424385,0.028864656831302016
Portugal,1945,-0.01731248673350938,0.10868317858498755,0.16884569071046918,0.10832828396386462,24.85962,-0.023079546717599264,-0.06429511050445746,0.09008728179551118
Portugal,1946,-0.17310189625538486,-0.21184599127733705,-0.05364623153339277,-0.21174205686137026,25.3,-0.09066637694255353,-0.10378391999077419,0.13811838718901925
Portugal,1947,-0.07968744257877647,-0.08938547558970433,-0.1089795020215168,-0.08935529548927124,24.95,-0.059889286415128695,-0.017852790460313517,0.03090452261306509
Portugal,1948,0.10244769863486813,0.28154409148645376,-0.1004129581506418,0.2809323992917876,25.8,0.1749353013112942,0.23023254945113925,-0.1759688033146477
Portugal,1949,-0.2320969281718135,-0.014493272895658271,0.07790972787318667,-0.015160649541301141,28.6,-0.29164529088884594,-0.12564062506426132,0.1594202898550725
Portugal,1950,0.034948018133936776,0.28383864483937105,0.1889844233845234,0.28316984687444613,29.1,0.07791001508297746,0.040560356037689704,-0.025765306122448983
Portugal,1951,0.16136806957377492,0.19994494733661794,0.1328040719313204,0.1998443499007745,29.1,0.0930875083354632,-0.00012622682968443932,0.013877978528410662
Portugal,1952,0.15097384258543722,0.1486962471877158,0.08564187800975948,0.1487021798106678,29.0,0.0684935045709556,0.01592573498929495,0.0015495867768595684
Portugal,1953,0.11195823480916567,0.07551188090880911,0.06477938254320191,0.07561355559420568,29.0,0.04054910652272814,0.00839892672857978,0.009025270758122872
Portugal,1954,0.2919453368588343,0.4544759521064725,0.4642043660632682,0.45393349358743484,28.75,0.11811351557366123,0.009502408796029593,0.007922310247891806
Portugal,1955,-0.03519595977351131,0.22581745441619128,0.2534762587224322,0.2249623395766558,28.8,-0.03436221573378473,-0.015692911382425567,0.03372210953346855
Portugal,1956,-0.05073568563167841,0.007658003733552965,0.02589995671170768,0.007489407187874386,28.899999999,-0.018523421889097613,-0.022899436518458938,0.043904831984302284
Portugal,1957,-0.03452048434431565,-0.06583248447384182,-0.08805253252709146,-0.06569628569248975,28.749999999,0.005863684410916781,0.019760394197185782,0.0002349624060149491
Portugal,1958,-0.06286716153616556,0.3130487939689135,0.2952866146295041,0.311344530665439,28.749999999,0.055718576319036206,0.006822892763203914,0.01432933991073515
Portugal,1959,0.09760419498171125,0.23499044089559495,0.23339294006653155,0.23452191547026868,28.879999999,0.006242853576796437,0.006710856701646506,0.013200555812876269
Portugal,1960,0.05709576402825833,0.0227067680556865,0.026620436602525076,0.022814733186927505,28.829999999,-0.011600684134659422,-0.0021243295965512887,0.02217142857142851
Portugal,1961,-0.021461864683265275,0.20372380708774296,0.1751506764659407,0.20312420456914482,28.799999999,-0.024705335664872097,0.02502129656988994,-0.0024597495527727276
Portugal,1962,-0.06315713805564438,-0.08240046755727781,-0.10271465900032437,-0.08236286961487094,28.849999999,-0.004865390726267571,0.026710304181190025,-0.0004483299708586408
Portugal,1963,0.1311394258535623,0.1400832493444446,0.13867745535354895,0.14006615236696973,28.889999999,0.027188634977477477,0.00022923417389386636,0.026014801525005682
Portugal,1964,0.13806501271563731,0.03526649786932223,0.061091579320482106,0.03548017939885417,28.949999999,0.0023705525062536204,-0.02165164695759636,0.04896174863387981
Portugal,1965,0.06053493084417938,0.052527778857230034,0.06391142083393841,0.05254494140841692,28.829999999,0.018167281926700696,-0.0024278513053441753,0.03250677224421761
Portugal,1966,0.11458892949604405,-0.07913041972543167,-0.0918058619742482,-0.07867285182534833,28.979999999,-0.045067621885123144,0.0020197794256340273,0.025428859737638865
Portugal,1967,-0.0822768686805535,0.1366652312498442,0.18253694638375478,0.1359463171693056,28.859999999,-0.07539366611824816,-0.008854620452866668,0.041724070064947716
Portugal,1968,0.033047248531724804,0.17944418941417983,0.15985530949812576,0.17903916270541576,28.769999999,-0.04451118709768653,0.014867543680755269,0.019837521254487234
Portugal,1969,0.28440264462564424,-0.07828945130638687,-0.09547302886416943,-0.07721953049468944,28.649999999,-0.033447298675778225,0.007925311348432995,0.026861800666913682
Portugal,1970,0.046378645814292296,-0.04757880861934738,-0.057926355367733544,-0.047173437291374354,28.749999999,-0.019324602696779714,-0.0050781501354076886,0.05033375428468334
Portugal,1971,0.11251294344553986,0.07110574520728985,0.09564233281711679,0.0713174036869284,27.559999999,-0.0723744324717821,-0.02470094410206025,0.07402954311233256
Portugal,1972,0.3520029271623315,0.1259122471885099,0.19531722771955548,0.12710568874218464,26.999999999,-0.009299241403196268,-0.03363566003645291,0.08395969934431458
Portugal,1973,0.6140488208948969,-0.16587577562470457,-0.15844736995209407,-0.16137480263912896,25.844999999,0.061094522896752324,-0.022627073723798907,0.0768663322514016
Portugal,1974,-0.4441120022987808,-0.47992667112003007,-0.3368348613261514,-0.47936886642804655,24.595999999,-0.3096351569254894,-0.21853413112574105,0.3788190163036034
Portugal,1975,-0.5301081830652374,0.2516078509358399,0.22652694912329788,0.23898444078995662,27.471999999,-0.32668008997390574,-0.08463073107570473,0.18531399046104924
Portugal,1976,-0.5383164955928356,0.08131222547698136,0.06698874529511818,0.07604957004301016,31.548999999,-0.32405954292058925,-0.09233166661249925,0.20638779445049882
Portugal,1977,-0.5794611413274771,0.016293152182048187,-0.06334317435476076,0.01373637897044433,39.854999999,-0.36759949577769835,-0.1536563807774497,0.3297199638663053
Portugal,1978,-0.3855349925254642,0.06434081767408983,0.029792382804573327,0.06424080247639963,46.009999999,-0.0017338597175435844,-0.06580157185021496,0.2676107859531771
Portugal,1979,0.1329956890069277,-0.02267974570416509,0.055499619737584494,-0.022656140342028674,49.780999999,-0.05221739612078957,-0.07437744170879768,0.24100259718844064
Portugal,1980,0.748812454212582,0.14855094488674592,0.1232806646796186,0.1486286156777885,53.039999999,0.0771603658157769,-0.07134343833354195,0.1839683752449921
Portugal,1981,-0.4064699414432089,0.03330738791558385,-0.057291263933671635,0.03322806508671228,65.248999999,-0.05644000927765214,-0.058923223867463514,0.16079795740860248
Portugal,1982,-0.30930652017688853,0.21885798792350863,0.07552390660474073,0.21876038823408028,89.064,-0.050370664132470155,-0.08155042586557948,0.22399207193270798
Portugal,1983,-0.23233785481497682,0.44610683115923866,0.21079762944681518,0.44603032632266815,131.449999999,-0.060698387442833845,-0.057815959184474575,0.2550010861193941
Portugal,1984,-0.16887235386327482,0.06427538340094574,0.0850396774036068,0.0642383672898732,169.28,0.01272590983934152,-0.058437387467479174,0.2880003776435045
Portugal,1985,0.9806113879241469,0.13109640397094235,0.25785908930177437,0.13123750424154768,157.486999999,0.0880835545244576,0.00473398040840034,0.19600513102437223
Portugal,1986,0.7233597687200821,0.15869253821470375,0.25326019291579877,0.15882752225134622,146.117,0.15363287645806967,0.024352291017051275,0.11799916240206731
Portugal,1987,0.9410854824279618,0.031357031908058275,0.0741052053412,0.03202722079581877,129.865,0.05361062441224829,0.04158012759346774,0.09153867940905047
Portugal,1988,-0.34254846528887406,0.18344840591225697,0.14294740461756322,0.18153781667841673,146.371,0.012906333096406541,0.027477408479106513,0.09947267096342172
Portugal,1989,0.16952133361709953,0.09131955306404049,0.21840696526998132,0.09148457230997553,149.841,-0.004726152391169469,0.01977766303792694,0.12600301475402342
Portugal,1990,-0.4086881210587151,-0.2438689963775057,-0.13126353512696498,-0.24421521075461827,133.6,0.028773685716161346,0.03088790634207461,0.1339981745039045
Portugal,1991,-0.12296710016277235,-0.0015911058025854796,0.052142589207599704,-0.0018554588444127385,134.184,0.10448165135367149,0.056886965772817266,0.11400276644964347
Portugal,1992,-0.18468031711872068,0.0013236336085138412,0.006874381026834617,0.0009669506766691871,146.758,0.07714827053535744,0.07167922415025507,0.08899890283389977
Portugal,1993,0.43893097809068493,0.337364867441732,0.14954454761958136,0.33755716011861003,176.812,0.09072946955778649,0.06333318403488386,0.0650009337802373
Portugal,1994,0.030568644813727897,-0.10574356821618047,-0.020770554436074184,-0.10546006391942309,159.093,-0.10625876707967696,0.05614887712840244,0.051998154130133756
Portugal,1995,-0.08351443966458316,0.10047913483182902,0.1865911693988662,0.10004701990204978,149.41299,0.20035174246260112,0.05462557725532835,0.041001368613138744
Portugal,1996,0.2858226816079745,0.21642298733410992,0.19384111846506857,0.21657857799383784,156.38499,0.24409559690810956,0.04138277226404252,0.031000990245035887
Portugal,1997,0.6169010923218277,0.3855711035746523,0.23243458831949726,0.3861605831840915,183.326,0.12703921144199803,0.03465337856365713,0.0220008828145406
Portugal,1998,0.23508532240518631,0.11999247323554374,0.18372444240632155,0.12047224088052078,171.82899,0.14772416962562196,0.02047693068715395,0.022152780834177044
Portugal,1999,0.10177070289769863,0.3800673839103963,0.21839331870334394,0.3788109300136764,199.56400557435796,-0.06469271033600366,0.007779266310986355,0.021687023667704697
Portugal,2000,-0.1071955548826069,-0.018769891934214966,-0.04877232863393633,-0.019132816155710386,215.45620634067703,0.05004497802055052,0.015430715845910159,0.028054057091481344
Portugal,2001,-0.22455269680614431,-0.1558975976514464,-0.1619893498931737,-0.15615723791321245,227.48439804833768,0.017396506863347705,-0.0014158754216849756,0.04409614517429383
Portugal,2002,-0.23484526750561063,-0.32806621659967483,-0.22904775717294318,-0.32775476360085176,191.1719271478974,0.07886617648661098,-0.0036893632479028104,0.03701183122186169
Portugal,2003,0.13715725535802914,0.027230747319408888,0.1755309995306966,0.027593190988311367,158.7347585114806,0.01646771323026397,-0.008753613265437665,0.03237164925034075
Portugal,2004,0.15107949070281834,0.06603325748027844,0.12487288898155774,0.06627511981894418,147.18596285147933,0.08005544184598135,-0.003935390874713507,0.025097492695688395
Portugal,2005,0.14743255322319704,0.21653816287357386,0.10511515973241749,0.2163495772852908,169.94320589980504,0.042723793896947804,0.0005364818993078835,0.02129892432084346
Portugal,2006,0.2933318353949621,0.06772768991760714,0.15607677956975935,0.06833307421941481,152.22627182991647,-0.03405200355781568,0.0003291659387083534,0.030453059318075626
Portugal,2007,0.15512915799805205,-0.04223534562795683,0.0373534492732818,-0.04159673635854466,136.1877589837646,-0.008623431065717502,0.01811014602744976,0.024227177953041412
Portugal,2008,-0.5101675788572211,-0.36153628519860936,-0.39550391096185916,-0.3620894315130416,144.05547172522807,0.07082760795650067,0.01931062815998663,0.026519593742393877
Portugal,2009,0.4123870415214068,0.24236193028917796,0.23737326981574566,0.24289238515956524,139.1656254338469,0.06221912626133119,0.021509681846937356,-0.009031826951057864
Portugal,2010,-0.07498112707003635,0.18586106707436145,0.09276909980786915,0.18496761122063954,150.03891632989072,-0.1364445000077955,-0.00572132008183357,0.013910489966828088
Portugal,2011,-0.23106435789073387,-0.02691123637383852,-0.04950462725588032,-0.02749162307959041,154.9439678491383,-0.336926659540164,-0.020899822236116306,0.03554878572041531
Portugal,2012,0.04784027783281575,0.09720923888566024,0.12808329280778136,0.09708351528431725,151.94937092617857,0.7623716435862276,-0.021434218485436585,0.027761088897636288
Portugal,2013,0.15095424214787156,0.23302158612122303,0.29576337910269707,0.23283972427527377,145.37161917192373,0.11743228669517247,-0.002178125820470167,0.004394363925900535
Portugal,2014,-0.2099507989422258,0.22486343125523933,0.10443340436799264,0.22399832877412584,165.1280784119924,0.3455022532854002,0.0037007584679265015,-0.0015955205009331452
Portugal,2015,0.18005925924479982,0.13176276106635698,0.041323506299736947,0.13183316140529566,184.14806650133187,0.047987996638193975,-0.005248989994972919,0.005075631941303449
Portugal,2016,-0.006336574615801394,0.05488816483325509,0.03617569754524383,0.05478886925431081,190.1925813490181,-0.04146355712038041,-0.008940140705115396,0.006359999999999921
Portugal,2017,-0.013566692898630883,0.06157301113588276,0.16273465068939777,0.06145718694683033,167.16584674393405,0.10489397229096165,-0.018563169761844245,0.01556103183751345
Portugal,2018,-0.01218353595963706,0.022698445158555458,-0.016049508885369677,0.022466618375989622,175.09344978165936,0.005749201503725931,-0.014722110759707863,0.01167296139018803
Portugal,2019,-0.0008716287428053304,0.17485112826437366,0.14172919141739532,0.17367471127947987,178.46003204557587,0.0552384354122768,-0.006541597656814946,0.002998210745200458
Portugal,2020,0.0025090219954466697,0.018280483426913685,0.06271319891725367,0.01817384599154437,163.37869774264522,-0.0007512637644807585,-0.003040709603297942,-0.00121498481268989
Portugal,2021,0.12640618635937617,0.17697700226431534,0.1773958374494447,0.17662421508245973,157.63118590386995,-0.049932477327485736,-0.014761699791311367,0.009413089999999999
Portugal,2022,-0.0489383787500034,-0.10386921833016682,-0.13831706690638473,-0.1034968299702419,177.34332921086963,-0.21842093109584437,-0.0717938184276653,0.08102658
Portugal,2023,0.0612075522281339,0.12637855252106323,0.1598136706428052,0.1260031771316854,172.3644255006993,-0.013832181639620633,-0.01741789282885242,0.05264283
Portugal,2024,-0.029507675555393353,0.16499572068670654,0.16993773055456343,0.1636945725147947,172.19207095064849,-0.004941796540932408,0.008320449506958427,0.027308680000000002
Portugal,2025,0.26834224489361724,0.14682381666269606,0.17451893239192562,0.14763504082442758,165.21907167870117,-0.006877955217624354,0.002599309650810344,0.02164819
Spain,1901,0.020158112130976402,0.14540780631403694,0.06548013203073286,0.14163114497472162,7.16,0.07519732193675988,0.0378534370149346,0.002068270927704008
Spain,1902,0.06808928146756599,0.05533979513598908,0.04850865140349349,0.05539534706307503,7.0,0.10253481242856788,0.0641605275464101,-0.022703838203983806
Spain,1903,0.021678850702047336,-0.06878715684738568,-0.04940588204229886,-0.06838751401350762,6.99,0.04142110317201442,0.0032190348620559917,0.03167898951531112
Spain,1904,-0.01937681225350929,0.1852804407677393,0.18161421056324775,0.18429829812921605,7.13,0.04072766643423931,0.011366821493157042,0.01842375826486098
Spain,1905,-0.062153095260831015,0.08015723229748506,0.14035298280603128,0.07960332905998868,6.78,0.06261527999610195,0.034800014449804184,0.005025110730106475
Spain,1906,0.13539922068636034,-0.020026054021939466,0.08456941302725902,-0.015779835066613734,5.84,0.09790448375902638,0.0739979519282441,-0.02700000506336364
Spain,1907,0.033521589784696326,-0.16954879654610555,-0.14583520082228335,-0.16860531631379405,5.77,0.017488615230772275,0.0027465369686319185,0.042137731980847803
Spain,1908,0.07209616712951061,0.23120554949580252,0.18532477190543006,0.23029498806930637,5.85,0.09500001180487772,0.06953348523581604,-0.02761342822602142
Spain,1909,0.06246371606254453,0.13751965480087724,0.15719817863676203,0.13710173639441514,5.7,0.0753094812934123,0.05896197147246851,-0.013184580806915425
Spain,1910,0.014850914345932775,-0.046781809653886564,-0.0370971875987435,-0.046470337298880504,5.54,0.031231184730488026,0.030468405297901846,0.009249768123917423
Spain,1911,0.0589102613650172,0.10344931147882797,0.040329074375341924,0.1032179759910894,5.61,0.09351338012951071,0.07843719047059428,-0.03564156698628995
Spain,1912,0.0035727356751347195,-0.0009307526093118579,0.039698150734451,-0.0009082393625944318,5.52,-0.013135161402050288,-0.004411473609987282,0.049630418680387756
Spain,1913,0.021365111203057507,-0.04202604365499707,-0.04497501917898055,-0.041710085582575274,5.54,0.002267971058772522,0.038730008347962475,0.006036210940077558
Spain,1914,-0.06957755660813336,-0.05863214589474619,-0.05184322984547074,-0.05868427816595423,5.42,-0.00404947800330846,0.043129386203429876,-0.002999998982762153
Spain,1915,0.031010720209042386,-0.008510862430711974,0.07377054287051835,-0.008332637778044827,5.23,-0.074019538200226,-0.04591116161453079,0.09528584733944911
Spain,1916,-0.07551321980271442,-0.07839389248425055,-0.020706907875036366,-0.07838043890803859,5.19,-0.07824346560529938,-0.11402174438376611,0.17948718849911205
Spain,1917,-0.011835469433946644,-0.32475691814685803,-0.24867750008856732,-0.32325928963628137,4.43,-0.09019806232890659,-0.10329114401072736,0.1653726790009986
Spain,1918,-0.22049068409514783,-0.2513873287334166,-0.05315988833119854,-0.2511570582142466,4.17,-0.27337993386605086,-0.2808138480967387,0.45303131744492164
Spain,1919,0.0003692816488143347,0.009307742847131095,0.051882293889640364,0.009234671987268461,4.06,0.037900451378332534,0.02831163386742941,0.021091239429101627
Spain,1920,0.04111042863458936,0.13084946329949343,-0.27900401825995996,0.13021716622876967,6.37,-0.01151738427307103,0.0371792626134837,0.022002692174839744
Spain,1921,0.17889851717974725,0.5860149104093721,0.22844969221778127,0.5828322204901639,7.38,0.2882826864306651,0.3154634761238715,-0.19420035759390408
Spain,1922,0.3865278894110018,0.27727659062968746,0.41291924754969184,0.2780185258399659,6.45,0.25287493239954073,0.18341021349711828,-0.12540893399046882
Spain,1923,0.1664559398482981,1.2198278354339789,0.2384722803787624,1.213852799146097,6.96,0.03461061666518361,0.02731436239258067,0.007481291061220308
Spain,1924,-0.01595533039631769,0.12468684339301461,0.17145980698729632,0.1236676689694296,7.51,-0.05483203640527712,-0.06665178702301955,0.10891089280366817
Spain,1925,0.034846648179244655,0.1077447675882508,0.16303541767291035,0.10730607549394766,6.97,0.022983545011816764,0.019076913579062715,0.01562500961191038
Spain,1926,0.2849305927925396,0.21395980186403385,0.16056820836593247,0.21433895719739993,6.72,0.1352815462000354,0.129994006650767,-0.08406593835246245
Spain,1927,0.33008880301511967,0.12462380555159425,0.2583156973294248,0.12602176481819294,5.86,0.08994653613274561,0.05461186615922031,-0.018596288017915907
Spain,1928,0.2190886763269435,0.31861604433196233,0.32600744117957087,0.3178316288087766,6.03,0.03303253866993505,0.009695877234865202,0.02506113324285697
Spain,1929,-0.002444197385067959,0.023415372314802507,-0.07400068629604781,0.023229044338856086,6.82,-0.015085614722610385,0.00678364021915967,0.02802624000098941
Spain,1930,0.0006458098312540628,0.008981159465846655,-0.1857737203447454,0.008917991227023636,8.68,0.009666011447226897,0.03141040608079293,0.003480277149673805
Spain,1931,-0.2468816141727369,-0.2237637486640185,-0.2919730693531285,-0.22398434760920616,10.55,-0.028903355260287977,0.028460670655304332,0.0063583661293928895
Spain,1932,-0.08776221007687734,0.1207933438016231,0.10734190935915028,0.11838239464663824,12.41,0.10556610798074018,0.042786455976411064,-0.007466970617784563
Spain,1933,0.17323947234808212,-0.07058928007429865,0.390636641190223,-0.06789882246863843,7.39,0.16346157392436322,0.08431736503594056,-0.044560170429494006
Spain,1934,-0.03779070720555633,0.10880513189543617,0.018117609169152084,0.10748149791243322,7.35,0.05631937536480636,0.015095562533723461,0.020593564476212745
Spain,1935,0.5580435766791632,0.22430467991068226,0.2660692560503738,0.22725134645391165,7.3109,0.10843028042126157,0.013151470094098006,0.022551937228161067
Spain,1941,-0.35933936475308326,-0.09430263900870484,-0.05421543205044476,-0.09267503597693183,10.9529,-0.48446688829073825,-0.49294571159906,1.031340672766388
Spain,1942,-0.004836981529681816,-0.022290976505111915,0.04087764533122658,-0.022093571143983803,10.95,-0.08474823443531232,-0.097396096084307,0.1411428588565622
Spain,1943,-0.1897868945222574,0.03642454124518624,0.11251586624106175,0.03375358747890589,10.95,-0.0918455522897963,-0.10041111495038013,0.1449674584103322
Spain,1944,-0.052925947519818495,0.05725573635883485,0.10260499042846032,0.05614726624106825,10.95,0.01015421795137783,-0.04342201462678541,0.07675486481908433
Spain,1945,0.07722051207130809,0.10949187950191597,0.1692206746026302,0.10917641358088792,10.95,-0.02480420304084907,-0.053253684941930834,0.08793663407738972
Spain,1946,0.14166927726795775,0.9687061846889413,-0.05591006129019258,0.9605714951358117,29.0,-0.14610118521207538,-0.13501959406879793,0.19077841794646488
Spain,1947,0.19342125680858535,0.1307389613101959,-0.11338953109547942,0.13165856598509595,41.5,-0.17136760724464095,-0.14437166516944067,0.20379370037274347
Spain,1948,-0.33868297851628926,-0.13546692074894118,-0.0941996657993941,-0.14005554069863435,37.5,-0.04403121678226096,-0.03970703424017463,0.07258934101893288
Spain,1949,-0.15002726292216262,0.25099886002329796,0.08081199518807983,0.24430515917296192,47.75,-0.022984805690667076,-0.02284815602184298,0.05408387209928045
Spain,1950,-0.03820187217237769,0.19747596628074615,0.19169315166066683,0.19427477691439488,51.45,-0.0750625918610297,-0.0708010716676658,0.10848169097442328
Spain,1951,0.09246870375072591,0.12390162332383325,0.13330339901967037,0.12357459815119398,52.0,-0.054997006541540605,-0.058737902545642706,0.09427544369956253
Spain,1952,0.11850415352277888,0.08002428564159492,0.08545733059648059,0.08043732605952791,47.7,0.06721528395715248,0.0508648749913132,-0.019854955816310693
Spain,1953,0.024708604510810694,-0.03229883306778336,0.0653932219750591,-0.03162313870827238,43.25,0.03527255103057603,0.01357428890832546,0.016205729171379968
Spain,1954,0.24510213062171538,0.4884123481381777,0.4662348356763235,0.4855456540219516,44.0,0.039622463536971964,0.017477734551503588,0.01230716344221916
Spain,1955,0.32387271479113444,0.20989333882420835,0.25181103518990827,0.2110313578565688,43.85,0.002813071724657279,-0.009843623641430654,0.04023972770584838
Spain,1956,0.4113919593218729,0.13691869791941214,0.02099450596150318,0.14021196638665923,50.5,-0.04640291123542006,-0.027017571845114108,0.05860082312348336
Spain,1957,-0.014074297712716177,0.007902313365567348,-0.08903756726779456,0.007545272113347101,60.0,-0.08473913578841308,-0.07019511917300969,0.10775929506128379
Spain,1958,-0.22214434338204658,0.17365599500458528,0.3045460136531793,0.16547747314839745,59.6,-0.06872182063335985,-0.0914469268447845,0.1336707009888507
Spain,1959,-0.1182709457781922,0.1868178033543073,0.23758069175217525,0.18283042347575296,60.75,-0.023398658187822163,-0.0401026232080941,0.0730313721367104
Spain,1960,0.009797895081218755,0.04793730102590721,0.026881805342688872,0.04756740071169996,61.5,0.07271018856457334,0.017693748669507237,0.012092292672554183
Spain,1961,0.25845768102177025,0.17027908257726954,0.17385234705282293,0.1710866148871466,61.15,0.02560406883837918,0.009745319949992615,0.02005919609556428
Spain,1962,0.18574743797744686,-0.14908903783315386,-0.10553505199163792,-0.1457580811989988,60.3,0.012713448731787036,-0.025516802549535922,0.05697050705874873
Spain,1963,0.0014369600868144872,0.0724916232447983,0.14041448894479353,0.07159616761397625,60.15,-0.03961561754157927,-0.052742390071783385,0.08734940583639261
Spain,1964,-0.05033026341538238,0.014213361919272582,0.06248153877981863,0.013509658789491397,60.17,-0.033491632066560584,-0.03723493970175762,0.069835250367704
Spain,1965,-0.017263799385685896,-0.02303110265379682,0.06476996758350864,-0.02297023456669023,60.25,-0.0690486335723629,-0.0790617810784745,0.11842464365920247
Spain,1966,0.0026059472912665083,-0.13117010982088184,-0.09230763946463909,-0.12977576105675548,59.999999999,-0.023927155468419392,-0.042346202121125276,0.0755452561362091
Spain,1967,0.015587193114169784,0.30097473132747177,0.18365342035228843,0.29760235276200975,69.7,-0.0036815235397565926,-0.03175612205324252,0.06378157692424491
Spain,1968,0.1668853125853469,0.15097726769916453,0.1594288237841013,0.15113867226934974,69.82,-0.002199876380016952,-0.018699273484255374,0.04962726664497352
Spain,1969,0.49234405332555853,-0.07173404884354218,-0.10112433337828304,-0.06529749796855877,70.059999999,0.030707296950501117,0.022995632984387893,0.021509738745959295
Spain,1970,0.035793330728741246,-0.06324740885314417,-0.059230991119446456,-0.061418593899408735,69.719999999,-0.043243453012788424,-0.002278789961361549,0.057409614115670804
Spain,1971,-0.038505345421367854,0.052077235432832714,0.09843695236886839,0.05028573390555957,66.019999999,-0.004782065776173683,-0.038986164089869435,0.08219045371078937
Spain,1972,0.244763478826862,0.1063570886198757,0.1951115244691578,0.10923600632132446,63.569999999,0.011520756634900042,-0.039300909916925586,0.08254500273961796
Spain,1973,0.164376390166727,-0.250491088917947,-0.16097940985585985,-0.24157782188575716,56.949999999,-0.09505761003785573,-0.05780266209263474,0.11441622524334893
Spain,1974,-0.0943792826881491,-0.36182011325831553,-0.34627155165820145,-0.353574873706346,56.111999999,-0.12114918175135336,-0.07803884831139474,0.1497230623193473
Spain,1975,-0.24650460677675068,0.20880894445681197,0.23376478148535312,0.19036370439248862,59.773999999,-0.08969937512512416,-0.09323576240732845,0.17665830380033598
Spain,1976,-0.24287827739654477,0.10935179962975727,0.07219355813510218,0.09778584232641307,68.287999999,-0.05887792171213091,-0.06519844047525702,0.17635483334470825
Spain,1977,-0.42796701564158557,0.025054656827963928,-0.057491766130462904,0.01519095235114376,80.911999999,-0.2760972140139394,-0.0916745931008568,0.24539985247463925
Spain,1978,-0.27581100038812967,-0.1527309783669728,0.034408226341122165,-0.15459895624899067,70.109999999,-0.19698825267781583,0.008337443162051539,0.19773478534057864
Spain,1979,-0.19722837161137552,-0.08416453414345848,0.058611777502811685,-0.0855347018117687,66.149,-0.14620752684324978,-0.02183841876752768,0.15660424618481916
Spain,1980,-0.12629079164719492,0.32753364297340193,0.12569846333215115,0.3233250378573356,79.25,-0.01750970545937247,-0.0008515166223540538,0.15555146626995597
Spain,1981,0.2432780328868147,0.045005273136326185,-0.05972357735363178,0.04655567406021244,97.45,-0.030249506027545392,0.011720916452212293,0.14552011754912875
Spain,1982,-0.12597337280526155,0.2344806433248492,0.07734688633735567,0.23112272260866673,125.600999999,0.004294253547505011,0.02411428427397211,0.14413825279377424
Spain,1983,0.0021823622818717414,0.36998374656446376,0.2121430130477146,0.36753941686331415,156.699999999,-0.017671403073400316,0.0648717309854423,0.1217579466465375
Spain,1984,0.3183913934031368,0.056934791466751955,0.0836195503465233,0.058471438897190975,173.4,0.049919338171972916,0.01189242193196538,0.11278380150326628
Spain,1985,0.23572747291318907,0.18777237272199288,0.2581363009980892,0.18810870960499115,154.15,0.03895580927794273,0.025696842036531553,0.08814315492914493
Spain,1986,0.9601850443746038,0.09672257873577061,0.24873482576945533,0.10235124873119439,132.395,0.0332807639767525,0.024771081385204896,0.08795842349049576
Spain,1987,0.4055326852287564,-0.012816375495861232,0.07131696835603153,-0.0085267672858661,109.0,0.06011137285225243,0.10277731000781754,0.052477522445466995
Spain,1988,0.09105808751034794,0.14489910259185002,0.14176661340524177,0.1442804221427687,113.45,0.08325110142231629,0.06157154196308823,0.04837022956656711
Spain,1989,0.05466664046070813,0.08764076536692,0.22035330290424185,0.08723288524632844,109.72,0.03215232971269821,0.07115948257031901,0.06792376403447986
Spain,1990,-0.17352249502528472,-0.2048966061187435,-0.13125588133737515,-0.2044583547617257,96.909,0.06744333842469175,0.07531110742351887,0.06721052885587131
Spain,1991,-0.004949465525040608,0.04336111530160003,0.05255834641445749,0.04269146155731929,96.688,0.1148546268055961,0.06859895868604737,0.05934660003417136
Spain,1992,-0.13224060011911498,0.11867431355889302,0.008316433366852893,0.11544430596614141,114.623,-0.023451389647209275,0.06685802961749077,0.05924746466217412
Spain,1993,0.4927998383328047,0.4018481840129724,0.1461459334476556,0.4028836286752302,142.214,0.36681949351289167,0.07419110208932511,0.0456860654894935
Spain,1994,-0.13290402158205084,-0.07401114241048423,-0.019111091964906762,-0.07481472636261144,131.739,-0.1645364545148088,0.029557105634306913,0.04717357988197324
Spain,1995,0.10531441365939931,0.07311097999272298,0.1870203898201923,0.07353017429203157,121.409,0.19634482640252338,0.04114821710740357,0.04676098578565746
Spain,1996,0.3799129025831669,0.24972774729098002,0.19185233660415968,0.25124723867084997,131.275,0.2463348757601096,0.0395054225895326,0.03557259849500749
Spain,1997,0.4272088623593313,0.37001190275238516,0.23077125490757086,0.37078147924894944,151.702,0.14773840613986744,0.035421710650338945,0.018771698055239705
Spain,1998,0.3708367394914194,0.1250035305352808,0.18103024148392588,0.1287702970181066,142.60699,0.15651603574464112,0.025326913301190412,0.017626658624849245
Spain,1999,0.17082136860230435,0.38158969053592595,0.21870620834865923,0.3778949385444854,165.62412900656977,-0.085640058166638,0.004767536678622175,0.022359199276919206
Spain,2000,-0.13416700019682426,-0.02353283761205549,-0.047417632118891266,-0.025566330207324572,178.81354110693175,0.05054235320030842,0.006063803871497964,0.03484158961129302
Spain,2001,-0.06976790307767744,-0.1510565235182595,-0.16405828354864957,-0.14947685360707952,188.79609667536593,0.021583292162628664,0.007445714300446493,0.03589535307134262
Spain,2002,-0.22859988403128673,-0.3258737622028548,-0.22907699303598122,-0.32386220887113215,158.65929245732812,0.08890471175062675,0.001656858673508399,0.031041708916379473
Spain,2003,0.2905533849103772,0.02405154345661753,0.1729724387971077,0.029563850850116147,131.73871733966746,0.019556068438644436,-0.007064226719142419,0.030395615058811165
Spain,2004,0.19451879929564675,0.058042766064162477,0.12351367775940156,0.06079849890000166,122.15402687027384,0.06995185569992635,-0.009687076291229113,0.030389798801206513
Spain,2005,0.21684444230109934,0.20145101324332204,0.10279243290748251,0.201780094633486,141.04094261252862,0.035314488951436074,-0.012396213048195048,0.03368038830634701
Spain,2006,0.35774423495183405,0.05698113884652667,0.1519968183486134,0.06348365329526473,126.33712984054668,-0.049525516903639044,-0.006643337131640781,0.035151862738069584
Spain,2007,0.06201664648942651,-0.04756196271178448,0.03715281544549301,-0.044998240970240744,113.02628897493369,-0.017042777959904942,0.010312293463998978,0.0278752481647353
Spain,2008,-0.39415966886633114,-0.37021427073363755,-0.39597605176697837,-0.3708128905953837,119.5559387799094,0.05433742008961806,-0.0021637518189198124,0.04075192867008792
Spain,2009,0.35995589337770073,0.23189828215826358,0.2346775212769293,0.23521196651466036,115.49770928779668,0.05311329805693865,0.009656137808956577,-0.0028700906344411026
Spain,2010,-0.16178006890520136,0.1884689828311672,0.0983256341164584,0.1802130292233679,124.52177817691963,-0.07696437435243553,-0.013223811793782292,0.017995108966173845
Spain,2011,-0.11596381356303842,-0.022386012900919017,-0.048781212731192077,-0.02411259508005037,128.59262694180384,0.06018701859288522,-0.02111333000480886,0.03196317909797286
Spain,2012,0.02504265122374072,0.1020784158971828,0.12985494118382107,0.10062608258803163,126.10732150977718,0.039438250797295904,-0.021233819232245543,0.024453050966173562
Spain,2013,0.28076142270357085,0.22003010185414906,0.29569499985927844,0.22105703633679497,120.64824885795085,0.14291875657633057,-0.012419732674539774,0.014086348006193461
Spain,2014,0.09249287297911302,0.22620006364569822,0.10400684575799864,0.22388988298400636,137.0447244872745,0.2929454781190888,0.0026610647976181845,-0.0015070544026809518
Spain,2015,-0.02712171533919916,0.14633437601756194,0.04274813200146857,0.14329970751006282,152.82998071093965,0.020980641195596617,0.0042676419640435,-0.005004617355298002
Spain,2016,0.024776081555448526,0.06437487496680827,0.03631738810760187,0.06365216603548762,157.84650412674318,0.057636943253613904,-7.426300000001884e-05,-0.0020258874484795353
Spain,2017,0.07615049511160321,0.056960873069469065,0.16398719892570435,0.057293887585887715,138.73592929208715,0.012529310268261096,-0.022029110596728074,0.019560000000000022
Spain,2019,0.13521021722960458,0.16956785822099985,0.1402742023014803,0.16901781817206607,148.10931102011747,0.09176442291915254,-0.026823148032838584,0.02386323512103239
Spain,2020,-0.09517895676352006,0.024542194652425797,0.06818991464140797,0.02023039971972551,135.5928612175047,0.054234930606162024,-0.00037289432206988327,-0.0032283094962112235
Spain,2021,0.09979238003771096,0.1577597601129641,0.1797738975354391,0.15577015558564256,130.8228294699839,-0.06899533010739956,-0.03450186849311132,0.0300814
Spain,2022,0.003904052272810654,-0.11204101094970231,-0.1426958849961971,-0.10811076695456268,147.1825259827803,-0.2200076101808598,-0.06967673946193476,0.08322563000000001
Spain,2023,0.1192485695586285,0.13508226064224305,0.1607233633028981,0.1344741735572057,143.050385078757,0.003945621393247389,-0.00016380034597596183,0.0340027
Spain,2024,0.23999305314966501,0.15668250601690725,0.1659731920171688,0.1596413915669388,142.90734288960905,-0.005542996042992132,0.0026706689116708926,0.02792974
Spain,2025,0.4611807738051863,0.13237781666700466,0.16481869524335668,0.1438656392824087,137.12024251719544,-0.005820959978126372,-0.000281207807866668,0.02056199
Sweden,1872,0.14458166785259663,0.052728593623873055,0.06058206523763729,0.05311355414684926,3.2718807,0.021097590185040316,0.004713786765933037,0.04009720534629402
Sweden,1873,-0.06829931935319655,-0.08227143314667806,-0.0369781793690049,-0.08208272345415168,3.2527923,-0.04044709522357759,-0.030978354895527804,0.07943925233644866
Sweden,1874,-0.03996865220110979,0.01783360980350457,0.059094196418851413,0.017054139108272137,3.3625125000000002,0.007968304486110522,0.013793104167642456,0.03571428571428559
Sweden,1875,-0.005191528529210676,0.0535135360533312,0.09805842873357858,0.052717929184831425,3.2656406,0.02762861305418851,0.056624606427992275,-0.006269592476489172
Sweden,1876,0.01990402577175443,0.015900789911426294,0.008289164061937793,0.015952217457824824,3.352392,0.012827820560467051,0.04669811395026202,0.003154574132492316
Sweden,1877,0.05070457760601821,0.07422435576584596,0.0717763506201347,0.07417368718430506,3.5875670000000004,0.05584452964671671,0.055532139842766615,-0.00524109014675056
Sweden,1878,0.06989853438556937,0.1573744567105575,0.10644931598043797,0.15619217306138933,3.7249674999999995,0.094111797499566,0.1233934619019843,-0.06533192834562696
Sweden,1879,0.04881756714894436,0.3628234840212863,0.3019770679503899,0.3587781156098684,3.7485819999999994,0.17874194102254348,0.11727884659866028,-0.06200676437429542
Sweden,1880,0.09714284842354903,0.12449606804040037,0.1583128419255108,0.12441672552165817,3.7463664,0.05502461188180097,-0.010157713208879704,0.05168269230769229
Sweden,1881,0.06837607010650792,0.13112314318386686,0.1631413528394475,0.13034058571798157,3.76993,0.02046210372793511,0.014492752751046778,0.025142857142857133
Sweden,1882,0.08109965965254218,0.0008143128318465198,-0.02123830661606415,0.0018119239574394541,3.7299018055555555,0.05747554083178774,0.07372852417406772,-0.02675585284280957
Sweden,1883,0.08472502942321491,0.021282434753886692,0.021422490318206276,0.022015643487240055,3.7466540000000004,0.052365617993961555,0.05101958705189591,-0.00572737686139746
Sweden,1884,0.0979486331165409,0.08667591714789946,0.05880677130159707,0.08671970523041939,3.7606444444444445,0.0713596921681503,0.08084689112799026,-0.03686635944700467
Sweden,1885,0.06033495193349658,0.14786228977918525,0.12094482741430058,0.14681995229398748,3.744177111111111,0.10308020506778637,0.09613551003122267,-0.046650717703349165
Sweden,1886,0.08160032529511696,0.1334510020863917,0.09544144949419073,0.13282140668871367,3.738940333333333,0.124837048056887,0.09456068720658739,-0.04893350062735269
Sweden,1887,0.06583983595349241,0.04681286596928769,0.008922501400379012,0.04703089665270177,3.7376235,0.07918340679151092,0.07737619782480776,-0.03562005277044866
Sweden,1888,0.0965900188275024,0.04783498302147837,0.081336160964061,0.04836097914548265,3.7341788888888887,0.04187141024215979,-0.004410832721735258,0.03556771545827653
Sweden,1889,0.11413853337656255,0.05050847822788662,0.08623861492277848,0.050739252362514975,3.7323462222222226,-0.0030112596212232834,-0.01331605611065223,0.04491413474240402
Sweden,1890,-0.00346851915277846,-0.043211609121226124,-0.031411312160586013,-0.04278929146449573,3.74374,-0.011276937220107364,0.017139852272881395,0.02149178255372952
Sweden,1891,0.013967299411276946,0.01553711361750798,0.04645365982483062,0.015520328866091226,3.735512,-0.03799695799760017,0.009757504099700665,0.030940594059405857
Sweden,1892,0.12875953281166197,0.06268071549562593,0.07022668137860352,0.06341587638006807,3.718224,0.05096213157063301,0.0621259183575078,-0.01800720288115243
Sweden,1893,0.105466627818384,0.0034524492776244475,-0.005260536234485081,0.004535399022454589,3.729584,0.11482657118208106,0.08059363107013096,-0.04034229828850866
Sweden,1894,0.19403950369998113,0.12995918847969756,0.09545512530875028,0.1306599936668127,3.7166499999999996,0.134683540303435,0.09057046995566997,-0.05095541401273884
Sweden,1895,0.1164518839364308,0.0758344236941717,0.10747082706448802,0.07627416248694097,3.715536,0.0225518027440752,0.015909091055353874,0.01879194630872494
Sweden,1896,0.12334763065752297,0.10536726775785121,0.08369083755456272,0.10556363814155967,3.7282480000000002,0.05522536753539553,0.03619123593091511,-0.007905138339921125
Sweden,1897,0.15436304559118508,0.047444518572886674,0.0764244756214418,0.048636322102563634,3.729584,0.004581591049676703,0.003999998498147139,0.031872509960159334
Sweden,1898,0.04599890756336111,0.06383140317177416,0.10645447699673097,0.06363039818689664,3.758786,-0.030929226682267497,-0.006318180737170387,0.04761904761904767
Sweden,1899,-0.023513982624692065,0.021556558182908914,0.05842470317224682,0.02144266333220668,3.756312,-0.04862262148957919,0.004571763478657731,0.04422604422604426
Sweden,1900,0.05193299826147957,0.07607255771411503,0.06364521268630799,0.07601529828438491,3.7378080000000002,0.00041787654464675583,0.03779069841081317,0.0117647058823529
Sweden,1901,0.032255586476483744,0.09365893032187644,0.06444558814891875,0.09302552857805213,3.726432,0.09671887769602483,0.07423122807964244,-0.024418604651162745
Sweden,1902,-0.006290780047634947,0.04802825044058223,0.04868044953229183,0.04794279487614328,3.732354,0.05204487393387813,0.03238652594581293,0.008343265792610133
Sweden,1903,0.07993316296921216,-0.051687167857143446,-0.04950858773147751,-0.05126342429146513,3.7398640000000003,0.019725289654939582,0.023069766562345384,0.01654846335697413
Sweden,1904,0.12765774902175453,0.19276528674656057,0.1808221807084881,0.1925540126655516,3.72801,0.04613557624466291,0.05324705996934109,-0.011627906976744207
Sweden,1905,0.12303696177934165,0.11967547104941079,0.13967927011370343,0.11969859540402927,3.7357520000000006,-0.0158780738936678,0.02039170451462269,0.021176470588235352
Sweden,1906,0.11207369306286608,0.09771400577763956,0.08569225088867018,0.09785870118237061,3.765447,-0.0057753159141097354,0.024749435753504745,0.02073732718894017
Sweden,1907,-0.1518065537537885,-0.1635636864594462,-0.14493907752731724,-0.16345614156916521,3.7784880000000003,-0.07795257244035292,-0.0008733914645445706,0.05191873589164797
Sweden,1908,0.05092702468908361,0.15106248376656883,0.18603326030496878,0.15005711356656004,3.738045,0.07392369141412347,0.03938689188397726,0.015021459227467782
Sweden,1909,0.0820520983943307,0.16366777270048005,0.15736274538340803,0.16291777651238992,3.7387439999999996,0.07506598206187243,0.05200853731518995,-0.009513742071881492
Sweden,1910,0.15540540218353271,-0.012104936110854503,-0.03851983579615226,-0.010649299596459216,3.7357520000000006,0.005447224248200655,0.04100000113248825,0.0
Sweden,1911,0.11552228668193121,0.020560473396111334,0.03946666604686287,0.021757763933782703,3.741683,-0.0008155696576586102,0.011765802558993954,0.029882604055496254
Sweden,1912,0.09983392759476817,0.04346084646140702,0.03864281958164937,0.044266709639856794,3.742155,-0.012418686989033034,0.01986294527193011,0.020725388601036343
Sweden,1913,-0.0022145382316357543,-0.04227742315739824,-0.0452239292063257,-0.041737561791449385,3.7444420000000003,-0.03680443658157884,0.0418269248596328,0.003045685279187804
Sweden,1914,-0.2459188289456553,-0.012843572654158475,-0.04931203921853008,-0.015944407438389208,3.8917320000000006,-0.057730428777731824,0.03142857319348824,0.013157894736842035
Sweden,1915,0.032790803442830585,-0.09739092539471206,0.07410524028911533,-0.09572869464013012,3.591818181818182,-0.08958670067398444,-0.09039565061745436,0.1488511488511488
Sweden,1916,0.17319050775124478,-0.06437202200287517,-0.023693406545536425,-0.06107732241493147,3.4802500000000003,-0.06314526154444766,-0.07823076973167742,0.13043478260869557
Sweden,1917,-0.20324367695351742,-0.3802318386864366,-0.24842897411127585,-0.37676538575785545,2.9615,-0.20194076022087804,-0.17006097688544086,0.2615384615384615
Sweden,1918,-0.4547203052093379,-0.06469303470432264,-0.04168323368851058,-0.07670796859250373,3.4760869565217387,-0.3254974994081926,-0.282755185768812,0.4695121951219512
Sweden,1919,-0.24505169588820386,0.30324792861465144,0.0584439733086588,0.2906327162068285,4.678333333333334,-0.03310075405060808,-0.049590226724967934,0.10373443983402497
Sweden,1920,-0.20133209943331476,-0.20902647210484027,-0.2778390147881434,-0.2089167986807391,5.121538461538462,-0.12247312404352806,0.034553506909921206,0.018796992481203034
Sweden,1921,-0.04300630618544188,0.08037613517218722,0.23094305113239913,0.07907869911175736,4.093846153846155,0.5426696006259226,0.2875565619995959,-0.18450184501845013
Sweden,1922,0.12384663906920212,0.3980108894273169,0.4154186551210919,0.39549217865900843,3.719166666666666,0.4477485756835211,0.2407228258721854,-0.16742081447963797
Sweden,1923,0.05474582304856912,1.2384127687763153,0.23933277319410998,1.230275344062545,3.7948913043478254,0.09379717142417521,0.09131034643485636,-0.05434782608695654
Sweden,1924,0.17915590107440948,0.12885628620588596,0.170033277820657,0.12923348457196648,3.710899999999998,0.014366855844855309,0.03999999910593033,0.0
Sweden,1925,0.13312946638818524,0.19925989921446918,0.1624651680850014,0.19880639760148555,3.7346000000000004,0.07889507155297171,0.021389831299498896,0.01724137931034475
Sweden,1926,0.1977630913780446,0.19630756578008723,0.16098159057767675,0.19631749892571881,3.7415000000000007,0.09603736033303689,0.07545614118377375,-0.03389830508474578
Sweden,1927,0.27892311613940635,0.26998794732538944,0.258669306192898,0.2700473833708228,3.7058695652173905,0.09379743044016631,0.052307691403042034,-0.011695906432748537
Sweden,1928,0.20412091806269528,0.3086735349854084,0.32590941128009404,0.30803427850574083,3.7361875000000007,0.019347308061973267,0.0258596479152029,0.01183431952662728
Sweden,1929,-0.0031370658959661846,-0.06043025189515561,-0.0739185593378908,-0.060079389451537124,3.709565217391306,0.11059190638895533,0.05958928686699694,-0.01754385964912275
Sweden,1930,-0.040533634247603256,-0.17163449953936327,-0.18537891796352263,-0.170713142254743,3.7291012000000006,0.17325657606124878,0.07437036876325243,-0.0357142857142857
Sweden,1931,-0.32411583252013865,-0.043156681609098246,-0.29123356330544886,-0.04579884186072081,5.367083333333333,-0.07847722007590496,0.07002547819902949,-0.030864197530864224
Sweden,1932,-0.2098262514798872,-0.004543864521104557,0.10832856494119905,-0.006635760146235903,5.5778,0.265848762277634,0.05200129182588675,-0.01273885350318471
Sweden,1933,0.2220119872432671,0.04270869257497201,0.38930058868200074,0.04384777315207544,3.7927272727272725,0.15493863574321698,0.05512913822239596,-0.02580645161290318
Sweden,1934,0.2876018830820133,0.16877692516808662,0.01610645948859131,0.16943620507307688,3.928695652173914,0.267630036724241,0.013289473240116756,0.0066225165562914245
Sweden,1935,0.08022286584300398,0.2419287687139986,0.26999421522518335,0.2407809412088442,3.94,-0.0821417335541017,0.0002580640777465337,0.019736842105263053
Sweden,1936,0.38163026540902,0.26511885640722155,0.260501830683967,0.26583980088848147,3.9609090909090896,0.11604023748522341,0.007006368985411404,0.012903225806451646
Sweden,1937,-0.036809816263776995,-0.26546160086744863,-0.23521595806399553,-0.26392952271490977,3.8876470588235286,0.01577392020435253,-0.011481481914718983,0.031847133757961776
Sweden,1938,0.06858054291118276,0.09037258928933922,0.05218335014090994,0.090188778047126,4.162608695652175,0.21745363311334076,0.0014545450156384643,0.0185185185185186
Sweden,1939,-0.22121159162591486,-0.017302334168716293,0.025472356980839304,-0.01904284302382131,4.2,-0.34460214306326475,-0.010000000433886713,0.030303030303030276
Sweden,1940,-0.017259593223043046,-0.16817812665399512,-0.08651948361147091,-0.16703894516788687,4.201,-0.061557596520438684,-0.09424352300367822,0.1352941176470588
Sweden,1941,0.09608834941093236,-0.0636757400976059,-0.05406473052912533,-0.06248909977820838,4.197,0.03619490543456916,-0.09448630150118376,0.13471502590673579
Sweden,1942,0.07239293345274067,0.04269538843731646,0.04010429620023253,0.04293113465291176,4.19,-0.039348513819277287,-0.040705127856479284,0.06849315068493156
Sweden,1943,0.11316521212141573,0.17909882016035983,0.10891285854777705,0.17857756143284642,4.19,0.013193202082147026,0.020638298243284225,0.004273504273504258
Sweden,1944,0.15834057171884774,0.14194608833711908,0.10059827962038556,0.14207158597972214,4.19,0.053714859737162834,0.029380342254462954,-0.004255319148936176
Sweden,1945,0.10543173980047782,0.21279869573545418,0.16885654359717783,0.21189268254711568,4.19,0.1143723108481951,0.024879828894854628,-0.004273504273504258
Sweden,1946,0.13771519472456384,-0.18554191568138179,-0.055484040340129596,-0.1830031015711031,3.9,0.022723114388620624,0.01564102519590116,0.0042918454935623185
Sweden,1947,-0.06308718322470963,0.05572051309535597,-0.10930169539069023,0.05465787874822037,4.45,-0.005854877121591828,-0.009626556450647805,0.029914529914529808
Sweden,1948,-0.09743702506609997,0.12943285994058895,-0.09974173093652944,0.1273036241688883,5.2,-0.041184060414339974,-0.03600000042249174,0.05809128630705396
Sweden,1949,0.13723432645201683,0.28386326718702026,0.07640914173329684,0.2825378484365064,6.5,0.050367221105261706,0.016015624554711394,0.0039215686274509665
Sweden,1950,0.26506602947528535,0.13774667481213299,0.18780720893657626,0.1390045630500305,6.12,-0.05678200721740723,0.009624615082374,0.015625
Sweden,1951,0.05335483817677744,0.05574976171297341,0.13373100742880306,0.055724361775774556,6.21,-0.11569354246909691,-0.11907894794191975,0.1692307692307693
Sweden,1952,-0.17044198330194682,0.00016647053819496271,0.08829157896427396,-0.001468524461995524,5.76,-0.08827244668650491,-0.03950920307928807,0.07236842105263164
Sweden,1953,0.17602913199764925,0.040157813178069546,0.06401182364397555,0.04124846582364605,5.56,0.011391674759002823,0.023719511528658366,0.006134969325153339
Sweden,1954,0.37429757262721197,0.44875535597180627,0.46442731230414286,0.4480962179700383,5.48,-0.028428723595359084,0.023757575091087446,0.0060975609756097615
Sweden,1955,-0.05216886455901959,0.17400313549151258,0.2550739574782325,0.17213083107453953,5.22,-0.06293251048938364,0.009371680232275859,0.027272727272727337
Sweden,1956,-0.02311970396072005,0.017405458324905254,0.02598291951163709,0.017154374016757012,5.32,-0.04385477948666994,-0.00937724675397178,0.05014749262536866
Sweden,1957,0.0378270311060771,-0.10862901740558628,-0.08856567822722658,-0.10776460374325614,5.28,-0.021162516908139417,0.0010107527737335253,0.04494382022471921
Sweden,1958,0.1731564262785863,0.249263668798142,0.2945365356328777,0.2487158719678917,5.17,0.011498991784054002,0.0035371141335398537,0.043010752688172005
Sweden,1959,0.471595616596739,0.23684186643740368,0.23147623337363088,0.2382630132826158,5.180999999,0.030551480324676916,0.03698209896112048,0.0077319587628865705
Sweden,1960,-0.002876265162112368,0.006000166400613072,0.02692043775968444,0.005939298595385889,5.179999999,-0.03239665633062916,0.006224571404571222,0.04092071611253201
Sweden,1961,0.00237978296802166,0.17774780317082484,0.17580434805724585,0.17655741879482933,5.184999999,0.011161520853280482,0.024837739801464087,0.02211302211302213
Sweden,1962,-0.09425204691536937,-0.12603846717787404,-0.1026846908359346,-0.12586009689945432,5.187999999,0.048315350068818486,-0.005321100490902619,0.04807692307692313
Sweden,1963,0.245395755980222,0.13623787067896553,0.13800335370347813,0.13690840770269164,5.199999999,-0.012944798062001661,0.017171491626110758,0.029816513761467878
Sweden,1964,0.1630841087123489,0.039858584450634726,0.06060081109289621,0.040641066124790015,5.147999999,-0.026699433104209414,0.025523759110893218,0.031180400890868487
Sweden,1965,0.050633268143974064,0.04390633320446491,0.06399586975255062,0.04395248936650753,5.179999999,-0.02580786938540014,0.010138603696098425,0.05183585313174954
Sweden,1966,-0.2501340074633358,-0.11728568018133367,-0.090358337008969,-0.11808390382216283,5.179999999,-0.014469565454016342,0.0016811200505506552,0.06570841889117052
Sweden,1967,0.03958302992913465,0.13927637459045306,0.18242787423076093,0.1387456355164809,5.164999999,0.04603874538507724,0.02358333104186605,0.040462427745664664
Sweden,1968,0.36687481143729883,0.1847390133125728,0.15858514828906217,0.18554290754435243,5.179999999,0.040234702711962056,0.03393829371881574,0.020370370370370372
Sweden,1969,0.02768204428334542,-0.0760271418600833,-0.09501299245752784,-0.07546878437190296,5.169999999,-0.033856763548049895,0.04651060360796455,0.02722323049001818
Sweden,1970,-0.24313001780470544,-0.06605052426025937,-0.056492299010541244,-0.06698417025369807,5.169999999,0.006515776175112675,0.005702482126961117,0.06890459363957602
Sweden,1971,0.18112770158510938,0.050698504714254966,0.09533182713003117,0.05130164271340831,4.864999999,0.0163968725846364,-0.018038461815852336,0.07438016528925617
Sweden,1972,0.08063811401151266,0.14729221515644864,0.1966796002298501,0.14698474409983175,4.742999999,0.004103135387852452,-0.004716981413229515,0.06000000000000005
Sweden,1973,-0.03116058472569294,-0.1450621280392963,-0.15449504820278728,-0.14459502981183048,4.587499999,0.009872900780771854,-0.011027211163725181,0.06676342525399126
Sweden,1974,-0.0764454607840277,-0.3911877270269586,-0.3397731447905513,-0.3896727862808508,4.080499999,-0.06764930699684535,-0.022122522041496562,0.0993197278911564
Sweden,1975,0.22385485922201642,0.2877140633317228,0.2142404905803525,0.28726198400695613,4.385499999,-0.07134340589250754,-0.029853440728773495,0.09777227722772275
Sweden,1976,-0.049990761781585014,-0.03624308060681225,0.06257368032237502,-0.03633174057754085,4.126499999,-0.040957459287605635,-0.01696118407248226,0.10372040586245768
Sweden,1977,-0.21378926105728935,0.08614586507279509,-0.06474424351007513,0.08450792458083511,4.669499999,-0.032336883663857674,-0.025490824885051167,0.11338100102145043
Sweden,1978,0.10251132523020101,-0.024103305740750258,0.02938699095197304,-0.023561247560790477,4.295499999,-0.0205522478868565,-0.028083333062629,0.10091743119266061
Sweden,1979,-0.03206515298290169,0.00995996202173055,0.05593614652433977,0.009757109829919619,4.146499999,-0.028732125903733308,0.021772938234438932,0.07166666666666677
Sweden,1980,0.1305867278518782,0.18504409855885462,0.12333034692650739,0.18480951195789808,4.372799999,-0.10546060965423865,-0.020756333903202306,0.13608087091757382
Sweden,1981,0.4576075186222899,0.106489563099458,-0.059400201911505315,0.10787904341739463,5.570999999,0.0010592899261376854,-0.003255494771313816,0.12114989733059556
Sweden,1982,0.29240381365685963,0.318473897116637,0.07396669690786019,0.3182965340974797,7.294499999,0.02968135247315007,0.024901572057581367,0.08547008547008539
Sweden,1983,0.5547751988340544,0.23525803429563363,0.20779059161531907,0.23798101926232396,8.000999999,0.06710485856312709,0.007410941477220545,0.08942632170978637
Sweden,1984,-0.1609624106059454,0.11034247326316327,0.08778005354703837,0.1073095593176494,8.9895,0.05535080949161508,0.025443357296188074,0.08002065049044926
Sweden,1985,0.19889019539816943,0.14700890371434094,0.2585741753468955,0.14752615250331913,7.6155,0.033856774294684255,0.04320569652218098,0.07361376673040154
Sweden,1986,0.473802234463486,0.19721017459410373,0.25145500535781096,0.19959555755712088,6.819,0.19761175129822006,0.045766769770321236,0.04229741763134465
Sweden,1987,-0.0977770751693332,0.04429686344508843,0.07647331323516744,0.04288679908955273,5.848,0.004498187614391025,0.04337602316050737,0.04228961982058954
Sweden,1988,0.4686925128667878,0.1438716063247789,0.13826722147809173,0.14673884222338818,6.157,0.10792979055555363,0.03477923977199593,0.05819672131147535
Sweden,1989,0.19401255037413234,0.14029044572983929,0.21856215920067718,0.14085579738215093,6.227,-0.04426925168054119,0.025659098331931807,0.064291247095275
Sweden,1990,-0.3604325845307512,-0.20220721528915409,-0.12944360708542915,-0.20385302825559437,5.698,0.036161672574258175,-0.004981425557683106,0.10480349344978168
Sweden,1991,-0.006741210966449418,-0.017346440089484938,0.052302019948633524,-0.017249300131461642,5.5295,0.16910871664922467,-0.012453872662202659,0.09321475625823461
Sweden,1992,0.0026207124751296274,0.24282473835441976,0.006536162376677403,0.24103900072187612,7.043,0.08795585867363154,0.053868042810412575,0.022898463392588164
Sweden,1993,0.49677634406955407,0.3308290234558948,0.14765320721280786,0.331988452431079,8.3035,0.2386360617714669,0.0028369450098169047,0.04653902798232701
Sweden,1994,0.04256628749620739,-0.08145234140972579,-0.02121624114169386,-0.08037813380946579,7.4615,-0.13481808557010688,0.024906933480010274,0.021953278919223163
Sweden,1995,0.17651638247747115,0.06009376595874749,0.1860457501261411,0.06118027714594931,6.6582,0.24105426844428557,0.03390457329752783,0.025337372624621324
Sweden,1996,0.41981683712113993,0.22936131407451232,0.19202287052716951,0.23105394334452733,6.871,0.21967867016792297,0.01897813270545834,0.004566210045662045
Sweden,1997,0.27237972474478656,0.3792132194783422,0.23298003624781538,0.3780357175573523,7.877,0.13237146732020877,0.018266723283190123,0.005347593582887722
Sweden,1998,0.13269256764291515,0.25380693700183476,0.1845119615784686,0.25246671683631505,8.061,0.21557302816662305,0.01987145460058426,-0.0015957446808511078
Sweden,1999,0.6894711128032092,0.2724303495977607,0.21306996255661997,0.2766294850371662,8.525,-0.059734044758522065,0.025810523205540337,0.004794885455514208
Sweden,2000,-0.11669841831235561,0.03627593728496881,-0.048223438243813845,0.03451402064213549,9.535,0.13304767955410468,0.029448103849172513,0.009809119830328727
Sweden,2001,-0.16871848338112228,-0.08782280747852234,-0.1621571370915149,-0.08867123933906162,10.6675,-0.020550322075740146,0.01517016712054886,0.02441585718036232
Sweden,2002,-0.37253785912439086,-0.3277797192241726,-0.22771209360364925,-0.328198489763341,8.825,0.09534545868590327,0.018735011137659408,0.021527421834956373
Sweden,2003,0.329258471015871,0.01861852541330644,0.174168608153838,0.021093927909812793,7.1892,0.01965639460579749,0.010802051893690212,0.019317611640742527
Sweden,2004,0.20905152160551932,0.079551621288525,0.1242646867993733,0.08059439625075915,6.6146,0.11828958176080073,0.01733581148921104,0.0036918533103618145
Sweden,2005,0.36365660187788973,0.2878152869183823,0.10294951988961108,0.28847887946453143,7.9584,0.09944058760131358,0.012449515925723409,0.004659146640510148
Sweden,2006,0.24099528457984687,0.043744899465328446,0.1555746166541476,0.04575496261866885,6.8644,-0.022163327984052517,0.009518030961823465,0.013668537954600879
Sweden,2007,-0.04906070338119739,0.0037614294865515596,0.03868853704581843,0.0031871514760415387,6.4136,-0.03202618112125766,0.01332123741388136,0.02191187093667235
Sweden,2008,-0.41288660558318224,-0.26975818763973014,-0.39576223043183706,-0.27116581114623994,7.8106,0.207905611307583,0.004493896812540088,0.034401508011310034
Sweden,2009,0.5266003792228191,0.1613872478170204,0.23517361917765023,0.16482809358545847,7.1165,-0.04846717469486117,0.006743585400056817,-0.0027334851936217097
Sweden,2010,0.2488651589251445,0.035031192389300525,0.09043122256497291,0.03741105258334776,6.7097,0.018258603478760405,-0.00765168758984669,0.012791228871630977
Sweden,2011,-0.15910616078219564,-0.022625958660132728,-0.048541349246525124,-0.024452158576035554,6.8877,0.1751124363613652,-0.009374559839348207,0.02616147947677039
Sweden,2012,0.1554830363892783,0.07528369037551053,0.12751353601741464,0.07633145876668723,6.5045,0.015202403555508504,0.003709513255778507,0.00879120879120876
Sweden,2013,0.2782070112155639,0.27879189945783156,0.29564809858822366,0.278785004054964,6.4238,-0.0728362425252368,0.009689952168084215,-0.0004357298474944038
Sweden,2014,0.15875779960353298,0.29959110315973514,0.10316498874203299,0.29796239441400374,7.7366,0.19023037534613785,0.0059624090160377285,-0.0017436791630339732
Sweden,2015,0.10239405717168548,0.11354585917828453,0.040817473397824836,0.11341758935325497,8.4408,0.00472861021478832,-0.0024560580132614307,-0.0004366812227074579
Sweden,2016,0.08602478690227855,0.09276771123488392,0.03547616553173398,0.09268359449991914,9.0622,0.051032941897220185,-0.01622018170019468,0.009829619921362998
Sweden,2017,0.08885108580740786,0.09129540713531781,0.16339172012029962,0.0912649491519697,8.208,0.00023802044918985743,-0.0244644815129621,0.01795370971230792
Sweden,2018,-0.05879999845660988,0.05828597625651244,-0.015521548058581271,0.05692713663074067,8.9562,0.010159648615570394,-0.025901156315131235,0.019549511262218378
Sweden,2019,0.3149309923886079,0.1765116086467331,0.13873276445245947,0.17811558689208207,9.2993,0.03901666034254059,-0.021742420966421094,0.01792413505627355
Sweden,2020,0.15990024630189814,-0.030213016382349744,0.061158249122171326,-0.02800293333374948,8.1772,0.01296477802188889,-0.006233374083129517,0.004914004914004844
Sweden,2021,0.36305186029936176,0.1250984454717481,0.1748032182702933,0.1279262714148106,7.630096555541338,-0.03673727046736808,-0.0215896425011054,0.021631969999999997
Sweden,2022,-0.2829919999524144,-0.06235727707274641,-0.1359743464777416,-0.06497834278319203,8.997607621438577,-0.13287242969966462,-0.06801414064801803,0.08369291000000001
Sweden,2023,0.09466245168370602,0.16873692446820954,0.15997904243386288,0.1678670728403855,9.43841593576683,-0.10979987079523112,-0.044701211093185145,0.08548625
Sweden,2024,0.05831690860539518,0.15544463019600885,0.16988584765626907,0.15432781086474456,9.391502333382935,0.011911922587240387,0.006558902682166634,0.02835037
Sweden,2025,0.11856875531700806,0.12964513237533115,0.17577258559719153,0.12953901325015194,8.72548917287056,0.0012990878557619379,0.01600714244789958,0.008359053
Switzerland,1901,0.018894261618576547,0.05176828663505639,0.06498179410433656,0.05114896106523403,5.17617,0.08628952339248497,0.025502591844318356,0.012674183420336549
Switzerland,1902,0.07789999859348473,0.04996443503924586,0.04824838405992072,0.05029001865343696,5.1852621,0.03312077908551725,0.030650311780752615,0.0062578806699455924
Switzerland,1903,0.05550043143241923,-0.05878973873566573,-0.05009155791400457,-0.057707688124119194,5.1774192,0.008857071156855634,0.016471903441211078,0.019900299864776816
Switzerland,1904,0.1426810771226883,0.18349782814969995,0.18105438066715465,0.18306733876326575,5.180187999999999,0.022632785141468048,0.0364999994635582,0.0
Switzerland,1905,0.03868125494883756,0.103832756519467,0.14067324884343405,0.1031246801335568,5.179064,-0.00040436697144685674,0.0022756678119104645,0.03414662527562262
Switzerland,1906,0.03865574332171118,0.08463491753674823,0.08686003060604341,0.08377460438725692,5.1914529,0.008523296009897319,0.008458760171607071,0.028301841812919726
Switzerland,1907,-0.09712263883056416,-0.14828503241448177,-0.14562500263771233,-0.14762775226944191,5.1906876,-0.03336212700856611,0.009069973174185675,0.028669989567636556
Switzerland,1908,0.07667112633650786,0.1610582346882765,0.18633293244753854,0.15978378987239616,5.1701745,0.012662152196234233,0.025777253931591693,0.013377902301648259
Switzerland,1909,0.09771760561925213,0.13301682328137132,0.15754070238520748,0.13250346280621295,5.1681672,0.029987615164803083,0.022625031324206013,0.016501620806097517
Switzerland,1910,0.020029223761106163,-0.046128609353095706,-0.03761609801823288,-0.04523177403591083,5.193867200000001,-0.03242786184813973,-0.0025980583978253424,0.042207718332834654
Switzerland,1911,0.01333432485564634,0.02728018944804389,0.040857075685809124,0.027061551716685672,5.1986561,-0.0049796691294118345,0.01525234748289761,0.023883376773430776
Switzerland,1912,-0.027778447545309892,0.029273145795578825,0.040598182218778076,0.028371501868430293,5.199355499999999,-0.040719720728639386,0.0033659965659671442,0.0365111062815997
Switzerland,1913,0.06935610878808074,-0.019990511058388005,-0.04650382553240927,-0.018556566486150672,5.1978524,0.05612719880329653,0.06441325440917067,-0.02152665413905641
Switzerland,1914,0.04160924985888603,-0.07460903594120705,-0.05342177727975912,-0.07278184936887722,5.114616,0.0031562440426082805,0.023083684661052706,0.01800078921747783
Switzerland,1916,-0.19159740365321565,-0.07896592378650868,-0.020116814863304508,-0.07882055789894615,5.2202,-0.22981552659689353,-0.22238766370406304,0.3399993168796651
Switzerland,1917,-0.23371074737664532,-0.34028228095765234,-0.2477674878025319,-0.3385877840998973,4.7687,-0.20574423955412102,-0.1834621812267896,0.2761197037992511
Switzerland,1918,-0.11938779050788795,-0.11000581428827838,-0.053206298070684055,-0.11017602639271173,4.3793,-0.16298384150928158,-0.12655866887221712,0.19298224425483834
Switzerland,1919,-0.14484616977838805,0.17553661176046798,0.05492881329616378,0.16997550684655027,5.2679,-0.08013406481258989,-0.04248644670060653,0.08823524830874674
Switzerland,1920,-0.1605990883585462,-0.1808680467431133,-0.2783879374774163,-0.1805859355435122,5.9161,-0.053353654663173655,0.033687342936636666,0.009009163735351988
Switzerland,1921,-0.027809052143849322,0.20400208535059927,0.23145720658873636,0.2009667008809528,5.7624,0.3495002725474634,0.1709600654027139,-0.10714290780141844
Switzerland,1922,0.5512617850090966,0.4183270603675089,0.4113396652144813,0.4196574860252109,5.2452,0.48448332985713205,0.2725608138299962,-0.17999989673758288
Switzerland,1923,0.14259107410907745,1.1932848801461828,0.23909950351295786,1.1820089146916213,5.5371,-0.0005320432246662676,0.039500001817941666,0.0
Switzerland,1924,0.08768781879752519,0.11091253903633658,0.17119343556900413,0.11060890057888151,5.4876,0.006387673584249409,0.010201390089055629,0.030487595192001837
Switzerland,1925,0.1821010333856723,0.14894953581052284,0.16203107316017384,0.14933427225901874,5.1742,0.08642168579260434,0.049711167298771786,-0.0059170262677613605
Switzerland,1926,0.2619705533198706,0.1964215680205883,0.1599971246179595,0.19721573960305627,5.1779,0.09373458040711502,0.08059274338865197,-0.03571442080378251
Switzerland,1927,0.2767530648893841,0.28663795779897816,0.25854346538445355,0.2864965113857587,5.1916,0.06407476726496286,0.055024701976365664,-0.012345400556224573
Switzerland,1928,0.20362124130388382,0.30632915032683483,0.3270368575990881,0.3047711781716298,5.1922,0.04091081886326409,0.0355280966312288,0.006249857269523984
Switzerland,1929,-0.061824049800634384,-0.07100487954502332,-0.07363097607168745,-0.07089144514002266,5.1869,0.04743756353855133,0.041999999433755875,0.0
Switzerland,1930,-0.03764247860301506,-0.19576285960957018,-0.18628771925287188,-0.19371328973964752,5.1594,0.07887295325461441,0.06076590012272454,-0.018633610854147498
Switzerland,1931,-0.2636198736371338,-0.3248522906149618,-0.29200161550775044,-0.32386239502918024,5.1544,0.11580109930190718,0.09072650704165941,-0.050632771389372166
Switzerland,1932,0.14304203455397402,0.023591399192405937,0.10447021368534479,0.025499819093968146,5.1533,0.13974916436395501,0.11978297056765275,-0.08000029654844087
Switzerland,1933,0.15394046660626404,0.23232897351988746,0.3924034200560829,0.2309596456189047,4.0265,0.09271552608526679,0.08491527868973692,-0.05072465019417838
Switzerland,1934,-0.05808812793180029,-0.11527594114062456,0.01869243578614052,-0.11447180915901667,3.0896,0.05001812629660041,0.04636637146661471,-0.015266833050771367
Switzerland,1935,-0.10632446936533146,0.27167940914789,0.27396549996479796,0.26639305240761413,3.0772,0.04582553563456626,0.03820625691368695,-0.007751761372102872
Switzerland,1936,0.501703704768379,0.35024184580582274,0.25873918038152244,0.35180790572284537,3.3125,0.038121267379764845,0.0141870211514874,0.015624641234581294
Switzerland,1937,0.02277538724855188,-0.0343518658626516,-0.23730367475550684,-0.0336012806513889,4.3596,-0.012065651154662071,-0.02285706306978985,0.053846158546309475
Switzerland,1938,0.017958728596568108,0.040458947695230396,0.05295409085523785,0.04005232520179436,4.3723,0.05638665333390236,0.02645833045244217,0.0
Switzerland,1939,-0.17101904145598779,0.012736260119162068,0.026596002753018495,0.009733478240522508,4.4396,0.0099502929396178,0.01740716910876916,0.007299105020374341
Switzerland,1940,-0.05299289629509252,-0.1431053746643005,-0.08650279760563151,-0.14174437950370689,4.4099,-0.06994202564524721,-0.062399830376455134,0.09420308624600748
Switzerland,1941,0.16860894916176905,-0.10101778993751409,-0.05616745356613377,-0.09715771871761558,4.3086,-0.07926999045417094,-0.10940391943249328,0.15231811768864723
Switzerland,1942,-0.04049531454427435,0.005071330831271981,0.04169703601159578,0.004330429781088663,4.3,-0.06752672518422376,-0.0758765115830271,0.10919519240952891
Switzerland,1943,-0.06446691277392436,0.12724480943156302,0.11144401674924372,0.12452293379059287,4.297,-0.017289390475705102,-0.02558774150437093,0.051813533344418294
Switzerland,1944,0.030342467227819636,0.1090252238341558,0.10191185348974986,0.1080670338750116,4.29,0.004835312468115749,0.00014927906436335014,0.024630374174614778
Switzerland,1945,0.14941219069083522,0.19579809620898492,0.16855957317127157,0.1952209473816402,4.29,0.01624141037566651,0.014874750600448738,0.009615549855245487
Switzerland,1946,0.08624509511292788,-0.25706896382873623,-0.05558397973810749,-0.2531541027354872,3.6,0.04348567843885576,0.03403983618512618,-0.009523971631205663
Switzerland,1947,0.0531141297882356,0.049292208901958956,-0.11120535876431217,0.049346100505522905,4.14,-0.01268936694798295,-0.019316900254973346,0.043269401517087136
Switzerland,1948,-0.08168035107006189,-0.046299230383381684,-0.10002198358509715,-0.04688156441472968,3.99,-0.007948501430812938,-0.008598648833982092,0.03215849919926783
Switzerland,1949,0.14979486416171817,0.11844018708349946,0.0756022908107352,0.11901353062074915,4.3,0.05219512513279034,0.031918615362987346,-0.007980556989894083
Switzerland,1950,0.11404867993496581,0.24747254529674834,0.1899585448948652,0.24503284895438582,4.29,0.07403943912025146,0.03921025796794675,-0.015470332204238102
Switzerland,1951,0.14083904271332748,0.18064102889846567,0.13274393874896492,0.17997913013350986,4.36,-0.03931263420107867,-0.023544147658333237,0.04776882377355296
Switzerland,1952,0.05705456560416389,0.10633797637807652,0.08636031495384924,0.10541596562259237,4.28,-0.0033260731889989126,-0.0020271606232771244,0.025194905292108327
Switzerland,1953,0.11191201304414733,0.09457440467649869,0.06399952563873235,0.0949042298979259,4.29,0.04536085228465403,0.029744453621671108,-0.006436337723835117
Switzerland,1954,0.2525760741060219,0.4686217644132389,0.4678353286191571,0.4644005080539313,4.28,0.02430865184701836,0.015920514481603698,0.00706697550732116
Switzerland,1955,0.05006514917286098,0.2559191353865842,0.2560983110679785,0.2523544569634515,4.28,0.005380294661410323,0.013698534466550782,0.00935662438533269
Switzerland,1956,0.006040127072067802,0.03294249503976676,0.02598444286149523,0.03253007470429625,4.28,0.005768564968128498,0.00811399248871103,0.015063779651429465
Switzerland,1957,-0.11979311589982944,-0.078037087125431,-0.08733833048621202,-0.07865639021902715,4.28,-0.01145897761336101,0.004751732515357432,0.01959681926773249
Switzerland,1958,0.20548430244653915,0.31636703736488325,0.29503094702423255,0.31467300197277437,4.307999999,0.009510514676312587,0.009920710590882509,0.018380273377176737
Switzerland,1959,0.3003598211272447,0.25707780241484723,0.2320317032905488,0.2576467357872392,4.322999999,0.07217213103853015,0.034095984610799546,-0.006459085051341851
Switzerland,1960,0.42411800137617406,0.02272428959880113,0.021266449592374503,0.028154233418868024,4.304999999,0.04345854907645563,0.012534472460502544,0.014385216964103886
Switzerland,1961,0.46683375502984004,0.1776643960768387,0.16948997337491237,0.18266034962309652,4.315999999,0.017857345992122742,0.008669641905944214,0.01845370063436569
Switzerland,1962,-0.21118612672871173,-0.11975238165923763,-0.10035623550112376,-0.12163429948308202,4.318999999,-0.019202387650766206,-0.014992403854395375,0.04315608787770775
Switzerland,1963,-0.0347784981605731,0.13096028183634556,0.14158330774459,0.12821591965242152,4.314999999,-0.021567632689978855,-0.006337512964739722,0.03439717595193281
Switzerland,1964,-0.09713762689658412,0.05363656170359099,0.06349917256668398,0.05152696419848235,4.314999999,-0.009680206993658902,-0.001071913905066224,0.030813272668675173
Switzerland,1965,-0.10070301136200255,0.05793429005754569,0.06595162820781303,0.055985342945626515,4.317999999,0.011491904027887356,-0.002186982308547636,0.03414498594178883
Switzerland,1966,-0.16101768769397817,-0.10051698919895025,-0.09063095489738722,-0.10110784139853257,4.326999999,-0.024001459445482487,-0.013873624708899968,0.04776124621920719
Switzerland,1967,0.41500399566952595,0.1392243234001227,0.1794706069461533,0.14179649927654348,4.324999999,0.014745394081504326,-0.00432432727911547,0.04021490116990112
Switzerland,1968,0.36208515520117457,0.16960963257429307,0.15747963235380824,0.17151443566625568,4.301999999,0.03453309367530322,0.011637434145620462,0.024123499762094047
Switzerland,1969,0.019468681389020137,-0.06916171426901319,-0.09570780802442455,-0.0681187166905205,4.317999999,-0.02050452669916858,0.03669658453052982,0.024890036153784934
Switzerland,1970,-0.13767935197106518,-0.03672446790246664,-0.05649464981678501,-0.03794522083581875,4.315999999,0.0005389796317893936,0.0302459893505862,0.03616030901038103
Switzerland,1971,0.08376620733461215,0.020991818021671937,0.09585256308969818,0.021635820205385903,3.914999999,0.034681489196784376,-0.05088542025652598,0.0657301253297986
Switzerland,1972,0.1319044129939011,0.12704592782650548,0.196816244891461,0.12709622056316094,3.773999999,-0.026574134534233074,-0.03722281189316001,0.06660192363871431
Switzerland,1973,-0.2643914466196938,-0.25422978271342656,-0.15288520867005342,-0.2543303965037781,3.243999999,-0.08326754479834175,-0.04703278197627381,0.08755052838582866
Switzerland,1974,-0.39087197777335236,-0.4626481496091507,-0.3379830700450468,-0.4619389140954162,2.539999999,-0.07189003967086138,-0.03458910495944045,0.09766733157350527
Switzerland,1975,0.37545930814863837,0.2700271725498875,0.2126003154456636,0.2711330568816226,2.619999999,0.07053628309610915,-0.036987777330048655,0.06696465077280611
Switzerland,1976,0.0606559400222062,0.038724010053227564,0.06186237320346012,0.038989981702393095,2.4495,0.12133064225464363,-0.002023895578572854,0.01715862326650952
Switzerland,1977,0.06720109422307519,-0.14248645267738558,-0.0672745144075085,-0.13981016925184064,1.999999999,0.06856857401546712,0.011697049171518703,0.01285261405208038
Switzerland,1978,-0.015512307757944765,-0.06411638315794721,0.03043025622605302,-0.0633438733787145,1.619999999,0.06530372517884087,-0.003916666017093284,0.010558018212471154
Switzerland,1979,0.07025020174328778,0.05460932701126375,0.0552795524764188,0.0548515234841338,1.579999999,-0.05540818265464431,-0.02552857987394097,0.03647643826703573
Switzerland,1980,0.019656756738828385,0.375184100575469,0.12503626106322765,0.369534179243429,1.763499999,-0.016863068486522415,-0.016642622778294536,0.04022032821781729
Switzerland,1981,-0.1727431327440131,-0.06474981574326533,-0.05567457470979644,-0.06629927716244499,1.798499999,-0.0431717648755503,-0.033393336306831056,0.06490230689600196
Switzerland,1982,0.07193577437788834,0.1481353117675479,0.07550123476631593,0.1471000487138001,1.994499999,0.047892197126741864,-0.041007970927824045,0.05655205636272265
Switzerland,1983,0.23625715000841563,0.30588102923367644,0.21039184480743456,0.30492325269598464,2.179499999,0.0030718141996401993,-0.01091951347286868,0.02967690326109862
Switzerland,1984,0.01559421957741347,0.22949557424523492,0.08592249821159142,0.22668789103232423,2.585,0.003354000924738809,0.0041343431749538695,0.02915180068816081
Switzerland,1985,0.5598677889729591,0.12333057143001525,0.25377348857160675,0.12932846537687204,2.076499999,0.0246620074862407,-0.012736278064446105,0.03442472110828976
Switzerland,1986,0.08893047721524816,0.08350560786671934,0.25628005111078866,0.0835998578972883,1.6235,0.06372835573202296,0.02106687577685995,0.007524604829468373
Switzerland,1987,-0.28516756024071466,-0.012013039359088706,0.0807491298765925,-0.016495904393554195,1.278,0.030603197544417426,-0.008723605916304833,0.01447487928236768
Switzerland,1988,0.21353508210197325,0.33312626900095155,0.14026964976724848,0.3316338923672575,1.504,0.01026480839020949,0.029605101481911866,0.018594407411534286
Switzerland,1989,0.18831499376386462,0.1967796256340355,0.21868577737658734,0.19667316710836302,1.5465,-0.10883393120953133,0.06328348856908717,0.031592241214886574
Switzerland,1990,-0.2345620317817778,-0.236117167647117,-0.13054328301464851,-0.2360976870662157,1.2955,-0.048553116715276734,0.03167971108637002,0.054106218067169864
Switzerland,1991,0.11172996618597963,0.09418870788312894,0.05098769440925734,0.09441208386726929,1.3555,0.02820678687478595,0.016235201002404276,0.058440999999999965
Switzerland,1992,0.1305815162070325,0.02761251586679858,0.004989771544622781,0.028856491343117963,1.456,0.09602167279881657,0.02231890402950598,0.040526585799302905
Switzerland,1993,0.4596712275598267,0.15861064832535732,0.14565052839805703,0.16286923152586041,1.4795,0.1440177976628758,0.007812900355777197,0.033177885767831095
Switzerland,1994,-0.08391733868428852,-0.08058561023763211,-0.01960255940429064,-0.08064058505701066,1.3115,-0.03059057186834857,0.026353517737020438,0.008424468043969568
Switzerland,1995,0.20870555109691669,0.04816164795472999,0.18560250368034556,0.05062378763204789,1.1505,0.1350830223941526,-0.0006029674499548054,0.018113889610287703
Switzerland,1996,0.1733670135111065,0.3945717402268214,0.19437471784036886,0.391124514980701,1.3464,0.04253647271648742,0.006820451244941461,0.008124138131747616
Switzerland,1997,0.5438748661722566,0.2955267184627608,0.22840358922759724,0.29947129025172314,1.4553,0.08318481449187565,0.004786557254658597,0.005188606957549746
Switzerland,1998,0.1534413978474487,0.15559146742933683,0.18457392753467125,0.1555475865130458,1.3765,0.11411883584999671,0.008563286008175464,0.0001851287189091888
Switzerland,1999,0.10795494967713015,0.40414258664194436,0.22010695633703403,0.3982264258267667,1.5996,-0.05873034075153605,0.002835761720247243,0.008078828460994059
Switzerland,2000,0.10190023440303642,-0.06218989151127896,-0.051867485480407816,-0.059142839622398635,1.6365,0.0306289805494131,0.019084204628125656,0.015617743311695964
Switzerland,2001,-0.2279184194715015,-0.1514701954584985,-0.1607832395463245,-0.15311304247560154,1.6773,0.027976715758963433,0.006534523520416169,0.009900779513575042
Switzerland,2002,-0.26423375222714207,-0.31958639685432455,-0.22836315230134863,-0.3185000796885522,1.3868,0.1301600676509238,-0.002000129767446013,0.006412956488774713
Switzerland,2003,0.21292165523300755,0.1307659464743669,0.17467260875957843,0.1323379346529916,1.2369,-0.008843441646684935,-0.0054271041211628734,0.006361629330459584
Switzerland,2004,0.0604174257809027,0.07005525941941926,0.12613635932767178,0.06988089838476497,1.1316,0.052528370214782294,-0.0024858382364949527,0.008005739179255844
Switzerland,2005,0.34036267113741747,0.2333103558141869,0.10117011544224908,0.23512767297173132,1.3143,0.05268266529017107,-0.005364659277438899,0.011727573722808415
Switzerland,2006,0.19397171711628491,0.12776818792555522,0.15568208042087348,0.12908744405254646,1.2203,-0.03168557829514329,0.008674453562724116,0.010633308865508617
Switzerland,2007,-0.007826090818118692,0.004875353981332875,0.038708557243469596,0.004609498344171126,1.1255,-0.021134202747329467,0.012563914676543941,0.007343817776477524
Switzerland,2008,-0.3561015931616913,-0.43029368858963,-0.39674922523516604,-0.42879957188367757,1.0637,0.08318484369352874,-0.02361086876004337,0.0242842407794992
Switzerland,2009,0.2377442438219457,0.2411705819634753,0.23792318347897215,0.24109600313077206,1.0305,0.047528098148167386,0.005316050085752755,-0.004790583082398103
Switzerland,2010,0.02215839341245185,0.008865648778083823,0.09368938086195137,0.009143443693058861,0.9396,0.045121152861214986,-0.006432399955398571,0.006876633200385118
Switzerland,2011,-0.07931305849416259,-0.024597229308509827,-0.04943143200429149,-0.025676382117761576,0.9409,0.11607069220095378,-0.001579454506640765,0.0022830604718324654
Switzerland,2012,0.185440191656697,0.12671173983870299,0.12670626917432004,0.12788430639992043,0.9166,0.04912548174426057,0.006777901510733875,-0.006930924382836268
Switzerland,2013,0.24869475493408055,0.2618172926474722,0.2963631021931059,0.26156385640858515,0.8915,-0.03838257704077541,0.0022614012313086906,-0.002156524466750409
Switzerland,2014,0.13014470867723027,0.19495153601512505,0.10331354101934204,0.19375746272988237,0.9891,0.09719694265338119,-0.01988446076489092,-0.00011788282447233733
Switzerland,2015,0.03860873465389503,0.03492122632724981,0.041582319228858376,0.034991393063174,0.9921,0.054133132328461064,0.0014326889025313427,-0.011416332625953207
Switzerland,2016,-0.003572528438546163,0.0583263176303086,0.03690075667180517,0.05711198373964854,1.016,0.0019326410346778289,-0.004677326945151439,-0.0043429866232037595
Switzerland,2017,0.1941350902377259,0.17067183325431845,0.16188791013355575,0.1710901928850055,0.9753,6.700038122775531e-05,-0.01524886069162712,0.005330139242401444
Switzerland,2018,-0.09901794651750073,-0.011311468306432482,-0.01522889409854393,-0.01214355501539277,0.9847,-0.0008436004163282496,-0.018668657545662937,0.009343080312437468
Switzerland,2019,0.2943257164145894,0.12997452490861705,0.13929164864724647,0.13154650955887437,0.9682,0.022823194843825778,-0.013562383226074282,0.003611361900131893
Switzerland,2020,0.04760144498330665,0.017403143033015267,0.06244754654382064,0.017690790167922854,0.8806,-0.001793090699146016,-0.0012530446212520863,-0.0072560475300770255
Switzerland,2021,0.1989514820344478,0.19628109561891294,0.17682419588575102,0.19630717660958474,0.8579994829508036,-0.03439375312967874,-0.013097091263243543,0.005818141999999999
Switzerland,2022,-0.07792263800400034,-0.1276062244560373,-0.13830949113319824,-0.12712191977957155,0.8962976187177778,-0.11738394334855429,-0.029294097143630737,0.02835028
Switzerland,2023,0.006474857415115887,0.11470002597760298,0.1607212366990731,0.11364112940883953,0.8435977998768119,0.05070958652643531,-0.006014927184747609,0.02135401
Switzerland,2024,0.1407257088068914,0.15612945150174107,0.16886713368111153,0.15598828352934646,0.826107829906586,0.04588125056540582,0.0012909730019552423,0.01131472
Switzerland,2025,0.10161042076751681,0.15411855469793068,0.1757795910338257,0.15368937060640464,0.7798482763250719,0.01700492008162713,-0.0021155113124988745,0.008729184
UK,1872,0.015377270970440504,0.08531562233274448,0.11324674614873832,0.04793257295520248,0.1837,-0.02940189435636842,-0.007640877932509116,0.04699999999999971
UK,1873,0.018137729769187816,-0.07294434451762222,-0.05480929559948001,-0.051208506359400885,0.1803,0.01256648405562566,0.013482056348562033,0.030999999999999917
UK,1874,0.06690796294404655,0.08190172267747964,0.05489443423789808,0.07832738246905402,0.1845,0.06363247929770788,0.06938986537251868,-0.03299999999999992
UK,1875,0.09612640225073155,0.05517726670991663,0.09682021145992369,0.06468486935712603,0.1789,0.07777652223418885,0.04892966275793609,-0.01900000000000024
UK,1876,0.07161484755867109,0.012755577376120986,-0.010598397064269238,0.026384652292326116,0.1844,0.036398142665893696,0.02196589725067777,-0.0030000000000001137
UK,1877,0.09637463380923084,0.047742812894564945,0.04221893231977835,0.07424461048365694,0.197,0.05191124950170756,0.030614299461440675,-0.007000000000000006
UK,1878,0.02781186000289737,0.12821317012614597,0.1298225284432895,0.10472249248483867,0.2045,0.0459928017239144,0.055521471521118304,-0.02200000000000013
UK,1879,0.2097280301060136,0.3716857424067783,0.3252332181121616,0.3345035647341288,0.206,0.11252736596382795,0.0644351463437578,-0.04399999999999993
UK,1880,0.10495145459776967,0.17960631098168345,0.1911807662954194,0.15099659106270158,0.2064,0.014494559573895893,-0.00660194203402209,0.029999999999999805
UK,1881,0.1797775603883549,0.16426932099835656,0.15687903348843865,0.1677100980908366,0.207,0.04724401485690932,0.04004044473713653,-0.01100000000000001
UK,1882,0.005544554036442273,-0.04303877999834915,-0.027206467062697845,-0.03229916670037203,0.2053,0.035323875522849324,0.023564354913069296,0.010000000000000231
UK,1883,0.008140703607070199,0.02481726030606568,0.02609165401191006,0.021159227292636862,0.2062,0.03181748833488607,0.035477387620576506,-0.0050000000000003375
UK,1884,0.0626927010508258,0.0788388931761459,0.05512471087113677,0.07065888992772251,0.206,0.046463470036912424,0.05241521090299717,-0.026999999999999913
UK,1885,0.061443300898542,0.15067242270940984,0.13626475411234043,0.1315417080304595,0.2059,0.06901809112312862,0.052886597120884726,-0.029999999999999916
UK,1886,0.043191058485488654,0.10939767582128757,0.10926810652030083,0.09537551132950584,0.2057,0.051829268444117726,0.03790650325940881,-0.016000000000000125
UK,1887,0.0368844222782847,0.012221039934033673,0.002768833785749122,0.01714125844709935,0.2061,0.04702617505087958,0.029145728852880914,-0.0050000000000002265
UK,1888,0.12820259094711806,0.06157448032085844,0.06981668040528988,0.07490793707897092,0.2053,0.0018367005850614682,0.016683218022207402,0.006999999999999895
UK,1889,0.07712031909699979,0.09125521072042964,0.09653435215518907,0.08383280383445224,0.2054,0.023695420260730238,0.012721894349337015,0.014000000000000012
UK,1890,0.04011975957485947,-0.043095119730642284,-0.04991619276983306,-0.02571772790898763,0.2057,0.009811651883665284,0.0345309392777744,0.002000000000000224
UK,1891,-0.011022841063991096,0.05565788132233185,0.06088498335638377,0.041953494393602186,0.2057,0.01797874968835611,0.01916583915275294,0.006999999999999895
UK,1892,0.0002988049263261683,0.05307522108076945,0.08876906259766298,0.042402346134144286,0.2052,0.04699312779770426,0.010258964066248932,0.0040000000000000036
UK,1893,0.006143000377820229,-0.038827499390703735,-0.006490700885850104,-0.030264575427957685,0.2056,0.042599869518721745,0.028499495676997055,-0.006999999999999895
UK,1894,0.1301020426409587,0.08738988743810427,0.08860586676983224,0.09554960010217006,0.205,0.10170263416913095,0.030306122740920927,-0.02000000000000013
UK,1895,0.13454545387113903,0.09856305838539381,0.10084013977360153,0.10574550605463107,0.2046,0.07193143304550254,0.01818181856563572,-0.009999999999999787
UK,1896,0.1254764323607609,0.0939366188255577,0.07403090740634946,0.1001243777717793,0.2053,0.07175657299600369,0.01775325995420607,-0.0029999999999998916
UK,1897,0.0525123165746042,0.07095907231001775,0.08354392425162961,0.06724335225293498,0.2056,0.022859358141575026,0.0027586202609715116,0.014999999999999902
UK,1898,0.04925224737655132,0.11999246058652191,0.1196243299208126,0.10606870337820062,0.2063,-0.00022769812958778335,0.023529411283352397,0.0029999999999998916
UK,1899,0.03942403253519333,0.06550442583623872,0.06846132906198328,0.056303865183106705,0.2056,-0.06996632403626546,0.024627608599468997,0.006999999999999673
UK,1900,0.04148430017830651,0.04073743951617059,0.07388402899514612,0.04097409946257424,0.2056,-0.052664632337446005,-0.013701235817002666,0.050999999999999934
UK,1901,0.043880593717394945,0.06619000862073254,0.06852199037588845,0.06219875470967584,0.2052,-0.020941505458817455,0.02646766017325497,0.004999999999999893
UK,1902,0.05889999866485596,0.05441625576341713,0.04521398303865502,0.05552358923599021,0.2053,0.019486257806420326,0.02969999983906746,0.0
UK,1903,0.012649401962994578,-0.05762897612786444,-0.06986894763072596,-0.03993375839811142,0.2056,-0.03150471817865319,0.02998007949723669,0.0040000000000000036
UK,1904,0.11342685106760975,0.20849025289640277,0.20442591723798298,0.18365206720882488,0.2054,0.04354461934977394,0.028857714606669083,-0.0019999999999998908
UK,1905,0.10498008381323043,0.14821609275927283,0.15081906580920212,0.13760088731249054,0.2056,0.03170316354686986,0.021513943578973738,0.0040000000000000036
UK,1906,0.09630001336336136,0.11813041408045266,0.08388945963926259,0.11449166521812715,0.2061,-0.010845726355910301,0.039900001138448715,0.0
UK,1907,-0.013438733872541575,-0.1691322640485905,-0.18233042254816054,-0.13472080092840555,0.2058,-0.011727628730520023,0.032312253394381374,0.01200000000000001
UK,1908,0.040479841072167844,0.2154552674714043,0.2317672878340202,0.17238039854544107,0.2055,0.0307913470031016,0.0181094524427432,0.0050000000000001155
UK,1909,0.10507647492992356,0.15469418017865655,0.17044921975840288,0.14423631872607467,0.2052,0.013114099478840346,0.017810945487141128,0.004999999999999893
UK,1910,0.0057655010811756835,-0.022102394555138516,-0.04690115953229123,-0.016775833058199296,0.2056,-0.02186541180278656,0.022398412759287556,0.008999999999999897
UK,1911,0.015020692562842441,0.05883391319681652,0.046765762945246425,0.05008346421805787,0.2057,0.0012487511519903016,0.028071928929377377,0.001000000000000112
UK,1912,0.004293221003800696,0.04100039256119281,0.04822178853626102,0.03372704569530671,0.2055,-0.02179905267667448,0.006019419258080472,0.03000000000000025
UK,1913,-0.03409935937947528,-0.036501695492729636,-0.0473057452996085,-0.03601757094060476,0.2054,-0.009210986635052931,0.047891564667225106,-0.004000000000000115
UK,1914,0.0023671033051437806,-0.06290670197517878,-0.06528039769904082,-0.050022536937862516,0.2028,0.04782536042968166,0.03219659063019753,-0.0030000000000001137
UK,1915,-0.08799999952316262,0.07056285867619705,0.11686561781719708,0.037058683339942,0.2102,-0.0808888872464496,-0.07857777674992861,0.12499999999999978
UK,1916,-0.17418148232959896,-0.05290645664277294,0.011728535475124847,-0.07423210112744594,0.2098,-0.3251365791630888,-0.10922946564531466,0.18100000000000027
UK,1917,-0.12531858982559974,-0.29345769335366934,-0.2760438781872489,-0.261665107998848,0.2099,-0.17680723443865398,-0.16301917034787494,0.252
UK,1918,-0.010047597474739045,-0.06611000728962624,-0.0686113294113297,-0.05251235386603792,0.2099,-0.07543671424271614,-0.1510655730962751,0.21999999999999975
UK,1919,-0.004944989780855891,0.04954821159215084,0.07273278182918037,0.034625569031447645,0.2259,-0.16826760384518935,-0.06012715668596014,0.1010000000000002
UK,1920,-0.3183678806964404,-0.20003797760640607,-0.263071375328102,-0.22930589649133049,0.2729,-0.1970427101881499,-0.07963604793804768,0.15399999999999991
UK,1921,0.08594982273452745,0.16351413504959011,0.2675168370504832,0.14665940744897776,0.2598,0.27423318261912377,0.14420131337981745,-0.08599999999999974
UK,1922,0.46790697824123306,0.25008939188680834,0.39940778322360493,0.2924839917506752,0.2258,0.3484557354172997,0.19267441765513538,-0.14000000000000012
UK,1923,0.07353723191834494,1.4049965656902117,0.281126003833474,1.128798599498681,0.2186,0.10874536268888613,0.09170212786882459,-0.05999999999999983
UK,1924,0.21018871259833372,0.2025751665354496,0.15720812314516652,0.2044280291768792,0.2264,0.08108811328058141,0.04118831838365744,-0.006999999999999784
UK,1925,0.1477924712514831,0.09193921061518529,0.1667357281596123,0.10512390131126259,0.2071,0.00013823364513121383,0.03778663952115302,0.0029999999999998916
UK,1926,0.07451061898421885,0.1802829455514563,0.1875792037998169,0.1556364781373376,0.2058,0.037050921079372356,0.05352822556010195,-0.00800000000000023
UK,1927,0.11248106008670367,0.34604481199617076,0.29690438815720616,0.2977924460775967,0.2057,0.09804106387691403,0.06813524635966672,-0.02399999999999991
UK,1928,0.1681900429749561,0.3470023065030121,0.35880632018345404,0.3154440280860684,0.2055,0.06249876701485069,0.04463390012083934,-0.0030000000000000027
UK,1929,-0.13454906851444182,-0.04604119578297383,-0.06237197872838855,-0.05966876459522985,0.2059,-0.007027977786198791,0.06215943496835963,-0.009000000000000119
UK,1930,-0.021195235505025667,-0.209963636908006,-0.2122602449385873,-0.18239970921765458,0.2057,0.16402033425162355,0.05432098838711452,-0.027999999999999914
UK,1931,-0.16542711489626616,-0.30183795032894756,-0.3151914372732535,-0.28029789589633747,0.2205,0.0392446116648435,0.08244514157032135,-0.04299999999999993
UK,1932,0.3781167582075209,0.21916168884336074,0.030869055178335603,0.25313522680197176,0.2852,0.4406383894307413,0.04199178627782052,-0.026000000000000023
UK,1933,0.2707772214760942,0.2614396175401723,0.43447356004593524,0.2640770063166189,0.236,0.05379092239749084,0.027477017591447828,-0.02100000000000002
UK,1934,0.14047059416770935,-0.11511170932813364,-0.029619917473678783,-0.04413862582599315,0.1985,0.2769678235054016,0.007300000172108412,0.0
UK,1935,0.1319845115771483,0.36210651034464014,0.33410010449251126,0.28758400894539715,0.204,-0.037924186579046726,-0.001489573018671253,0.006999999999999673
UK,1936,0.18368640616018217,0.2774066450112971,0.2947226492787799,0.24915516046933317,0.2012,-0.004285789049547906,-0.0011916584645093042,0.007000000000000117
UK,1937,-0.15902681173162259,-0.2834597221276699,-0.2642794407432517,-0.24752829621231565,0.2023,-0.12188981787609643,-0.02746615106351602,0.03400000000000003
UK,1938,-0.11210486504036632,0.09875212449577675,0.12882122559119447,0.03180018623759562,0.2045,-0.03721735614725952,-0.009744094604054565,0.016000000000000236
UK,1939,-0.009463825563860384,0.10206844728248599,0.034165497277191155,0.0744629218414905,0.2255,-0.01795689585520832,-0.014396887229110478,0.028000000000000025
UK,1940,-0.1856975519187647,-0.020222625189606602,-0.051490817918735096,-0.06276785456590595,0.2611,-0.007391092711932168,-0.13501712311799208,0.16800000000000015
UK,1941,0.10770156775140571,-0.15103061066769385,-0.10557737922522478,-0.08718684005424104,0.248,-0.002126882706738664,-0.08835740107706747,0.1080000000000001
UK,1942,0.10585411556628577,0.015604026281699657,0.014166052425478068,0.04138776715798298,0.2478,-0.04052916667263262,-0.056956115988344935,0.07099999999999995
UK,1943,0.07388782028533969,0.1748925197647253,0.12389841282463726,0.14469460123625333,0.2478,-0.037700102212379516,-0.023210831937637733,0.03400000000000003
UK,1944,0.0949367078741199,0.11197309328430838,0.10333766451207503,0.10731422287287917,0.2478,0.029454723015035933,-0.016553067403619615,0.026999999999999913
UK,1945,0.03561807757221769,0.23101210597426092,0.2212937511706489,0.17526708794090706,0.2481,0.11687606642682269,-0.018482490649251226,0.028000000000000025
UK,1946,0.14191319905474398,0.1509840187968985,-0.1182195546302121,0.14874352343713637,0.3333333333333333,0.07430652231989732,-0.025218234831967612,0.030999999999999917
UK,1947,-0.0895039567323489,0.13319003914780692,-0.11697851929768778,0.06761545218238396,0.4,-0.19938950616622642,-0.06065420543548661,0.07000000000000006
UK,1948,-0.10562565012341196,-0.2640192007904264,-0.09730226056628027,-0.21800786465337785,0.33003300330033003,-0.06502349411129615,-0.0667595170064722,0.07699999999999996
UK,1949,-0.0826910216694674,0.4072285311474275,0.13557875381219409,0.2756528947906205,0.42016806722689076,-0.11415115984497348,-0.02217898831307752,0.027999999999999803
UK,1950,0.06773530906501768,0.13009077422747262,0.22187667652277776,0.11661728843473806,0.3968253968253968,0.0014018661048977865,-0.03270346906631727,0.03918495297805635
UK,1951,-0.0075217318176235,0.22148727439410565,0.16746830590458475,0.17621976232475145,0.41841004184100417,-0.17178857239944811,-0.07785228234078145,0.09049773755656121
UK,1952,-0.09752588198651235,-0.05082330392143719,0.12490357716207655,-0.05903118682967001,0.37735849056603776,-0.10244046824635034,-0.07636750010773563,0.10650069156293251
UK,1953,0.20077737134098284,0.0031943769657947207,0.04192885794417034,0.03178060610887301,0.3717472118959108,0.09877941548033409,-0.012786489703543236,0.036250000000000115
UK,1954,0.4528661877760347,0.4499734024815567,0.4658449081912721,0.4504672014678941,0.3731343283582089,0.03687402865199263,-0.00490672228954514,0.022919179734619988
UK,1955,0.055125286415905306,0.21610470219640132,0.29117617625402914,0.18974956509021723,0.36900369003690037,-0.14456029840056184,-0.012570144485276491,0.050707547169811074
UK,1956,-0.1362345717060146,-0.013416301783069629,0.05169293921554603,-0.030417670600585978,0.3589890868606365,-0.07744291834056127,-0.0020229458260243582,0.05162738496071828
UK,1957,-0.04612559643033254,-0.12802005212944156,-0.09317001457851944,-0.11870624722537715,0.34972371838487926,-0.09772285433890016,0.009321375628445372,0.03842049092849509
UK,1958,0.4360978269910478,0.30328939746739736,0.27430504819234336,0.31917937138639774,0.3568242641772789,0.13753593853720414,0.01635244829983984,0.02877697841726623
UK,1959,0.5393956995531246,0.19759453532635085,0.1908341077280703,0.23887383387678485,0.3571428572704081,0.0038151866502043053,0.02764031624693364,0.005994005994006235
UK,1960,0.010364474440589744,0.042672511342919606,0.02973143159697942,0.03764234735188943,0.35665882029982837,-0.0783536664958071,0.040632808626872574,0.00794438927507457
UK,1961,-0.013931115881276823,0.1921890460988045,0.20723137393709887,0.1618023980314809,0.3561126741768857,-0.1084272701662915,0.018292937349556615,0.0325123152709359
UK,1962,-0.03665600901114785,-0.1326995341740983,-0.11314855293860832,-0.1195017644328884,0.3568242641772789,0.1974912759585259,-0.00027325834000935245,0.041984732824427384
UK,1963,0.17336804038206033,0.1414172050649638,0.13221521021247942,0.14642326973965036,0.35757705798382927,0.01496253745972842,0.01531515609255818,0.021062271062270987
UK,1964,-0.08368505586058461,0.07941614785902162,0.08993314239623655,0.052471982743086176,0.3584100929566718,-0.05418907854541,0.013187226943742747,0.03228699551569525
UK,1965,0.06634703059991232,0.03808674339353035,0.06351392163372344,0.04197961054828525,0.3567860711990817,0.0012998190553239475,0.015853415060167686,0.042571676802779956
UK,1966,-0.07539090714775598,-0.09475130012380928,-0.09373337992288072,-0.09220225224601064,0.35839724763758773,0.002066234986369375,0.020384615717025767,0.040000000000000036
UK,1967,0.31245618329900204,0.3529995209475789,0.16158669327546077,0.34760320635551434,0.41557578041623067,0.0010345630044101828,0.0348815047255131,0.022435897435897356
UK,1968,0.42499680993425804,0.1290888795577716,0.11632160490459334,0.17048564356837126,0.41939271951828244,-0.060883507076384236,0.029165634780156324,0.03996865203761768
UK,1969,-0.16228961556039756,-0.09131205273575516,-0.08278875602215142,-0.10163597266451818,0.4165451744976653,-0.05179231341882862,0.023101793335254417,0.051996985681989294
UK,1970,-0.09392102974609173,-0.05563531768637642,-0.05155133025051279,-0.06098922004719831,0.4177632954913997,-0.028783166085864287,0.0047069301561930565,0.06518624641833837
UK,1971,0.33986833675111394,-0.01878233780655314,0.05840651797956026,0.028775014417603995,0.3917727719458463,0.15987804581507947,-0.03504941761768421,0.09414929388029569
UK,1972,0.08567236664645161,0.292872024387534,0.21353675733238806,0.2646881848145983,0.42587624054592066,-0.105610658346308,-0.015590367567460683,0.07191149354640447
UK,1973,-0.3415498115907618,-0.09476280420978256,-0.12485051339267787,-0.12794734035584732,0.43044077153514154,-0.1658348045739192,0.00030791897016113623,0.09346330275229353
UK,1974,-0.5696518080613707,-0.32907994418839825,-0.31029627658430914,-0.3552462953779205,0.4258037046735379,-0.2721773704752751,-0.0376000934945927,0.15731515469323543
UK,1975,1.0342776659584465,0.19046917496252447,0.1591023574952474,0.24369674739407587,0.49419322979698205,0.10941426924799869,-0.10204113561225359,0.2270049841413686
UK,1976,-0.11526135551014083,0.19320699019247867,0.0819986210680611,0.1616957416947722,0.5874060153826398,-0.015344842145573745,-0.03897126225485792,0.15657311669128493
UK,1977,0.29247365474700926,-0.2103056141291031,-0.09606797340271879,-0.17082543325401656,0.5246589719436826,0.2663333356380464,-0.06335799977183332,0.14942528735632177
UK,1978,0.01110698040464042,0.019581800682667794,0.03199431103792772,0.018650927105857695,0.4915212585360144,-0.09348833731176576,0.009656244329963704,0.07472222222222236
UK,1979,0.000978529544918505,-0.08829692747713547,0.0616801718232529,-0.07922431384474604,0.44964028797196054,-0.06454774954183995,0.014613595161561799,0.11372447660894291
UK,1980,0.17089032329820153,0.02006190559921328,0.11868074649493614,0.033584454004518705,0.41928721191584367,0.034483427021927415,-0.0002981086668107924,0.15154328150382912
UK,1981,0.01625627052057732,0.09648437791189446,-0.06386424687107958,0.08996563451632444,0.5241090149497426,-0.016303804510345965,0.010466408341714972,0.11809754131398598
UK,1982,0.18851923111797575,0.1952559149402291,0.06417914709979866,0.19464511438430043,0.6193868074446496,0.42004195103131714,0.030237142638827486,0.08111031002162972
UK,1983,0.227228790587912,0.31241166340203463,0.20898154924043658,0.3041670020696814,0.6893699163721011,0.027572082948089882,0.04436100966823542,0.04934978326108719
UK,1984,0.26200429471626907,0.2825327077577926,0.06625797213140343,0.28056725042121733,0.8646779082271318,-0.004814158349602415,0.048360562919934624,0.04258023514458209
UK,1985,0.1450053426954485,0.10490627161208765,0.273342435279597,0.10970655235008642,0.6922810665920949,0.1429258010269685,0.06364444126317559,0.04922279792746087
UK,1986,0.23122436059117812,0.33455277186667676,0.2559087642643353,0.3239363163919662,0.678195998643608,0.08916357783812767,0.06788150072286303,0.03326071169208422
UK,1987,0.05276802369730538,-0.042467722880181524,0.07734005080167371,-0.032405623990355625,0.5343307507347048,0.14237861760271153,0.05837948575262719,0.032049479898791366
UK,1988,0.07444893010498577,0.15816004489352342,0.1495067450230155,0.1488777031179962,0.5526388505111909,0.02996593272280723,0.058219477708382206,0.03759193680196127
UK,1989,0.2872601646622832,0.28559752431739116,0.21098847623200928,0.28575699064417215,0.6228589224540642,0.0282447087626454,0.07642140254439656,0.052375951693357736
UK,1990,-0.1550252864097329,-0.26181229872770684,-0.12942658948074326,-0.25171834385295044,0.5186721991701245,0.011574947790402579,0.06653396775355258,0.069726830485219
UK,1991,0.12342989778239466,0.054069679309323826,0.043703629525046896,0.06107960551636338,0.5345592558935158,0.10182748785041684,0.03057072101097469,0.07532649253731338
UK,1992,0.14988442148879555,0.18626477136888364,-0.009071820847646794,0.18269923089815943,0.6613756613756614,0.1511078821236551,0.04487226292514168,0.04261548471047538
UK,1993,0.24429255119198334,0.16894335960256224,0.1381188321395894,0.17744076723765412,0.6751282743721306,0.19788144479275904,0.026373933722921183,0.025065002600104025
UK,1994,-0.07774323380986137,-0.02098486807383948,-0.01288898174252722,-0.027789121237276837,0.64,-0.12151131218623745,0.031099791124014065,0.0197849025974024
UK,1995,0.19837571456840686,0.19723554214888095,0.1843361890509634,0.19736715599162746,0.6451612903225806,0.14518006914119286,0.03578486977523143,0.026564520943189285
UK,1996,0.1309529642025058,0.06055904196711959,0.20182073059766065,0.06828046065837645,0.5889281507656066,0.052383525173191225,0.03300469980688647,0.024003084273058306
UK,1997,0.2135290210839893,0.21910962555117286,0.2356997268940791,0.21853435742525606,0.6046680372475511,0.14667238519794523,0.045719733839246324,0.018246062710850275
UK,1998,0.11930754370670082,0.20530697036611123,0.191620846636221,0.19617070082645083,0.6011421701232341,0.19311267378155494,0.051818996668856476,0.015573975192950451
UK,1999,0.22175662413390507,0.23305524110806353,0.21742717903283873,0.2319079795097041,0.6186587478346943,-0.054044034756311254,0.03662624036757145,0.01328710306726344
UK,2000,-0.06683520820096156,0.011963777319063063,-0.04693832095231758,0.00375079366835096,0.6701514542286557,0.08926901242993468,0.04964007286631289,0.007964563930879853
UK,2001,-0.14277223671824013,-0.152995594989617,-0.16445562126683078,-0.15194434285158587,0.689464975179261,0.01700370410680474,0.03483518495985383,0.012335119951847107
UK,2002,-0.23226768739190673,-0.26614115749635114,-0.22871748186914675,-0.2628051010533594,0.6204243702692642,0.08838472765892802,0.02568748877137428,0.012589129587851966
UK,2003,0.18561407752968928,0.13338676558451668,0.17432856537246227,0.1383658843515223,0.5603182607721185,0.007397021837709961,0.021688759935658775,0.013615926630131003
UK,2004,0.11102325946275937,0.07127846377078084,0.1263109400052115,0.074823338599326,0.5177591384487936,0.05224341280384803,0.030554265085873666,0.013435230404932774
UK,2005,0.19191899945569513,0.18161491149854725,0.09723623682345174,0.1824849225601166,0.5807538184563563,0.06314585944090156,0.024428089375563955,0.020569437639501142
UK,2006,0.13781992105290408,0.04519101538955517,0.15828317748126378,0.053511301909490605,0.5094243504839531,-0.02766280161462331,0.022684616943392077,0.02328712465674254
UK,2007,0.026960451783330397,0.052887521758013145,0.03873042213384199,0.0506937648918937,0.49915144254766897,0.03795129299517597,0.031343524389349176,0.023228416234869487
UK,2008,-0.3219340464426441,-0.16567539752679872,-0.4027281543998461,-0.1788220232050478,0.6859651529702291,0.1194089004463681,0.00693119017367283,0.036019155331397545
UK,2009,0.2621891094966369,0.10885762984560277,0.23539122698860102,0.1233226320772789,0.617474529175671,-0.036036428163766954,-0.016006610261213527,0.021653204511010493
UK,2010,0.10513020971315101,0.11721038314892085,0.09077174788572494,0.11601337429919267,0.638773554774832,0.06602578360855227,-0.027088297346047896,0.03298171575771702
UK,2011,-0.07553777685261986,-0.052515401382127846,-0.04726771945498092,-0.05475742258162386,0.646788694133627,0.13348353916845568,-0.03813471595395701,0.04463693294069393
UK,2012,0.09061084492234395,0.09609394844002028,0.13211907411264748,0.09553384102244933,0.633713561470215,0.009923314944111361,-0.024460615481551873,0.02828242099093714
UK,2013,0.17523965048826007,0.21273260666153848,0.3079479557906572,0.20919954052758816,0.60723828030119,-0.08474538073771742,-0.022062138793991326,0.02564798821532066
UK,2014,-0.0026177932777952106,0.13006727159853515,0.11371377212247175,0.11876887491547672,0.640697078421322,0.13931820518883176,-0.010654646295390924,0.014610314088341791
UK,2015,0.010593388351745059,0.0791797987703553,0.04407239288312894,0.07396261938540505,0.674809366354005,0.007272233813872431,0.00399740331166476,0.0004009937308258049
UK,2016,0.14653668681702925,0.2366795248634923,0.027168137185653387,0.2299294055767369,0.812875955129247,0.06424486219300118,-0.004542694552691184,0.006596661169451679
UK,2017,0.1107108057880124,0.08541293449928311,0.16667548345887803,0.08731716466999773,0.740110276431188,0.010164081644060241,-0.02227555988315466,0.026999999999999913
UK,2018,-0.11756097543530342,0.03653514775076827,-0.008121491101955794,0.02540829018342472,0.787680674254657,-0.0026046099459251515,-0.01756292682926819,0.02499999999999991
UK,2019,0.16286836637729274,0.09270572131374233,0.1390705019174924,0.09772962600621726,0.762107990702283,0.038508815416418374,-0.010709233791748485,0.018000000000000016
UK,2020,-0.1024777042145062,0.09017738699028399,0.07498421022669216,0.07641389262994669,0.745156482861401,0.0480914741193339,-0.008529236868186185,0.008999999999999897
UK,2021,0.14723140852068628,0.12083995699304872,0.17920638649893111,0.12262777724075757,0.6948676912367595,-0.07423196610162053,-0.024311091215122538,0.02582376
UK,2022,-0.034469354293866106,-0.12621350951376853,-0.14543638041837553,-0.11983455242991414,0.7762065811871903,-0.3004358533773829,-0.06574024787214883,0.09053559
UK,2023,-0.002375912455017337,0.12486958225211686,0.17155323427732555,0.11584085374552111,0.7690392623413413,-0.03486857794486775,-0.022931175383989144,0.0730187
UK,2024,0.06757312510492319,0.13591410935934745,0.1761132573626831,0.13120666268774483,0.7477303713334467,-0.03836975745637994,0.02371765148589766,0.026198990000000002
UK,2025,0.22935402686840445,0.143760832537964,0.17174561931503035,0.14909377687795566,0.7256062085592487,0.020223082724180053,0.017770729936692042,0.0265082
USA,1873,-0.04356537771742408,0.03687554763985523,-0.035438538173217835,0.017448688318809857,1.0,0.08853022517863418,0.08212019896479905,-0.02044153720359776
USA,1874,0.15807012409876475,0.04240113811479085,0.024752888896538754,0.0710373825176811,1.0,0.11618198342601738,0.11412528372816011,-0.04858096828046754
USA,1875,0.0675992038968678,0.1334814425423776,0.10562122942632707,0.11795245183414127,1.0,0.11018631630496589,0.10015297620780284,-0.03649763116336202
USA,1876,-0.09144533165229651,0.0500808411773912,0.04023024291303422,0.01591063531722492,1.0,0.01078424219925811,0.08469250701378939,-0.02276452376616267
USA,1877,-0.016282281171248747,0.022214885226349734,0.07173095576811159,0.022214885226349734,1.0,0.01277649738473774,0.08517790571470618,-0.02320163995527391
USA,1878,0.17286432514753214,0.06629232855559875,0.08366630683752536,0.09292278406584642,1.0,0.10752566104177697,0.10258940276574613,-0.0476962701516741
USA,1879,0.4840579628944397,0.19224103276658377,0.2354576601757319,0.26649570831384306,1.0,0.05479337275028229,0.05000000074505806,0.0
USA,1880,0.20954721938459397,0.13188650430682358,0.13724942761896627,0.1543217703634585,1.0,0.10020298402668004,0.02434769934896064,0.02504257237303409
USA,1881,0.08390411734580994,0.17995471709888977,0.1947878626117352,0.15151785139731033,1.0,0.021617650985717773,0.03999999910593033,0.0
USA,1882,0.024958403781056404,-0.031053873487289496,-0.03876726323652329,-0.014528917593992996,1.0,0.06539476662874222,0.03999999910593033,0.0
USA,1883,-0.013100072709684052,0.046273133906554076,0.0374593433689733,0.02829977484396573,1.0,0.0689362272086591,0.05714910011433272,-0.016222026776116616
USA,1884,-0.10703800801858276,0.06931752831114357,0.05895881514621302,0.06931752831114357,1.0,0.047921828131182176,0.0664846685341145,-0.024833614780967572
USA,1885,0.2750160458322364,0.04738665958326149,0.052006090195409437,0.11701665818282558,1.0,0.06923455045162963,0.05788830082094276,-0.016909442803300423
USA,1886,0.15689123948227035,0.08584355063850846,0.06809683175860537,0.10758851497895261,1.0,0.06670555210521845,0.06765663135531685,-0.02590405139363805
USA,1887,-0.02984197282392209,0.014099003488591055,0.025861376450874687,0.0012514523619029383,1.0,0.004952189856150424,0.030898354238174885,0.00882884799489414
USA,1888,0.018975332379341125,0.11495013363753825,0.10764722112158279,0.08665024604383698,1.0,0.0546826496720314,0.03999999910593033,0.0
USA,1889,0.10688191099494748,0.12808909779958033,0.08633980263230225,0.12808909779958033,1.0,0.03942117252436028,0.06804114688907892,-0.02625474483340373
USA,1890,-0.0772994252699859,0.02214385765653404,-0.011743310405289396,-0.0072404862084725075,1.0,0.0013229903838150037,0.059153064815093526,-0.018083378451543175
USA,1891,0.2239130437374115,-0.023370927559628107,-0.02781761284632629,0.049247168854357204,1.0,0.01893402636051178,0.03999999910593033,0.0
USA,1892,0.0628465786576271,0.043198371564585614,0.07434433074502869,0.04912208211594837,1.0,0.012937572784721851,0.03999999910593033,0.0
USA,1893,-0.14645239427876466,0.02448851598981361,0.06261551256025216,-0.030048128450294143,1.0,0.03895734381977545,0.049607122080420174,-0.009153065725628462
USA,1894,0.07232366517044397,0.15390419218509388,0.10713712558156412,0.12905554563448685,1.0,0.10653855965151782,0.09048897093789021,-0.04629938786866972
USA,1895,0.06955682839362609,0.13844517108832588,0.12306278370521602,0.11849587963016561,1.0,0.027153835284503547,0.06054504252513593,-0.01937215544404247
USA,1896,0.018518518656492233,0.12646390386429984,0.11349251313102383,0.09308422478825973,1.0,0.048862989991903305,0.03999999910593033,0.0
USA,1897,0.18004266172378802,0.0553686775424016,0.033555644655803116,0.09259341533761156,1.0,0.06051233701281622,0.050501261267836606,-0.009996429846483412
USA,1898,0.23157894611358643,0.04759599180431073,0.04781568165212384,0.10562263010567952,1.0,0.029604105278849602,0.03999999910593033,0.0
USA,1899,0.10265486687421799,0.05264860852276154,0.03976769173664859,0.06731953209623431,1.0,0.052182797342538834,0.03500000014901161,0.0
USA,1900,0.1791238446175647,0.032010584119717356,0.0021124705838536624,0.08312704672546012,1.0,0.03260609882483734,0.02465369525641181,0.010097367472051921
USA,1901,0.1920105606078708,0.0015185680663727386,0.008663864272195818,0.05912919526745597,1.0,-0.010933117400361625,0.029827951035485745,0.009877424729263451
USA,1902,0.0438780698719623,0.04551610269515649,0.052343797543763344,0.04479054852583264,1.0,0.00958180112277529,0.029926478283688107,0.00978081546075904
USA,1903,-0.16474128082058348,0.014187238781135925,0.04227863793097593,-0.06478481214777476,1.0,-0.013768741225460235,0.005659938913355367,0.02917493289765427
USA,1904,0.29074410444710996,0.09312176767515234,0.10842263274654104,0.17141026640061097,1.0,0.001598590509235942,0.025349921513607487,0.009411497902256372
USA,1905,0.2076232167264338,0.11219828146700905,0.09132668801959655,0.15177914665750802,1.0,0.03229101804047141,0.04978795691586235,-0.009323747472477883
USA,1906,0.05354440048975517,0.11025004885459144,0.10229492588034257,0.09124735645551985,1.0,0.010583218487273172,0.015878130363287113,0.018822995804512743
USA,1907,-0.3191256840049478,-0.04812843528730004,-0.019067301654423736,-0.16186606276582527,1.0,-0.06757748664477925,-0.006020636957048797,0.04629938786866994
USA,1908,0.4611119024806496,0.059105719645567545,0.03359479349323897,0.20117229755231336,1.0,0.055804469297238146,0.05869409762802946,-0.01765769598978839
USA,1909,0.21127267165604957,0.14457410644576907,0.11649365465474977,0.17284777491521885,1.0,0.0314764200012807,0.059153064815093304,-0.018083378451542953
USA,1910,-0.11626981396443337,-0.0003049466452320626,0.029989456740823834,-0.05328791034800795,1.0,-0.009461358701790656,-0.010398565863429354,0.045875606528451796
USA,1911,0.058563537895679474,0.044567808198825,0.026596015139348478,0.05062254449915393,1.0,0.034620750695466995,0.03500000014901161,0.0
USA,1912,0.054529511487064974,0.026641752346814318,0.02856979084005636,0.03840261366433384,1.0,-0.005989779549254282,0.008417916726240593,0.02636018557570652
USA,1913,-0.10691478003004573,-0.02061294413320891,-0.002364898927724963,-0.05551298706805463,1.0,-0.007838656969857527,0.017645454691967766,0.017053626463940708
USA,1914,-0.04324626673012977,-0.0547336470207751,-0.057339463082240597,-0.05032251059062198,1.0,0.00075786678120493,0.02465000014752139,0.010101010101010166
USA,1915,0.33494982624998193,-0.049804972730639774,-0.12117235626365024,0.11447343220510309,1.0,0.03455940169273042,0.02475247539506098,0.010000000000000009
USA,1916,0.012619520409391516,0.017401531626507927,-0.05431151849554981,0.015018876023765948,1.0,-0.04283774985906186,-0.040963302614218655,0.07920792079207928
USA,1917,-0.3491629471536726,-0.09046747071012218,-0.1558210449269726,-0.21319466667421794,1.0,-0.16041243237850722,-0.1143750007613562,0.17431192660550465
USA,1918,0.05586286885848901,-0.08675380991515613,-0.15106922275710466,-0.020134630329274983,1.0,-0.12579113284483656,-0.11841059678437693,0.1796875
USA,1919,0.04408429046242213,-0.18953555210196438,0.05841688702211798,-0.07615826490742961,1.0,-0.0948511343341687,-0.0922543360404886,0.14569536423841067
USA,1920,-0.29015694558620453,-0.4302191474572392,-0.2644388524945038,-0.36318006836123284,1.0,-0.16194234303198762,-0.1004000007733703,0.1560693641618498
USA,1921,0.274825873987635,0.18718909487924718,0.18330324288753633,0.23004779781457652,1.0,0.25484174356780276,0.16201117218539718,-0.1050000000000002
USA,1922,0.35407302581838174,0.3698417287868183,0.46200048355240714,0.3626445464351007,1.0,0.1375034255463452,0.10809523714262803,-0.06145251396648033
USA,1923,0.016025255646621828,1.9781711991826105,0.4453892028104697,1.0307168652574266,1.0,0.01780518052870761,0.021754385086527828,0.017857142857143016
USA,1924,0.2526315748691559,0.05127533718043553,0.08278272411136198,0.15479218819708218,1.0,0.06484314799308777,0.03999999910593033,0.0
USA,1925,0.2560517270224436,0.11073320876615989,0.06679017620528718,0.18403977074483024,1.0,0.011434104698044845,0.01622857055493765,0.023391812865497075
USA,1926,0.12518250605480818,0.16025366396928886,0.20720112953086597,0.14059752539137094,1.0,0.041022417172368764,0.02824858668665442,0.011428571428571344
USA,1927,0.3746708842187094,0.17958994225888625,0.11048994301306662,0.2891105315938074,1.0,0.055107553585850066,0.057931033573274116,-0.016949152542372947
USA,1928,0.39868573034018784,0.2401598182639617,0.21333455319292893,0.33580521722108614,1.0,0.03170606474343085,0.05783505580927173,-0.01724137931034464
USA,1929,-0.03369330242276192,-0.1330832951192562,-0.14279784309800883,-0.06994207743662406,1.0,0.03400000184774399,0.040735989809036255,0.0
USA,1930,-0.21098271387065948,-0.13762647775005443,-0.13444845229673574,-0.1854664142146727,1.0,0.06842639071944956,0.06527083766406894,-0.023391812865497186
USA,1931,-0.34404796656025083,-0.20610053020686725,-0.19913280446465967,-0.2940673135985682,1.0,0.04252809545907543,0.14427125397579466,-0.08982035928143717
USA,1932,-0.037741728942759734,0.1533277976761087,0.2843674477165483,0.04698145429244227,1.0,0.30215522668657524,0.1479759079261418,-0.09868421052631582
USA,1933,0.6085833884202516,0.5482599130083259,0.19997422471758272,0.5760535023061195,1.0,0.04959279249350601,0.0862968596271596,-0.05109489051094884
USA,1934,-0.05515052503280671,0.2596341777254969,0.09012293829039712,0.10251614570692635,1.0,0.07566885149745817,-0.0028597100345945092,0.03076923076923066
USA,1935,0.42701517404430955,0.07781266627780759,0.14047741933199195,0.23401267293960837,1.0,0.023477626379823757,0.0004759546994725916,0.022388059701492713
USA,1936,0.3438782685523407,0.17399487955924675,0.18220819287153334,0.25705365446781525,1.0,0.05532878514030837,0.004658413997335131,0.014598540145985606
USA,1937,-0.3312084772106674,-0.16760658594650468,-0.12750955039421166,-0.25304383899612615,1.0,-0.033361338751597525,-0.017003805311914144,0.03597122302158273
USA,1938,0.22330771608555566,-0.07577804949090694,-0.08811613317230647,0.0590958340422012,1.0,0.08317968946822152,0.039676384088841,-0.02083333333333337
USA,1939,0.038369303167187896,-0.00755226651972285,0.007435163978861204,0.01609806987490403,1.0,0.07273644602877627,0.030896637615539957,-0.014184397163120477
USA,1940,-0.10105093472770277,-0.008409806141545961,-0.06594664013183507,-0.06132239307247156,1.0,0.054781722782978104,0.0072665774263442895,0.007194244604316502
USA,1941,-0.14349025204068144,0.20767292513662938,0.058244315161529066,0.014115790309201959,1.0,-0.036738816648721695,-0.034680209699131215,0.050000000000000044
USA,1942,0.04082276557852138,-0.022548980497953286,0.039965515780052856,0.006658237711907322,1.0,-0.08012269978965725,-0.08723624581413958,0.10884353741496611
USA,1943,0.19655001318523646,0.047404404083849716,0.035944816876438544,0.11519721087607282,1.0,-0.03519075124852933,-0.048585703542639136,0.06134969325153383
USA,1944,0.17646302037279704,0.0596627451059919,0.026223317015984474,0.11782741643208672,1.0,0.007528409457087992,-0.008155516650400818,0.017341040462427904
USA,1945,0.3427650451660156,-0.03315135061300367,-0.059871155161011005,0.1798977950116838,1.0,0.08334791925218377,-0.013291578657097292,0.022727272727272707
USA,1946,-0.15628744776432324,-0.2363348787137166,0.11667239449522444,-0.18629374606130855,1.0,-0.07796316353890753,-0.06823392498951686,0.08333333333333326
USA,1947,-0.08279218665019294,-0.2561191926142974,-0.13614468940203472,-0.16757113565824233,1.0,-0.15123382992541323,-0.11674979084376003,0.14358974358974375
USA,1948,-0.0039012074933244545,-0.10349869855866478,-0.20239064581582933,-0.05198095135793157,1.0,-0.04192946686227306,-0.060327981371767425,0.07672214344354056
USA,1949,0.17545245757798433,-0.13427072893408598,-0.050188759543266404,0.04025676408967671,1.0,0.07210923321807217,0.020806983432346327,-0.009807998890968395
USA,1950,0.2694433512450294,0.13131181264749614,0.06160708450044003,0.21569387716505672,1.0,-0.0112594872849765,0.00042680876585943217,0.010640159602394172
USA,1951,0.16425398947552527,0.05929067107843089,0.0758551266902881,0.12699933220785997,1.0,-0.10808717544516622,-0.06251513973730394,0.07941125541125515
USA,1952,0.1463877995310343,0.09509139995905458,-0.028952783251577824,0.12866618799075513,1.0,-0.011333081902120679,-0.009430111421171894,0.022843942505133663
USA,1953,0.0016133766427675056,0.22827805991212125,0.19156552425766987,0.07714469031087345,1.0,0.02819500499952987,0.006570557410350952,0.007590966122961174
USA,1954,0.4651078793619292,0.4864020197328578,0.4610552326050111,0.472876168909087,1.0,0.06284436212029942,0.011527380161749923,0.003611232177324064
USA,1955,0.34776507212314534,0.12936500768693482,0.08916442179802384,0.26733515006881814,1.0,-0.009618100357524306,0.018874244995518152,-0.0025746014020719965
USA,1956,0.04650851688351332,0.006655912700874733,-0.014305878564695023,0.03285841334076567,1.0,-0.07099612533645194,0.00386779639470225,0.014741097807494885
USA,1957,-0.1227844380675327,-0.02815274949845492,-0.017269609121199833,-0.09142606037089884,1.0,0.04212230670722783,-0.00945125296679905,0.033926874865916945
USA,1958,0.3333005940167395,0.22845407326261613,0.22539311060722259,0.29478726355447904,1.0,-0.0765438797404634,-0.0017094638117031158,0.02730021342186406
USA,1959,0.12783232548488677,0.4333993697988969,0.43120516741183834,0.23369000070121282,1.0,-0.034633489403492534,0.019145280532027575,0.009319906512393006
USA,1960,-0.019875119909145256,0.10329016338241748,0.09094508682374637,0.031906254401475875,1.0,0.11474352653453312,0.014378498547133134,0.014922813036020388
USA,1961,0.28483912145258894,0.07080066104852456,0.03949093143762987,0.18869168516674195,1.0,0.0005052556917024553,0.020000807212866123,0.010703622331136309
USA,1962,-0.10765110932613964,-0.07696325150141081,-0.09548220708678849,-0.09500733172146136,1.0,0.06418165549391297,0.023664238933907455,0.011760771417423488
USA,1963,0.2053265281872858,0.08772674554218796,0.053723481615410996,0.15361509342554336,1.0,-0.018575072608142174,0.02506569959750249,0.012560599382988036
USA,1964,0.1504899174757537,-0.04488604373560723,-0.06554284679561477,0.06978444634306635,1.0,0.03655507928388113,0.025752919793436302,0.013220892274210971
USA,1965,0.1074571069787833,0.015707191197804837,-0.013142904886217135,0.07432297220492012,1.0,-0.020337424436334683,0.027224939790123193,0.015786930140149424
USA,1966,-0.10873207594545875,-0.04493760367987765,-0.0566185458161445,-0.08741517096403306,1.0,0.013696804593344547,0.024215686265042224,0.029893746365702745
USA,1967,0.17495522836546473,0.1205609291679679,0.1942896369649311,0.15607157076688383,1.0,-0.07685916635967072,0.021756993369961064,0.027845502373925246
USA,1968,0.10292200537141882,0.26506882093742656,0.27234148120182,0.15707556543775447,1.0,-0.04186153653674529,0.015487339762513264,0.04244694132334614
USA,1969,-0.1604813634807657,0.018555618367724014,0.0275972019118902,-0.09753146337526541,1.0,-0.1040722672649399,0.02203879742352144,0.05437125748502969
USA,1970,-0.03400650757291579,-0.09408325254352712,-0.09249707173506369,-0.05811280888833614,1.0,0.07849412764558683,0.015870977988368118,0.058836892321671774
USA,1971,0.08932812544434743,0.2538596570429972,0.1062297201892189,0.15163436536328612,1.0,0.13181040314869286,0.007468723223079232,0.042265608238575725
USA,1972,0.17804104957016031,0.2563286392836239,0.22606235643530892,0.2075542092320044,1.0,0.022074312504803517,0.013487376024672315,0.03272951832029625
USA,1973,-0.21380169158010065,0.02538215403058186,-0.07310066489394244,-0.11212392726184761,1.0,-0.094976240259256,0.020300571639191967,0.06258720350807279
USA,1974,-0.3283359392465227,-0.30993099848786354,-0.3522524966764077,-0.32050983749803075,1.0,-0.07617728735674967,-0.006908297785515161,0.11011067341962089
USA,1975,0.2619999215355191,0.12762570336213197,0.15013581445442317,0.2047117490161776,1.0,-0.024116175758209235,-0.024783728151410722,0.09141601892531259
USA,1976,0.15910577921052838,-0.053341741952166455,-0.06935398370476198,0.06866434425486445,1.0,0.10932336637937823,-0.00478898779329906,0.0577488775352224
USA,1977,-0.11647261187110525,0.20449905554390924,0.021212873443059554,0.0022188494666883773,1.0,-0.047563461306693644,-0.007783651909134659,0.06469555035128804
USA,1978,0.001996600417771832,0.21518337003028476,0.07252676508477433,0.08573394307113213,1.0,-0.09843946362540223,0.005498016106319614,0.07629914764916124
USA,1979,0.07817731551298035,-0.05005905445232617,0.02461381334851537,0.023912781301482777,1.0,-0.10113344957509363,0.015913386044539957,0.09482758620689635
USA,1980,0.1650751938414705,0.12274248575914082,0.06263238587447303,0.14783777912067353,1.0,-0.12897714842946206,0.016799403235820298,0.11198600174978135
USA,1981,-0.107281264680954,-0.11234844975458902,0.027554250043477054,-0.10915754666174238,1.0,-0.0868780254480519,0.059113331605083586,0.09441384736428016
USA,1982,0.11421685537039217,-0.08434172817251395,0.022131321377829014,0.030632204767720772,1.0,0.28576978626897764,0.058771012127399436,0.06038820992092031
USA,1983,0.17980901428022378,0.17838920238064881,0.2557718657452763,0.17923074404086847,1.0,-0.028789887512986834,0.045990463767699774,0.042711864406779654
USA,1984,0.004606997815150615,0.04535532721754598,0.19416146119754896,0.021888862801371145,1.0,0.10395979645026032,0.05955911713295392,0.041612483745123274
USA,1985,0.26478400558467086,0.5428461991892815,0.25138559036181585,0.4060079663947451,1.0,0.25039906126228395,0.04461131807400953,0.03433208489388262
USA,1986,0.21785596622903158,0.5398411167265358,0.2918705710972001,0.3723635690354996,1.0,0.23799981666488002,0.046861667959362086,0.017501508750754402
USA,1987,-0.028551493887789547,0.43599087517126267,0.1604608010700855,0.2253213451383711,1.0,-0.06336402338117775,0.033069748961187306,0.03440094899169632
USA,1988,0.14634880388911164,0.08627877038590026,0.1372123348676261,0.11239101704201948,1.0,0.03719903819786641,0.039716436576632264,0.03612385321100908
USA,1989,0.24627381029083506,0.08834734925457743,0.20026538148759002,0.1502652403962279,1.0,0.1330585421348427,0.04515692234149915,0.043718871057000674
USA,1990,-0.06820780546519722,-0.09350270969853247,-0.17062025507606396,-0.08392590673251732,1.0,0.004763061268242774,0.03065277642074893,0.049310710498409405
USA,1991,0.17610081525356946,-0.016855722430180964,-0.04631869845016373,0.06823195015426875,1.0,0.12951360519399668,0.02119680694774395,0.036382011116725455
USA,1992,0.12522103089474124,-0.178926161112548,-0.11116388661708788,-0.02752358211229622,1.0,0.04696622159824715,0.01166079601682335,0.024865919063871367
USA,1993,0.071437537435036,0.25063463460010427,0.24363822787650496,0.15328813549962672,1.0,0.12600419486758319,0.006367050114751027,0.025214081826831602
USA,1994,-0.015388112139507193,0.06720932147321035,-0.026320335344848664,0.024471711613850866,1.0,-0.09468934287063102,0.02489025113596144,0.02088167053364276
USA,1995,0.34796093846764276,0.030754212220212906,0.021275719695925326,0.19065722870150292,1.0,0.26111851075041614,0.03425063189537414,0.024090909090909163
USA,1996,0.20162607362220863,0.12433513711768773,0.18456713327771654,0.16728820304208214,1.0,-0.03876378268834535,0.02656147831473521,0.026631158455392878
USA,1997,0.2878287326996982,0.03954245599128581,0.15907226368536054,0.1828991812993257,1.0,0.11957597245718032,0.03381050273561659,0.02161694768698652
USA,1998,0.23666892804532047,0.15973593812928866,0.1061035214299502,0.20559862855073474,1.0,0.10587973194605116,0.040575088476587196,0.013542107490478239
USA,1999,0.18922188475983903,0.18525045734586953,0.2612699418617572,0.18764292246588687,1.0,-0.11155004052784934,0.03133830815273431,0.02129436325678502
USA,2000,-0.0879792220575295,-0.10727068391164662,-0.001262550718569207,-0.09664805657142495,1.0,0.16387007992085656,0.02962027217334029,0.033932951757972285
USA,2001,-0.15206605778639715,-0.23521154934951438,-0.17516816007925876,-0.1886319692068954,1.0,0.0063494811137447815,0.008164477093099975,0.028469750889679846
USA,2002,-0.21301158305531098,-0.14248041849211102,-0.251164024496935,-0.18333022708123337,1.0,0.1410541799283227,0.0014719585743561137,0.01576316801230293
USA,2003,0.19402943801915185,0.33031356833316505,0.1480810088440565,0.2492715177715752,1.0,-0.002432601159641168,-0.010952995093932327,0.022710068130204375
USA,2004,0.09804543533840704,0.2251814057970889,0.16680084371331078,0.14779002591596901,1.0,0.040924920917631225,-0.011084231718166415,0.02701702442635079
USA,2005,0.03585817901441657,0.04816701175659266,0.21391215797986232,0.040653882232353666,1.0,0.04078206419685082,0.0012020759476669696,0.03387387387387375
USA,2006,0.1061561522825516,0.29512471545463104,0.2189538893028397,0.19040454502989346,1.0,-0.030869375714086655,0.018517597716183554,0.0324154757755315
USA,2007,0.03457492218155345,0.10734349017200207,0.041672814425562234,0.06696770051052625,1.0,0.05614382460547063,0.02365332456869429,0.028359216745442284
USA,2008,-0.41020352469943877,-0.3957608043889751,-0.3778321971921001,-0.4038355673315148,1.0,0.20071420381614158,-0.008436957759935138,0.03841103086014441
USA,2009,0.29534534334682583,0.2594217992312069,0.16602523592456817,0.2793930877265811,1.0,-0.14924743639655058,0.00906757834508709,-0.0034777110338287676
USA,2010,0.12010430515779835,0.06504369585011816,0.055558154691476784,0.09629606332063712,1.0,0.08320463540848722,-0.013163628432197427,0.016497461928933976
USA,2011,-0.008524362875906855,-0.11964244099541954,-0.1085924041900707,-0.05460303513117848,1.0,0.2150861120079719,-0.027619122872171498,0.031523096129837835
USA,2012,0.14483198106288908,0.09834391492655503,0.10317192723685033,0.12591424594072076,1.0,0.010888617485761642,-0.017974333244686336,0.021180030257186067
USA,2013,0.27672151601227535,0.2733767996478642,0.3237851464601791,0.27539105516012063,1.0,-0.1450856838130603,-0.01254562078975141,0.014814814814814836
USA,2014,0.13888021709331655,-0.06306554148188392,0.05139561699720274,0.057920779897634445,1.0,0.22318280624942877,-0.015767298321260448,0.016934306569343027
USA,2015,0.019273513583714763,0.016856081776915888,0.07613016799344942,0.01832739331535449,1.0,-0.02054440582480177,-0.0004219260497774213,0.0017226528854434875
USA,2016,0.02329518408190423,0.0029112008697300684,0.0535901126169711,0.0146749046438166,1.0,-0.010484216433944926,-0.00878438030560258,0.012897678417884695
USA,2017,0.16790912951293757,0.24786799554437122,0.15460560677680166,0.20064294618031164,1.0,0.0035850013753302434,-0.011263157894736864,0.021505376344086002
USA,2018,0.11489757762495523,-0.16868244840740731,-0.13125077700890608,-0.03593297383965233,1.0,-0.04052685137803891,-0.005932125473228855,0.02437673130193918
USA,2019,0.0623882794166466,0.19879649974002933,0.21080388502103056,0.13443277310863055,1.0,0.09876037030264362,0.003420132802124831,0.018117901568415418
USA,2020,0.1114791177744816,0.08412959477940918,0.01786235337095015,0.09711355326207549,1.0,0.10486387243887241,-0.008576337880377816,0.012483399734395828
USA,2021,0.22948679702645447,0.13319275461848878,0.1283453054347387,0.1795497016764367,1.0,-0.07651749126931484,-0.04430839805996023,0.046821890000000005
USA,2022,-0.24170914341930372,-0.16937170617924002,-0.04021379282260043,-0.20440121931511113,1.0,-0.21433958589324298,-0.05337623663450397,0.0799169
USA,2023,0.21280858238276967,0.11205709444702561,0.1091862010067716,0.16069882804291513,1.0,-0.004646530253984538,0.010076322212978273,0.0412827
USA,2024,0.2146450571741596,0.1059593908428822,0.1250456505615922,0.15882301082543848,1.0,-0.03459896471869628,0.020861800536042585,0.02926926
USA,2025,0.15116672457931468,0.2353944959864709,0.2009305772618062,0.19262944702564533,1.0,0.05499533124003575,0.01566952343190242,0.024004340000000002
