country,year,domestic_equity_real,international_equity_real,international_equity_real_constant_real_fx,world_equity_real_resident_reconstructed,xrusd,bond_real,bill_real,inflation
Australia,1900,0.10265502167071583,0.07563365526165233,0.06372529665876009,0.07583813745077594,0.4155043641520236,0.0023820814131194634,0.0132239976780959,0.017544000000000004
Australia,1901,-0.0484065208713127,0.052068474568870204,0.06729796087735601,0.050521695152142776,0.4150841148947982,-0.015044884309933115,0.011362988010342745,0.017241101070192943
Australia,1902,0.08260303082381548,-0.012079303416854481,0.04839538777688622,-0.011529659255334779,0.4152713811266021,-0.058843707533817624,-0.03652076602521248,0.06779675495549209
Australia,1903,0.19995297183751926,-0.05329439946958836,-0.050391264437394015,-0.051979924341791994,0.4155164907043526,-0.03025054506847502,0.015185811434934804,0.015873142857142808
Australia,1904,0.12786884865219816,0.23868740453582804,0.1809943680017696,0.237968356165134,0.4146392388698032,0.06370444699169275,0.08327868061437038,-0.04687499414062568
Australia,1905,0.1459999978542328,0.14168168866766573,0.13952713503901715,0.14170680608774644,0.41488145716796226,0.08857621252536774,0.032499998807907104,0.0
Australia,1906,0.08422608666871634,0.09762166968120312,0.08875145331780313,0.0974129244367079,0.4149464723511342,0.062132467258337654,0.015847037323526214,0.016393178177943835
Australia,1907,0.08799999952316284,-0.1309613074875594,-0.14672667602440503,-0.12935237170685998,0.41196953439646916,-0.03257241100072861,0.03189999982714653,0.0
Australia,1908,0.13634345451851315,0.1510536362079773,0.18501898679353504,0.15095021823562593,0.41480299208149884,0.0188406263206522,-0.0003471291115606512,0.03225832674300988
Australia,1909,0.11753874405588838,0.13059760629205086,0.15693392553565094,0.13051034745760393,0.41355515351010147,0.009632251022789973,0.015434098892946224,0.0156247480469065
Australia,1910,0.05083320564364313,-0.02442450828052034,-0.03744442180162651,-0.02390467771029603,0.41395996734233387,0.0183307076667385,0.015674118251743696,0.01538474035504489
Australia,1911,0.02904237018985545,-0.02209867919462416,0.04050982377695184,-0.02172300175715125,0.4146558862439013,-0.04604512733249977,-0.040211160568555226,0.07575745454545468
Australia,1912,0.0013766172776294994,-0.01857121440995879,0.039777200801066094,-0.01843633821197188,0.41416473580788926,-0.07350854225540726,-0.046755853943254655,0.08450705177544249
Australia,1913,0.10332871061847593,-0.028278809296005458,-0.04552731619677242,-0.02734457674529589,0.41384943971647487,0.060484583726309715,0.046591886177582253,-0.012986806544083906
Australia,1914,0.058300210208592995,-0.09675296117905718,-0.05006032830549847,-0.09561672470836402,0.40966984169970594,-0.01705891076490562,-0.018649798734853174,0.052631362880909194
Australia,1915,-0.13258427856848498,0.05648664948028115,0.07507713407291913,0.05506516604796641,0.4272693557290839,-0.0873712661428625,-0.06990555500981332,0.1125000112500012
Australia,1916,-0.05523093901760101,0.07102419698819662,-0.019404591735506252,0.070027875032461,0.42591712884425026,0.01585670290023633,0.012495546775830091,0.022472091907603797
Australia,1917,0.08355670804151316,-0.13571759523901417,-0.25090610482085096,-0.1341682444029444,0.42450906625965557,-0.013065133906578708,-0.027328650064889937,0.06593406013766523
Australia,1918,0.0026443933676703058,0.07772556244179607,-0.058250072074915,0.07694763708880914,0.424438120878588,-0.055340481476852554,-0.0324977072769943,0.07216477755342021
Australia,1919,0.05511103567076314,0.00892243437891116,0.05211074406821421,0.0094625244002986,0.4573750556384178,-0.07526487602654652,-0.07793617718596046,0.1250000865384684
Australia,1920,0.06283200445841186,-0.11594872259720479,-0.2795240444506635,-0.11389732762319449,0.5594117322889597,0.0053842415374560915,0.021926549946390095,0.01709394871794867
Australia,1921,0.32112028260636327,0.14362035688014418,0.22436380407494214,0.14565200050000726,0.5297549951485833,0.2067529704720592,0.14685880919844907,-0.09243691377727148
Australia,1922,0.23588669869252832,0.11282809298310759,0.4138472053787532,0.11393544864324956,0.45266236183674174,0.08482792714680154,0.060485257666109904,-0.018518444444444393
Australia,1923,0.16200000047683716,0.9949208727703018,0.2383793110724472,0.9880925545963857,0.435687530180402,0.04092918708920479,0.041468750685453415,0.0
Australia,1924,0.12637399556754625,0.16128788095712965,0.17016009164297102,0.1609603362113059,0.44232046227806776,0.026438101057716823,0.031735552881238416,0.0094338106087688
Australia,1925,0.166101765729616,0.12482751497358668,0.16240658695973398,0.12519451447168928,0.41447141948415456,0.07983031066651147,0.03244171512786043,0.009345869857635192
Australia,1926,0.14100000262260437,0.1487229339594125,0.16174674669798766,0.1486521849180995,0.41257451845657517,0.041868820786476135,0.04209078103303909,0.0
Australia,1927,0.10356371463310432,0.2516027497706401,0.2609486996651907,0.2501866375030293,0.41433834413409815,0.03887701410364697,0.023143750333802116,0.018518444444444393
Australia,1928,0.16639631263078547,0.30359420921581504,0.325347637846073,0.30268279043378543,0.4151414263418,0.03544721987935029,0.0327025006928654,0.009090982479344145
Australia,1929,-0.05300000309944153,-0.021308096123749398,-0.07314828298339984,-0.02151218042409775,0.4365832221661474,-0.01681390590965748,0.04343852028250694,0.0
Australia,1930,-0.23388235709246474,0.05325369517712231,-0.18460205966137194,0.051652540999167273,0.5307128194828947,0.0399930928559864,0.13550662501331634,-0.08108108108108103
Australia,1931,0.22504091744654553,-0.30736566693208545,-0.2946065592207504,-0.30476426403673407,0.5523449889357013,0.08032224730167936,0.08538051690210313,-0.039215764705882394
Australia,1932,0.3011061618079296,0.27592802829592844,0.10459843697186269,0.27614725311384225,0.7169864074720653,0.39123363835069336,0.07681546905168579,-0.04081616659723808
Australia,1933,0.25600001215934753,0.23455361714733636,0.3890946448738364,0.23477164518088856,0.5933163830278935,0.05805879086256027,0.02768038958311081,0.0
Australia,1934,0.23200000822544098,-0.04941433305251197,0.011850983366970373,-0.04639270990597777,0.5002905825283235,0.0723716989159584,0.02591796964406967,0.0
Australia,1935,0.08941071425108538,0.2838153239830219,0.27375316205252065,0.28141550251581604,0.5122578566716348,0.011203915358723116,0.012554486724123404,0.010638126754201949
Australia,1936,0.16132652657845203,0.22077968888187893,0.26259966031957427,0.22017771615715698,0.504946822636257,0.005207929753814344,-0.008000144175148938,0.031578950027700836
Australia,1937,0.0035198380028567122,-0.23996716774605664,-0.23991308153232313,-0.23759521826475727,0.5077324401141773,-0.03195155077288514,0.002859484210589347,0.020408328196598324
Australia,1938,-0.02450972577278543,0.029917865283950906,0.05636984003262293,0.0292006937820235,0.5134151834605164,-0.03615399898412497,0.003261030946592358,0.019999918400006367
Australia,1939,0.022914288725171872,0.06427988372127458,0.016143559329195617,0.06377934853338685,0.5659629860207143,-0.00900853840368121,-0.005106037429400745,0.02941176470588225
Australia,1940,-0.020945945804988986,0.029519603043148823,-0.08991700238154773,0.028807982129822163,0.655393891728929,0.05893596402696666,-0.03198875839243065,0.05714285714285716
Australia,1941,-0.10346153817879844,-0.04525849849374819,-0.056836678089564996,-0.04606770234447399,0.6225099601593626,-0.054445787315041905,-0.0299389325082301,0.054054054054053946
Australia,1942,0.11716121858510253,0.09263387154120672,0.03989087870384227,0.09293335910916589,0.6220839813374806,0.004607249310371042,-0.03610523378381114,0.0598291282051282
Australia,1943,0.08028813298078719,0.15132680156102452,0.10486559145630821,0.15053984821396305,0.6198090987975704,0.0458638672251559,0.01339136999943391,0.008064386576491112
Australia,1944,0.0714285010831952,0.12573089711480367,0.1283984799896068,0.1251863208835724,0.6195786864931846,0.04105294789913505,0.01345603609157675,0.00800006451200419
Australia,1948,-0.16218186153415237,-0.06496065720631539,-0.10467765603294746,-0.06479852082608528,0.6203473045260441,-0.13443175898728543,-0.16340913363684517,0.2222222857142857
Australia,1949,-0.0046494213897029235,0.3721193213352243,0.0785571115610973,0.36543136897758544,0.892856999892857,-0.11624996000965249,-0.06090836759956331,0.08604950202340245
Australia,1950,0.20340286228283544,0.1266444940862197,0.190282324934167,0.12801688579212978,0.892856999892857,-0.0385462342892251,-0.066309582354098,0.09190367720896142
Australia,1951,-0.2039364237837803,0.027786785028225403,0.14136525753791768,0.023485266515386627,0.899280575941751,-0.2341971316616951,-0.14877939865495515,0.19839674670842622
Australia,1952,-0.26039111265798587,-0.020280489321845785,0.08987991992281012,-0.023322786198718748,0.8920606609217285,-0.13444784883090877,-0.12569186829933332,0.1722411852087098
Australia,1953,0.08362533699720509,0.04050601064307613,0.06502678688803477,0.041007645152729255,0.8920606609217285,0.04283766819873169,-0.011599434018309873,0.04279584156174354
Australia,1954,0.17794349337243265,0.4830710212532099,0.46627949025913146,0.4795051348028436,0.899280575941751,0.071653680046879,0.026380101612930362,0.006839471573670597
Australia,1955,0.08096897158392058,0.23757145456975404,0.25947391826425825,0.23620948518938478,0.8940545381262892,-0.11587972599130703,0.01716926234084637,0.020380814911835188
Australia,1956,0.013567299453258297,-0.008445777559648482,0.025832628942416346,-0.00823505242612066,0.899280575941751,-0.06538206549161318,-0.014571662253260675,0.06258360955777298
Australia,1957,0.13881586788564593,-0.09484088971171378,-0.09275698059351443,-0.09249548306382815,0.8924587245813981,0.01565552400128878,0.020445364852139436,0.02474863893168977
Australia,1958,0.17357216293687627,0.3174950838446171,0.2956247484521699,0.3159136052709193,0.8940545381262892,0.07882635238134017,0.02936788309027727,0.013146045159908804
Australia,1959,0.4169188854394521,0.21226934793492735,0.22121211562943532,0.21460082965238048,0.8948545865299573,0.05349945034250747,0.021104616787068986,0.0184069134958178
Australia,1960,-0.09627463741899689,0.0031003480688165386,0.02194531991754487,0.0016135021866654498,0.8936550499500042,-0.04970342575554487,0.005755763966494021,0.037925945039750664
Australia,1961,0.08865157042907357,0.1780956310273416,0.1825776572470164,0.1768111478894545,0.8924587245813981,0.01566754040962781,0.024171396549841795,0.025121383578097456
Australia,1962,0.04490959910166703,-0.07933853033848626,-0.10154256842137688,-0.0777916732379802,0.8940545381262892,0.14422000710753524,0.04581211252631068,-0.002784546787983011
Australia,1963,0.25931861396174316,0.1732573101711743,0.14808166645536802,0.17469245993383442,0.8960573484724516,0.04420640025298117,0.03272083755138966,0.005305558566979229
Australia,1964,0.01991876510268642,0.07076228973462184,0.07185220408822059,0.06984523273845,0.8976660690269841,-0.0135402405005427,0.017183351796901114,0.023610934010485085
Australia,1965,-0.11698509030273974,0.04518404734948822,0.06426043199924052,0.0425382404773047,0.8940545381262892,0.01271198411754848,0.008541534695907682,0.039620050696922426
Australia,1966,0.03616640342715982,-0.08665962317876552,-0.09451805541274359,-0.0847414413378047,0.8976660682226211,0.0012334047139914706,0.018880775159751062,0.029757380802723388
Australia,1967,0.3808958331260732,0.1433187683235131,0.18209478804425502,0.14703898316090092,0.8920606609206608,0.00998505653660775,0.013141459775404485,0.031938816626749134
Australia,1968,0.3131624807906397,0.1865884476545887,0.15845127717787905,0.18916828644250416,0.9009009009009008,-0.004594879586564016,0.02101305951003929,0.026529473469882214
Australia,1969,0.06976934208877572,-0.08893096572650505,-0.10202504410627476,-0.08530605367857902,0.8944543836265245,0.07890371312722011,0.018175557338513615,0.029193827303855002
Australia,1970,-0.1694416423130497,-0.030879039893380145,-0.051428050010180484,-0.034603619195061164,0.8968609873514449,-0.04255707447405499,0.014201892229549262,0.03906004616824865
Australia,1971,-0.11468578320565881,0.06892260695260632,0.10648187658037171,0.06422463393484956,0.8396305632574564,0.052353201839013375,-0.006150722543640241,0.060640370957328216
Australia,1972,0.28843361374766174,0.09801458884247927,0.19631200518460407,0.10184441591932059,0.7843137261053441,0.02809007960839116,-0.014601768260481762,0.058649827090341944
Australia,1973,-0.3221632958892997,-0.26170479908406674,-0.1530259101876926,-0.2628657874783946,0.6720430112043301,-0.20035206673069805,-0.03885589098781983,0.0946589482246154
Australia,1974,-0.3588749445204459,-0.2614614336564345,-0.3367696748922617,-0.26329181708321137,0.7535795032054102,-0.12581563121048023,-0.05248001630843602,0.15110148819813607
Australia,1975,0.34350699497956594,0.21139292472512627,0.22021569956241724,0.2135383047000854,0.7954816647804325,-0.07610447215033311,-0.0657151597627269,0.1507197279893664
Australia,1976,-0.08741702619576186,0.16142915354888565,0.06752229697440178,0.15700188295664086,0.9204712812960235,-0.05357695255347683,-0.052960266367267916,0.13523923652833325
Australia,1977,0.008012077674158569,-0.09482877771266074,-0.06399626793305743,-0.09329984309806594,0.8761170500053592,0.034050732665451555,-0.033617397841090635,0.12300241669392475
Australia,1978,0.15173999283497963,0.07158919870913216,0.026772698849353013,0.07284350009442808,0.8691873106207626,0.056177251281561036,0.006699218860829026,0.0792366276649652
Australia,1979,0.27417725373276514,0.06594237265465508,0.05282885583554936,0.06947591006514009,0.9045680695654166,-0.07634017811142013,-0.0019555881236529293,0.09090001538075776
Australia,1980,0.3829541430804504,0.07462949287030529,0.11215372917520333,0.08171950056068189,0.846955196787461,-0.13055321986143253,0.0049118667051923914,0.1012657285330909
Australia,1981,-0.18681216994349104,-0.06393989835756186,-0.053417338658075006,-0.06703885030750456,0.8866034230752756,-0.09142966917384432,0.032446188770159035,0.09691754380607986
Australia,1982,-0.23793590440509993,0.14708026305534072,0.09003496855396993,0.13783942173354746,1.0197838068731224,0.07368455994317435,0.03146319146623888,0.11145507019303702
Australia,1983,0.48664707512684413,0.21165110770641182,0.20718627353614927,0.21634982844584316,1.1086474501108647,0.05100302592911343,0.008602690068387764,0.10113560353860218
Australia,1984,-0.03319077007067894,0.11867427534870223,0.08693785482080747,0.11589971282064737,1.2080212611741967,0.09540132802740797,0.06767484669177559,0.03950186735568528
Australia,1985,0.3312841566252489,0.6464807193563316,0.24720595082973817,0.6409745090901044,1.4686444411807902,-0.010366210280061683,0.08132878611839556,0.06739043422146018
Australia,1986,0.3851642037484011,0.2953691946126815,0.24316583113072013,0.29702567517537615,1.5042117930204575,0.11963259737641674,0.05777288020452831,0.09084538389003094
Australia,1987,-0.1667338410060818,0.09393378559480237,0.09416102773353965,0.08652114080073448,1.3840830449826989,0.0693231024694565,0.03972382640046224,0.08488745091606797
Australia,1988,0.1293294906884077,-0.09912072350446999,0.14030189603607973,-0.09191486355264988,1.168907071887785,0.0433881257058768,0.045787696928881294,0.07231770741505783
Australia,1989,0.0961382723715336,0.20655819127535135,0.2226235574081469,0.2045042588848851,1.2615112905260504,0.05497963366487557,0.08591137426817896,0.0755942201288442
Australia,1990,-0.21042032953293321,-0.07703768115051313,-0.12742725907476887,-0.07911212360823638,1.29315918789603,0.10062794326838254,0.06412250859766888,0.07272265806943823
Australia,1991,0.23519342737640514,0.09004890634133433,0.04962904820540783,0.09222391860861179,1.3161358252171624,0.2580592255709835,0.06522918996725569,0.032227000000000006
Australia,1992,-0.0315482230276829,0.09484539256704938,0.008381208210902158,0.09268307984927837,1.4522218995062446,0.12103804626918602,0.052275340627038425,0.009859265452269561
Australia,1993,0.3795486053974242,0.17636714486840255,0.14249250543513206,0.18005441448178394,1.476886722788362,0.2305472042743566,0.031317675680807344,0.01813116603543352
Australia,1994,-0.10506036315003286,-0.10583881027281439,-0.019360337958224713,-0.10582064590760332,1.2873326799004294,-0.14073391566101467,0.03728579461505932,0.018949330257871377
Australia,1995,0.15371860732582254,0.21955893985567787,0.190520631792723,0.21810141277799677,1.342281879194631,0.1796716148323838,0.028723982293977324,0.046381823814169554
Australia,1996,0.11431456088493785,0.09366937859309976,0.19922353108630264,0.0941010159358695,1.2554926390529346,0.12106247668092873,0.04291922292782702,0.026123811720498713
Australia,1997,0.11169367193373847,0.47526158464821133,0.2307860542090015,0.46759276955365414,1.5320974179240476,0.17149304314579128,0.05054164021338581,0.0022471910112360494
Australia,1998,0.07554603728288733,0.2876890419248268,0.1830715421047371,0.283447142993035,1.628929766591794,0.1260205623440147,0.039434292490679645,0.008594917787742684
Australia,1999,0.17639088448290852,0.13209463330845206,0.22758738951384838,0.13298373371835703,1.5295197308045272,-0.08187711062464442,0.03304003140010181,0.014079288625416853
Australia,2000,0.005409901383801596,0.05224967033796024,-0.05441513832678612,0.05133389806090993,1.8050541516245486,0.12285555737570641,0.01453844905446866,0.04457435147972233
Australia,2001,0.05485725959191967,-0.13511039449291917,-0.16572326013139763,-0.13132411209143613,1.9584802193497843,-0.025230958129293324,0.0037646341713228892,0.044071353620146914
Australia,2002,-0.10815273934759706,-0.2818729222993869,-0.23365766739312677,-0.27774113451539273,1.7661603673613564,0.09436796646279366,0.014578144558946349,0.03048576214405374
Australia,2003,0.12784259183497393,-0.06909979278701384,0.1770117787384052,-0.06372034961185558,1.3333333333333333,-0.004371905324485392,0.02023100040004233,0.02730819245773719
Australia,2004,0.24649080584354444,0.1011396840227774,0.11884671496084376,0.1048193478654138,1.2836970474967908,0.057594870905413265,0.028416819672342886,0.023417721518987245
Australia,2005,0.17951218762311583,0.11206938568295466,0.1023813602051409,0.1139736714206383,1.362954886193267,0.03602658770080769,0.02725769574248993,0.026592455163883866
Australia,2006,0.20676440163501963,0.09507225271136033,0.15432558231498886,0.09810303012127508,1.2637432073802604,-0.02539672689764849,0.02173531043314525,0.03554216867469884
Australia,2007,0.1523833129259633,-0.041316540368598664,0.038055244935216184,-0.03562473696725943,1.134301270417423,0.004141600140372903,0.03938708795458479,0.023560209424083656
Australia,2008,-0.42868751659989357,-0.2373356673439696,-0.3937484709285626,-0.24315168894107098,1.443418013856813,0.2224078600605328,0.022270135891934162,0.04347826086956519
Australia,2009,0.3715030466262943,-0.04578443040680513,0.23385674161614484,-0.032082873544734714,1.11495149960977,-0.09166289426950591,0.014817921377485055,0.017701525054466316
Australia,2010,0.004306600610342937,-0.041196076617752264,0.09978781513591148,-0.03955102459046622,0.983961428711995,0.043916401432964935,0.014415083335795886,0.028632592989028538
Australia,2011,-0.14306604861463013,-0.05105049443065024,-0.045300873546907816,-0.05407824453643473,0.984639621898385,0.15750374685688806,0.012934233109086257,0.03355879292403752
Australia,2012,0.16869944618775135,0.10169341079776495,0.1270253446497347,0.10365157066104613,0.961076405574243,0.06117320779784796,0.019769447108749283,0.01686383085829335
Australia,2013,0.16765477360734615,0.4922225102460911,0.3003201876264988,0.4830056676324854,1.12803158488438,-0.07205687193334964,0.0025591783513481126,0.024752475247524774
Australia,2014,0.03046236722614859,0.13906488331489997,0.10659351951759138,0.13630504197124904,1.21921482565228,0.15566206510803648,0.00011784151361537987,0.024879227053140163
Australia,2015,0.010599755427700197,0.1309664833867734,0.04113634583813567,0.12802393918838462,1.36873802354229,0.007413149324253965,0.006152331431972025,0.014847984916332768
Australia,2016,0.105183627973235,0.02416540245765364,0.03574589259516543,0.026248683629401137,1.38197899391929,0.0014016484387682215,0.007004655354276634,0.012772875058058464
Australia,2017,0.10123093459728394,0.11484918677111322,0.16380300920407026,0.11449026897556358,1.28205128205128,0.01585823002190967,-0.0024996852517983337,0.019949552854849673
Australia,2018,-0.05556030175104276,0.08241319458548513,-0.008982128778110138,0.07828692544854854,1.4168319637291,0.010923315472260109,0.00014565152183521057,0.019334532374100544
Australia,2019,0.21901095169116047,0.13847466268761277,0.1320833042948512,0.14089951021267888,1.42734798743934,0.08370897163203161,-0.002183272964169536,0.01565946184384659
Australia,2020,0.039941022930297,0.004117112044605964,0.06870084697821803,0.005197661899726258,1.29836406128278,0.0009120041211834184,-0.00628044877313827,0.008903365906623328
Australia,2021,0.06443207337374468,0.09938850186096326,0.17709467385731997,0.09829432611352118,1.1915045254910985,-0.07235739489169457,-0.027147507727853126,0.0281963
Australia,2022,0.05243415424705522,-0.13640808874155264,-0.14850464583164255,-0.13057853987508616,1.2902006398127905,-0.13684785222711338,-0.04669475776539189,0.0661503
Australia,2023,0.013742567416848095,0.1982252162672573,0.16320749661047054,0.19247565347626594,1.347286465182621,-0.039589383956222024,-0.01567677459288974,0.056351860000000004
Australia,2024,0.11626913711249154,0.1607960958520429,0.1659834804068439,0.15940897671895482,1.3550269160802253,-0.007468989799481296,0.011738453460389708,0.03173898
Australia,2025,0.049992297663302265,0.21879438013543728,0.1749785534706115,0.21337731695038764,1.387434688836703,0.007820991380936393,0.017161451190171206,0.022576109999999996
Belgium,1872,0.2115363041374172,0.060652072571757865,0.05538144910643453,0.06601731848346692,4.669705653604547,0.019609113789607502,-0.007951322664445759,0.03883495145631066
Belgium,1873,0.09842483258765666,-0.03629205183996309,0.01068878512231439,-0.03133328318482398,4.573538023952095,-0.15267343747874962,-0.03843330753886187,0.07476635514018692
Belgium,1874,0.06678083750673336,0.08221937793563949,0.06112054800505852,0.08163186544700918,4.649791374824896,0.047195368562825024,0.0805596331642433,-0.0434782608695653
Belgium,1875,-0.04527456622641046,0.11904916454122794,0.10702929441306205,0.11289894991708471,4.503980103979203,0.08755561329846095,0.07264529175634649,-0.036363636363636265
Belgium,1876,-0.15326254868081635,0.012120336574861668,0.05818820304627544,0.007180731587439704,4.647440688137627,-0.005596870024289435,-0.02163836898814353,0.05660377358490565
Belgium,1877,0.0018992917612195015,0.06697544103443631,0.07380483339763293,0.06509853464973037,4.957429200440308,0.0697764977812767,0.033955398947000504,0.0
Belgium,1878,0.0398621709547311,0.09547752905476359,0.07159810328861689,0.09400717204667086,5.146446999999999,0.0921695154403972,0.08231013567648215,-0.044642857142857206
Belgium,1879,0.3594586376387341,0.20005285729815614,0.195888604126583,0.20500502639144558,5.200773922607739,0.14524186818072438,0.0638487448271079,-0.028037383177570208
Belgium,1880,0.115012779982403,0.2497250400901332,0.15911483221398623,0.24673333325343183,5.2164447555244475,0.11816884110672299,0.08624494557428841,-0.04807692307692302
Belgium,1881,0.0033816054929047823,0.2047644123053527,0.21840165014221533,0.1987452261490772,5.23,0.053281500935554504,0.03408151865005493,0.0
Belgium,1882,-0.057116803542083594,-0.02799887125725342,-0.057780866196343914,-0.028813099823082333,5.26,0.023453847087007373,0.04414840525358321,-0.010101010101010166
Belgium,1883,-0.04248866815157626,-0.03560546305333334,-0.0026250813116637435,-0.035793847300332304,5.16,0.014119983170971517,0.023017863206791,0.010204081632653184
Belgium,1884,0.03939482079737844,0.11996481987806407,0.05951081851142974,0.11775389744407616,5.14,0.1423725497139534,0.11327784719026579,-0.0707070707070705
Belgium,1885,0.002594250892655303,0.06475629786529358,0.05217659975769422,0.06310901991367457,5.17,0.14753723981675138,0.06947078865565604,-0.03260869565217395
Belgium,1886,0.08929712900312659,0.12347754916463383,0.05023560212344847,0.12254842826257306,5.14,0.19058204796619527,0.12302365240345647,-0.0786516853932584
Belgium,1887,0.001869992620643579,-0.03727542126592032,0.007182342108583806,-0.03606298302305999,5.21,-0.05714139342174218,-0.025407540044565136,0.06097560975609739
Belgium,1888,0.18281160154763398,0.11224293396854845,0.08351833510835235,0.11443168080293331,5.2,0.06562327466466855,0.0581724652472666,-0.02298850574712652
Belgium,1889,0.2673256708972753,0.06273060938543051,0.08053244300586074,0.06909142403275736,5.18,0.014259257621463517,0.009428384660304046,0.02352941176470602
Belgium,1890,-0.018470527728398745,-0.04816838525056477,-0.028591855455891598,-0.04725297875179246,5.23,0.05925083110729856,-0.0016459036618471368,0.034482758620689724
Belgium,1891,-0.01920868083834648,0.06941849476213524,0.06346589670838416,0.06668533653603559,5.24,0.05984026566147804,0.032783009111881256,0.0
Belgium,1892,0.06409069664519418,0.10613002259045645,0.07832362506575338,0.10485206946070869,5.3,0.041960652339561255,0.06842115007597838,-0.03333333333333344
Belgium,1893,0.04438768313931574,0.041242549755292846,-0.011321952394761421,0.04133684752906808,5.56,0.108235468289682,0.0696444302531225,-0.034482758620689724
Belgium,1894,0.15673950605276166,0.1343107937254553,0.10655526624601201,0.13499700602563314,5.66,0.08895092548393624,0.057622538834083414,-0.023809523809523836
Belgium,1895,0.059857149980962365,0.06145109411671501,0.10440341707684078,0.061402681782228186,5.39,0.02581954862980651,0.05738605400547381,-0.024390243902439046
Belgium,1896,0.14996838105189347,0.17244304631283613,0.08983270520792112,0.17177920506163535,5.51,0.0659045697032632,0.07194259569242423,-0.03750000000000009
Belgium,1897,0.11586619703433443,0.04573661862999723,0.0806849458382201,0.04780937528104823,5.39,0.03286459860511304,0.018609050088203682,0.012987012987013102
Belgium,1898,0.1487068384885788,0.13536214823189363,0.09742273063338519,0.13574858074417384,5.56,0.0032150717452168465,0.030935190618038177,0.0
Belgium,1899,0.02635320191141921,0.04701283969518033,0.059476279755664455,0.04622779742135208,5.52,-0.037921095290515905,0.017865986952298796,0.012820512820512775
Belgium,1900,-0.195712344030316,-0.03175911793078834,0.07269827281136347,-0.03706013077138326,5.47,-0.1097043020169387,-0.08469711549663816,0.12658227848101267
Belgium,1901,-0.12599306127854737,0.02719158744049399,0.07056927115987548,0.023254047849438964,5.35,0.04576674030049843,0.008679347133243587,0.022471910112359383
Belgium,1902,0.040712601264541126,0.04660317859536045,0.04879478165089511,0.04645681848372485,5.19,0.08522724682527993,0.05454755001021239,-0.02197802197802201
Belgium,1903,0.11917615681886673,-0.052679490974887555,-0.053155431864545515,-0.04862713975341948,5.13,0.012097341008484364,0.03101206012070179,0.0
Belgium,1904,0.29724423396281696,0.3506594949906512,0.1773481864476813,0.3491886443363006,5.13,0.1585559420024929,0.17689512713024236,-0.1235955056179775
Belgium,1905,0.1348792430013419,0.10742182573221704,0.13969728951825136,0.10817695503600899,5.11,-0.002987064654007443,0.005677097849547952,0.02564102564102555
Belgium,1906,0.014008278196508073,0.02401742129058726,0.09062026226572653,0.02376405342139587,5.16,-0.06109301881356677,-0.06253690916028898,0.10000000000000009
Belgium,1907,-0.0915692143970065,-0.1426265019575259,-0.14688678132792687,-0.1408867807226205,5.17,-0.020358511567529658,0.00840972761313119,0.022727272727272707
Belgium,1908,0.012359471111507148,0.158926032043051,0.19136190910009124,0.15345227202059486,5.11,0.009344802657654139,0.0200196979465066,0.011111111111111072
Belgium,1909,0.18563170747624502,0.1684006343797031,0.15564109706844637,0.16899218497111557,5.13,0.02299588588583812,0.042414545288516514,-0.010989010989011061
Belgium,1910,0.06445953816823313,-0.02713501316490541,-0.040627449578958384,-0.023829189811533813,5.17,-0.0185365034014231,0.008507982098861833,0.022222222222222365
Belgium,1911,-0.06093001334775927,-0.009782568972132366,0.04457371041782642,-0.011793550297010125,5.18,-0.06868202186056549,-0.03217880351811042,0.0652173913043479
Belgium,1912,0.005672202507654767,0.0002626649684622784,0.040963974920400714,0.0004843724611378608,5.21,-0.12631294727325437,-0.037676783154408144,0.0714285714285714
Belgium,1913,0.008538093976676597,0.01691021891601685,-0.04693738266778243,0.016537948962240367,5.25,0.03636963670142013,0.0826959493570032,-0.04761904761904778
Belgium,1920,-0.798829837159796,-0.0450160382270105,-0.27666539088545483,-0.05023760961130597,13.5501,-0.7909748586979541,-0.7739653473535737,3.55
Belgium,1921,0.14821084489098268,0.24425481697055762,0.22819923243990847,0.2409792841965901,13.4302,0.21074015013220038,0.17289966070338325,-0.1230769230769232
Belgium,1922,0.3696728220893615,0.3251097008179704,0.4135899947882366,0.32647365708641973,13.0159,0.1865174408213064,0.10036137667621903,-0.06516290726817042
Belgium,1923,0.3186110351408753,1.693669500876664,0.2350989019546868,1.6499663076664737,19.1608,-0.2530734875700742,-0.1019965919413578,0.14745308310991967
Belgium,1924,-0.17206695686259899,0.1226739941778856,0.1872896609396958,0.10828756352030111,21.5341,-0.09048910108868946,-0.11731098633921311,0.17056074766355134
Belgium,1925,0.03570277898295515,0.14798104590655825,0.16697018787917894,0.14410571895421165,21.0172,-0.0792753538656189,0.002319082991727006,0.03393213572854292
Belgium,1926,0.3720301057914317,0.4107518316240357,0.1537610980877847,0.4093688653085856,30.6251,0.1061745232941651,-0.13134488614101225,0.1930501930501929
Belgium,1927,0.28675006136639425,0.16441730582000136,0.2582316339615759,0.16961438357785075,35.930499999999995,-0.11253889382795534,-0.18498252846926233,0.27184466019417486
Belgium,1928,0.2072002963321964,0.258921566784192,0.33013480819724406,0.2564632455872913,35.8985,0.12086305469274516,-0.0063060656916805735,0.04325699745547085
Belgium,1929,-0.3461149372373309,-0.1175859302684924,-0.06119554392815703,-0.1270689509727594,35.939,0.019953244583947205,-0.0254735484293529,0.06707317073170738
Belgium,1930,-0.2878472036095997,-0.20401993479975566,-0.18188075812108223,-0.20639007296162926,35.836,0.27737518203885925,0.03598398218268106,-0.0011428571428571122
Belgium,1931,-0.2484569946924846,-0.29726487336829843,-0.29336199789220246,-0.2958578641965761,35.8975,0.005405973465669733,0.12042857147753239,-0.08695652173913038
Belgium,1932,0.13790089633936686,0.043124307916073024,0.10522978978943012,0.046256240703695495,35.936,0.1125652562749262,0.1354874992898356,-0.09774436090225569
Belgium,1933,-0.07760761646514247,0.19422981778780857,0.404939874703225,0.18454136150772382,27.933500000000002,0.07687277743156917,0.04680851101875305,-0.02083333333333326
Belgium,1934,-0.14076467254408853,-0.07814603871689707,0.018401293016522713,-0.07979308352429282,21.4715,0.22173557511052566,0.08322297248083199,-0.05531914893617018
Belgium,1935,0.5520161075446441,0.6271812275866608,0.2648947949837901,0.6254579359105703,27.1385,0.14387554656003276,0.036824732888063316,-0.016516516516516533
Belgium,1936,0.21124340822226806,0.33323234119035283,0.2630312386633743,0.32980033727019364,29.5565,0.07080353878057788,-0.02639270001464955,0.04580152671755733
Belgium,1937,-0.12245804073960609,-0.2812490194211006,-0.24054970084399233,-0.2772042806310481,29.6275,-0.026024551314561717,-0.053115645550242174,0.07299270072992714
Belgium,1938,-0.11818101757381039,0.005000055906068335,0.06018467638026179,0.0016294971535435465,29.596,-0.15008792176392338,-0.01871222002816042,0.035374149659864074
Belgium,1939,-0.2092242505256232,-0.011132902554308433,0.02160101331791197,-0.015746111826307363,29.6705,-0.08848854291748698,0.004124676075751843,0.01182654402102501
Belgium,1940,0.523866713025579,-0.3881598042484481,-0.10333433664815142,-0.36723513632831795,29.62,-0.11106518005865795,-0.3143188192064401,0.48173820314582816
Belgium,1941,-0.09085560826837669,-0.4408485827928038,-0.0559270899393383,-0.42523882336128316,31.124944419742107,-0.42933391208729355,-0.4754595517872533,0.9354084202950699
Belgium,1942,-0.2830242726431037,-0.22740489462162283,0.07119857452796202,-0.2321726215007237,31.11111111111111,-0.30144939510432067,-0.32800229153943783,0.5089337175792508
Belgium,1943,-0.19329704062097008,0.04796725828080772,0.13011891654019853,0.028925484497652754,31.11111111111111,-0.06291178915666162,-0.10372584895334003,0.13135026737967914
Belgium,1944,0.19362291341063642,0.6941162282488711,0.1236515288706291,0.6642487143702893,43.821,0.12497751903056709,0.05459521518990962,-0.03972634688641852
Belgium,1945,0.2834751352329288,0.6274326010343456,0.20406221289596613,0.6139522811367175,43.821,0.281594882264399,0.32352194182666216,-0.2349956822107081
Belgium,1946,0.025287789354721646,0.28011203383877414,-0.06979656504177732,0.2737530378797137,57.0,0.06873919824984931,0.14465787861439772,-0.11528150134048254
Belgium,1947,-0.3218708499584948,-0.1955733953424006,-0.09601323480548027,-0.19864604984255108,48.75,-0.04446657216766403,-0.003889333978056353,0.01795918367346938
Belgium,1948,-0.12079806711816299,-0.019561987623286203,-0.10351987493233492,-0.021280386550678432,53.75,-0.08777943142617528,-0.11638155098611425,0.1475541299117884
Belgium,1949,0.254829050962291,-0.010954176996099685,0.0702260648030865,-0.0010859997996728321,50.4,0.1393247022201991,0.0484349715450747,-0.0328441649196366
Belgium,1950,0.16935526282029656,0.2791161223886649,0.19144468307059986,0.2745060894233644,51.7,0.04752845445283982,0.02286880510063627,-0.00867052023121384
Belgium,1951,0.2988527757809265,0.1578025635660132,0.12864968564131718,0.1630281853816813,54.0,-0.04773390914789244,-0.07283705392010176,0.09365889212827994
Belgium,1952,-0.016290344466993623,0.08573375003070538,0.08921151669454856,0.08208834379569163,51.1,0.052314609451512784,0.00462660987019925,0.009330223258913639
Belgium,1953,0.09795016529357548,0.0745125020711288,0.06410602283503121,0.07529998651133574,50.45,0.06885168584925583,0.017358728489212716,-0.003301419610432621
Belgium,1954,0.40416595103929365,0.4473300991242979,0.46505837339057143,0.44580709080329073,49.999999999,0.05408400345162434,0.0010680187392451135,0.012918184829413759
Belgium,1955,0.29012039379191323,0.2735091461132626,0.2569163591758004,0.2740119776811285,49.959999999,0.04535156871598289,0.01899835731891697,-0.004905166775670322
Belgium,1956,-0.05160975767631093,0.02659325693205372,0.02803291930742096,0.024317449942830693,50.224999999,-0.017404239481275008,-0.013869606482907249,0.028261583963194115
Belgium,1957,-0.20351131637078668,-0.09242901411816573,-0.0873041912784331,-0.09541935426755843,50.017499999,-0.10913501824615823,-0.014965984722786208,0.03163950143815897
Belgium,1958,0.14593569335587553,0.3133059531572131,0.29806729527540765,0.30914324237640245,49.842499999,0.19001496111581107,0.00828110180590147,0.013011152416356753
Belgium,1959,-0.03900310948063401,0.22878103968373975,0.2289826437283662,0.22324428070879287,49.937499999,0.024577622968714907,0.004216011996265756,0.012232415902140525
Belgium,1960,-0.14044486291437253,0.035844182636982636,0.02288147496569916,0.03292453949615193,49.699999999,-0.022183235802025525,0.028791867297546903,0.0030211480362536403
Belgium,1961,0.1556556462672729,0.198651773202573,0.1816054355014403,0.1980277417043843,49.779999999,0.051868596318370486,0.023625408557859995,0.009939759036144524
Belgium,1962,-0.048046272783813904,-0.0958480832877866,-0.10041501717446939,-0.09521301650063563,49.751299999,0.09626372489859092,0.012704618505257281,0.014017297942141127
Belgium,1963,0.13177080508648698,0.15548603756271628,0.1500916744531539,0.1552853586157339,49.827499999,0.012665950021447436,0.004238411453798108,0.021470588235293908
Belgium,1964,-0.0023381763141481215,0.045624277517404055,0.07152910703520582,0.045225851438615905,49.632499999,-0.01779992194952329,-0.007919982615230303,0.041750647854880585
Belgium,1965,-0.08289362656998922,0.04696995105118096,0.062451432435542686,0.04594419443672182,49.642499999,0.01530431113038877,0.005448447601253736,0.04063018242122718
Belgium,1966,-0.2226443574979925,-0.09053558251431149,-0.09158786900720914,-0.09143200169557708,50.052499999,-0.0020969731012271398,0.009983808359758983,0.04169986719787522
Belgium,1967,0.21511657967476427,0.1478064876725933,0.18502797458261513,0.14820879055153213,49.627499999,0.052001274431407785,0.022986713652792146,0.02855685874553804
Belgium,1968,0.13073174547947763,0.18885826926992344,0.16178693741302627,0.18851700267411786,50.14,0.0335549986028123,0.0122469006566861,0.027516113039167234
Belgium,1969,0.008675079636832006,-0.09544234610690794,-0.09872024646801998,-0.09484204578198818,49.666299999,-0.0669608222079453,0.03070855546041984,0.037635705669481156
Belgium,1970,0.01191311458058597,-0.03732968595868258,-0.05501292137550173,-0.03702606517202789,49.674999999,0.02477864458453438,0.038052939475382797,0.03906068356196246
Belgium,1971,0.045775803707583274,0.04105507873880976,0.10119640509955824,0.0410868958011974,44.754999999,0.0759624718034726,0.007178233931236289,0.043410158872230875
Belgium,1972,0.2418588452800301,0.16542254757735253,0.19788627032931916,0.16590673027082148,44.0625,0.011379775565245609,-0.015051493406422978,0.05447137036242755
Belgium,1973,-0.00034092765363102906,-0.17540692165959682,-0.15723878322448215,-0.1743302712055026,41.319999999,-0.049819318116501865,-0.007437307784983083,0.06955460646735823
Belgium,1974,-0.33208411281228756,-0.41389799303472985,-0.3372242992842207,-0.4132729495990807,36.122499999,-0.13511060192958513,-0.021946692731768414,0.12683019585472532
Belgium,1975,0.09243064556372316,0.2852675481153415,0.22321046934226513,0.2838038531813294,39.527499999,-0.0038536362120292766,-0.05114825026418446,0.12757340533243333
Belgium,1976,-0.11609893978826813,-0.05310372074475256,0.06594914789541553,-0.0535132221494381,35.982499999,-0.06423109545333494,0.00546009578142681,0.0917390002993117
Belgium,1977,-0.04714586809477794,-0.08581167730622397,-0.06300911566886375,-0.085608405176262,32.939999999,0.08686885477622885,-0.0001937805887267663,0.07100753941055515
Belgium,1978,0.0866171259691364,-0.023773190837538594,0.028442540376178937,-0.023230855340460765,28.799999999,0.018384444941984324,0.025587872194691608,0.0446691411749649
Belgium,1979,0.05424059790282665,0.045003792833492096,0.056597163936517925,0.045051797951644046,28.048,-0.1230958185900386,0.06018895607027064,0.0447194315118844
Belgium,1980,-0.16974565416512222,0.34343287213966645,0.11988326145161847,0.3407708392891542,31.523,-0.07717554669619131,0.06967248663892844,0.06649466400844384
Belgium,1981,0.031941710702974246,0.10845529820553534,-0.05709909806187257,0.10818253730663696,38.459999999,-0.03346964593521551,0.07078412673913737,0.07631405322190465
Belgium,1982,0.17741261300814815,0.23391803196421024,0.08181384309040145,0.23371148995886704,46.919999999,0.10455451434972773,0.04934497360469825,0.08724969350224776
Belgium,1983,0.3459311285075517,0.35697386888997973,0.21142934058639876,0.3569301958746003,55.639999999,0.12325473319882807,0.026677154579396012,0.07667731629392982
Belgium,1984,0.172132966818749,0.13473141048133375,0.08435002908069754,0.13489889172912606,63.08,0.06882454375042801,0.047722908450924306,0.06344911851981139
Belgium,1985,0.3174315288459999,0.09567473293111561,0.24831432017695934,0.09683105877694875,50.36,0.21830816404148523,0.044946233284951065,0.048666393106278294
Belgium,1986,0.41822454953573107,0.09250552105399357,0.24485626554922135,0.09425101095749566,40.41,0.26070932728527363,0.06713674312782092,0.012991078416027424
Belgium,1987,-0.1230500258978624,0.035866325096213014,0.08800418044044689,0.03491588825671732,33.1525,0.013340917375886496,0.05452488460845473,0.015528430160692386
Belgium,1988,0.5058766112038564,0.28266956381423936,0.13796936003317048,0.28387472487989496,37.345,0.05759504778263902,0.05492133918658282,0.011639406618485948
Belgium,1989,0.11196686545144141,0.1148989223496455,0.22099700452588772,0.11487939290565996,35.76,-0.07379600579581602,0.0540636292587493,0.031057301849902297
Belgium,1990,-0.22359767393983832,-0.19272499969765455,-0.12815037699878642,-0.19290860344285132,30.9825,0.019982877992423376,0.060127867286992265,0.034497848442856194
Belgium,1991,0.09070354040891027,0.08322358472373881,0.05216812395685472,0.08327048735528786,31.27,0.13018422884419611,0.05912496411040635,0.03207839819514935
Belgium,1992,-0.03741445351483963,0.036364877810667995,0.007956981914120885,0.03594391285086651,33.18,0.1719787723165862,0.06763656971185505,0.02431860099733596
Belgium,1993,0.3098664969223266,0.25102621969235117,0.14595470892194626,0.25132769136284305,36.11,0.17061770655480268,0.05267683807050805,0.027475825275091736
Belgium,1994,-0.052336698845057206,-0.10009312744004095,-0.02119280222859411,-0.09983663523510788,31.8375,-0.055236196451723285,0.032212349796731266,0.023820341403258283
Belgium,1995,0.11761560786422831,0.11301382516316716,0.19007156042701046,0.11303704660269642,29.415,0.17234061869899575,0.032612596022777884,0.014707746925320286
Belgium,1996,0.23384213753694083,0.2798034229627855,0.19728316458533154,0.27959581237509123,32.005,0.1136240968581046,0.01125077080039949,0.020617268524303345
Belgium,1997,0.3297525364562255,0.3700440737912014,0.2277842133550055,0.36985053531375756,36.92,0.08310456085821416,0.018984660035150647,0.015030000000000099
Belgium,1998,0.3997761000361306,0.12842011488139682,0.1796965976721205,0.1299304317350296,34.5745,0.16139279982908694,0.02619243576985797,0.009069999999999911
Belgium,1999,-0.08342810894028851,0.4086949863903022,0.2287998110970022,0.4051643398659759,40.1551861437388,-0.0640258054723375,0.016265387196686243,0.011349999999999971
Belgium,2000,-0.0031905106203944378,-0.021644858053902705,-0.0535127681344359,-0.021546840483805285,43.35292853304674,0.0263446480197449,0.015202717940633326,0.02679000000000009
Belgium,2001,-0.04639860741965407,-0.13894393851872266,-0.16200017781678602,-0.13840488442783538,45.77317599001475,0.050722356386529555,0.016742322858863457,0.024350000000000094
Belgium,2002,-0.27811997546391587,-0.3172449833658737,-0.2303652589820232,-0.3169931499289599,38.466577667588446,0.08291689259100532,0.016366643840745487,0.015479999999999938
Belgium,2003,0.16913553395907255,0.04129109931899566,0.17571001926709515,0.04209395456813225,31.93974663499604,0.03511223674004871,0.006924948078690596,0.015169999999999906
Belgium,2004,0.3672022329513003,0.06737861372231935,0.12065135701395764,0.06911365187489826,29.61596064899787,0.07366461599217344,0.0015021052878956276,0.018569999999999975
Belgium,2005,0.2403955493263561,0.21264902649277695,0.10351580421640855,0.21286052897661545,34.19504958887853,0.03442860228980682,-0.004554453293447502,0.025369999999999893
Belgium,2006,0.2031615889479692,0.07263744515596038,0.15541235597310665,0.0735563467305218,30.630144267274105,-0.025633825336798255,0.005589867060369569,0.023279999999999967
Belgium,2007,-0.05863078402556843,-0.03348697280957991,0.042176718211759875,-0.03367702951832707,27.40296175531552,-0.026287744575315908,0.020370078486574572,0.018159999999999954
Belgium,2008,-0.5794355994253816,-0.37017647920527397,-0.39343676539503397,-0.3717219195928946,28.986060214126592,-0.012074881431485385,-0.007833014905529456,0.044884595736776056
Belgium,2009,0.5248621288598532,0.23013158902537567,0.23651960309298467,0.23202945288520782,28.00215188116061,0.10894161501347721,0.0066559265363019815,-5.5556790151012336e-05
Belgium,2010,0.08918711694630299,0.18008336746767872,0.09638887570017773,0.17941468877612832,30.190016464601108,-0.008491839101983478,-0.018601088973735247,0.02333514828931138
Belgium,2011,-0.1604646838706728,-0.022803968161633548,-0.04770941762071359,-0.023790923085189486,31.17698431099776,-0.026108628962882463,-0.022660860855521436,0.03352046301021794
Belgium,2012,0.3545992687604045,0.09688728308376371,0.12663124769892234,0.0987095687966737,30.57442777019858,0.21140456203063174,-0.0243170589345012,0.026255515864677337
Belgium,2013,0.174935343125306,0.22385957731235195,0.29753236001814765,0.22346868870892944,29.250888260459725,-0.011248682594709902,-0.011831993545675767,0.012479652740097658
Belgium,2014,0.17355102024730384,0.21827008795510938,0.1041441892099106,0.21793848973088426,33.22617576805864,0.15121624314044801,-0.004382550311937572,0.004904042548888654
Belgium,2015,0.09280145944260387,0.13047175284989687,0.039959687483146794,0.13016510680110538,37.053274547625605,0.016325925422021603,-0.008346509453246997,0.006198243160298933
Belgium,2016,-0.04117143518052768,0.04556425937483288,0.03832678156534803,0.04469646243027836,38.26951902096575,0.031403159183214235,-0.0199834661144358,0.01770017700177018
Belgium,2017,0.019323656362634,0.053868338816252415,0.16354132242838612,0.05353600303009731,33.63620445259737,0.00931310615335379,-0.024981705603029813,0.022246460120468825
Belgium,2018,-0.2246175747843313,0.021337599782440098,-0.00761906290319949,0.0182137843026553,35.23135371179039,-0.020215965324976604,-0.025734380835611637,0.023108052252650557
Belgium,2019,0.23339944902800602,0.15691844008133926,0.13343553638034183,0.1578863133544639,35.90875912408758,0.0770152399193953,-0.01585133558821905,0.012486259477437534
Belgium,2020,-0.10692040613959508,0.017911283359283825,0.07007448152966418,0.01633066279839035,32.87417488387254,0.03992355864577357,-0.008493453870106249,0.004277787057142213
Belgium,2021,0.10941741314111164,0.15996965903306193,0.1743008231868111,0.1594455847319558,31.717691744114305,-0.07092786390684358,-0.036534319623092615,0.03222404
Belgium,2022,-0.13443869978726086,-0.1211555610603614,-0.14247514459281838,-0.12124901342550987,35.684062240169,-0.23423005764290228,-0.09056879535586393,0.1033441
Belgium,2023,-0.051248294839652764,0.12869617312491433,0.1614625229719538,0.12620287228306615,34.68223425671961,0.014924166818644391,0.011233897400571236,0.02281778
Belgium,2024,0.14621277330196203,0.15181090326265245,0.16449852842121113,0.1519068254984275,34.64755400954732,-0.020213255283287435,-0.0071545489305092635,0.04332084
Belgium,2025,0.2299972637742882,0.13995461353026695,0.17010042190755292,0.14115111730674523,33.24448493935435,-0.014333252046830003,-0.004927132334314854,0.02937564
Denmark,1875,0.18293896606658944,0.17904272309820612,0.10071671537069915,0.17907173501450946,3.2547277,0.14503529674620608,0.15363341879363257,-0.08653824986933367
Denmark,1876,0.030825750278536512,0.11653378214439614,0.05200857878674979,0.11598382874828794,3.3457535999999997,0.0668180859304206,0.11157904989482725,-0.050000086068148875
Denmark,1877,-0.000692710085105519,0.13765510281457183,0.07218951696341708,0.1367846445283709,3.5828390000000003,0.08087711358600824,0.12290728851097654,-0.05940587242126205
Denmark,1878,0.23205081048413057,0.12109152685302171,0.06970803279714265,0.1218098976324602,3.7182189999999995,0.1626468485990853,0.12876443984484154,-0.06862763984320641
Denmark,1879,0.15824612171533636,0.15313048878290014,0.20125164790880387,0.153163974766801,3.7388999999999997,0.07124832995465935,0.029052594846924462,0.010638333078237139
Denmark,1880,0.10992163991304982,0.09659289617599809,0.15837679579923775,0.09665929555640052,3.741,-0.0024291325541466735,-0.041448399949918224,0.07954543128892855
Denmark,1881,0.06771722397782143,0.1798490504029584,0.2130034098526944,0.17905521354677467,3.7667789999999997,0.022072490319171356,0.014345421103619582,0.02105257171239594
Denmark,1882,0.06810401293733803,-0.04236157529610274,-0.05868821883315599,-0.041554881488421125,3.7378971000000005,0.056931781199050846,0.054369562011376216,-0.010309063970263321
Denmark,1883,0.12781978753641154,0.05048468313125665,-0.004749714188038712,0.05108765016143746,3.750778,0.10057884744514745,0.10421102623833245,-0.05208336460043639
Denmark,1884,0.06457173185154952,0.06510690176560985,0.05891342177089198,0.06510260840444326,3.746934,0.07437396860182521,0.06878981574274157,-0.021977956732814885
Denmark,1885,-0.0470224759392569,0.0591556068695942,0.05157853153274452,0.058384745686127504,3.7477918000000003,0.08168761927380142,0.07979778702021822,-0.03370796521063435
Denmark,1886,0.17119441476893438,0.08597706643610104,0.050289828019967404,0.08668723858345029,3.7328378999999994,0.07499984664807857,0.09125594161848904,-0.04651149154248946
Denmark,1887,0.03440308943390846,0.011237449283534096,0.0067808293299342,0.011436190435886617,3.7419515999999997,0.027918782085180283,0.03500000014901161,0.0
Denmark,1888,0.15597560912389707,0.11347475104929972,0.08599797988533035,0.11383917257538045,3.7274268,0.07480858480527197,0.05923539461218774,-0.024390608170673622
Denmark,1889,0.05065088343704427,0.061118556536049695,0.0866321243118657,0.06103351422769587,3.7354044,-0.006936957701552782,-0.001735058101581033,0.03750012381776546
Denmark,1890,-0.0013518513053215608,-0.03441322684435211,-0.028503464584705384,-0.034140972127346014,3.7404488000000002,0.0006343374932784585,0.028705765479174028,0.012048375771494424
Denmark,1891,-0.05441736676107434,-0.02931761336936123,0.06191003389543055,-0.029532027461507515,3.7342778,-0.08221319927094961,-0.04687366262765258,0.09523780936743842
Denmark,1892,0.11865298095635213,0.11299695799832143,0.07753831231007023,0.11304547047301927,3.722328,0.0999969708027153,0.10273109097405442,-0.054347872898964256
Denmark,1893,0.1427184019001666,0.018627544160374265,-0.010950335765025432,0.01967625374380555,3.7326680000000003,0.10636451304966599,0.10426299246219828,-0.05747090269543387
Denmark,1894,0.13060649658508305,0.1107714909424693,0.10789397938154015,0.11094325891596557,3.717059999999999,0.13949510793484254,0.06600039710141337,-0.024390608170673622
Denmark,1895,0.14051744465338656,0.11440097451434506,0.1027236079931979,0.11462681526881346,3.7149222,0.0510281070133809,0.0658460804932397,-0.02499993246303689
Denmark,1896,0.0994514978112897,0.13669299930886591,0.09154032634650625,0.1363699490267487,3.7282480000000002,0.05710518539151166,0.0659315027488303,-0.025640954596230725
Denmark,1897,0.03643586486577988,0.08605424604917733,0.08212793544284513,0.08561643268946129,3.7302008000000004,0.0477386936545372,0.04619999974966049,0.0
Denmark,1898,0.012904529495169736,0.05288827851140754,0.09966186878670523,0.0525407536821354,3.7536285000000005,-0.033498622240746734,-0.0064898583319924485,0.05263142928098974
Denmark,1899,-0.04947711618159423,0.03967851984982995,0.05882366318038846,0.039179628945486655,3.746032,-0.03917256818486592,0.030926443055100172,0.025000382709456925
Denmark,1900,0.021958305591255556,0.07012325260443553,0.06425552331434299,0.06985493588223823,3.7501440000000006,-0.008231943641321071,0.03690959840166608,0.024390168906037735
Denmark,1901,0.0142215859810777,0.026907933488367286,0.0659263031170715,0.026807439651832743,3.7282788,0.06259403153563037,0.021034800812027132,0.03571396410979677
Denmark,1902,0.084967240691185,0.0567215422438343,0.04841509219708724,0.056859768582813386,3.7348176000000004,0.040920715779066086,0.044599998742341995,0.0
Denmark,1903,0.117976286151519,-0.0019891099526166967,-0.049924503160939535,-0.0013941835649553536,3.7413032,0.07788043221017271,0.08273537922862206,-0.03448245881332035
Denmark,1904,0.06914178282022476,0.18090428564960703,0.18131023862866805,0.1802460997667641,3.7343774,0.027848100289702415,0.0478999987244606,0.0
Denmark,1905,0.07245951961389441,0.11559387422089418,0.1399553604352536,0.11534427002794745,3.7371912,0.01661136582941425,0.021186116893776807,0.023809452341859716
Denmark,1906,0.09130642634913677,0.1079638604150639,0.08865911593190695,0.10782657719454991,3.7555542,0.011086069638878149,0.04237955995881282,0.01162766346873112
Denmark,1907,-0.05214608470844351,-0.17021860872950478,-0.14555509815395565,-0.16951933995703627,3.760995,-0.03246903175809701,0.006362992691439695,0.05747131671513461
Denmark,1908,-0.0707234798054811,0.15033518419922332,0.18658855829304116,0.14869276136655163,3.740922,0.0016619086254920923,0.04508051184440642,0.021739462374474217
Denmark,1909,0.15045329460708423,0.1879103688320305,0.15671041671645974,0.18767254274488798,3.7348452,0.05749669654015688,0.08812757656402592,-0.0319149873758614
Denmark,1910,0.045419968184913895,-0.018946470069755472,-0.03734671148552265,-0.018548253760953926,3.7427424,0.028801672750543128,0.0420491510423211,0.01098878045594609
Denmark,1911,0.14359322345828285,0.06181731721486461,0.03976964328458191,0.062333964989235824,3.7433286,0.04064445244403703,0.061437119642569815,-0.010869339668626465
Denmark,1912,0.020361744359181255,0.010492032065711143,0.03964897904206355,0.01055928352655755,3.7444154999999997,-0.0826613196697733,-0.0010854479661329686,0.054945089742498565
Denmark,1913,-0.004763872339034747,-0.07985048487416813,-0.044748276732020885,-0.07932911708895896,3.7377,-0.04554901867417671,0.01740812119449009,0.041666541598254225
Denmark,1914,-0.02609094397211731,-0.062023283235892124,-0.0494147386314798,-0.06179453511534261,3.7558,0.00912023744902335,0.02883485891213744,0.03000009365123857
Denmark,1916,0.21057870003570445,-0.14847447219179977,-0.022651179826885,-0.14469129370783917,3.5315,-0.15842468201627335,-0.23893970152428523,0.3833332284215747
Denmark,1917,-0.08783726887416621,-0.24655897077738398,-0.24990159392461078,-0.2452282549783048,3.3294,-0.13251533212659206,-0.09417599238378149,0.15662644206279297
Denmark,1918,0.0550030950548539,-0.026632131741939902,-0.05901920400607738,-0.02562974190694911,3.3065,-0.11169079923915426,-0.10397175040989826,0.17708342212584904
Denmark,1919,-0.19006015950134236,0.15953050133711022,0.05583645293480367,0.15428354662353216,4.2946,-0.2725194417578559,-0.10519178598103063,0.18584069974847184
Denmark,1920,-0.22613215713356427,-0.08166073896695314,-0.2761845868979617,-0.08336042562918666,6.3391,-0.14263928320495556,-0.0956263638056758,0.18656709757216938
Denmark,1921,-0.06704491664016743,0.1485622875139112,0.22858045362254023,0.14629467794282758,5.6192,0.46556052343521115,0.25079994745421574,-0.15094336136787012
Denmark,1922,0.07494214301790869,0.27740662192088283,0.41442688545306855,0.27610585519710185,4.774,0.3718141165875206,0.24012175712241657,-0.1481481596610993
Denmark,1923,0.12212284911206162,1.2621602070204094,0.2381894451937937,1.257874802776275,5.4454,-0.06520460000837114,0.01688758374661492,0.04347817360835915
Denmark,1924,0.05830130919849519,0.19848150722709645,0.17031447795217067,0.19777422392104516,5.9799,-0.07767502698107687,0.005283403204681569,0.05833339598897802
Denmark,1925,0.0558226917478577,-0.00987312334054613,0.16283057972958037,-0.009632991380000289,4.7324,0.11262958586009653,0.0985241141466886,-0.03149600054851498
Denmark,1926,0.08669605612958131,0.0891728425904581,0.16182226832188912,0.08916408683982113,3.8131,0.27702220005362355,0.23389506148699857,-0.14634150502152055
Denmark,1927,0.16488880784065962,0.2939383998437266,0.2597767909312887,0.29348469017190193,3.7418,0.12741782748327002,0.09098629819776849,-0.03809516196878415
Denmark,1928,0.10877277702093124,0.3117755688827981,0.3250049512935205,0.31110596369051446,3.7393,0.09259258955717087,0.04922499880194664,0.0
Denmark,1929,0.08418458191265143,-0.05838312843005966,-0.07338390900217849,-0.05805253901938168,3.7481,0.0742493459928677,0.06204022842415813,-0.009900969530093007
Denmark,1930,0.06356866540978934,-0.16647584699096352,-0.18557164819381783,-0.16583431293788253,3.7362,0.12139657759670586,0.10244749034378753,-0.05000010491175877
Denmark,1931,-0.03943600558440119,-0.2772379274964628,-0.2929761066038753,-0.276385720428719,3.9907,0.032040589242082085,0.10413737860738603,-0.0526314743262124
Denmark,1932,-0.09426854693759168,0.27062895248432994,0.10728211062500025,0.26886794500096833,5.3102,0.15146065492687222,0.06435109727311183,-0.011111087797386787
Denmark,1933,0.20825557477754697,0.4264440764006985,0.38861723284973115,0.4253847750078481,5.2436,0.050582275002631016,0.011238385028767395,0.033707793646826856
Denmark,1934,0.1977784029713856,-0.07300042094480907,0.013324820137736108,-0.07169394938851159,4.4445,0.01743647808351967,0.005923222977086029,0.032608628718865384
Denmark,1935,0.036926566019264806,0.2490101008617851,0.27273486438440786,0.24787928771756662,4.5697,-0.03311589234352408,-0.005066838093948145,0.042105179460970144
Denmark,1936,0.13263542683743945,0.24721882174171617,0.26211948551852565,0.2467363337064321,4.5067,0.013324413817485281,0.03269355286753761,0.0101012027764531
Denmark,1937,-0.04336408612514675,-0.2528506434807687,-0.23831728855141798,-0.25201719229458464,4.5312,7.984167682550947e-08,0.005601043511390014,0.039999916070593056
Denmark,1938,0.018599791599557713,0.03991242150937091,0.0554883429143527,0.03980598595308216,4.582,0.06992616608909574,0.035567638449736094,0.009615365216019356
Denmark,1939,0.051407274686178894,0.035898845462761786,0.016066869840858054,0.035968451443356475,4.9149,-0.04030636123188536,0.017357695199010426,0.02857137147658828
Denmark,1940,-0.1813501433879885,-0.20245032367758542,-0.08850458158167514,-0.2023503625742783,5.1791,-0.12538962108451224,-0.15524261666006978,0.24074085587026084
Denmark,1941,0.09062091716131793,-0.08200562967652425,-0.05810787329500807,-0.08128256755653829,5.165538461538461,-0.07936115195620896,-0.0950648199073253,0.14925358410690093
Denmark,1942,0.09470660911457185,0.04062680391321716,0.040605710903874145,0.040855380694211574,4.789118756429307,0.06666659322368607,0.007295524112548746,0.03246760678520344
Denmark,1943,0.12784856239549702,0.15149732594867382,0.10450109163457608,0.1514039004353196,4.766780432309443,0.036518998834396355,0.033500011897640736,0.00628929572662007
Denmark,1944,0.07491382865710605,0.10706888660982794,0.12804643956664305,0.10693617687197055,4.766780432309443,0.051983160415416174,0.014634064335771635,0.025000081962322396
Denmark,1945,-0.09408019421124847,0.22289143719670612,0.20839592346118976,0.22161153209692075,4.773840720063804,0.06073315346798558,0.02746990397563387,0.01219509698708765
Denmark,1946,0.06415942524162,0.4801257773991341,-0.06781247709308513,0.47890065726559183,8.1,0.03742459330143766,0.04148231041696304,-0.00602408420243683
Denmark,1947,0.025021947691871826,-0.06613895467621422,-0.10198613859153985,-0.06579581047098626,8.15,-0.017143353600754252,0.0075221161020790905,0.027272735365095002
Denmark,1948,0.018656029271337138,0.1694792646051655,-0.10431983550066971,0.16885785208976767,9.6,-0.04767113418280322,0.0082327512342808,0.026548680234759647
Denmark,1949,-0.053512092385435195,-0.028271678212541285,0.07762912017004418,-0.028377341378481025,9.3,0.0302555786878711,0.007520241402603434,0.027274646818164827
Denmark,1950,0.18283346241729892,0.21040800683224625,0.19055093258341507,0.2102864510100153,9.7,-0.08495253492710819,-0.019425380816910143,0.061452449698979894
Denmark,1951,-0.12066299070605202,4.811114977121278e-05,0.13596716408373177,-0.0004278101269440393,8.8,-0.1282771374297118,-0.049999979314285126,0.10526313461252634
Denmark,1952,-0.04735696913622833,-0.01442044119922492,0.08588444812783096,-0.014529849718255217,7.8,0.010436564619552113,0.011467625077591359,0.03809551063437233
Denmark,1953,0.0831589131116599,0.027247968534237943,0.06518725449726835,0.027421880437257462,7.45,0.07761392760344932,0.03921618960528406,0.009174037800736778
Denmark,1954,0.15272089838981628,0.48466973719825734,0.46389859616617574,0.48361498016634785,7.48,-0.0535714291036129,0.05000000074505806,0.0
Denmark,1955,0.10082135773838918,0.14374171036943428,0.2583062833583122,0.1436368330030635,7.11,-0.010875606659137227,0.0031965588548774626,0.05454574975812099
Denmark,1956,0.10334793156459599,0.04491766933464092,0.025523863741381086,0.04506133672967816,7.52,-0.01552106946912446,-0.0003252118778164226,0.06034483539394686
Denmark,1957,0.07986976127015888,-0.1621521399848017,-0.09092773946263005,-0.16145036880235542,6.913999999,0.07901915526286007,0.03169157378202292,0.027438844705397925
Denmark,1958,0.05801648291965389,0.32041607771423064,0.2949834895866941,0.31964106027341566,6.905999999,0.17489288900081634,0.04878733811427094,0.007314155359709584
Denmark,1959,0.28001262218049083,0.21504551865752575,0.2232923258616178,0.21521662966713917,6.907999999,-0.006267854898330039,0.03360252200094971,0.017275316484425263
Denmark,1960,0.14680859929506695,0.027493920384247472,0.01985774356210157,0.027793518517067017,6.905999999,0.010112786111101446,0.04644800533093729,0.012552297860706219
Denmark,1961,0.00994053227292735,0.16468789886181145,0.1816532046098505,0.1643054336652523,6.885999999,-0.053324746762187236,0.030674856977971565,0.034516355186988035
Denmark,1962,-0.012555097448445962,-0.14335923225941305,-0.09989947182743622,-0.14308937794122567,6.901999999,0.008898618415605908,-0.003518590503122865,0.07377818602583419
Denmark,1963,-0.06029767964927313,0.11231990358222221,0.15040329180219525,0.11193759955078986,6.910999999,0.07879338083504805,0.006667592431877312,0.06105035079734544
Denmark,1964,0.20359452938268308,0.06157843110725958,0.07063090133711075,0.06188239358909953,6.920999999,-0.0863956387158592,0.03345383378129463,0.030928164431761163
Denmark,1965,0.015804546571715372,0.027530621686111756,0.061400082450340523,0.02750575519345011,6.890999999,-0.08599733764915884,0.014698928436206904,0.05449998054796712
Denmark,1966,0.020225626361360938,-0.12034923368628436,-0.09270991015031312,-0.1200595063206783,6.915999999,-0.05898895950823202,-0.0006067036661907554,0.07064956731571925
Denmark,1967,-0.21369590908538283,0.18852420786624946,0.1860617518256885,0.18766500577792922,7.461999999,-0.017332174590294902,-0.010777434980330014,0.08207869939364065
Denmark,1968,0.002590791933908765,0.12572533449069057,0.161851181972527,0.1255346931534036,7.500999999,0.10928262986915316,-0.007289583569240032,0.0795360335074915
Denmark,1969,0.157747392687978,-0.0852153768406585,-0.09846076325246272,-0.08487425716067709,7.491999999,-0.11934889195120801,0.04843160834645044,0.03487913971355128
Denmark,1970,-0.10978578399428485,-0.06107545842797368,-0.0545133519566851,-0.06115205683349467,7.488999999,0.012261345620986575,0.028025624752259448,0.06514854536995385
Denmark,1971,-0.06663984367398434,0.07414377540826678,0.10109548784641523,0.07391496815061926,7.061999999,0.07899683684253622,0.02189139374843241,0.05869860832789797
Denmark,1972,0.3950187033776529,0.13581074221451805,0.19789860892581784,0.13616079368521383,6.846999999,0.031010406837602922,0.011340492324578344,0.0656236370537997
Denmark,1973,0.48606737150110213,-0.21000338064313118,-0.1576371492996027,-0.20852919268917824,6.289999999,-0.13701169750368425,-0.010971357563980266,0.09303372774166063
Denmark,1974,-0.32865123987446687,-0.41090702908987664,-0.33720693222550135,-0.4106964496966027,5.649999999,-0.12834577539131653,-0.016816487427169236,0.15275189706731607
Denmark,1975,0.06239945924997814,0.32033211319048305,0.22265177361949529,0.3196336275522309,6.177499999,0.1825424186348923,-0.02860074055673112,0.09605635312857363
Denmark,1976,0.24478116022434837,-0.025140312727756853,0.064238501436746,-0.024352059111755087,5.787499999,-0.100842223054461,0.011743094651766262,0.09000002328974666
Denmark,1977,-0.02967551936425683,-0.03913456076759836,-0.06301858525978744,-0.039108216005494634,5.777499999,-0.08413885733526838,0.030075317327367568,0.11139122313099126
Denmark,1978,-0.09183118383758748,-0.06526961775630491,0.02906915541843985,-0.06534449297418132,5.089999999,0.10665440195435694,0.04918725559540493,0.10008961355147239
Denmark,1979,-0.06910205524562274,0.07837006691180926,0.0568863059479619,0.07801728398949193,5.364999999,-0.042783970163080665,0.02757288537679914,0.09611039969032431
Denmark,1980,-0.12303379744219667,0.27104625810802063,0.11893462225012594,0.2701443725246713,6.014999999,-0.029287927488729548,0.04115705909982026,0.12305342452594403
Denmark,1981,0.5886636091698991,0.06427951779422125,-0.0581705015322947,0.06540542672771932,7.324999999,0.04578138997780723,0.02770273779489041,0.11744374277075575
Denmark,1982,0.22472445657065876,0.1425598041090712,0.08175366849113333,0.1427952067947198,8.383999999,0.019565074099308966,0.06172783645191049,0.10120813320194588
Denmark,1983,0.6990560826054222,0.356486682919102,0.210745274532036,0.3573397608789255,9.875,0.57679704239248,0.055203882632621104,0.0690824886436121
Denmark,1984,0.031509406889591585,0.14249249422672428,0.08496903444245281,0.14202348003725795,11.26,-0.021445125785088726,0.05157290501775047,0.06290775889338462
Denmark,1985,0.018629844754003422,0.09655913240015646,0.24943660782851182,0.09630189098747421,8.969,0.3803214779327251,0.05401049689930426,0.04678748944265476
Denmark,1986,-0.008667940407017904,0.09115062478955749,0.24676702179605808,0.09076699880146233,7.3425,-0.11298174937743166,0.053500298209180785,0.03678185836003278
Denmark,1987,-0.17176759403458797,0.023382119674954183,0.08747298506041869,0.02283179311090855,6.0965,0.0495026700639829,0.05881010309256052,0.0399252213348158
Denmark,1988,0.10383687970541944,0.2436803234715601,0.1400481408196633,0.2433237162101436,6.874,0.28659198911683004,0.03791756205297614,0.045627361461399785
Denmark,1989,0.35396089317781043,0.10055177289359118,0.21984878214777825,0.10134917300023094,6.6075,-0.02469770101173785,0.04601264648321868,0.04772729472417492
Denmark,1990,0.08458200316262232,-0.18021217181241,-0.12947910879990535,-0.17927069584364252,5.776,0.05200798469147383,0.08039035492797941,0.02641604871288461
Denmark,1991,0.06835276675826596,0.10773264681612593,0.05234908531551976,0.10758335081175519,5.9135,0.1705378291624251,0.07133544820156668,0.023951000000000056
Denmark,1992,-0.08845915570966612,0.03664057147407673,0.00806102943274667,0.03617018510404191,6.2555,0.05450808006143104,0.08755480660889225,0.020960963952376677
Denmark,1993,0.020722738748329972,0.26383981681586954,0.14716112333625667,0.2631349094345168,6.7725,0.2469950422848617,0.090338897506959,0.012578748706254084
Denmark,1994,0.1821817011760012,-0.08032246907909057,-0.02202024411755661,-0.07947380843308638,6.083,-0.12766592316005387,0.04061456113378714,0.01992038270713925
Denmark,1995,-0.008632772955588508,0.09210506530377915,0.19038848296106287,0.09175958227424807,5.546,0.17999362619893122,0.03904406277941752,0.020835436636468696
Denmark,1996,0.2921487411854178,0.2596721493448353,0.19715654713693123,0.25977189728498207,5.9445,0.09191967344767837,0.017084207508330618,0.02124582405597808
Denmark,1997,0.4097050463030214,0.3570117853197723,0.22763021568620037,0.3571981032044471,6.826,0.10038421260101726,0.016456997436728127,0.019802118561167203
Denmark,1998,-0.05148616886136248,0.1251450961873044,0.1819391961326381,0.12437502748385731,6.3865,0.12990781360710102,0.027967071314935144,0.013127783487495659
Denmark,1999,0.20770952153553468,0.38971984286192374,0.22662860478005253,0.3890578069269708,7.3988,-0.06239693174147298,0.012304941931205127,0.020518577631098323
Denmark,2000,0.13875922602991908,-0.018448660281264018,-0.05388139882962028,-0.017929714346620607,8.0205,0.056322776862690604,0.02132430221284598,0.02717031146454607
Denmark,2001,-0.1483556361610484,-0.14333613323538408,-0.16138002805045,-0.14335663662585008,8.4095,0.030405582807962128,0.02254218595098756,0.023122580645161372
Denmark,2002,-0.22076933798435783,-0.3213603578551223,-0.23070856131860795,-0.32099679910693446,7.0822,0.07315727309919429,0.010942472725806063,0.023646773949452582
Denmark,2003,0.30471136201277815,0.04982958822857819,0.1752101705719215,0.05073211988498194,5.9576,0.02212714861123799,0.0036589046821193794,0.02002045166138955
Denmark,2004,0.2294287228020533,0.06775370000093695,0.12167391760126606,0.0683601538651295,5.4676,0.07567416279018357,0.012651147996547873,0.00885351241665866
Denmark,2005,0.40794278872971135,0.22460893763988743,0.10343694456688984,0.22528460971801478,6.3241,0.06083304685706925,0.005147030589675028,0.016761448668063395
Denmark,2006,0.20179223242315114,0.07701967571366697,0.1555379808572302,0.07758759886946143,5.6614,-0.030408259160973672,0.012734820256297796,0.01884015307624365
Denmark,2007,0.05388899598884023,-0.030564700261854094,0.04135669606441357,-0.03017357735375914,5.0753,-0.01330521982056243,0.026278101587992708,0.016561687373591427
Denmark,2008,-0.4978233293549206,-0.3758432888399651,-0.39431125949178986,-0.3764315084228188,5.2849,0.08077986364466883,0.011991084851645795,0.03638100002273803
Denmark,2009,0.34075752980063934,0.23903401492813314,0.2379497975352844,0.23945605162066275,5.1901,-0.004608444047002225,0.007591091119293125,0.010421466026020676
Denmark,2010,0.29824161670870386,0.18418793407152179,0.09541521558704458,0.18470565258778526,5.6133,0.053187979546029274,-0.014644435493050167,0.02198506101532982
Denmark,2011,-0.1848501441576692,-0.02502446647778378,-0.047807851901837804,-0.025852459815729034,5.7456,0.11293086641059302,-0.0172234121763456,0.026558167698894186
Denmark,2012,0.23728614440329054,0.10580238219502469,0.12772819832280102,0.10642046710152164,5.6591,0.03669682449189304,-0.022218726988366688,0.02354268210652677
Denmark,2013,0.29968654452480514,0.23163891946137238,0.2965374338734634,0.23197203951541945,5.4127,-0.07201925254569508,-0.005429714818386389,0.0052270797104378985
Denmark,2014,0.19348170752589255,0.21438227971018797,0.10422772119511192,0.2142813222777975,6.1214,0.13944714797734914,-0.0028689835570375744,0.0035202413879809047
Denmark,2015,0.33684453416615723,0.1341218619384048,0.038810521610162,0.1351961094416405,6.83,-0.03112893421249463,-0.0035072480977687004,0.002255073916311634
Denmark,2016,-0.0607596722206688,0.06365062050478842,0.03820990309262497,0.0627976992752135,7.0528,0.04708433644687693,-0.004569223232050557,0.00017000000000000348
Denmark,2017,0.17477300907328308,0.06652974106927068,0.16207397140218166,0.06721087746214849,6.2077,0.020911411574622063,-0.01482141775908985,0.01057820170571011
Denmark,2018,-0.08598379260498523,0.037977852776063026,-0.009872039343441046,0.03715851681849913,6.5194,0.013379137388134676,-0.011909261042125197,0.00709374227059123
Denmark,2019,0.2877259415690918,0.16854108579968896,0.13368415935602262,0.1693275143956805,6.6759,0.06171842378884196,-0.01268719339139579,0.007279550455831396
Denmark,2020,0.30135930518072707,0.00632083855753196,0.0662763017701434,0.00827502056551821,6.0576,0.01396197202265781,-0.00481943620899139,0.0033355114938604657
Denmark,2021,0.16445263933541399,0.16352890451707847,0.17365991420014715,0.16353624293523095,5.830730929664932,-0.036454923856228394,-0.020452136703424162,0.01853045
Denmark,2022,-0.17860258612650692,-0.10496143620386156,-0.14204840038482344,-0.105471397988817,6.562084133065336,-0.14351958869775305,-0.06575001596847563,0.07696567
Denmark,2023,0.06117832385056565,0.13649491953571324,0.15922446914082236,0.1359786434437218,6.38763569048274,-0.07574816820895469,0.0019220914560544866,0.03305178
Denmark,2024,-0.020318122792722382,0.17453413468787526,0.1657092395085825,0.17319878813428335,6.388067555494631,0.031026229265865846,0.020458062534905563,0.01432919
Denmark,2025,0.03023050832709928,0.1491034635217663,0.17189297374760903,0.14828879924773486,6.132983613298945,0.0011166345962818625,0.0027748299163607992,0.02049498
Finland,1897,0.10907310520837066,0.03517998974075498,0.08158479795512286,0.03555624786679301,0.05185232,-0.012763303901077494,-0.0077064228714059935,0.04807692307692313
Finland,1898,-0.062443122453655575,0.07824146895386952,0.09974178002491504,0.07751805051229232,0.052235159999999996,0.031057589958005227,0.01519608016851337,0.029357798165137616
Finland,1899,-0.055486722685612944,0.02555761528749878,0.05821764121518232,0.02555761528749878,0.052428,-0.08595206025263158,0.0052047788702687114,0.04456327985739761
Finland,1900,-0.03749023325841638,0.07407368153420935,0.06401989446968934,0.07407368153420935,0.05214016,-0.091367189907265,0.03585858659360941,0.013651877133105783
Finland,1901,0.013651877133105783,0.08080801466791487,0.06575346095083877,0.08050287933315503,0.05195663999999999,0.1461755925274546,0.06433447174499074,-0.013468013468013518
Finland,1902,0.0015480522997677326,0.05719108305784815,0.04859396791784784,0.05719108305784815,0.05206408,0.046036530286073685,0.04500000178813934,0.0
Finland,1903,0.09135858714580536,-0.036473582748173916,-0.04909185797061766,-0.036473582748173916,0.0521196,-0.002809121273458004,0.04500000178813934,0.0
Finland,1904,-0.0003607419494073838,0.17895481285138115,0.18064966202878535,0.17895481285138115,0.0519662,-0.11510643362998962,0.04500000178813934,0.0
Finland,1905,0.15066853165626526,0.14305417725767877,0.13956478440765446,0.14305417725767877,0.05205792,0.09614947438240051,0.04500000178813934,0.0
Finland,1906,-0.01402244239484629,0.07810755868877695,0.08913379710798262,0.07770310144601811,0.052452450000000005,-0.1191626095781545,0.002242227574221989,0.04266211604095571
Finland,1907,0.15491982990284647,-0.14232411569194858,-0.14500189573272265,-0.14232411569194858,0.052643640000000005,0.007021442251770038,0.023205742352839565,0.026186579378068897
Finland,1908,-0.07644703704863787,0.11101616145937787,0.18467677994950893,0.11101616145937787,0.05217645,0.01976712979376316,-0.002499999292194799,0.05263157894736836
Finland,1909,0.104062466762183,0.16360893354197925,0.1566706883901332,0.16360893354197925,0.05207976,0.13640857597618772,0.06288343633702209,-0.01212121212121231
Finland,1910,0.04567369818687439,-0.009490366673838735,-0.03683465827015423,-0.009490366673838735,0.052099040000000006,0.09842497855424881,0.05000000074505806,0.0
Finland,1911,0.049842915515603714,0.013116673420685787,0.040425584919325935,0.013116673420685787,0.05216552,0.021566611757306564,0.006410636877203446,0.0383435582822087
Finland,1912,-0.2044224047987665,0.040156141751506835,0.03951755730761583,0.040156141751506835,0.052114799999999996,-0.10515368664247482,0.025757576485431866,0.02363367799113747
Finland,1913,0.055490054190158844,-0.0376019079927814,-0.044644362642328836,-0.037440406006563176,0.05221268,0.06066017225384712,0.05000000074505806,0.0
Finland,1914,0.026466386392712593,0.08335337755349781,-0.04940922937923528,0.08324618580772025,0.058811999999999996,0.028287624940276146,0.05000000074505806,0.0
Finland,1915,0.04309078986696191,0.1466190708162718,0.07357771520439443,0.1464090982076638,0.0720986,-0.22038064797897994,-0.1358273388724105,0.20346320346320357
Finland,1916,0.4301631822508456,-0.15271807827749373,-0.020962869234043204,-0.15106998051675302,0.07395449999999999,-0.21442038915498995,-0.2157685359363961,0.32613908872901676
Finland,1917,-0.4272809877175363,-0.5893159203504965,-0.24754398438016784,-0.5884154283923015,0.0640195,-0.5915676484034917,-0.46599814344885837,0.9475587703435804
Finland,1918,-0.6076194234506442,-0.5326548751187135,-0.05440699298171331,-0.5330901453815717,0.0883679,-0.6066550264580275,-0.695382105238758,2.414113277623027
Finland,1919,0.16157913492546871,2.8148237082308647,0.051461181125928165,2.7983274634498065,0.282375,-0.062058396514025116,0.18430981679128178,-0.11340766929562152
Finland,1920,-0.04813892021775246,-0.19066329414140593,-0.2767485067334148,-0.18994460497925103,0.31042374999999994,-0.07952019572257996,0.06499999761581421,0.0
Finland,1921,-0.37782983031708406,0.651202021574738,0.22806231890660744,0.6468014456761033,0.5793539999999999,-0.14458402738197362,-0.14411438623750672,0.24432515337423322
Finland,1922,0.17140876258031712,-0.04720086751536956,0.4127400215078179,-0.046753185940330844,0.4206654,0.5661355044456715,0.09274629829987369,-0.025391347220510396
Finland,1923,0.038299023089296114,0.8694620988900819,0.23806378244010162,0.8681696495911317,0.38364299999999996,0.32065365707113247,0.05618399362200455,0.008347034273428644
Finland,1924,-0.0521672509893506,0.25974332291838786,0.17010168865431205,0.259248832162398,0.42585839999999997,0.14701364317312637,0.05153580702282001,0.017559262510974616
Finland,1925,0.3216754461645237,0.08953516506124903,0.16226399311201334,0.08979066176341433,0.3992888,0.05159960705038369,0.021317373600130196,0.04277086158017984
Finland,1926,0.4177045658344529,0.175449690037061,0.16123260368559267,0.17575580904747246,0.39688530000000005,0.09821001796972006,0.09171210224521831,-0.024468085106382875
Finland,1927,0.7109637983659918,0.252149273182946,0.2588040329555632,0.25279783298039193,0.3988523,0.08843672521321833,0.04219442327041523,0.017084696474009453
Finland,1928,-0.10377402089709453,0.2734809835207197,0.32516477106228175,0.27271311860269587,0.39640949999999997,0.01614613644605467,0.044369767732745036,0.024541339051703526
Finland,1929,-0.14562722503482417,-0.054583782540070236,-0.07292301328873436,-0.05470339959885162,0.3996519,0.06927907809821177,0.07827513505542538,-0.007674418604651123
Finland,1930,0.044315517782982594,-0.14114357348174067,-0.18512689403535745,-0.14094147086958342,0.3967953,0.1706478874410633,0.15368447756089965,-0.08120459339114139
Finland,1931,0.17432023976532696,-0.08924669444810074,-0.2927060876202483,-0.08888630602887382,0.518175,0.17827593726175062,0.1468535973469014,-0.08009182502231849
Finland,1932,0.018963775672440786,0.192029793470333,0.10650147335854888,0.19165009609754047,0.64883,0.09098265030358377,0.05969637685379947,-0.009150145570497759
Finland,1933,0.48099910392744705,0.26965058652832874,0.3875650946875062,0.2700497980808283,0.53572,0.2019264760143602,0.07725587952976065,-0.029942633272701746
Finland,1934,0.1645953674512226,-0.040019268781034456,0.013931979417896596,-0.039635194381757555,0.450595,0.08946954588173472,0.04999563037737231,-0.009519688446560037
Finland,1935,0.1189896547397149,0.2878233517724791,0.2718034482434892,0.28746329158662043,0.46308,0.0531877354980288,0.027227129571200992,0.009611183923110556
Finland,1936,0.45579013228416443,0.2590689851541059,0.26123924746918964,0.25940772849336446,0.45672399999999996,0.07014147192239761,0.03635000064969063,0.0
Finland,1937,-0.058080549404833426,-0.2595587534277868,-0.23790309725165562,-0.2591537878465796,0.45922100000000005,0.006047752514420246,-0.015190206219923064,0.05005048319630734
Finland,1938,-0.010060089057465915,0.01956035491626551,0.05546723324878159,0.019486622966696343,0.464215,0.017101679781706958,0.00442434044434048,0.02939560439560429
Finland,1939,-0.07197737266741155,-0.06580307991780832,0.016428127209499405,-0.06581723242822879,0.444235,0.02887726041695715,0.015758339544270195,0.017614091273018495
Finland,1940,0.02372938546857073,-0.11471945411999851,-0.08920883090621014,-0.11439533372256094,0.49870099999999995,-0.12056151693718653,-0.1334969062271565,0.19053238919485982
Finland,1941,0.2325362195083307,-0.12775398113974068,-0.05820456722374799,-0.12686217037621283,0.48608,-0.11401687152680262,-0.12768318052296423,0.18173807688071375
Finland,1942,0.11048713842590363,-0.01638277644917352,0.040616065503863145,-0.01598637291345828,0.48568799999999995,-0.11044797412626328,-0.12416933344232817,0.17699692422406565
Finland,1943,-0.1289603148453592,0.030104404872384194,0.10540753732614923,0.029551802816804917,0.48568799999999995,-0.07399383809515059,-0.08783528355677794,0.13066202090592327
Finland,1944,-0.0979910985652902,0.06724494518709623,0.12847921738991624,0.06676918853637592,0.48568799999999995,-0.015602135057154465,-0.030034328309087255,0.06359434094410976
Finland,1945,0.46637376831363153,1.4627924991497125,0.20653842929273722,1.460353097985192,1.3571069999999998,-0.2533229090090737,-0.2645908149174987,0.4022125642038721
Finland,1946,-0.48995376307881666,0.6057788121444028,-0.06632941101480033,0.6029481323206647,4.0,-0.34276227917778945,-0.35290018529364064,0.5930309007232084
Finland,1947,-0.23185388304692678,-0.24757175057080338,-0.10118265196063392,-0.24753260868649607,4.1,-0.23386267313963915,-0.20700118841125292,0.2992453275160665
Finland,1948,-0.44519841319390674,-0.0027291507739501952,-0.10316524129439673,-0.0035673245122743724,5.4,-0.35287263816260395,-0.21872211317477608,0.3464479386472441
Finland,1949,0.4098821531789958,-0.3212794160799083,0.07667762699175797,-0.32039619549553633,3.61,0.19884974309735037,0.029190611965353552,0.013514879849011008
Finland,1950,0.6014504020523317,0.48755873603288546,0.18987102627647617,0.487737464608446,5.0,-0.15430888358187855,-0.07414083040919583,0.14666467145517426
Finland,1951,-0.022303861504682554,-0.08897341630318478,0.13528085596967107,-0.08883570915747574,4.35,0.09433082527673675,-0.08885186075354068,0.16276372072790557
Finland,1952,-0.13694630893149018,0.01166139924667231,0.08581205306057474,0.011414425433860176,3.85,0.030030449123066294,0.03774711532868524,0.009976306272602598
Finland,1953,0.3414189334390527,0.09171880009342415,0.06488080209745661,0.09204598725535518,3.95,0.08457104091422041,0.028308260958578746,0.019878997407087207
Finland,1954,0.05448929965496063,0.3247621610635616,0.46362943820902536,0.3242868026780985,3.54,0.04940541833639145,0.04935000091791153,0.0
Finland,1955,0.6516518221188101,0.3212545732302865,0.2574180617155148,0.32167646140847195,3.58,0.10134631261547278,0.08655206476316013,-0.02917675544794185
Finland,1956,-0.07757124707057572,-0.05607333400985404,0.025884409756232695,-0.05610849212480651,3.58,-0.016953777668750836,-0.05309853396925568,0.10998877665544327
Finland,1957,-0.23760875460476905,-0.10597076855885779,-0.09021675224881522,-0.10616344881790407,3.8,0.028492652282216424,-0.057194935770377264,0.11279631502078424
Finland,1958,-0.006924149905323418,0.19610314396365158,0.29467465944265436,0.1958398872160576,3.64,0.0770386920678976,-0.022585970640411124,0.06602725896012118
Finland,1959,0.4097801798305234,0.17003137769244914,0.2232685925411798,0.17025391735240292,3.5,0.10834651897061875,0.024041797526943798,0.015437067904157553
Finland,1960,0.11262485169797865,-0.0493441345864839,0.020078563322574943,-0.04917270353978098,3.3,0.09347120202595827,0.008069499406221814,0.032270098862152485
Finland,1961,-0.025398201789352592,0.1576354162755369,0.18146562301041508,0.15742588255730205,3.219,-0.015200431121762614,0.023112247182591084,0.018070112034694663
Finland,1962,0.09596485726927129,-0.12033738353690493,-0.09990057886658946,-0.12013716420653842,3.223,0.44448708007293325,-0.003962789793284349,0.04463968761093362
Finland,1963,-0.0006373296235279158,0.12267368723237282,0.15009481801330085,0.1225442871521829,3.22,0.10257501214409492,-0.0071317879673229445,0.04867895675813427
Finland,1964,-0.014254464471835537,-0.009410278227389268,0.07099223669881667,-0.009414639483653064,3.22,-0.060900683756389906,-0.058251210087599925,0.10353208036292938
Finland,1965,-0.100982102224065,0.038337041982678066,0.06143553012842456,0.038223695978226724,3.22,0.13379495135374242,-0.008879767728483867,0.04815739245338424
Finland,1966,-0.10449190274322773,-0.09684147057560322,-0.09246866315015179,-0.09684686947748067,3.22,0.040419557181530896,0.00013349231513282156,0.03936125507774202
Finland,1967,-0.06551086884937773,0.4711109842660566,0.18536746186025946,0.4707694931336919,4.2,-0.06833932102182805,-0.017924470720044106,0.05633423180592989
Finland,1968,0.2860808030805124,0.10696009833859432,0.16154591637121826,0.10704451739837895,4.2,0.2141877132184764,-0.0447494728387543,0.09186016841030864
Finland,1969,0.23143039702878498,-0.07245808833965306,-0.09826653829676943,-0.07230555163656593,4.2,0.05699987261652639,0.019044803215480854,0.02208459920542194
Finland,1970,0.21572244392685969,-0.030991130475860218,-0.054774773105018056,-0.03083197018184458,4.18,0.04183422640503287,0.013993981281689605,0.027323653824168348
Finland,1971,0.12467193787278696,0.12417146194795636,0.1008022640401397,0.12417189415226004,4.15,0.019489524459405327,-0.013169379267048753,0.06482305809036282
Finland,1972,0.5929753917632417,0.17354643729569919,0.19782311882680045,0.17390912373533496,4.18,0.05028323025395043,-0.026350057479306743,0.07143230391388422
Finland,1973,0.29899532120431926,-0.2200384297194401,-0.15675922868853495,-0.2194856771870053,3.845,-0.12744659726555596,-0.047784003885690374,0.10983222785797886
Finland,1974,-0.2922758523510899,-0.40156240364863305,-0.33726670659885316,-0.4013640023545453,3.551,-0.11696947876230701,-0.09400264331681585,0.16672525927227988
Finland,1975,-0.12262186294303579,0.21807995594901852,0.22287784208876643,0.21742908748510903,3.85,-0.10582042928022728,-0.1033146830828332,0.17811676082862515
Finland,1976,-0.24249323028818504,-0.028355843046417917,0.06520395404307705,-0.028660810730264386,3.767,-0.09232078082177264,-0.07505465206063466,0.14341890725406814
Finland,1977,-0.21455750582156363,0.013056952536583788,-0.06277262513136932,0.012827373448861534,4.018,-0.006064013371522403,-0.07065855254157105,0.1266042220047532
Finland,1978,0.10606896500291318,0.057829279544897805,0.02866439401281108,0.05786913520653103,3.926,0.1570731591835961,0.03670096791790933,0.07797880525153267
Finland,1979,0.1747684904339406,-0.014141234857402263,0.05648211704260591,-0.013977058581344348,3.711,-0.029337759051791923,0.01670752984850643,0.07468631288131689
Finland,1980,-0.06732432471493466,0.18000056210396642,0.1185758623569951,0.1797411235762929,3.84,-0.07570104434759006,0.006743980973363373,0.11594078707770095
Finland,1981,0.1063887807672923,-0.009768363713584027,-0.05690900686780475,-0.009677792915326,4.357,0.006931349910948681,-0.004876136460160718,0.12007832447063782
Finland,1982,0.2924418501055237,0.21854077311919862,0.08196920735199575,0.21860891634976842,5.291,0.026062750987015715,0.019132281046259525,0.09567065437219346
Finland,1983,0.5577756637609805,0.24807953724112397,0.21158095305236063,0.24841976952904865,5.81,0.010531057093282392,0.05816115623492624,0.08365661369040178
Finland,1984,-0.09288699941339273,0.11782736543980299,0.0850159080663874,0.11750425895945771,6.53,0.03666894644489194,0.08812316789767483,0.07067382643339681
Finland,1985,0.09678425323680195,0.12897795137517032,0.24891029198368053,0.12892809927855153,5.417,0.07607979526580366,0.07172544610329701,0.05867443240036674
Finland,1986,0.6099689780889033,0.18752397180730407,0.2453085761597553,0.18807626782530806,4.794,0.11669713332362952,0.08749048967221063,0.028997503947837622
Finland,1987,0.25960059493195775,0.012661518155602902,0.0864305888428729,0.013105475124960186,3.946,-0.042819552817473294,0.056534476578235626,0.04081632653061229
Finland,1988,0.282604003368665,0.1587960969324862,0.1396097921258327,0.15909567943217096,4.169,0.011971886224617645,0.07098524244539584,0.05096374510993007
Finland,1989,-0.20747192583484253,0.09699140158861952,0.2215658782982354,0.0960723533355794,4.059,0.0010089071156207385,0.06905137335692024,0.06633478531425019
Finland,1990,-0.345537213602066,-0.1864815127683721,-0.12821635855071592,-0.18684867129630578,3.634,0.05128668486475951,0.06574852760314931,0.0610304727951787
Finland,1991,-0.22931153086640643,0.21088039774721667,0.052946029846786286,0.21004406050898172,4.133,0.09201275481167959,0.0877450797637429,0.041160000000000085
Finland,1992,0.05266935792121075,0.2371643095499394,0.007642546559001442,0.23693666285716986,5.245,0.15668687706386453,0.05040284044843579,0.026019055668677238
Finland,1993,0.8889419917755625,0.27516848065781363,0.14567089203006747,0.2760963433748467,5.7845,0.3518576108438445,0.03182515234747929,0.021006318745611985
Finland,1994,0.1643586595193982,-0.15291564712786399,-0.021840551894448133,-0.15209693156426474,4.7432,-0.12756283289441228,0.04613408687002574,0.010864681990299774
Finland,1995,-0.07259751352305377,0.11294048879915075,0.19055084669463454,0.11234476652694836,4.3586,0.2760268340959613,0.02614251288841496,0.009849982767065057
Finland,1996,0.4992009457337494,0.2709397424078479,0.19666997376906553,0.27152699681040326,4.6439,0.1539407451777559,0.02639832833114819,0.005766121789114287
Finland,1997,0.3353247187697621,0.39023128065140944,0.22791605668353337,0.39004829570021915,5.4207,0.10296843923682575,0.023236827665693127,0.012163856764664915
Finland,1998,0.6976311932091264,0.12725118090334475,0.17900240343647605,0.12936179504779632,5.096,0.16059973049304355,0.015929468242828593,0.013490632270143132
Finland,1999,1.6358294369449191,0.39528045833383985,0.21806111204781958,0.4027168111565107,5.91850487756321,-0.07591186134456218,0.030411733877124147,0.013107317006913588
Finland,2000,-0.11893949708860174,-0.02291617539685631,-0.05240387659810908,-0.024130778945255837,6.389822675980655,0.05964177096853618,0.012733322282773019,0.029508768166461197
Finland,2001,-0.32426070056304135,-0.138219216078184,-0.15944682029352414,-0.14034136251016738,6.746544876886418,0.01908339698589101,0.006358940692108073,0.026657463959681715
Finland,2002,-0.34141101325354883,-0.3198802695201428,-0.2297171594077559,-0.3200644531555251,5.6696195289405935,0.10007320887403437,0.003203409863951956,0.020066974478664568
Finland,2003,0.0712170660414535,0.04423327681986433,0.17640278775685786,0.044421587630322,4.707624703087887,0.030284456150528216,0.008051845702355287,0.01290755800940091
Finland,2004,0.07414966520490829,0.08744096137602075,0.12235287845134012,0.08736519905042339,4.365120035239704,0.09488828473667699,0.020343674671767342,0.0014731879787861502
Finland,2005,0.3416622300302763,0.2335135858020596,0.10333302229960545,0.23406999549290375,5.0400356022717645,0.06270382592636525,0.022867707940019244,0.007747376679415607
Finland,2006,0.20293597154089493,0.08399958785431227,0.15546072916596126,0.0847205569948335,4.514601366742597,-0.02713785960230808,0.029649948655980696,0.012748151031529709
Finland,2007,0.23092860667487414,-0.03308534955915554,0.04024170680252436,-0.03146124205776457,4.03894436519258,-0.0024049985743932467,0.030036148059761958,0.015830690881137643
Finland,2008,-0.5314175675593681,-0.3670511086772018,-0.39379706334894726,-0.3682614088786984,4.2722785082992,0.07301342322022952,-0.025864508987091805,0.03916097145694897
Finland,2009,0.24183161329137803,0.2119856538661209,0.23835659436214746,0.21215517913100768,4.127259475218656,0.03508075756856632,-0.00809745799258943,0.016339348701727152
Finland,2010,0.2140492940574299,0.1867790793385875,0.09570461960762315,0.18692454461525343,4.449730579254603,0.0581761175186557,-0.002905362352363605,0.016860347954591237
Finland,2011,-0.2936907851938759,-0.021956764323483813,-0.04709496106832562,-0.023524663671353974,4.595200556457223,0.07706132425798717,-0.026621938443143978,0.03323864887479622
Finland,2012,0.10606142806638541,0.09294256020803049,0.1283428197464957,0.09300120659884792,4.506389267849023,0.07089245714982795,-0.028507353863816975,0.031615288714609946
Finland,2013,0.293769370921209,0.21154860492830418,0.29656434401677506,0.21188672822602683,4.311311725038069,-0.050174086780576665,-0.019621814518069547,0.022155886545334402
Finland,2014,0.09419253447840581,0.20975210223152074,0.1047014275139242,0.20928391224640341,4.897232517914504,0.15867987743466627,-0.00987717109583075,0.012095918511706882
Finland,2015,0.15042961668133747,0.13889848656215897,0.03995253058621763,0.13894413037045727,5.46131165610361,0.0026723902097531838,0.0013669284995010411,-0.0015575701905028438
Finland,2016,0.10221239355066936,0.05887803716959983,0.03724660826936088,0.05906800020760983,5.640574898017266,0.033797778061454675,-0.0065017083545009235,0.003889999999999949
Finland,2017,0.10065740941824552,0.06785300375353853,0.16244024913145344,0.06800505415910507,4.957666972400572,-0.027402151127060126,-0.011591000859412004,0.008397334369303344
Finland,2018,-0.03655880082138396,0.030106746309623178,-0.010218151401059451,0.029709507362426946,5.192777292576421,-0.016382015112923698,-0.014734836420446262,0.011686028133396587
Finland,2019,0.19106295339315116,0.1589803173757851,0.13436641181290682,0.1591694160796382,5.2926206159871825,0.018372538694351404,-0.014760758889350134,0.011365522628521196
Finland,2020,0.1766899530467363,0.01583623475573903,0.06719011540631063,0.01678116645276928,4.845350827153452,-0.005248314019651423,-0.008053953873970898,0.0038328232556792408
Finland,2021,0.19973713883945554,0.16180257570841827,0.17345116462368326,0.1620194537748516,4.674895855808587,-0.06040321408161997,-0.025620055261201258,0.02066185
Finland,2022,-0.18005816295622679,-0.10044759544816817,-0.14208280279818475,-0.10090898852053154,5.259502363249291,-0.21163115651655628,-0.06373025712373448,0.07171630999999999
Finland,2023,-0.058998211137075374,0.10388193943065738,0.15991066778233515,0.10284645067320253,5.111842138607323,-0.005101093896632047,-0.00871855136517996,0.043404990000000004
Finland,2024,-0.02509699378944985,0.17100110719206518,0.16553131311636077,0.1698738499881005,5.1067305893466735,0.013007611869992441,0.02650908962305598,0.009105872000000001
Finland,2025,0.3391166239910355,0.1643034671126422,0.1698857746733223,0.16536816560192458,4.899931121258789,-0.003752101835589716,0.005754992740681031,0.01844264
France,1872,0.12941264155063226,0.09990288795060098,0.0385858043191621,0.10716388104714314,0.046832478000000004,0.002257258898796577,0.061170213518941585,-0.010526315789473717
France,1873,0.07771899551153183,0.02510267313527592,-0.011650128317115491,0.040156124608846655,0.04582685099999999,0.16242556273937225,0.04749999940395355,0.0
France,1874,0.09581796824932098,0.008989765922868598,0.04896198914674336,0.03191979081881002,0.046470015,0.1215175986289978,0.03500000014901161,0.0
France,1875,0.18330060852610552,0.06166383099523731,0.06827084446980314,0.09662071175523801,0.045048808999999995,0.13257155146287847,0.0549456509559052,-0.021276595744680882
France,1876,0.03458427755456239,0.028063145551401103,0.06014017975484139,0.030172779766323155,0.046465112,0.06879017070720073,-0.007368420691866495,0.032608695652173836
France,1877,0.052489448338747025,0.06980683847041669,0.08008143344816009,0.06456587885124576,0.04953959,0.08817841857671738,0.019999999552965164,0.0
France,1878,0.1147930913714954,0.042554135058390896,0.04623903776593566,0.06839216251821845,0.05146446999999999,0.11947194222481028,0.052150536949435944,-0.021052631578947434
France,1879,0.1176941841840744,0.1988563637701568,0.24369173048620618,0.1713369607194839,0.05201294,0.10677671432495117,0.028750000521540642,0.0
France,1880,0.213370163072931,0.16291499936067355,0.14227886562058029,0.17416876015388172,0.052169664,0.06460647633735173,0.014293617053710461,0.010752688172043001
France,1881,0.2795795900847322,0.17108305056857698,0.17202257978688898,0.21138431770991772,0.05229440999999999,0.05077795972747179,0.04794838792213829,-0.010638297872340385
France,1882,-0.16996677219867706,0.006338054811420246,0.0013136500639216316,-0.05447084837069105,0.051727388000000006,-0.03290891647338867,0.0340999998152256,0.0
France,1883,-0.056810186607272994,-0.003797672212131342,0.024902467539915155,-0.02236446557688243,0.052026322,-0.019045640626236038,0.005085262518964351,0.021505376344086002
France,1884,0.051439400762319565,0.0338952522216156,0.06311538379049945,0.04014084692135045,0.05189552,0.0657527968287468,0.024800000712275505,0.0
France,1885,0.04430438550089,0.04717771192246878,0.05449984237315132,0.046152671709396076,0.051979454999999994,0.07575094327330589,0.04653225740998668,-0.021052631578947434
France,1886,0.04122351109981537,0.036895321531023706,0.05654891321591131,0.038378448779994745,0.05188371099999999,0.07766764611005783,0.02199999988079071,0.0
France,1887,0.03405974204044626,0.023334716670531996,0.0023225724085221416,0.024921388799482358,0.052137117000000004,0.02383334143087268,0.035332608563096723,-0.010752688172043001
France,1888,0.026786488711193046,0.08346859657121453,0.09662966805984341,0.07532727029300412,0.051951165,0.0419624236322218,0.016253763629544116,0.010869565217391353
France,1889,0.06835507237068983,0.12286080046087688,0.09329554049214187,0.10765949972310374,0.05182242000000001,0.10349707677960396,0.03654565186361247,-0.010752688172043001
France,1890,0.09971122443675995,-0.04251332046858991,-0.049129895592078913,-0.02259016627385224,0.051887825000000005,0.12223191559314728,0.026200000196695328,0.0
France,1891,0.011637461521933012,0.06032558103847219,0.06895918323643321,0.053494097620015335,0.051902224,0.02486263471905903,0.014077419555315274,0.010869565217391353
France,1892,0.011659945612494838,0.07026609751276003,0.08878433390347748,0.06198831620111123,0.051638579999999996,0.08067025843521813,0.029166305275714954,-0.010752688172043001
France,1893,0.0960690857289912,-0.04913546363150734,-0.026773372079759578,-0.028896935076794805,0.05175363200000001,0.04245753135982455,0.03343296656896788,-0.010869565217391353
France,1894,-0.02025737854368659,0.08815525001080626,0.12942892883586105,0.07270068247116179,0.051567749999999996,0.0493162047198934,0.006835868966806213,0.01098901098901095
France,1895,0.04058557879793767,0.11094156675558597,0.11361046034209223,0.10076747974874456,0.05163490200000001,0.03228165340292577,0.027468132121222233,-0.010869565217391242
France,1896,0.08523831516504288,0.10760275407691444,0.09259964797108004,0.10459292286291766,0.051696593,0.04569881036877632,0.017100000753998756,0.0
France,1897,0.12770834096362083,0.10633054866816383,0.07434343526371362,0.10928748375948194,0.051689896,0.05842760787083856,0.04108089964125261,-0.0219780219780219
France,1898,0.031393275120191966,0.10723455639341051,0.10911318170100448,0.09727586060664417,0.052092812999999995,0.00517948820359182,0.00856777750369564,0.011235955056179803
France,1899,0.035471394658088684,0.06690262716934625,0.06266705407680025,0.06176024293666704,0.05182148,0.008621372282505035,0.0284000001847744,0.0
France,1900,0.028274236717722,0.08972192555635017,0.07069430529025812,0.08005369226289871,0.051694008,0.029166815454488404,0.019076923583890126,0.011111111111111072
France,1901,-0.05437985435128212,0.0845644882793124,0.08182093850001777,0.06793185577160199,0.0516078,0.029814645648002625,0.02410000003874302,0.0
France,1902,0.007407220080494881,0.06265105367704216,0.05519514118207524,0.055019959690430165,0.051608314,0.01478710025548935,0.023900000378489494,0.0
France,1903,0.03949144153545303,-0.03486662099281057,-0.062344979727548766,-0.02518956789064508,0.051694008,0.02452762988913393,0.03841111181924739,-0.01098901098901095
France,1904,0.0629340335726738,0.2008056743242328,0.19957761833348753,0.1817076069223047,0.05166220800000001,-0.023891454562544823,0.021400000900030136,0.0
France,1905,0.05404086410999298,0.15468885724178105,0.15254658602646934,0.14142473151640877,0.05167961600000001,0.10570073872804642,0.0210999995470047,0.0
France,1906,0.0175668804363891,0.1168631018813211,0.09725152570989803,0.10618315997109162,0.051830028,-0.021756889216683728,0.01551648270297834,0.011111111111111072
France,1907,0.006436565830169938,-0.15130906199447802,-0.165787072092705,-0.13227119510294405,0.051849252000000005,0.01896895445964253,0.022266305173220813,0.01098901098901095
France,1908,0.05162277657498593,0.182073566160174,0.20677833032468057,0.16349115239656986,0.05168119499999999,0.0339524508804403,0.010417205191427525,0.010869565217391353
France,1909,0.09491437673568726,0.16066292196111887,0.16579647067490863,0.1521980632651767,0.051706296,0.048972271382808685,0.017500000074505806,0.0
France,1910,0.022490197713387783,-0.022344548142304688,-0.04446631826191137,-0.01723431307102774,0.05187288,0.009454239179637947,0.013007447182973753,0.010752688172043001
France,1911,0.03302926007582219,0.006492460569243574,0.041331832806849045,0.009389022788396373,0.051957763000000004,-0.03504056978628656,-0.015781632301454684,0.042553191489361764
France,1912,0.06303086131811142,0.0641010215223845,0.036522407534777625,0.06398010575268609,0.051870255,-0.01954321376979351,0.031199999153614044,0.0
France,1913,0.002376275137066841,-0.04554007899574075,-0.050839759132366394,-0.03980525055937112,0.051840000000000004,-0.02016141265630722,0.03819999843835831,0.0
France,1914,-0.12826837316155437,-0.06579084516124167,-0.03778317610756105,-0.07371959553068042,0.050949999999999995,-0.15945086985826495,0.008125999681651619,0.020408163265306145
France,1922,-0.5888919134934743,0.20336319217409637,0.4218700495782917,0.20874081028621028,0.12193,-0.621080035964648,-0.6523666667441528,2.0
France,1923,0.13021831292855102,1.5867872875850644,0.24519937306491357,1.4924592582875507,0.16444,-0.11837481599497168,-0.0659842089210686,0.11764705882352944
France,1924,-0.09313181248994973,0.20126412449666464,0.19494119314738967,0.1755193054921984,0.19096,-0.15364139148822198,-0.07738923161075661,0.14035087719298245
France,1925,0.08453856970089069,0.2679746335700446,0.16875194858705395,0.2542245489267714,0.20977,-0.07698702526049339,-0.004369566783956835,0.06153846153846154
France,1926,-0.04547542283932371,0.3275161107954587,0.17768495346869478,0.3005592349057995,0.30838,-0.1346592754125595,-0.189939999456207,0.30434782608695654
France,1927,0.20084768914161844,-0.009037891680088617,0.2630709579898907,0.0031989623187291816,0.25484,0.17212118779091123,-0.014691488539918973,0.04444444444444451
France,1928,0.4836086928844452,0.3016575271508848,0.3136877975296072,0.31301218745081316,0.25504,0.17705826461315155,0.03020000085234642,0.0
France,1929,-0.05915604269714114,-0.12909088812381975,-0.07403873036751733,-0.12429691694701017,0.25536000000000003,0.2198225247859953,-0.027382001131773137,0.06382978723404276
France,1930,-0.27511117836036303,-0.2093776517527739,-0.17696353354026914,-0.21467753355938035,0.25478,0.0930307873404852,0.013366335836967558,0.010000000000000009
France,1931,-0.29096879541259457,-0.3341549601197855,-0.2921575564788876,-0.33088328260468236,0.2551,0.03599181592694878,0.057480411930489694,-0.03960396039603953
France,1932,0.36596832255070866,0.009897539198733707,0.08455458638613189,0.03742377480046044,0.25461,0.05809768136929372,0.11660227302292525,-0.09278350515463918
France,1933,0.04745531537953562,0.22247188613367141,0.4232191090925258,0.20594779423779874,0.19876000000000002,-0.0650916337966918,0.05216941202388092,-0.03409090909090917
France,1934,-0.03991220655237748,-0.10759505758473176,0.018962214301373778,-0.10213734580863154,0.15223,0.24925379073474474,0.0575243894283366,-0.03529411764705892
France,1935,0.10103616689642281,0.3987037063104093,0.28547174772243455,0.3761179470797782,0.15148999999999999,0.09730655219405904,0.1287573342521986,-0.08536585365853666
France,1936,0.10281710047274828,0.3070900414978277,0.2737790927976062,0.2925071606089147,0.16356,0.00741448812186718,-0.027999999234452844,0.06666666666666665
France,1937,-0.2497200688513198,-0.06338438150787262,-0.2368104860985643,-0.07393806057966512,0.24716000000000002,-0.23767248887826897,-0.17758415831197605,0.26249999999999996
France,1938,-0.07004871319817452,0.3033168520397225,0.06298798146284768,0.2817522084487556,0.34745,0.051337137040884606,-0.09749913071484662,0.13861386138613851
France,1939,0.09771567717438834,0.07228522901050427,0.011780266544801089,0.07360068149316423,0.39836,-0.1335658002339426,-0.03805327815477,0.0608695652173914
France,1940,0.24022989437497877,-0.04754013878649477,-0.08894443302692082,-0.04754013878649477,0.48015,0.04018119881893023,-0.14414896502577035,0.18852459016393452
France,1941,0.3041368267115423,-0.12242256131480145,-0.05748490911887069,-0.12242256131480145,0.4666666666666667,-0.018798600224887774,-0.13281470624839564,0.1724137931034484
France,1942,0.2740478341172381,-0.03878203338719288,0.040834376837781704,-0.03878203338719288,0.4666666666666667,-0.1347141351278235,-0.15729756062714062,0.2058823529411764
France,1943,-0.3357173743562436,-0.06049055114158275,0.10459332687708493,-0.06049055114158275,0.4666666666666667,-0.17513099799709997,-0.17959645676507252,0.23902439024390243
France,1944,-0.278704501904092,-0.07334129680613921,0.1278271516749571,-0.07334129680613921,0.4666666666666667,-0.11536715373732276,-0.16988553048090538,0.22440944881889768
France,1945,-0.46065583317631487,-0.10436492843008416,0.20717455004094848,-0.10436492843008416,0.5017921146953406,-0.3129675767289518,-0.3161373101881908,0.48231511254019277
France,1946,-0.16508308667716054,3.06285319195423,-0.0624378371346123,2.906057500831659,3.45,-0.3815754731351332,-0.33564850633664545,0.5249457700650759
France,1947,-0.45353852972402475,-0.4435605703229043,-0.07835172156840703,-0.44417640488398613,3.0,-0.47203388763280907,-0.31931639696561065,0.49217638691322896
France,1948,-0.4372914255587742,0.1417802099104466,-0.08643225711607239,0.11309409422606209,5.2,-0.40488682013416954,-0.3564158053598546,0.5862726406101049
France,1949,-0.2527412358723896,-0.30796551707941566,0.09224435044201676,-0.3055380727725454,3.95,-0.08715618905467049,-0.0903154929286577,0.12698412698412698
France,1950,-0.22697518441157472,0.11967699798937503,0.20276569938425115,0.10979646519506225,3.91,-0.11303255038383686,-0.06762435924834942,0.09859154929577474
France,1951,0.2368118422372001,0.13518804732831047,0.13284857187924815,0.13724742850127547,4.26,-0.21343257597514564,-0.11971428511398186,0.16666666666666674
France,1952,0.016569704839996202,-0.004668812093214347,0.08719581199218818,-0.004141363847784962,4.12,0.1345807909965515,-0.07474411903497047,0.1208791208791209
France,1953,0.2562338101863859,0.004471343940983363,0.06054327511100566,0.010517898573980444,3.76,0.019328673457494006,0.061207998394966046,-0.019607843137254832
France,1954,1.1585566997528076,0.4495469276112287,0.44244923704498307,0.4698047343403313,3.74,0.09001980721950531,0.03590000048279762,0.0
France,1955,-0.04617027259699191,0.3231307791179987,0.2691699604231478,0.30995744660006186,3.9,0.06469110244571574,0.02138613710309012,0.010000000000000009
France,1956,0.0017501817872893621,0.05315852655130637,0.026562611813993053,0.05140282588509826,4.03,-0.06144456042406632,0.002133653678286773,0.029702970297029507
France,1957,0.09050740780086697,0.06165602496716227,-0.097223000564193,0.06269962556276343,4.79,-0.014853415139224557,0.005174312296263528,0.04807692307692313
France,1958,-0.20228992086648956,0.22141542133863834,0.32169495819288907,0.19925000412966565,4.95,-0.026496130466461376,-0.07140719705820098,0.1467889908256883
France,1959,0.1911519375958839,0.15717250109032554,0.22473253443241287,0.15847865033378183,4.93706000393706,0.07859712290136445,-0.021898496447873117,0.06399999999999983
France,1960,-0.10540843425669533,0.008693311502232959,0.026432792943758485,0.0032788282750257913,4.93706000393706,0.00678575292661554,0.003089856491356624,0.03759398496240607
France,1961,0.01945800523103114,0.18190912485727484,0.18954809463181949,0.1739634691815346,4.93706000393706,0.0281620930198212,0.007302816380077459,0.02898550724637694
France,1962,-0.14788448700568813,-0.12394352950923004,-0.09721105529391688,-0.12512855333900186,4.93706000393706,0.017771734387282523,-0.012575838789843807,0.04929577464788726
France,1963,-0.21925116951266932,0.14520599388284938,0.17113732607345541,0.12541355380893093,4.93706000393706,-0.015096875158353562,-0.006857692837142104,0.046979865771812124
France,1964,-0.10838385768558678,0.0663723094541755,0.07859568162058479,0.05919419187674535,4.93706000393706,0.011427382782379203,0.014872051081301851,0.03205128205128216
France,1965,-0.07650123870965242,0.060406921651733336,0.06648662376162916,0.055444075635761036,4.93706000393706,0.01011513647095974,0.010711446875728559,0.031055900621118182
France,1966,-0.19548168475826688,-0.08487912455302837,-0.08915083726105191,-0.08833906572272165,4.93706000393706,-0.057184168436704264,0.017615760718958207,0.029661726167345526
France,1967,-0.04848476117831302,0.16557357985558085,0.19288880411341053,0.1587618112403173,4.93706000393706,0.02777156240080969,0.01953680541517122,0.027917770943512554
France,1968,0.12293239085796648,0.1570762131902781,0.1626125847256567,0.15620887534155115,4.93706000393706,-0.032871086054471754,0.01536967713915871,0.045432048640203115
France,1969,0.1661177386369319,0.0019818461040637114,-0.10454371069269014,0.00588883895241521,5.55419000455419,-0.08747602648591846,0.02747899835780676,0.06045962841738928
France,1970,-0.13354192385523023,-0.04721519810882324,-0.05203045211148295,-0.04993682628229701,5.55419000455419,-0.14232912468044212,0.03210228326089304,0.05299641245626652
France,1971,-0.10508873852529854,0.05895694724639311,0.10771419476561596,0.05364456344777935,5.11572151321783,-0.010144800984565605,0.004198215360080804,0.05397518655950906
France,1972,0.10266959890027327,0.17942033430726378,0.200806767731387,0.1773541245141157,5.11572151321783,0.027591459762231985,-0.010493792288573833,0.06063003097182107
France,1973,-0.09825740273348837,-0.19536126681250465,-0.1578301895655486,-0.192824454037399,4.7085,-0.08281725368981674,0.014242789154708113,0.07380601063989056
France,1974,-0.35885990256786615,-0.3722997154897225,-0.3364664617005395,-0.3718684547237454,4.444499999,-0.1454225513408226,-0.006505256691985206,0.13649317472813816
France,1975,0.1814402807764215,0.19586025995990308,0.22357725318895727,0.19539503495147792,4.485499999,0.08227728856894756,-0.03371890608770345,0.11685927249322647
France,1976,-0.19081526344396693,0.15783096834169985,0.07277447250694175,0.14723793864391932,4.969749999,-0.049035814339904116,-0.00971941256864628,0.09625495781555382
France,1977,-0.24017255388187275,-0.07136584440169014,-0.05898694263853074,-0.07503551807273567,4.704999999,-0.0052728140001242485,-0.0038774039560630635,0.09494554671904298
France,1978,0.48369398405745834,-0.0622901107914412,0.019067433975322394,-0.05093754354122959,4.179999999,0.06461605984918473,-0.011629764253658026,0.09250558467244274
France,1979,-0.014806815999585998,-0.02588427981713226,0.058495376947691774,-0.0255955700843149,4.019999999,-0.1518183811943301,-0.014521295129190759,0.10646734171666461
France,1980,-0.04191618900264782,0.26686700502552374,0.12280242835506736,0.25857828248293413,4.515999999,-0.13692170003116955,-0.015080484194848753,0.13562578848301543
France,1981,-0.21599756187021157,0.10548075245450916,-0.053046131924671516,0.09811108738419305,5.747999999,-0.1099046498115851,0.017522874836058522,0.13314405568007137
France,1982,-0.014080943837896154,0.15205928149522618,0.08410390516341247,0.1487755196710694,6.724999999,0.08624112890059576,0.025822177091398224,0.11978471952380554
France,1983,0.44956610973498456,0.3962912911543546,0.20834402139149336,0.39709017711567474,8.347499999,0.13206776236560525,0.02808147364150515,0.09459548472353196
France,1984,0.06324549707690874,0.13743109213444038,0.08513945994070003,0.13608811263856113,9.592,0.13140029827375477,0.037771777343797774,0.07673802622473191
France,1985,0.29551514724469197,0.06820855030190365,0.24764479284811824,0.07309905438021236,7.561,0.14229171614261604,0.03876995600016109,0.058310997385451424
France,1986,0.3481875098021803,0.14520117444968772,0.2432335171208976,0.15013650154833313,6.455,0.1901094498628373,0.05075140627175356,0.025385259178140718
France,1987,-0.26186325809693245,0.03558904904526772,0.09831381905626546,0.02603239470319685,5.34,-0.03348464828198383,0.04537694742613718,0.03288898214001512
France,1988,0.5808053569595202,0.2657550384729843,0.12833101946414294,0.2738491791586639,6.059,0.15274701498798393,0.04695695933163324,0.027008152750810588
France,1989,0.26437922887819587,0.10256598855130594,0.2187379005765528,0.10800058154216896,5.788,0.019953779470516686,0.05384981609820905,0.03498302207007398
France,1990,-0.24378995035847906,-0.1697976713073398,-0.12440042078064699,-0.17247352223766943,5.129,0.0035162220980775594,0.06446464723688683,0.031942833802948156
France,1991,0.12997916677514043,0.08202715653070691,0.04921369126397421,0.08392472262727502,5.18,0.13663194528936184,0.06081825391801088,0.032134073240969396
France,1992,0.023412912654434903,0.03910060489547473,0.007113723180964926,0.038538147594733285,5.5065,0.05741231099626054,0.07803451445441945,0.02363760462693576
France,1993,0.33628846863320283,0.23527858432672444,0.14000349766005374,0.2387733014862803,5.8955,0.3106240989195388,0.06507750909691468,0.02104462771246296
France,1994,-0.15708172503366724,-0.06357756838291084,-0.0152886954376172,-0.06758128329132618,5.346,-0.1376630693771831,0.039712400588165275,0.016555153292699964
France,1995,0.0009408912005768322,0.10467047856417255,0.1972882787519124,0.10066475452289803,4.9,0.1504731997341895,0.044772521434432555,0.01796481420956031
France,1996,0.2805620140823153,0.25714833401229287,0.19469338273632034,0.25789951461472627,5.237,0.15297063744015515,0.017115125349704385,0.019828836508972936
France,1997,0.2624797289760967,0.36534935458240425,0.22705599377825117,0.3618122567968576,5.9881,0.16291301847034845,0.020126592225905293,0.012039429402697088
France,1998,0.3044725457097792,0.12916500426348043,0.17612552472514398,0.13571579125961075,5.6221,0.22082265673317902,0.027236388456765903,0.00651126867832974
France,1999,0.5479641838252871,0.40747800829521674,0.21213194433788468,0.41351350022501787,6.529534142942465,-0.0975676547516916,0.021816646441121357,0.005371416391346084
France,2000,-0.011235237810479304,-0.01193112441553612,-0.055590417155104384,-0.011894334930179773,7.049511015583019,0.07078350926939359,0.025222926412437063,0.016759598872093884
France,2001,-0.20537395159341887,-0.12707908784203958,-0.1586141969675973,-0.13162113429238675,7.443061386587995,0.058814419654566796,0.025809266072925885,0.016347807954959492
France,2002,-0.30607381661796995,-0.3202939353516441,-0.22626654434386298,-0.319508854201929,6.254953752264709,0.07291350601266733,0.013458350194711866,0.019234122872706205
France,2003,0.1873131597279345,0.028144042543004177,0.17505128458352162,0.036159011150534326,5.193642121931908,0.03159248736309306,0.001734300384187204,0.02098472191469214
France,2004,0.10628075864861541,0.06419972909899374,0.12283743149528546,0.06612963975969599,4.815777108876,0.12076322683849416,-0.0011472379602659455,0.021420896464023675
France,2005,0.2622932999095049,0.22053001816504958,0.09761462463027727,0.2222911931195921,5.560371280834111,0.1252102908812227,0.0031959258105080934,0.017458693638048528
France,2006,0.20541712459133676,0.07385442833146438,0.15312714168585412,0.08044985823910533,4.980690964312831,0.0026592913134708684,0.011940241219165593,0.016751244960872436
France,2007,0.015518275105417478,-0.0332143598880289,0.04291011385647822,-0.030553942892413755,4.455926907139458,-0.10985910363262863,0.023412146237888676,0.014879980595385423
France,2008,-0.42509670959036505,-0.35774863380156263,-0.3930327400723832,-0.361482526980763,4.713350578429257,0.1879026920017417,0.007840179681911641,0.02812861949147938
France,2009,0.28919014620178607,0.22753731029270785,0.23546107410583017,0.23088250015124467,4.553359711231429,-0.0648629381496083,0.005591146210397024,0.0008762047815749074
France,2010,0.026180189890110173,0.19812090893248624,0.1003864528078534,0.18873550620481327,4.90912288579554,0.07740191378574046,-0.011374486449262755,0.015311227042091868
France,2011,-0.15180056486499305,-0.004592216154365558,-0.043097943123483355,-0.011931967175251468,5.069611252801608,-0.018508203396976675,-0.013889113861367708,0.021115979517499994
France,2012,0.18061546517245675,0.10224650393231793,0.12564957966852752,0.1059444408487622,4.971631044414128,0.16633544933674127,-0.018683507605122607,0.019541953161352987
France,2013,0.211707301589934,0.22893292931292963,0.30070319865054257,0.22812960733006626,4.75641360307447,-0.046949411000716146,-0.008136214565527933,0.008637154978613282
France,2014,0.021895237180680427,0.2268352124161035,0.10850769282916264,0.21772818958443452,5.402825137962275,0.31714183640093885,-0.00448191427007838,0.00507758822938098
France,2015,0.1190262061979015,0.1375478469500495,0.03682076270729516,0.13674370258630741,6.025140075319188,-0.00023195374951945347,-0.0023650065539176923,0.00037514380512226886
France,2016,0.08740640584620829,0.059941636946521104,0.03505232725809968,0.061242147910348876,6.222910539796983,0.03338229510192936,-0.0050181485954886584,0.0018333486112471764
France,2017,0.17299141602279566,0.0607477950236992,0.16162509422792198,0.0659696290986731,5.469498874343369,0.025260813721206032,-0.013715247373614181,0.010322827506460408
France,2018,-0.09131802501783504,0.03111992877389813,-0.004483256376716892,0.022812356272425838,5.728882096069867,-0.008749488061015942,-0.02173487842338573,0.018508150831551218
France,2019,0.26962926053659086,0.15150360477319147,0.12491162897456178,0.15949383480364765,5.839033291792769,0.06563561494219705,-0.014835138080731336,0.011082549228827565
France,2020,-0.013102554704891745,0.017939842159839126,0.0737118777435618,0.015837853237262722,5.345587156710943,0.034371487207966345,-0.009681854601154671,0.004764988527251601
France,2021,0.29889574846178935,0.15906353122286898,0.16445061625286495,0.16856347354392498,5.15753433285506,-0.068971999416649,-0.02562226050927463,0.020664159999999997
France,2022,-0.016638317437753902,-0.08998877167114017,-0.15165318248588877,-0.0847155319082803,5.802495894852126,-0.20845567185550273,-0.052539546512835766,0.059057979999999996
France,2023,0.05424256401728833,0.12118593911634079,0.1653809223892117,0.11728020375675086,5.639591158216808,-0.023125127005063195,-0.02113634467620551,0.05664155
France,2024,0.039251693401365584,0.1733525020279063,0.17290837618946509,0.16484958425336416,5.6339518901734085,-0.026558417180566285,0.011477724010672041,0.02410199
France,2025,0.03900950144798232,0.16621516572001505,0.1796367370451314,0.1583720244203557,5.405802346402459,-0.004974976156482347,0.008215851142177488,0.01595682
Germany,1872,0.06896109665867933,0.02498306588469079,0.05921409469524616,0.03274370366929613,3.6989832e-12,-0.009998311702916873,-0.01800813416614211,0.06034483366616361
Germany,1873,-0.14596846747018566,0.0028463610384150684,0.040419172137846,-0.01831239684806274,3.6105075e-12,0.007239859169189344,-0.010086532865694497,0.05691056373324144
Germany,1874,-0.04315124792276159,0.05866219052931809,0.0775231993056082,0.04500495356220524,3.7361250000000005e-12,0.05386886921288858,0.027099239609066572,0.007692304925619675
Germany,1875,-0.029706779907459957,0.1697063393132543,0.11894319456447623,0.14607693108452868,3.6608307e-12,0.10656823239531255,0.10663305548032231,-0.05343510731360068
Germany,1876,0.06708004107388854,0.05137314239269508,0.05005651181360113,0.05304882384081333,3.7680296e-12,0.03189466067454716,0.0292000032250197,0.008064514418080204
Germany,1877,0.023734738869082284,0.09123156659242082,0.07719288368706119,0.08433527774742045,4.026483e-12,0.05531836042907967,0.05691056615737167,-0.015999998100996837
Germany,1878,0.1304174892497345,0.07373762940787776,0.06414520860533783,0.07939418323768743,4.1765035e-12,0.08541764348161385,0.08012606062762928,-0.03252033269068533
Germany,1879,0.36752171129164446,0.17571640272287703,0.1787802285237971,0.19826652304756687,4.209198e-12,0.08692082933358902,0.06176723940315676,-0.02521008207899844
Germany,1880,0.08153048374600091,0.14066680259733833,0.16413620002730814,0.13637091667259815,4.216752e-12,0.02119512330311668,-0.008966946323291536,0.043103454022968446
Germany,1881,0.19488649680189152,0.2221395350124884,0.21384884299921236,0.2194462070797525,4.229631e-12,0.06454189470912408,0.058750009622958066,-0.016528933010411362
Germany,1882,-0.012037099482201552,-0.06325182215421954,-0.06281627218276038,-0.05815449725807442,4.202491e-12,0.03366841341770099,0.03009374995614067,0.008403361676790233
Germany,1883,0.1210294023383105,0.02034016355930901,-0.016801564180124844,0.02989945166617547,4.213696999999999e-12,0.08238652038686545,0.0706896535324284,-0.0333333317135075
Germany,1884,0.07478896162388926,0.048126087235899506,0.057484003287484764,0.0503984257512986,4.207962e-12,0.060131002451670135,0.03784695300443364,-0.008620686935703836
Germany,1885,0.03713458550024584,0.04933406619928582,0.05216915179447768,0.048273957718409255,4.2015954e-12,0.07954980606469997,0.05604911025433035,-0.026086959377101704
Germany,1886,0.10600491581495364,0.04167479523872131,0.04540738975763543,0.047927615100876286,4.1946343999999996e-12,0.06315061478686523,0.030803604186707245,-0.008928571445658728
Germany,1887,0.006245369091629982,0.009590915565560021,0.007179225676182526,0.009012623028161082,4.1948e-12,0.03385138884186745,0.023000000044703484,0.0
Germany,1888,0.15542316767390707,0.06090983003386086,0.07218589456606071,0.07727432759734887,4.1797e-12,0.04767595605581931,0.011983035247887353,0.009009009026405446
Germany,1889,0.13234151827060692,0.0516636341015424,0.07935921909079019,0.062293197542782064,4.1864e-12,-0.005393280995979244,-0.009089655333530344,0.03571428590975523
Germany,1890,-0.06751788264413017,-0.04564870382362818,-0.02001258573922421,-0.04945457085632943,4.181899999999999e-12,-0.024289222806008093,0.011636975958505769,0.02586206690849413
Germany,1891,-0.058233545642731976,0.06884594667452415,0.08644004751265605,0.046426211452408106,4.1794e-12,0.01676489224434019,0.013171894050932442,0.016806730330162445
Germany,1892,0.06567000649417731,0.06422765013072307,0.08045174649459258,0.06447752389514161,4.1784e-12,0.05492986133845634,0.026483339927610983,-0.00826446993583907
Germany,1893,0.11003638971989527,0.0010894627748567753,-0.03478918178149618,0.019999492255157847,4.1875e-12,0.10078414140916125,0.09561061518744496,-0.058333329501026876
Germany,1894,0.1908406925448023,0.08727459830886297,0.08954525325673733,0.10623572817094828,4.180799999999999e-12,0.10434307163208056,0.03573153447321009,-0.017699117598224734
Germany,1895,0.11182625988397854,0.05661307207135602,0.10108030578492534,0.06673564793212372,4.1753e-12,0.02825470845340261,0.002045129532061596,0.018018020664859247
Germany,1896,0.07941993350460352,0.098651431261646,0.09432949717848244,0.09514226305190077,4.1812e-12,0.015255124573679613,0.0213614036922416,0.008849557842780964
Germany,1897,0.05907370694212699,0.06936938227322864,0.0868735841173083,0.06746251930450087,4.1856e-12,0.0030836377775855794,0.013125864485469707,0.017543856889677745
Germany,1898,0.08969160169363022,0.11113226379334185,0.10097503578962704,0.1072041321797863,4.2091e-12,0.008858573623001575,0.03550000116229057,0.0
Germany,1899,0.011113255363442098,0.04077621449646407,0.06457597081084798,0.037248393857872264,4.1963e-12,-0.03983125326947301,0.018168070023812266,0.02586206690849413
Germany,1900,-0.0901932111050805,0.08756922497018071,0.08192814143141142,0.06907405537709832,4.2012e-12,0.0016581531603054867,0.018425402722010764,0.025210092623102698
Germany,1901,0.038567397743463516,0.07127798562324394,0.07109624534286389,0.06566729578586505,4.1853e-12,0.06220318749547005,0.03060000017285347,0.0
Germany,1902,0.07797149425687455,0.045898906485228874,0.04596603075131259,0.04853235515930998,4.1937e-12,0.032302327629306404,0.013591870616799229,0.008196720667075885
Germany,1903,0.10097536444664001,-0.04983896268795751,-0.06319843671987999,-0.03688029225988265,4.196399999999999e-12,0.03314999118447304,0.03009999915957451,0.0
Germany,1904,0.1247231513261795,0.18369032041243494,0.1872381082895804,0.17747577522921643,4.1788e-12,0.027774188667535782,0.03139999881386757,0.0
Germany,1905,0.05400798989060562,0.112915182950444,0.14996600651202663,0.10653002806570111,4.184200000000001e-12,-0.0050035347313237555,-0.0038936996910273747,0.03252032408175776
Germany,1906,0.0032648353275908093,0.07748014056681019,0.10619594151858437,0.06485148354490922,4.2154e-12,-0.035550069212517355,-0.013949251779098004,0.05511810655140814
Germany,1907,0.03277741762598674,-0.13719440934846183,-0.16630862093484472,-0.1190035656528069,4.203299999999999e-12,0.010871936461238851,0.059103756263992446,-0.007462684850910062
Germany,1908,0.020598167553544044,0.2010026678647383,0.2084239217182072,0.1781938083254586,4.197e-12,0.05757177248597145,0.03519999980926514,0.0
Germany,1909,0.1069892418252596,0.11670209681780608,0.16292047885526514,0.11561677648975666,4.1879999999999995e-12,0.004211847679946201,-0.0014321193289700274,0.030075190435543186
Germany,1910,0.04013890275393339,-0.051857384929163475,-0.046643430357075216,-0.041459293677433284,4.2023e-12,-0.0024230320839723207,-0.0010577452194148185,0.03649634852711414
Germany,1911,0.05248943716287613,0.049116127366854334,0.03877325907531901,0.049522494717892496,4.197900000000001e-12,0.024636516347527504,0.03539999946951866,0.0
Germany,1912,0.04466936881505679,0.052759725808067204,0.038781870495026835,0.0517487753796575,4.201e-12,-0.012123732082998662,0.027725001136080785,0.014084505039701822
Germany,1913,0.033685673168236896,-0.05495770229882835,-0.05587784429951528,-0.04366769425746719,4.2107e-12,0.01562883855069086,0.04256000404296367,0.0069444415801149795
Germany,1914,-0.11027463941628612,-0.03942367120728252,-0.040052525175020795,-0.048719914470356174,4.28e-12,0.017433371457392655,0.008479859050374072,0.027586213550290672
Germany,1915,-0.12499629192310213,0.038394561609586875,0.10145354597590725,0.018236637449692505,4.86e-12,-0.1511266197921789,-0.17221336893903194,0.2550335559059951
Germany,1916,-0.12314690784891313,-0.04371103417079014,-0.007007333040488269,-0.0523837455534778,5.519999999999999e-12,-0.20700199576916867,-0.2047178871025882,0.3155080226035665
Germany,1917,-0.177517713672244,-0.27393375443535395,-0.25657677954031877,-0.2641360252194809,6.58e-12,-0.31230529776179383,-0.3024666670246646,0.5000000028377558
Germany,1918,-0.40338083259056545,-0.1072067223669263,-0.010586141367361128,-0.14267042878213698,6.01e-12,-0.15582828660565062,-0.14959316723146798,0.23035229860061524
Germany,1919,0.1971871961688807,1.7359762487722996,0.039075193484755896,1.6087692860535032,1.976e-11,-0.19638066274847532,-0.21223847424442577,0.3281938343445796
Germany,1920,-0.31346503361141265,-0.003686574988116642,-0.27026615575885976,-0.041904843553231874,6.306e-11,-0.5436733666565383,-0.5779407430334627,1.4543946931246388
Germany,1921,0.7074872972579196,0.3581123523761225,0.17874049462153227,0.38899019623309994,1.0457e-10,0.09223847378119987,-0.21048865678773976,0.3108108038645452
Germany,1922,0.9306056877993507,1.071780627808952,0.3346185670360343,1.0533926108848166,1.88578e-09,-0.906800065392783,-0.9057231196039446,10.237113438921778
Germany,1924,-0.9999999998811797,0.09340729949846516,0.16974931221955253,0.09340729949846516,4.2011511154056205,-0.9999999998781232,-0.9999999998732373,8765199077.904419
Germany,1925,-0.4037198192875344,0.13726708856954062,0.19488202081130618,0.1079470824967923,4.200445247196203,-0.02418797191860067,-0.01074285340048653,0.09374999815190477
Germany,1926,1.3607420384988171,0.0989695397210486,0.11484229441710544,0.14627907411706298,4.202386955790889,0.04083381940655584,0.0527801405596926,0.007142858382786832
Germany,1927,-0.11770961394563206,0.22517129175779527,0.28590391399416115,0.20269216805887957,4.184100418410042,-0.0023930363936913723,0.021868918938521276,0.04964538966581511
Germany,1928,0.082375911790596,0.2939521639059819,0.337721828371777,0.2828241444319548,4.201680672268907,0.025374699174118387,0.046321056280962614,0.027027026942645138
Germany,1929,-0.23225207872909726,-0.0790586971814341,-0.06603575511110013,-0.085494381146487,4.184100418410042,0.033117892233254675,0.0686389598000543,0.013157895175181844
Germany,1930,-0.24243703981538034,-0.16679521391566376,-0.18289413609165686,-0.16931401831313742,4.201680672268907,0.11169991892635589,0.09943513625852174,-0.038961039297869315
Germany,1931,-0.28375009580827015,-0.29603352676812367,-0.2923430096409292,-0.2956396885854433,4.23728813559322,-0.046943736015446436,0.18019117630774106,-0.08108108105529377
Germany,1932,0.27807972137521575,0.043621442928202026,0.10075071578759678,0.05097096997744521,4.201680672268907,0.3982053993184591,0.1806148759422781,-0.11029411752311291
Germany,1933,0.17327864250669145,-0.032704341495422784,0.39694960764008347,-0.024224488140833,2.679528403001072,0.24037089510900111,0.07720762878048837,-0.02479338830192568
Germany,1934,0.11181642142004389,0.020905057711648967,0.010628572132536415,0.024127059274609897,2.488181139586962,0.01954636385189179,0.01957851162937052,0.02542372867915077
Germany,1935,0.14140847425976166,0.24763270072481958,0.2770098969448537,0.24329890403769494,2.486325211337643,0.029360435005456154,0.01787560936120358,0.016528924831336944
Germany,1936,0.2884269582374941,0.2655195077175416,0.2605999411048038,0.2663215706263784,2.4857071836937608,0.06247782691775705,0.024768549102457627,0.008130082074432776
Germany,1937,0.009619247488503957,-0.24244354190573347,-0.24628996050520768,-0.23382673083762606,2.481389578163772,0.08684475031375016,0.023446399855724387,0.008064516434209024
Germany,1938,-0.034996387764911985,0.019815146947437023,0.05963975805654005,0.017304024807404783,2.450980392156863,0.05815160615203685,0.02192460300425747,0.007999999345629893
Germany,1939,0.1336694359779358,0.005886521374347753,0.01159390482437045,0.010734643422625423,2.4937655860349124,0.04571683332324028,0.02500000037252903,0.0
Germany,1940,0.29653391361131654,-0.10321831923760172,-0.10527061757313974,-0.08697552399829556,2.5012506253126565,0.044512388967683725,-0.009252308628449057,0.03174603225766992
Germany,1941,0.05052257758418488,0.028716168102320694,-0.06328222076995915,0.029827004847219785,2.4893917963224896,0.04489314408446554,-0.0012481203187258982,0.023076923316147635
Germany,1942,0.10923911174127587,0.126230379410887,0.036749885187481526,0.12527298623366723,2.4893917963224896,0.03014667171978469,-0.008518979262061466,0.030075188375392248
Germany,1943,0.03515437735646865,0.16335156367160053,0.10903782394338912,0.15563979540946682,2.4893917963224896,0.0568297799861095,0.013899274908975023,0.007299269741511072
Germany,1950,-0.35356113754239915,-0.08905777314199337,0.19317998907444958,-0.08823258022291658,4.199999999,-0.2688747477802338,-0.2645824235342019,0.4183778479168654
Germany,1951,1.0226793929293057,0.12120557263681375,0.12499482490112554,0.13120815450328216,4.199999999,-0.03772433824448729,-0.015169670550810754,0.0765306130570873
Germany,1952,0.1924849548723251,0.12876134199311196,0.08320343154341202,0.13006659389971764,4.199999999,0.04074527775939085,0.0291512758663115,0.021327015170155894
Germany,1953,0.2755753251332773,0.10336396738157916,0.06186128445571753,0.10608908841472986,4.199999999,0.03414422022860819,0.05538958626134005,-0.018561475048005205
Germany,1954,0.888160323723789,0.46638675296309495,0.45497832512397307,0.47410937959279353,4.199799999,0.06876160816373234,0.02647333729296819,0.002364077033739198
Germany,1955,0.09237617874715709,0.25664953371818644,0.26194882470120817,0.2527480310121488,4.215199999,0.08454164146033016,0.014550370035963711,0.016509412745893126
Germany,1956,-0.0725536403214061,0.019880673214299316,0.028188418231365902,0.017611425150535265,4.198599999,-0.08016130772846686,0.020943416899289025,0.025522062300496584
Germany,1957,0.05569782218967312,-0.08494454213907188,-0.09396165967183968,-0.08162800985096752,4.201699999,-0.022943876226930948,0.01810165181542689,0.021116111472426757
Germany,1958,0.5781710240619073,0.28798545125750175,0.2860904375600252,0.29612544593007417,4.177499999,0.10401632636877833,0.009732815385447458,0.020864117840537322
Germany,1959,0.8020193050411388,0.2019391082755062,0.20373885563710925,0.22170123913533923,4.169999999,0.08119820134634681,0.017116146891777095,0.009766684780961654
Germany,1960,0.35895958363445013,0.009349012763382847,0.0032420656171942078,0.025992733103430865,4.170999999,0.0055958973770340315,0.03032264461455858,0.014866561146005042
Germany,1961,-0.09035313253710531,0.14630445934619973,0.1991068020533533,0.13168771172215665,3.996499999,0.07540316185789941,0.006406754803908843,0.022767379914976127
Germany,1962,-0.23728492096012566,-0.1006639390654116,-0.09260713438727917,-0.10738002106249955,3.997999999,0.02582256957515483,-0.002136390338599914,0.02881795734506487
Germany,1963,0.08801011213864895,0.1396884422971192,0.15254228603066008,0.1376018041850886,3.975199999,0.02419472740703177,0.00010124052216453627,0.029855737754868716
Germany,1964,0.07000785626537365,0.0685190063216432,0.0709520283555139,0.06857662548404098,3.976999999,0.04480323892766869,0.009211203035094373,0.023452769513275573
Germany,1965,-0.14648364270916037,0.0699404254488809,0.06947769552975543,0.061748607099539665,4.005599999,-0.029586625674213662,0.00846235406874496,0.032304275290237605
Germany,1966,-0.16653033066139022,-0.09841593529551107,-0.09012286191152839,-0.10051469307152161,3.977299999,-0.03402210256239302,0.016563654084961854,0.03622630593032938
Germany,1967,0.3573491367337007,0.1731710163593554,0.17990686015866508,0.1786731941960018,3.998999999,0.14057095313549373,0.01713800296762935,0.016066646547020502
Germany,1968,0.14133235002571864,0.19121208619868701,0.16230058704658173,0.18955647793043795,3.999499999,0.07178344409025339,0.009523401477297355,0.016251826324959362
Germany,1969,0.1695511699977006,-0.1519269703810613,-0.10725196478841588,-0.1412991282551318,3.689899999,-0.009153465319024279,0.02880127956595535,0.018729291495549694
Germany,1970,-0.2412650960236442,-0.03543229094651079,-0.046683190025217425,-0.04380714297038757,3.647999999,0.01969353209194069,0.05037318272717961,0.034365707647773025
Germany,1971,0.018977747445458437,0.026770990380337922,0.1035978274008072,0.026515426238001627,3.268499999,0.03137974787213138,0.008803656565135931,0.05236533642603902
Germany,1972,0.10365842199057518,0.16120393920355203,0.20118492287565404,0.15942192312250314,3.201499999,-0.013521602691838663,-0.011314653180169998,0.054956465344183414
Germany,1973,-0.20673655069771812,-0.25835073221455773,-0.1548151261311698,-0.2569006241243894,2.702999999,-0.034619364501108585,0.0297950565495948,0.06995075494626568
Germany,1974,-0.04246422398343275,-0.3796758273101267,-0.34613537242163306,-0.36973691934596753,2.409499999,0.011871439260889627,0.01778524160187467,0.0696362624018183
Germany,1975,0.23802362177072056,0.36390523629409843,0.2215761427559661,0.3589942198886096,2.622299999,0.07131069934407375,-0.014498360549040523,0.05939955491618387
Germany,1976,-0.06247991705486455,-0.017827117137670156,0.06962760483325907,-0.019470443795647996,2.362499999,0.06566612159487839,-0.003946419897652209,0.04296597996139884
Germany,1977,0.08447870324312223,-0.085986938936224,-0.06759332873826525,-0.08075476777992507,2.104999999,0.09520364107538448,0.004319775392470415,0.03691078010176341
Germany,1978,0.08990942600478768,-0.01672070149501237,0.026521031062904824,-0.013007620514374207,1.827999999,0.010297765385190782,0.006561704155344739,0.026862033926962292
Germany,1979,-0.12954253219412548,0.025627456574305763,0.06372015251970799,0.01989859848941511,1.731499999,-0.03463517589099696,0.0168660071773421,0.0411597915708215
Germany,1980,-0.019387753343958924,0.37762797836378414,0.12274136102569058,0.3654475838486726,1.959,-0.0219874401046376,0.03453447554211819,0.05420362809988233
Germany,1981,-0.033175419328673184,0.060660729437086225,-0.05739219971479306,0.05829506038367693,2.254799999,-0.011785429826099314,0.046442501886061915,0.06325001153455467
Germany,1982,0.09068003946423064,0.10113644681429523,0.08193237209855446,0.10086043238948661,2.376499999,0.1263741874962867,0.03229059384695354,0.05266870024658199
Germany,1983,0.34909729364161524,0.367773021234197,0.20810773291207602,0.36726257318598443,2.723799999,0.015788509083393132,0.020207953600125395,0.03276003497611435
Germany,1984,0.08379494979430113,0.20504044943228839,0.08477228660014177,0.20142141052903217,3.148,0.10529976246359252,0.03063336748661971,0.02407901118393796
Germany,1985,0.6309220512996778,0.08490683349435257,0.236027030597613,0.10239460302674308,2.4613,0.07904849845838147,0.029463700343521415,0.021823303523831994
Germany,1986,0.15179298896617355,0.08791064472016807,0.24997033249249545,0.09063375813054009,1.9408,0.08756447869777695,0.04703891436672469,-0.0012501119582181142
Germany,1987,-0.33669318007517113,0.05644914386592692,0.10362130027989698,0.041378100864882805,1.5815,0.06556926042042432,0.03471609253357255,0.002419899241152823
Germany,1988,0.2629062930626125,0.28211182371920174,0.13673624733839743,0.2816217452289531,1.7803,0.03630145373814786,0.02700979288226346,0.012736203298781001
Germany,1989,0.2792789212212887,0.10919889213788347,0.21860129158685326,0.11387851773885393,1.6978,-0.011363727718116667,0.03707755286452441,0.027782345039029765
Germany,1990,-0.0942129487005261,-0.17678427299438992,-0.1298049383060919,-0.17426267315159116,1.494,-0.012559999575334824,0.05089299665668334,0.026964692401965307
Germany,1991,0.08895859977767606,0.08447442659495108,0.05123418363972062,0.08461416313332304,1.516,0.07270140440318107,0.050212113751857856,0.0363620687590307
Germany,1992,-0.06800778001306751,0.01614968750745782,0.010216020281312951,0.01344077545977207,1.614,0.07948797277110553,0.04148273836795591,0.05057910005715471
Germany,1993,0.40445591080623444,0.20372461761331362,0.13893825760221748,0.2096639509927074,1.7263,0.09768941882056725,0.029021528281252262,0.044574844224746
Germany,1994,-0.0953601344347641,-0.08685321958849224,-0.018709552983662107,-0.08714738216346651,1.5488,-0.05107777873941388,0.025439755093099814,0.02733485355169596
Germany,1995,0.050589170081344115,0.11315501839723652,0.19473523495941936,0.11097207669756948,1.4335,0.1458415457348996,0.026145260972956885,0.01840357432440909
Germany,1996,0.20351312274614797,0.2852655901611709,0.1972575890571287,0.28277316731280266,1.5548,0.0596952578417298,0.017590587263373036,0.014877703427147226
Germany,1997,0.38719265915514,0.3678826219769096,0.22287955995695052,0.3685165768819558,1.7921,0.04967654231602592,0.01640434501253485,0.015186530207989435
Germany,1998,0.1486318146685277,0.12924424930632328,0.18222770949387257,0.129998027417759,1.673,0.10593485066921926,0.02812172474644936,0.005853658536585371
Germany,1999,0.30787470210379486,0.41885109954914546,0.22309448487696454,0.4143150530226649,1.9468743778618356,-0.02606386872213018,0.02039202253705663,0.00678952473326877
Germany,2000,-0.11158654989997896,-0.003783425792256323,-0.05014011799397218,-0.00923156437001238,2.101912950026867,0.0537716969842017,0.026718249021963958,0.014026974951830473
Germany,2001,-0.19444481761070354,-0.130732745781031,-0.15960446958680607,-0.13388239692217363,2.2192556450697833,0.03654509716410015,0.024267590507957237,0.019001292087861943
Germany,2002,-0.40713960594113485,-0.31059589981150537,-0.22151911196775248,-0.3153567717237046,1.865004291026986,0.07614490620384884,0.019472938273423113,0.013052882822406131
Germany,2003,0.3608835096556511,0.035228459668187107,0.16905208672520983,0.0464609464130219,1.5485589865399843,0.029614156915777734,0.012113962825355928,0.010933588573111441
Germany,2004,0.06600572292142703,0.07039330038399405,0.12418884801904324,0.07023413029982772,1.4358931062330225,0.048657903885293674,0.002928430793927461,0.017503611181918677
Germany,2005,0.25775537040806706,0.21881982423045465,0.09937224055099118,0.22009493995953688,1.657904552004747,0.02111875308778588,0.001579346112063451,0.019290187891440436
Germany,2006,0.2191132495992214,0.07421187716068345,0.15344944980382674,0.0792852612302819,1.485064540622627,-0.014894352853628057,0.010325638547078464,0.017848364972730124
Germany,2007,0.1772788552452076,-0.04658270042586943,0.03609582706444546,-0.0381489729605734,1.3285986006385428,0.002194021901757326,0.015346618714455307,0.022893741304172766
Germany,2008,-0.44112828933697046,-0.3574559340085396,-0.39272462889189497,-0.36106151250190144,1.4053531651936473,0.07201194761178287,0.010445406471482954,0.02745115672564591
Germany,2009,0.2509605048623287,0.22797647110877928,0.23782824857192425,0.2289357258707323,1.3576495904484234,0.0466705868221402,0.003787299837169966,0.002461706783369877
Germany,2010,0.17147001884656543,0.19442680139213597,0.09347239582781354,0.1935839968734716,1.4637254901960783,0.02856068285378144,-0.007272219518890566,0.011186903137789805
Germany,2011,-0.16879401627875057,-0.009326365634990452,-0.043667722132596454,-0.015507581921073044,1.5115774016539145,0.05667724720878686,-0.01632761170919894,0.024824608742579635
Germany,2012,0.26541360675937087,0.09758692283368608,0.12295397892542484,0.10381798413032817,1.482363195391845,0.02436988082660907,-0.018556968525890838,0.02150605581885201
Germany,2013,0.24752368750090925,0.21809230585545936,0.2985651690573333,0.21925264305339942,1.4181930244362266,-0.020509613148110617,-0.014851692323184396,0.015980699439128943
Germany,2014,0.023074864370285164,0.22209234577244996,0.1078642380947788,0.2145686656383261,1.6109299069269414,0.06282832827392792,-0.006674146350783339,0.007692151569888894
Germany,2015,0.1057812102468767,0.13038487538344956,0.03792833109981779,0.12949232701148672,1.7964820428033434,-0.0016572431557086986,-0.007819429893725638,0.006797583081570968
Germany,2016,0.052850822490738913,0.05947400022355054,0.03690726212093266,0.05921472624288526,1.8554501470448723,0.03675606919756036,-0.0063640665171897925,0.0037509377344335793
Germany,2017,0.14422222770181792,0.055495337800559374,0.16285987271576685,0.0588562971194988,1.6308096389560587,-0.005629326716695804,-0.02005792126740291,0.01711011459890388
Germany,2018,-0.18428413652853093,0.04137747347819731,0.0059910573837351835,0.021967612782221924,1.7081484716157205,0.0058602982069040355,-0.022142575181177016,0.01935003478107533
Germany,2019,0.2113073768045961,0.15160943397622417,0.12757378574516032,0.15669049414251868,1.7409916325440622,0.04440027656198797,-0.01686772542437165,0.013532996289959742
Germany,2020,0.07191526378435054,0.011817131870084596,0.06745639784394981,0.016898090353027362,1.5938635808002606,0.02825774140798898,-0.00793988586761396,0.0037174016121384046
Germany,2021,0.11589553718470058,0.15562949755803968,0.17879141722080494,0.15239795308257165,1.537792930668918,-0.06444867843508084,-0.03644043029503463,0.03212346
Germany,2022,-0.10014536502938365,-0.10009382823713875,-0.1474895912700813,-0.09884367656371873,1.7300974829186422,-0.21984702349940444,-0.07660410586211841,0.08665801999999999
Germany,2023,0.05381538627897742,0.1106308099094282,0.16784913601215756,0.10603325480254444,1.6815250961534343,-0.034310301597590076,-0.0245155186278746,0.06030186
Germany,2024,0.2548918940431517,0.15356793214358277,0.1563249833734119,0.16189898378768497,1.679843667398604,-0.017495625056259012,0.01108681595872052,0.02449793
Germany,2025,0.10676530576921217,0.1478195773919555,0.17655865469506066,0.14445029267978016,1.6118176043802148,-0.025701750628372988,0.003994910745690472,0.02022805
Italy,1885,0.09950526659040748,0.006007905882285947,0.05086268050868974,0.006007905882285947,5.31,0.051258501956195746,0.031699198744551405,0.008045756332349496
Italy,1886,0.08605037603068033,0.03559609893335591,0.05129740536983431,0.03559609893335591,5.28,0.08091925096537533,0.04619090346368737,-0.001138321573629919
Italy,1887,0.03881715670988228,0.024689377388612765,0.007017804426154836,0.024689377388612765,5.35,0.03584229766702518,0.05490906461963729,-0.0022836719671506245
Italy,1888,0.022924728977869346,0.07533244339592815,0.08659799964008127,0.07533244339592815,5.34,0.019149186417139363,0.03447929546852757,0.012586722607656142
Italy,1889,-0.00240599754361126,0.07612051235698392,0.08633980263230225,0.07612051235698392,5.32,0.013439981380306998,0.03496075447816871,0.016946771949383654
Italy,1890,-0.06649165593687922,-0.04847968442436623,-0.028279875739138077,-0.04847968442436623,5.37,0.008390193472286533,0.01636239578305032,0.03555582411132008
Italy,1891,-0.14123683302545598,0.07007534527627302,0.060916309629926765,0.07007534527627302,5.38,0.024669067753730678,0.04586518162577491,-0.0032176051348309365
Italy,1892,-0.017537506359513122,0.07698570877288669,0.07789095838969362,0.07698570877288669,5.44,0.0696261348744498,0.043992484270796606,-0.008613552546851921
Italy,1893,0.06829541118912297,0.02830765738936636,-0.009651659288784073,0.02830765738936636,5.71,0.07469557090559431,0.08352610339308808,-0.02171254080591145
Italy,1894,-0.04967999710833215,0.11239875673639621,0.10809066614449557,0.11239875673639621,5.81,-0.01996363418345526,0.044638835062448035,-0.004440612200905303
Italy,1895,0.16529461081542896,0.04078309449048323,0.10305042813926485,0.04078309449048323,5.53,0.20749526501713178,0.03577273233880196,-0.005573358738957368
Italy,1896,-0.015182682875465647,0.13429851924202074,0.09160895156489979,0.13429851924202074,5.66,0.04860342277456953,0.0446858518684885,-0.004485418036606181
Italy,1897,0.020699446237139707,0.06252016150455719,0.08172476632578383,0.06252016150455719,5.53,0.08907568567297508,0.03232563680118972,-0.002252813830089684
Italy,1898,0.18775451201436733,0.1292114958706414,0.09890780419128235,0.1292114958706414,5.71,0.05932224041198797,0.028036388646177857,0.006773701378415264
Italy,1899,0.2458531637134871,0.0577515735250298,0.05821764121518232,0.0577515735250298,5.57,0.07015575013394493,0.06674210022205074,-0.01569460835332903
Italy,1900,0.043151039873913666,0.07804674935132994,0.06401989446968934,0.07804674935132994,5.51,0.028669870883782256,0.040264185380701534,0.004552513173088579
Italy,1901,0.03861984318805756,0.04523121346103842,0.06551672854180932,0.04523121346103842,5.39,0.054501797872839486,0.03881961585191673,0.0011362735512512323
Italy,1902,-0.009669011601539768,0.03069726349996338,0.04859396791784784,0.03069726349996338,5.23,0.07043709493634465,0.052151163818527246,-0.006796705907195388
Italy,1903,0.13164722192427947,-0.0759399662958894,-0.04909185797061766,-0.0759399662958894,5.17,0.0021716489771588243,0.010052437133095227,0.029649512116259436
Italy,1904,0.10020154375686419,0.16820834326773748,0.18064966202878535,0.16820834326773748,5.17,0.02968410568345492,0.021312279264245282,0.012178177360032683
Italy,1905,0.13365695876072414,0.13758585473901253,0.13956478440765446,0.13758585473901253,5.16,0.05906229708568156,0.04884994597972936,0.0010964912280702066
Italy,1906,0.03644545445943703,0.09913173598198477,0.08868093389608675,0.09913173598198477,5.18,0.04053019062243579,0.030849415144006187,0.018577481172045385
Italy,1907,0.011354360667139796,-0.16421116588545204,-0.14500189573272265,-0.16421116588545204,5.17,0.009127495608132197,0.007439195439312263,0.047209602800816874
Italy,1908,-0.023496216909339118,0.1898696451532642,0.18467677994950893,0.1898696451532642,5.16,0.05900164749760273,0.048238672826056206,-0.010244490700756614
Italy,1909,0.0269032257985653,0.19164218393795496,0.1566706883901332,0.19164218393795496,5.19,0.0750693417789996,0.07247707217567378,-0.02795124717009212
Italy,1910,0.009933110849724036,-0.032824200766665035,-0.03683465827015423,-0.032824200766665035,5.21,0.008668140530870394,0.02170706842321013,0.027691824003441834
Italy,1911,-0.023679692414025566,0.027096666538718228,0.040425584919325935,0.027096666538718228,5.22,-0.001651520675207574,0.02940028407237616,0.024868572532665834
Italy,1912,-0.010405710655378098,0.05818688279590045,0.03951755730761583,0.05818688279590045,5.23,0.046804420352209775,0.04796311031629452,0.00910040690641134
Italy,1913,-0.050678929131338535,-0.034933514940805654,-0.04447064294808209,-0.034933514940805654,5.264,0.03983362198694618,0.05164197695623507,0.0020045072220642446
Italy,1914,-0.16070590913295746,-0.050911138103306164,-0.04926625750551561,-0.050911138103306164,5.195,0.012099998071789742,0.042500000447034836,0.0
Italy,1922,-0.6915600753830538,0.16215348663824547,0.4122458092535113,0.16215348663824547,21.027,-0.7337248921077759,-0.7446291731795074,3.1429947637471063
Italy,1923,0.384939681443909,1.1472429914529787,0.23775315047064222,1.1472429914529787,21.732,0.05413081591867219,0.05993967684758972,-0.005792475969381816
Italy,1924,0.71570276381436,0.17737630844901586,0.16974931221955253,0.17737630844901586,22.946,0.245781721227732,0.01767524584071012,0.035202540980669106
Italy,1925,-0.1546467124670864,0.18213484365020904,0.1624394434920539,0.18213484365020904,25.141,-0.09961828212922907,-0.046164290307992406,0.12335907793161383
Italy,1926,-0.43486761701554755,0.09399241869885255,0.16155668774372728,0.09399241869885255,25.711,-0.07826872384826355,0.005279138520997373,0.07870536315259358
Italy,1927,0.44736776742013107,0.04614139301733844,0.2594431858807037,0.04614139301733844,19.395,0.04437871098382962,0.1782159306950355,-0.08573634517667272
Italy,1928,0.33345347157108285,0.38844491182818186,0.32429170895185755,0.38844491182818186,19.022,0.19933904043054307,0.13794683720914502,-0.07324317279363102
Italy,1929,-0.12478549987099186,-0.08007101632686808,-0.07301853542335257,-0.08007101632686808,19.108,-0.0041165254427458775,0.050109305131217585,0.01598947344137902
Italy,1930,-0.11538181111555867,-0.17963714441555734,-0.1848768609393688,-0.17963714441555734,19.093,0.1084922868105962,0.09470217470826814,-0.03170010697989212
Italy,1931,-0.19546510854273236,-0.2853292739475074,-0.29206749886720124,-0.2853292739475074,19.207,0.1910308187133838,0.17332784774526022,-0.09658668658051761
Italy,1932,0.010878179781682817,-0.016308327462883132,0.10630942043993054,-0.016308327462883132,19.511,0.09870584581547015,0.08730353271864133,-0.026214880356360215
Italy,1933,0.43599801539154304,0.21143279900792633,0.3877415801265523,0.21143279900792633,14.904,0.21000456918249322,0.10407029766669051,-0.05911788104455096
Italy,1934,0.24880092401539788,-0.06548056989082629,0.014214783968526302,-0.06548056989082629,11.68,0.501774401391716,0.09396358398828952,-0.05161376788459704
Italy,1935,0.10297406108105212,0.29460088213084834,0.27147755262041323,0.29460088213084834,12.125,-0.13460170308377772,0.03037172775028263,0.014197084065763477
Italy,1936,0.2620197001492328,0.3428498186909503,0.2615742537323157,0.3428498186909503,13.714,-0.08407732501716036,-0.023739312553311076,0.07553240056324184
Italy,1937,0.024914544684904394,-0.020289739940699048,-0.23754165893649853,-0.020289739940699048,19.009,-0.05023523488744641,-0.040407364354286934,0.09463116018887274
Italy,1938,-0.08637288999862369,-0.03581938593377032,0.05530412100009373,-0.03581938593377032,19.01,-0.020252928905478473,-0.02255744862354203,0.07678962500529218
Italy,1939,0.35640836694969735,-0.03681645404771716,0.01622548703531641,-0.03681645404771716,19.246,-0.04000186740694922,0.008074652790226011,0.044168700343945266
Italy,1940,0.01134925431784306,-0.17041048885138832,-0.08894443302692082,-0.17041048885138832,19.839,-0.08127227773464107,-0.09802670896823473,0.16699686179130357
Italy,1941,0.11449183526879181,-0.09045680035107118,-0.05748490911887069,-0.09045680035107118,19.7227,-0.07965204355554889,-0.09028871010128414,0.15707039336714956
Italy,1942,0.03426854942347202,10.467688400832657,0.040834376837781704,10.467688400832657,225.53,-0.09518392804301501,-0.092243443463359,0.15581649157320454
Italy,1943,0.2040195510263545,-0.17152392927185744,0.10459332687708493,-0.17152392927185744,269.179,-0.5548014050655397,-0.37371000987382896,0.6770186573813866
Italy,1944,-0.4339988838380836,-0.4548851457723355,0.1278271516749571,-0.4548851457723355,574.713,-0.7008150245376388,-0.7634982246369607,3.443941266119463
Italy,1945,-0.7288679930335644,-0.357984520562708,0.20717455004094848,-0.357984520562708,588.582,-0.4041668184924576,-0.46835329429938133,0.9695410295142322
Italy,1946,1.2047048218679164,-0.15813367545840318,-0.06742378835955298,-0.15813367545840318,675.0,-0.0874617706353894,-0.11276895109304097,0.18018863448640698
Italy,1947,-0.5450403551528455,-0.48993208401731114,-0.10150805985720171,-0.48993208401731114,585.0,-0.4024657348461588,-0.352960514810148,0.6206120698960382
Italy,1948,0.2042461834444942,0.08542916652162957,-0.10381315798979374,0.08542916652162957,660.0,0.036379085654367316,-0.005856310272534415,0.058800665266208973
Italy,1949,0.09341087053663233,0.03094499406499751,0.07708012776410136,0.03094499406499751,665.0,0.1500792201490051,0.04134622990983705,0.006965761511216195
Italy,1950,0.10559916478508069,0.30554254209381626,0.190516911951289,0.30554254209381626,700.0,0.0379383473051218,0.054393848962422275,-0.006917575331222947
Italy,1951,-0.00540509819984436,0.050335429453987945,0.1349553619459545,0.050335429453987945,690.0,-0.11516397329978645,-0.08378749992698431,0.1428571428571428
Italy,1952,0.3929004451566005,0.04113600567487663,0.0854418469476388,0.04113600567487663,634.0,0.06606778405742775,0.024548479134848034,0.018595041322313932
Italy,1953,0.0666509347558022,0.0619192953399903,0.0652431556338646,0.0619192953399903,629.0,0.014625424694269862,0.027116201780736482,0.014198782961460488
Italy,1954,0.30846754709879587,0.45452831257333215,0.4629098387839199,0.45452831257333215,638.5,0.023732647751317115,0.010133335084626438,0.031249999999999778
Italy,1955,0.04319040433448906,0.22567473240630576,0.25792146349478273,0.22567473240630576,635.5,0.009087404564899648,0.011061766458784872,0.030303030303030276
Italy,1956,0.016142559903008502,0.0009102917548968747,0.025715216315692208,0.0009102917548968747,624.969999998,-0.00029118188789922783,0.011937144611562811,0.02941176470588247
Italy,1957,0.021972634947635905,-0.07624391055712798,-0.09043249186963699,-0.07624391055712798,624.89,0.05138553280225944,0.02702817079466846,0.014285714285714235
Italy,1958,0.2566681855345425,0.2925283026661327,0.29428358925640435,0.2925283026661327,624.0,0.0955320533416042,0.01014520692294596,0.028169014084507005
Italy,1959,0.6040031909942627,0.22911816596618828,0.2234417163476084,0.22911816596618828,620.600000001,0.0766841247677803,0.03629999980330467,0.0
Italy,1960,0.21365028458672586,0.026928562898050235,0.020176516069261914,0.026928562898050235,620.600000001,0.046601724634702135,0.02229594575190852,0.013698630136986356
Italy,1961,0.026024982725319168,0.17620214856593908,0.1812288088839348,0.17620214856593908,620.600000001,0.03174119050565527,0.009028947176902058,0.027027027027026973
Italy,1962,-0.17056812817537337,-0.11686180584871264,-0.09971927678521064,-0.11686180584871264,620.600000001,0.022318145142325774,-0.0045924062215829675,0.03947368421052633
Italy,1963,-0.1753642756272764,0.09825324155409798,0.1499366427546034,0.09825324155409798,622.380000002,-0.07898941125501602,-0.037222352492458644,0.07594936708860756
Italy,1964,-0.2658497542142868,0.036426901894111685,0.07091548847100616,0.036426901894111685,624.799999997,-0.0037926466514667245,-0.021272222407990093,0.05882352941176472
Italy,1965,0.20018412775181704,0.04174776985654116,0.061303391865701135,0.04174776985654116,624.700000002,0.023750993958179034,-0.00779787252875086,0.04444444444444451
Italy,1966,-0.022159184569243262,-0.09069370371001839,-0.0924771479375978,-0.09069370371001839,624.450000002,0.001607320895514519,0.0037649472810559192,0.03191489361702127
Italy,1967,0.015517431497573675,0.1542868643695421,0.18520780991030175,0.1542868643695421,623.859999999,0.01837292004376634,0.004725998826324851,0.030927835051546504
Italy,1968,0.03441192677208016,0.18435324311401402,0.16160460929597836,0.18435324311401402,623.5,0.027777995548996293,0.015294116793894252,0.020000000000000018
Italy,1969,0.1658833276193874,-0.06706907222378355,-0.09810104705259963,-0.06706907222378355,625.5,-0.01151493340372478,0.029807693038422123,0.019607843137255054
Italy,1970,-0.20453681967674053,-0.04929243464770827,-0.05460026946573748,-0.04929243464770827,623.0,-0.01907280716327353,0.024543116945739074,0.04807692307692313
Italy,1971,-0.17736481985320207,0.08959577624055481,0.10082287757068842,0.08959577624055481,594.0,0.0580667508685071,0.002405071258545055,0.05504587155963292
Italy,1972,0.08039644816197655,0.16383920846843902,0.19816481285974402,0.16383920846843902,582.5,0.004699951053158458,-0.00040289202381749156,0.05217391304347818
Italy,1973,0.08108009097736257,-0.11253911549654605,-0.15627386626041995,-0.11253911549654605,607.920000001,-0.05943446834363164,-0.03448320669469551,0.1074380165289257
Italy,1974,-0.39538360238075254,-0.3233753246941884,-0.3371850291774423,-0.3233753246941884,649.429999999,-0.24410463711246844,-0.04047625605016936,0.19402985074626855
Italy,1975,-0.16123861297566622,0.19134698053670807,0.22221780785993087,0.19134698053670807,683.549999997,-0.04480915656064277,-0.05339037670808677,0.16874999999999996
Italy,1976,-0.2068488728084149,0.24641959487857545,0.06476574145983657,0.24641959487857545,875.0,-0.14774549687751182,-0.0077276747297803094,0.1657754010695187
Italy,1977,-0.36276589543558657,-0.09261149101134103,-0.06292572012669716,-0.09261149101134103,871.549999997,-0.09461134840967134,-0.028920703916810453,0.17431192660550465
Italy,1978,0.17391446741615857,-0.008906043766768956,0.028728345723128993,-0.008906043766768956,829.75,0.019425169516108287,-0.0010722422849011037,0.12109375
Italy,1979,-0.040968949014836054,-0.05240477249822029,0.05658491649489368,-0.05240477249822029,804.0,-0.04921850958403118,-0.018515253003607346,0.14634146341463405
Italy,1980,0.515930160095817,0.2141460476508814,0.11838085702838268,0.2141460476508814,930.5,-0.10917640974124276,-0.04420964550553719,0.2127659574468086
Italy,1981,-0.08072995995270449,0.07030728519042984,-0.05678167926306756,0.07030728519042984,1200.0,-0.1262872711894043,0.01619782003950565,0.17794486215538852
Italy,1982,-0.2162267216762198,0.07855931148586714,0.08216328146307353,0.07855931148586714,1370.0,-0.03839231000521948,0.02624685798092341,0.16382978723404262
Italy,1983,0.15643783448415505,0.3019383730796008,0.21196128269940984,0.3019383730796008,1659.5,0.027913498678846294,0.028524090822613868,0.1462522851919561
Italy,1984,0.08373582961319159,0.12034875717672544,0.08474311421904322,0.12034875717672544,1935.879999995,0.14636362550927573,0.04079519195093528,0.10845295055821369
Italy,1985,0.8307916680657657,0.14384978402378001,0.24867472408001054,0.14384978402378001,1678.5,0.05309037234001002,0.041233383207452956,0.09208633093525198
Italy,1986,0.6382187694719397,0.056490693012174686,0.24578532576009232,0.056490693012174686,1358.13,0.11404643034281814,0.05299828487308078,0.05797101449275344
Italy,1987,-0.31729977412257837,0.05306527675023687,0.08674192082034078,0.05306527675023687,1169.25,0.0669199558911795,0.05726144962482316,0.04732254047322537
Italy,1988,0.21758547401670936,0.2249976229797006,0.13995580042592998,0.2249976229797006,1305.77,0.03905127827094934,0.057780118178727635,0.0511296076099883
Italy,1989,0.059155288087928026,0.09961409913489105,0.22027079147213524,0.09961409913489105,1270.5,0.044654526966956265,0.059855120694929376,0.06221719457013575
Italy,1990,-0.3239856804609299,-0.1950658119944978,-0.12871801429025703,-0.1950658119944978,1130.15,0.07652649658918387,0.055235210165381465,0.06496272630457933
Italy,1991,-0.01231205895164611,0.06136994384818828,0.05240975806747115,0.06136994384818828,1151.06,0.09376004868145849,0.05866948221499135,0.06299999999999994
Italy,1992,-0.0660377326809144,0.21611954526474775,0.0076981047442096565,0.21611954526474775,1470.86,0.03819828475145948,0.08791356367678538,0.05079962370649116
Italy,1993,0.44912448839540664,0.3099794567934224,0.14679452074588828,0.3099794567934224,1703.97,0.34196120978116795,0.058427608941443054,0.04476275738585489
Italy,1994,0.052328189475925324,-0.03895844201209231,-0.021360071158628917,-0.03895844201209231,1629.74,-0.1435644418688542,0.049387260743676276,0.04027420736932297
Italy,1995,-0.05250858052394969,0.1294211702278938,0.1897059344011254,0.1294211702278938,1584.72,0.15423087456098994,0.05325882168310114,0.05244398682042828
Italy,1996,0.03803454293683406,0.11512929752417489,0.19744830421947485,0.11512929752417489,1530.5699,0.2647078747299014,0.04331991144700087,0.03959012794413552
Italy,1997,0.5681859911258844,0.36023386590911666,0.22827401333053,0.36023386590911666,1759.1899,0.17292068926490156,0.04403563518087927,0.01848391052969678
Italy,1998,0.4229506393001503,0.12132558609151833,0.1809215191765051,0.12132558609151833,1653.1,0.1534751161810468,0.025098588702068936,0.020313082370480906
Italy,1999,0.2105611130935039,0.40347739050622033,0.22655978938061277,0.40347739050622033,1927.4039418674101,-0.08250905055122781,0.013335575917948095,0.01650860554970146
Italy,2000,0.06119809588838154,-0.0206074176081692,-0.053245488816046536,-0.0206074176081692,2080.891993551854,0.05031205876720657,0.018983921704740947,0.025805114029025633
Italy,2001,-0.23943068003041323,-0.13747247166680143,-0.16132682672823817,-0.13747247166680143,2197.0611596505164,0.041008245483355354,0.016881068084149797,0.023242653300456606
Italy,2002,-0.20638073701716253,-0.3240701074597854,-0.23067263871241506,-0.3240701074597854,1846.352627062077,0.08823777399462385,0.006364771535869229,0.026112032867188217
Italy,2003,0.14008893575882242,0.028958321704596557,0.1756687319005017,0.028958321704596557,1533.0720506730008,0.01881314460825867,-0.006078784759064648,0.028129611806223975
Italy,2004,0.23589810342624284,0.06493471517884486,0.12207811310943495,0.06493471517884486,1421.5329270978636,0.0805349682836698,-0.0017328889539529602,0.02256699576868826
Italy,2005,0.1828669109325176,0.21677777386321861,0.10455919283312284,0.21677777386321861,1641.3240654403662,0.04189072050626774,-0.00033751630831357904,0.022068965517241468
Italy,2006,0.19566300326296826,0.074588569151256,0.15574851481766974,0.074588569151256,1470.2126044039483,-0.02879894663131488,0.0093222447117427,0.02229706328448744
Italy,2007,-0.06096564945780358,-0.035652142196500036,0.04141473579279928,-0.035652142196500036,1315.311459819305,-0.00168971803983764,0.01971274692616687,0.0202453271028038
Italy,2008,-0.4863401174953499,-0.36567495143738893,-0.39481042170142816,-0.36567495143738893,1391.2984120140827,0.038518113865575465,0.002563669038085248,0.03492379741907414
Italy,2009,0.21633747849201312,0.22260040121364377,0.23837633249473925,0.22260040121364377,1344.0719144800769,0.08617343748201556,0.0018793040319904364,0.007656307048891975
Italy,2010,-0.0893400002498358,0.1877011586422348,0.09633589592826433,0.1877011586422348,1449.0869630294867,-0.023052113077606795,-0.004784620930513683,0.016195443315948355
Italy,2011,-0.23562690884218063,-0.019842527938558563,-0.04851781357165058,-0.019842527938558563,1496.460313780045,-0.09153326201517986,-0.001456025901600766,0.02935710426796323
Italy,2012,0.09440051208134093,0.09137870874475307,0.12824321334611563,0.09137870874475307,1467.5382749734729,0.20549343787249152,-0.013743361050415737,0.03314893929692331
Italy,2013,0.21332852823526105,0.2235093255608145,0.2965528500163397,0.2235093255608145,1404.0098615038794,0.07511838722545994,-0.0038456616447039016,0.012446024892049934
Italy,2014,0.03224890878478481,0.2210562581368014,0.10465885069774562,0.2210562581368014,1594.8192076435216,0.19313381574780553,0.0018983775315652984,0.002338183642749625
Italy,2015,0.17466269948329982,0.13593053031718472,0.040389833338590475,0.13593053031718472,1778.5156608799487,0.0448648074154292,-0.0006039510592755759,0.0010912767938489054
Italy,2016,-0.04582287470964852,0.06371967711916815,0.03753139611368053,0.06371967711916815,1836.8940328242102,0.016834723447956,-0.0012005603249883867,-0.0005000400032003638
Italy,2017,0.16446193079346538,0.06288208903804238,0.1621538819303079,0.06288208903804238,1614.5001250729601,0.018034445082835138,-0.016439736538062744,0.013257689459886812
Italy,2018,-0.1349462232394092,0.028960353004439554,-0.010375107014483437,0.028960353004439554,1691.065502183406,-0.005428240326449174,-0.01108490221897096,0.01242260558721009
Italy,2019,0.2736253064150149,0.16495824362652556,0.1347005876742663,0.16495824362652556,1723.5802029553136,0.23641380152807479,-0.006896195783862358,0.006339917093391767
Italy,2020,-0.040404901496055357,0.02216437298011087,0.06783336983962687,0.02216437298011087,1577.9235596120932,0.12724116366484073,-0.0005469546226644084,-0.001453840562151698
Italy,2021,0.25511967297243454,0.16588784602070894,0.17359826979051635,0.16588784602070894,1522.4136647184598,-0.05088074194538306,-0.02382524621331994,0.01941276
Italy,2022,-0.049314599786698055,-0.10989307209835997,-0.1423016454302722,-0.10989307209835997,1712.795004295301,-0.21119847500884537,-0.07226881912124516,0.08736015
Italy,2023,0.14156850484475259,0.10942778203607095,0.15855252849010293,0.10942778203607095,1664.708383616679,0.0002850543331924804,-0.021883417400837435,0.05903386
Italy,2024,0.23090076564676054,0.17655662285682316,0.16443453073468967,0.17655662285682316,1663.0437706108885,0.03809065592495364,0.020609931472671317,0.01212321
Italy,2025,0.2812721812565553,0.1516782943218915,0.1709199810059871,0.1516782943218915,1595.6980273506786,0.016904228405981492,0.0007258071778011299,0.02057409
Japan,1887,-0.10668645750580041,-0.05121180972216688,0.014113198653900783,-0.0544702171397331,1.36986301369863,-0.004250987389315619,-0.0243016194942971,0.06344339622641515
Japan,1888,0.09196383734519453,0.11912135076378116,0.08626036043882325,0.117513657546235,1.3793103448275863,0.04923032823822293,0.05440604845347674,-0.017076957196717646
Japan,1889,0.2321793671841057,0.023266182519438683,0.08633980263230225,0.023266182519438683,1.3605442176870748,0.011450246100280559,-0.019274801987461565,0.05888989169675085
Japan,1890,-0.23524003460717424,-0.09179550142142034,-0.01604624054839963,-0.09980142192038188,1.3377926421404682,-0.030607928434829068,-0.023135731308657648,0.06626891114425737
Japan,1891,0.08367703443810393,0.1091039741926374,0.05946729679937099,0.10758210879715535,1.3333333333333333,0.2166978346092978,0.08605797145893335,-0.04196642685851315
Japan,1892,0.68090176166304,0.2738892438694813,0.04205310205099802,0.2967216563998518,1.5267175572519083,0.1410217727090688,0.11109261578761487,-0.06758448060075084
Japan,1893,0.06080607666735327,0.14282876888905482,-0.013958017298655923,0.13810432084316848,1.8348623853211008,0.07717611429229687,0.021183552591016674,0.01208053691275146
Japan,1894,0.20609410179917798,-0.008303434224550377,0.10204486031456354,0.004154185405545574,1.7467248908296944,-0.09387845145706031,0.009468380572480228,0.03183023872679036
Japan,1895,0.22886506746743485,0.2158412362276405,0.09450013401395368,0.21667000594364083,2.13903743315508,-0.033403743594377255,-0.046408642610590634,0.09447300771208211
Japan,1896,0.40320806842985135,-0.08544229229149203,0.07125682484595341,-0.05548285019003152,2.0151133501259446,-0.06071458159565224,-0.05046390698131331,0.10041103934233697
Japan,1897,-0.4112090921721696,0.029228720154889087,0.11143126885269909,0.00419455142137215,2.0779220779220777,-0.07707010693955174,-0.05761494186003879,0.11419423692636066
Japan,1898,-0.3187346383687991,0.026564242497942647,0.12360826479735129,0.007282727313409287,2.061855670103093,-0.02567546461780934,-0.025640976992220454,0.08461047254150689
Japan,1899,0.4109904005382088,0.10957981457147592,0.053138646777416865,0.11385773880552064,2.030456852791878,0.11910139199278302,0.11103253754768394,-0.05637327053282304
Japan,1900,-0.2539535958237671,-0.01815521706260259,0.0674249712770668,-0.020653552897440308,2.0408163265306123,-0.09893526255724483,-0.05726347353677119,0.12353766963032298
Japan,1901,-0.06418639724096575,0.09949961751086867,0.0728247689402673,0.09076876701298531,2.035623409669211,0.026070819262410394,0.08280124895384633,-0.021796473691517604
Japan,1902,0.3636153828399007,0.007063904610420391,0.04551518622538826,0.010514842947697112,2.0253164556962022,0.062142042453081414,0.012760214176736895,0.03874538745387457
Japan,1903,0.11334003979266294,-0.0785709824374462,-0.05101620806497406,-0.07632400978778808,2.0408163265306123,0.014335836273319469,-0.005949323078061064,0.05000683153436247
Japan,1904,-0.00912834996632117,0.16660151296013948,0.18285816124321805,0.16458002060747146,2.056555269922879,-0.03830786354903293,0.019818948750715437,0.023162003903708595
Japan,1905,0.4116310195218633,0.08387112271440311,0.1365025507714073,0.08751915443273117,2.035623409669211,0.06938568787056698,0.008189508252114175,0.03853491033956491
Japan,1906,0.824809226996045,0.052884140114844325,0.05056083978302505,0.09088984661178112,2.030456852791878,0.04457677361257106,0.023893032668124148,0.019715895175116405
Japan,1907,-0.2039871330227795,-0.20616333749952154,-0.14329906717995605,-0.20610227601950581,2.030456852791878,-0.08541934124908346,-0.05515075356106813,0.10459949561666892
Japan,1908,-0.3174414442219372,0.23124858347009924,0.19320959457677703,0.22208014957218625,2.030456852791878,0.10277382000087831,0.08706461131663334,-0.03446401391606879
Japan,1909,0.3929246018737582,0.1920673541772593,0.15298682970772523,0.19515119424617233,2.0253164556962022,0.20235644221557236,0.08386487486242422,-0.03884697669181403
Japan,1910,0.3332749225180067,-0.014730609420354202,-0.04204913001024095,-0.009895680778124749,2.030456852791878,0.09009061527742501,0.0316610802491708,0.002577319587629079
Japan,1911,-0.17517597957304787,-0.019887406626909243,0.043781578079904224,-0.022267536339304117,2.030456852791878,-0.10413775809608294,-0.035801149200665905,0.07455012853470433
Japan,1912,0.038914680938462176,0.009238156219887772,0.03952864607179897,0.009774141028325856,2.030456852791878,-0.06109130876582125,-0.006839581044241649,0.055458895171814016
Japan,1913,-0.029118738401628708,-0.0657304407738597,-0.044731704158496234,-0.06511826397891529,2.035623409669211,0.00336002561897053,0.01796527908593415,0.030290541932824988
Japan,1914,0.05118135146431113,0.046537618546319326,-0.05111987521431765,0.04662175933183299,2.0408163265306123,0.0950053498938297,0.1386886672563672,-0.07879999999999987
Japan,1915,0.41791391685152246,0.224419369906675,0.06799174101672868,0.2274740242104114,2.0833333333333335,0.21908034015437394,0.10552547423925573,-0.0640468953538863
Japan,1916,0.8096396747994539,-0.06303332278783835,-0.04280131335794078,-0.03937072647011697,1.97,-0.025590038594704323,-0.043295846519550873,0.08037578288100211
Japan,1917,-0.23967900387913443,-0.2534366382511889,-0.24895364494630112,-0.2528272868529293,1.95,-0.14796323484911567,-0.1520227873724772,0.2267310789049919
Japan,1918,-0.11401248616167325,-0.17163287114802916,-0.05429000161505901,-0.1684209140468622,1.89,-0.2413655845184982,-0.22444094465153597,0.34602257810448944
Japan,1919,0.027778520670437734,-0.19328965685084198,0.0533649431187416,-0.18275642195991437,1.95,-0.2305689264130556,-0.21423413638157307,0.33047266107535256
Japan,1920,-0.07351053896590087,-0.2933583124642134,-0.2875136654898849,-0.28111488257219375,1.99,-0.03142682886241732,0.006393630836184272,0.04603205629397977
Japan,1921,-0.04671963776489352,0.25885877693501635,0.23718277589139009,0.24625309278270713,2.07,0.18204152180270206,0.14051849064608768,-0.08357469868261247
Japan,1922,-0.02359626662984793,0.3242143272483575,0.42838166660135757,0.3117973004108603,2.09,0.0758911330663421,0.0669275954245403,-0.01519090584696936
Japan,1923,0.08976542370986862,1.0753066809672767,0.24095973117377145,1.05440498413313,2.06,0.07888133022228838,0.06059241490961531,-0.009006677364252869
Japan,1924,0.06477939363103835,0.35711829905201364,0.17251371318599634,0.3496170500905569,2.43,0.055789302676209296,0.041021763801661004,0.008931835988508885
Japan,1925,0.10908262042438266,0.20459407966177645,0.16366954849969167,0.20244174890352928,2.44,0.06505077540722026,0.03830169206689993,0.01211430938082425
Japan,1926,0.21802005415617343,0.04659398344695043,0.16032676316564679,0.05024850087989852,2.12,0.11404666240474115,0.10090917922176734,-0.04537084398976976
Japan,1927,-0.050801907409948055,0.2890133501946224,0.2663850194118635,0.28157628154467673,2.11,0.12403738385370167,0.0612226409601746,-0.015324438729036105
Japan,1928,0.14975230300464926,0.3934767360270075,0.3270864142967635,0.3896357492552647,2.15,0.11016552698285875,0.08588434282001889,-0.03798226043423858
Japan,1929,-0.08728362718734872,-0.0382458293541198,-0.07282694207073706,-0.03889572357371196,2.17,0.06337401402396692,0.06307345660893127,-0.022908535550653197
Japan,1930,-0.19198222117015662,-0.17608701710958397,-0.1847879176505627,-0.17628352977012718,2.02,0.17249431631337186,0.15618591979160423,-0.10159777700590489
Japan,1931,0.2713486455180134,-0.2701809839633108,-0.29879816207590215,-0.26378815056492155,2.05,0.13859877448674163,0.1747871716039422,-0.11527804626586757
Japan,1932,0.12235428185410724,0.6304954719076039,0.10595511077202412,0.6195169086987515,3.56,0.16951153314500855,0.02466170043118132,0.011143481427531077
Japan,1933,0.2980160605501663,0.5926547913099411,0.38974819795319543,0.5862096419184635,3.9,0.06504802705273915,0.0015710677498250725,0.03054094936252949
Japan,1934,0.04523219324140504,-0.03814068491788658,0.013542036289146716,-0.03637076909230841,3.37,0.028894501785557525,0.01660656891542378,0.014118962745509389
Japan,1935,0.06693020688441509,0.27953617113073137,0.276399571802766,0.2745404495142991,3.48,0.03424936803000134,0.006066628210251501,0.02474326280239869
Japan,1936,0.05737850964735447,0.24098624783370237,0.2657590918492968,0.23729891452646412,3.45,0.0057742532603235475,0.004283943347477948,0.02313693839117592
Japan,1937,0.09195786353269497,-0.2845925727272137,-0.24328142657431098,-0.27814550022757045,3.47,-0.028756694197727417,-0.0470770567462927,0.07803050223507757
Japan,1938,-0.10921023835574739,-0.037219804332348394,0.059725623593860494,-0.039103986217043696,3.52,-0.03870766015804883,-0.06268487701787662,0.09598146228428539
Japan,1939,-0.03853675034739645,-0.028071778114036383,0.017488423743132215,-0.028307682737169215,3.85,-0.066886842539438,-0.08136211342582422,0.11817726589884825
Japan,1940,-0.05764634069011476,-0.10532300236330161,-0.08980656313670247,-0.10404491774710856,4.27,-0.11424893299091776,-0.11681576788061931,0.16261133502512815
Japan,1941,-0.1905238714918842,0.051242013623231664,-0.053376831011974796,0.04400020121400772,4.27,0.023969251353362475,0.012627974876805004,0.013995292103573531
Japan,1942,0.2150133158152392,0.13126703819898222,0.036482169754163185,0.133308593136088,4.29,0.009963342743895431,-0.0007416068797582165,0.027562046260340978
Japan,1943,0.16000663603101573,0.09607598782580817,0.10310704695512717,0.0977459267545131,4.29,-0.0214283185619093,-0.03170723659842101,0.060423084822345485
Japan,1944,-0.20748345789165423,-0.16006812068842868,0.1372394601620252,-0.16136274822086794,4.29,-0.23306663652769055,-0.24134502258118362,0.35292066935233923
Japan,1945,-0.9034720866582836,-0.8131876759073997,0.2348125348715286,-0.8153798158410986,6.9,-0.903536555020095,-0.9045777949447451,9.756406218684686
Japan,1949,0.6155339375437161,0.4994241664660115,0.07708012776410136,0.4994241664660115,595.0,-0.1999234748852029,-0.21508792726797887,0.31887384048773004
Japan,1950,-0.22497891126348624,-0.05412248703712996,0.19354513202029397,-0.05535871434847184,425.0,0.13278499669449562,0.11152514568089167,-0.06866704380751698
Japan,1951,0.20497366420707208,0.055352654616694474,0.13437220941145553,0.05658849134568977,435.0,-0.10568791990326387,-0.11840325804382501,0.17967767984064276
Japan,1952,0.7241663221510193,0.0423375152344414,0.07935493176307812,0.048773868841027745,415.0,0.0048624582930894,-0.00942468623544035,0.04989492939566431
Japan,1953,0.4732292784257417,0.0586084154180011,0.055898343614754084,0.06789254391368416,435.0,-0.009884991114453068,-0.023962456259129072,0.0655327817820508
Japan,1954,-0.1346000387826657,0.36715513537723443,0.479930864495407,0.35325772570313885,424.0,-0.0010517266194025598,-0.022849699845390314,0.06431937741960092
Japan,1955,0.22582414834430886,0.21422492569251417,0.258460442653412,0.214416483569962,401.0,0.07601555629234613,0.05253590383003015,-0.01191019202146315
Japan,1956,0.4580787382083855,0.03724874760838781,0.01690421508110355,0.045653434126649683,402.0,0.05867358568607428,0.03537758869794505,0.004464468285235279
Japan,1957,0.14085236085380082,-0.10284094427056567,-0.09739184191547193,-0.09572242052697078,400.0,0.0311208666495002,0.08401720940091728,0.031110938384517173
Japan,1958,0.1301389168630942,0.312224621640508,0.29959171114544025,0.3065207728529862,391.0,0.06780257693089942,0.10163168382944265,-0.004310321618913315
Japan,1959,0.5242994121736835,0.2505290264995832,0.21299828764967843,0.25971338619877793,402.0,0.05407366372775502,0.07423242346838266,0.008658162123880597
Japan,1960,0.3124764829074125,-0.06946549346059938,0.006647838302858009,-0.05256985593643093,380.0,0.024718611659380274,0.043685965593865284,0.038626593249922125
Japan,1961,0.14317969481417947,0.1241720122949248,0.18360572625377525,0.12528960136146328,373.0,0.010041671491366033,0.02770131662963271,0.05371890161332793
Japan,1962,-0.08136602258309722,-0.08049412662887456,-0.10073374205411564,-0.08053979582420656,398.5,-0.00221874937415123,0.02035156451165676,0.06666666666666665
Japan,1963,0.027700089692113572,0.047134750702036765,0.15895549118241847,0.045799352235350144,381.0,-0.011980969347289872,-0.0016378197378359438,0.07720597240365779
Japan,1964,-0.12188612730594739,0.06113430668032027,0.08242644944409461,0.05082294402998744,380.0,0.030242024253695154,0.06043065899687727,0.03754261253506841
Japan,1965,-0.05707838234043672,0.04222509349414727,0.06765354413893897,0.03716951381530964,386.0,0.007272153734759312,0.0036457304264208013,0.06578941761385271
Japan,1966,0.19584624443413512,-0.12967274002291285,-0.1083213095049921,-0.11271637726758832,384.0,0.017627257514923667,0.005635191081825974,0.05246913668392894
Japan,1967,0.01743075293679852,0.16230816601620712,0.19627055738715174,0.15334627835969417,386.0,0.024655045556126964,0.024830163654854687,0.03812323161222686
Japan,1968,0.080435068967873,0.10994027373506987,0.1656741867469974,0.10853160458014721,373.0,0.011529308480515699,0.023847753704254737,0.05367228315662076
Japan,1969,0.2724654744043433,-0.1137825930834806,-0.11935247060904891,-0.09283326857063012,376.0,0.011978448907715267,0.022190882529918188,0.05361925838860637
Japan,1970,0.016020928267565182,-0.06744224770626783,-0.060856243497083684,-0.06065032951416183,380.0,-0.009129067580178285,0.00604436423099286,0.07633593537726502
Japan,1971,0.0628219505605998,-0.06802156762727207,0.10386334574305434,-0.058328292073601906,314.799999998,0.0065111889853504135,0.003250769479653748,0.060693627709408116
Japan,1972,0.5404446778191423,0.10642724672265924,0.16484647160876037,0.14492780566848174,301.999999999,0.03943160097637488,0.0008666626491788954,0.046321491325760356
Japan,1973,0.17440907546821371,-0.28321250376353024,-0.2125611719779768,-0.21664850846115213,279.999999999,-0.10450373753354902,-0.03855779126290593,0.11458337337022728
Japan,1974,-0.2969491414364719,-0.35509875612209285,-0.3434397873178306,-0.34727542373080933,300.949999999,-0.15161319330701628,-0.09630893556287379,0.24532713751096846
Japan,1975,-0.060199943472697415,0.24930915803775733,0.27630651549642204,0.19955989808679653,305.149999999,-0.034199029436767114,-0.01027174032005762,0.11819884512297785
Japan,1976,0.047947642036603844,-0.013304144008061236,0.06763753128614877,-0.00437051041687242,292.799999998,-0.011643586733917521,-0.022112085470664677,0.09395973196977736
Japan,1977,0.020825747120712945,-0.22546066885117888,-0.0779952971582255,-0.18790356606615521,239.999999999,0.12656064612607576,-0.021261394627457464,0.07975458911984368
Japan,1978,0.09552315484683205,-0.12125520616914143,0.016900179497000622,-0.0886427226436105,194.599999999,0.033947032683561806,0.005024970687552477,0.0383523107534125
Japan,1979,0.06357350643050852,0.3936021454333205,0.055027055402148785,0.3334439845209174,239.699999999,-0.0919615693356366,0.022214087803084537,0.035567709155187144
Japan,1980,-0.015501821481682998,-0.00010060932630429065,0.1475436260461966,-0.0028553136096290954,202.999999999,-0.013217792077925727,0.026575287202321052,0.08058124141352563
Japan,1981,0.12067515488640312,-0.01128867721693505,-0.09021783775955053,0.00963360925001222,219.899999999,0.08609236182223934,0.024255402882042976,0.04889971511903801
Japan,1982,-0.02016684406237823,0.1847294054760018,0.10730125711292701,0.14432182990100806,234.999999999,0.0735338803743446,0.041435216291039856,0.02680654870597854
Japan,1983,0.20126632885696427,0.19426022128329756,0.2145278605468949,0.1956161521754527,232.199999999,0.09212288377634703,0.04494516755052946,0.018161174381973844
Japan,1984,0.2469278412129634,0.09584076007421882,0.04412689341132521,0.12609991968488843,251.1,0.10535916028240955,0.03785912452751461,0.0222965472339971
Japan,1985,0.1918710563781485,0.10700015098648752,0.26765708913211333,0.1282580325499303,200.5,0.09705561637061444,0.052488743333182875,0.01962924499818164
Japan,1986,0.30852548083940423,0.02767388970453144,0.22819473763474424,0.0891739389623305,159.1,0.05415434534253838,0.042920668707346454,0.006417104983667654
Japan,1987,0.4735992964944933,-0.17787375053471177,-0.0511919982387878,-0.00664333676841522,123.5,0.04485492209663744,0.03558738962032826,0.0010626913494935497
Japan,1988,0.08854205320660613,0.20001743389755045,0.16226795295974672,0.16628090838792864,125.85,0.041326678504788994,0.03068876879500748,0.007430982822192345
Japan,1989,0.18079539968487457,0.42741644289029646,0.242444429470168,0.3387129263259736,143.45,-0.029975243106854288,0.02841369536567928,0.02212855175282824
Japan,1990,-0.1577976220042807,-0.10443052585181667,-0.11160388866270965,-0.12420228106322628,134.4,-0.04688590387933933,0.04175962295670965,0.03092783987808745
Japan,1991,-0.1820857795067472,0.07507179278078935,0.15101384448925995,-0.001051942147718421,125.2,0.12397943498238262,0.04090355882841901,0.03300002013306291
Japan,1992,-0.27316152548490324,0.06453122237117204,0.10099753340691535,-0.019675052179086716,124.75,0.09727617036147551,0.029653190212152403,0.016456909103997885
Japan,1993,0.11486472557352845,0.02874249198309098,0.15438572041135026,0.0452848658151106,111.85,0.1348985327397092,0.017033049593867755,0.013333342463974107
Japan,1994,0.05845384387476038,-0.10319425251463854,-0.03896472911009265,-0.07398258005580383,99.74,-0.06837366134205936,0.015277654724630496,0.0065789340305089095
Japan,1995,-0.1360125533504538,0.3610039209157829,0.27126954801812075,0.2614698153606583,102.83,0.15882354003990828,0.013080513592367726,-0.0009336998875701941
Japan,1996,0.16871299658689698,0.3907811740103495,0.20338546758068246,0.35275518368145153,116.0,0.07075526960741119,0.0037601135548011033,0.0009345724978062631
Japan,1997,-0.1431287543678117,0.404415172634468,0.28966128135664515,0.32675112534027306,129.95,0.08848901835525358,-0.012675175946772255,0.017740439205020886
Japan,1998,-0.15435858113105339,0.10025578888645814,0.2159544911401585,0.0761683376073039,115.6,0.018185571093044972,-0.002689930490929915,0.0064220053527532794
Japan,1999,0.20847254861389874,0.07407745974358937,0.2281182691219298,0.08473891770596143,102.2,0.047969887838418046,0.0033294157675118896,-0.002734710801193363
Japan,2000,0.12880323702924978,0.044875287920135065,-0.07519353468188027,0.053905109622806924,114.9,0.02224387489511548,0.008458281318665772,-0.007312629057815712
Japan,2001,-0.21206649544157596,-0.016794448220291525,-0.15642532605643436,-0.03399620873712261,131.8,0.06328519576669644,0.008036236388193618,-0.0073970916210025495
Japan,2002,-0.16066338473536468,-0.24959493988322745,-0.23703080807519028,-0.24219071089924105,119.9,0.07771354044085954,0.009438185183844094,-0.009241561610410787
Japan,2003,-0.043047327891900244,0.15994700691600583,0.19816106773823905,0.1410180772668963,107.1,-0.024489453510451176,0.002606254525126639,-0.002585914972652814
Japan,2004,0.25302972289881254,0.1298344424736413,0.10792329285424304,0.14185187719497394,104.12,0.017748150054487377,0.00011140150827948503,-0.00010288171689010195
Japan,2005,0.15717447561328313,0.23144800035414215,0.0985482576090458,0.22383274968167144,117.97,0.022890692572825833,0.0028499857658708105,-0.002829538322237979
Japan,2006,0.26849343921226887,0.22804573629827152,0.13822633663864745,0.23348634135809965,118.95,0.001968843779172502,-0.0012692305473626098,0.0025176961016983856
Japan,2007,0.02621782185301602,0.057159553517321715,0.04357177059789447,0.05331360507578786,114.0,0.03815353056396287,0.004096104789418797,0.0006278433067785638
Japan,2008,-0.28338892359243284,-0.5423730285527388,-0.40922989183407377,-0.5126973703113447,90.75,0.04040086377522245,-0.009104803832519104,0.01384503029243267
Japan,2009,-0.23966212264782372,0.38324606898702895,0.30074911226226003,0.3113517171631077,92.06,0.02348808111896772,0.014745098582672034,-0.013493633642773784
Japan,2010,0.045301084586227613,-0.00761885670246365,0.10198219445379186,-0.002347227632964133,81.45,0.04674018651840406,0.008213924013252383,-0.007219622563891637
Japan,2011,-0.04564209689661025,-0.06724426421363572,-0.04881804372755684,-0.06520215758946069,77.72,0.03712118818188892,0.0035115239001490828,-0.0027244569214672776
Japan,2012,-0.0431063589666677,0.31360391952484346,0.1454065772556336,0.28112684690211576,86.55,0.036729327776792386,0.0013875337098454565,-0.0005609224057339102
Japan,2013,0.7157964872221896,0.5550227791195839,0.2537933773726486,0.5699027633163936,105.3,0.013467908160243791,-0.0026706233233149135,0.003429782988276564
Japan,2014,0.07419154875916756,0.2179304076176134,0.10865242321367616,0.20127292096659777,120.64,0.025372864962070363,-0.026210833142557677,0.027613779959811957
Japan,2015,0.10291953493448269,-0.001851764420459645,0.032012273530913814,0.010526767892027111,120.5,0.009813889544674215,-0.007137548706772745,0.007922428738459164
Japan,2016,0.006347258834403791,-0.0021958489621761723,0.04226133951445332,-0.0010707076365631396,116.8,0.16399971451436524,0.0005606619678826252,-0.0011400228004559976
Japan,2017,0.21349962110085485,0.1738353436277007,0.1550114230539332,0.1786790639024447,112.9,-0.005724948253881368,-0.005455758731575444,0.004862286191922527
Japan,2018,-0.1600079834714171,-0.013481441963842822,0.012921330012430891,-0.0332209891709252,110.83,0.023367170011442173,-0.010338293288064904,0.009890544639324927
Japan,2019,0.17927993501610473,0.11924352440100261,0.12788514392083317,0.12720493004125033,109.12,0.04172725927332732,-0.005335900019996065,0.00468087671012718
Japan,2020,0.0785911606181513,0.056166226033245614,0.06622055512936789,0.0590898714771102,103.63,0.004715779984178159,-6.0070204914386416e-05,-0.0002699460107978835
Japan,2021,-0.021381545766844368,0.3139030710509121,0.20291585802822715,0.27009427781619055,106.6676016031283,-0.0034693275467645446,0.0032491472321332093,-0.0025829029999999997
Japan,2022,-0.012701329439353093,0.0018132175585952037,-0.1611590826244424,-1.924990492141454e-05,127.71576911654626,-0.07300626304205293,-0.023828668230099548,0.02506056
Japan,2023,0.28604821280457804,0.24225461675037163,0.1403462046603546,0.2477087794016497,136.49052327449638,-0.028693025915584536,-0.030786493907903778,0.03251569
Japan,2024,0.0630021257922031,0.27325436251739466,0.1790783664397901,0.24688318400345333,147.01708270369576,-0.048616218455801996,-0.022221092716235846,0.02591557
Japan,2025,0.322116806950971,0.14804238299805417,0.15212992376785828,0.16733147308882068,145.29323796880868,-0.0909320250269039,-0.010763018283561632,0.01917833
Netherlands,1901,0.02673000091748734,0.08708390585699699,0.06620965663787325,0.086024602890022,2.4796367999999998,0.08031732520363133,0.04826195765499586,-0.0174211781627569
Netherlands,1902,0.01655365307139678,0.05124736341453806,0.049406292968634094,0.05038951545758197,2.4892625,0.01948212966496099,0.01626774190428626,0.00829728095281479
Netherlands,1903,5.580950005890095e-05,-0.0646903581451409,-0.05039853171857632,-0.06301355263149233,2.485704,-0.02194601705830812,0.005984886725310945,0.025760936813071567
Netherlands,1904,0.10635944766750294,0.13713314854271053,0.18264416782193668,0.136328553277131,2.4783563999999996,0.001585997140533646,-0.009444865163768856,0.037499038033003584
Netherlands,1905,0.15501012538017944,0.17955260634340142,0.13916336255579165,0.17893090913831666,2.4848816,0.03434188728703513,0.055122765249361994,-0.029591594361527696
Netherlands,1906,0.01782387449366296,0.05558269979795316,0.0899908874758948,0.054897313132595604,2.4962832,-0.040741557551910335,-0.022920076900148856,0.062042087466291695
Netherlands,1907,-0.05441933494803408,-0.14745640932557647,-0.14751284872789583,-0.14494697863502526,2.4875046000000003,-0.018977521075536186,0.026038041448260163,0.021989397116199072
Netherlands,1908,0.14224517348789645,0.20483602280794266,0.185921312933166,0.2030525232257161,2.4822345,0.059542004733747156,0.052487400464953815,-0.021270944712012074
Netherlands,1909,0.12881313070947575,0.14902695676757682,0.15751106787061692,0.14843502277086107,2.4806628,0.029466590761365152,0.018505448717625717,0.0021546782215402516
Netherlands,1910,-0.04145448295088083,-0.0360651850572139,-0.03668520883943472,-0.036234063482602274,2.48262,-0.003762793592380187,0.00799529432685131,0.028179404536004427
Netherlands,1911,0.12246837088883189,0.019640955864503873,0.03764209410895926,0.023015136314705087,2.4852673999999997,-0.07602501210584545,0.0035196965355719367,0.028081465394856897
Netherlands,1912,0.030037723793544302,0.0538350033315369,0.03982028472123811,0.05309858176063842,2.482029,-0.014801116412145654,0.0280803883297418,0.010718627227492838
Netherlands,1913,-0.02802864269896599,-0.0733570950220257,-0.04503028674182544,-0.07186501655251754,2.4925,-0.014783050239520867,0.008934071431708546,0.03951291640886612
Netherlands,1914,0.005688557401299477,-0.0518865736437264,-0.05113190249896913,-0.04999614975116873,2.4622,0.028237110003829002,0.029999999329447746,0.0
Netherlands,1915,-0.07601933301959862,-0.018439688028689227,0.07351588263861776,-0.018439688028689227,2.4696,-0.1817518464984189,-0.10643481600704596,0.15000004262612143
Netherlands,1916,0.09549562071332174,-0.045106730528484906,-0.019687309552144823,-0.045106730528484906,2.3915,-0.008246622068058707,-0.08503125228273833,0.11304348148401666
Netherlands,1917,0.08474673250209896,-0.13176842821728618,-0.24854285371942308,-0.13176842821728618,2.3825,-0.08575623981162261,-0.03359999446382167,0.06249999306215481
Netherlands,1918,-0.19143955532343337,-0.13502962345909164,-0.057619136926880594,-0.13502962345909164,2.1256,-0.1791671490632939,-0.13539259747368304,0.19117647673386973
Netherlands,1919,0.06981405999519508,0.165766105985929,0.05214582691355848,0.165766105985929,2.5545,-0.12874523137924287,-0.043923759321609634,0.08641963397670116
Netherlands,1920,-0.31875486564273803,-0.23967907144257983,-0.27559572684271666,-0.23967907144257983,2.9054,-0.11299749204406329,-0.059670189667544116,0.10227282818684769
Netherlands,1921,-0.034849036071364026,0.28926972222642444,0.22547126753716334,0.28926972222642444,2.972,0.26715053258250343,0.1937309069980735,-0.1288656471553291
Netherlands,1922,-0.12007634501175013,0.28338032663689305,0.43272906069363937,0.2684309351054712,2.5976,0.27587718317664334,0.17449349535303127,-0.11834334948697334
Netherlands,1923,0.09965439578229729,1.1329091154896567,0.2416888633521553,1.1042780797994194,2.5575,0.061469543136223104,0.06183226107540696,-0.033557334981161646
Netherlands,1924,0.011468538046791155,0.1788037337013908,0.1753418364517682,0.17309306487547738,2.6171,0.08041999217937468,0.034714420844286,0.006944506114184845
Netherlands,1925,0.1567857116087632,0.1613168835242098,0.16263306982878487,0.16116684068673104,2.49,0.14718359573810536,0.03815978529356667,-0.006896612546190561
Netherlands,1926,0.18262786260664865,0.20599017020144372,0.16155668774372728,0.20599017020144372,2.4939,0.09985162998808583,0.07311290555922012,-0.041666543327186
Netherlands,1927,0.1511128544807434,0.26766338390492495,0.2594431858807037,0.26766338390492495,2.4934,0.032375022768974304,0.03669999912381172,0.0
Netherlands,1928,0.07679118937860929,0.29873036763423966,0.32429170895185755,0.29873036763423966,2.4861,0.05903250598963172,0.03480148025505958,0.007246337268355552
Netherlands,1929,0.05836773838714193,-0.06139370282315504,-0.07301853542335257,-0.06139370282315504,2.4899,0.01894853786816464,0.05579561080273776,-0.007194205627997108
Netherlands,1930,-0.17985760534098083,-0.17642406743800043,-0.1848768609393688,-0.17642406743800043,2.486,0.14405847333534938,0.05917606208222059,-0.0362319952266984
Netherlands,1931,-0.20093599852666955,-0.31719556817050865,-0.29206749886720124,-0.31719556817050865,2.4857,-0.040388610408286674,0.07964079926277678,-0.06015037513659871
Netherlands,1932,-0.2503848857504264,0.014506205603957989,0.10630942043993054,0.014506205603957989,2.4817,0.33564263915539616,0.08631460430322857,-0.07199995635084899
Netherlands,1933,0.18061241131652106,0.17264418454070785,0.3877415801265523,0.17264418454070785,1.9335,0.011600775813643827,0.019791256494878562,-0.008620643193882338
Netherlands,1934,0.10269230604171753,-0.13193436465257646,0.014214783968526302,-0.13193436465257646,1.4841,0.12409166991710663,0.008899999782443047,0.0
Netherlands,1935,0.08990997267350709,0.30392543793268567,0.27147755262041323,0.30392543793268567,1.4768,0.01532478442347629,0.06898204816232623,-0.03478266671229924
Netherlands,1936,0.29639606156513976,0.404260626495629,0.2615742537323157,0.404260626495629,1.5509,0.16889491633960452,0.06434326906511556,-0.045044930877198186
Netherlands,1937,0.5206813441189395,-0.1422561399645481,-0.23754165893649853,-0.1422561399645481,1.8167,-0.0220617436269418,-0.05177317567010142,0.05660373058953394
Netherlands,1938,-0.06266129532989817,0.02062533285965862,0.05530412100009373,0.02062533285965862,1.8179,0.01572909365137809,-0.016070203894584467,0.017857172307586655
Netherlands,1939,-0.03595647561859361,0.017434550363389922,0.01804844066015318,0.015632318806446888,1.8749,-0.19207114430337047,0.0022087433859123706,0.00877188171875476
Netherlands,1940,1.0044190824875003,-0.17853642565983452,-0.08894443302692082,-0.17853642565983452,1.8823,-0.034372200751293325,-0.11171207278545658,0.14782602464234507
Netherlands,1941,-0.3679856768384925,-0.07572255211062806,-0.05748490911887069,-0.07572255211062806,1.88,-0.015198964076743371,-0.10834469033525862,0.14393980330412748
Netherlands,1942,0.03271359905232485,0.0799478820989643,0.040834376837781704,0.0799478820989643,1.8791946308724834,0.005607280474711374,-0.05158921964451968,0.07284735807529485
Netherlands,1943,0.17468439648523426,0.12922227690466648,0.10459332687708493,0.12922227690466648,1.8791946308724834,0.03579561962511857,-0.018590677186673843,0.03086446823477007
Netherlands,1944,0.0325155495676035,0.10162747029121566,0.1278271516749571,0.10162747029121566,1.8791946308724834,-0.016917378097690783,-0.019651176525667502,0.029939523676633772
Netherlands,1945,-0.20392984205218734,0.512487302860372,0.20717455004094848,0.512487302860372,2.65,-0.04066563983968707,-0.11645900543896692,0.1511633382210198
Netherlands,1946,-0.17945756951439995,0.9479448859229949,-0.06742378835955298,0.9479448859229949,6.5,-0.06338032844886943,-0.07233338871305672,0.09090915614648454
Netherlands,1947,0.17140570493804086,-0.1722420365539198,-0.10150805985720171,-0.1722420365539198,5.85,-0.008606877598712481,-0.022696106793451243,0.03703669595019066
Netherlands,1948,0.0929651818606303,-0.14256376281750305,-0.10381315798979374,-0.14256376281750305,5.1,-0.00927105182782939,-0.021931333730085045,0.03571460287295003
Netherlands,1949,-0.08354985217290822,-0.20931531697230488,0.07708012776410136,-0.20931531697230488,4.15,-0.0233480468108076,-0.044933247879296534,0.060344732551773195
Netherlands,1950,-0.05949142641789362,0.11909550085937415,0.190516911951289,0.11909550085937415,4.11,-0.07579041025930178,-0.05668006949374971,0.09000001732768914
Netherlands,1951,-0.07177722185116409,0.11978381111983971,0.1349553619459545,0.11978381111983971,4.23,-0.17520204979402298,-0.08054261304431931,0.11926589947926858
Netherlands,1952,-0.04733774811029434,0.07745819788703301,0.08806534775466446,0.07504021576523545,3.94,0.11061902344226837,0.029804479330778122,0.0
Netherlands,1953,0.22624242305755615,0.04905026593821171,0.06205045933943361,0.0524957496916576,3.82,0.08535558730363846,0.030113309621810913,0.0
Netherlands,1954,0.6629032520337446,0.3920857152057142,0.45804671458856105,0.39851469878759427,3.76,0.009998073422728515,-0.009861798765965935,0.039999981062632584
Netherlands,1955,0.20573558085654797,0.26974216249982086,0.25937002548755816,0.26801346926744385,3.83,-0.02488782548068702,0.010253280943299359,0.019230988089032897
Netherlands,1956,0.09025297341393679,0.026513526208268745,0.02384649038034626,0.028307199847596998,3.829999999,-0.09125909025436763,0.011848085544441389,0.01886768856969301
Netherlands,1957,-0.13062404184314147,-0.12562248356264372,-0.08929340133899114,-0.12576032869657572,3.790999999,-0.16148376904281236,-0.02464989546922869,0.060956845595571574
Netherlands,1958,0.3731049523527843,0.2949046003630704,0.29219890665315107,0.29691956614160375,3.774999999,0.031836474101953005,0.014892613348091777,0.021818326055186743
Netherlands,1959,0.31356714682926623,0.2185252211320845,0.22085392917609314,0.22117800659569875,3.769999999,0.005853993256976997,0.026427274858835226,0.010675821298671728
Netherlands,1960,0.050226735607846296,0.016351856932872222,0.019261321062808565,0.017353042296060384,3.769999999,0.05025044372738696,0.013824203213776975,0.023239754715705496
Netherlands,1961,0.04040753371570771,0.1416401157371483,0.18554335228292193,0.13863071135417226,3.599999999,0.04594657611108821,0.023995296800563448,0.013076165742736956
Netherlands,1962,-0.0735959135152856,-0.10327458500802511,-0.10040251050099222,-0.10251814923162816,3.599999999,-0.01000539064194883,0.014199911116560049,0.022860698024737003
Netherlands,1963,0.09607374143393987,0.1413590357154184,0.1513922311962996,0.14016744948054294,3.599999999,-0.06480573006145984,0.003825507351099544,0.03343182796656441
Netherlands,1964,0.10825209204042752,0.029002670424740584,0.06994561447206868,0.03100917058698416,3.591999999,-0.05385026621897704,-0.01668162591467337,0.057908647886634856
Netherlands,1965,-0.12170980582849544,0.03794339673840441,0.065871204435595,0.03405565829152124,3.610999999,-0.104763616813212,-0.010041960421774077,0.05794888095773065
Netherlands,1966,-0.1899747174787093,-0.11036662968806621,-0.0904419452978932,-0.11199442108645119,3.613999999,-0.04787394113948307,0.005936990238103013,0.05796884909191036
Netherlands,1967,0.28574496316949705,0.1427122563924852,0.18339408475871338,0.14524689040647032,3.595999999,0.0027095243603647567,0.021112505355519007,0.03486800923827382
Netherlands,1968,0.2984393090014701,0.16672121967186793,0.15905913100648977,0.16912676644002822,3.605999999,-0.04983350325267655,0.014615169619375923,0.036755968520679305
Netherlands,1969,-0.09781187734221819,-0.11328842731520428,-0.0981070222680838,-0.11297510422225665,3.623999999,-0.09675655532023264,0.003041662591920735,0.07428239686273619
Netherlands,1970,-0.07810811604176993,-0.04164019418943021,-0.05417793458050627,-0.04228380299845902,3.596999999,0.09076396858405644,0.04123310728632701,0.03679953171917716
Netherlands,1971,-0.11937617261812328,0.01846410093940487,0.10463437472530807,0.01611877471844325,3.258099999,-0.003302895473327294,-0.02444763956850815,0.07477573112196101
Netherlands,1972,0.21397805707008266,0.14637446601951964,0.19796070544937827,0.14723593139953395,3.226499999,-0.05666552739988351,-0.05441130038696307,0.07791756316631271
Netherlands,1973,-0.20126586861181117,-0.23721927711455315,-0.1557169620473342,-0.23677969236532037,2.824499999,-0.15407564772135862,-0.014606427193045612,0.08013524812342232
Netherlands,1974,-0.26295296020101877,-0.3891959297472687,-0.33806783493213755,-0.38771222867735156,2.506499999,0.059729563727846324,-0.00369671310708497,0.09609360743069306
Netherlands,1975,0.33807647926137374,0.2868319201999576,0.22078848255856076,0.28745640989100085,2.688499999,0.017522177706095876,-0.054850535887648544,0.10212727291881762
Netherlands,1976,-0.03323561220298055,-0.04898183276808599,0.06603900483476302,-0.04877987695564068,2.456999999,0.012422309838088896,-0.016290960813845068,0.09057484480250322
Netherlands,1977,0.02655665246901684,-0.06869113509551217,-0.0639129327575587,-0.06765178227091562,2.279999999,0.04401126697110791,-0.025169948549595533,0.06474114809889797
Netherlands,1978,0.01629299003624718,-0.03218459978515631,0.028874609432489654,-0.031621038618279806,1.968999999,0.009887753481800488,0.02073714850967523,0.04080010866152284
Netherlands,1979,0.06602592013238717,0.040790663981987274,0.056479152037242394,0.04107023431970158,1.905499999,-0.008065624013666395,0.046264200829114754,0.0421045346756439
Netherlands,1980,0.11337012493247367,0.3369916465117866,0.1184359863794133,0.33455808027822975,2.129499999,-0.03765018892319805,0.033634769819121724,0.06541501162033625
Netherlands,1981,-0.06878331722839781,0.06290171523862487,-0.05666221264463227,0.06160381656786784,2.468499999,-0.016079742390717522,0.03993700489298191,0.0674845330268452
Netherlands,1982,0.17231398808708587,0.10359887844977589,0.08130144096342357,0.10424957405488677,2.624499999,0.2853989067072462,0.020777942439953456,0.058620707735633104
Netherlands,1983,0.5610671851371369,0.39744104922458967,0.20847055338234355,0.39906095848698264,3.064499999,-0.0022329103670705175,0.023935736696535814,0.028230219293456482
Netherlands,1984,0.240395767082344,0.1933983935433108,0.08287700974901163,0.19395516538639557,3.5495,0.12613382659331074,0.02429479518350064,0.032734915834949474
Netherlands,1985,0.3020351130559109,0.09766530169661491,0.2478788945764709,0.10066853069005544,2.771999999,0.0722556669265908,0.039914748634500175,0.02223924226081464
Netherlands,1986,0.09392042130376654,0.09123154965249358,0.24803939210428527,0.09127087573325765,2.192,0.07636931489842058,0.055760594589562285,0.0010002991771849157
Netherlands,1987,-0.17304335684181105,0.04909375940301741,0.0901448987045395,0.046221565534519726,1.7775,0.08098318376164304,0.06110223350007926,-0.00707807848966735
Netherlands,1988,0.3422321005567548,0.2868348840153774,0.13786029386715812,0.28740289401871655,1.9995,0.054478680315623196,0.04040114239852288,0.0074639744135232
Netherlands,1989,0.26131440037925446,0.13627662145040942,0.2197945584294513,0.13771080614652909,1.9155,-0.03366725567621187,0.0623866213401969,0.010821588620352873
Netherlands,1990,-0.15209849014575472,-0.1703668401063122,-0.12841460344522954,-0.17013280691873278,1.69,-0.02462259026743474,0.06079217039373375,0.024540931383522535
Netherlands,1991,0.15121132983266605,0.08611916039250267,0.05097352861013291,0.08705181543931961,1.7104,0.08982298803382771,0.05961573344322724,0.031333000000000055
Netherlands,1992,0.045938005027873485,0.02770525937989432,0.007160098505447313,0.027958221228226776,1.8141,0.138933828468641,0.059785182907324375,0.03183646794973116
Netherlands,1993,0.4353750335316988,0.2290656069460928,0.14245751689690797,0.23212027157476456,1.9409,0.15933142195461936,0.04162421469993127,0.02584180866348995
Netherlands,1994,-0.005021101013537921,-0.09256941056258439,-0.02165493359503293,-0.09101747069964472,1.7351,-0.10841960066681744,0.023104447933096184,0.028014953277876842
Netherlands,1995,0.17554150113782874,0.1076892370791267,0.18998733001357007,0.10901095628020441,1.6044,0.19113747886236676,0.024030938029354187,0.01923190020049015
Netherlands,1996,0.3747327186721874,0.27604809394119423,0.19406359900076306,0.27789687897397175,1.7436,0.06336974777759674,0.009024107968763628,0.020763520548891412
Netherlands,1997,0.4226003223206931,0.3678382535169076,0.22378773288945675,0.36907398008175907,2.0172,0.06751840248138374,0.01451987233268226,0.018552417480241834
Netherlands,1998,0.20144288571271596,0.11783060369582565,0.18036373913597162,0.12004308710366574,1.8888,0.1420159341871836,0.016413480223463228,0.017843643469454884
Netherlands,1999,0.2804206553553692,0.3957859798978809,0.22508970205882775,0.39272084020880627,2.193619350985467,-0.09267440808891247,0.009088398178649149,0.02036154708520188
Netherlands,2000,-0.04373764661918855,-0.017706770997245935,-0.05350064186794558,-0.018387080388914345,2.3683073616335304,0.06795843569731685,0.019964002620784793,0.023484817271640868
Netherlands,2001,-0.23147115012907815,-0.15848991779707378,-0.15949009627135607,-0.16035216966782218,2.5005219562010668,-0.002829145356504248,-0.008093541063532883,0.05112515599210976
Netherlands,2002,-0.35316295685691923,-0.33166659496985196,-0.22789787515783452,-0.3321427637529738,2.1013731286354536,0.08062670753834866,-0.0051314960365179685,0.03851505751088302
Netherlands,2003,0.06812935578843415,0.03421885051621376,0.17771513843296977,0.034852095795243176,1.7448218527315915,0.02346781417714916,0.0010374386203717556,0.0222741241548865
Netherlands,2004,0.08238287317346638,0.0739722115467163,0.12275772160848308,0.07411378377164635,1.6178768078702004,0.08723704972607438,0.00713621572867007,0.01382843125465949
Netherlands,2005,0.2840352807026427,0.22442056620512107,0.10167946809405612,0.2253619892708032,1.8680257692633722,0.0541348091241074,0.006836003718559969,0.014908909763734712
Netherlands,2006,0.1818435337135067,0.07862483193719183,0.1552155766440098,0.08069067522620732,1.6732801822323462,-0.02386473686350321,0.014035638987550447,0.01652467599247398
Netherlands,2007,0.06475509994123474,-0.0334642993765073,0.04093696727358599,-0.03149411398771751,1.4969839005502334,-0.0035870758631921795,0.02649063426403142,0.01586516905602231
Netherlands,2008,-0.5055645901266526,-0.3548802178420547,-0.39266857673746264,-0.35773897745842365,1.5834662642810944,0.09855315294828437,0.023682139371826283,0.022135961884499178
Netherlands,2009,0.43143422095487005,0.21693119566889152,0.23548130083197824,0.22010028878356147,1.529716784673052,0.03500662305966107,0.0025378104118918277,0.009721099657879373
Netherlands,2010,0.08249071701342015,0.1976086038433278,0.09655476070872328,0.19581713820415758,1.6492366412213741,0.05858235052321392,-0.0011780150656220956,0.0092985514874393
Netherlands,2011,-0.11470757837410517,-0.013708314781827657,-0.04740212888098838,-0.015382522932975595,1.7031532575933226,0.10177084379698043,-0.010528448580809702,0.0246944429355207
Netherlands,2012,0.09490546998172533,0.09667326275411448,0.12887429223077468,0.09664042038227927,1.670236471123238,0.08264553024887755,-0.02184419884590294,0.028191861574673016
Netherlands,2013,0.15592832580919724,0.20886968694240116,0.2992509769528765,0.20787303699634885,1.5979334348488146,-0.053768210810442474,-0.022764104823968845,0.02555245058106559
Netherlands,2014,0.09274793535292924,0.22225084156282127,0.10486970393316737,0.21999819116860464,1.8150976031628363,0.1775475803487947,-0.0011046046737894777,0.0032074807701976127
Netherlands,2015,0.07876430602620665,0.13567114194859742,0.03970931917141838,0.13467956798652914,2.024166437034996,-0.003679562652925461,-0.0023833958468265637,0.0021949606109807895
Netherlands,2016,0.07631597014675351,0.06171233320881364,0.036698169096575146,0.062019471528511616,2.090608101698131,0.09848825178637255,-0.0037329704504360794,0.0011000770053903874
Netherlands,2017,0.1482876264952755,0.06114738063337688,0.1624827980895377,0.06316650627711451,1.8374968731760204,-0.011154263091668115,-0.0160689424671856,0.012986623777509365
Netherlands,2018,-0.10686923734220732,0.028058462234997084,-0.008406572430108705,0.025360893128524298,1.9246375545851526,0.005696624560870944,-0.01889575567376578,0.015976646482179113
Netherlands,2019,0.29912078480275195,0.13864808299581033,0.13133958216166353,0.14186268407689284,1.9616432259213097,0.03773007280792107,-0.02947066347099303,0.02669436409171211
Netherlands,2020,0.1504540820936744,0.006517582680693579,0.06614065400008884,0.009407319202538789,1.7958683073914103,0.026612133204299893,-0.015247693162161458,0.011165948112850765
Netherlands,2021,0.17145848448184497,0.15638485364501986,0.1736082102199061,0.1567239767143953,1.7326913173662337,-0.0673522614099411,-0.03282635103959608,0.028266680000000002
Netherlands,2022,-0.09761012191229212,-0.1252875296034287,-0.14351067578006796,-0.1244498424861672,1.9493683623232287,-0.24315400796213338,-0.10116691163086677,0.1163536
Netherlands,2023,0.07856349643403626,0.12945020969344867,0.16019965263218444,0.1284442028870627,1.8946399583012246,-0.002765852979810912,-0.006391801396176344,0.04096163
Netherlands,2024,0.11591374426883494,0.1503828051358882,0.16548003697983357,0.14964568929706235,1.8927454268944524,-0.009433317507204553,0.003769065051317577,0.031966800000000004
Netherlands,2025,0.0818762876189707,0.13418283529287311,0.172879289266622,0.13300763470432608,1.8160978065316118,-0.011675851087860178,-0.0022443720623763763,0.026607859999999997
Norway,1882,0.017342152090006335,-0.05900592213553579,-0.05791223974033373,-0.058853800180810545,3.722089,0.034236874700667164,0.03602134229906806,0.0034542314335086477
Norway,1883,0.06469106801337321,-0.01084266786194188,-0.003855400052920793,-0.010689162911113326,3.740468,0.04872269234890192,0.026168942127262174,0.008605851979346157
Norway,1884,0.09007384328579993,0.08871926567152966,0.05889296804229345,0.08872212623949749,3.7553799999999997,0.11553383159129882,0.07632653076720786,-0.03839590443686136
Norway,1885,0.09260057268855881,0.06386091947088257,0.05076440489118372,0.06392843060575881,3.7412030000000005,0.09949188603500869,0.08104263222236918,-0.042590949423247815
Norway,1886,0.04737052108290629,0.08011827035963015,0.05130710508810073,0.08003758011107354,3.729341,0.0941221277448836,0.07795849436369084,-0.039851714550509953
Norway,1887,0.013890992566898408,0.033988606559143486,0.006983199969633319,0.03388792794151163,3.736593,0.06796711950994005,0.054204145930007996,-0.022200772200771546
Norway,1888,0.07000471152416421,0.08118550967219718,0.08667960022981518,0.08113079508077292,3.732354,0.03520912927348396,0.02192948023578034,0.007897334649554555
Norway,1889,0.18605753949134907,0.08104991281490359,0.08609514066610895,0.08130692317789912,3.72801,0.03892564969892365,0.010553474600954793,0.01469147894221412
Norway,1890,0.09579825197141756,-0.03541357384970123,-0.02890474145835628,-0.03475609346645914,3.739626,0.021676286686385104,0.014905423415092267,0.01447876447876495
Norway,1891,-0.04221510403678941,0.014349363006797677,0.06143853808839375,0.0140643795385611,3.731398,-0.04278692340590129,-0.008375294093758368,0.04757373929591058
Norway,1892,-0.0220587238002673,0.06916285034552394,0.07839388041039702,0.06870614403351105,3.718224,0.06685794686479518,0.05966171494090777,-0.015440508628521421
Norway,1893,0.028906852072140277,0.013634129409703988,-0.00984194734289972,0.013709130873500452,3.729584,0.08767814668989748,0.0966536955552797,-0.05166051660516524
Norway,1894,0.07340947866439773,0.11458639552978256,0.1082673221637319,0.11437771508694317,3.7146,0.10732912805676431,0.06274639841914142,-0.027237354085602794
Norway,1895,0.0631561130285263,0.08718150634391608,0.10325040266315036,0.08706167714546442,3.7134899999999997,0.03868473693728447,0.028300000354647636,0.0
Norway,1896,0.09538024693143066,0.08649592859415467,0.09159077451116501,0.08653854421815277,3.7303010000000008,0.022996753454207708,0.009803920911222619,0.020000000000000684
Norway,1897,0.10333594911826482,0.10494424290467497,0.08161967712070038,0.10493646006259372,3.7316399999999996,0.049946212393794154,0.054916167464440946,-0.017647058823528572
Norway,1898,0.012129797388628294,0.08040250345033328,0.09933539885712012,0.08006774232899816,3.762912,-0.012667451688603282,0.00482116685185674,0.027944111776446512
Norway,1899,-0.058981590891415414,0.013789134812013604,0.0584372018043742,0.013653061334808259,3.7645359999999997,-0.06133924001475455,-0.0032258057443178556,0.053398058252422054
Norway,1900,-0.03934527761404294,0.042903701668115746,0.06419432687556459,0.04276513742105603,3.7378080000000002,-0.014765307542755624,0.010939877885400628,0.04239631336406102
Norway,1901,0.03755952736465473,0.08662895733549836,0.06563721346214235,0.08641839417369424,3.722328,0.10928176738476525,0.06705617820684706,-0.01945181255526285
Norway,1902,0.005914662458614828,0.04845605474403203,0.04865273845149389,0.04839755467661977,3.732354,0.05923303691428905,0.026543519801732085,0.009017132551848883
Norway,1903,-0.05943555149644064,-0.05746047061982795,-0.049077729628917655,-0.0574631646821383,3.7398640000000003,-0.004403558573541577,0.018436594987411903,0.023235031277925033
Norway,1904,0.011896729146604557,0.18279844095398157,0.18089309792896047,0.18255226044516304,3.723902,0.01665819375449007,0.04205044009314318,-0.004366812227074468
Norway,1905,0.07615774735377112,0.11156517848520342,0.13964473101351485,0.11152059133082926,3.7357520000000006,0.004322048536864687,0.0033747881930190626,0.029824561403505978
Norway,1906,0.1696964786811297,0.13165446115655355,0.08835794929604215,0.13180552100368814,3.765447,0.045833120049067366,0.043812863611795594,-0.0068143100511063315
Norway,1907,0.03662588487234708,-0.14116038551703702,-0.1452567681958109,-0.14091125332178345,3.780546,-0.04792198146300175,0.011151296879204242,0.024871355060037903
Norway,1908,0.04056362520540713,0.17057101339768144,0.18500396568061508,0.1702765211373134,3.7400999999999995,0.07101007545954308,0.04051216524219248,-0.0025104602510449547
Norway,1909,0.10879697359461926,0.1835327026480691,0.15678809331008872,0.18334987002529735,3.736692,0.08611605905889919,0.06446937029993238,-0.027684563758389014
Norway,1910,0.04773172077961285,-0.04440955373379063,-0.03702954630280005,-0.044197697159042426,3.7378080000000002,-0.03001460276363843,-0.001194837491499845,0.03623813632441397
Norway,1911,0.07194142332622433,0.031578729700035835,0.04034575467187202,0.031680710887879604,3.745797,-0.005203647612057272,0.015446027029682563,0.02053676140190608
Norway,1912,-0.04981179946678016,0.002791399055207533,0.039750410634416075,0.002654635684112616,3.742155,-0.06934144688830124,-0.017063290324120906,0.061919846747323426
Norway,1913,-0.0016775684941132685,-0.074475210273927,-0.044591008304136086,-0.07427102449642908,3.7423879999999996,-0.010306979159401153,0.006839839492646993,0.03790092604472384
Norway,1914,0.010193842960360744,-0.00386438267780731,-0.049435352094910984,-0.00382451680523066,3.920124,0.0005665352857373573,0.02636814180757563,0.01123559718322742
Norway,1915,0.03206857561951648,-0.07468758990461188,0.07364445494863642,-0.07435744927904575,3.69,-0.2102823551626558,-0.0897768917690015,0.14444468876487337
Norway,1916,0.1134143337372564,-0.09217623476942716,-0.020111542128316798,-0.09152304140185807,3.64,-0.1153391400203293,-0.1269963726126473,0.19174762370696397
Norway,1917,-0.014215782991332637,-0.3747387286397599,-0.24940045518606857,-0.3734240808607948,3.06,-0.17446465707191927,-0.15853866060679467,0.24236248555697792
Norway,1918,-0.3258611161682988,-0.03918252550231727,-0.0559201939096657,-0.040986811365023024,3.57,-0.2662358924613022,-0.2526253222692829,0.40491781703551166
Norway,1919,-0.17578385452557055,0.3506464602135302,0.05371255175974295,0.347052628539926,4.88,-0.09865615221973034,-0.02125283312320414,0.06942838373977889
Norway,1920,-0.3105595006361349,-0.11644044652109875,-0.2753889759567022,-0.11758158066101765,6.81,-0.20640479887958874,-0.09396930703929285,0.16530268405463278
Norway,1921,-0.20878859703406483,0.1535769378389269,0.2276253132085247,0.15178837910254317,6.6,0.1714789101380565,0.14193734833010585,-0.07613145218103301
Norway,1922,0.26925772390181435,0.2330375418048467,0.41267193939007435,0.23314516371032346,5.3,0.34447872930975776,0.2476871380061374,-0.16677829872739336
Norway,1923,0.18575500550634905,1.770162553864893,0.23787503733336227,1.766457290100277,6.71,0.06262434453375199,0.10369906359991865,-0.0547242146920619
Norway,1924,0.1031234757723023,0.045578694724431434,0.16991092860741397,0.04571794512639227,6.65,-0.050841095274160586,-0.03903234237593489,0.09400143913128911
Norway,1925,-0.054565154934654414,-0.11782778079391898,0.1628336241118707,-0.11771307499298567,4.93,0.07100007429669986,0.021193047501619322,0.01841664673523069
Norway,1926,0.12897091600984711,0.09596597570738075,0.1616068151257831,0.09601666992133184,3.965,0.29280063666991407,0.22620479837979746,-0.15324095819633765
Norway,1927,0.13538608736792934,0.32894593536285455,0.2596160010209692,0.3286766759606914,3.758,0.12203064668901886,0.13969622796634962,-0.09554846761891533
Norway,1928,0.18493910335715547,0.40496401790664915,0.3244522734558517,0.4047107931304792,3.75,0.1637397893530006,0.11588056167950311,-0.06800061330879847
Norway,1929,0.13320572785017015,-0.031836413059614155,-0.07321634626614759,-0.03167825591905726,3.73,0.10563611191903566,0.08731856490679157,-0.04425433906391574
Norway,1930,-0.03186461555530207,-0.1802555789615703,-0.18504307974643108,-0.18009455522336748,3.74,0.12998564626623077,0.06202350266900347,-0.027799294259401863
Norway,1931,-0.07380369734543213,-0.015006237253567645,-0.29234690092332594,-0.015081408345487324,5.433,0.040967061186177434,0.09156988808228861,-0.05338172804532726
Norway,1932,0.05175294967253752,0.05501581745210893,0.10640020590614903,0.055010396851094434,5.95,0.15713634399541054,0.054384761108126733,-0.021135322173383875
Norway,1933,0.2392538397834012,-0.0029254355530300424,0.3879722520907322,-0.0025497996902015263,3.92,0.035742382336220846,0.0417282758015205,-0.01442629215629998
Norway,1934,0.11393647217656011,0.16423487033807938,0.014077617861952899,0.16416578046627928,4.045,0.11824058332453369,0.022522000178223367,0.0024234199302055615
Norway,1935,0.2915242620905849,0.24141177626216748,0.27144818104628077,0.2414850914968103,4.058,0.00805300268128506,0.0028881638615112504,0.022048157818393754
Norway,1936,0.31885476332337803,0.24905170707922641,0.261491801998457,0.24915203981803602,4.073,0.005122874255045318,-0.0006037811918394587,0.026019490964140912
Norway,1937,0.050167641374118555,-0.2909916190085722,-0.2379637408879844,-0.29049185683320866,4.001,0.015936763172063495,-0.03845385737529616,0.07119144227222152
Norway,1938,-0.01540205293894037,0.07469889236171223,0.0554457708664275,0.07451874869359543,4.278,0.0358225225210167,-0.007799999639394151,0.033057851239671754
Norway,1939,0.024801672790066176,0.008915959959864272,0.016210724375648584,0.008943257920552616,4.4,-0.13774720142356833,0.013462804503117543,0.01266666666666505
Norway,1940,-0.008317398915674845,-0.19670954100235072,-0.08910614788791402,-0.19633243639982467,4.393432336331311,-0.02434401905587158,-0.123050663303926,0.16688610928242342
Norway,1941,0.03845560633528766,-0.09800183298218657,-0.05748490911887069,-0.09800183298218657,4.387872451646628,-0.006986619781252479,-0.12979965142524208,0.1721438645980249
Norway,1942,0.16080464232156677,0.09163579334468253,0.040834376837781704,0.09163579334468253,4.3805541035023525,-0.03493444969258852,-0.037776264681887106,0.06004452199025345
Norway,1943,0.0395036442445762,0.1362792008045033,0.10459332687708493,0.1362792008045033,4.3805541035023525,0.0319747167825708,-0.004355679106719634,0.02446222827629163
Norway,1944,-0.03459684883432712,0.12082446256435952,0.1278271516749571,0.12082446256435952,4.3805541035023525,0.008645269369189634,0.007607267509359916,0.012299168975069108
Norway,1945,-0.1222425340491089,0.30618330112383485,0.20717455004094848,0.30618330112383485,4.717937169237699,0.05763925768818545,0.0019051710478310557,0.018060420315237913
Norway,1946,-0.049782145361797814,0.25413332359093,-0.06742378835955298,0.25413332359093,7.0,0.02694384295008545,-0.009701563318828321,0.024943554456508643
Norway,1947,0.08557072791918863,0.08464521964900817,-0.10183208336498499,0.08464681987279432,8.0,0.01484998340089061,0.009967642273764898,0.00498269170250798
Norway,1948,0.11727864528537446,0.1860147073563836,-0.10428975487270109,0.1858668550773448,9.25,0.04253502270428822,0.02193342407523513,-0.006784614581703652
Norway,1949,-0.04169428578870149,0.02365098882015393,0.07739840928612181,0.023476350120053224,9.2,0.01876523829316845,0.013736936437493075,0.0012459477225614801
Norway,1950,0.12291872724563357,0.23427817745738633,0.19067836651497938,0.23401283526193462,9.7,-0.05865390078494637,-0.03550077571275312,0.05235958112335082
Norway,1951,-0.029921306952973348,-0.04634876402465893,0.1353342274365932,-0.046311102371713986,8.8,-0.1313825127188053,-0.12382083920062059,0.1584388730938222
Norway,1952,-0.10166343851463888,-0.06260383765332023,0.08582200393536435,-0.06268303729682945,7.79,-0.05034639004882124,-0.068830212158982,0.09002677376171331
Norway,1953,-0.031051341364838225,0.06428126416736513,0.06542224915568404,0.06410428876946761,7.79,-0.003272762039997157,-0.005059691339886818,0.020161702998670483
Norway,1954,0.23842328137554492,0.4407304413925348,0.4633295440048715,0.44035290912508085,7.93,-0.03222318470163088,-0.028096061800386707,0.044341894060994536
Norway,1955,0.07868688458691975,0.21224025832250404,0.2582222994050791,0.21201647155151182,7.64,-0.09041031945295586,0.010361938626539668,0.008549471661863262
Norway,1956,0.13500977728059382,-0.006446310147094847,0.02554788838334013,-0.006230074570801047,7.52,0.004032682913973851,-0.015724771964257478,0.037717877893132856
Norway,1957,-0.1410126037905658,-0.09645131060161061,-0.09034550759430032,-0.09652781255429987,7.45,-0.012676700238385852,-0.005776506824091476,0.02753556677374891
Norway,1958,-0.07936142594131157,0.21833203759502218,0.29489475953961863,0.21784589626862894,7.149999999,0.010126142381299053,-0.02600353392606214,0.048771773112997074
Norway,1959,0.10718372556955136,0.21034942224308084,0.22358158597564765,0.21022545306040175,7.154999999,0.030996348617582825,-0.00038077108078282684,0.021889106549698
Norway,1960,0.09801063423647549,0.03655313999271459,0.020089584766513804,0.03662170400814535,7.147499999,0.04076326370979566,0.01867366239679802,0.003167194532422535
Norway,1961,0.06075564051454685,0.17575016468555238,0.18138638071957153,0.17559995506045212,7.134999999,0.002499911629379792,-0.0029793287970321103,0.02575606513791895
Norway,1962,-0.2306289070979065,-0.12575089055673905,-0.09955794305073427,-0.1258799836949186,7.149999999,0.000566081848589528,-0.02708616911622974,0.05240563745342652
Norway,1963,0.07905430178483042,0.15023653247607371,0.15001348380972124,0.15015944988357655,7.162499999,0.040209347964142106,-0.001797720572829009,0.026244901100592744
Norway,1964,-0.02509136675153778,0.034560247093075924,0.07101885183751264,0.03449609375209883,7.159999999,-0.017121065176565642,-0.029746779749208696,0.05632218389080523
Norway,1965,-0.06949383161570633,0.04249066966293791,0.06144159220334394,0.04237247173424841,7.149999999,-0.007774169993914781,-0.01594922977741231,0.042527511537094
Norway,1966,-0.11495447722285335,-0.0906516430486809,-0.09245514525910692,-0.0906754094186164,7.154999999,0.014415539037350156,-0.006513995623055435,0.03302914737128737
Norway,1967,-0.07453156949303574,0.1404314315609665,0.18546613664351988,0.1402178501003828,7.149999999,0.014480752310411349,-0.015715345895823574,0.04390533324543533
Norway,1968,0.10287998292476641,0.16757343724306772,0.16165091621947786,0.16752246383372915,7.149999999,0.014901887646135314,-0.006955989325622358,0.03530154720555623
Norway,1969,0.18132222063972714,-0.08029838802938782,-0.09832055503713687,-0.0800930266987282,7.149999999,-0.07674242978379997,0.003941782442089092,0.03073705924621084
Norway,1970,0.2323651919074894,-0.09697213489075796,-0.05488073664770389,-0.09665056962983998,7.139999999,-0.0444659354539384,-0.06103606977932374,0.10589977783263338
Norway,1971,-0.23526365975645247,0.06690139629009972,0.10121930711218433,0.06654539861289344,6.709999999,-0.011051093020449487,-0.02276793927852705,0.062388392857141595
Norway,1972,0.09078993413954684,0.15259299925764935,0.19827385782097176,0.15253029859871625,6.639999999,0.0017406304905125403,-0.03177798309991109,0.07217144658051966
Norway,1973,0.33910118387755306,-0.24452635224108543,-0.1567220543635829,-0.24399879544625946,5.727499999,-0.03260686572287341,-0.03179812103920465,0.07446600039192841
Norway,1974,-0.3834992853171898,-0.37186812844221817,-0.3370990300295432,-0.37188968585767046,5.204999999,-0.11764550662450912,-0.045512926916060015,0.09420025533466947
Norway,1975,-0.2102368519718666,0.2717059796097898,0.2228872798423711,0.27096104946348176,5.584999999,-0.04458190264559281,-0.06280476761775111,0.11684307025585405
Norway,1976,0.026355812837122405,-0.03476766983605173,0.06480487978159238,-0.03470545062706132,5.184999999,-0.01081129102137035,-0.039488134522727814,0.09170957391239565
Norway,1977,-0.28192768075033536,-0.02749829076229271,-0.06272226127559886,-0.027734443278488174,5.139499999,-0.092808855449099,-0.0364335036485669,0.09063568010936596
Norway,1978,0.012184257402189091,0.05456157785810789,0.028740047282550935,0.054531625754520974,5.022499999,0.01028670064128212,-0.01686186600706574,0.08153672599648742
Norway,1979,0.5399969073497357,0.04911065622209887,0.056269063127042815,0.04943118372015842,4.925999999,-0.09059963672378446,0.02001658752492408,0.04772806022393872
Norway,1980,-0.14053871731831757,0.20686468853665407,0.11869665928128362,0.20644147940650548,5.179999999,-0.016255560535348934,-0.03396154717876987,0.1089620675281393
Norway,1981,0.06399591009886607,-0.035843676709199745,-0.0569046312215649,-0.03574214306344803,5.807499999,-0.17452204096175283,-0.05346416375111862,0.13667117726657518
Norway,1982,-0.21067630129395776,0.19991136386413433,0.08249875029546679,0.19944154433522532,7.053999999,0.030350872979590715,-0.02948191185750948,0.1134259259259256
Norway,1983,0.7784519077594902,0.2436183940732668,0.2114823718446144,0.2440701601012234,7.72218,0.10078258389176109,-0.0002863925609851714,0.08411048411048383
Norway,1984,0.24468116680481744,0.17860771463381808,0.08452766661796939,0.1786966004012116,9.087,0.0782847227574286,0.02296681013043589,0.06279107994082689
Norway,1985,0.2850955015689638,0.1374558786444906,0.2486062056362387,0.13773311165058888,7.5825,0.01334384892929874,0.031364685972858464,0.05665824612053294
Norway,1986,-0.1288348069920927,0.2585325587967131,0.24653453585523588,0.2577594015144036,7.4,0.06401708421364538,0.020834958506104728,0.07186768149883016
Norway,1987,-0.1798014112642221,-0.0073726423083771975,0.08716334208090748,-0.007644832356916709,6.2325,0.059220690608654536,0.019903883818024326,0.08725931995083869
Norway,1988,0.25358389832624884,0.13897664758721984,0.13979377718038513,0.13913983432558275,6.57,0.13650677258133115,0.04162679188334084,0.06698484467889165
Norway,1989,0.528190784567619,0.15541316309242736,0.21977283798445058,0.15601502792811828,6.615,0.10492973357475988,0.0453783936730634,0.045554422035626985
Norway,1990,-0.11442402928119111,-0.17350763969087335,-0.1287472194946581,-0.1733871673035734,5.9075,0.07952295227948869,0.046458802879870253,0.04113033362104601
Norway,1991,-0.1462876657822535,0.08352976434237935,0.052888114182247876,0.08297781684654448,5.973,0.11387724040791936,0.05104701416939483,0.03420682694733923
Norway,1992,-0.06953657471011798,0.13318138489059317,0.007832640469154745,0.13282888283158867,6.9245,0.1123090629181589,0.061635264238510956,0.023421162693432196
Norway,1993,0.5582370981383014,0.2536439072747838,0.14610426937675297,0.2541540483078448,7.518,0.29788599917829095,0.04056370982970958,0.02271488897970375
Norway,1994,0.09869790677542589,-0.07319294684560351,-0.021637065634259704,-0.07279727785668821,6.762,-0.1149538947547456,0.026050124880770298,0.013985548266791215
Norway,1995,0.1399853993097968,0.11487777399831778,0.18984622278349844,0.11494841679750922,6.319,0.1655205387141283,0.015261071266036819,0.024564053725657065
Norway,1996,0.31782691645589023,0.20824264644736523,0.19713509399624696,0.20852703119665605,6.4425,0.08191891667963924,0.0241986215328025,0.012596557581973977
Norway,1997,0.33336671798677364,0.33428558168511935,0.22797815163379795,0.3342830021209191,7.3157,0.084631316181496,0.0018544877513859692,0.02579767029627722
Norway,1998,-0.28665156546440074,0.23570994207660667,0.18233483178275123,0.23413578106051158,7.6,0.03927741985093136,0.015434722118025102,0.024881242596016984
Norway,1999,0.44298019759643936,0.2645225068610024,0.22615129974689518,0.2648587079737028,8.0395,-0.027386426952466625,0.0266469014501709,0.023331389050912366
Norway,2000,0.01151729055443429,-0.0064969659351417075,-0.05337996940169568,-0.006459636658614598,8.8485,0.042126337880795006,0.017499281929167054,0.030860679097793664
Norway,2001,-0.171135916293646,-0.17362338378386555,-0.16130626855939323,-0.17361818138210683,9.0116,0.00795247776411201,0.027108265626577976,0.030173775671406666
Norway,2002,-0.3196267420373837,-0.3702902495286997,-0.23044865383994498,-0.37016300011694725,6.9657,0.08803579838414932,0.04217525986527382,0.012881459898788084
Norway,2003,0.4481385670508209,0.19169363204153367,0.17501041583309918,0.19231173684093994,6.68,0.127836662909125,0.012047793414305508,0.024753974261922496
Norway,2004,0.3780401390177348,0.05610031671403326,0.12138141449875804,0.05697422048387768,6.04,0.0898351903977408,0.009103720429530338,0.004653911501810937
Norway,2005,0.38371305375214293,0.18856069897213135,0.10367927692259442,0.18917390236456555,6.77,0.056339133871088576,-0.0013992903721595784,0.015220588235293375
Norway,2006,0.2941691903068524,0.10743584554668129,0.15520082113759515,0.108171787641963,6.26,-0.02805650847716057,-0.0030503652673994353,0.023321503585137737
Norway,2007,0.10654410191232033,-0.057189236381662845,0.04112512769878983,-0.056464393159964654,5.41,0.004498612287727521,0.027211655634378884,0.007289970981669391
Norway,2008,-0.5572881432227941,-0.224538259206432,-0.3940343463875474,-0.22612008441165155,7.0,0.0836439470267123,0.011697834198195256,0.03766160764474358
Norway,2009,0.6128695500364734,0.02833630312081059,0.2368829999428974,0.030657935437274464,5.78,-0.002731749072892531,0.0025757155060164294,0.02166847237269809
Norway,2010,0.15574532163181698,0.10816510269647628,0.09607674244901744,0.1083717538259199,5.86,0.05655389531916377,-0.003020116615449986,0.02399257688229084
Norway,2011,-0.13579953039300285,-0.013566887361311508,-0.04809276913652067,-0.014159251096644287,5.99,0.13820334489783814,0.01045428494800893,0.013009708737864
Norway,2012,0.14550618869318055,0.061296660531514835,0.12817453807529736,0.06163033401013984,5.57,0.054196781439470154,0.016788732601513034,0.007092198581560627
Norway,2013,0.21012432156793714,0.3844333084773064,0.29684748658681254,0.38384110451318243,6.08,-0.06826125958985074,0.0012561319055031106,0.021317091739626592
Norway,2014,0.028688883733256842,0.2914014348424545,0.1048954568622632,0.290585764926641,7.43,0.1364958643862464,0.0010282140305921672,0.02025096285252803
Norway,2015,0.03686773692472478,0.18382635138660053,0.04040035441720547,0.18338866937342058,8.81,0.0032059294263477867,-0.007474023937348306,0.021736483195324396
Norway,2016,0.14152520361337873,-0.027831530164616036,0.03719839597182829,-0.0272909613726956,8.62,-0.03526141647229031,-0.026902877532225866,0.035456766581249965
Norway,2017,0.16445753992218326,0.14577808740544995,0.16214559982096766,0.14584500318241078,8.21,0.0038553849118680983,-0.011094747177221254,0.01849999999999996
Norway,2018,-0.027116445016482582,0.02473204127308848,-0.010261729816190411,0.02438327025907916,8.69,-0.030956515436687093,-0.019818358741803377,0.027666666667000017
Norway,2019,0.1227795480952627,0.13750027715410607,0.13478050045021195,0.1374022537399433,8.78,0.001549574312033286,-0.01218497675556629,0.021749999999999936
Norway,2020,0.02157492059096966,0.06983310185579694,0.06814077879893121,0.06951452086424115,8.53,0.02691178011676465,-0.006665020982473457,0.012750000000000039
Norway,2021,0.1744281339747047,0.08705327479953895,0.17359301920554843,0.0876535930918998,7.797763992202134,-0.054471448508896736,-0.02858238960158843,0.03461339
Norway,2022,-0.03807563768418576,-0.09471913191380199,-0.14301180532790275,-0.09433563249043397,8.726111450383463,-0.11038221094826794,-0.03442049333107311,0.05779309
Norway,2023,0.013476784524153684,0.257140087302802,0.15954551068237685,0.2554829899316835,9.586175283091555,-0.051128619564755895,-0.0123310576446376,0.05511063
Norway,2024,0.14848908385742354,0.17222695319022496,0.16453827356812592,0.1720719905781527,9.747739015896553,-0.0015167011260792673,0.01479766660202686,0.03223369
Norway,2025,0.13171812683791173,0.14337559109376752,0.1712108179484898,0.14326931281671063,9.422715815941384,0.014519250053085075,0.015166043925729511,0.02641665
Portugal,1880,0.22890518605709054,0.27422807915919134,0.1579860349840491,0.27413261791894206,0.929828506556815,0.12980389026924954,0.13702750075608483,-0.06976744186046502
Portugal,1881,0.18813710968668884,0.18469461822878697,0.2120393822760409,0.18470391141615927,0.944358144404678,0.11153963135509959,0.024780487868844014,0.02499999999999991
Portugal,1882,0.004266248544655626,-0.06359643661176517,-0.05792655115649726,-0.06341720793506389,0.9365640916856558,-0.005720992067671737,0.043573493339929215,0.012195121951219523
Portugal,1883,0.09418706770373309,0.046267325668134296,-0.0039828547448534524,0.04639753920214673,0.9394380608333982,0.11085098109479197,0.11156961849973168,-0.048192771084337394
Portugal,1884,0.04016068613488355,0.12773863806652996,0.05900474858805345,0.12752516197709585,0.9386523124755322,0.08318314268668359,0.14604109627743278,-0.07594936708860744
Portugal,1885,0.029315597776855773,0.06704447903301314,0.050913713225187604,0.06695533202824189,0.9392335864578241,0.05614318186417222,0.10542857002999106,-0.04109589041095896
Portugal,1886,0.11480897085534192,-0.002851111704583853,0.05114175980501021,-0.0025634711796547194,0.9262686895928548,0.17573404477702237,0.01597222396069098,0.028571428571428692
Portugal,1887,0.12796276041439625,0.041068061714333304,0.005935849899515859,0.04183851564291974,0.9298726669997847,0.11911996177264639,0.07768571419375303,-0.0277777777777779
Portugal,1888,0.142854705452919,0.08531322842009015,0.08610225152602421,0.08581586886548531,0.9255335455192997,0.18938808143138885,0.04500000178813934,0.0
Portugal,1889,-0.025907453737760933,0.012759804782266126,0.08664709172940771,0.01265423794879128,0.9263607473800938,-0.03729718080476718,-0.03749999835302964,0.08571428571428585
Portugal,1890,-0.2333938015061755,-0.1360323773202069,-0.026588275438160183,-0.13682876133173683,0.9269003306147287,-0.18302286398965262,-0.054418604387793446,0.13157894736842102
Portugal,1891,-0.11979033214500145,0.18547455975286686,0.062441463488027545,0.1829197041306443,0.9939423999999999,-0.15027889681149675,0.10867469910397598,-0.03488372093023262
Portugal,1892,0.004209399223327637,0.2225686867148724,0.07849216123324704,0.22080140961041161,1.176822,-0.22420081741669606,0.03505882221986267,0.024096385542168752
Portugal,1893,-0.01627944343477139,-0.08440839283091206,-0.009599850787781507,-0.08387996857966917,1.15136,0.1285208662350974,0.035632182597771456,0.0235294117647058
Portugal,1894,0.21890624922313018,0.09584822778704716,0.10720210035520641,0.09682710949425233,1.18695,0.13511983648444814,0.02640449511033749,0.02298850574712663
Portugal,1895,0.21650661013665662,0.13093600547318096,0.10217224627855655,0.13159325802866428,1.1658108,0.2852280835310619,0.12309523667430589,-0.0561797752808989
Portugal,1896,0.10874128937721261,0.12390096509732973,0.09147753850553676,0.12378556842715405,1.2016209,0.012526448947541846,0.04752941043937908,0.011904761904761862
Portugal,1897,-0.05617230257991224,0.12920192157977617,0.08277677141785782,0.12779842444126044,1.35182,-0.09154486265438422,-0.0206521751521076,0.08235294117647074
Portugal,1898,0.05336143169552088,0.14527369587272698,0.09926160355670169,0.14456523445697234,1.4663804,-0.06002978514879942,0.015833332048108106,0.04347826086956519
Portugal,1899,0.15550513977700087,-0.019643792622689338,0.05809867713014094,-0.019429880404519095,1.3191296000000001,0.32579112560191037,0.07234042629282511,-0.02083333333333326
Portugal,1900,0.1422911201204573,0.11388778904104879,0.0639379865792276,0.11391748098603749,1.299392,0.20741584536793467,0.08461538538500513,-0.03191489361702127
Portugal,1901,0.11058421408136687,0.08993826078436595,0.0651891853065521,0.090087229570605,1.3095864,0.16550573574172134,0.06166666742000326,-0.010989010989011061
Portugal,1902,0.15851218073532491,-0.021169322583059258,0.04849089388257102,-0.021000986998724436,1.1747266,0.11130183369948954,0.08620689732247389,-0.033333333333333326
Portugal,1903,0.05989203105370189,-0.09133262485562255,-0.049198861701687684,-0.09118429347796697,1.1474536000000002,0.031774324427048306,0.015000000720222673,0.034482758620689724
Portugal,1904,0.02961292490363121,0.0741650862360983,0.18081039398886234,0.07411772462178057,1.1118302,0.022049961611628532,-0.015624999301508069,0.06666666666666665
Portugal,1905,0.08409087281478089,0.021910590569588217,0.13962313249342234,0.02197592377343227,0.9854408,0.14321164582905022,0.06105263233184832,-0.01041666666666674
Portugal,1906,0.059008460491895676,0.06878758275313146,0.0888695634688267,0.06872580902510372,0.9443502,0.09147219359874725,0.05000000074505806,0.0
Portugal,1907,0.020625321194529755,-0.11302492162694633,-0.14519299356982102,-0.11287089598528455,0.9553236000000002,0.07348916679620765,0.054999999701977,-1.1102230246251565e-16
Portugal,1908,-0.012534792491351254,0.3063242255232701,0.18495490907149603,0.30587516930405334,1.0683945,-0.02406827245916554,0.029166665781910295,0.010526315789473717
Portugal,1909,0.0753140375786221,0.13510313513501293,0.156760019643328,0.13503755749844082,1.0639619999999999,0.06483580648284581,0.03917525846933567,0.01041666666666674
Portugal,1910,-0.011709119363497611,-0.023141687331549754,-0.03685868362240588,-0.023130765811409493,1.0064119999999999,0.08472697384735595,0.10037634377518012,-0.04123711340206193
Portugal,1911,-0.05455724537993467,-0.013744360202410877,0.04051290711302177,-0.01378184694847484,1.0056673,-0.015029831366105473,-0.008939394219355079,0.06451612903225801
Portugal,1912,0.08418506558756444,0.09431329757185547,0.03947628810691469,0.09430394853432711,1.022157,0.08543330818718808,0.06576530582138473,-0.010101010101010166
Portugal,1913,0.026770436675241704,-0.01938733829183359,-0.04453845835453257,-0.019343441828861718,1.075269,0.05886615311155241,0.023663366047462775,0.030612244897959107
Portugal,1914,0.06897057287394981,0.0373931286493967,-0.049379054642276377,0.037423224606346395,1.1484564000000002,0.07111936505883931,0.06554999969899633,-0.009900990099009799
Portugal,1915,0.003399897100670124,0.240955327694939,0.07359868760200688,0.24067511248620432,1.4180092,-0.03032522249434666,-0.05803571455180634,0.11999999999999988
Portugal,1916,-0.0744482792206923,-0.0664659266786447,-0.01962490493472932,-0.0664750128697621,1.4753136,-0.13243169680128997,-0.13751824841882176,0.2232142857142856
Portugal,1917,-0.03535393883048743,-0.13934345776481127,-0.2487887911140192,-0.1392236323891597,1.6216874000000001,-0.051883254982071025,-0.10780864222734055,0.1824817518248174
Portugal,1918,-0.20569528735945253,-0.34727557925715913,-0.057345693059061384,-0.34701461283654933,1.6584199,-0.4037150659760518,-0.4166894199599992,0.808641975308642
Portugal,1919,0.003546102545154417,0.029099057688148466,0.05226338503723719,0.029037396665460014,1.8514764,-0.0658222809878749,-0.07726865697707719,0.14334470989761106
Portugal,1920,-0.46816696464244656,0.1512112392294933,-0.2751598065589489,0.14981232985705129,5.0019841,-0.362734886528603,-0.38198275844855556,0.7313432835820894
Portugal,1921,-0.1361504084993117,0.40488289112279086,0.2261863627339265,0.40381512669873865,10.0231,-0.20012760411525843,-0.31727172698255945,0.5672413793103448
Portugal,1922,0.30336184746791695,0.5834584500770097,0.4124241578029022,0.5830004107909244,14.9925,-0.07640736316202779,-0.11498635098188992,0.20902090209020918
Portugal,1923,-0.2804631151405713,1.0646316988393179,0.2384647055946949,1.0627873014703968,23.5145,-0.40324812165330903,-0.30596175902066614,0.5705186533212012
Portugal,1924,-0.35105201303834654,0.04398321210058276,0.17052360821323542,0.043396769445432026,29.5421,-0.2509038076239508,-0.21578157308351098,0.3899188876013904
Portugal,1925,0.055009108665177164,-0.15331470130612157,0.1625542031018663,-0.15309240237866073,19.8425,0.2184401445950206,0.13395924049414254,-0.03876615256356819
Portugal,1926,0.11664553874077788,0.1850642504413902,0.16160056089604347,0.18499747826743018,19.5107,0.3898929441212744,0.12793478074119147,-0.04249783174327837
Portugal,1927,0.25364659919561783,0.20332299463731762,0.25945038146359534,0.20338538630731562,19.8847,0.0318183761163886,0.005752845234832771,0.07382246376811596
Portugal,1928,0.30552306823816644,0.5435631820718396,0.32431487859974856,0.5432696868994566,22.3839,0.23530198584416206,0.1285500201676164,-0.04301982285955297
Portugal,1929,-0.16299923663672522,-0.10655383799133333,-0.07293999349229467,-0.10660306481641146,22.3644,0.15138077973839814,0.03791613551152562,0.0405464962538562
Portugal,1930,-0.14070065449084534,-0.1674293965830167,-0.18491625253035726,-0.16740558399825456,22.2519,0.1635197841903222,0.13155372582983893,-0.04997882253282515
Portugal,1931,-0.18521541521776863,-0.2339269446959631,-0.29215534835722434,-0.2338869289329335,23.5655,0.18207856499257713,0.20603517621530965,-0.11279536335265272
Portugal,1932,0.119525465615411,0.2785271893221253,0.10629713036346368,0.2783794652657341,31.2891,0.137019017144556,0.08740379438454093,-0.020603015075376874
Portugal,1933,0.1867781086180369,0.2182973409289517,0.3879278690026686,0.21826815032811764,25.533,0.16604931572226533,0.05554158081065341,-0.0005130836326322497
Portugal,1934,0.2608705575509769,-0.04899734669801992,0.01400968570785671,-0.04873990060004463,21.6972,0.26513139958061815,0.0393292690301692,0.010266940451745477
Portugal,1935,0.059245705574327845,0.3053551686517939,0.27170118880857475,0.3050961074058556,22.4341,0.06942691697793846,0.047870183299327795,0.00203252032520318
Portugal,1936,0.06770430497906221,0.2301811892293084,0.2617398346845989,0.23004253896634386,22.1582,0.05089102706086157,0.019159250012962925,0.02535496957403649
Portugal,1937,-0.0112837053938184,-0.25030427067014127,-0.2377027651219829,-0.2501341980111955,22.3254,-0.0035276595471191996,0.00041864804576152714,0.03956478733926816
Portugal,1938,0.07568696187329027,0.08400862738309178,0.055280756196449114,0.08399909919917992,22.5902,0.07964070282865499,0.07318605700572678,-0.03092293054234052
Portugal,1939,-0.021191303856181398,0.15691641113979649,0.016265169075791883,0.15672772072123253,24.7678,0.04410135115829927,0.10452554649571444,-0.05841924398625431
Portugal,1940,-0.05721667184387336,-0.024423499860717013,-0.08898281911941287,-0.02446312700599007,26.9469,-0.055934188303372046,-0.007108014790853878,0.04744525547445244
Portugal,1941,0.14611805475212147,-0.12704447736794344,-0.05775706670666403,-0.12667982642237763,24.9856,-0.03153387906212968,-0.07913418941569361,0.12394225983076179
Portugal,1942,0.4298249937815457,-0.05775619567296619,0.040188364729306175,-0.056947792846418044,24.82956,-0.033822125384477264,-0.15263596797082368,0.22143489813994677
Portugal,1943,-0.09640604679576092,0.02997533283474163,0.10507594499080648,0.029672606310619187,24.82956,-0.06054403218772264,-0.0933450926788214,0.13052936910804935
Portugal,1944,0.1061185907173039,0.10277079853988536,0.12787625081892548,0.10277835329206586,24.82956,-0.029575422958951547,-0.00861596053424385,0.028864656831302016
Portugal,1945,-0.01731248673350938,0.1344595314660848,0.20783412010732324,0.13401491326142967,24.85962,-0.023079546717599264,-0.06429511050445746,0.09008728179551118
Portugal,1946,-0.17310189625538486,-0.22543639411484107,-0.06713747911816026,-0.22529498956805427,25.3,-0.09066637694255353,-0.10378391999077419,0.13811838718901925
Portugal,1947,-0.07968744257877647,-0.08762235735849466,-0.10157721129521342,-0.08759729036145936,24.95,-0.059889286415128695,-0.017852790460313517,0.03090452261306509
Portugal,1948,0.10244769863486813,0.27890936057848026,-0.10452672358105702,0.27830099086403903,25.8,0.1749353013112942,0.23023254945113925,-0.1759688033146477
Portugal,1949,-0.2320969281718135,-0.014226643446782483,0.07804641460664413,-0.014905443087054882,28.6,-0.29164529088884594,-0.12564062506426132,0.1594202898550725
Portugal,1950,0.034948018133936776,0.2870492351523082,0.19094198796771916,0.2863622715396663,29.1,0.07791001508297746,0.040560356037689704,-0.025765306122448983
Portugal,1951,0.16136806957377492,0.2012167131342848,0.13488524774179544,0.20111121244603525,29.1,0.0930875083354632,-0.00012622682968443932,0.013877978528410662
Portugal,1952,0.15097384258543722,0.14841509677009146,0.08527099024024154,0.1484217506499379,29.0,0.0684935045709556,0.01592573498929495,0.0015495867768595684
Portugal,1953,0.11195823480916567,0.07574597819394846,0.06511036990323839,0.0758486183241216,29.0,0.04054910652272814,0.00839892672857978,0.009025270758122872
Portugal,1954,0.2919453368588343,0.4539515424984828,0.46348134656042506,0.4534117852397812,28.75,0.11811351557366123,0.009502408796029593,0.007922310247891806
Portugal,1955,-0.03519595977351131,0.230411589681202,0.2589062180634278,0.22952224486330253,28.8,-0.03436221573378473,-0.015692911382425567,0.03372210953346855
Portugal,1956,-0.05073568563167841,0.007299925230617399,0.025941006207206494,0.007129027739263716,28.899999999,-0.018523421889097613,-0.022899436518458938,0.043904831984302284
Portugal,1957,-0.03452048434431565,-0.06815942098297423,-0.09068174633376341,-0.06801012492322345,28.749999999,0.005863684410916781,0.019760394197185782,0.0002349624060149491
Portugal,1958,-0.06286716153616556,0.3137844572367139,0.2959526687680317,0.31203243171632344,28.749999999,0.055718576319036206,0.006822892763203914,0.01432933991073515
Portugal,1959,0.09760419498171125,0.22571383141490786,0.2238831650397174,0.22526598304059808,28.879999999,0.006242853576796437,0.006710856701646506,0.013200555812876269
Portugal,1960,0.05709576402825833,0.016521378519551266,0.020056227912843595,0.016653146315331435,28.829999999,-0.011600684134659422,-0.0021243295965512887,0.02217142857142851
Portugal,1961,-0.021461864683265275,0.21035488977823769,0.18179427727260827,0.20970996438827672,28.799999999,-0.024705335664872097,0.02502129656988994,-0.0024597495527727276
Portugal,1962,-0.06315713805564438,-0.08002913480903973,-0.09979367279387039,-0.07999487367529612,28.849999999,-0.004865390726267571,0.026710304181190025,-0.0004483299708586408
Portugal,1963,0.1311394258535623,0.1500393356246219,0.14997391821670705,0.15000193069451528,28.889999999,0.027188634977477477,0.00022923417389386636,0.026014801525005682
Portugal,1964,0.13806501271563731,0.04408209043184019,0.07077157362309779,0.04428308384440527,28.949999999,0.0023705525062536204,-0.02165164695759636,0.04896174863387981
Portugal,1965,0.06053493084417938,0.0495683103080613,0.06130507112125237,0.04959222252114981,28.829999999,0.018167281926700696,-0.0024278513053441753,0.03250677224421761
Portugal,1966,0.11458892949604405,-0.08028055895383668,-0.09297522025988594,-0.07981294882574153,28.979999999,-0.045067621885123144,0.0020197794256340273,0.025428859737638865
Portugal,1967,-0.0822768686805535,0.13941345543059658,0.18610812560799667,0.138669780176496,28.859999999,-0.07539366611824816,-0.008854620452866668,0.041724070064947716
Portugal,1968,0.033047248531724804,0.18194821922873383,0.16196693270163431,0.18152973924907978,28.769999999,-0.04451118709768653,0.014867543680755269,0.019837521254487234
Portugal,1969,0.28440264462564424,-0.08156810648498258,-0.09924924371635807,-0.08047282608046191,28.649999999,-0.033447298675778225,0.007925311348432995,0.026861800666913682
Portugal,1970,0.046378645814292296,-0.04460333867969701,-0.055045606823433776,-0.04420385161897156,28.749999999,-0.019324602696779714,-0.0050781501354076886,0.05033375428468334
Portugal,1971,0.11251294344553986,0.07593663650177684,0.10076174660372181,0.07612691031317143,27.559999999,-0.0723744324717821,-0.02470094410206025,0.07402954311233256
Portugal,1972,0.3520029271623315,0.12740451289154664,0.1973372700691839,0.1286062327949451,26.999999999,-0.009299241403196268,-0.03363566003645291,0.08395969934431458
Portugal,1973,0.6140488208948969,-0.1674743329450351,-0.16079338233772839,-0.16291584807697757,25.844999999,0.061094522896752324,-0.022627073723798907,0.0768663322514016
Portugal,1974,-0.4441120022987808,-0.47856253833341256,-0.3354590632600625,-0.4780152871356328,24.595999999,-0.3096351569254894,-0.21853413112574105,0.3788190163036034
Portugal,1975,-0.5301081830652374,0.2595815285298688,0.23482797451835627,0.24656329325241044,27.471999999,-0.32668008997390574,-0.08463073107570473,0.18531399046104924
Portugal,1976,-0.5383164955928356,0.08592260126725981,0.06998931191011429,0.0805622103914081,31.548999999,-0.32405954292058925,-0.09233166661249925,0.20638779445049882
Portugal,1977,-0.5794611413274771,0.01890721511719584,-0.060680691980958906,0.016317769421180017,39.854999999,-0.36759949577769835,-0.1536563807774497,0.3297199638663053
Portugal,1978,-0.3855349925254642,0.06298295081177852,0.0288210491405803,0.06288260438997084,46.009999999,-0.0017338597175435844,-0.06580157185021496,0.2676107859531771
Portugal,1979,0.1329956890069277,-0.022636336527357526,0.05657322198846994,-0.022612521021350585,49.780999999,-0.05221739612078957,-0.07437744170879768,0.24100259718844064
Portugal,1980,0.748812454212582,0.14487328988978976,0.11829836373741447,0.14495230625114064,53.039999999,0.0771603658157769,-0.07134343833354195,0.1839683752449921
Portugal,1981,-0.4064699414432089,0.03613503445838462,-0.05671744279434427,0.036053744458167,65.248999999,-0.05644000927765214,-0.058923223867463514,0.16079795740860248
Portugal,1982,-0.30930652017688853,0.22625195482892524,0.08223718319295975,0.22615087109952925,89.064,-0.050370664132470155,-0.08155042586557948,0.22399207193270798
Portugal,1983,-0.23233785481497682,0.44894399789958883,0.2120121027547081,0.4488660800763984,131.449999999,-0.060698387442833845,-0.057815959184474575,0.2550010861193941
Portugal,1984,-0.16887235386327482,0.06442160444619205,0.08478385111503603,0.06438413770369222,169.28,0.01272590983934152,-0.058437387467479174,0.2880003776435045
Portugal,1985,0.9806113879241469,0.12055433322561115,0.2485513987201463,0.12069922141420064,157.486999999,0.0880835545244576,0.00473398040840034,0.19600513102437223
Portugal,1986,0.7233597687200821,0.14625360567886303,0.2456688931300946,0.14639426984429793,146.117,0.15363287645806967,0.024352291017051275,0.11799916240206731
Portugal,1987,0.9410854824279618,0.04240984865971509,0.08609444661436726,0.04309040467495806,129.865,0.05361062441224829,0.04158012759346774,0.09153867940905047
Portugal,1988,-0.34254846528887406,0.183928536810545,0.14174681568296424,0.18198152559592917,146.371,0.012906333096406541,0.027477408479106513,0.09947267096342172
Portugal,1989,0.16952133361709953,0.09122628761412943,0.22037998114546226,0.09139438116186738,149.841,-0.004726152391169469,0.01977766303792694,0.12600301475402342
Portugal,1990,-0.4086881210587151,-0.24194479821997483,-0.12811891051809216,-0.24230084781466665,133.6,0.028773685716161346,0.03088790634207461,0.1339981745039045
Portugal,1991,-0.12296710016277235,-0.0010043687107044175,0.05279890891647788,-0.001274397601616739,134.184,0.10448165135367149,0.056886965772817266,0.11400276644964347
Portugal,1992,-0.18468031711872068,0.004744666974221268,0.008073052700662768,0.004376193464505906,146.758,0.07714827053535744,0.07167922415025507,0.08899890283389977
Portugal,1993,0.43893097809068493,0.3362493550645942,0.1462330189754428,0.33644633598409124,176.812,0.09072946955778649,0.06333318403488386,0.0650009337802373
Portugal,1994,0.030568644813727897,-0.10624628065971498,-0.021469762558698785,-0.1059578894217158,159.093,-0.10625876707967696,0.05614887712840244,0.051998154130133756
Portugal,1995,-0.08351443966458316,0.1032708986611095,0.19035942242332526,0.10282521180224746,149.41299,0.20035174246260112,0.05462557725532835,0.041001368613138744
Portugal,1996,0.2858226816079745,0.21837142666824394,0.19724690297000774,0.21852479553761084,156.38499,0.24409559690810956,0.04138277226404252,0.031000990245035887
Portugal,1997,0.6169010923218277,0.3819596843056936,0.22726819966379824,0.38256617129258963,183.326,0.12703921144199803,0.03465337856365713,0.0220008828145406
Portugal,1998,0.23508532240518631,0.11593482371444863,0.18069094834377664,0.11643988752255718,171.82899,0.14772416962562196,0.02047693068715395,0.022152780834177044
Portugal,1999,0.10177070289769863,0.39228600676346814,0.2271373666803947,0.3909475724485614,199.56400557435796,-0.06469271033600366,0.007779266310986355,0.021687023667704697
Portugal,2000,-0.1071955548826069,-0.022395694002010136,-0.053019189581314026,-0.022749910153573194,215.45620634067703,0.05004497802055052,0.015430715845910159,0.028054057091481344
Portugal,2001,-0.22455269680614431,-0.15442792473760558,-0.16108098505016188,-0.15469953536796532,227.48439804833768,0.017396506863347705,-0.0014158754216849756,0.04409614517429383
Portugal,2002,-0.23484526750561063,-0.3315040048413894,-0.23065837249547458,-0.331174654687471,191.1719271478974,0.07886617648661098,-0.0036893632479028104,0.03701183122186169
Portugal,2003,0.13715725535802914,0.024350524400042817,0.17579882609168884,0.024730309697219344,158.7347585114806,0.01646771323026397,-0.008753613265437665,0.03237164925034075
Portugal,2004,0.15107949070281834,0.06204823919012559,0.12199394518088454,0.0623058783673045,147.18596285147933,0.08005544184598135,-0.003935390874713507,0.025097492695688395
Portugal,2005,0.14743255322319704,0.21789116681194343,0.10443961802255837,0.2176952026300798,169.94320589980504,0.042723793896947804,0.0005364818993078835,0.02129892432084346
Portugal,2006,0.2933318353949621,0.06546022540128549,0.1553713211546982,0.0660832422676263,152.22627182991647,-0.03405200355781568,0.0003291659387083534,0.030453059318075626
Portugal,2007,0.15512915799805205,-0.04004478197731187,0.04103852571811792,-0.03940120238566025,136.1877589837646,-0.008623431065717502,0.01811014602744976,0.024227177953041412
Portugal,2008,-0.5101675788572211,-0.35991351082807943,-0.3943725571251416,-0.3604816780329282,144.05547172522807,0.07082760795650067,0.01931062815998663,0.026519593742393877
Portugal,2009,0.4123870415214068,0.2426520646843502,0.23782384016522876,0.24318927568886628,139.1656254338469,0.06221912626133119,0.021509681846937356,-0.009031826951057864
Portugal,2010,-0.07498112707003635,0.19130253848966428,0.09693293271889038,0.19037776744256618,150.03891632989072,-0.1364445000077955,-0.00572132008183357,0.013910489966828088
Portugal,2011,-0.23106435789073387,-0.025111716892615488,-0.047992204025253525,-0.025703017491470304,154.9439678491383,-0.336926659540164,-0.020899822236116306,0.03554878572041531
Portugal,2012,0.04784027783281575,0.09722700439607523,0.1284504100716915,0.09710006293416962,151.94937092617857,0.7623716435862276,-0.021434218485436585,0.027761088897636288
Portugal,2013,0.15095424214787156,0.23350217059758394,0.29687929100043164,0.23331750711993027,145.37161917192373,0.11743228669517247,-0.002178125820470167,0.004394363925900535
Portugal,2014,-0.2099507989422258,0.22674333559374293,0.10529131227068605,0.22586720816850847,165.1280784119924,0.3455022532854002,0.0037007584679265015,-0.0015955205009331452
Portugal,2015,0.18005925924479982,0.13135588773078055,0.04018434925865552,0.13142743571237547,184.14806650133187,0.047987996638193975,-0.005248989994972919,0.005075631941303449
Portugal,2016,-0.006336574615801394,0.05657162604764121,0.03760333350218836,0.056468634214811075,190.1925813490181,-0.04146355712038041,-0.008940140705115396,0.006359999999999921
Portugal,2017,-0.013566692898630883,0.06058648250433318,0.16242696855873553,0.06047142017487017,167.16584674393405,0.10489397229096165,-0.018563169761844245,0.01556103183751345
Portugal,2018,-0.01218353595963706,0.030015199988914887,-0.010362489071986017,0.02972280706522179,175.09344978165936,0.005749201503725931,-0.014722110759707863,0.01167296139018803
Portugal,2019,-0.0008716287428053304,0.17003182762162705,0.13565302368337742,0.16883955499517933,178.46003204557587,0.0552384354122768,-0.006541597656814946,0.002998210745200458
Portugal,2020,0.0025090219954466697,0.022057573735506653,0.06829660118162044,0.021919926143535662,163.37869774264522,-0.0007512637644807585,-0.003040709603297942,-0.00121498481268989
Portugal,2021,0.12640618635937617,0.17323313244458394,0.17394437367045534,0.17289184135971802,157.63118590386995,-0.049932477327485736,-0.014761699791311367,0.009413089999999999
Portugal,2022,-0.0489383787500034,-0.10727680932317674,-0.14295350120647443,-0.10686620612112607,177.34332921086963,-0.21842093109584437,-0.0717938184276653,0.08102658
Portugal,2023,0.0612075522281339,0.12374298666092298,0.1591747822425317,0.12337049990539417,172.3644255006993,-0.013832181639620633,-0.01741789282885242,0.05264283
Portugal,2024,-0.029507675555393353,0.16141789380739757,0.16579513856985728,0.16008825368503943,172.19207095064849,-0.004941796540932408,0.008320449506958427,0.027308680000000002
Portugal,2025,0.26834224489361724,0.14173281446170893,0.17024119880456298,0.14261321365976798,165.21907167870117,-0.006877955217624354,0.002599309650810344,0.02164819
Spain,1901,0.020158112130976402,0.1457778445005935,0.06701361608288497,0.14176468496889072,7.16,0.07519732193675988,0.0378534370149346,0.002068270927704008
Spain,1902,0.06808928146756599,0.05533979513598908,0.04850865140349349,0.05539534706307503,7.0,0.10253481242856788,0.0641605275464101,-0.022703838203983806
Spain,1903,0.021678850702047336,-0.06878715684738568,-0.04940588204229886,-0.06838751401350762,6.99,0.04142110317201442,0.0032190348620559917,0.03167898951531112
Spain,1904,-0.01937681225350929,0.1852804407677393,0.18161421056324775,0.18429829812921605,7.13,0.04072766643423931,0.011366821493157042,0.01842375826486098
Spain,1905,-0.062153095260831015,0.08015723229748506,0.14035298280603128,0.07960332905998868,6.78,0.06261527999610195,0.034800014449804184,0.005025110730106475
Spain,1906,0.13539922068636034,-0.017149717431799827,0.0872883818374148,-0.012734239695241456,5.84,0.09790448375902638,0.0739979519282441,-0.02700000506336364
Spain,1907,0.033521589784696326,-0.16954879654610555,-0.14583520082228335,-0.16860531631379405,5.77,0.017488615230772275,0.0027465369686319185,0.042137731980847803
Spain,1908,0.07209616712951061,0.23120554949580252,0.18532477190543006,0.23029498806930637,5.85,0.09500001180487772,0.06953348523581604,-0.02761342822602142
Spain,1909,0.06246371606254453,0.13751965480087724,0.15719817863676203,0.13710173639441514,5.7,0.0753094812934123,0.05896197147246851,-0.013184580806915425
Spain,1910,0.014850914345932775,-0.046781809653886564,-0.0370971875987435,-0.046470337298880504,5.54,0.031231184730488026,0.030468405297901846,0.009249768123917423
Spain,1911,0.0589102613650172,0.10344931147882797,0.040329074375341924,0.1032179759910894,5.61,0.09351338012951071,0.07843719047059428,-0.03564156698628995
Spain,1912,0.0035727356751347195,-0.0009307526093118579,0.039698150734451,-0.0009082393625944318,5.52,-0.013135161402050288,-0.004411473609987282,0.049630418680387756
Spain,1913,0.021365111203057507,-0.04186387604236841,-0.04479985428736874,-0.04154927299801525,5.54,0.002267971058772522,0.038730008347962475,0.006036210940077558
Spain,1914,-0.06957755660813336,-0.05624031315591416,-0.04916697995772805,-0.05630518583672384,5.42,-0.00404947800330846,0.043129386203429876,-0.002999998982762153
Spain,1915,0.031010720209042386,-0.008692917632233788,0.0737080379204193,-0.008514235126472869,5.23,-0.074019538200226,-0.04591116161453079,0.09528584733944911
Spain,1916,-0.07551321980271442,-0.07659277020238087,-0.019426107126958927,-0.0765877426449072,5.19,-0.07824346560529938,-0.11402174438376611,0.17948718849911205
Spain,1917,-0.011835469433946644,-0.32325759481707117,-0.2496748166221484,-0.32177542503654866,4.43,-0.09019806232890659,-0.10329114401072736,0.1653726790009986
Spain,1918,-0.22049068409514783,-0.2520886364538024,-0.05640330600723517,-0.25185450651691876,4.17,-0.27337993386605086,-0.2808138480967387,0.45303131744492164
Spain,1919,0.0003692816488143347,0.004907358297547848,0.05256990766895246,0.004870490713383635,4.06,0.037900451378332534,0.02831163386742941,0.021091239429101627
Spain,1920,0.04111042863458936,0.13185696821799198,-0.2778316459673556,0.13122079651313734,6.37,-0.01151738427307103,0.0371792626134837,0.022002692174839744
Spain,1921,0.17889851717974725,0.5817497335423947,0.22583664375880164,0.5786138551841251,7.38,0.2882826864306651,0.3154634761238715,-0.19420035759390408
Spain,1922,0.3865278894110018,0.277882706712145,0.4124212935413535,0.27861901478571527,6.45,0.25287493239954073,0.18341021349711828,-0.12540893399046882
Spain,1923,0.1664559398482981,1.2182792306295807,0.23815924030500582,1.212322255940654,6.96,0.03461061666518361,0.02731436239258067,0.007481291061220308
Spain,1924,-0.01595533039631769,0.12424092479430082,0.17110269369867132,0.12322659239057332,7.51,-0.05483203640527712,-0.06665178702301955,0.10891089280366817
Spain,1925,0.034846648179244655,0.10800551617657139,0.16321107493352519,0.10756573948612402,6.97,0.022983545011816764,0.019076913579062715,0.01562500961191038
Spain,1926,0.2849305927925396,0.2142782268132799,0.16089487495258264,0.21465520402874638,6.72,0.1352815462000354,0.129994006650767,-0.08406593835246245
Spain,1927,0.33008880301511967,0.12521301603516544,0.2589599175454782,0.1266049959579223,5.86,0.08994653613274561,0.05461186615922031,-0.018596288017915907
Spain,1928,0.2190886763269435,0.3178135288356059,0.3251257289107445,0.3170370219880081,6.03,0.03303253866993505,0.009695877234865202,0.02506113324285697
Spain,1929,-0.002444197385067959,0.023831311745080574,-0.07353570871520046,0.023640163866837982,6.82,-0.015085614722610385,0.00678364021915967,0.02802624000098941
Spain,1930,0.0006458098312540628,0.008344238725085162,-0.18630783272531917,0.008285313772393277,8.68,0.009666011447226897,0.03141040608079293,0.003480277149673805
Spain,1931,-0.2468816141727369,-0.2246328519874079,-0.29250754683624014,-0.22484743439793065,10.55,-0.028903355260287977,0.028460670655304332,0.0063583661293928895
Spain,1932,-0.08776221007687734,0.12000710319115737,0.10860855223187242,0.11757451583493261,12.41,0.10556610798074018,0.042786455976411064,-0.007466970617784563
Spain,1933,0.17323947234808212,-0.07275250840725667,0.3901643050433957,-0.07000514705763783,7.39,0.16346157392436322,0.08431736503594056,-0.044560170429494006
Spain,1934,-0.03779070720555633,0.10339941071391245,0.014695329079197052,0.10210671982612807,7.35,0.05631937536480636,0.015095562533723461,0.020593564476212745
Spain,1935,0.5580435766791632,0.2273492245788853,0.2688813742563707,0.23031829008897042,7.3109,0.10843028042126157,0.013151470094098006,0.022551937228161067
Spain,1941,-0.35933936475308326,-0.09969131455344049,-0.058830197767842346,-0.0979667693699755,10.9529,-0.48446688829073825,-0.49294571159906,1.031340672766388
Spain,1942,-0.004836981529681816,0.01572251575204775,0.04137727770673248,0.015480993565522017,10.95,-0.08474823443531232,-0.097396096084307,0.1411428588565622
Spain,1943,-0.1897868945222574,0.019239408828870097,0.1082304181717153,0.01668839009309675,10.95,-0.0918455522897963,-0.10041111495038013,0.1449674584103322
Spain,1944,-0.052925947519818495,0.05486748901493477,0.12975366697080826,0.05373071354682568,10.95,0.01015421795137783,-0.04342201462678541,0.07675486481908433
Spain,1945,0.07722051207130809,0.13547496393899916,0.2085093450953481,0.13488269914039663,10.95,-0.02480420304084907,-0.053253684941930834,0.08793663407738972
Spain,1946,0.14166927726795775,0.9347190202706306,-0.0695159784478416,0.9268623599834045,29.0,-0.14610118521207538,-0.13501959406879793,0.19077841794646488
Spain,1947,0.19342125680858535,0.1329425361229779,-0.10596681675193373,0.13384323971358714,41.5,-0.17136760724464095,-0.14437166516944067,0.20379370037274347
Spain,1948,-0.33868297851628926,-0.13723047698598823,-0.09833498569211402,-0.1418221172165306,37.5,-0.04403121678226096,-0.03970703424017463,0.07258934101893288
Spain,1949,-0.15002726292216262,0.25143493663896277,0.08099746432560595,0.24462760232831027,47.75,-0.022984805690667076,-0.02284815602184298,0.05408387209928045
Spain,1950,-0.03820187217237769,0.20053442884867545,0.19371132053315004,0.19724603770590954,51.45,-0.0750625918610297,-0.0708010716676658,0.10848169097442328
Spain,1951,0.09246870375072591,0.1251056680273277,0.13540893025987868,0.12476093084119788,52.0,-0.054997006541540605,-0.058737902545642706,0.09427544369956253
Spain,1952,0.11850415352277888,0.07975835850992796,0.08508371025148083,0.08017356218940264,47.7,0.06721528395715248,0.0508648749913132,-0.019854955816310693
Spain,1953,0.024708604510810694,-0.03209558356963371,0.06573724874052987,-0.03141151130043751,43.25,0.03527255103057603,0.01357428890832546,0.016205729171379968
Spain,1954,0.24510213062171538,0.4878678505581939,0.4655020351442264,0.4850126024264405,44.0,0.039622463536971964,0.017477734551503588,0.01230716344221916
Spain,1955,0.32387271479113444,0.21442252161344544,0.2572415260481651,0.2155394052573516,43.85,0.002813071724657279,-0.009843623641430654,0.04023972770584838
Spain,1956,0.4113919593218729,0.13643943661899738,0.02093710470050137,0.13980411201438092,50.5,-0.04640291123542006,-0.027017571845114108,0.05860082312348336
Spain,1957,-0.014074297712716177,0.005372412038489038,-0.09171960452456517,0.0050500473361621,60.0,-0.08473913578841308,-0.07019511917300969,0.10775929506128379
Spain,1958,-0.22214434338204658,0.1744980115635193,0.3054694512144219,0.1660888557101976,59.6,-0.06872182063335985,-0.0914469268447845,0.1336707009888507
Spain,1959,-0.1182709457781922,0.17793038180637422,0.2280819466498954,0.1739620523773917,60.75,-0.023398658187822163,-0.0401026232080941,0.0730313721367104
Spain,1960,0.009797895081218755,0.041575505261180146,0.02028169354627585,0.041256700118616374,61.5,0.07271018856457334,0.017693748669507237,0.012092292672554183
Spain,1961,0.25845768102177025,0.17671485786053154,0.18048271432484286,0.17749700472367103,61.15,0.02560406883837918,0.009745319949992615,0.02005919609556428
Spain,1962,0.18574743797744686,-0.14699396407775622,-0.10270161378839407,-0.1435536789051569,60.3,0.012713448731787036,-0.025516802549535922,0.05697050705874873
Spain,1963,0.0014369600868144872,0.0819861830680999,0.15189979382206817,0.08093522390992414,60.15,-0.03961561754157927,-0.052742390071783385,0.08734940583639261
Spain,1964,-0.05033026341538238,0.02294776840602286,0.07229096929667074,0.02212578574051305,60.17,-0.033491632066560584,-0.03723493970175762,0.069835250367704
Spain,1965,-0.017263799385685896,-0.025802787970821695,0.06215607811546392,-0.02571110968595758,60.25,-0.0690486335723629,-0.0790617810784745,0.11842464365920247
Spain,1966,0.0026059472912665083,-0.1322809232978952,-0.09349474787028239,-0.13085262072213522,59.999999999,-0.023927155468419392,-0.042346202121125276,0.0755452561362091
Spain,1967,0.015587193114169784,0.30419758326467927,0.18728054440233471,0.3007133906274231,69.7,-0.0036815235397565926,-0.03175612205324252,0.06378157692424491
Spain,1968,0.1668853125853469,0.15343164798389974,0.16154961524619152,0.15357031242715413,69.82,-0.002199876380016952,-0.018699273484255374,0.04962726664497352
Spain,1969,0.49234405332555853,-0.07516259740558495,-0.10501642383298469,-0.06859282510687525,70.059999999,0.030707296950501117,0.022995632984387893,0.021509738745959295
Spain,1970,0.035793330728741246,-0.06029921079428824,-0.05633151306218839,-0.0584934047778789,69.719999999,-0.043243453012788424,-0.002278789961361549,0.057409614115670804
Spain,1971,-0.038505345421367854,0.05692153561410884,0.10368482333796575,0.05500082224378988,66.019999999,-0.004782065776173683,-0.038986164089869435,0.08219045371078937
Spain,1972,0.244763478826862,0.10782557335897236,0.19716117000050254,0.11071276001799912,63.569999999,0.011520756634900042,-0.039300909916925586,0.08254500273961796
Spain,1973,0.164376390166727,-0.25201323342199955,-0.16339121811644755,-0.24297148742457486,56.949999999,-0.09505761003785573,-0.05780266209263474,0.11441622524334893
Spain,1974,-0.0943792826881491,-0.36025456775767595,-0.34506781162799804,-0.3518942449297995,56.111999999,-0.12114918175135336,-0.07803884831139474,0.1497230623193473
Spain,1975,-0.24650460677675068,0.21680595601226926,0.24243869474557045,0.19764514441323544,59.773999999,-0.08969937512512416,-0.09323576240732845,0.17665830380033598
Spain,1976,-0.24287827739654477,0.11424586388904467,0.07532999235162928,0.10238963830746961,68.287999999,-0.05887792171213091,-0.06519844047525702,0.17635483334470825
Spain,1977,-0.42796701564158557,0.02778203545921043,-0.05473131534200992,0.017776046744948815,80.911999999,-0.2760972140139394,-0.0916745931008568,0.24539985247463925
Spain,1978,-0.27581100038812967,-0.15381458026000405,0.0334518093398126,-0.15567786816179807,70.109999999,-0.19698825267781583,0.008337443162051539,0.19773478534057864
Spain,1979,-0.19722837161137552,-0.08411047668629024,0.059727441222078584,-0.08549388879115505,66.149,-0.14620752684324978,-0.02183841876752768,0.15660424618481916
Spain,1980,-0.12629079164719492,0.3233053890633628,0.12069682249440043,0.3190895937418119,79.25,-0.01750970545937247,-0.0008515166223540538,0.15555146626995597
Spain,1981,0.2432780328868147,0.047861847074434305,-0.0591900089432935,0.04941780187032263,97.45,-0.030249506027545392,0.011720916452212293,0.14552011754912875
Spain,1982,-0.12597337280526155,0.24209035195945172,0.0841627585887251,0.23858816985698716,125.600999999,0.004294253547505011,0.02411428427397211,0.14413825279377424
Spain,1983,0.0021823622818717414,0.37271878758996113,0.21338485988328465,0.37022124515152544,156.699999999,-0.017671403073400316,0.0648717309854423,0.1217579466465375
Spain,1984,0.3183913934031368,0.05706280081276516,0.0833457497802693,0.05861641940569906,173.4,0.049919338171972916,0.01189242193196538,0.11278380150326628
Spain,1985,0.23572747291318907,0.17662016607279374,0.2487674853347615,0.17704063100566403,154.15,0.03895580927794273,0.025696842036531553,0.08814315492914493
Spain,1986,0.9601850443746038,0.0847049641311528,0.24100521724845136,0.09052393961613925,132.395,0.0332807639767525,0.024771081385204896,0.08795842349049576
Spain,1987,0.4055326852287564,-0.0021959111541962617,0.08334596580287378,0.0021016836539284878,109.0,0.06011137285225243,0.10277731000781754,0.052477522445466995
Spain,1988,0.09105808751034794,0.14534525881084615,0.14053463898993424,0.14471013960104417,113.45,0.08325110142231629,0.06157154196308823,0.04837022956656711
Spain,1989,0.05466664046070813,0.08755697489722936,0.22238150660201636,0.08714304542204787,109.72,0.03215232971269821,0.07115948257031901,0.06792376403447986
Spain,1990,-0.17352249502528472,-0.20285986904845787,-0.128072644175707,-0.20244328980606185,96.909,0.06744333842469175,0.07531110742351887,0.06721052885587131
Spain,1991,-0.004949465525040608,0.04398803017562458,0.05322955449880916,0.04329845540592969,96.688,0.1148546268055961,0.06859895868604737,0.05934660003417136
Spain,1992,-0.13224060011911498,0.12257085168807547,0.009549641176662196,0.11924345283385551,114.623,-0.023451389647209275,0.06685802961749077,0.05924746466217412
Spain,1993,0.4927998383328047,0.4006556286250611,0.14275662158131341,0.4017185517431041,142.214,0.36681949351289167,0.07419110208932511,0.0456860654894935
Spain,1994,-0.13290402158205084,-0.07452224225024662,-0.01979589382421238,-0.07532960647582398,131.739,-0.1645364545148088,0.029557105634306913,0.04717357988197324
Spain,1995,0.10531441365939931,0.07585174644522019,0.19083699116030214,0.07624139734057156,121.409,0.19634482640252338,0.04114821710740357,0.04676098578565746
Spain,1996,0.3799129025831669,0.2517315778457827,0.1952625153265982,0.25324891728951693,131.275,0.2463348757601096,0.0395054225895326,0.03557259849500749
Spain,1997,0.4272088623593313,0.36639808010091546,0.22552501139108994,0.36722694645568166,151.702,0.14773840613986744,0.035421710650338945,0.018771698055239705
Spain,1998,0.3708367394914194,0.12081244684260573,0.17791561099528425,0.12470808063158212,142.60699,0.15651603574464112,0.025326913301190412,0.017626658624849245
Spain,1999,0.17082136860230435,0.3940160961220136,0.22757501659957455,0.3900235181908529,165.62412900656977,-0.085640058166638,0.004767536678622175,0.022359199276919206
Spain,2000,-0.13416700019682426,-0.027157951508734457,-0.0517028866806864,-0.029159699662818617,178.81354110693175,0.05054235320030842,0.006063803871497964,0.03484158961129302
Spain,2001,-0.06976790307767744,-0.1495964163368967,-0.16318610396893257,-0.14800761098156645,188.79609667536593,0.021583292162628664,0.007445714300446493,0.03589535307134262
Spain,2002,-0.22859988403128673,-0.32942835778414203,-0.23071729453987352,-0.32730190242343427,158.65929245732812,0.08890471175062675,0.001656858673508399,0.031041708916379473
Spain,2003,0.2905533849103772,0.021002507768329348,0.17318999223160644,0.026695479287874857,131.73871733966746,0.019556068438644436,-0.007064226719142419,0.030395615058811165
Spain,2004,0.19451879929564675,0.05396169356152902,0.12055849067973588,0.05684964433572559,122.15402687027384,0.06995185569992635,-0.009687076291229113,0.030389798801206513
Spain,2005,0.21684444230109934,0.2028036833865654,0.10205824269510806,0.2031096020254406,141.04094261252862,0.035314488951436074,-0.012396213048195048,0.03368038830634701
Spain,2006,0.35774423495183405,0.05456550178873987,0.1511986531558124,0.061244033872139614,126.33712984054668,-0.049525516903639044,-0.006643337131640781,0.035151862738069584
Spain,2007,0.06201664648942651,-0.045370932249734985,0.040911528234636146,-0.042810499248506995,113.02628897493369,-0.017042777959904942,0.010312293463998978,0.0278752481647353
Spain,2008,-0.39415966886633114,-0.3685773080671765,-0.394827382226128,-0.3692271232249087,119.5559387799094,0.05433742008961806,-0.0021637518189198124,0.04075192867008792
Spain,2009,0.35995589337770073,0.2321520588620407,0.2350987214350811,0.23550702241725996,115.49770928779668,0.05311329805693865,0.009656137808956577,-0.0028700906344411026
Spain,2010,-0.16178006890520136,0.19410691849647255,0.10265571945237265,0.18560147765249768,124.52177817691963,-0.07696437435243553,-0.013223811793782292,0.017995108966173845
Spain,2011,-0.11596381356303842,-0.020539691544842364,-0.04723719763455987,-0.02231777489418918,128.59262694180384,0.06018701859288522,-0.02111333000480886,0.03196317909797286
Spain,2012,0.02504265122374072,0.10210914264266457,0.13024505627198818,0.10064268367152174,126.10732150977718,0.039438250797295904,-0.021233819232245543,0.024453050966173562
Spain,2013,0.28076142270357085,0.2205016177251231,0.29682709104007865,0.22153025284079075,120.64824885795085,0.14291875657633057,-0.012419732674539774,0.014086348006193461
Spain,2014,0.09249287297911302,0.22812162582183348,0.10487457427353598,0.22575859679637977,137.0447244872745,0.2929454781190888,0.0026610647976181845,-0.0015070544026809518
Spain,2015,-0.02712171533919916,0.14594131439639102,0.04160156039949937,0.14288987143009768,152.82998071093965,0.020980641195596617,0.0042676419640435,-0.005004617355298002
Spain,2016,0.024776081555448526,0.06610751895633649,0.03777080544947026,0.06534604591111592,157.84650412674318,0.057636943253613904,-7.426300000001884e-05,-0.0020258874484795353
Spain,2017,0.07615049511160321,0.05595926474892865,0.16368299534655556,0.056311987236635996,138.73592929208715,0.012529310268261096,-0.022029110596728074,0.019560000000000022
Spain,2019,0.13521021722960458,0.16458898913692965,0.13394265926313195,0.16420184676561722,148.10931102011747,0.09176442291915254,-0.026823148032838584,0.02386323512103239
Spain,2020,-0.09517895676352006,0.02862756300169167,0.07418559686570295,0.023984046374365242,135.5928612175047,0.054234930606162024,-0.00037289432206988327,-0.0032283094962112235
Spain,2021,0.09979238003771096,0.15404097165414665,0.17631768153079955,0.1521039330968128,130.8228294699839,-0.06899533010739956,-0.03450186849311132,0.0300814
Spain,2022,0.003904052272810654,-0.11568233534594963,-0.14765528519498214,-0.11146280229756533,147.1825259827803,-0.2200076101808598,-0.06967673946193476,0.08322563000000001
Spain,2023,0.1192485695586285,0.13235511467005923,0.1601042834501742,0.13182169052589843,143.050385078757,0.003945621393247389,-0.00016380034597596183,0.0340027
Spain,2024,0.23999305314966501,0.15282408057025143,0.16153216656765207,0.15604763364716612,142.90734288960905,-0.005542996042992132,0.0026706689116708926,0.02792974
Spain,2025,0.4611807738051863,0.12669023807420254,0.15999431563058325,0.13886030628391244,137.12024251719544,-0.005820959978126372,-0.000281207807866668,0.02056199
Sweden,1872,0.14458166785259663,0.052728593623873055,0.06058206523763729,0.05311355414684926,3.2718807,0.021097590185040316,0.004713786765933037,0.04009720534629402
Sweden,1873,-0.06829931935319655,-0.020817451983039637,0.01422129003342344,-0.020991822338170207,3.2527923,-0.04044709522357759,-0.030978354895527804,0.07943925233644866
Sweden,1874,-0.03996865220110979,0.015846267258378788,0.0616221836494009,0.015689007857288884,3.3625125000000002,0.007968304486110522,0.013793104167642456,0.03571428571428559
Sweden,1875,-0.005191528529210676,0.08224643703263013,0.10158560837959622,0.0820362660296019,3.2656406,0.02762861305418851,0.056624606427992275,-0.006269592476489172
Sweden,1876,0.01990402577175443,0.05549171312233425,0.05194728261856294,0.055408833134710456,3.352392,0.012827820560467051,0.04669811395026202,0.003154574132492316
Sweden,1877,0.05070457760601821,0.07422435576584596,0.0717763506201347,0.07417368718430506,3.5875670000000004,0.05584452964671671,0.055532139842766615,-0.00524109014675056
Sweden,1878,0.06989853438556937,0.11852067703737812,0.07076108071989483,0.11840731791358339,3.7249674999999995,0.094111797499566,0.1233934619019843,-0.06533192834562696
Sweden,1879,0.04881756714894436,0.2437263003325334,0.20119859264480605,0.24343409150104045,3.7485819999999994,0.17874194102254348,0.11727884659866028,-0.06200676437429542
Sweden,1880,0.09714284842354903,0.12449606804040037,0.1583128419255108,0.12441672552165817,3.7463664,0.05502461188180097,-0.010157713208879704,0.05168269230769229
Sweden,1881,0.06837607010650792,0.17395709659467729,0.2123942780279419,0.17364961519160427,3.76993,0.02046210372793511,0.014492752751046778,0.025142857142857133
Sweden,1882,0.08109965965254218,-0.028623905537124905,-0.058229714229659384,-0.02825580876285294,3.7299018055555555,0.05747554083178774,0.07372852417406772,-0.02675585284280957
Sweden,1883,0.08472502942321491,0.002829865537639531,-0.004037766604062447,0.0031266491035160104,3.7466540000000004,0.052365617993961555,0.05101958705189591,-0.00572737686139746
Sweden,1884,0.0979486331165409,0.08667591714789946,0.05880677130159707,0.08671970523041939,3.7606444444444445,0.0713596921681503,0.08084689112799026,-0.03686635944700467
Sweden,1885,0.06033495193349658,0.06784119853175419,0.05082514851197257,0.06781157390018233,3.744177111111111,0.10308020506778637,0.09613551003122267,-0.046650717703349165
Sweden,1886,0.08160032529511696,0.09233659423404061,0.05116291960477261,0.09228915670415239,3.738940333333333,0.124837048056887,0.09456068720658739,-0.04893350062735269
Sweden,1887,0.06583983595349241,0.04561946499780367,0.006275574526784646,0.04587143091730295,3.7376235,0.07918340679151092,0.07737619782480776,-0.03562005277044866
Sweden,1888,0.0965900188275024,0.05194360908214879,0.08647942904243634,0.05246719391733068,3.7341788888888887,0.04187141024215979,-0.004410832721735258,0.03556771545827653
Sweden,1889,0.11413853337656255,0.05050847822788662,0.08623861492277848,0.050739252362514975,3.7323462222222226,-0.0030112596212232834,-0.01331605611065223,0.04491413474240402
Sweden,1890,-0.00346851915277846,-0.04188422090796329,-0.028567956704215657,-0.041443301368906504,3.74374,-0.011276937220107364,0.017139852272881395,0.02149178255372952
Sweden,1891,0.013967299411276946,0.030619869619496365,0.06146430333618706,0.030427741634295513,3.735512,-0.03799695799760017,0.009757504099700665,0.030940594059405857
Sweden,1892,0.12875953281166197,0.06960914367507054,0.07727270528766444,0.07031942071734676,3.718224,0.05096213157063301,0.0621259183575078,-0.01800720288115243
Sweden,1893,0.105466627818384,0.0005540582870491306,-0.010982922034156399,0.0017534291348988429,3.729584,0.11482657118208106,0.08059363107013096,-0.04034229828850866
Sweden,1894,0.19403950369998113,0.14224687311087858,0.10706428745136842,0.14285806851562133,3.7166499999999996,0.134683540303435,0.09057046995566997,-0.05095541401273884
Sweden,1895,0.1164518839364308,0.06642551249775841,0.10289213694529646,0.06700950083250445,3.715536,0.0225518027440752,0.015909091055353874,0.01879194630872494
Sweden,1896,0.12334763065752297,0.11578167815221074,0.09123176504037046,0.11587053689150961,3.7282480000000002,0.05522536753539553,0.03619123593091511,-0.007905138339921125
Sweden,1897,0.15436304559118508,0.05067277987027219,0.0808476505332077,0.05190991352817487,3.729584,0.004581591049676703,0.003999998498147139,0.031872509960159334
Sweden,1898,0.04599890756336111,0.05936586360896601,0.09955252892541604,0.05920494065056481,3.758786,-0.030929226682267497,-0.006318180737170387,0.04761904761904767
Sweden,1899,-0.023513982624692065,0.021556558182908914,0.05842470317224682,0.02144266333220668,3.756312,-0.04862262148957919,0.004571763478657731,0.04422604422604426
Sweden,1900,0.05193299826147957,0.07674744372963183,0.06404919945417031,0.07668742599570799,3.7378080000000002,0.00041787654464675583,0.03779069841081317,0.0117647058823529
Sweden,1901,0.032255586476483744,0.09382629550300381,0.06588425969527503,0.09315338302855114,3.726432,0.09671887769602483,0.07423122807964244,-0.024418604651162745
Sweden,1902,-0.006290780047634947,0.04802825044058223,0.04868044953229183,0.04794279487614328,3.732354,0.05204487393387813,0.03238652594581293,0.008343265792610133
Sweden,1903,0.07993316296921216,-0.051687167857143446,-0.04950858773147751,-0.05126342429146513,3.7398640000000003,0.019725289654939582,0.023069766562345384,0.01654846335697413
Sweden,1904,0.12765774902175453,0.19276528674656057,0.1808221807084881,0.1925540126655516,3.72801,0.04613557624466291,0.05324705996934109,-0.011627906976744207
Sweden,1905,0.12303696177934165,0.11967547104941079,0.13967927011370343,0.11969859540402927,3.7357520000000006,-0.0158780738936678,0.02039170451462269,0.021176470588235352
Sweden,1906,0.11207369306286608,0.10113920888239791,0.08842850427705726,0.10125594246828551,3.765447,-0.0057753159141097354,0.024749435753504745,0.02073732718894017
Sweden,1907,-0.1518065537537885,-0.1635636864594462,-0.14493907752731724,-0.16345614156916521,3.7784880000000003,-0.07795257244035292,-0.0008733914645445706,0.05191873589164797
Sweden,1908,0.05092702468908361,0.15106248376656883,0.18603326030496878,0.15005711356656004,3.738045,0.07392369141412347,0.03938689188397726,0.015021459227467782
Sweden,1909,0.0820520983943307,0.16366777270048005,0.15736274538340803,0.16291777651238992,3.7387439999999996,0.07506598206187243,0.05200853731518995,-0.009513742071881492
Sweden,1910,0.15540540218353271,-0.012104936110854503,-0.03851983579615226,-0.010649299596459216,3.7357520000000006,0.005447224248200655,0.04100000113248825,0.0
Sweden,1911,0.11552228668193121,0.020560473396111334,0.03946666604686287,0.021757763933782703,3.741683,-0.0008155696576586102,0.011765802558993954,0.029882604055496254
Sweden,1912,0.09983392759476817,0.04346084646140702,0.03864281958164937,0.044266709639856794,3.742155,-0.012418686989033034,0.01986294527193011,0.020725388601036343
Sweden,1913,-0.0022145382316357543,-0.04211347314624325,-0.045046821595838234,-0.04157675381772796,3.7444420000000003,-0.03680443658157884,0.0418269248596328,0.003045685279187804
Sweden,1914,-0.2459188289456553,-0.010255482956426198,-0.04655766166171781,-0.013457293861620201,3.8917320000000006,-0.057730428777731824,0.03142857319348824,0.013157894736842035
Sweden,1915,0.032790803442830585,-0.09755524102800239,0.07404152592506319,-0.0958942877387523,3.591818181818182,-0.08958670067398444,-0.09039565061745436,0.1488511488511488
Sweden,1916,0.17319050775124478,-0.06251061016891113,-0.022392130193216654,-0.05925096884504677,3.4802500000000003,-0.06314526154444766,-0.07823076973167742,0.13043478260869557
Sweden,1917,-0.20324367695351742,-0.37881850304280584,-0.24944266889019834,-0.3753988420177796,2.9615,-0.20194076022087804,-0.17006097688544086,0.2615384615384615
Sweden,1918,-0.4547203052093379,-0.06565209484077372,-0.045073075197203626,-0.07756789318315327,3.4760869565217387,-0.3254974994081926,-0.282755185768812,0.4695121951219512
Sweden,1919,-0.24505169588820386,0.29745604832760075,0.05910020910546364,0.28505169992996837,4.678333333333334,-0.03310075405060808,-0.049590226724967934,0.10373443983402497
Sweden,1920,-0.20133209943331476,-0.2083133252403,-0.27666407309493724,-0.2082143185892823,5.121538461538462,-0.12247312404352806,0.034553506909921206,0.018796992481203034
Sweden,1921,-0.04300630618544188,0.07746427305947812,0.22831213325450378,0.07620287431624684,4.093846153846155,0.5426696006259226,0.2875565619995959,-0.18450184501845013
Sweden,1922,0.12384663906920212,0.3986674357559461,0.4149143337585788,0.3961478636981697,3.719166666666666,0.4477485756835211,0.2407228258721854,-0.16742081447963797
Sweden,1923,0.05474582304856912,1.2368474739680946,0.23901800738409118,1.228733447149796,3.7948913043478254,0.09379717142417521,0.09131034643485636,-0.05434782608695654
Sweden,1924,0.17915590107440948,0.12841028357133633,0.16967835246512464,0.12879022322712275,3.710899999999998,0.014366855844855309,0.03999999910593033,0.0
Sweden,1925,0.13312946638818524,0.19954245651757674,0.1626416056706952,0.19908751847848305,3.7346000000000004,0.07889507155297171,0.021389831299498896,0.01724137931034475
Sweden,1926,0.1977630913780446,0.19662127003653262,0.1613082180545381,0.19662905248008444,3.7415000000000007,0.09603736033303689,0.07545614118377375,-0.03389830508474578
Sweden,1927,0.27892311613940635,0.27065026102635725,0.2593129248107415,0.27070521362424915,3.7058695652173905,0.09379743044016631,0.052307691403042034,-0.011695906432748537
Sweden,1928,0.20412091806269528,0.307878684495029,0.32502946430048757,0.30724557914781214,3.7361875000000007,0.019347308061973267,0.0258596479152029,0.01183431952662728
Sweden,1929,-0.0031370658959661846,-0.06005365433442034,-0.07345329690883641,-0.0597017421203877,3.709565217391306,0.11059190638895533,0.05958928686699694,-0.01754385964912275
Sweden,1930,-0.040533634247603256,-0.17216753185054134,-0.1859087542439845,-0.1712331756993628,3.7291012000000006,0.17325657606124878,0.07437036876325243,-0.0357142857142857
Sweden,1931,-0.32411583252013865,-0.0441995245003447,-0.29175995882361894,-0.046860107069532364,5.367083333333333,-0.07847722007590496,0.07002547819902949,-0.030864197530864224
Sweden,1932,-0.2098262514798872,-0.005241876830757275,0.10960618617240782,-0.007353330384756385,5.5778,0.265848762277634,0.05200129182588675,-0.01273885350318471
Sweden,1933,0.2220119872432671,0.04032062900847322,0.3888141397048364,0.04148892812026728,3.7927272727272725,0.15493863574321698,0.05512913822239596,-0.02580645161290318
Sweden,1934,0.2876018830820133,0.1630600684237704,0.012667982468539674,0.1637607512616981,3.928695652173914,0.267630036724241,0.013289473240116756,0.0066225165562914245
Sweden,1935,0.08022286584300398,0.24507158122903294,0.272868074420423,0.2438816957699521,3.94,-0.0821417335541017,0.0002580640777465337,0.019736842105263053
Sweden,1936,0.38163026540902,0.2666362922736638,0.2608162236762368,0.26735780515953644,3.9609090909090896,0.11604023748522341,0.007006368985411404,0.012903225806451646
Sweden,1937,-0.036809816263776995,-0.2656060456011068,-0.23891410878963923,-0.26405233614036894,3.8876470588235286,0.01577392020435253,-0.011481481914718983,0.031847133757961776
Sweden,1938,0.06858054291118276,0.09157851077069878,0.05518889101209661,0.09138062214722065,4.162608695652175,0.21745363311334076,0.0014545450156384643,0.0185185185185186
Sweden,1939,-0.22121159162591486,-0.025461215015986083,0.01830776374350379,-0.027162983331139978,4.2,-0.34460214306326475,-0.010000000433886713,0.030303030303030276
Sweden,1940,-0.017259593223043046,-0.17375427058518722,-0.089506451432506,-0.1725368766218588,4.201,-0.061557596520438684,-0.09424352300367822,0.1352941176470588
Sweden,1941,0.09608834941093236,-0.06922010572062887,-0.058667491306722316,-0.06795688467751138,4.197,0.03619490543456916,-0.09448630150118376,0.13471502590673579
Sweden,1942,0.07239293345274067,0.08309239451201589,0.04057200484501651,0.08300417461893073,4.19,-0.039348513819277287,-0.040705127856479284,0.06849315068493156
Sweden,1943,0.11316521212141573,0.1595002424306653,0.10452270370790943,0.15912161084273757,4.19,0.013193202082147026,0.020638298243284225,0.004273504273504258
Sweden,1944,0.15834057171884774,0.13930569024321304,0.12758032308393613,0.13945843130296987,4.19,0.053714859737162834,0.029380342254462954,-0.004255319148936176
Sweden,1945,0.10543173980047782,0.24117081979715782,0.20807539009127948,0.2399795215599101,4.19,0.1143723108481951,0.024879828894854628,-0.004273504273504258
Sweden,1946,0.13771519472456384,-0.19971943694426175,-0.06905948069448758,-0.19705015822604532,3.9,0.022723114388620624,0.01564102519590116,0.0042918454935623185
Sweden,1947,-0.06308718322470963,0.05779142037795015,-0.10186009883761121,0.05669390218276327,4.45,-0.005854877121591828,-0.009626556450647805,0.029914529914529808
Sweden,1948,-0.09743702506609997,0.1271151460607347,-0.10387414107043894,0.12498781401457437,5.2,-0.041184060414339974,-0.03600000042249174,0.05809128630705396
Sweden,1949,0.13723432645201683,0.2842199293166692,0.07652262814010807,0.28287019902402477,6.5,0.050367221105261706,0.016015624554711394,0.0039215686274509665
Sweden,1950,0.26506602947528535,0.14059121529364904,0.18976245299135364,0.14183831593920293,6.12,-0.05678200721740723,0.009624615082374,0.015625
Sweden,1951,0.05335483817677744,0.056876979764445945,0.1358435758399595,0.05683905440416703,6.21,-0.11569354246909691,-0.11907894794191975,0.1692307692307693
Sweden,1952,-0.17044198330194682,-8.239613864569062e-05,0.08791363615622193,-0.0017122929065660486,5.76,-0.08827244668650491,-0.03950920307928807,0.07236842105263164
Sweden,1953,0.17602913199764925,0.04036961946765261,0.06433218828364667,0.04147601846615778,5.56,0.011391674759002823,0.023719511528658366,0.006134969325153339
Sweden,1954,0.37429757262721197,0.44822993982010306,0.46369988130925266,0.4475766041854652,5.48,-0.028428723595359084,0.023757575091087446,0.0060975609756097615
Sweden,1955,-0.05216886455901959,0.17844522608474556,0.26056742825114637,0.17649407180494925,5.22,-0.06293251048938364,0.009371680232275859,0.027272727272727337
Sweden,1956,-0.02311970396072005,0.017044336797658488,0.026025770015462593,0.016790537404833605,5.32,-0.04385477948666994,-0.00937724675397178,0.05014749262536866
Sweden,1957,0.0378270311060771,-0.11086974669091743,-0.0912095811858411,-0.10997425915968384,5.28,-0.021162516908139417,0.0010107527737335253,0.04494382022471921
Sweden,1958,0.1731564262785863,0.24993794798565094,0.2951847637236884,0.24937091947104273,5.17,0.011498991784054002,0.0035371141335398537,0.043010752688172005
Sweden,1959,0.471595616596739,0.22746404200845394,0.2218921496107664,0.2289790316558189,5.180999999,0.030551480324676916,0.03698209896112048,0.0077319587628865705
Sweden,1960,-0.002876265162112368,-0.0001009422323402509,0.02034120233749373,-0.00012062816821822864,5.179999999,-0.03239665633062916,0.006224571404571222,0.04092071611253201
Sweden,1961,0.00237978296802166,0.1842878772273724,0.18250629567663562,0.18299775516589856,5.184999999,0.011161520853280482,0.024837739801464087,0.02211302211302213
Sweden,1962,-0.09425204691536937,-0.12377653982083636,-0.0997513498081416,-0.12360434713451862,5.187999999,0.048315350068818486,-0.005321100490902619,0.04807692307692313
Sweden,1963,0.245395755980222,0.14618571406512437,0.1493256601157983,0.14681666600349663,5.199999999,-0.012944798062001661,0.017171491626110758,0.029816513761467878
Sweden,1964,0.1630841087123489,0.04874081661834673,0.07030937216726618,0.04948784470101675,5.147999999,-0.026699433104209414,0.025523759110893218,0.031180400890868487
Sweden,1965,0.050633268143974064,0.04095632994069298,0.06137839287461568,0.04102387500383964,5.179999999,-0.02580786938540014,0.010138603696098425,0.05183585313174954
Sweden,1966,-0.2501340074633358,-0.11837092847909392,-0.09150887451719505,-0.11917523158542576,5.179999999,-0.014469565454016342,0.0016811200505506552,0.06570841889117052
Sweden,1967,0.03958302992913465,0.1420330158343106,0.1860041664501836,0.14147580996755615,5.164999999,0.04603874538507724,0.02358333104186605,0.040462427745664664
Sweden,1968,0.36687481143729883,0.18724181581315236,0.1606801099756826,0.18804722245638805,5.179999999,0.040234702711962056,0.03393829371881574,0.020370370370370372
Sweden,1969,0.02768204428334542,-0.07931266926893943,-0.09879186155458988,-0.07872825227581737,5.169999999,-0.033856763548049895,0.04651060360796455,0.02722323049001818
Sweden,1970,-0.24313001780470544,-0.06311036625163213,-0.05358318734601097,-0.06407632684485842,5.169999999,0.006515776175112675,0.005702482126961117,0.06890459363957602
Sweden,1971,0.18112770158510938,0.055429744576790174,0.10044316803726112,0.05602129181031401,4.864999999,0.0163968725846364,-0.018038461815852336,0.07438016528925617
Sweden,1972,0.08063811401151266,0.14883060774025525,0.19871692514294154,0.14851175363723068,4.742999999,0.004103135387852452,-0.004716981413229515,0.06000000000000005
Sweden,1973,-0.03116058472569294,-0.14664557159022829,-0.15679459399438875,-0.14616690951562417,4.587499999,0.009872900780771854,-0.011027211163725181,0.06676342525399126
Sweden,1974,-0.0764454607840277,-0.3896234589905766,-0.33847136487133267,-0.38808600780216285,4.080499999,-0.06764930699684535,-0.022122522041496562,0.0993197278911564
Sweden,1975,0.22385485922201642,0.29565505084527466,0.22220589073579589,0.2951361496026872,4.385499999,-0.07134340589250754,-0.029853440728773495,0.09777227722772275
Sweden,1976,-0.049990761781585014,-0.03217422503439482,0.06551890372985081,-0.03229039490815311,4.126499999,-0.040957459287605635,-0.01696118407248226,0.10372040586245768
Sweden,1977,-0.21378926105728935,0.08893651994628504,-0.06209037422562452,0.0872695285425118,4.669499999,-0.032336883663857674,-0.025490824885051167,0.11338100102145043
Sweden,1978,0.10251132523020101,-0.025358298286823122,0.02840908753494863,-0.02480739151805278,4.295499999,-0.0205522478868565,-0.028083333062629,0.10091743119266061
Sweden,1979,-0.03206515298290169,0.01000712063350706,0.05701886766847543,0.009802175769348498,4.146499999,-0.028732125903733308,0.021772938234438932,0.07166666666666677
Sweden,1980,0.1305867278518782,0.1812380210676663,0.11832745992841173,0.1810174016812245,4.372799999,-0.10546060965423865,-0.020756333903202306,0.13608087091757382
Sweden,1981,0.4576075186222899,0.10950619264158834,-0.058862814086250874,0.11090887880885658,5.570999999,0.0010592899261376854,-0.003255494771313816,0.12114989733059556
Sweden,1982,0.29240381365685963,0.32652772107906514,0.08069211898961472,0.3262905976073258,7.294499999,0.02968135247315007,0.024901572057581367,0.08547008547008539
Sweden,1983,0.5547751988340544,0.23766787769490882,0.20897235677390238,0.2404087756229718,8.000999999,0.06710485856312709,0.007410941477220545,0.08942632170978637
Sweden,1984,-0.1609624106059454,0.11053127659114637,0.08755332717535992,0.10746122926082058,8.9895,0.05535080949161508,0.025443357296188074,0.08002065049044926
Sweden,1985,0.19889019539816943,0.13620222777549662,0.24918328849147092,0.13683612931940314,7.6155,0.033856774294684255,0.04320569652218098,0.07361376673040154
Sweden,1986,0.473802234463486,0.18417812033276437,0.2437624966092274,0.18672489814742277,6.819,0.19761175129822006,0.045766769770321236,0.04229741763134465
Sweden,1987,-0.0977770751693332,0.05563152344408939,0.08864385131042102,0.0540663960914205,5.848,0.004498187614391025,0.04337602316050737,0.04228961982058954
Sweden,1988,0.4686925128667878,0.14425368677175854,0.13697458556552328,0.147169482904685,6.157,0.10792979055555363,0.03477923977199593,0.05819672131147535
Sweden,1989,0.19401255037413234,0.14018520163505088,0.22055497906243085,0.14076152660929497,6.227,-0.04426925168054119,0.025659098331931807,0.064291247095275
Sweden,1990,-0.3604325845307512,-0.20014155324599114,-0.12624173957120413,-0.2018364300398724,5.698,0.036161672574258175,-0.004981425557683106,0.10480349344978168
Sweden,1991,-0.006741210966449418,-0.0167705866160206,0.05296570595081482,-0.016677200280709292,5.5295,0.16910871664922467,-0.012453872662202659,0.09321475625823461
Sweden,1992,0.0026207124751296274,0.24710968144290013,0.007736685834439878,0.24526591676518295,7.043,0.08795585867363154,0.053868042810412575,0.022898463392588164
Sweden,1993,0.49677634406955407,0.3296994626734522,0.14429922314051574,0.3308822530371558,8.3035,0.2386360617714669,0.0028369450098169047,0.04653902798232701
Sweden,1994,0.04256628749620739,-0.0819832880505329,-0.021926224789081027,-0.08088991779919064,7.4615,-0.13481808557010688,0.024906933480010274,0.021953278919223163
Sweden,1995,0.17651638247747115,0.06278191148543644,0.1898321912151241,0.0638603102693327,6.6582,0.24105426844428557,0.03390457329752783,0.025337372624621324
Sweden,1996,0.41981683712113993,0.23132435636513637,0.19542577386379134,0.23302331780599328,6.871,0.21967867016792297,0.01897813270545834,0.004566210045662045
Sweden,1997,0.27237972474478656,0.3756150509213152,0.22777598907865065,0.3744623740139048,7.877,0.13237146732020877,0.018266723283190123,0.005347593582887722
Sweden,1998,0.13269256764291515,0.24927114005305828,0.18147039064926854,0.2479593420106756,8.061,0.21557302816662305,0.01987145460058426,-0.0015957446808511078
Sweden,1999,0.6894711128032092,0.28369748150042384,0.22175411829661074,0.28786670055704455,8.525,-0.059734044758522065,0.025810523205540337,0.004794885455514208
Sweden,2000,-0.11669841831235561,0.03244738545957104,-0.052492870343786344,0.03069909593428255,9.535,0.13304767955410468,0.029448103849172513,0.009809119830328727
Sweden,2001,-0.16871848338112228,-0.08621069448993868,-0.16124656661885395,-0.08709695759646874,10.6675,-0.020550322075740146,0.01517016712054886,0.02441585718036232
Sweden,2002,-0.37253785912439086,-0.33122188425288634,-0.22930591180496235,-0.331616123496444,8.825,0.09534545868590327,0.018735011137659408,0.021527421834956373
Sweden,2003,0.329258471015871,0.015697773335228593,0.17440875090150124,0.018249153607786672,7.1892,0.01965639460579749,0.010802051893690212,0.019317611640742527
Sweden,2004,0.20905152160551932,0.07547739115332042,0.12135959614383135,0.07657185085859397,6.6146,0.11828958176080073,0.01733581148921104,0.0036918533103618145
Sweden,2005,0.36365660187788973,0.28924069640413386,0.10222790276320065,0.28990430014030655,7.9584,0.09944058760131358,0.012449515925723409,0.004659146640510148
Sweden,2006,0.24099528457984687,0.04148114953828386,0.1548541224739112,0.043552678531975975,6.8644,-0.022163327984052517,0.009518030961823465,0.013668537954600879
Sweden,2007,-0.04906070338119739,0.006096391017493152,0.0424283900324687,0.005485277490197893,6.4136,-0.03202618112125766,0.01332123741388136,0.02191187093667235
Sweden,2008,-0.41288660558318224,-0.26787989726026484,-0.39462796949041534,-0.2693288989497,7.8106,0.207905611307583,0.004493896812540088,0.034401508011310034
Sweden,2009,0.5266003792228191,0.16161791496085232,0.23559496695492507,0.16510633684559783,7.1165,-0.04846717469486117,0.006743585400056817,-0.0027334851936217097
Sweden,2010,0.2488651589251445,0.03978825912200623,0.09459508791885209,0.04214751610157674,6.7097,0.018258603478760405,-0.00765168758984669,0.012791228871630977
Sweden,2011,-0.15910616078219564,-0.020788853558436737,-0.04700294040715648,-0.022657962904246376,6.8877,0.1751124363613652,-0.009374559839348207,0.02616147947677039
Sweden,2012,0.1554830363892783,0.07529024243756766,0.12787921950727424,0.07634769340685499,6.5045,0.015202403555508504,0.003709513255778507,0.00879120879120876
Sweden,2013,0.2782070112155639,0.27929352362666426,0.2967738170903916,0.27928059283662865,6.4238,-0.0728362425252368,0.009689952168084215,-0.0004357298474944038
Sweden,2014,0.15875779960353298,0.30161011660727444,0.10402051754842906,0.29994420690228796,7.7366,0.19023037534613785,0.0059624090160377285,-0.0017436791630339732
Sweden,2015,0.10239405717168548,0.11314306767421467,0.03966265031379629,0.11301846504911373,8.4408,0.00472861021478832,-0.0024560580132614307,-0.0004366812227074579
Sweden,2016,0.08602478690227855,0.09453082319411266,0.03691293414889263,0.09442370730206884,9.0622,0.051032941897220185,-0.01622018170019468,0.009829619921362998
Sweden,2017,0.08885108580740786,0.09026928929306122,0.16308503055880713,0.09025150015043892,8.208,0.00023802044918985743,-0.0244644815129621,0.01795370971230792
Sweden,2018,-0.05879999845660988,0.06593714297078823,-0.009782012729651936,0.06442788295959767,8.9562,0.010159648615570394,-0.025901156315131235,0.019549511262218378
Sweden,2019,0.3149309923886079,0.17153055191943478,0.1324976755875872,0.17326213565141946,9.2993,0.03901666034254059,-0.021742420966421094,0.01792413505627355
Sweden,2020,0.15990024630189814,-0.026685617227220737,0.06670511901197756,-0.024426747465720156,8.1772,0.01296477802188889,-0.006233374083129517,0.004914004914004844
Sweden,2021,0.36305186029936176,0.12136349836524296,0.17122927569930005,0.12434837260680132,7.630096555541338,-0.03673727046736808,-0.0215896425011054,0.021631969999999997
Sweden,2022,-0.2829919999524144,-0.06580728566804306,-0.14054043418800596,-0.06849248503913274,8.997607621438577,-0.13287242969966462,-0.06801414064801803,0.08369291000000001
Sweden,2023,0.09466245168370602,0.16600934797299383,0.15934379659883463,0.16513651478473745,9.43841593576683,-0.10979987079523112,-0.044701211093185145,0.08548625
Sweden,2024,0.05831690860539518,0.15187073538394613,0.1657205521765475,0.1507505198655814,9.391502333382935,0.011911922587240387,0.006558902682166634,0.02835037
Sweden,2025,0.11856875531700806,0.1246476833229817,0.17152610826214998,0.12459637077366614,8.72548917287056,0.0012990878557619379,0.01600714244789958,0.008359053
Switzerland,1901,0.018894261618576547,0.05193134143014455,0.06646627195652796,0.05127191708894574,5.17617,0.08628952339248497,0.025502591844318356,0.012674183420336549
Switzerland,1902,0.07789999859348473,0.04996443503924586,0.04824838405992072,0.05029001865343696,5.1852621,0.03312077908551725,0.030650311780752615,0.0062578806699455924
Switzerland,1903,0.05550043143241923,-0.05878973873566573,-0.05009155791400457,-0.057707688124119194,5.1774192,0.008857071156855634,0.016471903441211078,0.019900299864776816
Switzerland,1904,0.1426810771226883,0.18349782814969995,0.18105438066715465,0.18306733876326575,5.180187999999999,0.022632785141468048,0.0364999994635582,0.0
Switzerland,1905,0.03868125494883756,0.103832756519467,0.14067324884343405,0.1031246801335568,5.179064,-0.00040436697144685674,0.0022756678119104645,0.03414662527562262
Switzerland,1906,0.03865574332171118,0.08810859855308473,0.08969267102066307,0.08712826349355662,5.1914529,0.008523296009897319,0.008458760171607071,0.028301841812919726
Switzerland,1907,-0.09712263883056416,-0.14828503241448177,-0.14562500263771233,-0.14762775226944191,5.1906876,-0.03336212700856611,0.009069973174185675,0.028669989567636556
Switzerland,1908,0.07667112633650786,0.1610582346882765,0.18633293244753854,0.15978378987239616,5.1701745,0.012662152196234233,0.025777253931591693,0.013377902301648259
Switzerland,1909,0.09771760561925213,0.13301682328137132,0.15754070238520748,0.13250346280621295,5.1681672,0.029987615164803083,0.022625031324206013,0.016501620806097517
Switzerland,1910,0.020029223761106163,-0.046128609353095706,-0.03761609801823288,-0.04523177403591083,5.193867200000001,-0.03242786184813973,-0.0025980583978253424,0.042207718332834654
Switzerland,1911,0.01333432485564634,0.02728018944804389,0.040857075685809124,0.027061551716685672,5.1986561,-0.0049796691294118345,0.01525234748289761,0.023883376773430776
Switzerland,1912,-0.027778447545309892,0.029273145795578825,0.040598182218778076,0.028371501868430293,5.199355499999999,-0.040719720728639386,0.0033659965659671442,0.0365111062815997
Switzerland,1913,0.06935610878808074,-0.01982060317418388,-0.04632399884798892,-0.01839186846233931,5.1978524,0.05612719880329653,0.06441325440917067,-0.02152665413905641
Switzerland,1914,0.04160924985888603,-0.07226674781057563,-0.0507491373191109,-0.07043838740545472,5.114616,0.0031562440426082805,0.023083684661052706,0.01800078921747783
Switzerland,1916,-0.19159740365321565,-0.0771430498067397,-0.018821893783959168,-0.07702871773707798,5.2202,-0.22981552659689353,-0.22238766370406304,0.3399993168796651
Switzerland,1917,-0.23371074737664532,-0.33879915888070633,-0.24878114267820314,-0.3371375297292427,4.7687,-0.20574423955412102,-0.1834621812267896,0.2761197037992511
Switzerland,1918,-0.11938779050788795,-0.11085079716809998,-0.05648454376647187,-0.11100477990755364,4.3793,-0.16298384150928158,-0.12655866887221712,0.19298224425483834
Switzerland,1919,-0.14484616977838805,0.17035336180624827,0.055603538329053105,0.1649162422972763,5.2679,-0.08013406481258989,-0.04248644670060653,0.08823524830874674
Switzerland,1920,-0.1605990883585462,-0.18012874839074244,-0.2772105864469583,-0.17985829770974138,5.9161,-0.053353654663173655,0.033687342936636666,0.009009163735351988
Switzerland,1921,-0.027809052143849322,0.2007459856638587,0.22881721647858644,0.19776603551723215,5.7624,0.3495002725474634,0.1709600654027139,-0.10714290780141844
Switzerland,1922,0.5512617850090966,0.41900358105515,0.4108433638233419,0.4203245253598309,5.2452,0.48448332985713205,0.2725608138299962,-0.17999989673758288
Switzerland,1923,0.14259107410907745,1.1917422889244733,0.23878387901804118,1.1805003866982933,5.5371,-0.0005320432246662676,0.039500001817941666,0.0
Switzerland,1924,0.08768781879752519,0.11047033489563307,0.17083464495344852,0.11017294999683469,5.4876,0.006387673584249409,0.010201390089055629,0.030487595192001837
Switzerland,1925,0.1821010333856723,0.14922264494090443,0.16220884068797825,0.14960379189056838,5.1742,0.08642168579260434,0.049711167298771786,-0.0059170262677613605
Switzerland,1926,0.2619705533198706,0.19673819028702932,0.1603267585547618,0.1975275270836796,5.1779,0.09373458040711502,0.08059274338865197,-0.03571442080378251
Switzerland,1927,0.2767530648893841,0.28731376474516535,0.2591922573052037,0.28716286158434,5.1916,0.06407476726496286,0.055024701976365664,-0.012345400556224573
Switzerland,1928,0.20362124130388382,0.305527105993199,0.3261465068378038,0.30398444635016464,5.1922,0.04091081886326409,0.0355280966312288,0.006249857269523984
Switzerland,1929,-0.061824049800634384,-0.07062796673288607,-0.07315994547259147,-0.07051814194595152,5.1869,0.04743756353855133,0.041999999433755875,0.0
Switzerland,1930,-0.03764247860301506,-0.19629594866399347,-0.18682998360232075,-0.194218900134135,5.1594,0.07887295325461441,0.06076590012272454,-0.018633610854147498
Switzerland,1931,-0.2636198736371338,-0.32562757620423854,-0.29254004190388283,-0.32461439717296725,5.1544,0.11580109930190718,0.09072650704165941,-0.050632771389372166
Switzerland,1932,0.14304203455397402,0.022813615360249173,0.10570527310127488,0.02475903528047163,5.1533,0.13974916436395501,0.11978297056765275,-0.08000029654844087
Switzerland,1933,0.15394046660626404,0.229514197530289,0.39194984170614666,0.2281779727360318,4.0265,0.09271552608526679,0.08491527868973692,-0.05072465019417838
Switzerland,1934,-0.05808812793180029,-0.11964714101803187,0.015260612845002554,-0.11876941370041005,3.0896,0.05001812629660041,0.04636637146661471,-0.015266833050771367
Switzerland,1935,-0.10632446936533146,0.2749803345443329,0.276927769039286,0.2695578125219842,3.0772,0.04582553563456626,0.03820625691368695,-0.007751761372102872
Switzerland,1936,0.501703704768379,0.3518579712541845,0.25902998202436844,0.3534290035687915,3.3125,0.038121267379764845,0.0141870211514874,0.015624641234581294
Switzerland,1937,0.02277538724855188,-0.034525539104134806,-0.24105480148941513,-0.033762524364790214,4.3596,-0.012065651154662071,-0.02285706306978985,0.053846158546309475
Switzerland,1938,0.017958728596568108,0.04162567694419672,0.05600554444452081,0.041189357844711116,4.3723,0.05638665333390236,0.02645833045244217,0.0
Switzerland,1939,-0.17101904145598779,0.004292923876124899,0.019394620628595895,0.001375134088588137,4.4396,0.0099502929396178,0.01740716910876916,0.007299105020374341
Switzerland,1940,-0.05299289629509252,-0.14890210664621129,-0.08951287135016647,-0.1474092668884187,4.4099,-0.06994202564524721,-0.062399830376455134,0.09420308624600748
Switzerland,1941,0.16860894916176905,-0.1064750524809871,-0.06086485562916793,-0.10242330804663613,4.3086,-0.07926999045417094,-0.10940391943249328,0.15231811768864723
Switzerland,1942,-0.04049531454427435,0.04435327010451773,0.04223151703801292,0.0429202964697466,4.3,-0.06752672518422376,-0.0758765115830271,0.10919519240952891
Switzerland,1943,-0.06446691277392436,0.10849758462919401,0.10711125030172698,0.10595931663613523,4.297,-0.017289390475705102,-0.02558774150437093,0.051813533344418294
Switzerland,1944,0.030342467227819636,0.10650392806532194,0.1290876896438499,0.10553168443871352,4.29,0.004835312468115749,0.00014927906436335014,0.024630374174614778
Switzerland,1945,0.14941219069083522,0.22388512447889442,0.20793182765762305,0.22292140206486466,4.29,0.01624141037566651,0.014874750600448738,0.009615549855245487
Switzerland,1946,0.08624509511292788,-0.27008764132373897,-0.06920924402742287,-0.2659950163932504,3.6,0.04348567843885576,0.03403983618512618,-0.009523971631205663
Switzerland,1947,0.0531141297882356,0.051346568565827644,-0.10375347002677127,0.051371869519936775,4.14,-0.01268936694798295,-0.019316900254973346,0.043269401517087136
Switzerland,1948,-0.08168035107006189,-0.04828471553614322,-0.10418708267685349,-0.0488395474319665,3.99,-0.007948501430812938,-0.008598648833982092,0.03215849919926783
Switzerland,1949,0.14979486416171817,0.11872637924205987,0.07570381506379077,0.11930350631604436,4.3,0.05219512513279034,0.031918615362987346,-0.007980556989894083
Switzerland,1950,0.11404867993496581,0.2506636112534735,0.19196163405691427,0.24813039179775376,4.29,0.07403943912025146,0.03921025796794675,-0.015470332204238102
Switzerland,1951,0.14083904271332748,0.1819185944787025,0.1348543173797916,0.18122501787243128,4.36,-0.03931263420107867,-0.023544147658333237,0.04776882377355296
Switzerland,1952,0.05705456560416389,0.10606141687236859,0.08598213430108566,0.10514610379335143,4.28,-0.0033260731889989126,-0.0020271606232771244,0.025194905292108327
Switzerland,1953,0.11191201304414733,0.0948130107867835,0.06432333927037945,0.09514350837850793,4.29,0.04536085228465403,0.029744453621671108,-0.006436337723835117
Switzerland,1954,0.2525760741060219,0.46807827544792846,0.46709387016610576,0.4638750438750472,4.28,0.02430865184701836,0.015920514481603698,0.00706697550732116
Switzerland,1955,0.05006514917286098,0.2607449839579752,0.2616664263019495,0.25701632902642224,4.28,0.005380294661410323,0.013698534466550782,0.00935662438533269
Switzerland,1956,0.006040127072067802,0.032575630389734433,0.026027729713008912,0.03216073819679455,4.28,0.005768564968128498,0.00811399248871103,0.015063779651429465
Switzerland,1957,-0.11979311589982944,-0.08034110220913837,-0.08998134756995527,-0.08093813325038945,4.28,-0.01145897761336101,0.004751732515357432,0.01959681926773249
Switzerland,1958,0.20548430244653915,0.31711244295743835,0.2956977027254446,0.3153626490628245,4.307999999,0.009510514676312587,0.009920710590882509,0.018380273377176737
Switzerland,1959,0.3003598211272447,0.24750523303195915,0.22239112586070092,0.24821742306223338,4.322999999,0.07217213103853015,0.034095984610799546,-0.006459085051341851
Switzerland,1960,0.42411800137617406,0.016253132264083314,0.014443850014357109,0.021960480610017985,4.304999999,0.04345854907645563,0.012534472460502544,0.014385216964103886
Switzerland,1961,0.46683375502984004,0.1840291059241681,0.17597849829353435,0.1891340927168259,4.315999999,0.017857345992122742,0.008669641905944214,0.01845370063436569
Switzerland,1962,-0.21118612672871173,-0.11736055534374967,-0.09728268727401614,-0.11936764489445084,4.318999999,-0.019202387650766206,-0.014992403854395375,0.04315608787770775
Switzerland,1963,-0.0347784981605731,0.14106289516831927,0.15315847190345971,0.13804842214361557,4.314999999,-0.021567632689978855,-0.006337512964739722,0.03439717595193281
Switzerland,1964,-0.09713762689658412,0.06276820370127845,0.07337002335382992,0.06046628681606592,4.314999999,-0.009680206993658902,-0.001071913905066224,0.030813272668675173
Switzerland,1965,-0.10070301136200255,0.05496854411620866,0.06335376114521621,0.05302297265232525,4.317999999,0.011491904027887356,-0.002186982308547636,0.03414498594178883
Switzerland,1966,-0.16101768769397817,-0.10163097274683197,-0.09179031065614973,-0.1022201762035243,4.326999999,-0.024001459445482487,-0.013873624708899968,0.04776124621920719
Switzerland,1967,0.41500399566952595,0.14193200530438776,0.1829971183662579,0.14453398825865316,4.324999999,0.014745394081504326,-0.00432432727911547,0.04021490116990112
Switzerland,1968,0.36208515520117457,0.17207896559513203,0.15956869068417834,0.17398911714107523,4.301999999,0.03453309367530322,0.011637434145620462,0.024123499762094047
Switzerland,1969,0.019468681389020137,-0.07250213214957346,-0.09952166645725959,-0.07140409752121779,4.317999999,-0.02050452669916858,0.03669658453052982,0.024890036153784934
Switzerland,1970,-0.13767935197106518,-0.033666870145475425,-0.053565138364918,-0.03494687444195754,4.315999999,0.0005389796317893936,0.0302459893505862,0.03616030901038103
Switzerland,1971,0.08376620733461215,0.0256151593309919,0.10100283780597771,0.026222289378737385,3.914999999,0.034681489196784376,-0.05088542025652598,0.0657301253297986
Switzerland,1972,0.1319044129939011,0.12856167808340624,0.19886742792790374,0.1285967520106972,3.773999999,-0.026574134534233074,-0.03722281189316001,0.06660192363871431
Switzerland,1973,-0.2643914466196938,-0.25561277718869524,-0.15518096256505268,-0.2557006280973748,3.243999999,-0.08326754479834175,-0.04703278197627381,0.08755052838582866
Switzerland,1974,-0.39087197777335236,-0.46124929027067585,-0.3366384570323923,-0.4605400189910507,2.539999999,-0.07189003967086138,-0.03458910495944045,0.09766733157350527
Switzerland,1975,0.37545930814863837,0.2778635151769975,0.22055915110086466,0.27890856203010617,2.619999999,0.07053628309610915,-0.036987777330048655,0.06696465077280611
Switzerland,1976,0.0606559400222062,0.043132345752113554,0.06481675779880804,0.043347204867143496,2.4495,0.12133064225464363,-0.002023895578572854,0.01715862326650952
Switzerland,1977,0.06720109422307519,-0.14029014745665336,-0.06462226362071896,-0.1376197715695865,1.999999999,0.06856857401546712,0.011697049171518703,0.01285261405208038
Switzerland,1978,-0.015512307757944765,-0.06533617115669976,0.029447470367402084,-0.06453924622653107,1.619999999,0.06530372517884087,-0.003916666017093284,0.010558018212471154
Switzerland,1979,0.07025020174328778,0.05465489332290252,0.05636797827568498,0.05489860200866348,1.579999999,-0.05540818265464431,-0.02552857987394097,0.03647643826703573
Switzerland,1980,0.019656756738828385,0.37079308034312386,0.11999311422506873,0.3651508378008179,1.763499999,-0.016863068486522415,-0.016642622778294536,0.04022032821781729
Switzerland,1981,-0.1727431327440131,-0.062129764948388955,-0.0550624068238076,-0.06374578586581336,1.798499999,-0.0431717648755503,-0.033393336306831056,0.06490230689600196
Switzerland,1982,0.07193577437788834,0.15521160113334953,0.08230720512173093,0.1540559879917891,1.994499999,0.047892197126741864,-0.041007970927824045,0.05655205636272265
Switzerland,1983,0.23625715000841563,0.3084900926041225,0.21161750639189664,0.30748228686338885,2.179499999,0.0030718141996401993,-0.01091951347286868,0.02967690326109862
Switzerland,1984,0.01559421957741347,0.2296986918711459,0.0856735955310729,0.22685591241456193,2.585,0.003354000924738809,0.0041343431749538695,0.02915180068816081
Switzerland,1985,0.5598677889729591,0.11257465765921215,0.24427676621317043,0.11880796660584259,2.076499999,0.0246620074862407,-0.012736278064446105,0.03442472110828976
Switzerland,1986,0.08893047721524816,0.07166793741648325,0.2486140485457693,0.07197373556002762,1.6235,0.06372835573202296,0.02106687577685995,0.007524604829468373
Switzerland,1987,-0.28516756024071466,-0.001161616765275042,0.09312380867275317,-0.005952881461280812,1.278,0.030603197544417426,-0.008723605916304833,0.01447487928236768
Switzerland,1988,0.21353508210197325,0.3336601904381604,0.1390089249348288,0.3321339676289754,1.504,0.01026480839020949,0.029605101481911866,0.018594407411534286
Switzerland,1989,0.18831499376386462,0.1966813390563149,0.22068499509429887,0.19657428405532706,1.5465,-0.10883393120953133,0.06328348856908717,0.031592241214886574
Switzerland,1990,-0.2345620317817778,-0.23415761307970895,-0.12735283351878682,-0.23416276286764348,1.2955,-0.048553116715276734,0.03167971108637002,0.054106218067169864
Switzerland,1991,0.11172996618597963,0.09483041914457258,0.05163177759430192,0.0950491864304377,1.3555,0.02820678687478595,0.016235201002404276,0.058440999999999965
Switzerland,1992,0.1305815162070325,0.03114209193986417,0.006173481259449769,0.03236072449533056,1.456,0.09602167279881657,0.02231890402950598,0.040526585799302905
Switzerland,1993,0.4596712275598267,0.1575736014060316,0.14224493714410275,0.16190348348444283,1.4795,0.1440177976628758,0.007812900355777197,0.033177885767831095
Switzerland,1994,-0.08391733868428852,-0.08110519510746705,-0.020296124453084635,-0.08115222298850067,1.3115,-0.03059057186834857,0.026353517737020438,0.008424468043969568
Switzerland,1995,0.20870555109691669,0.050817019763203186,0.18940520604973626,0.05327716011899364,1.1505,0.1350830223941526,-0.0006029674499548054,0.018113889610287703
Switzerland,1996,0.1733670135111065,0.39688264239198445,0.19783502286644233,0.3933499618080587,1.3464,0.04253647271648742,0.006820451244941461,0.008124138131747616
Switzerland,1997,0.5438748661722566,0.2920497290311235,0.22311285797061892,0.29610166979431796,1.4553,0.08318481449187565,0.004786557254658597,0.005188606957549746
Switzerland,1998,0.1534413978474487,0.15134550703917848,0.18150391406073924,0.15138900406828926,1.3765,0.11411883584999671,0.008563286008175464,0.0001851287189091888
Switzerland,1999,0.10795494967713015,0.41682968165793444,0.22902758132854967,0.4105339683649585,1.5996,-0.05873034075153605,0.002835761720247243,0.008078828460994059
Switzerland,2000,0.10190023440303642,-0.06578136263852274,-0.0562340281095542,-0.06261239069281987,1.6365,0.0306289805494131,0.019084204628125656,0.015617743311695964
Switzerland,2001,-0.2279184194715015,-0.14993369375103038,-0.15982821042955458,-0.15165008121198043,1.6773,0.027976715758963433,0.006534523520416169,0.009900779513575042
Switzerland,2002,-0.26423375222714207,-0.3231461853377352,-0.22998719315554336,-0.3219670518243294,1.3868,0.1301600676509238,-0.002000129767446013,0.006412956488774713
Switzerland,2003,0.21292165523300755,0.12751456362726787,0.17492638636810257,0.1291832338270802,1.2369,-0.008843441646684935,-0.0054271041211628734,0.006361629330459584
Switzerland,2004,0.0604174257809027,0.0660010218032201,0.12323450221713125,0.06589823431312514,1.1316,0.052528370214782294,-0.0024858382364949527,0.008005739179255844
Switzerland,2005,0.34036267113741747,0.23466535721084747,0.10040762676636328,0.2364940721811677,1.3143,0.05268266529017107,-0.005364659277438899,0.011727573722808415
Switzerland,2006,0.19397171711628491,0.12531570214932564,0.15495636186050174,0.12670966780533188,1.2203,-0.03168557829514329,0.008674453562724116,0.010633308865508617
Switzerland,2007,-0.007826090818118692,0.007232085556682533,0.04248797473569309,0.006910882705819299,1.1255,-0.021134202747329467,0.012563914676543941,0.007343817776477524
Switzerland,2008,-0.3561015931616913,-0.42884849437885064,-0.395619025468879,-0.42735995084349865,1.0637,0.08318484369352874,-0.02361086876004337,0.0242842407794992
Switzerland,2009,0.2377442438219457,0.24147484077981174,0.2383906049527565,0.24139246455710506,1.0305,0.047528098148167386,0.005316050085752755,-0.004790583082398103
Switzerland,2010,0.02215839341245185,0.013568845742786717,0.09794164360100835,0.013750846991692933,0.9396,0.045121152861214986,-0.006432399955398571,0.006876633200385118
Switzerland,2011,-0.07931305849416259,-0.022757963884696086,-0.0478919627764654,-0.02388443799785611,0.9409,0.11607069220095378,-0.001579454506640765,0.0022830604718324654
Switzerland,2012,0.185440191656697,0.12671794455982544,0.1270668708610065,0.12790131862762766,0.9166,0.04912548174426057,0.006777901510733875,-0.006930924382836268
Switzerland,2013,0.24869475493408055,0.2623183829386462,0.29750446378375545,0.2620527711930152,0.8915,-0.03838257704077541,0.0022614012313086906,-0.002156524466750409
Switzerland,2014,0.13014470867723027,0.19681894905292086,0.10417636937512412,0.1955801684244407,0.9891,0.09719694265338119,-0.01988446076489092,-0.00011788282447233733
Switzerland,2015,0.03860873465389503,0.03454240253636387,0.04042465702931357,0.034620382021585794,0.9921,0.054133132328461064,0.0014326889025313427,-0.011416332625953207
Switzerland,2016,-0.003572528438546163,0.060055524325977494,0.03836185547800641,0.05879544829010985,1.016,0.0019326410346778289,-0.004677326945151439,-0.0043429866232037595
Switzerland,2017,0.1941350902377259,0.16956154550936064,0.16156936670756222,0.17000261082016976,0.9753,6.700038122775531e-05,-0.01524886069162712,0.005330139242401444
Switzerland,2018,-0.09901794651750073,-0.004195089564862142,-0.009489578539426419,-0.005132986030688347,0.9847,-0.0008436004163282496,-0.018668657545662937,0.009343080312437468
Switzerland,2019,0.2943257164145894,0.125199214401561,0.1330935779391374,0.1268849076992693,0.9682,0.022823194843825778,-0.013562383226074282,0.003611361900131893
Switzerland,2020,0.04760144498330665,0.021172933000069394,0.0680360730105744,0.021435093053840726,0.8806,-0.001793090699146016,-0.0012530446212520863,-0.0072560475300770255
Switzerland,2021,0.1989514820344478,0.1924463371301124,0.1733382808237885,0.1925123664968318,0.8579994829508036,-0.03439375312967874,-0.013097091263243543,0.005818141999999999
Switzerland,2022,-0.07792263800400034,-0.13094036514125418,-0.14296145755013662,-0.13040250448294377,0.8962976187177778,-0.11738394334855429,-0.029294097143630737,0.02835028
Switzerland,2023,0.006474857415115887,0.11211415407860792,0.16011864444874946,0.11103735554816141,0.8435977998768119,0.05070958652643531,-0.006014927184747609,0.02135401
Switzerland,2024,0.1407257088068914,0.1525165340771928,0.16466736159504095,0.1524058466835172,0.826107829906586,0.04588125056540582,0.0012909730019552423,0.01131472
Switzerland,2025,0.10161042076751681,0.14903688915423707,0.17154120891353797,0.14864105087513524,0.7798482763250719,0.01700492008162713,-0.0021155113124988745,0.008729184
UK,1872,0.015377270970440504,0.08531562233274448,0.11324674614873832,0.04793257295520248,0.1837,-0.02940189435636842,-0.007640877932509116,0.04699999999999971
UK,1873,0.018137729769187816,0.004996724146881348,0.009195235619321644,0.01193719184098252,0.1803,0.01256648405562566,0.013482056348562033,0.030999999999999917
UK,1874,0.06690796294404655,0.08904953849429198,0.05453606231336095,0.07688000778958015,0.1845,0.06363247929770788,0.06938986537251868,-0.03299999999999992
UK,1875,0.09612640225073155,0.09220331869972376,0.10752919964717889,0.09433648710577947,0.1789,0.07777652223418885,0.04892966275793609,-0.01900000000000024
UK,1876,0.07161484755867109,0.0602346960849065,0.029764665433318283,0.0662464332562851,0.1844,0.036398142665893696,0.02196589725067777,-0.0030000000000001137
UK,1877,0.09637463380923084,0.047742812894564945,0.04221893231977835,0.07424461048365694,0.197,0.05191124950170756,0.030614299461440675,-0.007000000000000006
UK,1878,0.02781186000289737,0.11016749631637035,0.1144850527326983,0.06861968853094425,0.2045,0.0459928017239144,0.055521471521118304,-0.02200000000000013
UK,1879,0.2097280301060136,0.23277585152541258,0.19216381431725618,0.22122015990469346,0.206,0.11252736596382795,0.0644351463437578,-0.04399999999999993
UK,1880,0.10495145459776967,0.17960631098168345,0.1911807662954194,0.15099659106270158,0.2064,0.014494559573895893,-0.00660194203402209,0.029999999999999805
UK,1881,0.1797775603883549,0.2434858218663758,0.2425575273145869,0.21245094142058352,0.207,0.04724401485690932,0.04004044473713653,-0.01100000000000001
UK,1882,0.005544554036442273,-0.13160735688625746,-0.12426496377931559,-0.06134311129020864,0.2053,0.035323875522849324,0.023564354913069296,0.010000000000000231
UK,1883,0.008140703607070199,-0.0038390425806821282,-0.01612063147217546,0.0022860612778745626,0.2062,0.03181748833488607,0.035477387620576506,-0.0050000000000003375
UK,1884,0.0626927010508258,0.0788388931761459,0.05512471087113677,0.07065888992772251,0.206,0.046463470036912424,0.05241521090299717,-0.026999999999999913
UK,1885,0.061443300898542,0.04527779283247124,0.03967514651199453,0.05358590053198209,0.2059,0.06901809112312862,0.052886597120884726,-0.029999999999999916
UK,1886,0.043191058485488654,0.06999477377889418,0.05991519526019418,0.056183072177113935,0.2057,0.051829268444117726,0.03790650325940881,-0.016000000000000125
UK,1887,0.0368844222782847,0.010233223244161316,-0.001256406359052751,0.016014892032316208,0.2061,0.04702617505087958,0.029145728852880914,-0.0050000000000002265
UK,1888,0.12820259094711806,0.06547229872148685,0.0750316247245061,0.07911813083609442,0.2053,0.0018367005850614682,0.016683218022207402,0.006999999999999895
UK,1889,0.07712031909699979,0.09125521072042964,0.09653435215518907,0.08383280383445224,0.2054,0.023695420260730238,0.012721894349337015,0.014000000000000012
UK,1890,0.04011975957485947,-0.043123943743361925,-0.04820132702312412,-0.024347732487029816,0.2057,0.009811651883665284,0.0345309392777744,0.002000000000000224
UK,1891,-0.011022841063991096,0.07670410454764132,0.08141655818025263,0.05724893495217942,0.2057,0.01797874968835611,0.01916583915275294,0.006999999999999895
UK,1892,0.0002988049263261683,0.0628147512489321,0.09955561949216275,0.04916947362740354,0.2052,0.04699312779770426,0.010258964066248932,0.0040000000000000036
UK,1893,0.006143000377820229,-0.0430342654543755,-0.013725896693768246,-0.03295016993530986,0.2056,0.042599869518721745,0.028499495676997055,-0.006999999999999895
UK,1894,0.1301020426409587,0.10146580692472495,0.1023750079729062,0.10736888803796218,0.205,0.10170263416913095,0.030306122740920927,-0.02000000000000013
UK,1895,0.13454545387113903,0.08571794034678781,0.09441257375260087,0.09622715250999314,0.2046,0.07193143304550254,0.01818181856563572,-0.009999999999999787
UK,1896,0.1254764323607609,0.10634410343245304,0.08255316866226346,0.11038056763083226,0.2053,0.07175657299600369,0.01775325995420607,-0.0029999999999998916
UK,1897,0.0525123165746042,0.07553976066988466,0.08975412094331779,0.07057503036987334,0.2056,0.022859358141575026,0.0027586202609715116,0.014999999999999902
UK,1898,0.04925224737655132,0.11536514414420895,0.11212515466913818,0.10146667236497486,0.2063,-0.00022769812958778335,0.023529411283352397,0.0029999999999998916
UK,1899,0.03942403253519333,0.06550442583623872,0.06846132906198328,0.056303865183106705,0.2056,-0.06996632403626546,0.024627608599468997,0.006999999999999673
UK,1900,0.04148430017830651,0.04169118382025139,0.07477685741270394,0.041624338859852505,0.2056,-0.052664632337446005,-0.013701235817002666,0.050999999999999934
UK,1901,0.043880593717394945,0.06663629204842314,0.07057696199612014,0.062323003260650545,0.2052,-0.020941505458817455,0.02646766017325497,0.004999999999999893
UK,1902,0.05889999866485596,0.05441625576341713,0.04521398303865502,0.05552358923599021,0.2053,0.019486257806420326,0.02969999983906746,0.0
UK,1903,0.012649401962994578,-0.05762897612786444,-0.06986894763072596,-0.03993375839811142,0.2056,-0.03150471817865319,0.02998007949723669,0.0040000000000000036
UK,1904,0.11342685106760975,0.20849025289640277,0.20442591723798298,0.18365206720882488,0.2054,0.04354461934977394,0.028857714606669083,-0.0019999999999998908
UK,1905,0.10498008381323043,0.14821609275927283,0.15081906580920212,0.13760088731249054,0.2056,0.03170316354686986,0.021513943578973738,0.0040000000000000036
UK,1906,0.09630001336336136,0.1225815635530052,0.08704687730769312,0.11794037596187734,0.2061,-0.010845726355910301,0.039900001138448715,0.0
UK,1907,-0.013438733872541575,-0.1691322640485905,-0.18233042254816054,-0.13472080092840555,0.2058,-0.011727628730520023,0.032312253394381374,0.01200000000000001
UK,1908,0.040479841072167844,0.2154552674714043,0.2317672878340202,0.17238039854544107,0.2055,0.0307913470031016,0.0181094524427432,0.0050000000000001155
UK,1909,0.10507647492992356,0.15469418017865655,0.17044921975840288,0.14423631872607467,0.2052,0.013114099478840346,0.017810945487141128,0.004999999999999893
UK,1910,0.0057655010811756835,-0.022102394555138516,-0.04690115953229123,-0.016775833058199296,0.2056,-0.02186541180278656,0.022398412759287556,0.008999999999999897
UK,1911,0.015020692562842441,0.05883391319681652,0.046765762945246425,0.05008346421805787,0.2057,0.0012487511519903016,0.028071928929377377,0.001000000000000112
UK,1912,0.004293221003800696,0.04100039256119281,0.04822178853626102,0.03372704569530671,0.2055,-0.02179905267667448,0.006019419258080472,0.03000000000000025
UK,1913,-0.03409935937947528,-0.03629813739405385,-0.04708249697770348,-0.03585580308355529,0.2054,-0.009210986635052931,0.047891564667225106,-0.004000000000000115
UK,1914,0.0023671033051437806,-0.06024204626528962,-0.06230198484837578,-0.0476215528228735,0.2028,0.04782536042968166,0.03219659063019753,-0.0030000000000001137
UK,1915,-0.08799999952316262,0.07023609153079069,0.11667600680922145,0.03686877378535436,0.2102,-0.0808888872464496,-0.07857777674992861,0.12499999999999978
UK,1916,-0.17418148232959896,-0.05079590895965369,0.013163231362352134,-0.07243133568918936,0.2098,-0.3251365791630888,-0.10922946564531466,0.18100000000000027
UK,1917,-0.12531858982559974,-0.29124626545141663,-0.27707900084729514,-0.2600461880902183,0.2099,-0.17680723443865398,-0.16301917034787494,0.252
UK,1918,-0.010047597474739045,-0.06716883676490593,-0.07273548239786592,-0.05339481347635777,0.2099,-0.07543671424271614,-0.1510655730962751,0.21999999999999975
UK,1919,-0.004944989780855891,0.04327397315771897,0.0734917096409355,0.030151591215209494,0.2259,-0.16826760384518935,-0.06012715668596014,0.1010000000000002
UK,1920,-0.3183678806964404,-0.19932596654814616,-0.26163377879282285,-0.22862152187256068,0.2729,-0.1970427101881499,-0.07963604793804768,0.15399999999999991
UK,1921,0.08594982273452745,0.15952243819572676,0.2639950496111154,0.14360347505158977,0.2598,0.27423318261912377,0.14420131337981745,-0.08599999999999974
UK,1922,0.46790697824123306,0.2509508139529757,0.39882832187690737,0.29309127743074304,0.2258,0.3484557354172997,0.19267441765513538,-0.14000000000000012
UK,1923,0.07353723191834494,1.4025986999063038,0.28064977535589364,1.1273268583487597,0.2186,0.10874536268888613,0.09170212786882459,-0.05999999999999983
UK,1924,0.21018871259833372,0.20195452366634914,0.15676964772414317,0.20395525149602367,0.2264,0.08108811328058141,0.04118831838365744,-0.006999999999999784
UK,1925,0.1477924712514831,0.09229731502976501,0.16695887478486562,0.10538305358217892,0.2071,0.00013823364513121383,0.03778663952115302,0.0029999999999998916
UK,1926,0.07451061898421885,0.18063459711300767,0.18795819429212002,0.15593743724948106,0.2058,0.037050921079372356,0.05352822556010195,-0.00800000000000023
UK,1927,0.11248106008670367,0.3468057965882423,0.2976418151711928,0.29846464708747744,0.2057,0.09804106387691403,0.06813524635966672,-0.02399999999999991
UK,1928,0.1681900429749561,0.3459616083589532,0.35766350018903426,0.31465086090582606,0.2055,0.06249876701485069,0.04463390012083934,-0.0030000000000000027
UK,1929,-0.13454906851444182,-0.04543847726162831,-0.06169284438560016,-0.05929095228059211,0.2059,-0.007027977786198791,0.06215943496835963,-0.009000000000000119
UK,1930,-0.021195235505025667,-0.2108884210882218,-0.21319270418795228,-0.18291241419008564,0.2057,0.16402033425162355,0.05432098838711452,-0.027999999999999914
UK,1931,-0.16542711489626616,-0.3030652808907687,-0.3161175617025678,-0.2810983505984499,0.2205,0.0392446116648435,0.08244514157032135,-0.04299999999999993
UK,1932,0.3781167582075209,0.21745168615505328,0.031218095397483693,0.25223000743981006,0.2852,0.4406383894307413,0.04199178627782052,-0.026000000000000023
UK,1933,0.2707772214760942,0.25739459606925097,0.4345666102014653,0.26122049615980836,0.236,0.05379092239749084,0.027477017591447828,-0.02100000000000002
UK,1934,0.14047059416770935,-0.12295338107790055,-0.03527117799733302,-0.04877756812628442,0.1985,0.2769678235054016,0.007300000172108412,0.0
UK,1935,0.1319845115771483,0.36877944533672835,0.33996728935708664,0.2908017259943527,0.204,-0.037924186579046726,-0.001489573018671253,0.006999999999999673
UK,1936,0.18368640616018217,0.28013351338361026,0.2958623376403526,0.25065315639857455,0.2012,-0.004285789049547906,-0.0011916584645093042,0.007000000000000117
UK,1937,-0.15902681173162259,-0.2843219003213353,-0.27002595321187206,-0.24765384618389463,0.2023,-0.12188981787609643,-0.02746615106351602,0.03400000000000003
UK,1938,-0.11210486504036632,0.10241444336001315,0.13551081192576478,0.03292819726578311,0.2045,-0.03721735614725952,-0.009744094604054565,0.016000000000000236
UK,1939,-0.009463825563860384,0.09085906530363141,0.024884264852897495,0.06556876207282247,0.2255,-0.01795689585520832,-0.014396887229110478,0.028000000000000025
UK,1940,-0.1856975519187647,-0.026868881145762025,-0.05406567886408302,-0.0689540238497679,0.2611,-0.007391092711932168,-0.13501712311799208,0.16800000000000015
UK,1941,0.10770156775140571,-0.1606327906187458,-0.11368962833354682,-0.09251058190156858,0.248,-0.002126882706738664,-0.08835740107706747,0.1080000000000001
UK,1942,0.10585411556628577,0.07108365699416197,0.013399112479389762,0.08140150557929648,0.2478,-0.04052916667263262,-0.056956115988344935,0.07099999999999995
UK,1943,0.07388782028533969,0.14901400394413233,0.11832588561256886,0.1257979903289992,0.2478,-0.037700102212379516,-0.023210831937637733,0.03400000000000003
UK,1944,0.0949367078741199,0.10873647136606102,0.14104454077385595,0.10478059593070088,0.2478,0.029454723015035933,-0.016553067403619615,0.026999999999999913
UK,1945,0.03561807757221769,0.2729161109974463,0.2795556525852174,0.2025050917438953,0.2481,0.11687606642682269,-0.018482490649251226,0.028000000000000025
UK,1946,0.14191319905474398,0.12471362942749398,-0.13675023711702647,0.12899257286835186,0.3333333333333333,0.07430652231989732,-0.025218234831967612,0.030999999999999917
UK,1947,-0.0895039567323489,0.1375452839351936,-0.10662617588902562,0.0696764902910676,0.4,-0.19938950616622642,-0.06065420543548661,0.07000000000000006
UK,1948,-0.10562565012341196,-0.2669052362592398,-0.10306120208174732,-0.21961430438159624,0.33003300330033003,-0.06502349411129615,-0.0667595170064722,0.07699999999999996
UK,1949,-0.0826910216694674,0.4105549417526728,0.13702484406228968,0.2759834612449128,0.42016806722689076,-0.11415115984497348,-0.02217898831307752,0.027999999999999803
UK,1950,0.06773530906501768,0.1338913059457052,0.22496980216059823,0.1193953435627424,0.3968253968253968,0.0014018661048977865,-0.03270346906631727,0.03918495297805635
UK,1951,-0.0075217318176235,0.22390583609103043,0.17072737085170106,0.17746168071358892,0.41841004184100417,-0.17178857239944811,-0.07785228234078145,0.09049773755656121
UK,1952,-0.09752588198651235,-0.05111844479991057,0.12437580307654818,-0.05926090267698714,0.37735849056603776,-0.10244046824635034,-0.07636750010773563,0.10650069156293251
UK,1953,0.20077737134098284,0.0029218011099367835,0.041886597580653266,0.032006089661664294,0.3717472118959108,0.09877941548033409,-0.012786489703543236,0.036250000000000115
UK,1954,0.4528661877760347,0.44934708132878654,0.4649728060022412,0.44994673691408815,0.3731343283582089,0.03687402865199263,-0.00490672228954514,0.022919179734619988
UK,1955,0.055125286415905306,0.22212111251478905,0.2986733549470238,0.19417839131316517,0.36900369003690037,-0.14456029840056184,-0.012570144485276491,0.050707547169811074
UK,1956,-0.1362345717060146,-0.013426154550553182,0.052338310101591325,-0.030764490669123234,0.3589890868606365,-0.07744291834056127,-0.0020229458260243582,0.05162738496071828
UK,1957,-0.04612559643033254,-0.13070340872543884,-0.09624891705219762,-0.12088880523916179,0.34972371838487926,-0.09772285433890016,0.009321375628445372,0.03842049092849509
UK,1958,0.4360978269910478,0.3036069814975102,0.27443850471874875,0.3198713824137527,0.3568242641772789,0.13753593853720414,0.01635244829983984,0.02877697841726623
UK,1959,0.5393956995531246,0.18581185200341976,0.17880026666639792,0.2295852725709433,0.3571428572704081,0.0038151866502043053,0.02764031624693364,0.005994005994006235
UK,1960,0.010364474440589744,0.035427947722071584,0.022060117379408536,0.0313914367447119,0.35665882029982837,-0.0783536664958071,0.040632808626872574,0.00794438927507457
UK,1961,-0.013931115881276823,0.20131647443249445,0.21676245484433065,0.16816196716130904,0.3561126741768857,-0.1084272701662915,0.018292937349556615,0.0325123152709359
UK,1962,-0.03665600901114785,-0.13065427934187734,-0.11022648690682399,-0.11722960676011562,0.3568242641772789,0.1974912759585259,-0.00027325834000935245,0.041984732824427384
UK,1963,0.17336804038206033,0.153131868883849,0.14539981679780337,0.15641445091279915,0.35757705798382927,0.01496253745972842,0.01531515609255818,0.021062271062270987
UK,1964,-0.08368505586058461,0.09113221084494194,0.10257287640379706,0.061419339225646574,0.3584100929566718,-0.05418907854541,0.013187226943742747,0.03228699551569525
UK,1965,0.06634703059991232,0.03460903320776132,0.060481436574314235,0.03905653072986315,0.3567860711990817,0.0012998190553239475,0.015853415060167686,0.042571676802779956
UK,1966,-0.07539090714775598,-0.09609494847423639,-0.09511547643707093,-0.0933256072792672,0.35839724763758773,0.002066234986369375,0.020384615717025767,0.040000000000000036
UK,1967,0.31245618329900204,0.35687393130860934,0.16518183044321177,0.3508341226632725,0.41557578041623067,0.0010345630044101828,0.0348815047255131,0.022435897435897356
UK,1968,0.42499680993425804,0.13120660198848189,0.11797228447637517,0.17295815184526142,0.41939271951828244,-0.060883507076384236,0.029165634780156324,0.03996865203761768
UK,1969,-0.16228961556039756,-0.0948515631706125,-0.08698919822698166,-0.10480318720918014,0.4165451744976653,-0.05179231341882862,0.023101793335254417,0.051996985681989294
UK,1970,-0.09392102974609173,-0.05211261012726698,-0.04807565646287694,-0.058062692736233434,0.4177632954913997,-0.028783166085864287,0.0047069301561930565,0.06518624641833837
UK,1971,0.33986833675111394,-0.01441635577730338,0.06353192604207344,0.0333935338514586,0.3917727719458463,0.15987804581507947,-0.03504941761768421,0.09414929388029569
UK,1972,0.08567236664645161,0.29527048015020774,0.21615529932525468,0.26637189589269417,0.42587624054592066,-0.105610658346308,-0.015590367567460683,0.07191149354640447
UK,1973,-0.3415498115907618,-0.09620615965126367,-0.12713341041976423,-0.12954981161110823,0.43044077153514154,-0.1658348045739192,0.00030791897016113623,0.09346330275229353
UK,1974,-0.5696518080613707,-0.32660799242169614,-0.3081785418938739,-0.3535700120997848,0.4258037046735379,-0.2721773704752751,-0.0376000934945927,0.15731515469323543
UK,1975,1.0342776659584465,0.19741349126959373,0.16632488369703383,0.25130442497759997,0.49419322979698205,0.10941426924799869,-0.10204113561225359,0.2270049841413686
UK,1976,-0.11526135551014083,0.19902819484508427,0.08550099635892519,0.16656755728996253,0.5874060153826398,-0.015344842145573745,-0.03897126225485792,0.15657311669128493
UK,1977,0.29247365474700926,-0.20837082792401396,-0.09348596303340004,-0.16871401321129786,0.5246589719436826,0.2663333356380464,-0.06335799977183332,0.14942528735632177
UK,1978,0.01110698040464042,0.018126871324307903,0.030918227861795218,0.017350911417007175,0.4915212585360144,-0.09348833731176576,0.009656244329963704,0.07472222222222236
UK,1979,0.000978529544918505,-0.08834397929253524,0.06293952800410177,-0.07918321918852023,0.44964028797196054,-0.06454774954183995,0.014613595161561799,0.11372447660894291
UK,1980,0.17089032329820153,0.016258526287385777,0.11314617971611825,0.030276355791023057,0.41928721191584367,0.034483427021927415,-0.0002981086668107924,0.15154328150382912
UK,1981,0.01625627052057732,0.09986380608839385,-0.06336957755778594,0.09294648019127116,0.5241090149497426,-0.016303804510345965,0.010466408341714972,0.11809754131398598
UK,1982,0.18851923111797575,0.20325391288495198,0.0713086463207144,0.20188936381461042,0.6193868074446496,0.42004195103131714,0.030237142638827486,0.08111031002162972
UK,1983,0.227228790587912,0.31537767686479357,0.21029941256002274,0.30672455318343594,0.6893699163721011,0.027572082948089882,0.04436100966823542,0.04934978326108719
UK,1984,0.26200429471626907,0.2827520305268847,0.0657347852350569,0.28074265174459967,0.8646779082271318,-0.004814158349602415,0.048360562919934624,0.04258023514458209
UK,1985,0.1450053426954485,0.09306201764190347,0.2630015239621768,0.09936884567029747,0.6922810665920949,0.1429258010269685,0.06364444126317559,0.04922279792746087
UK,1986,0.23122436059117812,0.3189184661920801,0.24748924368627667,0.30973158438786297,0.678195998643608,0.08916357783812767,0.06788150072286303,0.03326071169208422
UK,1987,0.05276802369730538,-0.031147045825626773,0.0908813548269234,-0.022033150971706994,0.5343307507347048,0.14237861760271153,0.05837948575262719,0.032049479898791366
UK,1988,0.07444893010498577,0.15883614235149346,0.14829245337319724,0.1493091470166248,0.5526388505111909,0.02996593272280723,0.058219477708382206,0.03759193680196127
UK,1989,0.2872601646622832,0.2854767138468084,0.2130269720034091,0.28565074644969046,0.6228589224540642,0.0282447087626454,0.07642140254439656,0.052375951693357736
UK,1990,-0.1550252864097329,-0.2599001641664296,-0.12592150054843967,-0.24982298595271568,0.5186721991701245,0.011574947790402579,0.06653396775355258,0.069726830485219
UK,1991,0.12342989778239466,0.054628755719422495,0.044277760932961874,0.06169730386451344,0.5345592558935158,0.10182748785041684,0.03057072101097469,0.07532649253731338
UK,1992,0.14988442148879555,0.1907946828105358,-0.00799837089102369,0.1867274446372782,0.6613756613756614,0.1511078821236551,0.04487226292514168,0.04261548471047538
UK,1993,0.24429255119198334,0.16771222168404742,0.13421630699057294,0.17646291772197542,0.6751282743721306,0.19788144479275904,0.026373933722921183,0.025065002600104025
UK,1994,-0.07774323380986137,-0.021496186956201258,-0.01356209900880799,-0.028330171837180895,0.64,-0.12151131218623745,0.031099791124014065,0.0197849025974024
UK,1995,0.19837571456840686,0.2006589027152399,0.18855405700199138,0.2003911319437055,0.6451612903225806,0.14518006914119286,0.03578486977523143,0.026564520943189285
UK,1996,0.1309529642025058,0.062358613599999835,0.20577154851202253,0.0699894387809663,0.5889281507656066,0.052383525173191225,0.03300469980688647,0.024003084273058306
UK,1997,0.2135290210839893,0.21558981535313926,0.22999333782727532,0.21537461212758502,0.6046680372475511,0.14667238519794523,0.045719733839246324,0.018246062710850275
UK,1998,0.11930754370670082,0.2006536813024038,0.188383767658093,0.1918659239955811,0.6011421701232341,0.19311267378155494,0.051818996668856476,0.015573975192950451
UK,1999,0.22175662413390507,0.2451784167363582,0.22711500299131265,0.24275154503020846,0.6186587478346943,-0.054044034756311254,0.03662624036757145,0.01328710306726344
UK,2000,-0.06683520820096156,0.007986028288345715,-0.05163289247126551,4.931294707932743e-05,0.6701514542286557,0.08926901242993468,0.04964007286631289,0.007964563930879853
UK,2001,-0.14277223671824013,-0.15138658053241838,-0.16351091646335186,-0.15047936270898277,0.689464975179261,0.01700370410680474,0.03483518495985383,0.012335119951847107
UK,2002,-0.23226768739190673,-0.2703838363194212,-0.2304945420446349,-0.26655540842260617,0.6204243702692642,0.08838472765892802,0.02568748877137428,0.012589129587851966
UK,2003,0.18561407752968928,0.12975689437114224,0.17459617925620055,0.1351943896186767,0.5603182607721185,0.007397021837709961,0.021688759935658775,0.013615926630131003
UK,2004,0.11102325946275937,0.0668096076414495,0.12318155534811956,0.07082227614418546,0.5177591384487936,0.05224341280384803,0.030554265085873666,0.013435230404932774
UK,2005,0.19191899945569513,0.18302799218020005,0.096333869905284,0.18379308405525085,0.5807538184563563,0.06314585944090156,0.024428089375563955,0.020569437639501142
UK,2006,0.13781992105290408,0.04257592841933455,0.15755464160384075,0.05129268353493721,0.5094243504839531,-0.02766280161462331,0.022684616943392077,0.02328712465674254
UK,2007,0.026960451783330397,0.05556745019289022,0.04277871625297627,0.05310072023463008,0.49915144254766897,0.03795129299517597,0.031343524389349176,0.023228416234869487
UK,2008,-0.3219340464426441,-0.16318138706828078,-0.40162260562624047,-0.1767523729825783,0.6859651529702291,0.1194089004463681,0.00693119017367283,0.036019155331397545
UK,2009,0.2621891094966369,0.1089229346587246,0.23585619466111568,0.123590960900269,0.617474529175671,-0.036036428163766954,-0.016006610261213527,0.021653204511010493
UK,2010,0.10513020971315101,0.12289329307180452,0.09535368908282034,0.12110870909446048,0.638773554774832,0.06602578360855227,-0.027088297346047896,0.03298171575771702
UK,2011,-0.07553777685261986,-0.05056269367861832,-0.04557057496084801,-0.05301896335986045,0.646788694133627,0.13348353916845568,-0.03813471595395701,0.04463693294069393
UK,2012,0.09061084492234395,0.09611819483352257,0.13256929536501022,0.09555036529808558,0.633713561470215,0.009923314944111361,-0.024460615481551873,0.02828242099093714
UK,2013,0.17523965048826007,0.2132875610942795,0.3093062600686012,0.20966816169938718,0.60723828030119,-0.08474538073771742,-0.022062138793991326,0.02564798821532066
UK,2014,-0.0026177932777952106,0.13203956248348292,0.11473550057883675,0.12047708320976436,0.640697078421322,0.13931820518883176,-0.010654646295390924,0.014610314088341791
UK,2015,0.010593388351745059,0.07880699113865708,0.04286372356615195,0.07357763841578957,0.674809366354005,0.007272233813872431,0.00399740331166476,0.0004009937308258049
UK,2016,0.14653668681702925,0.23886750625957487,0.02861772903811651,0.23188808411383355,0.812875955129247,0.06424486219300118,-0.004542694552691184,0.006596661169451679
UK,2017,0.1107108057880124,0.08430668756143334,0.16637139969055736,0.08630738194423704,0.740110276431188,0.010164081644060241,-0.02227555988315466,0.026999999999999913
UK,2018,-0.11756097543530342,0.04491686001887474,-0.0016491403764351126,0.03268535517836013,0.787680674254657,-0.0026046099459251515,-0.01756292682926819,0.02499999999999991
UK,2019,0.16286836637729274,0.08759046868714604,0.13242937871463345,0.09320733865637698,0.762107990702283,0.038508815416418374,-0.010709233791748485,0.018000000000000016
UK,2020,-0.1024777042145062,0.09507163567016419,0.08152273659256018,0.08037425041598034,0.745156482861401,0.0480914741193339,-0.008529236868186185,0.008999999999999897
UK,2021,0.14723140852068628,0.11693374428635273,0.17559505918650065,0.11906668580435587,0.6948676912367595,-0.07423196610162053,-0.024311091215122538,0.02582376
UK,2022,-0.034469354293866106,-0.13005969960451325,-0.15071338085183528,-0.1231425256385047,0.7762065811871903,-0.3004358533773829,-0.06574024787214883,0.09053559
UK,2023,-0.002375912455017337,0.12245992751849855,0.17139807481205954,0.11323193676954557,0.7690392623413413,-0.03486857794486775,-0.022931175383989144,0.0730187
UK,2024,0.06757312510492319,0.13234391184089578,0.17195330016703647,0.12770102470992062,0.7477303713334467,-0.03836975745637994,0.02371765148589766,0.026198990000000002
UK,2025,0.22935402686840445,0.13810733615746562,0.16704624009813662,0.14406556656876046,0.7256062085592487,0.020223082724180053,0.017770729936692042,0.0265082
USA,1873,-0.04356537771742408,0.08516378508936806,0.013918244918281388,0.08516378508936806,1.0,0.08853022517863418,0.08212019896479905,-0.02044153720359776
USA,1874,0.15807012409876475,0.06959979277134942,0.06133594989403957,0.06959979277134942,1.0,0.11618198342601738,0.11412528372816011,-0.04858096828046754
USA,1875,0.0675992038968678,0.14908757896614633,0.1013289526143299,0.14908757896614633,1.0,0.11018631630496589,0.10015297620780284,-0.03649763116336202
USA,1876,-0.09144533165229651,0.0553656360652659,0.05187265723746609,0.0553656360652659,1.0,0.01078424219925811,0.08469250701378939,-0.02276452376616267
USA,1877,-0.016282281171248747,0.022214885226349734,0.07173095576811159,0.022214885226349734,1.0,0.01277649738473774,0.08517790571470618,-0.02320163995527391
USA,1878,0.17286432514753214,0.05720559963419558,0.07075906975346352,0.05720559963419558,1.0,0.10752566104177697,0.10258940276574613,-0.0476962701516741
USA,1879,0.4840579628944397,0.1589853577751814,0.200970141714596,0.1589853577751814,1.0,0.05479337275028229,0.05000000074505806,0.0
USA,1880,0.20954721938459397,0.13188650430682358,0.13724942761896627,0.1543217703634585,1.0,0.10020298402668004,0.02434769934896064,0.02504257237303409
USA,1881,0.08390411734580994,0.195638288366218,0.21197485682971456,0.195638288366218,1.0,0.021617650985717773,0.03999999910593033,0.0
USA,1882,0.024958403781056404,-0.044106206904256595,-0.057762296925102055,-0.044106206904256595,1.0,0.06539476662874222,0.03999999910593033,0.0
USA,1883,-0.013100072709684052,0.009294636521878008,-0.0037160951173439236,0.009294636521878008,1.0,0.0689362272086591,0.05714910011433272,-0.016222026776116616
USA,1884,-0.10703800801858276,0.06931752831114357,0.05895881514621302,0.06931752831114357,1.0,0.047921828131182176,0.0664846685341145,-0.024833614780967572
USA,1885,0.2750160458322364,0.04006153142089719,0.05086268050868974,0.04006153142089719,1.0,0.06923455045162963,0.05788830082094276,-0.016909442803300423
USA,1886,0.15689123948227035,0.06795909563351454,0.05129740536983431,0.06795909563351454,1.0,0.06670555210521845,0.06765663135531685,-0.02590405139363805
USA,1887,-0.02984197282392209,0.01412040973729578,0.024200457687637178,0.00014268207131906685,1.0,0.004952189856150424,0.030898354238174885,0.00882884799489414
USA,1888,0.018975332379341125,0.12483844248728948,0.11849759613282881,0.09090643201498438,1.0,0.0546826496720314,0.03999999910593033,0.0
USA,1889,0.10688191099494748,0.12808909779958033,0.08633980263230225,0.12808909779958033,1.0,0.03942117252436028,0.06804114688907892,-0.02625474483340373
USA,1890,-0.0772994252699859,0.02765226101352436,-0.005300399280674717,-0.005844508853695696,1.0,0.0013229903838150037,0.059153064815093526,-0.018083378451543175
USA,1891,0.2239130437374115,-0.009227275935060786,-0.014692428396006596,0.06464967749684458,1.0,0.01893402636051178,0.03999999910593033,0.0
USA,1892,0.0628465786576271,0.05259788083424044,0.08514784824604031,0.055932833177668284,1.0,0.012937572784721851,0.03999999910593033,0.0
USA,1893,-0.14645239427876466,0.026785890091800768,0.06195005430525784,-0.0327343223879647,1.0,0.03895734381977545,0.049607122080420174,-0.009153065725628462
USA,1894,0.07232366517044397,0.1749740826074193,0.12560122457914027,0.14123631096735,1.0,0.10653855965151782,0.09048897093789021,-0.04629938786866972
USA,1895,0.06955682839362609,0.12671574054627666,0.11825720693928007,0.10886776976017631,1.0,0.027153835284503547,0.06054504252513593,-0.01937215544404247
USA,1896,0.018518518656492233,0.14550080931763798,0.12802300052645663,0.10327478102706555,1.0,0.048862989991903305,0.03999999910593033,0.0
USA,1897,0.18004266172378802,0.056532597544253216,0.035546276416222905,0.0960042302795896,1.0,0.06051233701281622,0.050501261267836606,-0.009996429846483412
USA,1898,0.23157894611358643,0.03470476903268427,0.03151595667244789,0.10102245507393848,1.0,0.029604105278849602,0.03999999910593033,0.0
USA,1899,0.10265486687421799,0.05264860852276154,0.03976769173664859,0.06731953209623431,1.0,0.052182797342538834,0.03500000014901161,0.0
USA,1900,0.1791238446175647,0.031501659501292245,0.0008626610523855835,0.08380361675578274,1.0,0.03260609882483734,0.02465369525641181,0.010097367472051921
USA,1901,0.1920105606078708,-0.0033424129691741467,0.005874555264403358,0.0592530847629229,1.0,-0.010933117400361625,0.029827951035485745,0.009877424729263451
USA,1902,0.0438780698719623,0.04551610269515649,0.052343797543763344,0.04479054852583264,1.0,0.00958180112277529,0.029926478283688107,0.00978081546075904
USA,1903,-0.16474128082058348,0.014187238781135925,0.04227863793097593,-0.06478481214777476,1.0,-0.013768741225460235,0.005659938913355367,0.02917493289765427
USA,1904,0.29074410444710996,0.09312176767515234,0.10842263274654104,0.17141026640061097,1.0,0.001598590509235942,0.025349921513607487,0.009411497902256372
USA,1905,0.2076232167264338,0.11219828146700905,0.09132668801959655,0.15177914665750802,1.0,0.03229101804047141,0.04978795691586235,-0.009323747472477883
USA,1906,0.05354440048975517,0.11723781189200944,0.10802297642853348,0.09462413943178416,1.0,0.010583218487273172,0.015878130363287113,0.018822995804512743
USA,1907,-0.3191256840049478,-0.04812843528730004,-0.019067301654423736,-0.16186606276582527,1.0,-0.06757748664477925,-0.006020636957048797,0.04629938786866994
USA,1908,0.4611119024806496,0.059105719645567545,0.03359479349323897,0.20117229755231336,1.0,0.055804469297238146,0.05869409762802946,-0.01765769598978839
USA,1909,0.21127267165604957,0.14457410644576907,0.11649365465474977,0.17284777491521885,1.0,0.0314764200012807,0.059153064815093304,-0.018083378451542953
USA,1910,-0.11626981396443337,-0.0003049466452320626,0.029989456740823834,-0.05328791034800795,1.0,-0.009461358701790656,-0.010398565863429354,0.045875606528451796
USA,1911,0.058563537895679474,0.044567808198825,0.026596015139348478,0.05062254449915393,1.0,0.034620750695466995,0.03500000014901161,0.0
USA,1912,0.054529511487064974,0.026641752346814318,0.02856979084005636,0.03840261366433384,1.0,-0.005989779549254282,0.008417916726240593,0.02636018557570652
USA,1913,-0.10691478003004573,-0.0204486839079564,-0.0021965785350323255,-0.05535449077653809,1.0,-0.007838656969857527,0.017645454691967766,0.017053626463940708
USA,1914,-0.04324626673012977,-0.05093896587018254,-0.05314998797915755,-0.047922284632540224,1.0,0.00075786678120493,0.02465000014752139,0.010101010101010166
USA,1915,0.33494982624998193,-0.04958002292661179,-0.12059184598319693,0.1142693462102502,1.0,0.03455940169273042,0.02475247539506098,0.010000000000000009
USA,1916,0.012619520409391516,0.021312127789159474,-0.05158899123797671,0.01699324877242958,1.0,-0.04283774985906186,-0.040963302614218655,0.07920792079207928
USA,1917,-0.3491629471536726,-0.08849265130900807,-0.15867702457603458,-0.21146946740199513,1.0,-0.16041243237850722,-0.1143750007613562,0.17431192660550465
USA,1918,0.05586286885848901,-0.08773552977753041,-0.1560186819355172,-0.021047245513033497,1.0,-0.12579113284483656,-0.11841059678437693,0.1796875
USA,1919,0.04408429046242213,-0.19589047468063192,0.059655802157965586,-0.08015318592256393,1.0,-0.0948511343341687,-0.0922543360404886,0.14569536423841067
USA,1920,-0.29015694558620453,-0.4284940884448277,-0.2623564579102844,-0.36261457370394123,1.0,-0.16194234303198762,-0.1004000007733703,0.1560693641618498
USA,1921,0.274825873987635,0.18115667255095524,0.17862596092812388,0.22676962916985222,1.0,0.25484174356780276,0.16201117218539718,-0.1050000000000002
USA,1922,0.35407302581838174,0.3709904851567345,0.46090759686782334,0.3632847977073441,1.0,0.1375034255463452,0.10809523714262803,-0.06145251396648033
USA,1923,0.016025255646621828,1.9726154939436498,0.44416688252008696,1.0293129327615702,1.0,0.01780518052870761,0.021754385086527828,0.017857142857143016
USA,1924,0.2526315748691559,0.05068118811478328,0.08234315780230614,0.15433889421904423,1.0,0.06484314799308777,0.03999999910593033,0.0
USA,1925,0.2560517270224436,0.11145552215672905,0.06735564620830822,0.18431742883826208,1.0,0.011434104698044845,0.01622857055493765,0.023391812865497075
USA,1926,0.12518250605480818,0.1608719682861035,0.20780533379569205,0.14089456795194155,1.0,0.041022417172368764,0.02824858668665442,0.011428571428571344
USA,1927,0.3746708842187094,0.18146192725169508,0.11242175182185668,0.289778235743114,1.0,0.055107553585850066,0.057931033573274116,-0.016949152542372947
USA,1928,0.39868573034018784,0.2386247853586856,0.21171237149950126,0.33499977294913363,1.0,0.03170606474343085,0.05783505580927173,-0.01724137931034464
USA,1929,-0.03369330242276192,-0.13373658202924288,-0.143357842340359,-0.06956839279950822,1.0,0.03400000184774399,0.040735989809036255,0.0
USA,1930,-0.21098271387065948,-0.1377210857650627,-0.13449730346926536,-0.18597719610204777,1.0,0.06842639071944956,0.06527083766406894,-0.023391812865497186
USA,1931,-0.34404796656025083,-0.20565545877297797,-0.19782106712813755,-0.29485245391562853,1.0,0.04252809545907543,0.14427125397579466,-0.08982035928143717
USA,1932,-0.037741728942759734,0.15471264452133782,0.29242741732289906,0.04622515292609375,1.0,0.30215522668657524,0.1479759079261418,-0.09868421052631582
USA,1933,0.6085833884202516,0.5409522055078564,0.19475079579366628,0.5724920002658818,1.0,0.04959279249350601,0.0862968596271596,-0.05109489051094884
USA,1934,-0.05515052503280671,0.2532585633907094,0.0853002029516672,0.09716546523875302,1.0,0.07566885149745817,-0.0028597100345945092,0.03076923076923066
USA,1935,0.42701517404430955,0.07863355232948832,0.14170119491678349,0.237096513363813,1.0,0.023477626379823757,0.0004759546994725916,0.022388059701492713
USA,1936,0.3438782685523407,0.17467926007289702,0.18065483319662207,0.2585611223283517,1.0,0.05532878514030837,0.004658413997335131,0.014598540145985606
USA,1937,-0.3312084772106674,-0.16542498912697035,-0.13222833680164947,-0.25316846869889464,1.0,-0.033361338751597525,-0.017003805311914144,0.03597122302158273
USA,1938,0.22330771608555566,-0.07866290685423549,-0.08782933592005704,0.060253685917633915,1.0,0.08317968946822152,0.039676384088841,-0.02083333333333337
USA,1939,0.038369303167187896,-0.026162523964693207,-0.008204215780856065,0.007687041080523871,1.0,0.07273644602877627,0.030896637615539957,-0.014184397163120477
USA,1940,-0.10105093472770277,-0.019537532317314033,-0.07162180225304828,-0.06751810307635175,1.0,0.054781722782978104,0.0072665774263442895,0.007194244604316502
USA,1941,-0.14349025204068144,0.20690147858997077,0.05517325246246385,0.008201227605892702,1.0,-0.036738816648721695,-0.034680209699131215,0.050000000000000044
USA,1942,0.04082276557852138,0.04948359705591243,0.040845039782544466,0.04533754687394209,1.0,-0.08012269978965725,-0.08723624581413958,0.10884353741496611
USA,1943,0.19655001318523646,0.008381868774897772,0.02310483942907366,0.09678754269381606,1.0,-0.03519075124852933,-0.048585703542639136,0.06134969325153383
USA,1944,0.17646302037279704,0.04843950541132469,0.07471109174326736,0.11526973442956501,1.0,0.007528409457087992,-0.008155516650400818,0.017341040462427904
USA,1945,0.3427650451660156,0.012673918008285101,0.012506901638324575,0.2072431201360112,1.0,0.08334791925218377,-0.013291578657097292,0.022727272727272707
USA,1946,-0.15628744776432324,-0.2750862004207373,0.08365948862528506,-0.20028422493771303,1.0,-0.07796316353890753,-0.06823392498951686,0.08333333333333326
USA,1947,-0.08279218665019294,-0.25556456429253527,-0.12167051403193024,-0.16596412668448723,1.0,-0.15123382992541323,-0.11674979084376003,0.14358974358974375
USA,1948,-0.0039012074933244545,-0.10858944792410863,-0.21297938055064722,-0.053928458748362385,1.0,-0.04192946686227306,-0.060327981371767425,0.07672214344354056
USA,1949,0.17545245757798433,-0.14011889293223012,-0.05462521375298386,0.04052633114154691,1.0,0.07210923321807217,0.020806983432346327,-0.009807998890968395
USA,1950,0.2694433512450294,0.13613792661196022,0.06202416518187208,0.21871842697681565,1.0,-0.0112594872849765,0.00042680876585943217,0.010640159602394172
USA,1951,0.16425398947552527,0.05974268399958049,0.07934999510918922,0.12818928092297965,1.0,-0.10808717544516622,-0.06251513973730394,0.07941125541125515
USA,1952,0.1463877995310343,0.0944573461491156,-0.02947065912975245,0.1283906501556178,1.0,-0.011333081902120679,-0.009430111421171894,0.022843942505133663
USA,1953,0.0016133766427675056,0.23651489989798624,0.1988864509288579,0.0773800876523274,1.0,0.02819500499952987,0.006570557410350952,0.007590966122961174
USA,1954,0.4651078793619292,0.48489271211397056,0.4591010890067091,0.4723476634473387,1.0,0.06284436212029942,0.011527380161749923,0.003611232177324064
USA,1955,0.34776507212314534,0.13409681609998025,0.09421669117524671,0.27205278755369755,1.0,-0.009618100357524306,0.018874244995518152,-0.0025746014020719965
USA,1956,0.04650851688351332,0.0039514448905761945,-0.016610592932623857,0.03248895938637464,1.0,-0.07099612533645194,0.00386779639470225,0.014741097807494885
USA,1957,-0.1227844380675327,-0.03118421287252393,-0.020976716344211166,-0.09367617882097301,1.0,0.04212230670722783,-0.00945125296679905,0.033926874865916945
USA,1958,0.3333005940167395,0.22547123057680385,0.22209992790267444,0.2954664790454826,1.0,-0.0765438797404634,-0.0017094638117031158,0.02730021342186406
USA,1959,0.12783232548488677,0.42055151333091123,0.4175258187534606,0.22444030562285477,1.0,-0.034633489403492534,0.019145280532027575,0.009319906512393006
USA,1960,-0.019875119909145256,0.09390154270641804,0.08013452776692838,0.025689898864606375,1.0,0.11474352653453312,0.014378498547133134,0.014922813036020388
USA,1961,0.28483912145258894,0.07368096844517824,0.04077400914568479,0.19519844307899814,1.0,0.0005052556917024553,0.020000807212866123,0.010703622331136309
USA,1962,-0.10765110932613964,-0.06913339663783202,-0.08725501420405983,-0.09267196527554467,1.0,0.06418165549391297,0.023664238933907455,0.011760771417423488
USA,1963,0.2053265281872858,0.10612696462863891,0.07342609226852354,0.16366895198435572,1.0,-0.018575072608142174,0.02506569959750249,0.012560599382988036
USA,1964,0.1504899174757537,-0.030279977214383247,-0.050382488834448964,0.07887898088448253,1.0,0.03655507928388113,0.025752919793436302,0.013220892274210971
USA,1965,0.1074571069787833,0.00420431668307808,-0.024376099287333464,0.07130915910653624,1.0,-0.020337424436334683,0.027224939790123193,0.015786930140149424
USA,1966,-0.10873207594545875,-0.04633840920741095,-0.0584931547172716,-0.08854444977476772,1.0,0.013696804593344547,0.024215686265042224,0.029893746365702745
USA,1967,0.17495522836546473,0.12657811210376857,0.20573924409713257,0.15884328463140318,1.0,-0.07685916635967072,0.021756993369961064,0.027845502373925246
USA,1968,0.10292200537141882,0.27791506485470685,0.28436119682600164,0.15951974655885803,1.0,-0.04186153653674529,0.015487339762513264,0.04244694132334614
USA,1969,-0.1604813634807657,0.014187157203701783,0.021820845083879728,-0.10071314851439028,1.0,-0.1040722672649399,0.02203879742352144,0.05437125748502969
USA,1970,-0.03400650757291579,-0.08819994346052196,-0.08672280649823816,-0.05517731693501182,1.0,0.07849412764558683,0.015870977988368118,0.058836892321671774
USA,1971,0.08932812544434743,0.27284118601486984,0.12059001479975084,0.1568044420297925,1.0,0.13181040314869286,0.007468723223079232,0.042265608238575725
USA,1972,0.17804104957016031,0.2624950467672764,0.23265185245999664,0.20916185641642304,1.0,0.022074312504803517,0.013487376024672315,0.03272951832029625
USA,1973,-0.21380169158010065,0.025001684872975716,-0.07648676404414301,-0.1137554753903488,1.0,-0.094976240259256,0.020300571639191967,0.06258720350807279
USA,1974,-0.3283359392465227,-0.305151914294976,-0.3497227869166607,-0.3187432435430143,1.0,-0.07617728735674967,-0.006908297785515161,0.11011067341962089
USA,1975,0.2619999215355191,0.14152862543104883,0.1659922673250326,0.21208095584798947,1.0,-0.024116175758209235,-0.024783728151410722,0.09141601892531259
USA,1976,0.15910577921052838,-0.04586939458980732,-0.06585255316135553,0.07314601310454916,1.0,0.10932336637937823,-0.00478898779329906,0.0577488775352224
USA,1977,-0.11647261187110525,0.21613611445903835,0.030423180667852934,0.004770911542420819,1.0,-0.047563461306693644,-0.007783651909134659,0.06469555035128804
USA,1978,0.001996600417771832,0.21373395593509104,0.07072751971045918,0.0843483151564548,1.0,-0.09843946362540223,0.005498016106319614,0.07629914764916124
USA,1979,0.07817731551298035,-0.05157544643687906,0.026503882612264686,0.023958479015253165,1.0,-0.10113344957509363,0.015913386044539957,0.09482758620689635
USA,1980,0.1650751938414705,0.11287441611569449,0.04851174869513528,0.14416400085148573,1.0,-0.12897714842946206,0.016799403235820298,0.11198600174978135
USA,1981,-0.107281264680954,-0.10572044939867653,0.03346961710597123,-0.10672126446164287,1.0,-0.0868780254480519,0.059113331605083586,0.09441384736428016
USA,1982,0.11421685537039217,-0.07506677201597822,0.035763121467181504,0.03688189069733294,1.0,0.28576978626897764,0.058771012127399436,0.06038820992092031
USA,1983,0.17980901428022378,0.18415716070993993,0.2604207469232514,0.18154328752495408,1.0,-0.028789887512986834,0.045990463767699774,0.042711864406779654
USA,1984,0.004606997815150615,0.04633926588397941,0.1965650748631204,0.022028832536522547,1.0,0.10395979645026032,0.05955911713295392,0.041612483745123274
USA,1985,0.26478400558467086,0.5205913361185879,0.23262134973176854,0.3929100010675566,1.0,0.25039906126228395,0.04461131807400953,0.03433208489388262
USA,1986,0.21785596622903158,0.5154858472779775,0.27732381926060234,0.35763925301743793,1.0,0.23799981666488002,0.046861667959362086,0.017501508750754402
USA,1987,-0.028551493887789547,0.47163050412244023,0.1874258069975472,0.2384566143242426,1.0,-0.06336402338117775,0.033069748961187306,0.03440094899169632
USA,1988,0.14634880388911164,0.08617871294399837,0.13487989858425156,0.1128087589094866,1.0,0.03719903819786641,0.039716436576632264,0.03612385321100908
USA,1989,0.24627381029083506,0.08639519829166686,0.2030150169692741,0.1501701921057692,1.0,0.1330585421348427,0.04515692234149915,0.043718871057000674
USA,1990,-0.06820780546519722,-0.08998807210058057,-0.16657731208866863,-0.08160553945421845,1.0,0.004763061268242774,0.03065277642074893,0.049310710498409405
USA,1991,0.17610081525356946,-0.018281967342876793,-0.04808644582295503,0.06885381217821229,1.0,0.12951360519399668,0.02119680694774395,0.036382011116725455
USA,1992,0.12522103089474124,-0.17663917601717005,-0.11218058359116426,-0.024211376637596205,1.0,0.04696622159824715,0.01166079601682335,0.024865919063871367
USA,1993,0.071437537435036,0.25137369403118015,0.23905993122169752,0.15233034443606286,1.0,0.12600419486758319,0.006367050114751027,0.025214081826831602
USA,1994,-0.015388112139507193,0.06722365828950161,-0.027944946204379154,0.02390157704092899,1.0,-0.09468934287063102,0.02489025113596144,0.02088167053364276
USA,1995,0.34796093846764276,0.03167624926559198,0.023562287661529596,0.1936642585909938,1.0,0.26111851075041614,0.03425063189537414,0.024090909090909163
USA,1996,0.20162607362220863,0.12721719666226905,0.19205236579051463,0.1691555684720616,1.0,-0.03876378268834535,0.02656147831473521,0.026631158455392878
USA,1997,0.2878287326996982,0.02765051749141878,0.144353857821858,0.17983184051984447,1.0,0.11957597245718032,0.03381050273561659,0.02161694768698652
USA,1998,0.23666892804532047,0.14675310985586165,0.09510680832953056,0.2012599225115983,1.0,0.10587973194605116,0.040575088476587196,0.013542107490478239
USA,1999,0.18922188475983903,0.21225794908230622,0.286136947614979,0.19809685576198266,1.0,-0.11155004052784934,0.03133830815273431,0.02129436325678502
USA,2000,-0.0879792220575295,-0.11527728844060747,-0.008966099235273658,-0.09997930156193113,1.0,0.16387007992085656,0.02962027217334029,0.033932951757972285
USA,2001,-0.15206605778639715,-0.23456558214583967,-0.17379289062235284,-0.18723036538120819,1.0,0.0063494811137447815,0.008164477093099975,0.028469750889679846
USA,2002,-0.21301158305531098,-0.1506489598550339,-0.25615809591634064,-0.1874848443635757,1.0,0.1410541799283227,0.0014719585743561137,0.01576316801230293
USA,2003,0.19402943801915185,0.3258046670524495,0.14728655917406264,0.24579103922511591,1.0,-0.002432601159641168,-0.010952995093932327,0.022710068130204375
USA,2004,0.09804543533840704,0.2175238282183558,0.1611918015185713,0.1435173427557188,1.0,0.040924920917631225,-0.011084231718166415,0.02701702442635079
USA,2005,0.03585817901441657,0.05159451539582505,0.21764893128326146,0.041805138635311545,1.0,0.04078206419685082,0.0012020759476669696,0.03387387387387375
USA,2006,0.1061561522825516,0.2939092285041449,0.22006548950602628,0.18789763941628634,1.0,-0.030869375714086655,0.018517597716183554,0.0324154757755315
USA,2007,0.03457492218155345,0.1147422859980951,0.05031478495513935,0.06941193658870981,1.0,0.05614382460547063,0.02365332456869429,0.028359216745442284
USA,2008,-0.41020352469943877,-0.3919818813314858,-0.37456566607540365,-0.40233302843548113,1.0,0.20071420381614158,-0.008436957759935138,0.03841103086014441
USA,2009,0.29534534334682583,0.2594600381231371,0.16468792808229948,0.27969869720294027,1.0,-0.14924743639655058,0.00906757834508709,-0.0034777110338287676
USA,2010,0.12010430515779835,0.07581124802581152,0.06411433262392689,0.10130137562781316,1.0,0.08320463540848722,-0.013163628432197427,0.016497461928933976
USA,2011,-0.008524362875906855,-0.11696521660477899,-0.10633516289521062,-0.05286429196506748,1.0,0.2150861120079719,-0.027619122872171498,0.031523096129837835
USA,2012,0.14483198106288908,0.0977458393758388,0.10350552791766898,0.1259312284533971,1.0,0.010888617485761642,-0.017974333244686336,0.021180030257186067
USA,2013,0.27672151601227535,0.27458872538588985,0.3273035794224496,0.2758853286284273,1.0,-0.1450856838130603,-0.01254562078975141,0.014814814814814836
USA,2014,0.13888021709331655,-0.06154761647736373,0.05243508451913419,0.05953608140578304,1.0,0.22318280624942877,-0.015767298321260448,0.016934306569343027
USA,2015,0.019273513583714763,0.015882178306645844,0.0738912872208439,0.017962355780352768,1.0,-0.02054440582480177,-0.0004219260497774213,0.0017226528854434875
USA,2016,0.02329518408190423,0.006515401860246239,0.05739955524470761,0.016290787595183875,1.0,-0.010484216433944926,-0.00878438030560258,0.012897678417884695
USA,2017,0.16790912951293757,0.2458912031777507,0.15371484338320282,0.19952791871063358,1.0,0.0035850013753302434,-0.011263157894736864,0.021505376344086002
USA,2018,0.11489757762495523,-0.16635667898804862,-0.1297983524977404,-0.02909123238309752,1.0,-0.04052685137803891,-0.005932125473228855,0.02437673130193918
USA,2019,0.0623882794166466,0.19492769095806906,0.20464875631043405,0.12975928078635568,1.0,0.09876037030264362,0.003420132802124831,0.018117901568415418
USA,2020,0.1114791177744816,0.09105005121334786,0.025155395616723437,0.10115006954319572,1.0,0.10486387243887241,-0.008576337880377816,0.012483399734395828
USA,2021,0.22948679702645447,0.12204498202997671,0.11761435752526912,0.17580804800760053,1.0,-0.07651749126931484,-0.04430839805996023,0.046821890000000005
USA,2022,-0.24170914341930372,-0.1725192485870245,-0.0414384161653925,-0.2073913610646636,1.0,-0.21433958589324298,-0.05337623663450397,0.0799169
USA,2023,0.21280858238276967,0.1025198038207995,0.1036599898489527,0.15798502986433816,1.0,-0.004646530253984538,0.010076322212978273,0.0412827
USA,2024,0.2146450571741596,0.09422303849984925,0.11291837729173458,0.155231789088224,1.0,-0.03459896471869628,0.020861800536042585,0.02926926
USA,2025,0.15116672457931468,0.2282730581965735,0.1944300509338755,0.18741073311277656,1.0,0.05499533124003575,0.01566952343190242,0.024004340000000002
