month,signal_1m_gross_return,signal_1m_net_return,signal_1m_cash_collateral_return,signal_1m_portfolio_vol_scalar,signal_1m_gross_exposure,signal_1m_turnover,signal_1m_transaction_cost,signal_3m_gross_return,signal_3m_net_return,signal_3m_cash_collateral_return,signal_3m_portfolio_vol_scalar,signal_3m_gross_exposure,signal_3m_turnover,signal_3m_transaction_cost,signal_6m_gross_return,signal_6m_net_return,signal_6m_cash_collateral_return,signal_6m_portfolio_vol_scalar,signal_6m_gross_exposure,signal_6m_turnover,signal_6m_transaction_cost,signal_12m_gross_return,signal_12m_net_return,signal_12m_cash_collateral_return,signal_12m_portfolio_vol_scalar,signal_12m_gross_exposure,signal_12m_turnover,signal_12m_transaction_cost,mf_1_3_12_gross_return,mf_1_3_12_net_return,mf_1_3_12_cash_collateral_return,mf_1_3_12_portfolio_vol_scalar,mf_1_3_12_gross_exposure,mf_1_3_12_turnover,mf_1_3_12_transaction_cost,mf_1_6_12_gross_return,mf_1_6_12_net_return,mf_1_6_12_cash_collateral_return,mf_1_6_12_portfolio_vol_scalar,mf_1_6_12_gross_exposure,mf_1_6_12_turnover,mf_1_6_12_transaction_cost,active_equity,active_bond,active_commodity,active_currency,active_sectors
1926-03,-0.0268286465169,-0.0287323074481,0.00327373971032,1.66793131727,3.99357417628,3.99357417628,0.00119807225288,-0.037983741379,-0.0399544987791,0.00327373971032,1.72150376553,4.21722907266,4.21722907266,0.0012651687218,-0.0360808463377,-0.038130958063,0.00327373971032,1.96587086893,4.48174348983,4.48174348983,0.00134452304695,-0.0252871532824,-0.0272823184184,0.00327373971032,1.73822200028,4.29858819202,4.29858819202,0.00128957645761,-0.0432175335195,-0.0453749944785,0.00327373971032,2.18954449921,4.83957426919,4.83957426919,0.00145187228076,-0.043691747209,-0.0459464841562,0.00327373971032,2.33302428515,5.16382756298,5.16382756298,0.00154914826889,1,1,4,0,3
1926-04,0.0106675816655,0.00959769815636,0.00327373971032,1.66717844199,3.33592364015,1.21431610262,0.000364294830786,0.00254191423787,0.00179209014589,0.00327373971032,1.67941771334,4.14552750118,0.147451378806,4.42354136419e-05,-0.00890402574807,-0.00969100396532,0.00327373971032,1.89488496613,4.38967007829,0.271298463038,8.13895389113e-05,-0.00962839483664,-0.0104033844237,0.00327373971032,1.69169588379,4.24043845803,0.231336362543,6.9400908763e-05,0.00101653964084,0.00010858543019,0.00327373971032,2.08741621719,4.36496146981,0.674551774358,0.000202365532308,-0.00390387244295,-0.00484443499498,0.00327373971032,2.20346306389,4.55342570177,0.783246245642,0.000234973873693,1,1,4,0,3
1926-05,-0.0110774385168,-0.0139033620406,0.00327373971032,1.6984096242,4.10464582045,7.06778281821,0.00212033484546,0.00634322982613,0.00519174018309,0.00327373971032,1.71392872411,4.26681475017,1.48633654902,0.000445900964706,0.00691996215672,0.00618478646538,0.00327373971032,1.91525180797,4.46521550585,0.0986233766609,2.95870129983e-05,0.00948226357217,0.00875971420622,0.00327373971032,1.69656737345,4.27206803131,0.0565356253706,1.69606876112e-05,9.59446250328e-05,-0.00161514078056,0.00327373971032,2.12732282249,1.92902305645,3.35165575753,0.00100549672726,0.000400272696419,-0.00116655334934,0.00327373971032,2.23563761868,1.91931948971,2.87079122474,0.000861237367423,1,1,4,0,3
1926-06,-0.0283009481195,-0.0311509722575,0.00327373971032,1.72510377883,4.18748090597,7.14811819897,0.00214443545969,-0.0111381817082,-0.0119430074442,0.00327373971032,1.74768786915,4.37724237049,0.330790192107,9.92370576322e-05,-0.0325592940836,-0.0337047366031,0.00327373971032,1.95255169085,4.57887085153,1.46617947056,0.000439853841168,0.0183591874726,0.0175649859004,0.00327373971032,1.72810288801,4.38121528764,0.29537631293,8.86128938789e-05,-0.0098371573791,-0.0114753904105,0.00327373971032,2.1657936285,4.45543054202,3.10881451036,0.000932644353108,-0.0188899531942,-0.0206962382921,0.00327373971032,2.27361589118,4.72607501869,3.66898806513,0.00110069641954,1,1,4,0,3
1926-07,0.0104202349114,0.00932934705895,0.00327373971032,1.72408885597,4.22047704877,1.28433058052,0.000385299174156,-0.0201995811803,-0.0209355791505,0.00327373971032,1.77166375414,4.47860667673,0.101364306242,3.04092918726e-05,-0.0318097541855,-0.0325337435006,0.00327373971032,1.91230799933,4.52801134346,0.0613354560903,1.84006368271e-05,0.00501567925718,0.00421904272666,0.00327373971032,1.76091136454,4.49348897718,0.303492840581,9.10478521742e-05,-0.00293763838761,-0.00385338942304,0.00327373971032,2.19091016054,4.61714792823,0.70054119031,0.000210162357093,-0.00736902367852,-0.00828221010426,0.00327373971032,2.27214747436,4.65559312508,0.691992491343,0.000207597747403,1,1,4,0,3
1926-08,0.0265187629557,0.0237500835654,0.00327373971032,1.75212030746,4.08088962691,6.87696903982,0.00206309071195,0.00930825066319,0.00827022682782,0.00327373971032,1.7824941961,4.53470303566,1.1081171901,0.00033243515703,-0.0229789492528,-0.0237727315214,0.00327373971032,1.88172427525,4.50518197703,0.293978634444,8.81935903331e-05,0.00999427834488,0.00925757846666,0.00327373971032,1.78776997695,4.59547417407,0.103703999611,3.11111998833e-05,0.0199533360348,0.0182910403089,0.00327373971032,2.22559929467,2.53674235911,3.18902349203,0.00095670704761,0.00568920631404,0.00411794445806,0.00327373971032,2.29904018393,2.11646115441,2.88557725881,0.000865673177643,1,1,4,0,3
1926-09,0.0135726665799,0.0126501315342,0.00327373971032,1.7595091567,4.35312305914,0.723154557906,0.000216946367372,0.0122739170086,0.0113537950405,0.00327373971032,1.81252913386,4.61044630489,0.715110965799,0.00021453328974,0.00180321570421,0.00108818967739,0.00327373971032,1.87937258702,4.50423285835,0.0314578282831,9.43734848493e-06,0.0145055605426,0.0137130185468,0.00327373971032,1.81769353846,4.66142090301,0.28984439183,8.6953317549e-05,0.0171337167338,0.0162005715051,0.00327373971032,2.25785062548,2.48520233266,0.758521834559,0.000227556550368,0.0124352337138,0.0115921584151,0.00327373971032,2.33903146536,2.07194424914,0.458288734633,0.00013748662039,1,1,4,0,3
1926-10,-0.028431638782,-0.0292375388896,0.00327373971032,1.78462338309,4.42981029406,0.334371430941,0.000100311429282,-0.0246731519992,-0.027514332621,0.00327373971032,1.84046428882,4.69484954031,7.1186398114,0.00213559194342,-0.0258891603773,-0.0291611070675,0.00327373971032,1.91065982878,4.60610033031,8.55452670616,0.00256635801185,-0.00214555319356,-0.00287729324541,0.00327373971032,1.848578168,4.74859214805,0.0871712450454,2.61513735136e-05,-0.0254673960617,-0.0269978237789,0.00327373971032,2.29266964176,2.41117286892,2.74946346298,0.000824839038893,-0.0269697162645,-0.0287657676061,0.00327373971032,2.37860729674,2.4999109313,3.63487554406,0.00109046266322,1,1,4,0,3
1926-11,0.00576996469548,0.00483900244177,0.00327373971032,1.78241575016,4.18785455635,0.751245251245,0.000225373575374,-0.0165995105054,-0.0173176709363,0.00327373971032,1.84306030083,4.71577673882,0.0419058417359,1.25717525208e-05,-0.0180764396438,-0.018794762088,0.00327373971032,1.90438318288,4.61378099049,0.0424458863659,1.27337659098e-05,0.0455377854717,0.0448006602412,0.00327373971032,1.86611077365,4.81828884935,0.105121840738,3.15365522213e-05,0.0149467738212,0.0141317143813,0.00327373971032,2.28076181035,2.40204492051,0.364902538678,0.000109470761603,0.0156259410522,0.0148036756857,0.00327373971032,2.35769892791,2.47882273116,0.38892229372,0.000116676688116,1,1,4,0,3
1926-12,0.018652872121,0.0154836975577,0.00327373971032,1.81021648034,4.50443297685,8.21195294989,0.00246358588497,-0.0022893229178,-0.00306519430441,0.00327373971032,1.85986478446,4.73014946246,0.234275694252,7.02827082757e-05,0.0364336097027,0.0336980364492,0.00327373971032,1.91528697292,4.61956681617,6.76661525077,0.00202998457523,0.0418542079907,0.0411417270351,0.00327373971032,1.86676290394,4.82886359059,0.0229742576237,6.89227728712e-06,0.0237759999097,0.0220391348166,0.00327373971032,2.31474619979,2.08473948716,3.43758804907,0.00103127641472,0.040154334879,0.0375974547661,0.00327373971032,2.39315927224,4.78834105779,6.1709714486,0.00185129143458,1,1,4,0,3
1927-01,0.0190317358837,0.0179267664211,0.00327373971032,1.82831188796,4.54593169127,1.3312692809,0.000399380784269,0.01739327201,0.0143120860916,0.00327373971032,1.88808325017,4.7729389338,7.918657467,0.0023755972401,0.0191612368544,0.0181858539289,0.00327373971032,1.91048483953,4.59719263746,0.899314157333,0.0002697942472,0.0201764108955,0.0194646828046,0.00327373971032,1.87544498941,4.84629801218,0.0204647085769,6.13941257307e-06,0.0215963069464,0.0198497976649,0.00327373971032,2.33961193423,5.54948224394,3.46973534389,0.00104092060317,0.0228495034981,0.0218427146876,0.00327373971032,2.38817967291,5.71319533856,1.00400044075,0.000301200132224,1,1,4,0,3
1927-02,0.0197138665549,0.0188633382237,0.00327373971032,1.84616516221,4.58005595956,0.483132176321,0.000144939652896,0.0234784769628,0.0227609248879,0.00327373971032,1.90837309471,4.81281692241,0.0398779886072,1.19633965822e-05,0.0235921201141,0.0227981206178,0.00327373971032,1.93300238141,4.64131452174,0.294702726621,8.84108179862e-05,0.0275366383008,0.0268106215218,0.00327373971032,1.90350930736,4.91439168125,0.068093669063,2.04281007189e-05,0.0285790405398,0.0277984585578,0.00327373971032,2.36728697216,5.50133954889,0.249977678935,7.49933036804e-05,0.0298833635032,0.0290706151059,0.00327373971032,2.41677924555,5.55651213744,0.357199063436,0.000107159719031,1,1,4,0,3
1927-03,0.0228012094955,0.0220111529567,0.00327373971032,1.86344575833,4.62482014925,0.28155953481,8.4467860443e-05,0.0250552375369,0.0242034338764,0.00327373971032,1.92153630882,4.84696251215,0.487383273913,0.000146214982174,0.036782293965,0.035987791748,0.00327373971032,1.95099904622,4.6855867109,0.296378462135,8.89135386404e-05,0.041234717911,0.0405093478903,0.00327373971032,1.92856588051,4.98032948909,0.0659378078474,1.97813423542e-05,0.0319437278833,0.0311297122339,0.00327373971032,2.38565046438,5.65088984641,0.361423236805,0.000108426971041,0.0385960169968,0.037811318411,0.00327373971032,2.43596855057,5.71059564928,0.263699691254,7.91099073762e-05,1,1,4,0,3
1927-04,0.022135780713,0.0212299624248,0.00327373971032,1.87244821379,4.61210965176,0.667432032819,0.000200229609846,0.0263193233573,0.0255663152895,0.00327373971032,1.91898251216,4.80492185144,0.158064631227,4.74193893682e-05,0.0231834893387,0.0224191434484,0.00327373971032,1.95410672431,4.63116858091,0.195857373148,5.87572119444e-05,0.0231765689774,0.0224138501434,0.00327373971032,1.9173989791,4.89710711465,0.190433852432,5.71301557295e-05,0.029769689909,0.0289258340508,0.00327373971032,2.3887815039,5.44918240587,0.460890599342,0.000138267179803,0.0291995860541,0.028337857675,0.00327373971032,2.43991785861,5.57618975976,0.520465669172,0.000156139700752,1,1,4,0,3
1927-05,-0.0165987170122,-0.0174909189293,0.00327373971032,1.87704066066,4.64522945934,0.622044129149,0.000186613238745,-0.00570603767801,-0.00657852950815,0.00327373971032,1.91160904996,4.82924421897,0.556343839365,0.000166903151809,-0.00285984391182,-0.00358009991081,0.00327373971032,1.95360465525,4.67472797943,0.0488910688489,1.46673206547e-05,0.00489830546537,0.00417921275695,0.00327373971032,1.92275783124,4.94204976245,0.0450134336275,1.35040300882e-05,-0.0131733483506,-0.0140367542945,0.00327373971032,2.37828836465,5.30547600101,0.52605755185,0.000157817265555,-0.0100769030293,-0.0108761846544,0.00327373971032,2.43213863947,5.33158166279,0.312309822583,9.36929467749e-05,1,1,4,0,3
1927-06,0.0146274572764,0.0135172521211,0.00327373971032,1.87773508051,4.81848138051,1.34872158977,0.00040461647693,-0.00758776870215,-0.00835597501172,0.00327373971032,1.92030589475,4.95177228278,0.208725437438,6.26176312314e-05,-0.00571877948351,-0.00647403881584,0.00327373971032,1.94947432985,4.74717874149,0.165568846626,4.96706539879e-05,-0.00561548587073,-0.00636926079607,0.00327373971032,1.92096806183,5.02031540558,0.160620823357,4.8186247007e-05,0.00110670423786,0.000152635374156,0.00327373971032,2.37571624535,5.72950758057,0.828267284566,0.00024848018537,0.00265673504741,0.00170466317687,0.00327373971032,2.41829205534,5.8783180546,0.82161064069,0.000246483192207,1,1,4,0,3
1927-07,0.000502014428642,-0.000413805115452,0.00327373971032,1.90771377358,5.16272430045,0.700769552523,0.000210230865757,0.000321497765267,-0.000735830694023,0.00327373971032,1.96245679184,5.30197614049,1.17246593651,0.000351739780953,7.91521135985e-05,-0.000910928834432,0.00327373971032,1.97970377685,5.09479780696,0.948307565644,0.000284492269693,0.00315203309613,0.00228052311537,0.00327373971032,1.93805180282,5.26612326135,0.553071008093,0.000165921302428,0.00117729998701,0.000103509311952,0.00327373971032,2.45006102677,6.41056620828,1.22733998908,0.000368201996725,0.00152073592662,0.000453384571735,0.00327373971032,2.48903002552,6.49108814363,1.20587558848,0.000361762676545,1,1,4,0,3
1927-08,0.00635652837017,0.00313375927311,0.00327373971032,1.96108244732,5.33019969885,8.39060139573,0.00251718041872,0.0252528437681,0.0244109293119,0.00327373971032,2.15813668271,5.75639540006,0.454419259568,0.00013632577787,0.0406253585919,0.0397839196639,0.00327373971032,2.00702977775,5.18390305823,0.452834165277,0.000135850249583,0.0323171043639,0.0314612615119,0.00327373971032,2.15940179225,5.76697050692,0.500847245577,0.000150254173673,0.0261347040873,0.0243641347522,0.00327373971032,2.75589403832,3.51012573064,3.54993552235,0.00106498065671,0.0321984325432,0.0304036401295,0.00327373971032,2.54787566611,3.10497764655,3.63067911784,0.00108920373535,1,1,4,0,3
1927-09,0.0180502093496,0.0171330370317,0.00327373971032,2.01369649851,5.20775606996,0.7052787987,0.00021158363961,0.0173571326263,0.0140047732549,0.00327373971032,2.16705368706,5.79654930463,8.82256897686,0.00264677069306,0.00638742275243,0.00566461653315,0.00327373971032,2.01468126289,5.21333900331,0.057391803122,1.72175409366e-05,0.0436050636735,0.0428690005899,0.00327373971032,2.17991029849,5.84816429215,0.101581351032,3.04744053095e-05,0.0321964753569,0.0303026775739,0.00327373971032,2.76297007326,3.22541291483,3.96069701568,0.0011882091047,0.0281006269604,0.0272945558162,0.00327373971032,2.61255577637,3.05677330812,0.33494155293,0.000100482465879,1,1,4,0,3
1927-10,-0.00222666780606,-0.0055730695587,0.00327373971032,2.00687740818,5.47643034235,8.80271024766,0.0026408130743,-0.00555026537136,-0.00666012245457,0.00327373971032,2.18604269171,5.85554505065,1.34756134958,0.000404268404875,-0.0132199438523,-0.0141660166483,0.00327373971032,2.0341260055,5.31996629686,0.8016137256,0.00024048411768,-0.0200255945043,-0.0208486020381,0.00327373971032,2.22187219511,5.96585077273,0.391396184761,0.000117418855428,-0.0132197528555,-0.0152233560454,0.00327373971032,2.78253218971,3.0821000896,4.32671503875,0.00129801451162,-0.0153827492867,-0.0173375469527,0.00327373971032,2.63427182721,6.51464940451,4.16402995895,0.00124920898769,1,1,4,0,3
1927-11,0.0365610212196,0.0356852840941,0.00327373971032,2.00566801835,5.51915846853,0.567161490334,0.0001701484471,0.0391966182782,0.0357841999478,0.00327373971032,2.1825323488,5.89668305103,9.02276550686,0.00270682965206,0.035435786914,0.0344421274139,0.00327373971032,2.02209196211,5.347213302,0.960236072565,0.00028807082177,0.032239085468,0.0314258957067,0.00327373971032,2.15849223944,5.85326288632,0.358670276378,0.000107601082913,0.0445047873516,0.0425560646068,0.00327373971032,2.75272469767,6.83534542489,4.14378022177,0.00124313406653,0.0426498516696,0.0417177525843,0.00327373971032,2.60166370749,6.53654858501,0.755034689942,0.000226510406983,1,1,4,0,3
1927-12,0.00294578243043,0.00168449502114,0.00327373971032,2.02615393254,5.26729807006,1.85232910318,0.000555698730953,0.0550065627385,0.0541477027197,0.00327373971032,2.30149481677,6.18929538349,0.510904468191,0.000153271340457,0.0513522399138,0.0504155029673,0.00327373971032,2.03854513414,5.41117967394,0.770494227028,0.000231148268108,0.0272429445371,0.0263997003752,0.00327373971032,2.17599156332,5.96000804375,0.458851611793,0.000137655483538,0.0318909483867,0.0308157873799,0.00327373971032,2.72204278509,6.18982777438,1.23190776155,0.000369572328466,0.0317623240199,0.0307357910215,0.00327373971032,2.56437356423,5.9142728743,1.06981439999,0.000320944319996,1,1,4,0,3
1928-01,-0.00318890251491,-0.00444681770822,0.00327373971032,2.23073084441,5.83946488915,1.84108838323,0.000552326514969,0.00458435125774,0.00368333594619,0.00327373971032,2.41935079496,6.43934703158,0.651422110726,0.000195426633218,-0.00366303710194,-0.00444947918946,0.00327373971032,2.0420454847,5.45937914258,0.269511363947,8.08534091841e-05,0.0016077663635,0.000830214520271,0.00327373971032,2.22183203985,6.1965794086,0.239877216298,7.19631648893e-05,-0.000423992793399,-0.0013457088237,0.00327373971032,2.71088645107,6.588533971,0.720424506533,0.00021612735196,-0.00333222202545,-0.00423070086928,0.00327373971032,2.54890208013,6.46302005891,0.64296721829,0.000192890165487,1,1,4,0,3
1928-02,0.00412959997005,0.00293715991157,0.00327373971032,2.54742746309,6.98162820466,1.6228379338,0.000486851380141,-0.0266029035729,-0.0275210816331,0.00327373971032,2.47687742759,6.70197175608,0.708631272871,0.000212589381861,-0.0220485460841,-0.0228226888454,0.00327373971032,2.09847901912,5.68789275268,0.228513610104,6.85540830311e-05,-0.00516679204039,-0.0062069258675,0.00327373971032,2.42190414208,6.62059539654,1.11515049593,0.000334545148778,-0.00927590140886,-0.0104138946697,0.00327373971032,3,7.72567452888,1.44134860834,0.000432404582503,-0.00899318353374,-0.0100501363308,0.00327373971032,2.82942291677,7.36270501541,1.17121372904,0.000351364118711,1,1,4,0,3
1928-03,0.053757663998,0.0496661919911,0.00327373971032,2.54748704621,6.54785309697,11.286277762,0.0033858833286,0.0491229001882,0.0481919991175,0.00327373971032,2.43864860312,6.58024242313,0.751041307693,0.000225312392308,0.0159335039455,0.0152015412161,0.00327373971032,2.07297075876,5.60249041705,0.0879135033783,2.63740510135e-05,0.0296491772567,0.0289192094332,0.00327373971032,2.39965075726,6.54348859283,0.0812638172851,2.43791451855e-05,0.0505466589484,0.0484747636228,0.00327373971032,3,3.55886038282,4.55435549109,0.00136630664733,0.0351556371966,0.033214172529,0.00327373971032,2.81097721118,3.24311838475,4.11958663066,0.0012358759892,1,1,4,0,3
1928-04,-0.00852468772651,-0.0099468159772,0.00327373971032,2.61856053093,6.73448508407,2.38846524118,0.000716539572353,0.0562708010972,0.055516454096,0.00327373971032,2.49760373421,6.74277016587,0.16252774274,4.8758322822e-05,-0.000716346514484,-0.00149317400202,0.00327373971032,2.15820491147,5.83995311436,0.237462697318,7.12388091955e-05,0.0170253936064,0.0161058264481,0.00327373971032,2.67176098994,7.25675019276,0.713261599927,0.000213978479978,0.0259834944344,0.0249880285714,0.00327373971032,3,3.25289285059,0.966257282271,0.000289877184681,0.000738003758037,-0.000254155889393,0.00327373971032,3,3.13724587596,0.955236563642,0.000286570969093,1,1,4,0,3
1928-05,0.0155998146031,0.0110524288038,0.00327373971032,2.63763335379,6.71270367084,12.8059904033,0.00384179712098,0.0553071246314,0.0513106007175,0.00327373971032,2.5212440399,6.27862249066,10.9697841184,0.00329093523551,0.0176882266288,0.0167235287896,0.00327373971032,2.23505284152,6.06116420426,0.863697202659,0.000259109160798,0.0225335541412,0.0216070434383,0.00327373971032,2.81579295348,7.52933989188,0.736406748541,0.000220922024562,0.0353896763123,0.0342491860857,0.00327373971032,3,3.46624504384,1.44967182749,0.000434901548247,0.0215998777358,0.0193941863594,0.00327373971032,3,7.45561443579,5.0003423267,0.00150010269801,1,1,4,0,3
1928-06,-0.0121474791921,-0.0165101839818,0.00327373971032,3,8.24157952228,12.190387038,0.00365711611139,-0.00969191730312,-0.0106082814285,0.00327373971032,2.44142847837,6.63770988651,0.702584823583,0.000210775447075,-0.0518017563872,-0.0527137974568,0.00327373971032,2.27716652612,6.14570766923,0.688174637429,0.000206452391229,-0.0789796240703,-0.079799836475,0.00327373971032,3,7.91141897977,0.38207908789,0.000114623726367,-0.0353491692098,-0.0373323490785,0.00327373971032,3,3.92757860975,4.25863730132,0.00127759119039,-0.0536509533266,-0.0556655099294,0.00327373971032,3,3.92484874187,4.36322641473,0.00130896792442,1,1,4,0,3
1928-07,0.0817157611983,0.080803354173,0.00327373971032,3,8.20285513219,0.689394489795,0.000206818346938,0.034349892117,0.0335987624978,0.00327373971032,2.42714144672,6.55979385082,0.151803136349,4.55409409047e-05,0.0304753155445,0.0270942298887,0.00327373971032,2.15878850133,5.81723380369,8.91832325843,0.00267549697753,0.0615937277934,0.0576302746501,0.00327373971032,2.60239443192,6.81225744545,10.8595482166,0.00325786446499,0.0649867661517,0.062954127844,0.00327373971032,3,7.61144680376,4.42349876446,0.00132704962934,0.0592975883433,0.0562940320445,0.00327373971032,2.89485181316,7.135918483,7.65989206807,0.00229796762042,1,1,4,0,3
1928-08,0.0419144459809,0.0404349680541,0.00327373971032,2.79358916819,7.36621330473,2.57963082832,0.000773889248496,-0.00722026566461,-0.00806517075822,0.00327373971032,2.43789923474,6.36411016004,0.46438805089,0.000139316415267,-0.00682491282654,-0.00765721410271,0.00327373971032,2.15650088893,5.61268173991,0.422375326104,0.000126712597831,0.074256126707,0.0732510775435,0.00327373971032,2.53703235075,6.41637658229,0.998201616955,0.000299460485087,0.0388442820386,0.0377037027048,0.00327373971032,3,6.55165300059,1.4499688517,0.00043499065551,0.0356658945958,0.0345199329768,0.00327373971032,2.81105325119,5.97396170242,1.46790980239,0.000440372940716,1,1,4,0,3
1928-09,-0.054151208986,-0.0553859501178,0.00327373971032,2.76982484505,6.7400085643,1.76384151159,0.000529152453477,-0.0412054266577,-0.0426565321373,0.00327373971032,2.45152260403,6.55577591667,2.48505600429,0.000745516801287,0.038768945789,0.0379890183104,0.00327373971032,2.16269320564,5.74797913753,0.247796000918,7.43388002753e-05,0.0250568653222,0.0242946225196,0.00327373971032,2.42347875595,6.22752950124,0.188847081047,5.66541243141e-05,-0.0255282091904,-0.0267230641889,0.00327373971032,3,6.96651111226,1.63088773364,0.000489266320092,0.00788737244811,0.00697837893707,0.00327373971032,2.80046887427,5.89634130465,0.678016109008,0.000203404832702,1,1,4,0,3
1928-10,0.0403578147122,0.0391105648535,0.00327373971032,2.68636048906,6.4663354783,1.80553726779,0.000541661180338,0.0352586642329,0.0343923044543,0.00327373971032,2.3613478786,6.31129297002,0.535903667622,0.000160771100287,0.04903176666,0.0480366633906,0.00327373971032,2.17697002331,5.74310530166,0.965048636885,0.000289514591065,0.0566347910435,0.055815270086,0.00327373971032,2.42755757921,6.22409649944,0.379774263976,0.000113932279193,0.055358051098,0.0543655446038,0.00327373971032,2.97988622053,6.88337252973,0.95639271964,0.000286917815892,0.061896878483,0.0608278013511,0.00327373971032,2.86984356205,6.67242851601,1.21162817837,0.000363488453512,1,1,4,0,3
1928-11,0.112714685857,0.108408777077,0.00327373971032,2.65864151305,7.05848518401,12.001067008,0.00360032010241,0.0493705575095,0.0482268262865,0.00327373971032,2.50436060687,6.71693080864,1.46047514881,0.000438142544643,0.0470861032756,0.0462265457007,0.00327373971032,2.24868256343,5.95488255835,0.513229655293,0.000153968896588,0.0542660317394,0.0534881758376,0.00327373971032,2.44981593358,6.36331969502,0.240890744912,7.22672234737e-05,0.08615790715,0.0840872153349,0.00327373971032,3,3.63573614164,4.55034378939,0.00136510313682,0.0873443871557,0.0854564288006,0.00327373971032,2.87800685898,3.46875603182,3.94123225602,0.00118236967681,1,1,4,0,3
1928-12,0.0294271219213,0.0255202772258,0.00327373971032,2.29029689161,5.89256727393,10.6708533905,0.00320125601715,0.0391372414327,0.0383665362716,0.00327373971032,2.44095903961,6.5092087448,0.217054942724,6.51164828173e-05,0.0352132088068,0.0344659318317,0.00327373971032,2.205041022,5.82306931333,0.138960989194,4.16882967582e-05,0.0199125988754,0.0190801367809,0.00327373971032,2.46795474796,6.35727716459,0.422911386981,0.000126873416094,0.0340434306277,0.0320707154207,0.00327373971032,2.82097169506,7.03604044668,4.22375509533,0.0012671265286,0.030786576045,0.0289150061044,0.00327373971032,2.67941342928,6.50434231591,3.88660420737,0.00116598126221,1,1,4,0,3
1929-01,0.0302646082847,0.0268603289368,0.00324129807381,2.27803400325,5.99394534851,8.99563556539,0.00269869066962,0.0325392918095,0.0288433261296,0.00324129807381,2.40865571974,6.39341409392,9.96792333848,0.00299037700154,0.0735210840813,0.0727578732744,0.00324129807381,2.17606912446,5.72534081372,0.192073761753,5.76221285258e-05,0.120340341247,0.119606429813,0.00324129807381,2.46930949341,6.37678233474,0.0944091859529,2.83227557859e-05,0.0697943629957,0.0668629333596,0.00324129807381,2.8043084219,3.51215931857,7.41946985915,0.00222584095774,0.0853835590935,0.0836548384221,0.00324129807381,2.66596702681,3.32966403552,3.41043997681,0.00102313199304,1,1,4,0,3
1929-02,0.0780265872215,0.0745319724052,0.00324129807381,2.26519956336,5.87636621346,9.29675379337,0.00278902613801,0.10367586557,0.1001645227,0.00324129807381,2.39731760838,6.29505710027,9.35251396936,0.00280575419081,0.0645889437682,0.0637609790978,0.00324129807381,2.03653112752,5.31742083992,0.407919973805,0.000122375992141,0.0674202154804,0.0663951154935,0.00324129807381,2.14000302774,5.57262653861,1.06503769524,0.000319511308572,0.0977801269256,0.0948680356656,0.00324129807381,2.67994814751,6.59681897146,7.35500860563,0.00220650258169,0.0800853238559,0.0783400531453,0.00324129807381,2.4668562366,5.92907785307,3.46560677413,0.00103968203224,1,1,4,0,3
1929-03,0.121706185749,0.120636320279,0.00324129807381,2.13874617655,5.51233847941,1.21425597267,0.000364276791802,0.121759703051,0.120835530731,0.00324129807381,2.11397549305,5.56644495955,0.728612140716,0.000218583642215,0.126638707406,0.125855364146,0.00324129807381,1.95376173115,5.0582388998,0.259181940113,7.77545820339e-05,0.12893776383,0.128075760255,0.00324129807381,2.06867935215,5.30406307089,0.521382990782,0.000156414897235,0.143819322096,0.142801068761,0.00324129807381,2.43272236115,6.05499001115,1.04221552201,0.000312664656603,0.145064780964,0.144117568309,0.00324129807381,2.32651369697,5.64075576554,0.805413254459,0.000241623976338,1,1,4,0,3
1929-04,-0.0477997338162,-0.0487311182776,0.00324129807381,1.87993035495,4.86037096364,0.752652610335,0.0002257957831,-0.0481012854877,-0.049087015135,0.00324129807381,1.8821065612,4.95120914667,0.933803229892,0.000280140968968,-0.0369697625529,-0.0379768389509,0.00324129807381,1.66806208251,4.40846600495,1.00495906563,0.00030148771969,-0.0306790960489,-0.0316026064957,0.00324129807381,1.82833143439,4.74887011703,0.726405895023,0.000217921768507,-0.0475726085106,-0.0485750770969,0.00324129807381,2.08294486317,5.35964001316,0.989599693214,0.000296879907964,-0.0420879647685,-0.0430938505654,0.00324129807381,1.95697641591,4.917775968,1.00099039495,0.000300297118486,1,1,4,0,3
1929-05,-0.000203839304575,-0.00115929043731,0.00324129807381,1.76459267575,4.51831399518,0.832874847978,0.000249862454393,-0.0426672997707,-0.0434779934626,0.00324129807381,1.77133099502,4.60939210247,0.350350045075,0.000105105013522,-0.0267824179711,-0.0275612276321,0.00324129807381,1.61341556137,4.2123207003,0.244069942109,7.32209826326e-05,0.000852930283967,6.76296079594e-06,0.00324129807381,1.77663963374,4.54560621059,0.468595482779,0.000140578644834,-0.0156760233671,-0.0165881042894,0.00324129807381,1.95057949542,4.85887656035,0.688307479686,0.000206492243906,-0.0105294745596,-0.0114144033745,0.00324129807381,1.859773663,4.65561098393,0.597800454921,0.000179340136476,1,1,4,0,3
1929-06,-0.0330456586448,-0.036249533064,0.00324129807381,1.7784291543,4.280630043,8.32761913638,0.00249828574092,0.0146322857113,0.0137677531652,0.00324129807381,1.68673972723,4.46330494252,0.529812892607,0.000158943867782,0.0300030073235,0.0292759234491,0.00324129807381,1.5762661335,4.14078774242,0.0716506536614,2.14951960984e-05,0.0133649768642,0.0126377063265,0.00324129807381,1.76785676521,4.49464643659,0.072272864637,2.16818593911e-05,-0.00231089868037,-0.00399576883152,0.00324129807381,1.92459500413,1.89362196802,3.26427157605,0.000979281472816,0.00450502177292,0.0029167219642,0.00324129807381,1.84463992439,1.71324054934,2.94237043458,0.000882711130375,1,1,4,0,3
1929-07,0.00879815945506,0.00569698464672,0.00324129807381,1.76826575802,4.4871309667,7.98528710002,0.00239558613001,0.0174055926669,0.0164883862179,0.00324129807381,1.70130789874,4.48774198682,0.705392569052,0.000211617770716,-0.00695457483524,-0.00774046705255,0.00324129807381,1.60358954747,4.19880704124,0.267678463253,8.0303538976e-05,-0.00979115180304,-0.0105026533492,0.00324129807381,1.76612119016,4.49772441509,0.0197095595263,5.91286785788e-06,0.00777981723619,0.00608887093598,0.00324129807381,1.93357197706,4.73292401608,3.28452540624,0.000985357621871,-0.00151534802638,-0.00310562322524,0.00324129807381,1.87124215961,4.50147699243,2.94895506842,0.000884686520525,1,1,4,0,3
1929-08,0.0449139170402,0.0439201970817,0.00324129807381,1.76780926731,4.0503962751,0.960437600733,0.00028813128022,0.0174466301963,0.0146364347606,0.00324129807381,1.73135834391,4.50752402242,7.01535585799,0.0021046067574,0.0401343336949,0.0393155675077,0.00324129807381,1.63473666051,4.28058528685,0.377258363071,0.000113177508921,0.0416378041855,0.0408549711172,0.00324129807381,1.74553714267,4.49081889863,0.257481299837,7.7244389951e-05,0.0385208256195,0.0369621496336,0.00324129807381,1.94318392529,1.88929965752,2.84362435856,0.000853087307569,0.0460174626228,0.0451379263251,0.00324129807381,1.87648867591,4.55435436048,0.579825397825,0.000173947619348,1,1,4,0,3
1929-09,0.0142765003995,0.0114658063952,0.00324129807381,1.74455823179,4.20237114862,7.01701775332,0.002105105326,0.0128363531888,0.00991995739382,0.00324129807381,1.73152744824,4.47372985644,7.36935705549,0.00221080711665,0.0132554310717,0.0123860058607,0.00324129807381,1.64563410185,4.2799509637,0.546121775329,0.000163836532599,0.0199955655716,0.0192214162052,0.00324129807381,1.73702419257,4.45709638136,0.228535626931,6.85606880794e-05,0.0169787641994,0.016180131859,0.00324129807381,1.92902409743,2.01458980222,0.31014554022,9.30436620661e-05,0.017137855065,0.0155688410061,0.00324129807381,1.85590404892,2.03603711182,2.87808460192,0.000863425380576,1,1,4,0,3
1929-10,-0.0565815272652,-0.0594007745233,0.00324129807381,1.74457978491,4.10852429034,7.04552859922,0.00211365857977,-0.0765880785514,-0.0773345439515,0.00324129807381,1.73161047572,4.33927177894,0.136255738987,4.0876721696e-05,-0.0759311288079,-0.076714635012,0.00324129807381,1.65007795737,4.28230226689,0.259725085812,7.79175257436e-05,-0.0761909654151,-0.0768972555977,0.00324129807381,1.73868012302,4.45943472898,0.00233834761647,7.01504284941e-07,-0.0778005384949,-0.0793313938153,0.00324129807381,1.92926074126,4.55063937619,2.75088880666,0.000825266641997,-0.0765474604435,-0.0780475005607,0.00324129807381,1.85769260774,4.27868742119,2.64817146302,0.000794451438907,1,1,4,0,3
1929-11,0.0214886163271,0.0186292168163,0.00324129807381,1.65576693999,3.8891724412,7.17936944162,0.00215381083249,-0.167265140593,-0.16812098403,0.00324129807381,1.56184873891,3.8384225849,0.500849194041,0.000150254758212,-0.0316984540233,-0.0343682432357,0.00324129807381,1.48686023495,3.79470570393,6.54733511344,0.00196420053403,-0.138113648,-0.139054410113,0.00324129807381,1.52349631278,3.83179640554,0.783911446099,0.00023517343383,-0.103378480794,-0.105009103554,0.00324129807381,1.72025888381,1.66868672059,3.08344693929,0.000925034081787,-0.055027730517,-0.05726392282,0.00324129807381,1.66018305351,1.55744288931,5.10201208242,0.00153060362473,1,1,4,0,3
1929-12,-0.0088389130479,-0.00986918801006,0.00324129807381,1.65548771456,3.63672662307,1.08228761276,0.000324686283828,-0.00477095282849,-0.00729456428449,0.00324129807381,1.09253625491,2.49747912631,6.06007592556,0.00181802277767,0.0041685416899,0.00335942060711,0.00324129807381,1.45584370761,3.53311206314,0.345108014854,0.000103532404456,0.00669718052558,0.00550545776909,0.00324129807381,1.14087486316,2.65486194399,1.62044692716,0.000486134078149,-0.00203392196493,-0.00361899685756,0.00324129807381,1.42169991844,1.34995748126,2.93162071432,0.000879486214296,0.00130152923734,0.000403602658923,0.00324129807381,1.53916136677,1.3548432808,0.641126333598,0.000192337900079,1,1,4,0,3
1930-01,-0.0183638335561,-0.0192218817834,0.00333288720634,1.64261110607,3.61717480807,0.508198496469,0.000152459548941,-0.0121192557492,-0.0129119990272,0.00333288720634,1.09107563266,2.50932034287,0.290515332077,8.71545996231e-05,-0.0178625296075,-0.0187095476551,0.00333288720634,1.46195486273,3.42416026061,0.471431230762,0.000141429369229,0.0119561767773,0.0110788309455,0.00333288720634,1.14613422947,2.67908447376,0.572523844755,0.000171757153426,-0.00613972270927,-0.00698000231878,0.00333288720634,1.41900411341,1.44123108567,0.448969770588,0.000134690931176,-0.00697960406536,-0.00783296828593,0.00333288720634,1.54169049576,1.37427784193,0.492585140804,0.000147775542241,1,1,4,0,3
1930-02,0.00779941215739,0.00509453021924,0.00333288720634,1.6177831252,3.52949924865,6.66431086607,0.00199929325982,0.0103114562124,0.00959902637568,0.00333288720634,1.0859373233,2.48689712742,0.0228038614273,6.84115842819e-06,-0.017816362427,-0.0185443213942,0.00333288720634,1.44278668198,3.34975649545,0.0745676295797,2.23702888739e-05,-0.00425618493207,-0.00628151988807,0.00333288720634,1.14632828729,2.67237419856,4.39915425889,0.00131974627767,0.0054713151236,0.0046875614486,0.00333288720634,1.4136458364,1.29645597846,0.260549988877,7.81649966631e-05,-0.00508538993993,-0.00587656478127,0.00333288720634,1.53309670277,1.39774437575,0.285287210019,8.55861630058e-05,1,1,4,0,3
1930-03,-0.00210728121438,-0.00314743755757,0.00333288720634,1.61849845703,3.6967570745,1.11522554951,0.000334567664853,0.0309756915191,0.0302332402934,0.00333288720634,1.08717407715,2.60039610477,0.122875157769,3.68625473307e-05,0.0396196603999,0.0386531346817,0.00333288720634,1.42666289666,3.44762413777,0.869790132786,0.000260937039836,0.0147145334147,0.0138696690435,0.00333288720634,1.14397566143,2.66703601321,0.464252309663,0.000139275692899,0.0187061152046,0.0178495229247,0.00333288720634,1.41544638442,1.22953177576,0.503345338654,0.000151003601596,0.0198822736043,0.0190157862155,0.00333288720634,1.52861461581,1.32673168203,0.536329034683,0.000160898710405,1,1,4,0,3
1930-04,0.00354654742685,0.000968991424594,0.00333288720634,1.61612615142,3.65323926706,6.23989107973,0.00187196732392,0.0321089377183,0.0300743225639,0.00333288720634,1.07711723299,2.57526419157,4.43008825368,0.0013290264761,-0.0151888817864,-0.0159021444077,0.00333288720634,1.41278336248,3.42204432791,0.0255798098591,7.67394295772e-06,-0.0122705041362,-0.0130948536551,0.00333288720634,1.14886293489,2.67458590462,0.395869468505,0.000118760840552,0.0068331658431,0.00601749914531,0.00333288720634,1.41628738689,1.38787381135,0.366926731527,0.000110078019458,-0.013075350591,-0.0145170971626,0.00333288720634,1.53218603152,3.64396712175,2.45385964432,0.000736157893296,1,1,4,0,3
1930-05,0.0187042665692,0.0179354462084,0.00333288720634,1.61710547184,3.45096231765,0.210772274856,6.32316824568e-05,0.0267681229672,0.0248186992407,0.00333288720634,1.06655933672,2.52715756944,4.14611682714,0.00124383504814,0.0514463138684,0.050720668641,0.00333288720634,1.40104413101,3.35637603613,0.0668551637148,2.00565491144e-05,0.0390860283348,0.0383662977769,0.00333288720634,1.14130672675,2.62873566895,0.0471395984417,1.41418795325e-05,0.0333946020163,0.0320781297003,0.00333288720634,1.41879229617,3.32231392235,2.03627879235,0.000610883637706,0.0408028392979,0.0400533114877,0.00333288720634,1.52082215774,3.50404507726,0.146463772888,4.39391318663e-05,1,1,4,0,3
1930-06,-0.0164676823918,-0.0190311267102,0.00333288720634,1.6320717371,3.53030265467,6.19285213346,0.00185785564004,0.0146119504112,0.0138911178311,0.00333288720634,1.06020288569,2.50908322606,0.0508130060134,1.5243901804e-05,0.0476974397049,0.0469614866954,0.00333288720634,1.36216966286,3.27911850258,0.101214437432,3.03643312295e-05,0.0251918240399,0.0244650615377,0.00333288720634,1.12406636508,2.58769742197,0.0705794130104,2.11738239031e-05,0.0116569708337,0.0103079451861,0.00333288720634,1.41045035559,1.23686667429,2.14478989739,0.000643436969217,0.0210295803095,0.0196476741168,0.00333288720634,1.50275355834,1.30738637124,2.25439171481,0.000676317514443,1,1,4,0,3
1930-07,0.0177511960817,0.0151956733207,0.00333288720634,1.61191757355,3.47028948996,6.16644694213,0.00184993408264,0.00639178493358,0.00567815788185,0.00333288720634,1.06081416625,2.51410208073,0.0267945779693,8.03837339078e-06,0.0066062471061,0.00580026297095,0.00333288720634,1.33457027705,3.22383094056,0.334651522698,0.00010039545681,0.0122693376904,0.0114629011774,0.00333288720634,1.12175053294,2.57795622421,0.336159448939,0.000100847834682,0.0112653247996,0.00987573137079,0.00333288720634,1.41178567095,3.43672750784,2.28001583475,0.000684004750426,0.0118654271104,0.0104635686111,0.00333288720634,1.50178446405,3.62100561093,2.32089940337,0.00069626982101,1,1,4,0,3
1930-08,-0.00664831121128,-0.00735832863202,0.00333288720634,1.61300459506,3.46307394563,0.0147624746942,4.42874240826e-06,-0.00249056632299,-0.00326292209024,0.00333288720634,1.06135197334,2.51193154359,0.222556963061,6.67670889184e-05,-0.00382143245979,-0.00461534069857,0.00333288720634,1.33629842826,3.22785164201,0.294398534833,8.83195604499e-05,-0.00302021102975,-0.00373009741548,0.00333288720634,1.12248794075,2.57703357987,0.0143256913288,4.29770739864e-06,-0.004995954922,-0.00572992596295,0.00333288720634,1.41324330061,3.51380333809,0.0946078753852,2.83823626156e-05,-0.00542428245362,-0.00616221235267,0.00333288720634,1.50387365675,3.70953109034,0.10780406904,3.2341220712e-05,1,1,4,0,3
1930-09,0.00497650364921,0.00244822682411,0.00333288720634,1.60549004236,3.43192378217,6.07562715588,0.00182268814676,0.0113862085263,0.0106324008484,0.00333288720634,1.06058955505,2.49960839134,0.160729998673,4.8218999602e-05,0.018332114278,0.0176227447577,0.00333288720634,1.33873275773,3.2241590405,0.0126028066131,3.78084198394e-06,0.0172565526014,0.0165455714916,0.00333288720634,1.12082447792,2.56446829309,0.0179747715136,5.39243145409e-06,0.0125595243616,0.0111887608181,0.00333288720634,1.40860293947,1.36178809788,2.2172495508,0.000665174865239,0.015110783233,0.0137250782154,0.00333288720634,1.49911346479,1.44519528245,2.26705446409,0.000680116339228,1,1,4,0,3
1930-10,-0.000143181991348,-0.0010980139459,0.00333288720634,1.6053671048,3.42849633445,0.830810920712,0.000249243276214,0.0186177885826,0.0179074409371,0.00333288720634,1.06042496212,2.50220307997,0.0158632238046,4.75896714137e-06,0.0235188340311,0.0227554678203,0.00333288720634,1.33779363475,3.22313352971,0.192591774673,5.7777532402e-05,0.0343328685193,0.0336205840119,0.00333288720634,1.12378261544,2.58400987985,0.022319430311,6.69582909331e-06,0.0197885055382,0.019024821724,0.00333288720634,1.41015003919,1.4355236583,0.193650452937,5.80951358811e-05,0.0216497891913,0.0208625260823,0.00333288720634,1.49982687915,1.52231243615,0.272248102271,8.16744306812e-05,1,1,4,0,3
1930-11,0.00697167074036,0.0044555793589,0.00333288720634,1.60591026741,3.44305307307,6.03500901041,0.00181050270312,0.00571295473824,0.0037842214337,0.00333288720634,1.05924707337,2.49525571687,4.07714875399,0.0012231446262,0.0122131277071,0.0115002891839,0.00333288720634,1.34187930924,3.22348363117,0.0241661493565,7.24984480694e-06,0.0212179503816,0.020504287943,0.00333288720634,1.11875892957,2.55883981357,0.0269125338895,8.07376016684e-06,0.0110462244056,0.0102791144943,0.00333288720634,1.41299482362,1.41789341606,0.205070776405,6.15212329216e-05,0.0137723131741,0.0123864149399,0.00333288720634,1.50559701068,3.54676177935,2.26769851947,0.00068030955584,1,1,4,0,3
1930-12,-0.0107918455209,-0.0117431827693,0.00333288720634,1.61690470448,3.45340013462,0.819161900384,0.000245748570115,-0.00559181637164,-0.00752617951912,0.00333288720634,1.06253048809,2.49799893929,4.09591489714,0.00122877446914,-0.00749888217051,-0.00821297603544,0.00333288720634,1.34604834408,3.22459217374,0.0283506220069,8.50518660208e-06,0.0016612609425,0.000950690216404,0.00333288720634,1.11773978637,2.54738226405,0.0166068258675,4.98204776024e-06,-0.00705981173423,-0.00841473162146,0.00333288720634,1.4180976832,3.31480645827,2.16443736298,0.000649331208893,-0.00729088127457,-0.00806831961606,0.00333288720634,1.51108815206,3.50195981018,0.239498877184,7.18496631553e-05,1,1,4,0,3
1931-01,0.0150950522217,0.0143845404063,0.00330205066514,1.60690217054,3.43994989023,0.0164104568668,4.92313706004e-06,0.00949078391957,0.0086541688966,0.00330205066514,1.06760431741,2.51175575756,0.436754482126,0.000131026344638,0.0100369040804,0.00927685535826,0.00330205066514,1.35267811109,3.23218089018,0.181533479236,5.44600437709e-05,0.00965171505762,0.00894207969539,0.00330205066514,1.11686785644,2.53454698784,0.013488946333,4.04668389991e-06,0.0120710828423,0.0113085907437,0.00330205066514,1.41344516208,3.373422477,0.18967806749,5.69034202469e-05,0.0121950839653,0.0114662145016,0.00330205066514,1.50494151575,3.55563867893,0.0776026177899,2.3280785337e-05,1,1,4,0,3
1931-02,0.0280365577193,0.02541972588,0.00330205066514,1.60912358876,3.43770516181,6.37081053662,0.00191124316099,0.0169100231159,0.0149631127518,0.00330205066514,1.06750008747,2.51232058095,4.13773895247,0.00124132168574,0.0209300803024,0.0185095767395,0.00330205066514,1.35561853407,3.24283753881,5.71638294851,0.00171491488455,-0.0126344156421,-0.0133424528562,0.00330205066514,1.11799172365,2.537371023,0.00816178607354,2.44853582206e-06,0.0116478367787,0.00969317369454,0.00330205066514,1.41470446261,1.29275056995,4.16358135267,0.0012490744058,0.0117259328499,0.00974541207897,0.00330205066514,1.50805796754,1.3702199134,4.24977364201,0.0012749320926,1,1,4,0,3
1931-03,0.0064682326765,0.00386747646623,0.00330205066514,1.60118266212,3.38707274205,6.31722510642,0.00189516753193,-0.00417043680394,-0.0049247528969,0.00330205066514,1.07035462381,2.49664955486,0.162424715411,4.87274146233e-05,0.0122322452595,0.00980684505178,0.00330205066514,1.36624702486,3.24850303957,5.7327050979,0.00171981152937,0.0109148818062,0.0101948166792,0.00330205066514,1.11040549302,2.49708553206,0.048254829101,1.44764487303e-05,0.00496088110857,0.00357219519893,0.00330205066514,1.41815415483,1.29567669382,2.27699077098,0.000683097231295,0.0121118654102,0.0101204662187,0.00330205066514,1.51322741502,3.44351066381,4.28603504396,0.00128581051319,1,1,4,0,3
1931-04,-0.00650901816998,-0.0090185352527,0.00330205066514,1.61850227444,3.41998562655,6.01309468127,0.00180392840438,-0.00542210299793,-0.00631682993688,0.00330205066514,1.07339940265,2.50166172955,0.630460868741,0.000189138260622,0.0219287137891,0.0195072885185,0.00330205066514,1.36622610266,3.24346751683,5.71945530766,0.0017158365923,0.0158967013833,0.0151875818154,0.00330205066514,1.11099387944,2.49428040295,0.0117696321534,3.53088964601e-06,0.0020650488658,0.00063848505414,0.00330205066514,1.42404881903,1.35810899885,2.40325044442,0.000720975133325,0.0110405949387,0.00907277212106,0.00330205066514,1.51548564878,1.43616187165,4.20744713097,0.00126223413929,1,1,4,0,3
1931-05,0.0101816101276,0.00774255663789,0.00330205066514,1.61646591636,3.41404496797,5.77821603786,0.00173346481136,-0.0151246037055,-0.0158786891202,0.00330205066514,1.07865098699,2.51249286688,0.161655788017,4.84967364051e-05,0.00373492508112,0.0029182574436,0.00330205066514,1.3663457631,3.23778234467,0.370263197285,0.000111078959185,0.00551762088243,0.00361697351144,0.00330205066514,1.11031867265,2.4896385573,3.98352897553,0.00119505869266,-0.00168519462842,-0.00241012134908,0.00330205066514,1.42350153997,1.36219263085,0.0644601411005,1.93380423302e-05,0.00521795061605,0.00443210268699,0.00330205066514,1.51760622187,1.44054248315,0.26753083575,8.0259250725e-05,1,1,4,0,3
1931-06,0.0185299519233,0.017498626808,0.00330205066514,1.61650771178,3.39977247775,1.08578812324,0.000325736436971,-0.00140770780819,-0.00217802729045,0.00330205066514,1.07926462258,2.49586991672,0.215769346407,6.4730803922e-05,-0.00259384461478,-0.00336192332899,0.00330205066514,1.36489449713,3.20949304133,0.208300119566,6.24900358699e-05,0.0188916487891,0.0170016177784,0.00330205066514,1.10997892973,2.4724025024,3.9481411077,0.00118444233231,0.0114044603897,0.0100127022191,0.00330205066514,1.42336915383,1.36475369935,2.2872316407,0.000686169492209,0.0120383159723,0.0106092619133,0.00330205066514,1.51676489931,1.44915579899,2.411551269,0.0007234653807,1,1,4,0,3
1931-07,-0.0582997112923,-0.0592104085297,0.00330205066514,1.62034484738,3.26047929076,0.683695196872,0.000205108559062,-0.037138463473,-0.0390652146657,0.00330205066514,1.07949680001,2.49670593082,4.07054171463,0.00122116251439,-0.0347334555673,-0.0354654708865,0.00330205066514,1.40169846215,3.29758184415,0.0880888028254,2.64266408476e-05,0.00864863299607,0.00792752997644,0.00330205066514,1.13621617271,2.52411697337,0.0517144709719,1.55143412916e-05,-0.0279363883206,-0.0292829280997,0.00330205066514,1.43696089007,3.43957913116,2.1365036692,0.000640951100761,-0.025399134838,-0.0261632328301,0.00330205066514,1.55341517991,1.58007149805,0.195031045914,5.85093137741e-05,1,1,4,0,3
1931-08,0.0093372292939,0.00838354067321,0.00330205066514,1.54094720497,3.24062662002,0.826999807829,0.000248099942349,0.0172780630121,0.0164336832468,0.00330205066514,1.05348017049,2.49801294975,0.462636956511,0.000138791086953,0.0204125650554,0.0180127963791,0.00330205066514,1.3546313418,3.25210712794,5.64726666014,0.00169417999804,0.0218968430205,0.0211639746841,0.00330205066514,1.14227673432,2.55567020053,0.0909321933949,2.72796580185e-05,0.0142092767222,0.0133490878654,0.00330205066514,1.42011314594,3.4809232836,0.515333928013,0.000154600178404,0.015529038033,0.0140679074888,0.00330205066514,1.53073408262,3.70949780413,2.51847288619,0.000755541865858,1,1,4,0,3
1931-09,-0.0187772284351,-0.021200836004,0.00330205066514,1.54920295232,3.37307861193,5.72672963522,0.00171801889056,-0.00862476686002,-0.00937314352668,0.00330205066514,1.05018370523,2.48712109565,0.142626627748,4.27879883244e-05,0.0155092113985,0.0147023801866,0.00330205066514,1.35719012024,3.24550979422,0.337475112134,0.00010124253364,0.0253340583011,0.0246123451569,0.00330205066514,1.15176440016,2.59392557298,0.0537482198631,1.61244659589e-05,-0.00188514022733,-0.00325389230558,0.00330205066514,1.42296876012,1.3233540427,2.21054466635,0.000663163399906,0.00808224520717,0.00665030222098,0.00330205066514,1.53293775565,1.40895960224,2.42118102617,0.00072635430785,1,1,4,0,3
1931-10,0.112429039933,0.111502771917,0.00330205066514,1.56562242789,3.16734275207,0.735597793066,0.00022067933792,0.0863904986025,0.0843991735462,0.00330205066514,1.05417884858,2.48628453097,4.28578792645,0.00128573637794,-0.0627981092516,-0.0635112651245,0.00330205066514,1.3615389082,3.22604109715,0.0252239818587,7.5671945576e-06,0.0877235489787,0.0856580566239,0.00330205066514,1.14770800416,2.57260085268,4.53301225478,0.00135990367643,0.121915918192,0.119874386991,0.00330205066514,1.42851182814,3.60943283979,4.45314174205,0.00133594252262,0.0576134641593,0.0561842328642,0.00330205066514,1.53334455562,1.58812123943,2.41214205576,0.000723642616727,1,1,4,0,3
1931-11,0.0100910108857,0.00903278852817,0.00330205066514,1.34197246894,2.65449145675,1.17544559732,0.000352633679195,-0.0128554617982,-0.0137088011234,0.00330205066514,0.953304716958,2.03593413312,0.492502156268,0.00014775064688,-0.0178807909188,-0.0200572402762,0.00330205066514,1.26255934053,2.70431560823,4.90286893028,0.00147086067908,-0.0161702624317,-0.017021122101,0.00330205066514,1.05307492174,2.1389217989,0.484236636811,0.000145270991043,-0.00901160806948,-0.0101001025746,0.00330205066514,1.1973685234,2.37304165574,1.27635275605,0.000382905826816,-0.00895521033335,-0.0102979471093,0.00330205066514,1.49257935353,3.49774060648,2.12382699188,0.000637148097564,1,1,4,0,3
1931-12,0.0714850092876,0.0706019063041,0.00330205066514,1.4049006022,2.76389530414,0.591714350527,0.000177514305158,0.0806623491115,0.079868013888,0.00330205066514,0.952499045249,2.03207270749,0.295821817343,8.87465452029e-05,0.0857118157288,0.0850006777061,0.00330205066514,1.25771598463,2.6933638103,0.0184978147522,5.54934442565e-06,0.0671185305972,0.0664054506601,0.00330205066514,1.04351864723,2.13193572899,0.0249708624942,7.49125874825e-06,0.0812645831759,0.0805548447605,0.00330205066514,1.20744684474,2.3803290005,0.0138324569004,4.14973707013e-06,0.104023932825,0.103261507263,0.00330205066514,1.51844177286,3.68221984117,0.189456278394,5.68368835182e-05,1,1,4,0,3
1932-01,0.0551168987109,0.0540641761442,0.00339363567001,1.3199628151,2.49186140122,1.15711296124,0.000347133888372,0.0418909910223,0.0410863985066,0.00339363567001,0.873444085719,1.79829204918,0.330012791176,9.90038373528e-05,0.042143201221,0.0413365007992,0.00339363567001,1.14781526906,2.35632466538,0.33703914492,0.000101111743476,0.0403421014907,0.0394786125705,0.00339363567001,0.992039194158,1.93735306199,0.526334139418,0.000157900241825,0.0490917973619,0.0481652694383,0.00339363567001,1.11264901381,2.06410366624,0.736464150799,0.00022093924524,0.0634522279715,0.0623987240345,0.00339363567001,1.3343896573,2.65867690753,1.1597175289,0.000347915258671,1,1,4,0,3
1932-02,-0.000815925381622,-0.00175181277913,0.00339363567001,1.276667956,2.32595390734,0.767662397238,0.000230298719171,-0.000865453662483,-0.00160835359612,0.00339363567001,0.856009680676,1.69704182834,0.124370851012,3.73112553037e-05,-0.00472694698269,-0.00557712007392,0.00339363567001,1.14566048289,2.26625159525,0.481948042983,0.000144584412895,-0.00115458101235,-0.00189641198889,0.00339363567001,1.00380946916,1.87849848707,0.120807660687,3.62422982062e-05,-0.000935685414036,-0.00174962220882,0.00339363567001,1.09131059938,2.01492191399,0.361160388144,0.000108348116443,-0.0071987698399,-0.00811027178727,0.00339363567001,1.29896341407,2.65892797698,0.68637756344,0.000205913269032,1,1,4,0,3
1932-03,-0.0209085543313,-0.0218488989696,0.00339363567001,1.30522807592,2.24191315572,0.782519866636,0.000234755959991,-0.0152917326571,-0.0160472831314,0.00339363567001,0.871825242965,1.70519630222,0.166539320062,4.99617960185e-05,-0.0218497935007,-0.0225996138624,0.00339363567001,1.16075979679,2.28368184905,0.147438944676,4.42316834028e-05,-0.00890652807363,-0.00962038621779,0.00339363567001,1.01001400677,1.87781881451,0.0275648860701,8.26946582102e-06,-0.0153224970516,-0.0161202399381,0.00339363567001,1.11015593913,1.84978689247,0.307180694005,9.21542082016e-05,-0.0232907612733,-0.0240914357997,0.00339363567001,1.31711946536,2.41766962898,0.31695282709,9.50858481271e-05,1,1,4,0,3
1932-04,0.0802863005793,0.0783947259476,0.00339363567001,1.40393379737,2.39376817241,3.95328651144,0.00118598595343,0.0100158292699,0.00920719426425,0.00339363567001,0.901141966656,1.71765239853,0.343487757726,0.000103046327318,0.0132033068708,0.0124642829861,0.00339363567001,1.25560907137,2.38685214387,0.111450687949,3.34352063847e-05,0.0136389515208,0.0128812992932,0.00339363567001,1.06016976405,1.8857305717,0.173545164187,5.20635492562e-05,0.0323884661713,0.0312516219542,0.00339363567001,1.17433681597,1.07908556454,1.4375184625,0.000431255538751,0.0354195542221,0.0341942307114,0.00339363567001,1.4364238711,1.35334962756,1.73244944134,0.000519734832401,1,1,4,0,3
1932-05,0.00116370659694,0.00023227700814,0.00339363567001,1.32533226208,2.04127441047,0.752803034862,0.000225840910459,0.0172627556514,0.0158088343244,0.00339363567001,0.910555759567,1.69933830848,2.49444216215,0.000748332648645,0.0512784596357,0.0505630056247,0.00339363567001,1.27649233243,2.37844158404,0.0328844419895,9.86533259686e-06,0.039802475422,0.0390861950281,0.00339363567001,1.07168477583,1.86679245098,0.0356390519545,1.06917155863e-05,0.0226616801028,0.0216293287875,0.00339363567001,1.18254643412,1.02707026786,1.08920878983,0.000326762636948,0.0355234921187,0.0347517715926,0.00339363567001,1.45372800699,1.22912788757,0.220439492433,6.61318477298e-05,1,1,4,0,3
1932-06,0.00573399166715,0.00490368056175,0.00339363567001,1.32545351661,2.03029952169,0.415741423551,0.000124722427065,0.0302687410466,0.0295333164292,0.00339363567001,0.918237169927,1.66984837029,0.0994531300567,2.9835939017e-05,0.0240990935723,0.0233624620829,0.00339363567001,1.24988236507,2.30739055752,0.103476036853,3.10428110558e-05,0.0355149702148,0.0347968280112,0.00339363567001,1.05720458901,1.84830390371,0.0418450843088,1.25535252926e-05,0.0272195054046,0.0264722576713,0.00339363567001,1.18385505791,1.02571220181,0.138863516822,4.16590550465e-05,0.0245549874124,0.0238006506124,0.00339363567001,1.44443910592,1.29285303591,0.162493738581,4.87481215744e-05,1,1,4,0,3
1932-07,-0.0528196026817,-0.0544585275864,0.00339363567001,1.34980325429,2.26878723646,3.11112075428,0.000933336226284,0.0037527107823,0.00304319599791,0.00339363567001,0.909286326552,1.6567970389,0.0130870201677,3.92610605031e-06,-0.0435208720545,-0.0442811136917,0.00339363567001,1.25025350747,2.30959134179,0.18217652937,5.46529588111e-05,-0.0346992306349,-0.035411503644,0.00339363567001,1.04656190844,1.82684547792,0.0222811027441,6.68433082322e-06,-0.0283912041917,-0.0293820745395,0.00339363567001,1.17900917676,1.07524780507,0.950938898114,0.000285281669434,-0.0532842209948,-0.0544121906742,0.00339363567001,1.44050824144,2.62218047915,1.40793667021,0.000422381001064,1,1,4,0,3
1932-08,-0.0549810006493,-0.0559653052909,0.00339363567001,1.27071817204,2.0919796965,0.92905321102,0.000278715963306,-0.035057220824,-0.0357856773511,0.00339363567001,0.909580863208,1.61393236996,0.0762261623396,2.28678487019e-05,-0.0474149942345,-0.0490530936991,0.00339363567001,1.20175334163,2.11121066805,3.10836928772,0.000932510786317,-0.0572998701881,-0.0580895716743,0.00339363567001,1.01518996882,1.64198652422,0.280376026079,8.41128078238e-05,-0.0482531707174,-0.0490461076316,0.00339363567001,1.15201514352,0.949646896009,0.29116078608,8.7348235824e-05,-0.0565868229235,-0.057795563811,0.00339363567001,1.35341242189,1.13889016445,1.67717403068,0.000503152209204,1,1,4,0,3
1932-09,0.00566619935886,0.00401741978908,0.00339363567001,1.21009311887,1.78426686261,3.14396963816,0.000943190891448,-0.00020742266828,-0.00102633787374,0.00339363567001,0.885796000683,1.56238777055,0.377755090424,0.000113326527127,-0.00764269061788,-0.00837376845774,0.00339363567001,1.16031658147,2.0267566852,0.0849638717383,2.54891615215e-05,-0.00990141851292,-0.0106399099285,0.00339363567001,0.950644502771,1.53231073334,0.109675790885,3.29027372654e-05,-0.00232902131364,-0.00337847817431,0.00339363567001,1.10047318115,0.729489166077,1.14622727445,0.000343868182334,-0.00549350921002,-0.00657228540083,0.00339363567001,1.28086118745,0.878658846934,1.2439583749,0.00037318751247,1,1,4,0,3
1932-10,-0.0199956638217,-0.0208022853063,0.00339363567001,1.21086574976,1.66528646497,0.336776020758,0.000101032806228,-0.0123593635004,-0.0131428759339,0.00339363567001,0.885676209534,1.55266614898,0.259745850565,7.79237551696e-05,0.027973464396,0.0271343133592,0.00339363567001,1.15854616059,2.01377068761,0.445207861521,0.000133562358456,0.0160010000199,0.0152378102028,0.00339363567001,0.946339133582,1.52281660409,0.192003796075,5.76011388226e-05,-0.00494360082771,-0.00571188031683,0.00339363567001,1.09963885062,0.619806167144,0.208969369252,6.26908107755e-05,0.0097691509043,0.00895121138488,0.00339363567001,1.27906294737,0.836405470794,0.374502803627,0.000112350841088,1,1,4,0,3
1932-11,-0.00990182119347,-0.0107094476062,0.00339363567001,1.23722236729,2.00462559143,0.340125781217,0.000102037734365,-0.00644896046614,-0.00727575039119,0.00339363567001,0.90899460952,1.59387728252,0.404004155736,0.000121201246721,0.00652974329872,0.00575499949252,0.00339363567001,1.21588426417,2.11401201602,0.230517092899,6.91551278697e-05,-0.0012285655511,-0.0019501811321,0.00339363567001,0.983843914861,1.57623961297,0.0534230088772,1.60269026632e-05,-0.00655771905992,-0.00735085100768,0.00339363567001,1.14530084302,0.695785186985,0.291810898094,8.75432694282e-05,-0.00139585859636,-0.00215494584758,0.00339363567001,1.35940074376,0.864437268236,0.178328576288,5.34985728863e-05,1,1,4,0,3
1932-12,0.00473335981429,0.00298856113733,0.00339363567001,1.23562402002,2.02217786022,3.46403332873,0.00103920999862,0.0151600685959,0.0142453418493,0.00339363567001,1.12775807976,2.00745197719,0.697126893978,0.000209138068193,0.0159895691113,0.0152601378963,0.00339363567001,1.23711173016,2.16984701672,0.0794751220869,2.38425366261e-05,0.0242875891572,0.0228148958029,0.00339363567001,1.19454669575,1.9649682699,2.5570155867,0.00076710467601,0.0150806153502,0.0142095268888,0.00339363567001,1.27038210432,0.847071725309,0.551665943522,0.000165499783057,0.0165619651032,0.0157303197497,0.00339363567001,1.42585169528,0.982192075116,0.420188917118,0.000126056675135,1,1,4,0,3
1933-01,-0.0293850580186,-0.030336082163,0.00284576790947,1.23789186714,1.73986540446,0.818118220242,0.000245435466073,-0.0311531596576,-0.0327585562781,0.00284576790947,1.13067521837,2.0075830023,2.99935980731,0.000899807942194,0.00488053685037,0.00417123854466,0.00284576790947,1.23562469138,2.15933370307,0.0123654245533,3.70962736599e-06,0.0173419786382,0.0166325031668,0.00284576790947,1.19270346457,1.95412609669,0.012955976888,3.88679306641e-06,-0.0156767421165,-0.016752842809,0.00284576790947,1.27232964429,0.802891876522,1.23504004729,0.000370512014188,-0.00389014496041,-0.00468615239047,0.00284576790947,1.42604602947,1.00382095101,0.30139583907,9.0418751721e-05,1,1,4,0,3
1933-02,0.00824186503584,0.00651340147675,0.00284576790947,1.22110055192,1.82191562408,3.40958293586,0.00102287488076,0.00582874005182,0.00415494048447,0.00284576790947,1.1100533883,1.9665213216,3.22736963004,0.000968210889013,-0.0170019858708,-0.0178034676663,0.00284576790947,1.24588678719,2.17278579192,0.319643724097,9.58931172291e-05,0.00824830919367,0.00753697652138,0.00284576790947,1.19229708787,1.93645513934,0.0191466465131,5.74399395393e-06,0.00793946313245,0.00655070068558,0.00284576790947,1.26378853468,1.8490350191,2.27724589512,0.000683173768536,-0.00128427755407,-0.00245864417514,0.00284576790947,1.42799988537,1.96333543376,1.56259314243,0.000468777942728,1,1,4,0,3
1933-03,-0.00056730923851,-0.00138805633863,0.00284576790947,1.22082105605,1.81340598112,0.383861405936,0.000115158421781,-0.0425081342452,-0.0432626482972,0.00284576790947,1.11003729353,1.81618334009,0.163084578744,4.89253736233e-05,-0.0557186105935,-0.0565751964979,0.00284576790947,1.24430090596,2.14514791819,0.503324086809,0.000150997226043,-0.0505458907212,-0.051260494278,0.00284576790947,1.19851821481,1.92757589127,0.0300495946776,9.01487840327e-06,-0.0362716233434,-0.0370387491823,0.00284576790947,1.26415629418,1.76790885259,0.205123868635,6.15371605904e-05,-0.0439766235904,-0.0447951005664,0.00284576790947,1.43022133419,2.04688653366,0.376294325381,0.000112888297614,1,1,4,0,3
1933-04,-0.0365634306036,-0.0381712840627,0.00284576790947,1.22096041807,1.67994792942,3.00754926931,0.000902264780793,-0.013625810849,-0.0143901778229,0.00284576790947,1.07640955567,1.77188766581,0.195927651712,5.87782955137e-05,-0.0471484668232,-0.0479350908113,0.00284576790947,1.1852429255,2.05999494434,0.270117698963,8.10353096888e-05,-0.051579983435,-0.0523310759915,0.00284576790947,1.12513224035,1.85755327957,0.151679594135,4.55038782406e-05,-0.0364872181391,-0.0375164689951,0.00284576790947,1.22465947208,0.91081972371,1.07887392573,0.00032366217772,-0.053408472471,-0.0545189148218,0.00284576790947,1.36996451296,1.05467810577,1.34951224155,0.000404853672464,1,1,4,0,3
1933-05,0.0070637774285,0.00613362438591,0.00284576790947,1.18900533514,1.74689957811,0.748547880832,0.00022456436425,-0.00544100118156,-0.00712045927063,0.00284576790947,1.08276792651,1.77080635258,3.24623136911,0.000973869410734,-0.0540103981152,-0.0556202332903,0.00284576790947,1.14045284143,2.0149938759,3.01415498909,0.000904246496727,-0.0451563664694,-0.0460070476205,0.00284576790947,1.06641773181,1.82731018509,0.483641575926,0.000145092472778,-0.0148202826397,-0.0159771038975,0.00284576790947,1.18722739887,0.857162235997,1.5041085984,0.00045123257952,-0.0367635432041,-0.037935359565,0.00284576790947,1.29944517889,0.777831719252,1.55409227491,0.000466227682473,1,1,4,0,3
1933-06,0.044812147542,0.043987343354,0.00284576790947,1.19126113932,1.92276273416,0.397385032259,0.000119215509678,0.00934377123246,0.00859236791544,0.00284576790947,1.09051150208,1.87957927413,0.152715462271,4.58146386814e-05,0.0094057915371,0.0084917887329,0.00284576790947,1.11056750888,1.91001558151,0.694713752882,0.000208414125865,0.0246970850625,0.02386170567,0.00284576790947,1.0304418196,1.76272310351,0.43263571383,0.000129790714149,0.0291218197759,0.0283226225325,0.00284576790947,1.18896799028,0.886139381696,0.312028550237,9.36085650712e-05,0.0288226698327,0.0279603612764,0.00284576790947,1.28106889996,0.987965436008,0.522399593187,0.000156719877956,1,1,4,0,3
1933-07,0.0536477546667,0.052115657866,0.00284576790947,1.1622146826,1.89317705303,2.75502707458,0.000826508122373,0.0471128881182,0.0455143941428,0.00284576790947,1.09208474532,1.87443967368,2.97635099012,0.000892905297035,0.0489200378553,0.0472952051967,0.00284576790947,1.13796158812,1.9557371433,3.06414660086,0.000919243980258,0.0453094923015,0.0445342928827,0.00284576790947,1.02937439089,1.73792355495,0.232035801573,6.96107404719e-05,0.0556586531567,0.0543700115249,0.00284576790947,1.17800891331,1.91269425907,1.94350984499,0.000583052953497,0.0565441522815,0.0551364249651,0.00284576790947,1.27199288753,2.21680396578,2.34046212662,0.000702138637987,1,1,4,0,3
1933-08,-0.00810084147882,-0.0088262706865,0.00284576790947,1.11884350565,1.86231105225,0.0661350977916,1.98405293375e-05,-0.00760753415551,-0.00832401770519,0.00284576790947,1.05926847084,1.84179400783,0.0363162378063,1.08948713419e-05,-0.00797290008339,-0.00869246056269,0.00284576790947,1.095876026,1.90916447342,0.0465726698729,1.39718009619e-05,-0.00710715348321,-0.0078260069329,0.00284576790947,1.00547378913,1.72061474448,0.0442159044986,1.32647713496e-05,-0.00803183219781,-0.00877034744954,0.00284576790947,1.1318579636,1.90185602108,0.109755244644,3.29265733932e-05,-0.00860407031588,-0.00933914630408,0.00284576790947,1.21831691716,2.19130436393,0.0982910328749,2.94873098625e-05,1,1,4,0,3
1933-09,-0.00296752650474,-0.00367622441673,0.00284576790947,1.11711813928,1.8661120943,0.0103641121737,3.1092336521e-06,-0.00190334438548,-0.00261164568683,0.00284576790947,1.05762077042,1.84507366586,0.00904207668426,2.71262300528e-06,-0.00203515428456,-0.00274327628339,0.00284576790947,1.09461288638,1.91373553616,0.0084444016265,2.53332048795e-06,-0.00184775599148,-0.00255590962399,0.00284576790947,1.00359950878,1.72415256675,0.00854984724525,2.56495417357e-06,-0.00314729246343,-0.00385612862819,0.00284576790947,1.12983296117,1.90575020822,0.01082495474,3.247486422e-06,-0.00277275524627,-0.00348164552932,0.00284576790947,1.21618922315,2.19514146356,0.0110053490494,3.30160471481e-06,1,1,4,0,3
1933-10,0.0207752609761,0.0191291385987,0.00284576790947,1.11592639135,1.86702941386,3.13511233013,0.000940533699038,-0.019137404434,-0.0198433694765,0.00284576790947,1.05769763221,1.84605421199,0.00125454712861,3.76364138582e-07,-0.0199816756633,-0.0206887065883,0.00284576790947,1.09814698974,1.91643302128,0.00480748900442,1.44224670133e-06,-0.0181593417502,-0.0188660490757,0.00284576790947,1.00310361613,1.72269009572,0.00372882398059,1.11864719418e-06,-0.00715535458421,-0.00818043993747,0.00284576790947,1.12840571374,0.840837058219,1.06498891641,0.000319496674922,-0.00756041240785,-0.00864358317018,0.00284576790947,1.21601859724,0.93880310559,1.25860694667,0.000377582084,1,1,4,0,3
1933-11,-0.0288499461208,-0.0305240957512,0.00284576790947,1.11176796846,1.73572258131,3.22853650679,0.000968560952036,-0.0212920006399,-0.0220474429656,0.00284576790947,1.05217105761,1.83023081971,0.166178824636,4.98536473907e-05,-0.0230032920617,-0.023711914867,0.00284576790947,1.0973653607,1.91136175232,0.0101137563463,3.03412690389e-06,-0.01994428789,-0.0206526061671,0.00284576790947,1.00229442808,1.71774918057,0.00909866242487,2.72959872746e-06,-0.0238344066315,-0.0248836499359,0.00284576790947,1.12717581517,1.60215465401,1.14551542027,0.00034365462608,-0.0297351748347,-0.0308278932483,0.00284576790947,1.2165874555,1.88792687402,1.29043245093,0.00038712973528,1,1,4,0,3
1933-12,0.012765683485,0.0112802908827,0.00284576790947,1.09067521643,1.61718593866,2.59934641318,0.000779803923955,0.0124719227997,0.0108010424727,0.00284576790947,1.04207227074,1.72673631975,3.21763882905,0.000965291648716,-0.00729540984924,-0.00803666759589,0.00284576790947,1.09038693621,1.81502276752,0.118896894381,3.56690683144e-05,-0.00627673850355,-0.00701697292222,0.00284576790947,0.994454090835,1.62444904653,0.115485801091,3.46457403273e-05,0.00628535680049,0.00496924430153,0.00284576790947,1.11179352523,0.630431652535,2.03507940207,0.000610523820621,-0.0010531385072,-0.0021143338956,0.00284576790947,1.19533271688,0.71409262375,1.18535570021,0.000355606710063,1,1,4,0,3
1934-01,0.00476078446771,0.00398327265597,0.00253053476111,1.09191822657,1.60825505199,0.239743778009,7.19231334026e-05,-0.0089915957814,-0.00972992894265,0.00253053476111,1.04164449869,1.61843862485,0.109148276359,3.27444829076e-05,0.00676599373585,0.00524957968694,0.00253053476111,1.09011204716,1.80874033845,2.70275123526,0.000810825370578,0.00650592808421,0.00508442177117,0.00253053476111,0.992585327334,1.61829541925,2.38639211567,0.0007159176347,0.00102223181236,2.97393189815e-05,0.00253053476111,1.1136490442,1.43179931041,0.956346050124,0.000286903815037,0.00571451282375,0.00438330161427,0.00253053476111,1.19650735612,1.79489131717,2.08540843715,0.000625622531144,1,1,4,0,3
1934-02,-0.0186020156906,-0.0193994567311,0.00253053476111,1.09256703897,1.54553654016,0.306174540568,9.18523621704e-05,-0.0279854189686,-0.0287088848425,0.00253053476111,1.04006444118,1.55884797286,0.0595906519874,1.78771955962e-05,-0.0271465833108,-0.0280317111038,0.00253053476111,1.09050641511,1.72957347703,0.598463715597,0.000179539114679,-0.00544963119616,-0.00617783627978,0.00253053476111,0.992754651555,1.54290740167,0.0753880175834,2.2616405275e-05,-0.0178307282091,-0.0185705128033,0.00253053476111,1.11390077491,1.39795240708,0.113986386308,3.41959158925e-05,-0.0205534439457,-0.0213279768182,0.00253053476111,1.19727956202,1.6734645946,0.229813980487,6.8944194146e-05,1,1,5,0,3
1934-03,0.00739443587499,0.00592407119859,0.00253053476111,1.08740878235,1.54464272901,2.54925332685,0.000764775998056,-0.0170964881993,-0.0179205657517,0.00253053476111,1.02849479465,1.54272595718,0.394962913405,0.000118488874021,-0.00693849178031,-0.00769198890284,0.00253053476111,1.08559157037,1.72765922686,0.15969481397,4.79084441909e-05,-0.0131840548934,-0.0139112514225,0.00253053476111,0.995461989767,1.54371671281,0.072026169003,2.16078507009e-05,-0.00791154423421,-0.00893044339027,0.00253053476111,1.10548672183,0.69317412521,1.04436825907,0.000313310477722,-0.0049794774679,-0.00600495931499,0.00253053476111,1.1876849211,0.692820423876,1.06631056252,0.000319893168755,1,1,5,0,3
1934-04,0.00910336035765,0.00827432277932,0.00253053476111,1.08715717179,1.44080128694,0.411496333342,0.000123448900003,0.0123411002419,0.0109087801069,0.00253053476111,1.02347179093,1.51837077515,2.42243818898,0.000726731456695,-0.00537134611318,-0.00617981675983,0.00253053476111,1.08826631214,1.63323208405,0.342939894387,0.000102881968316,-0.00670110332922,-0.00741439240042,0.00253053476111,0.990834591189,1.52052812019,0.0256679761946,7.70039285839e-06,0.00423773618478,0.00325309145941,0.00253053476111,1.10308290113,0.65860377051,0.93018682346,0.000279056047038,-0.00174564339457,-0.00252856022674,0.00253053476111,1.18798944346,0.710068899117,0.257760512789,7.73281538367e-05,1,1,5,0,3
1934-05,-2.47545979574e-05,-0.000820716023299,0.00253053476111,1.08775968239,1.47415192357,0.301242490014,9.03727470041e-05,0.00696848734308,0.00617838856071,0.00253053476111,1.02190645169,1.50132364976,0.281700346775,8.45101040325e-05,0.0018691283698,0.00113696350065,0.00253053476111,1.09642038202,1.63256161249,0.0885873027086,2.65761908126e-05,0.00818290614237,0.00680446149875,0.00253053476111,0.990805046559,1.50945011269,2.2428532176,0.00067285596528,0.00562541794897,0.00462476768812,0.00253053476111,1.10312026542,1.45117002,0.983538608389,0.000295061582517,0.00541414124561,0.00439744678202,0.00253053476111,1.18885268306,0.640179691912,1.03701928416,0.000311105785248,1,1,5,0,3
1934-06,-0.0118227789368,-0.0126968544755,0.00253053476111,1.08768612676,1.57115270564,0.561622868019,0.000168486860406,0.0100066839787,0.00921844821599,0.00253053476111,1.0259969777,1.54294758759,0.275490281309,8.26470843928e-05,-0.00119179148823,-0.00272727841293,0.00253053476111,1.09665867533,1.71636236279,2.76632748788,0.000829898246364,0.0254736525715,0.0247646890334,0.00253053476111,0.990431420867,1.50168336336,0.011249532755,3.37485982649e-06,0.00886943355592,0.00807222266517,0.00253053476111,1.10345147137,1.43650110092,0.305407374703,9.16222124108e-05,0.0051567626417,0.00409446775572,0.00253053476111,1.18865727733,1.68705023556,1.18902069214,0.000356706207641,1,1,5,0,3
1934-07,0.0065906844786,0.0057791597635,0.00253053476111,1.0850247731,1.56999102345,0.353120122558,0.000105936036767,0.00665379400713,0.00580289054938,0.00253053476111,1.02507505914,1.53342956372,0.484382598035,0.00014531477941,0.00291473455938,0.00217912988636,0.00253053476111,1.09657371894,1.70778790969,0.100053315608,3.00159946824e-05,0.0024965255084,0.0017164601486,0.00253053476111,0.985145624108,1.4921995603,0.248255604876,7.44766814629e-05,0.00453878761481,0.00371565535029,0.00253053476111,1.10343895033,1.51270072454,0.391811953954,0.000117543586186,0.00438660318863,0.0036065295058,0.00253053476111,1.18969497441,1.79608088505,0.248283348306,7.44850044917e-05,1,1,5,0,3
1934-08,0.000508442440442,-0.000364725758147,0.00253053476111,1.1196925029,1.48801111552,0.55859840084,0.000167579520252,0.00694564728053,0.00612806870134,0.00253053476111,1.05159158939,1.53972682625,0.373299669522,0.000111989900857,-0.00156075097379,-0.00236343157861,0.00253053476111,1.10643135765,1.69151248676,0.323639754959,9.70919264878e-05,0.00627511289885,0.00551986341718,0.00253053476111,0.985343589453,1.49331103486,0.165536011113,4.96608033339e-05,0.0061547200521,0.00536279023568,0.00253053476111,1.11568809308,1.41494153715,0.287803793613,8.6341138084e-05,0.0017368824816,0.000951407072338,0.00253053476111,1.19848721848,1.65715491077,0.266289103094,7.98867309282e-05,1,1,5,0,3
1934-09,-0.0089970313151,-0.0097531079205,0.00253053476111,1.11955236064,1.47640839669,0.168293090204,5.04879270611e-05,-0.00906519965642,-0.00978093857371,0.00253053476111,1.05456063715,1.52182077308,0.0338341298501,1.0150238955e-05,-0.0103778914774,-0.0111521891803,0.00253053476111,1.11390809254,1.64133808522,0.229030081729,6.87090245187e-05,-0.00965020258287,-0.0104636792681,0.00253053476111,0.989115852417,1.47859913295,0.359626689658,0.000107888006898,-0.00885396260882,-0.009625755857,0.00253053476111,1.1165238319,1.49893808816,0.22068189949,6.62045698471e-05,-0.0119095581753,-0.012703224546,0.00253053476111,1.2007226647,1.72834249723,0.293592307684,8.80776923053e-05,1,1,5,0,3
1934-10,-0.0116264984459,-0.0130547586407,0.00253053476111,1.12216902009,1.29361940018,2.40890505502,0.000722671516505,-0.0138703200067,-0.0152693340465,0.00253053476111,1.05472349662,1.39014875033,2.31141787158,0.000693425361473,0.00550729132151,0.00478778480668,0.00253053476111,1.11836448981,1.61644978292,0.0463927883202,1.39178364961e-05,0.00489680356259,0.00414510714191,0.00253053476111,0.992448120412,1.44711630228,0.153692474506,4.61077423519e-05,-0.00752495326851,-0.00871412024659,0.00253053476111,1.11396618964,0.698897138102,1.61192766582,0.000483578299746,-0.000830256705655,-0.00183788194524,0.00253053476111,1.19770034943,0.816092626425,1.0067885375,0.000302036561249,1,1,5,0,3
1934-11,0.00413436861705,0.00330938819442,0.00253053476111,1.25332396296,1.69159188113,0.397972480955,0.000119391744286,-5.73865833948e-05,-0.000893045754357,0.00253053476111,1.20419269967,1.82371705908,0.433568308751,0.000130070492625,-9.13410738601e-05,-0.00159474794243,0.00253053476111,1.16366436888,1.88419941552,2.65939396745,0.000797818190234,5.55011080119e-05,-0.00138088578478,0.00253053476111,1.10078763141,1.81363112986,2.43599404817,0.00073079821445,0.00192723226323,0.000837105455849,0.00253053476111,1.32043045216,1.98069090157,1.28179376347,0.00038453812904,0.00180955531371,0.000519346018585,0.00253053476111,1.24039419151,1.90180503292,1.9487353893,0.00058462061679,1,1,5,0,3
1934-12,0.0104214712393,0.00865282250522,0.00253053476111,1.25431633251,1.85194163794,3.54353351907,0.00106306005572,0.00403608317861,0.0032383485961,0.00253053476111,1.21086394974,1.81805838659,0.307153013903,9.2145904171e-05,0.00978303897639,0.00820335238232,0.00253053476111,1.16756816144,1.88210505279,2.91365971908,0.000874097915723,0.00937137949044,0.00784190840496,0.00253053476111,1.10702826955,1.81609477271,2.7462746905,0.00082388240715,0.00877652521409,0.00733848172825,0.00253053476111,1.32366903136,0.718232083033,2.44151602501,0.000732454807504,0.0101532122741,0.00848996947573,0.00253053476111,1.24147057325,1.71469003093,3.19218040021,0.000957654120062,1,1,5,0,3
1935-01,0.0233634843081,0.0225147569456,0.00228941193359,1.34503766628,2.09886694881,0.477128947198,0.000143138684159,-0.0150262963693,-0.0159875880603,0.00228941193359,1.50514490268,2.3699916156,0.852343375617,0.000255703012685,-0.0248884988316,-0.0266032447784,0.00228941193359,1.32707483163,2.1396881644,3.36385756169,0.00100915726851,0.0152822825697,0.0144459454919,0.00228941193359,1.21226769538,2.08507770644,0.43582799805,0.000130748399415,0.00988138383756,0.0090724120869,0.00228941193359,1.5396482684,1.00585250652,0.3446102411,0.00010338307233,0.00519158679887,0.00416711646219,0.00228941193359,1.43133335147,0.915820930042,1.06293886114,0.000318881658342,1,1,5,0,3
1935-02,0.0175926068665,0.0167598739716,0.00228941193359,1.40696044503,2.31949600778,0.423814055363,0.000127144216609,0.0141799080359,0.0121781329783,0.00228941193359,1.66316012212,2.81437508124,4.32062126418,0.00129618637925,-0.0133384648117,-0.0142187151692,0.00228941193359,1.38883726845,2.40664442405,0.582205597276,0.000174661679183,0.0166777938567,0.0158590724597,0.00228941193359,1.25933931097,2.27026492636,0.377109062063,0.000113132718619,0.0205631714898,0.0192389740522,0.00228941193359,1.67287947791,2.85901231108,2.06202919758,0.000618608759275,0.00848149039858,0.00764867009578,0.00228941193359,1.56862501293,1.15471563079,0.424105414873,0.000127231624462,1,1,5,0,3
1935-03,0.00228503029823,0.00143892888128,0.00228941193359,1.39866576335,2.29752206024,0.468375795372,0.000140512738611,-0.00444178859221,-0.00516080453855,0.00228941193359,1.65091236138,2.7700517749,0.0447575600103,1.34272680031e-05,0.00199224946258,6.27416122317e-05,0.00228941193359,1.38821582141,2.41306125964,4.07973057337,0.00122391917201,0.00863549737384,0.00791085043754,0.00228941193359,1.25153389537,2.21661967895,0.0635275265431,1.90582579629e-05,0.00347602183823,0.00269965609036,0.00228941193359,1.65651465595,2.74759499281,0.235923565084,7.07770695252e-05,0.00470070883331,0.00345819585621,0.00228941193359,1.56431432403,2.6002840363,1.78974766254,0.000536924298762,1,1,5,0,3
1935-04,-0.000602760562712,-0.00145726604868,0.00228941193359,1.41157894713,2.11912371504,0.49638935877,0.000148916807631,-0.0303501577912,-0.0311877196486,0.00228941193359,1.67188874366,2.84378804905,0.439910597124,0.000131973179137,-0.017908985878,-0.0186664602074,0.00228941193359,1.3954867604,2.45722300326,0.172952170158,5.18856510475e-05,-0.0129868254424,-0.0137890262923,0.00228941193359,1.2517781083,2.24613404779,0.322040571859,9.66121715577e-05,-0.0145078012926,-0.0153287099893,0.00228941193359,1.67033275556,2.96925513268,0.384400061407,0.000115320018422,-0.0113358713332,-0.0121179249083,0.00228941193359,1.57874439002,2.80502993159,0.254882989027,7.64648967082e-05,1,1,5,0,3
1935-05,0.00902679875082,0.00813798567601,0.00228941193359,1.60089570782,2.72987170329,0.610747988248,0.000183224396474,-0.00648425470167,-0.00722994267941,0.00228941193359,1.66783730299,2.8765401075,0.133664331356,4.00992994067e-05,-0.00693051452696,-0.00766567580085,0.00228941193359,1.40376502242,2.48647277219,0.0985753184923,2.95725955477e-05,-0.0129022635964,-0.0136368774738,0.00228941193359,1.25489800943,2.27116817241,0.096750663576,2.90251990728e-05,-0.00343208600836,-0.00418995919309,0.00228941193359,1.73209545912,2.99654891254,0.174281687969,5.22845063907e-05,-0.00424235126536,-0.00498868489292,0.00228941193359,1.62780450629,2.80374575045,0.135816497416,4.07449492249e-05,1,1,5,0,3
1935-06,-0.00169637089954,-0.00255889735941,0.00228941193359,1.59722483069,2.7237081879,0.523125938431,0.000156937781529,0.00572714964009,0.0049200351493,0.00228941193359,1.70391277168,2.91421413941,0.338419374837,0.000101525812451,0.0116587014082,0.0107553109588,0.00228941193359,1.51395217332,2.67139604232,0.659339236866,0.00019780177106,-0.00917681085384,-0.00997779348198,0.00228941193359,1.30514207261,2.36219159765,0.317979832703,9.53939498109e-05,-0.00277090134822,-0.00360156188298,0.00228941193359,1.76986140041,3.05590297813,0.416906188093,0.000125071856428,-0.000765157627172,-0.0016256182239,0.00228941193359,1.6856566267,2.94207229209,0.516239727964,0.000154871918389,1,1,5,0,3
1935-07,0.0096934477006,0.00890176821483,0.00228941193359,1.59889444329,2.71315753038,0.286969358096,8.60908074287e-05,0.0112091266806,0.0103737247405,0.00228941193359,1.81549714936,3.06250110089,0.432710872492,0.000129813261748,0.0101207454768,0.00937417024734,0.00228941193359,1.53955423191,2.70214106283,0.1366218371,4.098655113e-05,0.0130697377404,0.0122488672884,0.00228941193359,1.35643972597,2.30719236152,0.384272578836,0.000115281773651,0.0122598774456,0.0114384376939,0.00228941193359,1.83043401764,3.15753464834,0.386170244716,0.000115851073415,0.0118396513939,0.011043368245,0.00228941193359,1.71963284107,2.96850385347,0.302314902144,9.06944706431e-05,1,1,5,0,3
1935-08,0.0254309126766,0.0232400576411,0.00228941193359,1.71239038062,2.7660085717,4.95088785707,0.00148526635712,-0.0156135848794,-0.0163863499617,0.00228941193359,1.80685613459,3.14220369837,0.223921346732,6.71764040195e-05,-0.00743645740767,-0.00817588665773,0.00228941193359,1.58186109494,2.81494296855,0.112801905717,3.38405717152e-05,-0.0116758921016,-0.0124492669363,0.00228941193359,1.39072397275,2.41337663462,0.225953854496,6.77861563487e-05,-0.0032974823733,-0.00460714916653,0.00228941193359,1.87422235326,1.31307594556,2.01359371629,0.000604078114886,-0.00054565855277,-0.00178644317484,0.00228941193359,1.81603097655,1.30256674414,1.78398647912,0.000535195943736,1,1,5,0,3
1935-09,-0.0138433326637,-0.0162220162747,0.00228941193359,1.88988464969,3.08945667855,5.57698310892,0.00167309493268,-0.0225119480078,-0.023393614722,0.00228941193359,1.95135064045,3.30880891513,0.58692678617,0.000176078035851,-0.0196061266986,-0.0204413672428,0.00228941193359,1.67041672888,2.90815342669,0.432172886165,0.000129651865849,-0.0177350288169,-0.0185331064991,0.00228941193359,1.55639063761,2.62249745391,0.308296679602,9.24890038806e-05,-0.0222184018114,-0.0236030471559,0.00228941193359,2.10141973286,3.28065521724,2.26352222084,0.000679056666252,-0.0212653844107,-0.0226290315272,0.00228941193359,2.00486861659,3.21698229846,2.19352812718,0.000658058438155,1,1,5,0,3
1935-10,0.017247691602,0.015004428278,0.00228941193359,1.88301290374,3.11880738875,5.12558215218,0.00153767464565,-0.00596391515869,-0.00829299881478,0.00228941193359,1.94600220613,3.30781022832,5.41164992582,0.00162349497775,0.00280341337501,0.00209434367336,0.00228941193359,1.66794783931,2.90599213959,0.0116034110404,3.48102331212e-06,-0.00322527009408,-0.00394079928254,0.00228941193359,1.55780948365,2.60549875864,0.0331350337547,9.94051012641e-06,0.00169343032005,-0.000161870277592,0.00228941193359,2.09035301809,1.39279801219,3.83237306436,0.00114971191931,0.00511594532083,0.00383805726493,0.00228941193359,1.99746014904,1.358562549,1.90766459186,0.000572299377558,1,1,5,0,3
1935-11,0.0293657629202,0.0285329905528,0.00228941193359,1.91784245838,3.10317883619,0.423945629976,0.000127183688993,0.0333498278486,0.0325910182576,0.00228941193359,1.96370943339,3.33827113739,0.177403042199,5.32209126597e-05,0.0293049411268,0.0271807213596,0.00228941193359,1.73117745559,2.98163765154,4.72877029621,0.00141863108886,0.0389982862244,0.0382533954706,0.00228941193359,1.57672444839,2.62934312857,0.131006918217,3.93020754651e-05,0.0371960789233,0.0364247928556,0.00228941193359,2.09253186912,1.43744111295,0.21899129813,6.56973894391e-05,0.036225354516,0.0349325478715,0.00228941193359,2.00431125681,1.51152648507,1.95739322058,0.000587217966173,1,1,5,0,3
1935-12,0.0182120230185,0.0160513267654,0.00228941193359,1.91079472339,3.18198310867,4.85035858246,0.00145510757474,0.0173854044348,0.0164924868625,0.00228941193359,1.91205217844,3.29737395583,0.624429646665,0.000187328894,0.0155518666929,0.0147637487259,0.00228941193359,1.69425320767,2.95327659221,0.275097629025,8.25292887074e-05,0.0148101171399,0.0139858611677,0.00228941193359,1.53089309874,2.57937587675,0.395557646016,0.000118667293805,0.0191243755453,0.0177554532697,0.00228941193359,2.04266920259,1.71342085928,2.21111199085,0.000663333597255,0.0179619630876,0.0166426113273,0.00228941193359,1.94878861482,1.64889352732,2.04587693974,0.000613763081923,1,1,5,0,3
1936-01,0.0251666142979,0.02436078683,0.00188652453138,1.90434595618,3.02346106084,0.334129298348,0.000100238789504,0.0133979377753,0.0126677199458,0.00188652453138,1.92063067252,3.36686435118,0.0820971706574,2.46291511972e-05,0.0118254435383,0.0110965945404,0.00188652453138,1.70062377585,3.01700702177,0.0775343986045,2.32603195813e-05,0.024036466218,0.023314473088,0.00188652453138,1.54951803806,2.63224967505,0.0546815053465,1.64044516039e-05,0.0225029723507,0.0217597183202,0.00188652453138,2.04567956582,1.60190284496,0.125551173693,3.76653521078e-05,0.0221629583072,0.0214227219533,0.00188652453138,1.95237422775,1.54849752384,0.115492251983,3.46476755949e-05,1,1,5,0,3
1936-02,0.0257874805173,0.0249451616754,0.00188652453138,1.9857554775,3.02920288531,0.455767211731,0.000136730163519,0.0264820259505,0.0241626575262,0.00188652453138,1.98971541951,3.52861738534,5.37926581988,0.00161377974596,0.00802314131342,0.00727879531436,0.00188652453138,1.69291067101,3.10847904184,0.129191069073,3.87573207219e-05,0.0211579252536,0.0204343629528,0.00188652453138,1.54500741976,2.67340795396,0.0599120750486,1.79736225146e-05,0.0256978004963,0.0244174168828,0.00188652453138,2.04844567555,3.39965085749,1.91598311716,0.000574794935147,0.0195882043897,0.0188474678563,0.00188652453138,1.9298459877,1.5419219541,0.117159516663,3.51478549989e-05,1,1,5,0,3
1936-03,0.0211083419457,0.0203620001642,0.00188652453138,1.97362905708,3.03235237016,0.135843677196,4.07531031589e-05,0.0239417699049,0.0231691187844,0.00188652453138,1.96068949154,3.31465368212,0.223541473899,6.70624421696e-05,-0.0155368217069,-0.0162472044147,0.00188652453138,1.69036155826,3.12321570115,0.0159800981416,4.79402944249e-06,0.0100005959318,0.00929036184974,0.00188652453138,1.53342164997,2.66641529615,0.0154846791013,4.64540373038e-06,0.0185618632294,0.0178155673677,0.00188652453138,2.02816833841,3.27315713157,0.135690611262,4.07071833786e-05,0.00485265070935,0.00413370254503,0.00188652453138,1.91260397978,1.50264842229,0.0445316199575,1.33594859873e-05,1,1,5,0,3
1936-04,0.00100469737076,0.000207706125189,0.00188652453138,1.97043919088,3.04834319897,0.304675224099,9.14025672296e-05,-0.00400091343878,-0.0048011830177,0.00188652453138,2.1404610873,3.34622176358,0.31560300193,9.46809005791e-05,0.00241118877476,0.000150728309283,0.00188652453138,1.8457888388,3.36620334672,5.18290595713,0.00155487178714,0.00138962680223,0.000632626337855,0.00188652453138,1.65123854292,2.83778791627,0.171372620121,5.14117860363e-05,-0.000420643237118,-0.00121816805596,0.00188652453138,2.1577417104,3.37391884112,0.306453801678,9.19361405034e-05,0.00219104494253,0.000868316267997,0.00188652453138,2.03334703712,3.46188950498,2.05713332065,0.000617139996195,1,1,5,0,3
1936-05,-0.00321181656394,-0.00404164842546,0.00188652453138,2.15527390214,3.46248714292,0.41414394395,0.000124243183185,-0.00539343352864,-0.00626252112704,0.00188652453138,2.17003870147,3.57080160873,0.544996400213,0.000163498920064,-0.00940159660144,-0.0102500713084,0.00188652453138,2.0100237489,3.53987772744,0.476286762103,0.000142886028631,-0.00977033609622,-0.0105489101592,0.00188652453138,1.85561642971,3.08107253169,0.243284615425,7.29853846276e-05,-0.00592841802154,-0.00675774499752,0.00188652453138,2.36236225936,3.50214054091,0.412460992131,0.000123738297639,-0.00758441690025,-0.00841573885952,0.00188652453138,2.31006404117,3.64634003705,0.419110936438,0.000125733280931,1,1,5,0,3
1936-06,-0.0110287660762,-0.0123506361685,0.00188652453138,2.14946225461,3.55424790068,2.05427137982,0.000616281413947,0.0325539408425,0.031625561259,0.00188652453138,2.17547336004,3.67392996682,0.74263635034,0.000222790905102,0.0215715116229,0.0206185875994,0.00188652453138,2.38716384506,4.17566341397,0.824451150537,0.000247335345161,0.0144084342156,0.0134859042848,0.00188652453138,2.12108918017,3.43520787195,0.72313750843,0.000216941252529,0.0142402217753,0.0133181245861,0.00188652453138,2.41563551291,3.16144694333,0.721695036129,0.000216508510839,0.00998537815544,0.00912108608281,0.00188652453138,2.52758005757,3.4007752209,0.529011314304,0.000158703394291,1,1,5,0,3
1936-07,-0.0709385210071,-0.0718544243856,0.00188652453138,2.33564664725,3.72267605896,0.701049000645,0.000210314700193,-0.00365813324128,-0.0048435569802,0.00188652453138,2.14261607062,3.65000257839,1.59945020193,0.00047983506058,0.00289762496604,0.0020436685163,0.00188652453138,2.37604333879,4.15296389251,0.494559238007,0.000148367771402,0.0333008552629,0.0325152923007,0.00188652453138,2.18929693092,3.69718834362,0.266580946214,7.99742838641e-05,-0.0150273424733,-0.015970992511,0.00188652453138,2.52805396097,3.43128424898,0.793537864586,0.000238061359376,-0.0125449749754,-0.0133550143558,0.00188652453138,2.64574416024,3.74894422783,0.348169006924,0.000104450702077,1,1,5,0,3
1936-08,0.0497834831268,0.0484302805546,0.00188652453138,2.51921703323,3.53558942272,2.15871297971,0.000647613893913,0.0123079643371,0.0113098657232,0.00188652453138,2.53532742597,4.23428023758,0.975033118521,0.000292509935556,0.067160193368,0.0660986418366,0.00188652453138,3,5.15657010623,1.18654284353,0.00035596285306,0.01770763861,0.0168705047679,0.00188652453138,2.51999969361,4.13567222276,0.438483879133,0.00013154516374,0.0304446949689,0.0293868736054,0.00188652453138,3,3.22734298685,1.17410895061,0.000352232685183,0.0482533615336,0.0472124255142,0.00188652453138,3,4.21303523899,1.11782447012,0.000335347341035,1,1,5,0,3
1936-09,0.0134139398938,0.0123734589418,0.00188652453138,2.45788990425,4.19707881208,1.11630757885,0.000334892273656,0.0131863599949,0.011750643768,0.00188652453138,2.53744297045,4.27067655264,2.43375849494,0.000730127548481,0.014611845684,0.0136828028329,0.00188652453138,2.75023384048,4.76991186342,0.744847242494,0.000223454172748,0.0130955478799,0.0123129759191,0.00188652453138,2.53386681381,4.16858062487,0.256610941553,7.69832824659e-05,0.0139468314525,0.0127616306004,0.00188652453138,3,4.62845383459,1.5987072458,0.00047961217374,0.0146264869832,0.0136945271566,0.00188652453138,3,4.80951944021,0.754570494229,0.000226371148269,1,1,5,0,3
1936-10,0.0402778052348,0.0395685078569,0.00188652453138,2.46475161208,4.20761340913,0.012362331869,3.70869956071e-06,0.0389329197275,0.0382168297468,0.00188652453138,2.52620454894,4.25049063135,0.0350043411692,1.05013023508e-05,0.0430336117869,0.0423158777464,0.00188652453138,2.72877169998,4.7340334476,0.0404845403945,1.21453621184e-05,0.0398162141082,0.0391053194266,0.00188652453138,2.53500949062,4.16864167628,0.0176866775548,5.30600326643e-06,0.0435970681949,0.0428719236012,0.00188652453138,3,4.61236293523,0.0651863843084,1.95559152925e-05,0.0452981774866,0.044579543153,0.00188652453138,3,4.79978557778,0.0434855174328,1.30456552298e-05,1,1,5,0,3
1936-11,0.055896957001,0.0549117391635,0.00188652453138,2.46830320416,3.53844111033,0.932097197325,0.000279629159198,0.0774788214479,0.0767457714959,0.00188652453138,2.55359589143,4.32495529223,0.0915375788518,2.74612736555e-05,0.0838845414041,0.0831606966602,0.00188652453138,2.73348579944,4.77614393571,0.060853551604,1.82560654812e-05,0.0792578144087,0.07850798784,0.00188652453138,2.61239342651,4.31610131077,0.147459634493,4.42378903478e-05,0.078434722148,0.0775805762468,0.00188652453138,3,4.22016710644,0.495190742839,0.000148557222852,0.0803928409112,0.079545431628,0.00188652453138,3,4.45385480639,0.472735349597,0.000141820604879,1,1,5,0,3
1936-12,0.00692179709643,0.00451182689622,0.00188652453138,2.61590535507,4.26859863646,5.68127173955,0.00170438152186,0.0482956470986,0.0474907383665,0.00188652453138,2.44743900868,4.29257593212,0.331066846057,9.93200538172e-05,0.0466419870404,0.0458528909668,0.00188652453138,2.5749242018,4.63186636715,0.278357983994,8.35073951982e-05,0.0498236955576,0.0490015251291,0.00188652453138,2.56589739264,4.41023784022,0.388605834045,0.000116581750213,0.0487279409443,0.0475285871032,0.00188652453138,3,2.79482451669,1.64588387605,0.000493765162816,0.0446192740619,0.04337339726,0.00188652453138,3,2.85468288765,1.80096041167,0.0005402881235,1,1,5,0,3
1937-01,0.0997657431425,0.0970041703939,0.0015963231419,2.62902620578,4.71516288474,6.85328023424,0.00205598407027,0.0703477699939,0.0695229918625,0.0015963231419,2.38338061634,4.25840913552,0.397298176825,0.000119189453047,0.0774817562106,0.076720608715,0.0015963231419,2.50989570231,4.57773144264,0.185196057546,5.55588172639e-05,0.0800056249582,0.0792083184967,0.0015963231419,2.53910743995,4.46390230332,0.3057259439,9.171778317e-05,0.10238242975,0.100882652078,0.0015963231419,3,4.78664528627,2.647296646,0.0007941889938,0.101813889755,0.100301075662,0.0015963231419,3,5.01975486407,2.69075138209,0.000807225414626,1,1,5,0,3
1937-02,0.00877079304801,0.00744617445462,0.0015963231419,2.32406405454,4.40743787105,2.06343305015,0.000619029915044,0.0471079155325,0.0461919598058,0.0015963231419,2.25139772554,4.18230307842,0.701223494648,0.000210367048394,0.0458369635682,0.0450402512812,0.0015963231419,2.30216138083,4.36141818249,0.303745362229,9.11236086686e-05,0.0476339933096,0.0468639133705,0.0015963231419,2.35619103857,4.34497825732,0.214970869273,6.44912607818e-05,0.0426646517269,0.0416473654694,0.0015963231419,2.76844727695,4.17110022359,1.03899193055,0.000311697579164,0.041135659645,0.0401802184287,0.0015963231419,2.81187048836,4.49643217474,0.832841793173,0.000249852537952,1,1,4,0,3
1937-03,0.00388799041155,0.00256812014248,0.0015963231419,2.44703339524,4.87101216053,2.04760530243,0.00061428159073,0.00967829134889,0.00878243340417,0.0015963231419,2.3977850512,4.60283768772,0.634230887934,0.00019026926638,0.00489704290489,0.00392440997781,0.0015963231419,2.41509231172,4.70807081802,0.890147495817,0.000267044248745,0.0299065876148,0.0291149336599,0.0015963231419,2.34185869568,4.50169888895,0.286884254957,8.60652764871e-05,0.0193039340314,0.0182012783973,0.0015963231419,2.9065724086,5.42570460527,1.32355651928,0.000397066955783,0.0118913813207,0.0107108467069,0.0015963231419,2.9739321757,5.78997420111,1.58315311833,0.000474945935499,1,1,4,0,3
1937-04,-0.125578677559,-0.126472664896,0.0015963231419,2.4447673341,4.55877028384,0.627995529016,0.000188398658705,-0.101557062931,-0.102364215852,0.0015963231419,2.52568858516,4.8510675615,0.338547476828,0.000101564243048,-0.126508690481,-0.127330958724,0.0015963231419,2.44427339491,4.77985505234,0.388931884479,0.000116679565344,-0.104793970036,-0.105645264231,0.0015963231419,2.43509374983,4.77742290007,0.485685055347,0.000145705516604,-0.133192628584,-0.134046155061,0.0015963231419,2.98785911173,5.36529248962,0.493125994513,0.000147937798354,-0.146791146182,-0.147652910226,0.0015963231419,3,5.60537874556,0.520584552188,0.000156175365656,1,1,4,0,3
1937-05,-0.0125814399311,-0.0155506621157,0.0015963231419,1.92106119321,3.69295799682,7.5454450211,0.00226363350633,-0.0679790713666,-0.0704909115554,0.0015963231419,2.12796502566,4.00347614623,6.02083836825,0.00180625151047,-0.0404072157092,-0.0414650661037,0.0015963231419,1.94315131918,3.75973927732,1.17420572057,0.000352261716172,-0.0408137151281,-0.04178337775,0.0015963231419,2.02743019686,3.89717642178,0.880246478291,0.000264073943487,-0.0461920052691,-0.0486056420843,0.0015963231419,2.2711849752,1.77387331822,5.69349378941,0.00170804813682,-0.0356227985163,-0.037587225008,0.0015963231419,2.21786198955,1.75922612684,4.19612604469,0.00125883781341,1,1,4,0,3
1937-06,0.0264075260966,0.0254092574317,0.0015963231419,1.91243968998,3.53144303848,0.975599955237,0.000292679986571,0.0113711941651,0.0100765985881,0.0015963231419,1.95685036831,3.83194958888,1.96335632875,0.000589006898624,-0.0343622833113,-0.0365639636067,0.0015963231419,1.88316088143,3.71845711553,4.98697205686,0.00149609161706,-0.0291913597981,-0.0314502191266,0.0015963231419,1.94200913681,3.8501561801,5.17756883408,0.00155327065023,0.00356563639985,0.00205163487065,0.0015963231419,2.16445142721,3.34360953774,2.69470950286,0.000808412850858,-0.0139412112554,-0.0158922490005,0.0015963231419,2.15177374186,3.27491152027,4.15149688912,0.00124544906674,1,1,4,0,3
1937-07,-0.023395903374,-0.025702888178,0.0015963231419,1.92924337507,3.75594757256,5.33798708553,0.00160139612566,-0.0526445248299,-0.0534641377896,0.0015963231419,1.95974614389,3.86862593375,0.380080937907,0.000114024281372,-0.0410871378455,-0.042189356232,0.0015963231419,1.84305190647,3.6684802858,1.32209902707,0.000396629708122,0.0277167459012,0.0269875133344,0.0015963231419,1.94341204835,3.84783559596,0.0788129614467,2.3643888434e-05,-0.0187909320712,-0.0201183250923,0.0015963231419,2.16582768993,1.58283229839,2.07268114253,0.000621804342759,-0.0151035730115,-0.016564318322,0.0015963231419,2.13719105315,1.41896198566,2.51718877371,0.000755156632112,1,1,4,0,3
1937-08,0.0189145629985,0.0181269595208,0.0015963231419,1.90006880501,3.53428589965,0.273382664548,8.20147993644e-05,0.0147102436321,0.0138012165486,0.0015963231419,1.86474899449,3.73903228677,0.678128016905,0.000203438405072,0.00328429616045,0.00234351558548,0.0015963231419,1.78928610791,3.61702468306,0.783972988748,0.000235191896624,-0.014371366987,-0.015095409907,0.0015963231419,1.93150152759,3.85383173057,0.0615141390464,1.84542417139e-05,0.00632000369771,0.00557035298763,0.0015963231419,2.14250956963,1.50777019294,0.146873439139,4.40620317416e-05,0.00202075348812,0.00120690324842,0.0015963231419,2.12188233065,1.66223709068,0.360871871199,0.00010826156136,1,1,4,0,3
1937-09,-0.08886775551,-0.0901204823868,0.0015963231419,1.897369509,3.35178862044,1.82379399499,0.000547138198498,0.0555089593207,0.0532849301535,0.0015963231419,1.86143280583,3.79065107445,5.06146829637,0.00151844048891,0.0680536981721,0.0673327416384,0.0015963231419,1.79008946756,3.65916923452,0.0512261844186,1.53678553256e-05,-0.100160246951,-0.10089082134,0.0015963231419,1.91565118252,3.89828447291,0.0832857021953,2.49857106586e-05,-0.0503721088566,-0.0518339685578,0.0015963231419,2.14272490134,1.43848276025,2.52090340951,0.000756271022854,-0.0442699867696,-0.0451845577989,0.0015963231419,2.12242656793,1.59848677106,0.696607836384,0.000208982350915,1,1,4,0,3
1937-10,-0.0182074101657,-0.0190829501237,0.0015963231419,1.67235854316,3.05834267449,0.566504265333,0.0001699512796,-0.0122054813469,-0.0133374951516,0.0015963231419,1.79421334959,3.57484251482,1.42141708788,0.000426425126365,0.0830932549859,0.0822264364117,0.0015963231419,1.68129751028,3.53692886155,0.5374329864,0.00016122989592,-0.0286976483651,-0.0296369712815,0.0015963231419,1.64278359853,3.50834768335,0.779114126845,0.000233734238053,-0.0437754855423,-0.0446951389622,0.0015963231419,2.05764701212,1.99051860087,0.713549138484,0.000214064741545,0.00448275625582,0.00363504683634,0.0015963231419,2.0670027889,1.72425551623,0.473735803833,0.00014212074115,1,1,4,0,3
1937-11,0.0542882896708,0.0517249683616,0.0015963231419,1.67406021052,3.54377943302,6.19244210267,0.0018577326308,0.0867509637877,0.0855740054265,0.0015963231419,1.81500348404,3.91854261539,1.57123227604,0.000471369682813,0.0475784380115,0.0466023076472,0.0015963231419,1.52688886758,3.30025559451,0.901805619775,0.000270541685933,0.0180804042271,0.0170264341112,0.0015963231419,1.61329240808,3.52460254673,1.16127145855,0.000348381437566,0.0618154694956,0.0600658184761,0.0015963231419,1.99449165869,1.94857342169,3.48020780383,0.00104406234115,0.0554193886491,0.0536893561314,0.0015963231419,2.06981026963,4.17884465637,3.41481279776,0.00102444383933,1,1,4,0,3
1937-12,0.0173267971335,0.0148620851516,0.0015963231419,1.60916413656,3.47526549995,5.86374434521,0.00175912330356,-0.00522891628454,-0.00772798196481,0.0015963231419,1.64250896393,3.59722680436,5.97825667311,0.00179347700193,0.0168127002127,0.0145514742841,0.0015963231419,1.48430699649,3.26636179128,5.18545750067,0.0015556372502,-0.0149354840758,-0.0156528533432,0.0015963231419,1.60879340361,3.48837526144,0.0392686301867,1.1780589056e-05,-0.000415933831873,-0.00119408116409,0.0015963231419,1.89379298554,1.70671124209,0.241862179599,7.25586538798e-05,0.0107008386166,0.00863979129116,0.0015963231419,1.98809060148,1.80305389923,4.5181954905,0.00135545864715,1,1,4,0,3
1938-01,0.0037669567546,0.00305813444819,0.00151692741235,1.60648154923,3.47568509371,0.0107787602205,3.23362806616e-06,-0.00170691007038,-0.00411173874318,0.00151692741235,1.63889312366,3.59397748672,5.66413331487,0.00169923999446,-0.00140335372607,-0.00211176237186,0.00151692741235,1.48201769382,3.26696625915,0.00939989149324,2.81996744797e-06,-0.0190311808138,-0.0197407415444,0.00151692741235,1.60076481433,3.4766441598,0.0132401740175,3.97205220526e-06,-0.00744156993635,-0.00878198195773,0.00151692741235,1.89340746795,1.7065500788,2.11607781015,0.000634823343044,-0.00895156949333,-0.00966339282482,0.00151692741235,1.98937578574,1.809531204,0.0207821771885,6.23465315654e-06,1,1,4,0,3
1938-02,0.0172852559653,0.0163799763266,0.00151692741235,1.61886206628,3.39323400132,0.665636534649,0.000199690960395,0.0240220110564,0.023162157285,0.00151692741235,1.65308275739,3.71014175893,0.514216976964,0.000154265093089,0.0207089880283,0.0199615028001,0.00151692741235,1.51318824865,3.40104197587,0.13965516592,4.18965497759e-05,-0.0026138322038,-0.00335390848778,0.00151692741235,1.59448872769,3.54409575693,0.11495868546,3.44876056379e-05,0.0154226133633,0.014653409308,0.00151692741235,1.88938421207,1.50428515542,0.212051256387,6.3615376916e-05,0.0169377049872,0.0161711089169,0.00151692741235,1.98200851479,1.74994871609,0.203357973416,6.10073920247e-05,1,1,4,0,3
1938-03,-0.0174250343231,-0.0183490610575,0.00151692741235,1.62018018622,3.6201916091,0.728126853487,0.000218438056046,0.0311949055802,0.0304683877396,0.00151692741235,1.64601684651,3.7410878964,0.0697638742809,2.09291622843e-05,0.0239445168973,0.0232171628907,0.00151692741235,1.52273156463,3.45700907382,0.0725510941037,2.17653282311e-05,0.0265014915238,0.0255804755483,0.00151692741235,1.60247840667,3.60651940948,0.718090990816,0.000215427297245,0.01601974382,0.015145290014,0.00151692741235,1.89549722247,1.63264797389,0.56288375875,0.000168865127625,0.0156236803238,0.0147442201125,0.00151692741235,1.97818977496,1.50875336141,0.579571776585,0.000173871532976,1,1,4,0,3
1938-04,0.0199697765385,0.0190511005396,0.00151692741235,1.60687889311,3.48779207712,0.710291068519,0.000213087320556,0.0157366054136,0.0149263566622,0.00151692741235,1.63494153359,3.71901596284,0.348866910067,0.00010466007302,0.017357391243,0.0166471767877,0.00151692741235,1.51795417023,3.44396524854,0.0154192563307,4.62577689921e-06,0.0106915421433,0.00997963307379,0.00151692741235,1.58780453931,3.58545143903,0.0210679704527,6.32039113581e-06,0.0188626204686,0.0180826382816,0.00151692741235,1.891600317,1.79321064269,0.247978362059,7.43935086178e-05,0.0227454253675,0.0219357952821,0.00151692741235,1.97509959267,1.85542844232,0.346804690353,0.000104041407106,1,1,4,0,3
1938-05,0.0261416625248,0.0253055604489,0.00151692741235,1.60188578658,3.50847667252,0.43504465874,0.000130513397622,0.0315514872202,0.0307514941332,0.00151692741235,1.67769030644,3.81910137879,0.314681362351,9.44044087052e-05,0.0341751872989,0.0333495822986,0.00151692741235,1.53973600379,3.51776211719,0.400054406637,0.000120016321991,0.0360198434891,0.0335649374999,0.00151692741235,1.59743993018,3.65573185158,5.83105770277,0.00174931731083,0.0341592944866,0.0327102405739,0.00151692741235,1.90310876298,4.12133950865,2.47821744784,0.000743465234351,0.0342855487798,0.0328236913263,0.00151692741235,1.98293427196,4.19201178941,2.52089591703,0.000756268775108,1,1,4,0,3
1938-06,0.00953603192046,0.00876940120354,0.00151692741235,1.59048922079,3.36791536692,0.20347346196,6.10420385879e-05,0.0166367033479,0.0158470209956,0.00151692741235,1.67302562468,3.74319917735,0.280312246296,8.40936738887e-05,0.0141924584439,0.0134421344888,0.00151692741235,1.53475913942,3.44510261626,0.14911758927,4.4735276781e-05,0.0156314508621,0.0148745946446,0.00151692741235,1.58189967206,3.55503644431,0.170891797465,5.12675392394e-05,0.01513420685,0.0143430162078,0.00151692741235,1.88295748758,4.01253516028,0.285339879613,8.5601963884e-05,0.0117570967161,0.0109757440657,0.00151692741235,1.96610329286,4.08130533522,0.25254657348,7.57639720441e-05,1,1,4,0,3
1938-07,0.0448011256619,0.0437334417794,0.00151692741235,1.59197600073,3.56484861835,1.20698401391,0.000362095204173,-0.0429461507813,-0.0436623318308,0.00151692741235,1.67298326233,3.75468547525,0.0353079036923,1.05923711077e-05,-0.0419444386067,-0.0426613189393,0.00151692741235,1.53452166959,3.46096087337,0.0376388477614,1.12916543284e-05,-0.0406719992255,-0.0413907193345,0.00151692741235,1.58679457934,3.57827745562,0.0437714353605,1.31314306081e-05,-0.0166951411595,-0.0175580873744,0.00151692741235,1.88506369922,3.69097802485,0.52452512202,0.000157357536606,-0.0224917099261,-0.0233723422224,0.00151692741235,1.96944285117,3.70553460345,0.583478726492,0.000175043617948,1,1,4,0,3
1938-08,0.0129428565093,0.0103989777277,0.00151692741235,1.55363134888,3.44355276559,6.1276336773,0.00183829010319,0.0263744750941,0.0255080585518,0.00151692741235,1.59782157902,3.6139940839,0.536092880091,0.000160827864027,0.0221604989335,0.021419976149,0.00151692741235,1.46711638618,3.34963939551,0.116447020424,3.49341061272e-05,0.0235865515293,0.022853471467,0.00151692741235,1.53649723372,3.49305498602,0.0916379467432,2.7491384023e-05,0.0242018301935,0.0227421661327,0.00151692741235,1.86753430487,1.77078001358,2.51358460799,0.000754075382398,0.0222340016243,0.020830857794,0.00151692741235,1.93913438448,1.76684911708,2.3251838399,0.00069755515197,1,1,4,0,3
1938-09,-0.0228443983335,-0.0253890228216,0.00151692741235,1.55923951563,3.2838178329,6.13011936572,0.00183903580971,-0.039289065053,-0.0400110097475,0.00151692741235,1.6058231365,3.64924013978,0.0545200540623,1.63560162187e-05,-0.0359219623162,-0.0367585618236,0.00151692741235,1.47086884162,3.38423496939,0.43670276342,0.000131010829026,-0.0196115973417,-0.0203340796308,0.00151692741235,1.5351888152,3.51616797374,0.0563120359292,1.68936107788e-05,-0.0319542829723,-0.0333561864322,0.00151692741235,1.86232707526,3.60483339215,2.32104927193,0.00069631478158,-0.0326408863165,-0.0341144687083,0.00151692741235,1.93529624142,3.62468206215,2.55997904468,0.000767993713403,1,1,4,0,3
1938-10,0.0549699291022,0.0541584628198,0.00151692741235,1.54541117285,3.50910954782,0.352925346921,0.000105877604076,0.055935889829,0.0551226272987,0.00151692741235,1.5638140452,3.57316996711,0.358912840005,0.000107673852001,0.0524257417883,0.0516281906514,0.00151692741235,1.43830118787,3.32686171545,0.306541528328,9.19624584983e-05,0.00614947526845,0.00542498632624,0.00151692741235,1.53346830596,3.52892527315,0.0630008795804,1.89002638741e-05,0.0453997586403,0.0446266791948,0.00151692741235,1.83775500536,3.71490352214,0.224969223821,6.74907671463e-05,0.0477831700369,0.0470128740321,0.00151692741235,1.90934785722,3.72933307813,0.215691088033,6.47073264098e-05,1,1,4,0,3
1938-11,0.00151252192771,-0.00109479015635,0.00151692741235,1.48876145348,3.22115732811,6.33907801908,0.00190172340572,0.00827933790858,0.00577225476625,0.00151692741235,1.51667636736,3.40076522409,6.00498154664,0.00180149446399,0.011447514268,0.0106953347899,0.00151692741235,1.39811968412,3.1847466838,0.155302665735,4.65907997206e-05,0.00165613915591,0.000921255978798,0.00151692741235,1.53540772927,3.4781687347,0.0976483292601,2.9294498778e-05,0.00400085982185,0.00189615616971,0.00151692741235,1.79617221326,1.36706563953,4.66371657934,0.0013991149738,0.00531857726865,0.00384034152271,0.00151692741235,1.86128160726,1.37732192055,2.57549022533,0.000772647067598,1,1,4,0,3
1938-12,-0.00612442593589,-0.00854871167877,0.00151692741235,1.49426252247,3.35182115922,5.72899021514,0.00171869706454,-0.0136398675458,-0.0159572472789,0.00151692741235,1.52230824442,3.41498227861,5.37263684901,0.0016117910547,-0.0117997910186,-0.012631458013,0.00151692741235,1.40200405645,3.19883126691,0.420261053681,0.000126078316104,-0.00643124470215,-0.00726430255393,0.00151692741235,1.56421517322,3.54203502549,0.424897244829,0.000127469173449,-0.0121179754885,-0.0141286626516,0.00151692741235,1.8130633565,3.48903519798,4.35032828262,0.00130509848479,-0.0133005585825,-0.014801052959,0.00151692741235,1.88041598759,3.55107147953,2.6496856608,0.000794905698241,1,1,4,0,3
1939-01,-0.000629078869609,-0.00313871659285,0.00148911483094,1.49177693983,3.29690430423,6.01349681634,0.0018040490449,-0.00460921849219,-0.00532244468443,0.00148911483094,1.50825713061,3.40793263169,0.0254583796713,7.63751390138e-06,0.00997504913852,0.00914833855793,0.00148911483094,1.39079933742,3.18788309291,0.403739674206,0.000121121902262,0.0110339612066,0.0103264854836,0.00148911483094,1.56446801246,3.54412445086,0.00629014891087,1.88704467326e-06,0.00160928333006,0.000227325656872,0.00148911483094,1.80434397281,1.58361819703,2.25456331618,0.000676368994854,0.00722714937082,0.00580056134537,0.00148911483094,1.86884773211,1.80343013491,2.40333115704,0.000720999347111,1,1,4,0,3
1939-02,0.0130673972878,0.0105422814471,0.00148911483094,1.49573066825,3.2132703524,6.06509054136,0.00181952716241,0.0101656078646,0.00925290612577,0.00148911483094,1.50330801574,3.41602611236,0.690376868372,0.000207113060512,0.00647046829971,0.00576210297874,0.00148911483094,1.39079703939,3.1896673667,0.00925547543461,2.77664263038e-06,0.0070598896747,0.00626197705039,0.00148911483094,1.57430571934,3.56431192265,0.307746486587,9.2323945976e-05,0.0105085173975,0.00902960905862,0.00148911483094,1.80905370229,3.48421800517,2.57773220164,0.000773319660493,0.00860825608634,0.00719736370884,0.00148911483094,1.87498321292,3.46897410515,2.35101233054,0.000705303699163,1,1,4,0,3
1939-03,0.0181035508399,0.0173956763964,0.00148911483094,1.49931613729,3.22078966221,0.00761921717494,2.28576515248e-06,0.0189040873126,0.0180517053443,0.00148911483094,1.50644933315,3.42108049467,0.489310966519,0.000146793289956,0.0215984505794,0.0208911666683,0.00148911483094,1.39078829092,3.19398561529,0.00565077586105,1.69523275832e-06,0.0234369186876,0.0227259427242,0.00148911483094,1.58287849704,3.58226953951,0.0179576168607,5.38728505822e-06,0.0209597557795,0.0201813210156,0.00148911483094,1.81688834861,3.49124295661,0.24282028527,7.28460855811e-05,0.0232276817917,0.0225172573675,0.00148911483094,1.87944873321,3.45939543699,0.0161191530056,4.83574590169e-06,1,1,4,0,3
1939-04,0.0358138988623,0.0349954009693,0.00148911483094,1.4981015363,2.96532885249,0.376364049024,0.000112909214707,0.0360468751716,0.0352847917137,0.00148911483094,1.50620858741,3.27172398143,0.188315931722,5.64947795165e-05,-0.0140868174163,-0.0148626112132,0.00148911483094,1.40032204761,3.20496720403,0.234017061802,7.02051185407e-05,-0.0230594266224,-0.0237915652426,0.00148911483094,1.572838114,3.53496669441,0.0884998061206,2.65499418362e-05,0.0214749294897,0.0207004467038,0.00148911483094,1.81330372302,3.30897089134,0.22964702493,6.88941074791e-05,-0.00743232428962,-0.00822566167923,0.00148911483094,1.8711237902,3.34029703001,0.29249570422,8.77487112659e-05,1,1,4,0,3
1939-05,0.0392374050192,0.0382918717337,0.00148911483094,1.47624293735,2.9850195651,0.799815357123,0.000239944607137,0.0356593848881,0.034908803803,0.00148911483094,1.4918495481,3.23442093432,0.149974689266,4.49924067797e-05,0.0410782192481,0.0403654517944,0.00148911483094,1.38782784619,3.18112906581,0.0239292511814,7.17877535441e-06,0.0187081615588,0.0179931396071,0.00148911483094,1.55537962929,3.5035224497,0.0314442447093,9.4332734128e-06,0.0348147414997,0.0340008962253,0.00148911483094,1.80759747596,3.18075918123,0.360855320456,0.000108256596137,0.0426797092621,0.0418580140379,0.00148911483094,1.86536733184,3.42490777321,0.387021819463,0.000116106545839,1,1,4,0,3
1939-06,0.00208759115252,0.00114932675012,0.00148911483094,1.45231690919,3.16654122466,0.77558574688,0.000232675724064,0.00447675094945,0.00355553631686,0.00148911483094,1.48062035011,3.26847255581,0.718753180851,0.000215625954255,0.00272035473469,0.00177572507418,0.00148911483094,1.37329435831,3.07564505756,0.796803273895,0.000239040982169,0.0212914994874,0.0205646995489,0.00148911483094,1.55181806153,3.44654436883,0.0707042003827,2.12112601148e-05,0.00902842005759,0.00811653519715,0.00148911483094,1.78839479612,3.06286215747,0.687653940323,0.000206296182097,0.00764968203387,0.0066774990786,0.00148911483094,1.83281512537,3.0007809275,0.888647589771,0.000266594276931,1,1,4,0,3
1939-07,-0.0172133448827,-0.0180990233189,0.00148911483094,1.4569736965,2.93723012391,0.600299192927,0.000180089757878,-0.0286064276442,-0.0293487351602,0.00148911483094,1.48316245638,3.27373018609,0.122396125573,3.67188376719e-05,-0.0191805921168,-0.0198883774124,0.00148911483094,1.37165476503,3.0708313489,0.00732205751939,2.19661725582e-06,0.0197763294606,0.0190623056483,0.00148911483094,1.54468165824,3.42056573201,0.0281171131147,8.43513393442e-06,-0.00946257041151,-0.0102691203101,0.00148911483094,1.78861470989,2.9646874097,0.336537400871,0.000100961220261,-0.0055472096374,-0.00635469431961,0.00148911483094,1.8328258331,3.08134053828,0.339653346232,0.00010189600387,1,1,4,0,3
1939-08,-0.0188695341542,-0.0196941829377,0.00148911483094,1.51109663418,3.00388123295,0.396867017161,0.000119060105148,-0.00711369869218,-0.00783415153127,0.00148911483094,1.45034674136,3.23888996706,0.0495472025151,1.48641607545e-05,-0.00652734786887,-0.00738833298578,0.00148911483094,1.35277877286,3.0166647578,0.517988128566,0.00015539643857,-0.0150608519313,-0.0159228559137,0.00148911483094,1.5484504757,3.45574599277,0.52138434692,0.000156415304076,-0.0152223062962,-0.0160275564171,0.00148911483094,1.78969950495,3.15468674998,0.332204808581,9.96614425742e-05,-0.0148833626313,-0.0157470545358,0.00148911483094,1.83564179097,3.0551133845,0.527010754027,0.000158103226208,1,1,4,0,3
1939-09,-0.00403204321864,-0.00639665687834,0.00148911483094,1.50546006785,3.27179693152,5.53008327124,0.00165902498137,-0.20344222392,-0.204511429257,0.00148911483094,1.4438212995,3.23269764535,1.21205553057,0.000363616659172,-0.0900816884343,-0.0908933799887,0.00148911483094,1.35685666847,3.02909451867,0.35367625352,0.000106102876056,-0.229666746834,-0.230652749829,0.00148911483094,1.54176239508,3.45003757703,0.9347143898,0.00028041431694,-0.160749451664,-0.162228391617,0.00148911483094,1.77849453189,1.5706964233,2.57783758159,0.000773351274478,-0.119955144013,-0.121421878352,0.00148911483094,1.83540053288,1.35833408205,2.53715220185,0.000761145660554,1,1,4,0,3
1939-10,-0.00901878956931,-0.0100259562705,0.00148911483094,1.50238181811,3.05540204547,1.00526007603,0.000301578022808,0.00545574919124,0.00338180780129,0.00148911483094,0.913013844024,1.91864937636,4.56117570538,0.00136835271161,-0.00788004610719,-0.00890218634757,0.00148911483094,1.17707879529,2.1074712407,1.05517187348,0.000316551562044,0.00817433991942,0.0069331493101,0.00148911483094,0.923299914096,1.87700733466,1.78533976995,0.000535601930985,0.00186689003919,0.000449130941085,0.00148911483094,1.28009785449,0.977355548119,2.37390139921,0.000712170419763,-0.000774883945364,-0.00169932290702,0.00148911483094,1.48167841239,1.17602058399,0.729500944379,0.000218850283314,1,1,4,0,3
1939-11,-0.0374900845733,-0.0384102972206,0.00148911483094,1.50510589171,3.04728861733,0.715413229643,0.000214623968893,-0.0232573280099,-0.0240427558664,0.00148911483094,0.915300136496,1.92020531456,0.266130593715,7.98391781145e-05,-0.0250013870021,-0.0268762063633,0.00148911483094,1.17718890509,2.11693020562,3.8974356096,0.00116923068288,-0.0225386465696,-0.0242651147662,0.00148911483094,0.926389586827,1.87302551008,3.40293172777,0.00102087951833,-0.0348030629563,-0.0361237163163,0.00148911483094,1.28702259453,2.78565941036,2.05021560543,0.00061506468163,-0.0357752355913,-0.0376303111835,0.00148911483094,1.49187083932,2.85745558168,3.83162304626,0.00114948691388,1,1,4,0,3
1939-12,0.00790583776459,0.00562069491946,0.00148911483094,1.48180090593,2.96115895541,5.26518055596,0.00157955416679,-0.0106949458668,-0.0114061318979,0.00148911483094,0.917076068249,1.91057755812,0.0186578425455,5.59735276365e-06,-0.00484608447257,-0.00555982623179,0.00148911483094,1.18106947693,2.10330089161,0.0271769362816,8.15308088448e-06,-0.009333118016,-0.0100423941801,0.00148911483094,0.936239078574,1.87673951399,0.0122916192507,3.68748577522e-06,-0.00874965138553,-0.00995476853004,0.00148911483094,1.28520335923,1.14330983809,1.66509488723,0.000499528466169,-0.00923775117875,-0.0104397879844,0.00148911483094,1.49610812401,1.24021475883,1.65482709103,0.00049644812731,1,1,4,0,3
1940-01,0.0158506880686,0.0148992129761,0.00134615427555,1.48140366459,2.94724606409,0.819621380616,0.000245886414185,-0.00711594569161,-0.00782571246466,0.00134615427555,0.920482097631,1.90423622108,0.01392698239,4.17809471701e-06,-0.00843073600512,-0.00914639805842,0.00134615427555,1.18704100326,2.08583050769,0.0335779165507,1.00733749652e-05,0.00647766243064,0.00477433350214,0.00134615427555,0.944260831036,1.87769306807,3.32580083387,0.000997740250162,0.0044074139252,0.00312556836808,0.00134615427555,1.29519679502,1.02538919444,1.92085626262,0.000576256878786,0.00401803481287,0.00271410308097,0.00134615427555,1.50770815503,1.08314965937,1.99447684523,0.000598343053569,1,1,4,0,3
1940-02,0.00148086582232,0.000701715467101,0.00134615427555,1.55467595983,2.88905954554,0.245205589593,7.3561676878e-05,-0.00178671780677,-0.00358035512278,0.00134615427555,0.93284586504,1.96858266991,3.62682879223,0.00108804863767,-0.0038373566681,-0.00460400229713,0.00134615427555,1.21076195352,2.18696511006,0.203523168976,6.10569506927e-05,-0.00288323860574,-0.00362914934502,0.00134615427555,0.962891033784,1.94936018395,0.134406869801,4.03220609404e-05,-0.00152057634674,-0.00279676331158,0.00134615427555,1.34603493181,2.80024979293,1.90199428834,0.000570598286502,-0.00171761205606,-0.0024743494808,0.00134615427555,1.58548124414,1.13683297781,0.170495821355,5.11487464066e-05,1,1,5,0,3
1940-03,0.0173879150801,0.0164618251116,0.00134615427555,1.55495261484,2.93123655622,0.735004300548,0.000220501290164,0.0128214016037,0.0120531852467,0.00134615427555,0.940399033899,1.90908894792,0.208758929027,6.26276787082e-05,-0.00807240413971,-0.0087844425932,0.00134615427555,1.22203755388,2.20846436058,0.0214992505285,6.44977515855e-06,0.0121964580118,0.0113785804482,0.00134615427555,0.973892815372,1.97129386526,0.37429628424,0.000112288885272,0.0175823478722,0.0167193860883,0.00134615427555,1.36001730674,2.56323657641,0.524577018285,0.000157373105486,0.00671230360048,0.00583222978361,0.00134615427555,1.60457223531,1.36139013531,0.581617128462,0.000174485138539,1,1,5,0,3
1940-04,-0.00122490432186,-0.00358335981829,0.00134615427555,1.54935270523,2.9706160667,5.5095560603,0.00165286681809,0.00336626784953,0.00265461117423,0.00134615427555,0.937655105821,1.91463232996,0.0202266565495,6.06799696484e-06,0.0103677245108,0.00964268334384,0.00134615427555,1.22068957999,2.21664328955,0.0648416286819,1.94524886046e-05,0.00903674377546,0.00827405199421,0.00134615427555,0.974466060069,1.97155985437,0.19034367637,5.71031029109e-05,0.00391050353286,0.00265521982636,0.00134615427555,1.3537472802,1.07946948186,1.83231676053,0.00054969502816,0.00772418762253,0.00645664106405,0.00134615427555,1.60467385895,1.12322923214,1.8731929338,0.000561957880141,1,1,5,0,3
1940-05,0.000752763736607,-0.00161924517585,0.00134615427555,1.77320423621,3.24913544811,5.55473411372,0.00166642023412,0.00411093700022,0.00338178046022,0.00134615427555,0.958793113238,1.99164173389,0.0785595388848,2.35678616654e-05,0.000861080239744,-0.00106644107651,0.00134615427555,1.31371346403,2.42141929918,4.07310879307,0.00122193263792,-0.0431403328656,-0.0438694632603,0.00134615427555,0.9929507683,2.04812456816,0.0784723876877,2.35417163063e-05,-0.0184730726648,-0.01975129205,0.00134615427555,1.43555326288,2.89126692533,1.90876902301,0.000572630706904,-0.0147147783824,-0.0165446062222,0.00134615427555,1.78834217408,3.06819337537,3.74746387175,0.00112423916153,1,1,5,0,3
1940-06,-0.0318590220492,-0.0327671045746,0.00134615427555,1.78191663344,3.26997059056,0.674979490052,0.000202493847016,-0.0173723093196,-0.0181898286232,0.00134615427555,0.973631883129,2.00659467377,0.373102084275,0.000111930625283,0.00557898117704,0.00480372869135,0.00134615427555,1.33399064252,2.23861185079,0.232212691158,6.96638073474e-05,-0.0173629057347,-0.0181391077373,0.00134615427555,0.972517195615,1.99357348416,0.2353777475,7.06133242501e-05,-0.0285105469184,-0.0293749070232,0.00134615427555,1.44692805152,2.97615800764,0.529238088441,0.000158771426532,-0.0184236941487,-0.0192806454201,0.00134615427555,1.80645916153,2.88359690325,0.504541976916,0.000151362593075,1,1,5,0,3
1940-07,-0.0319914213455,-0.0346035505733,0.00134615427555,1.75167296135,3.21288645666,6.35513516491,0.00190654054947,-0.0188770732854,-0.0207283957899,0.00134615427555,0.969154833911,1.87455550405,3.81911275371,0.00114573382611,0.00816688779226,0.00745361440076,0.00134615427555,1.35169755151,2.25798897752,0.0256157105733,7.684713172e-06,-0.0230959350718,-0.024812117523,0.00134615427555,0.97138223155,1.9911099547,3.36864590942,0.00101059377283,-0.0339253511136,-0.0363741715704,0.00134615427555,1.43023329789,2.97726318125,5.81077259476,0.00174323177843,-0.0229582528444,-0.0248697434786,0.00134615427555,1.80050976732,1.3871642532,4.01967318637,0.00120590195591,1,1,5,0,3
1940-08,-0.00732734610997,-0.00806127537602,0.00134615427555,1.73220976149,3.12880043329,0.0944686256839,2.83405877052e-05,-0.00419261583693,-0.00490361808227,0.00134615427555,0.974021590193,1.86716894073,0.0180452233623,5.41356700869e-06,0.00460689312973,0.00284036539559,0.00134615427555,1.37969796716,2.2830584248,3.53646351933,0.0010609390558,-0.0113874342436,-0.0121023251386,0.00134615427555,0.973317540993,1.97627057911,0.0310073887798,9.30221663393e-06,-0.0104639421721,-0.011202446594,0.00134615427555,1.40893971863,2.87769900116,0.109719145256,3.29157435767e-05,-0.0105474385703,-0.0117743155873,0.00134615427555,1.7899282438,3.08431320391,1.73762779554,0.000521288338662,1,1,5,0,3
1940-09,0.0268366544858,0.024291510377,0.00134615427555,1.73375139891,3.1425338352,6.13185143501,0.0018395554305,-0.0210903508897,-0.0218105874177,0.00134615427555,0.974912425501,1.91014875483,0.0488261656118,1.46478496835e-05,-0.00674884895192,-0.00846861968825,0.00134615427555,1.37983920155,2.28282881253,3.38060685998,0.00101418205799,-0.0120289173667,-0.0127371174698,0.00134615427555,0.972920833539,1.97369184275,0.00870474933851,2.61142480155e-06,-0.00950728620551,-0.0107765346588,0.00134615427555,1.40897083086,1.03654204615,1.87886591659,0.000563659774977,-0.00159427737762,-0.00341474463853,0.00134615427555,1.78751856978,1.11795663315,3.71626194193,0.00111487858258,1,1,5,0,3
1940-10,0.0120472142416,0.011143357883,0.00134615427555,1.98660321385,3.80342610262,0.66089226742,0.000198267680226,0.00612818440958,0.00440658158597,0.00134615427555,0.983946472722,1.97111275896,3.38671381758,0.00101601414528,-0.00118801139414,-0.00190870005317,0.00134615427555,1.43486402277,2.3331620815,0.0503332689677,1.50999806903e-05,0.0187555749297,0.0171117013808,0.00134615427555,1.00662769982,2.01131294315,3.12761623531,0.000938284870593,0.0169820916601,0.0152462741438,0.00134615427555,1.42990072847,2.719824951,3.4340961268,0.00103022883804,0.0160566693781,0.0148035024797,0.00134615427555,1.82942448756,2.90627736042,1.82526073359,0.000547578220077,1,1,5,0,3
1940-11,0.0425104864048,0.0415539593626,0.00134615427555,2.01703124129,3.66653607354,0.836461213108,0.000250938363932,0.0202069287523,0.0193440525477,0.00134615427555,0.983304266752,1.92100952939,0.524291754396,0.000157287526319,0.0171936888942,0.0164415210064,0.00134615427555,1.56446920909,2.48842611299,0.155264031485,4.65792094454e-05,0.0151960271001,0.0143753584463,0.00134615427555,0.999272558338,1.95670937385,0.383599918421,0.000115079975526,0.0274662835669,0.0265672768324,0.00134615427555,1.44058850661,2.36833520337,0.644726853669,0.000193418056101,0.0280161474603,0.0272488519708,0.00134615427555,1.82169666148,2.75061488872,0.205689370744,6.17068112232e-05,1,1,5,0,3
1940-12,0.0140804532127,0.0133291242975,0.00134615427555,2.09117783579,3.65421685702,0.152467456192,4.57402368576e-05,0.0124304622031,0.0116441383143,0.00134615427555,1.01769216072,1.96777051162,0.269117368258,8.07352104775e-05,0.00382405141424,0.00291959141733,0.00134615427555,1.62015819314,2.4529579892,0.662904395244,0.000198871318573,0.0115292444069,0.0107444473306,0.00134615427555,0.997038072345,1.83954166662,0.264027993129,7.92083979387e-05,0.0128124067769,0.012008740955,0.00134615427555,1.47402194845,2.22385082188,0.326923811672,9.80771435016e-05,0.015783555208,0.0149390448587,0.00134615427555,1.87374816938,2.56534553868,0.46307223664,0.000138921670992,1,1,5,0,3
1941-01,-0.022145585278,-0.0229162003286,0.0012014538796,2.096770232,3.44795831917,0.21675457419,6.50263722571e-05,-0.0145792065263,-0.0153040583018,0.0012014538796,1.01405516344,1.90700124758,0.0642103238104,1.92630971431e-05,-0.0240276893859,-0.0249767331347,0.0012014538796,1.6283014926,2.4690942213,0.81151690171,0.000243455070513,-0.00734488219625,-0.00807866092044,0.0012014538796,0.99315480332,1.82504955666,0.0939668195252,2.81900458575e-05,-0.0149874938976,-0.0157282764372,0.0012014538796,1.46876243205,2.11008708305,0.117312870909,3.51938612728e-05,-0.0174207872297,-0.0183041815332,0.0012014538796,1.86870928952,2.40699213828,0.592685417083,0.000177805625125,1,1,5,0,3
1941-02,0.00442375768366,0.00327174417137,0.0012014538796,2.06684435452,3.81017143166,1.48808277987,0.00044642483396,0.0028343031203,0.00192992542949,0.0012014538796,1.01144186494,2.04026700615,0.662630041599,0.00019878901248,-0.0327477979877,-0.0336002773406,0.0012014538796,1.61267646652,2.70286250002,0.489635581596,0.000146890674479,0.00171729870383,0.000976619568083,0.0012014538796,0.993921504099,1.92618350384,0.116968191356,3.50904574069e-05,0.0135504213454,0.0125797063957,0.0012014538796,1.46481742379,2.52719731775,0.883754238108,0.000265126271433,-0.00751637864627,-0.00844326587213,0.0012014538796,1.86187957937,2.5218610689,0.737661825085,0.000221298547526,1,1,5,0,3
1941-03,0.00294909579988,0.000220862360705,0.0012014538796,2.07445865835,3.78736289446,6.7421492028,0.00202264476084,0.0164924758096,0.0157571437015,0.0012014538796,1.01628263196,1.94954869392,0.0991447657669,2.97434297301e-05,0.00030126144774,-0.000423970375922,0.0012014538796,1.59959857235,2.67218033226,0.0654771510825,1.96431453248e-05,0.00934665167235,0.008635572145,0.0012014538796,0.993485946285,1.92624762829,0.0183028300359,5.49084901078e-06,0.0102433126543,0.00903968459499,0.0012014538796,1.46366159192,0.98354874339,1.66013126996,0.000498039380989,0.00885201877632,0.00759100088176,0.0012014538796,1.86979546245,1.13010643566,1.85143072074,0.000555429216221,1,1,5,0,3
1941-04,0.0032863078489,0.0020983852304,0.0012014538796,2.10602125617,3.57960121719,1.60777980053,0.000482333940159,0.00241390176272,0.000806883910114,0.0012014538796,1.01847674483,1.93585903786,3.00476391422,0.000901429174267,0.0209530177919,0.0200061647976,0.0012014538796,1.61968342659,2.69087806147,0.804214386686,0.000241264316006,0.014483545405,0.013701110399,0.0012014538796,0.997765777284,1.91103235498,0.256154425329,7.68463275986e-05,0.0133618460544,0.0121200889592,0.0012014538796,1.46509302703,1.31107103156,1.78722805612,0.000536168416836,0.0237379676433,0.0226829399865,0.0012014538796,1.87466121414,1.60257846992,1.16479659475,0.000349438978424,1,1,5,0,3
1941-05,0.0186593413311,0.0157984316711,0.0012014538796,2.11806890876,3.82478330176,7.18440327206,0.00215532098162,0.00295262805841,0.00219697592444,0.0012014538796,1.02092747803,1.93974674144,0.166878185448,5.00634556343e-05,0.0233118371739,0.0225305021076,0.0012014538796,1.61620263937,2.68269017866,0.25248795992,7.5746387976e-05,0.0091909180215,0.00845165721669,0.0012014538796,0.993995300818,1.89913674126,0.112240421557,3.36721264671e-05,0.00906869081087,0.00783292764987,0.0012014538796,1.46611152901,1.04873419815,1.76724827555,0.000530174482665,0.0172299040984,0.0159263264918,0.0012014538796,1.87095033272,2.66702934306,1.99329642745,0.000597988928234,1,1,5,0,3
1941-06,-0.0071816022705,-0.00821370116407,0.0012014538796,2.14012708548,3.8861344455,1.0883673841,0.00032651021523,-0.00332009813974,-0.00490516535058,0.0012014538796,1.02939330852,1.97263525443,2.93159510832,0.000879478532496,-0.000920091504687,-0.00171841782201,0.0012014538796,1.63819716412,2.46740560724,0.309125463303,9.27376389909e-05,-0.00626340084873,-0.00697823631768,0.0012014538796,1.0033060969,1.92995937663,0.0308226353713,9.24679061139e-06,-0.0115041612964,-0.0127029637687,0.0012014538796,1.48370547774,2.69192881107,1.64404597987,0.000493213793962,-0.0145516643733,-0.0154222645168,0.0012014538796,1.89675005181,3.1027143372,0.55003821714,0.000165011465142,1,1,5,0,3
1941-07,-0.0146276005407,-0.0154434078356,0.0012014538796,2.13521520239,3.52135961827,0.367395388447,0.000110218616534,-0.00620713907589,-0.00691424225244,0.0012014538796,1.03298079604,1.97469475214,0.00504832737487,1.51449821246e-06,-0.00167052624031,-0.002401749975,0.0012014538796,1.64705363026,2.43176153043,0.0854501878348,2.56350563505e-05,-0.00566498356873,-0.00639931651437,0.0012014538796,1.00700327392,1.93609941541,0.095814224346,2.87442673038e-05,-0.0172566483635,-0.0179897624329,0.0012014538796,1.48737057867,2.67230043307,0.0917513035181,2.75253910554e-05,-0.0204436988775,-0.021197124549,0.0012014538796,1.89799032349,3.04970460532,0.159456643886,4.78369931658e-05,1,1,5,0,3
1941-08,-0.0071177778171,-0.00823394224534,0.0012014538796,2.23756732954,3.8020056323,1.36858583304,0.000410575749912,0.000541043291563,-0.000253232348384,0.0012014538796,1.04198213533,2.08337419193,0.295623205368,8.86869616103e-05,0.00746063645521,0.00661687742622,0.0012014538796,1.70086020581,2.86144228322,0.460567835515,0.000138170350655,0.00135615299574,0.000413635326861,0.0012014538796,1.01466785906,2.06124624758,0.789763301814,0.000236928990544,-0.001868037138,-0.00282958554663,0.0012014538796,1.48488694685,2.40179967307,0.853199100979,0.000255959730294,-0.000205976759986,-0.00123816545313,0.0012014538796,1.89976351196,2.75334837618,1.08866671601,0.000326600014804,1,1,5,0,3
1941-09,0.0121039375969,0.0113261300105,0.0012014538796,2.2411954143,3.79958908717,0.240729693761,7.22189081283e-05,0.00605842044274,0.00504641715256,0.0012014538796,1.04966650766,1.88442542676,1.0213820395,0.000306414611849,0.00763129719961,0.00689875467042,0.0012014538796,1.72050747246,2.86561512127,0.0898461695094,2.69538508528e-05,0.00614396883906,0.00543397801162,0.0012014538796,1.02127899816,2.07592007791,0.0146738303266,4.40214909798e-06,0.00789039690066,0.0070339269895,0.0012014538796,1.49822094347,2.74665384407,0.502937442757,0.000150881232827,0.00820042051889,0.00746800590425,0.0012014538796,1.91944760552,2.82840022466,0.0894197877034,2.6825936311e-05,1,1,5,0,3
1941-10,-0.00335153404082,-0.00516503625551,0.0012014538796,2.29405049753,0.297275043796,3.69304512118,0.00110791353635,-0.0284968990727,-0.0297272873338,0.0012014538796,1.05675195878,0.740536259721,1.74933194253,0.000524799582758,-0.040438289677,-0.0419433020349,0.0012014538796,1.7678403968,1.83524514871,2.66474559852,0.000799423679556,-0.0268986470149,-0.0280886573875,0.0012014538796,1.02051988042,1.19733106103,1.61473898094,0.000484421694282,-0.0294755185556,-0.0307923956322,0.0012014538796,1.50769099193,0.984131200222,2.03762799424,0.000611288398273,-0.0368047413429,-0.038296896374,0.0012014538796,1.94502596357,1.46748747187,2.62188784265,0.000786566352795,1,0,5,0,2
1941-11,-0.0242410397646,-0.0262522629493,0.0012014538796,2.56970056886,4.25409216869,4.35211502109,0.00130563450633,-0.0125985688611,-0.013787037154,0.0012014538796,1.07842476682,1.9514679612,1.60959871519,0.000482879614557,-0.00667379676896,-0.00789856063067,0.0012014538796,1.86746813769,3.18908175276,1.73058394458,0.000519175183374,0.0190665524761,0.0176762885995,0.0012014538796,1.01336435516,2.09423393543,2.28225066064,0.000684675198193,-0.00374131799892,-0.00479287683769,0.0012014538796,1.53528041735,1.1529729809,1.15323386809,0.000345970160426,-0.00273972928173,-0.00425027582766,0.0012014538796,1.99995722626,2.99189483506,2.68319289199,0.000804957867598,1,1,5,0,3
1941-12,0.0777222826107,0.0752524279356,0.0012014538796,2.54046204345,1.62679448732,5.88088665601,0.0017642659968,0.047852717784,0.0463714139719,0.0012014538796,1.07982137098,0.79890715276,2.58571711271,0.000775715133814,-0.021422835415,-0.0228874824726,0.0012014538796,1.87954574984,1.10335884714,2.53019459762,0.000759058379286,0.0460152071277,0.0448173897444,0.0012014538796,1.00425702969,1.08196185464,1.64076234978,0.000492228704933,0.0743553809503,0.0730237905733,0.0012014538796,1.53709365721,1.23175227453,2.08667232888,0.000626001698665,0.0329742404521,0.0313545603814,0.0012014538796,2.00341450338,0.75575506861,3.04697130782,0.000914091392346,1,0,5,0,2
1942-01,0.0104940030899,0.00860999165929,0.00112515922906,2.33323441546,3.86156438603,3.92807584099,0.0011784227523,-0.0118681412383,-0.0126139662452,0.00112515922906,1.03237144762,0.672242281244,0.134121094923,4.02363284769e-05,-0.00471307263467,-0.00555616313239,0.00112515922906,1.87536264034,1.07913149464,0.458339397944,0.000137501819383,0.00930371767945,0.00857944022545,0.00112515922906,0.964151149753,1.03140711456,0.0622959188682,1.86887756604e-05,-0.00151850383536,-0.00231410585411,0.00112515922906,1.39810388227,1.07883023484,0.300044468073,9.00133404219e-05,0.00888747968812,0.00815405046523,0.00112515922906,1.96030795459,0.797719246959,0.0928018151585,2.78405445476e-05,1,0,5,0,2
1942-02,0.036315424285,0.0338872098107,0.00112515922906,2.33286740776,3.86772395251,5.74208598661,0.00172262579598,0.0220903732085,0.0213830177089,0.00112515922906,1.03128628586,0.666405357291,0.00588940413228,1.76682123968e-06,0.0180672464041,0.0170457181095,0.00112515922906,1.88616269863,1.07382545827,1.05313205416,0.000315939616247,0.0247661463307,0.0240579138112,0.00112515922906,0.963307283929,1.02564017351,0.00881280379748,2.64384113924e-06,0.038058266767,0.0373518083914,0.00112515922906,1.39842316045,1.07608298716,0.00289899117469,8.69697352407e-07,0.0501838608989,0.0492620615233,0.00112515922906,1.95893168438,1.51007665766,0.720702324223,0.000216210697267,1,0,5,0,2
1942-03,-0.0275393927586,-0.0304577442769,0.00112515922906,2.3013208893,3.93649835515,7.37587613319,0.00221276283996,0.0150323861921,0.0138091397311,0.00112515922906,1.02164454828,1.83587840235,1.72552594232,0.000517657782697,0.0268213117136,0.0259866758267,0.00112515922906,1.87389262948,1.05796254096,0.43015736177,0.000129047208531,0.0238418609582,0.0231308761676,0.00112515922906,0.95195941294,1.01163278492,0.0179870408853,5.39611226558e-06,0.0142778344501,0.0133705627637,0.00112515922906,1.36352669335,0.627424482222,0.67227669368,0.000201683008104,0.0176980355034,0.0167260885104,0.00112515922906,1.87407243861,0.896425259528,0.887861048703,0.000266358314611,1,0,5,0,2
1942-04,0.0456468877482,0.0444339263353,0.00112515922906,2.28400972683,3.93756122947,1.69124244829,0.000507372734486,0.0113934844154,0.0106752477579,0.00112515922906,1.02035635854,1.85535160955,0.0421599306878,1.26479792063e-05,0.0209340224901,0.0202214377979,0.00112515922906,1.8768568317,1.04812105812,0.0233200459017,6.9960137705e-06,0.0191734580944,0.0184622680867,0.00112515922906,0.945422113524,1.00211245906,0.0186710980934,5.60132942801e-06,0.0342726315884,0.0334010322036,0.00112515922906,1.36466410851,1.09671144571,0.553369021506,0.000166010706452,0.0430154641884,0.0420978176483,0.00112515922906,1.88154129589,1.47308166718,0.706859539088,0.000212057861726,1,0,5,0,2
1942-05,0.0045751998672,0.00379462792416,0.00112515922906,2.31302374899,3.89523424588,0.249944215664,7.49832646992e-05,0.0020023349368,0.000455543689319,0.00112515922906,1.0304534037,1.88707203026,2.80400856382,0.000841202569146,0.00298454612545,0.002257729936,0.00112515922906,1.86197079895,1.08921445152,0.0707583703771,2.12275111131e-05,0.00224822047657,0.00152274906925,0.00112515922906,0.940804820928,1.02987084831,0.0662757632766,1.9882728983e-05,0.00317016075555,0.00244292218883,0.00112515922906,1.34260947429,1.1097341645,0.0721662946371,2.16498883911e-05,0.00386972299315,0.00314097078493,0.00112515922906,1.82094150012,1.45037689414,0.0772117662901,2.3163529887e-05,1,0,5,0,2
1942-06,-0.0285675495597,-0.0294348668194,0.00112515922906,2.4603619248,4.19097939871,0.539095271137,0.000161728581341,-0.012142683005,-0.0128876797613,0.00112515922906,1.04488485186,1.94815748428,0.131360259791,3.94080779374e-05,-0.0292165124489,-0.0304298627962,0.00112515922906,1.98346172176,2.49940269743,1.69253889661,0.000507761668982,-0.0235350815169,-0.0243492829746,0.00112515922906,0.943255375528,0.69191446123,0.362042598127,0.000108612779438,-0.0366519836903,-0.037436297718,0.00112515922906,1.35967055108,0.998708686527,0.262417831334,7.87253494002e-05,-0.0484724211618,-0.0492892940402,0.00112515922906,1.88015435457,1.30571829368,0.370947333447,0.000111284200034,1,0,5,0,2
1942-07,-0.0283612154549,-0.0291587668714,0.00112515922906,2.42514343938,4.14350614072,0.306542460302,9.19627380907e-05,-0.0124723915899,-0.0131888859389,0.00112515922906,1.0451291057,1.95405782355,0.0363522355684,1.09056706705e-05,-0.00674019425921,-0.0074531711236,0.00112515922906,1.96995630724,2.4788334766,0.0246272868461,7.38818605384e-06,-0.012557733011,-0.0132693039678,0.00112515922906,0.939406949338,0.676968404833,0.0199409280155,5.98227840466e-06,-0.0220433325077,-0.0227809092409,0.00112515922906,1.33524682719,0.954009032267,0.106626849277,3.19880547832e-05,-0.0263897755711,-0.0271510782847,0.00112515922906,1.82017315209,1.21703371227,0.185713450673,5.57140352019e-05,1,0,5,0,2
1942-08,0.000818766305105,-0.000435367606056,0.00112515922906,2.42914869309,4.01869595629,1.82848410941,0.000548545232824,0.00111307410083,0.000175924758868,0.00112515922906,1.04820424522,1.96200811953,0.771868878739,0.000231560663622,-0.00175594762116,-0.00347827107192,0.00112515922906,1.98581820895,2.48033287147,3.38911590807,0.00101673477242,0.00137191269764,0.000661392516207,0.00112515922906,0.941486296195,0.678780389026,0.0164383436486,4.93150309457e-06,0.00112776538782,0.000100317449831,0.00112515922906,1.32756478832,0.398683268982,1.07286419884,0.000321859259651,8.38858165002e-05,-0.000849474904707,0.00112515922906,1.80475470833,0.530869157497,0.7592401429,0.00022777204287,1,0,5,0,2
1942-09,0.00615537255568,0.00350409377519,0.00112515922906,2.47392257073,4.13671540531,6.48563367386,0.00194569010216,0.00586002339167,0.00513972518116,0.00112515922906,1.04757174742,1.9130184891,0.049031773913,1.47095321739e-05,-0.0177697841559,-0.0184756633836,0.00112515922906,1.9855642719,2.48099446702,0.000968497811023,2.90549343307e-07,-0.00388896672236,-0.00459460423941,0.00112515922906,0.941756042989,0.678943184761,0.000162795735187,4.88387205562e-08,0.00327091835816,0.00254064616615,0.00112515922906,1.32859430297,0.379588607928,0.0822783788839,2.46835136652e-05,-0.0070206678414,-0.00775195387189,0.00112515922906,1.80801722218,0.54508832603,0.085657840528,2.56973521584e-05,1,0,5,0,2
1942-10,0.040581786252,0.0379996651333,0.00112515922906,2.47671175429,3.17027759903,6.25510813446,0.00187653244034,0.0271460710701,0.0261581769311,0.00112515922906,1.9648304984,2.85403669105,0.941018201952,0.000282305460586,-0.0525130274613,-0.0538692383511,0.00112515922906,2.97382192854,4.64973517174,2.16874070471,0.000650622211414,-0.042119320546,-0.0429922993362,0.00112515922906,1.61856280383,1.22002145496,0.557967039441,0.000167390111832,0.00278910607653,0.00196803402298,0.00112515922906,1.84418516743,0.541632823682,0.384944584035,0.000115483375211,-0.0258863773274,-0.026746488134,0.00112515922906,2.46423545091,0.911032358221,0.515073760877,0.000154522128263,1,0,5,0,2
1942-11,-0.00993967491469,-0.0107498872132,0.00112515922906,2.43100705901,3.37321888092,0.348745400537,0.000104623620161,-0.00800819144768,-0.00900792748808,0.00112515922906,1.94167489293,2.66040694589,0.980491206884,0.000294147362065,0.0255827056523,0.0242906403914,0.00112515922906,2.88187600811,4.45719582707,1.95492194192,0.000586476582576,0.00939854130081,0.00866596372253,0.00112515922906,1.57557880242,1.20003319588,0.0899629998206,2.69888999462e-05,-0.00209626186823,-0.0029395415832,0.00112515922906,1.84403240187,0.60471354296,0.458970122089,0.000137691036627,0.0115755020001,0.0106359596945,0.00112515922906,2.43980435263,0.996127063791,0.779845424268,0.00023395362728,1,0,5,0,2
1942-12,-0.0350959599618,-0.036051151979,0.00112515922906,2.62315310999,3.78643457664,0.832011129488,0.000249603338846,-0.000919187794238,-0.00169029336235,0.00112515922906,2.03064892406,2.87879657847,0.218389632586,6.55168897757e-05,-0.00145290641465,-0.00261321494205,0.00112515922906,3,4.2778159691,1.51573283019,0.000454719849056,0.00808792824121,0.00656656861732,0.00112515922906,1.61743477261,3.12364739535,2.71923648517,0.000815770945552,0.000442610689944,-0.00116106511788,0.00112515922906,1.93397978171,2.9640832537,2.99362376495,0.000898087129486,0.000210741280808,-0.00176227763663,0.00112515922906,2.59097444738,3.971015645,4.22476746366,0.0012674302391,1,1,5,0,3
1943-01,0.0439157489652,0.0412119376661,0.00100378882746,2.55923404877,3.82086510095,6.66074206927,0.00199822262078,0.0237123605873,0.0229911664673,0.00100378882746,2.0544226437,2.87845182016,0.0520181390769,1.56054417231e-05,0.0759907046754,0.0750680015211,0.00100378882746,3,4.26484809516,0.723714919955,0.000217114475986,-0.0245226109018,-0.0265313682433,0.00100378882746,1.62573374397,3.15438354572,4.34389554399,0.0013031686632,0.0180275905311,0.0162411891258,0.00100378882746,1.94238296838,1.32569045886,3.60270908985,0.00108081272695,0.030594138243,0.0284062470264,0.00100378882746,2.60498266014,1.89046101227,4.94100846107,0.00148230253832,1,1,5,0,3
1943-02,0.0300944723119,0.0293625729332,0.00100378882746,2.51156335925,3.81970473728,0.0877023345003,2.63107003501e-05,0.0273035872537,0.0264525935735,0.00100378882746,2.04856750456,2.85702349757,0.484683339691,0.000145405001907,0.0390927132343,0.0383234635546,0.00100378882746,2.76329699441,4.0526447571,0.212203338061,6.36610014184e-05,0.0402729836255,0.0379277279127,0.00100378882746,1.61034612713,3.11952891685,5.4655567813,0.00163966703439,0.0463890729186,0.045008043171,0.00100378882746,1.93425663286,1.84745053471,2.25147023085,0.000675441069255,0.0612390132881,0.0596655576281,0.00100378882746,2.56714009349,2.45193127832,2.89288993886,0.000867866981657,1,1,5,0,3
1943-03,0.0312867656394,0.0288383187359,0.00100378882746,2.48368176097,3.77027129539,5.80952741711,0.00174285822513,0.0257350668579,0.0250159066612,0.00100378882746,2.02846896984,2.81178510316,0.0452383944082,1.35715183225e-05,0.0341886854181,0.0334484836215,0.00100378882746,2.69909646365,3.93726769635,0.115377060749,3.46131182246e-05,0.026666621969,0.0259326149566,0.00100378882746,1.57072990503,3.0248011366,0.0947277802469,2.84183340741e-05,0.0316420330851,0.0304283982314,0.00100378882746,1.87525696121,3.43530928421,1.6934872512,0.000508046175359,0.0406542166637,0.0392898707673,0.00100378882746,2.42686037064,4.44579923455,2.19585739349,0.000658757218047,1,1,5,0,3
1943-04,0.0153524807635,0.0145432100927,0.00100378882746,2.47409792049,3.56723926402,0.345606641517,0.000103681992455,0.015273371677,0.0145409228787,0.00100378882746,2.02848957333,2.87592243245,0.0895337331367,2.6860119941e-05,0.0209303677395,0.0201918862774,0.00100378882746,2.67109013727,3.98588895993,0.109642612562,3.28927837687e-05,0.0219549747521,0.021241908427,0.00100378882746,1.56165721643,2.99987564754,0.0249254890539,7.47764671616e-06,0.0252792957197,0.0245522416134,0.00100378882746,1.86265927715,3.36375785774,0.0715514264714,2.14654279414e-05,0.0319179229512,0.0311636880995,0.00100378882746,2.37204104434,4.28364532346,0.162153911088,4.86461733263e-05,1,1,5,0,3
1943-05,0.0157868201269,0.0132313758201,0.00100378882746,2.47228414171,3.82222039265,6.16618542826,0.00184985562848,0.0248118996503,0.0240895919959,0.00100378882746,2.02315392636,2.84110748007,0.055729920052,1.67189760156e-05,0.033827849279,0.0331069259195,0.00100378882746,2.67076291356,3.96256711892,0.0511156039373,1.53346811812e-05,0.0309028327199,0.0301912821383,0.00100378882746,1.55447854689,2.98503454388,0.0198730108555,5.96190325664e-06,0.0319439797056,0.0307238068672,0.00100378882746,1.84825345071,1.73287747411,1.71528053373,0.000514584160118,0.040217325425,0.0388537146421,0.00100378882746,2.3424727603,2.19624547624,2.19340701518,0.000658022104555,1,1,5,0,3
1943-06,0.0157008308095,0.0130585213573,0.00100378882746,2.46892617532,3.951355465,6.45573591302,0.00193672077391,0.00917507562661,0.00843608731269,0.00100378882746,2.00727358116,2.94209623487,0.111332118627,3.33996355882e-05,0.0128660425026,0.0120956424607,0.00100378882746,2.62788470968,4.15114011309,0.216037878626,6.48113635877e-05,0.0146255360077,0.0137555908485,0.00100378882746,1.68806500457,3.09538578564,0.547854936041,0.000164356480812,0.0164489154506,0.0151768597115,0.00100378882746,1.85259373824,3.32428192826,1.88822353598,0.000566467060794,0.0203308519008,0.0189226271897,0.00100378882746,2.31821964959,4.15979797827,2.34212010913,0.000702636032739,1,1,5,0,3
1943-07,-0.000740377300604,-0.00164387325753,0.00100378882746,2.58495623399,4.14988636688,0.65969092862,0.000197907278586,-0.00264031151489,-0.00337615428085,0.00100378882746,2.06766307334,3.04269707418,0.100846958761,3.02540876283e-05,-0.00159541007665,-0.00234337556988,0.00100378882746,2.62537828382,4.19009495161,0.141256049645,4.23768148935e-05,0.010137855746,0.0093896341492,0.00100378882746,1.72727532004,3.23749551387,0.142109728233,4.263291847e-05,0.0111185271898,0.0103346971376,0.00100378882746,1.91272278798,3.58508650792,0.260804579663,7.82413738989e-05,0.0134236979963,0.0126454080623,0.00100378882746,2.34863645908,4.40213549729,0.242337519021,7.27012557062e-05,1,1,5,0,3
1943-08,-0.0169461592477,-0.0180330979537,0.00100378882746,2.73436157052,4.30775960723,1.2711667588,0.000381350027641,0.00646811976149,0.00553282424011,0.00100378882746,2.14898401982,3.29328435474,0.765689476827,0.000229706843048,-0.00627545446223,-0.0070382512357,0.00100378882746,2.63010384759,4.33893308983,0.190693650438,5.72080951314e-05,-0.0233422592417,-0.0240946796991,0.00100378882746,1.80516550863,3.39277524126,0.156105930118,4.68317790354e-05,-0.0257229552713,-0.0265518621525,0.00100378882746,2.01712756428,3.6490903193,0.411060675917,0.000123318202775,-0.033088469058,-0.0338745374578,0.00100378882746,2.40881944931,4.35768163058,0.268265738079,8.04797214236e-05,1,1,5,0,3
1943-09,0.0148665750444,0.0138692304016,0.00100378882746,2.72477583498,4.57670740105,0.972519881538,0.000291755964461,0.0123272999529,0.0112826670211,0.00100378882746,2.16004452311,3.39608666831,1.13014751135,0.000339044253404,0.0142813200195,0.0135538645167,0.00100378882746,2.62751027014,4.33979223878,0.0728894147175,2.18668244153e-05,0.0124670699692,0.0117531897879,0.00100378882746,1.80373985044,3.37508352753,0.02763834326,8.29150297801e-06,0.0136953462703,0.0128745049221,0.00100378882746,1.99700832953,3.65459500135,0.384175566289,0.000115252669887,0.0160152635583,0.0152257671649,0.00100378882746,2.36204580968,4.32262634128,0.279692383593,8.39077150779e-05,1,1,5,0,3
1943-10,-0.00324291937455,-0.00467121710888,0.00100378882746,2.77254916955,4.72809765421,2.40903018665,0.000722709055996,-0.00375515730043,-0.00507753280473,0.00100378882746,2.28444538116,3.65498640214,2.05595608652,0.000616786825957,-0.012217029271,-0.0131261029227,0.00100378882746,2.63497454774,4.37065480163,0.6782832445,0.00020348497335,0.00472751622124,0.00399671920242,0.00100378882746,1.83707444815,3.45911132913,0.0840278015957,2.52083404787e-05,0.00486635182791,0.00371975937727,0.00100378882746,2.01611648241,3.1407731184,1.47001257433,0.000441003772298,0.000155026804626,-0.000840964493519,0.00100378882746,2.36444717658,3.68341422576,0.968008732691,0.000290402619807,1,1,5,0,3
1943-11,-0.0093181547195,-0.0128155859668,0.00100378882746,2.76882817582,4.57804424222,9.30614189643,0.00279184256893,0.0296999006441,0.0287554719626,0.00100378882746,2.27944246689,3.79043620384,0.796133343873,0.000238840003162,-0.000183148621774,-0.0011532647723,0.00100378882746,2.6264881111,4.52566224147,0.881758240622,0.000264527472187,-0.0180562989089,-0.0187941009889,0.00100378882746,1.85430473926,3.56648933465,0.107378005527,3.22134016582e-05,-0.00198927905744,-0.00348258895616,0.00100378882746,2.02146712291,1.49078490469,2.62573740127,0.000787721220382,-0.0255490127137,-0.0271786174329,0.00100378882746,2.36758715691,2.38800763649,3.08005346955,0.000924016040865,1,1,4,0,3
1943-12,0.028838547036,0.0253871178225,0.00100378882746,2.88239697681,5.47571430883,9.15280178362,0.00274584053509,0.0253535226295,0.0245302033355,0.00100378882746,2.31469584704,4.09805610632,0.39243538549,0.000117730615647,0.0319285518779,0.0310894351413,0.00100378882746,2.65468713855,4.85758400126,0.445093527294,0.000133528058188,0.0173835359373,0.0166682230037,0.00100378882746,1.84347671119,3.53407515035,0.0324141843088,9.72425529265e-06,0.0144030031979,0.0129670987433,0.00100378882746,2.04632608629,3.37705341868,2.4343859206,0.00073031577618,0.0191988677739,0.01765302053,0.00100378882746,2.35791631075,3.89127099124,2.80086188515,0.000840258565545,1,1,4,0,3
1944-01,-0.00330900839928,-0.00421535382113,0.000811639647338,2.86522776623,5.40462699748,0.669189145045,0.000200756743513,-0.00221441226201,-0.00299470571795,0.000811639647338,2.3159201168,4.301259941,0.249015925329,7.47047775987e-05,-0.00237446330218,-0.00339275029961,0.000811639647338,2.61671274092,4.95813235072,1.04232773031,0.000312698319092,0.0290589147847,0.0283453977211,0.000811639647338,1.84519366601,3.55332940199,0.0264279508888,7.92838526664e-06,-0.00138896554521,-0.00210925168857,0.000811639647338,2.04759985395,3.33503611132,0.0489915500788,1.46974650236e-05,-0.00172243248366,-0.00263310209059,0.000811639647338,2.35788125144,3.8404081269,0.683603095299,0.00020508092859,1,1,4,0,3
1944-02,0.00593774636712,0.00471567334248,0.000811639647338,2.93326268146,6.12394023644,1.72161448768,0.000516484346303,0.00604974961628,0.00523866770061,0.000811639647338,2.38889930276,4.61284120932,0.351644124463,0.000105493237339,0.00695300880388,0.00610681568526,0.000811639647338,2.70202377141,5.37368125229,0.468681467609,0.000140604440283,0.00233927810979,0.00162956646551,0.000811639647338,1.84760975411,3.55692332535,0.0137432197979,4.12296593937e-06,0.00369844234404,0.00279489388878,0.000811639647338,2.07683482489,3.44542618454,0.659865923078,0.000197959776923,0.00413332910928,0.00320070051033,0.000811639647338,2.38970275312,3.96446763131,0.756799735376,0.000227039920613,1,1,4,0,3
1944-03,0.0231389136257,0.0221795471645,0.000811639647338,2.93336350986,6.23258874377,0.845925942929,0.000253777782879,0.00341560002794,0.00256880771172,0.000811639647338,2.38926971013,5.0080555196,0.470678792949,0.000141203637885,0.00530762131905,0.00427810430184,0.000811639647338,2.89087805859,6.42601506319,1.07976112959,0.000323928338876,0.0254504414079,0.0247313652467,0.000811639647338,1.84784160667,3.60188160159,0.0449582762445,1.34874828733e-05,0.0145212132457,0.0137900243893,0.000811639647338,2.079254372,3.41258214356,0.0853339268916,2.56001780675e-05,0.0166464465517,0.0159072527417,0.000811639647338,2.4015766245,3.94159445594,0.112017105733,3.36051317199e-05,1,1,4,0,3
1944-04,0.0141324872303,0.0129407977936,0.000811639647338,2.92254454598,6.12214384118,1.62033586136,0.000486100758409,0.0013906726942,0.000306066226593,0.000811639647338,2.4223590836,5.48694671671,1.2633926309,0.000379017789269,0.0135759861209,0.0126645938716,0.000811639647338,2.89318687012,6.90920473056,0.686011903075,0.000205803570922,-0.00801535125903,-0.00872774402567,0.000811639647338,1.840636844,3.59369390946,0.0226802943422,6.80408830265e-06,-0.000210106424105,-0.000939384078291,0.000811639647338,2.07890856042,3.34200386954,0.0789632528307,2.36889758492e-05,0.00995577328014,0.00902229514412,0.000811639647338,2.39836445652,3.85555355675,0.759631525585,0.000227889457675,1,1,4,0,3
1944-05,0.00448539413899,0.00332540687324,0.000811639647338,2.92174149315,6.83987784602,1.51466195805,0.000454398587416,0.00354942854423,0.00270543453482,0.000811639647338,2.42135719596,5.91478661217,0.461351103582,0.000138405331074,0.0040337830011,0.00294196205262,0.000811639647338,2.93647877533,7.49266312034,1.28744090044,0.000386232270133,0.0150794276588,0.0143339441095,0.000811639647338,1.84141500161,3.72667681255,0.132982903094,3.98948709283e-05,0.0168670331263,0.01593187813,0.000811639647338,2.07977852073,4.10722492955,0.765221060003,0.000229566318001,0.0194889832796,0.0183073958013,0.000811639647338,2.41941987666,4.77796146726,1.5866626667,0.00047599880001,1,1,3,0,3
1944-06,-0.00750851623947,-0.00862797201851,0.000811639647338,2.93546015294,6.6335620451,1.37955700235,0.000413867100706,0.0259462766993,0.025036880328,0.000811639647338,2.42094946288,5.67330594219,0.679358976427,0.000203807692928,0.00783534009519,0.00701877175373,0.000811639647338,3,7.83495106227,0.369932210435,0.000110979663131,0.0291381178707,0.0284294054906,0.000811639647338,1.84166550146,3.73708915174,0.0104123391856,3.12370175567e-06,0.0152722864962,0.0143360978699,0.000811639647338,2.07756934022,3.33855843633,0.768666493219,0.000230599947966,0.0119907432304,0.0110498106936,0.000811639647338,2.42176192645,4.0136219938,0.784479528345,0.000235343858503,1,1,3,0,3
1944-07,-0.00171108911069,-0.00290436793195,0.000811639647338,2.94086335215,7.52837040119,1.62563380975,0.000487690142924,-0.00233525207201,-0.00337704138257,0.000811639647338,2.42138938909,6.08447613067,1.12066877408,0.000336200632224,-0.00140405272629,-0.002400264457,0.000811639647338,3,7.91137099843,0.96874350792,0.000290623052376,0.0136397286644,0.0129281920023,0.000811639647338,1.84234910658,3.72001386321,0.0198266126425,5.94798379276e-06,0.0154305308104,0.0144034053748,0.000811639647338,2.09954117388,4.06407089636,1.07178919071,0.000321536757214,0.0178715257294,0.016826129042,0.000811639647338,2.45011286092,4.74267068194,1.13269336374,0.000339808009121,1,1,3,0,3
1944-08,0.0123844089691,0.01109424524,0.000811639647338,2.97937960182,7.71989503178,1.94858350275,0.000584575050825,0.0101734639804,0.00918205741928,0.000811639647338,2.4432992762,6.20848697105,0.952726275826,0.000285817882748,0.0135668609065,0.0123204982239,0.000811639647338,3,8.00116769151,1.80258001411,0.000540774004232,-0.0079528278725,-0.00867166732293,0.000811639647338,1.85590744884,3.74806217914,0.0441692403027,1.32507720908e-05,-0.00619590056734,-0.00710249227199,0.000811639647338,2.14350045797,3.95058656215,0.670010087717,0.000201003026315,-0.00736169674844,-0.0083637612674,0.000811639647338,2.50009985969,4.81660478263,0.988252802091,0.000296475840627,1,1,3,0,3
1944-09,0.00916016872544,0.00827220402375,0.000811639647338,2.99743024162,7.50785816113,0.60792007783,0.000182376023349,0.00762260863832,0.00685958585507,0.000811639647338,2.44751964812,6.34258907972,0.19144701639,5.74341049169e-05,0.0112324118334,0.0103954992879,0.000811639647338,3,8.2876889077,0.437746223748,0.000131323867124,-0.00975748576315,-0.0104699390666,0.000811639647338,1.84845498055,3.73464486934,0.0228820837955,6.86462513866e-06,-0.0103583729571,-0.0110944005083,0.000811639647338,2.14060917824,3.85331076082,0.101462909583,3.04388728748e-05,-0.0121973347873,-0.0129404969685,0.000811639647338,2.49302584165,4.69589162138,0.125245009456,3.75735028367e-05,1,1,3,0,3
1944-10,-0.02010385354,-0.0210492222973,0.000811639647338,2.99946945468,7.46134786056,0.799266930116,0.000239780079035,-0.00381844368397,-0.0047466929946,0.000811639647338,2.4476864938,6.30792664975,0.74220210767,0.000222660632301,-0.00352626065936,-0.00425538901201,0.000811639647338,3,8.25105739272,0.0784655810635,2.35396743191e-05,0.0287964269428,0.0280811775939,0.000811639647338,1.83721787167,3.71209496559,0.0322022349219,9.66067047656e-06,0.00553547483648,0.00458930940366,0.000811639647338,2.12548329224,3.40947055377,0.801922514946,0.000240576754484,0.00631227619631,0.005387742126,0.000811639647338,2.4750040197,3.97013392504,0.729817973217,0.000218945391965,1,1,3,0,3
1944-11,0.00194640653528,0.000820264524292,0.000811639647338,2.96709333413,8.84682280884,1.40184444217,0.000420553332651,0.000864523266545,-0.000731450422882,0.000811639647338,2.741078976,8.04290501706,2.96795003697,0.00089038501109,0.0156457577827,0.0143144330934,0.000811639647338,3,9.61104357541,2.08578670301,0.000625736010902,-0.00021414381224,-0.00200926071852,0.000811639647338,1.94733173034,6.24165899033,3.6317607598,0.00108952822794,0.00140223992401,-0.000478644696021,0.000811639647338,2.23381380947,6.58670223228,3.91765313899,0.0011752959417,0.00557664907893,0.00347306720257,0.000811639647338,2.62170129941,7.71367845253,4.65997732672,0.00139799319802,1,1,3,0,3
1944-12,0.00709012402221,0.00574095601478,0.000811639647338,3,9.37090942826,2.14526443029,0.000643579329088,-0.00777964468613,-0.00898043864016,0.000811639647338,2.84405013054,8.79240621212,1.65068425229,0.000495205275686,0.00326463233937,0.00254829645497,0.000811639647338,3,9.59909637974,0.0358240202227,1.07472060668e-05,0.0190116512343,0.0182824638847,0.000811639647338,1.96231866818,6.2940648028,0.0786622375013,2.35986712504e-05,0.00786254759399,0.00690585279365,0.000811639647338,2.24229049119,6.83441976571,0.837020406683,0.000251106122005,0.0121757786536,0.0113024856089,0.000811639647338,2.63038589777,8.02953084109,0.55901455457,0.000167704366371,1,1,3,0,3
1945-01,0.0339537232196,0.0324704807507,0.000750568680502,3,8.47595191352,2.59217930202,0.000777653790606,0.0328633734207,0.0316148931199,0.000750568680502,3,9.90570989265,1.80963874171,0.000542891622512,0.0182107175929,0.0171441731328,0.000750568680502,3,10.165748189,1.20318593932,0.000360955781797,0.0272979643832,0.0259388368893,0.000750568680502,2.20542246192,7.52212505941,2.17846271855,0.000653538815564,0.0332312088224,0.0317997341436,0.000750568680502,2.72337443748,8.85274434023,2.41962000137,0.000725886000411,0.0286016358639,0.0274059708711,0.000750568680502,2.6789088935,8.51257269687,1.63358771497,0.000490076314491,0,1,3,0,2
1945-02,0.0665749872475,0.065074877296,0.000750568680502,3,7.78305233628,2.64840424373,0.00079452127312,0.0660897890541,0.0649116878491,0.000750568680502,3,9.28576812131,1.57504175546,0.000472512526637,0.0684257277817,0.0669986401669,0.000750568680502,3,9.60898637273,2.40499645489,0.000721498936468,0.0352843209298,0.033944890797,0.000750568680502,2.1974640862,6.95708258349,2.11280484815,0.000633841454444,0.0546243888885,0.0532075522969,0.000750568680502,2.71249052422,7.3740406437,2.37082637757,0.000711247913272,0.0544064744434,0.0531010353218,0.000750568680502,2.66322975699,7.38019045699,1.9995014778,0.00059985044334,1,1,3,0,3
1945-03,0.00565534266585,0.0046899260427,0.000750568680502,3,7.57625175683,0.866093149365,0.000259827944809,0.00582051540651,0.00410448686318,0.000750568680502,3,7.51160399503,3.36813288331,0.00101043986499,-0.0105798135965,-0.0115256410163,0.000750568680502,3,9.25840985137,0.800795805051,0.000240238741515,0.00397589257014,0.00286286159868,0.000750568680502,2.25079229534,6.82477952712,1.35814097707,0.000407442293121,0.00589894378828,0.00472437872958,0.000750568680502,2.80236092901,6.96971603242,1.56325460121,0.000468976380362,0.000166996150612,-0.000752041405566,0.000750568680502,2.72581199872,7.05933080427,0.711496259469,0.000213448877841,0,1,4,0,2
1945-04,0.0266167035176,0.0250237819932,0.000750568680502,3,8.05427106365,2.95777615368,0.000887332846105,0.0233084453425,0.0221406038113,0.000750568680502,3,8.98903673796,1.54084284276,0.000462252852827,0.00884019890616,0.00776727240675,0.000750568680502,3,10.4744250147,1.22445940357,0.000367337821072,0.0179410399213,0.0168589392497,0.000750568680502,2.33411562895,8.07981950485,1.25503997773,0.000376511993319,0.0188135394697,0.0176447095573,0.000750568680502,2.81399307198,8.18780808095,1.54413744708,0.000463241234124,0.0134260435727,0.012295571215,0.000750568680502,2.73236805336,8.17204760937,1.41627893104,0.000424883679313,0,1,4,0,2
1945-05,-0.0273489600021,-0.0321750373658,0.000750568680502,3,8.07344119694,13.7349622845,0.00412048868536,0.0113418014372,0.0105428920107,0.000750568680502,3,9.13938135707,0.311069160551,9.33207481654e-05,0.0115892423036,0.0105964255105,0.000750568680502,3,10.5064295536,0.957427049253,0.000287228114776,0.00588245846775,0.00511407350565,0.000750568680502,2.38725229596,8.28914045073,0.209320945876,6.27962837627e-05,0.00335031827765,0.00136566920677,0.000750568680502,2.99217879026,4.50462180297,4.26353464183,0.00127906039255,0.00332491668274,0.00124704895849,0.000750568680502,2.87214151292,4.74142944911,4.57426348638,0.00137227904591,0,1,4,0,2
1945-06,0.0316574298313,0.0265958189599,0.000750568680502,3,7.32457940915,14.5200739769,0.00435602219308,0.0332626414337,0.0321451594067,0.000750568680502,3,8.75183974649,1.37297782904,0.000411893348712,0.0287768404206,0.0276938923275,0.000750568680502,3,9.33431822541,1.25786471584,0.000377359414753,0.00864251605586,0.007913935676,0.000750568680502,2.38784591057,8.30733452,0.0766390050548,2.29917015164e-05,0.0173432329061,0.0151593674786,0.000750568680502,2.99100157682,8.46072385949,4.92758916372,0.00147827674912,0.0180589690389,0.0157722073496,0.000750568680502,2.87142531389,8.24237005693,5.27057670329,0.00158117301099,0,1,4,0,2
1945-07,-0.0225451944424,-0.02344982617,0.000750568680502,3,6.79005548696,0.663476831104,0.000199043049331,-0.00594247245177,-0.00673439804566,0.000750568680502,3,8.66153970417,0.287789718507,8.6336915552e-05,0.00775222685475,0.0070131826967,0.000750568680502,3,9.37872197429,0.111518265715,3.34554797144e-05,0.0475234518818,0.0465698066484,0.000750568680502,2.62187997039,9.13418970333,0.826855183333,0.000248056555,0.0162196817437,0.0154222838382,0.000750568680502,3,8.24102249523,0.306030757023,9.18092271068e-05,0.0165281059821,0.0156997912567,0.000750568680502,3,8.36313224605,0.409086823677,0.000122726047103,0,1,4,0,2
1945-08,-0.00662052186224,-0.00751681890779,0.000750568680502,3,7.31748949898,0.635694557382,0.000190708367215,-0.00664120385322,-0.00800995541784,0.000750568680502,3,7.57402491093,2.21054295427,0.00066316288628,0.0111559451335,0.0104390414705,0.000750568680502,3,9.34998062303,0.037716615712,1.13149847136e-05,0.0100367260025,0.00891997486121,0.000750568680502,2.6764095163,9.38468771602,1.37054154332,0.000411162462997,-0.00160202281883,-0.00271822000929,0.000750568680502,3,7.96697814026,1.36869504043,0.000410608512129,0.00622678871013,0.00535839187568,0.000750568680502,3,8.55766800931,0.542693853716,0.000162808156115,0,1,4,0,2
1945-09,-0.043888410662,-0.0454567229325,0.000750568680502,3,7.31055375672,2.87574530701,0.000862723592103,0.0363264206749,0.0353510541133,0.000750568680502,3,7.55380643894,0.899259610854,0.000269777883256,0.0299074091348,0.0285317961635,0.000750568680502,3,8.92668218197,2.23341430985,0.000670024292954,0.00458423871656,0.00386423610856,0.000750568680502,2.6825640074,9.41264786619,0.0480464322306,1.44139296692e-05,-0.000631220828833,-0.00165709479849,0.000750568680502,3,7.59881292357,1.06761763774,0.000320285291322,-0.00301053205327,-0.004029096218,0.000750568680502,3,8.54238625596,1.04325162128,0.000312975486385,0,1,4,0,2
1945-10,-0.0134845816557,-0.0183582616859,0.000750568680502,3,7.42669657273,13.8936378396,0.00416809135187,-0.00176018861647,-0.002753154699,0.000750568680502,3,7.53617534698,0.957924680622,0.000287377404186,0.0159181770199,0.0151548532348,0.000750568680502,3,8.96078754226,0.192450356046,5.77351068138e-05,0.020122407472,0.0193699314713,0.000750568680502,2.71372403273,9.56893894097,0.156291074779,4.68873224338e-05,-0.0148860097363,-0.0170643527601,0.000750568680502,3,3.75439745336,4.90918115159,0.00147275434548,-0.00826225982789,-0.0103785970525,0.000750568680502,3,4.21806139541,4.70249515434,0.0014107485463,0,1,4,0,2
1945-11,0.0223924416035,0.017822174506,0.000750568680502,3,7.35902785856,12.882261397,0.00386467841911,0.0470128168759,0.046155966764,0.000750568680502,3,7.84122198756,0.504204778543,0.000151261433563,0.0470120589704,0.0459458524382,0.000750568680502,3,7.94568631682,1.20205951309,0.000360617853927,0.0597741894054,0.058774444463,0.000750568680502,3,10.5494598212,0.980520880227,0.000294156264068,0.0346763966675,0.0325270172584,0.000750568680502,3,7.788314592,4.81263576944,0.00144379073083,0.0347151060831,0.0324231921606,0.000750568680502,3,7.88882923626,5.28775081381,0.00158632524414,0,1,4,0,2
1945-12,0.0264494027249,0.0253643708526,0.000750568680502,3,8.57039627898,1.26481064652,0.000379443193957,0.0257242944083,0.0241953702322,0.000750568680502,3,8.94867066688,2.74445165922,0.000823335497766,0.0255763147965,0.0240727937125,0.000750568680502,3,9.01355380644,2.65977468562,0.000797932405685,0.0191547552949,0.0177745103626,0.000750568680502,3,9.51591141465,2.24885417991,0.000674656253973,0.0200736515377,0.0186455295544,0.000750568680502,3,8.97406517626,2.40844434983,0.000722533304949,0.0199543730263,0.0185440590389,0.000750568680502,3,9.04440022576,2.34908436361,0.000704725309082,0,1,4,0,2
1946-01,0.0976570012739,0.0965839597486,0.000757966574352,3,8.57021518344,1.22484282329,0.000367452846988,0.0940965045337,0.0933319454642,0.000757966574352,3,9.08542212379,0.19656797028,5.89703910841e-05,0.095451520018,0.0946878366308,0.000757966574352,3,9.14788018934,0.19364902964,5.80947088921e-05,0.0981644202677,0.0971685943686,0.000757966574352,3,9.55401079759,0.967457402669,0.000290237220801,0.0848123001656,0.0838592250442,0.000757966574352,3,8.79674716361,0.824954810176,0.000247486443053,0.0861540928997,0.0852067919189,0.000757966574352,3,8.87116452035,0.805707674697,0.000241712302409,0,1,4,0,2
1946-02,0.0433642856443,0.0416370104992,0.000757966574352,3,6.70067032193,3.40562155585,0.00102168646675,0.0505820406345,0.049366420806,0.000757966574352,3,8.54640560027,1.70010383372,0.000510031150116,0.0502034808129,0.0489228494904,0.000757966574352,3,8.53179977478,1.91680881385,0.000575042644155,0.0668579598429,0.0657480589829,0.000757966574352,3,9.15889870078,1.34770727235,0.000404312181704,0.050416553081,0.0490922693669,0.000757966574352,3,7.57115238223,2.06231678596,0.000618695035787,0.049967313469,0.0485974876061,0.000757966574352,3,7.53769415718,2.21412394845,0.000664237184534,0,1,4,0,2
1946-03,0.0271733431893,0.0259927339204,0.000757966574352,3,6.50984224468,1.58340196879,0.000475020590636,0.0430630358664,0.0418854590219,0.000757966574352,3,8.3740804535,1.57329388716,0.000471988166149,0.0178811119018,0.0170003370695,0.000757966574352,3,8.35790523746,0.583953846511,0.000175186153953,-0.00443113921308,-0.00664027509127,0.000757966574352,3,7.63912063892,5.01182399951,0.00150354719985,-0.00942769718573,-0.0114976845098,0.000757966574352,3,7.30578730559,4.54799548584,0.00136439864575,-0.0159664055176,-0.017947296927,0.000757966574352,3,7.04225914841,4.25100910361,0.00127530273108,1,1,4,0,3
1946-04,0.0476476527626,0.0465206733082,0.000757966574352,3,7.86170268959,1.40463592006,0.000421390776018,0.0542626563758,0.0527278594852,0.000757966574352,3,8.34842874698,2.76402737411,0.000829208212234,0.0700336978533,0.0689463636011,0.000757966574352,3,9.53309758836,1.27248524624,0.000381745573871,0.133828994923,0.132851033024,0.000757966574352,3,8.44992427003,0.907910738459,0.000272373221538,0.124242446117,0.123164484218,0.000757966574352,3,7.78325760336,1.24124407179,0.000372373221538,0.12903572052,0.128060025475,0.000757966574352,3,7.84550659902,0.900354557969,0.000270106367391,1,1,4,0,3
1946-05,0.135882083229,0.134384982231,0.000757966574352,3,9.39679682387,2.63837440102,0.000791512320307,0.0989895311453,0.0978577436208,0.000757966574352,3,9.62180470002,1.42066282062,0.000426198846185,0.108724289726,0.107620493283,0.000757966574352,3,9.58774999534,1.32735921292,0.000398207763876,0.0731683884215,0.0720663668406,0.000757966574352,2.55170453372,7.12848126147,1.32144300856,0.000396432902567,0.081925132884,0.0806430646945,0.000757966574352,2.94034253437,7.15522092247,1.92159837048,0.000576479511143,0.0778506392567,0.0765248984349,0.000757966574352,2.79274089367,6.79603748197,2.06717381149,0.000620152143446,1,1,4,0,3
1946-06,0.0786877060014,0.0764904482884,0.000757966574352,2.54212103763,6.95875024044,4.97223011553,0.00149166903466,0.122927489309,0.121415478556,0.000757966574352,3,9.10641491201,2.68807358313,0.00080642207494,0.124685294579,0.123062440263,0.000757966574352,3,9.11447933017,3.05755212701,0.000917265638102,0.0992448592522,0.0983086949684,0.000757966574352,2.47401150356,6.35989590993,0.768585351545,0.000230575605463,0.10001762167,0.0986381736041,0.000757966574352,2.79619349477,6.91981282642,2.2461979595,0.00067385938785,0.0954249673001,0.0940838850279,0.000757966574352,2.66681615348,6.59963935224,2.11831197974,0.000635493593921,1,1,5,0,3
1946-07,0.0219860252209,0.0179680582785,0.000757966574352,2.37492703073,6.84923062212,11.0412608802,0.00331237826405,0.0176060166783,0.012871211612,0.000757966574352,2.69955263141,8.4480218946,13.430721293,0.00402921638789,0.00903534364747,0.00796516727679,0.000757966574352,2.62526734312,8.23423921643,1.2152923078,0.000364587692341,0.00183101384072,0.000863796856006,0.000757966574352,2.25627955459,5.86981840335,0.872094354573,0.000261628306372,0.00528531845649,0.00293512667003,0.000757966574352,2.52363396614,4.13193762166,5.48201036041,0.00164460310812,0.00350915627191,0.00188409086579,0.000757966574352,2.42442157228,3.96949749435,3.06492242592,0.000919476727776,1,1,5,0,3
1946-08,-0.0178329881887,-0.0220638469101,0.000757966574352,2.38073857465,6.86635437812,11.7509001434,0.00352527004303,-0.00478354598645,-0.00568653881793,0.000757966574352,2.73059724936,8.07922850445,0.658013843794,0.000197404153138,-0.0460399657188,-0.0467918489238,0.000757966574352,2.64189233514,8.26848488488,0.15431508912,4.62945267359e-05,-0.0464060252871,-0.0471405406926,0.000757966574352,2.24460077322,5.77339597939,0.0964224239593,2.89267271878e-05,-0.027369802148,-0.029094960013,0.000757966574352,2.51779658701,2.97141507703,3.3985639553,0.00101956918659,-0.0335175322759,-0.0351463085375,0.000757966574352,2.41806289094,5.18533186185,3.07729194409,0.000923187583228,1,1,5,0,3
1946-09,0.118834602435,0.114778805614,0.000757966574352,2.37343543572,6.17316246809,11.167360475,0.00335020814249,0.140785258318,0.139598036112,0.000757966574352,2.70641098637,8.0328419183,1.60544509124,0.000481633527371,-0.0640115642259,-0.064874269936,0.000757966574352,2.49009337727,7.76866953556,0.523723439279,0.000157117031784,-0.115412769855,-0.116165457919,0.000757966574352,2.17198024374,5.62757660004,0.156997954144,4.70993862432e-05,0.103548083161,0.101813448378,0.000757966574352,2.53936142224,2.73665066298,3.43015368219,0.00102904610466,-0.0149667277355,-0.0164015918051,0.000757966574352,2.41781375867,2.7878706398,2.430917971,0.000729275391299,1,1,5,0,3
1946-10,-0.0104104236719,-0.0115675197624,0.000757966574352,2.03064864638,5.24598797425,1.50502470729,0.000451507412186,-0.00334459232733,-0.00446386289272,0.000757966574352,2.23569988403,6.6539022948,1.3789396235,0.00041368188705,0.0237927653529,0.0192814602189,0.000757966574352,2.24827081982,6.92443000408,12.685721519,0.00380571645571,0.0247872606137,0.0235823697131,0.000757966574352,1.71174680487,3.96323585927,1.66434074077,0.000499302222232,0.0186769129202,0.0177505801948,0.000757966574352,2.27468391246,2.00083717289,0.735813490085,0.000220744047025,0.0325048587851,0.0308006340996,0.000757966574352,2.38013834632,2.18476384471,3.3287866907,0.000998636007209,1,1,5,0,3
1946-11,0.0195552420078,0.0186562327149,0.000757966574352,2.01909263149,5.32846821579,0.644735381568,0.00019342061447,-0.0124642769595,-0.0134046579056,0.000757966574352,2.23675603547,6.18598776227,0.782640892361,0.000234792267708,0.00972313168098,0.0089872918634,0.000757966574352,2.27164528203,6.92631775451,0.100837130793,3.02511392379e-05,0.0269733931527,0.0258575970782,0.000757966574352,1.71030306174,3.90248685087,1.36735798714,0.000410207396141,0.0201815421765,0.0191436808076,0.000757966574352,2.28127494191,2.61802994596,1.10757563521,0.000332272690564,0.0315181518012,0.0305710420014,0.000757966574352,2.37791262989,2.98536440501,0.80507040482,0.000241521121446,1,1,5,0,3
1946-12,0.00456582257818,0.0010856078365,0.000757966574352,2.03419141328,5.38079059479,9.24875354449,0.00277462606335,-0.0163749762947,-0.01716670873,0.000757966574352,2.19816695203,6.04500908009,0.287145856705,8.61437570114e-05,0.00988276275402,0.0091583049064,0.000757966574352,2.28055202842,6.90022743676,0.0628972309157,1.88691692747e-05,0.0167867148651,0.0160528045566,0.000757966574352,1.73415662427,3.92975981125,0.0944054340002,2.83216302001e-05,-0.00659412752459,-0.00794108719393,0.000757966574352,2.29908182585,2.63485151068,2.13790330335,0.000641370991005,0.00598087804585,0.00460560597099,0.000757966574352,2.44514156693,3.05277380241,2.2322779884,0.000669683396521,1,1,5,0,3
1947-01,0.0209211145857,0.0201759546877,0.000781073161821,2.03158248956,5.49340672937,0.131904065697,3.9571219709e-05,0.0224661806402,0.0185922225479,0.000781073161821,2.15265076858,6.00858268177,10.5612313798,0.00316836941395,0.0297918367598,0.025648345686,0.000781073161821,2.28398961537,6.84147254856,11.4596746515,0.00343790239546,0.0130301255358,0.0122981613053,0.000781073161821,1.73410209409,3.85265952897,0.0879185071383,2.63755521415e-05,0.0143285261843,0.0129753073622,0.000781073161821,2.27443502528,4.69267305932,2.15876714604,0.000647630143812,0.0180410336497,0.0166285461327,0.000781073161821,2.43958978913,5.19506040325,2.35632946234,0.000706898838702,1,1,5,0,3
1947-02,0.003353224049,0.00222242290001,0.000781073161821,2.04057231506,5.86953788579,1.41737490218,0.000425212470655,0.0241606827309,0.0231384540829,0.000781073161821,2.16811239294,6.38471084311,1.05546656548,0.000316639969643,-0.0150638649944,-0.0191489082966,0.000781073161821,2.29005425392,6.8473677683,11.2648487461,0.00337945462383,-0.00457000197515,-0.0052796937721,0.000781073161821,1.73865410391,3.86537884875,0.0136770620542,4.10311861626e-06,0.0194413676873,0.0182328956227,0.000781073161821,2.28981099029,4.26184043509,1.67627795428,0.000502883386284,-0.00622338555757,-0.00787062136006,0.000781073161821,2.45577558111,2.38782530893,3.13882374718,0.000941647124153,1,1,5,0,3
1947-03,0.0566531495869,0.0557787965179,0.000781073161821,2.039775906,5.75659006752,0.562547969012,0.000168764390704,0.0645269631193,0.0638135821791,0.000781073161821,2.17446183722,6.3926846672,0.0259742061931,7.79226185794e-06,0.0923134910717,0.0882529697326,0.000781073161821,2.25607834484,6.73111256471,11.1831088693,0.00335493266078,0.120218279815,0.11950448893,0.000781073161821,1.7323230826,3.83803816151,0.0273406872374,8.20220617122e-06,0.0868103247686,0.0860342931485,0.000781073161821,2.29885891485,4.39536017711,0.23480980581,7.04429417429e-05,0.117468142194,0.1160417622,0.000781073161821,2.43929190248,4.66386450219,2.40263771817,0.00072079131545,1,1,5,0,3
1947-04,-0.00628855173422,-0.00711221675327,0.000781073161821,1.98408013133,5.55507609792,0.393587802383,0.000118076340715,-0.00683704622707,-0.00766521235724,0.000781073161821,2.11633654667,6.18240442169,0.408591506109,0.000122577451833,0.0177796985351,0.0168851622373,0.000781073161821,2.07047639452,6.10128716636,0.629825398349,0.000188947619505,0.0229622135695,0.0220431277022,0.000781073161821,1.47938569798,3.12638086484,0.711657296673,0.000213497189002,-0.00695333709794,-0.0078396719437,0.000781073161821,2.14337357104,3.94599130272,0.602487224748,0.000180746167424,0.0128177168522,0.0118505982354,0.000781073161821,2.11448177492,3.84244950008,0.87176646139,0.000261529938417,1,1,5,0,3
1947-05,0.0150741482375,0.0141466817448,0.000781073161821,1.96892190447,5.61221468504,0.739592714655,0.000221877814397,0.00423422546293,0.00351671492899,0.000781073161821,2.10261087506,6.142664903,0.0397395186916,1.19218556075e-05,0.000602722553475,-0.000300818998507,0.000781073161821,2.07229041727,6.10415296856,0.659842912149,0.000197952873645,0.0165581288956,0.0158460575819,0.000781073161821,1.48958534913,3.1399596914,0.0216087844968,6.48263534904e-06,0.0139324856393,0.0130476864597,0.000781073161821,2.13194555836,3.96494242617,0.597368337406,0.000179210501222,0.0121080644053,0.0113866738875,0.000781073161821,2.11653579028,3.88588332946,0.0526727983323,1.58018394997e-05,1,1,5,0,3
1947-06,-0.0128537242388,-0.0136837551315,0.000781073161821,1.97407260845,5.4676634746,0.414807381205,0.000124442214361,-0.0128894287887,-0.0137944272725,0.000781073161821,2.1039169988,6.14958289936,0.664699351431,0.000199409805429,-0.0296374826782,-0.0305378635142,0.000781073161821,2.06962388782,6.09631505598,0.649307192288,0.000194792157686,-0.0157505597167,-0.0164567844927,0.000781073161821,1.48985767356,3.13954862721,0.0021203255502,6.36097665061e-07,-0.0237884967783,-0.0247060843536,0.000781073161821,2.13096608014,4.31190968486,0.706662989985,0.000211998896995,-0.0316960182879,-0.0326121784178,0.000781073161821,2.11532153897,4.2298134394,0.701904838614,0.000210571451584,1,1,5,0,3
1947-07,-0.0281020921068,-0.0290988912589,0.000781073161821,1.96087768243,5.33996163453,0.970701579215,0.000291210473765,-0.0205467679256,-0.0212906560726,0.000781073161821,2.06604952551,6.02412608263,0.127664895298,3.82994685895e-05,-0.0203907058225,-0.0211878421512,0.000781073161821,2.00156166543,5.88767182437,0.305158834621,9.15476503862e-05,-0.0299242394803,-0.0306429201681,0.000781073161821,1.46774345595,3.09644377014,0.0436400314513,1.30920094354e-05,-0.0467601493716,-0.0476159418921,0.000781073161821,2.06743282703,4.14583340974,0.500679473926,0.000150203842178,-0.0460121182271,-0.0468905609438,0.000781073161821,2.03490307577,4.0806013365,0.576180127696,0.000172854038309,1,1,5,0,3
1947-08,-0.0104957189082,-0.0142636382408,0.000781073161821,1.9089486244,5.17079764128,10.2077688475,0.00306233065425,0.0336870790676,0.0328684101928,0.000781073161821,2.02732495924,5.87859244471,0.376933988089,0.000113080196427,0.0384488315226,0.037703862772,0.000781073161821,1.96748022099,5.75650713578,0.131266907648,3.93800722944e-05,0.0370655807202,0.0363236256384,0.000781073161821,1.42195750119,2.97522242533,0.121221344805,3.63664034415e-05,0.0258096443404,0.0242690884481,0.000781073161821,1.93673636288,1.67332275194,2.78322404638,0.000834967213914,0.0283709418205,0.0268744532761,0.000781073161821,1.91555078961,1.65501860768,2.63633288696,0.000790899866089,1,1,5,0,3
1947-09,-0.0254273822361,-0.0262723086252,0.000781073161821,1.89058616026,5.30516254458,0.464459035633,0.00013933771069,-0.0265732400791,-0.030450483236,0.000781073161821,2.02319762364,5.85086361607,10.5721815952,0.00317165447857,0.0136743464513,0.0127740061931,0.000781073161821,1.95085061022,5.69677946153,0.64917193295,0.000194751579885,0.0317408344908,0.0310273490456,0.000781073161821,1.41771467198,2.94889986912,0.0263225562128,7.89676686383e-06,-0.0110137614327,-0.0124234468954,0.000781073161821,1.94843891768,1.66990450439,2.34698928128,0.000704096784385,0.00404565185091,0.00315577597306,0.000781073161821,1.92142691723,1.64675393969,0.614290665044,0.000184287199513,1,1,5,0,3
1947-10,-0.00475035034976,-0.00834477352393,0.000781073161821,1.8454631301,5.08053446772,9.62944831945,0.00288883449584,0.00428978018227,0.00347380863768,0.000781073161821,1.96070024789,5.6621257516,0.367942887531,0.000110382866259,-0.00749517407015,-0.00838323157867,0.000781073161821,1.95290190089,5.69210677936,0.608229433963,0.000182468830189,-0.00837471432028,-0.00908658345454,0.000781073161821,1.42232840018,2.94619431197,0.0209348530821,6.28045592462e-06,-0.00507910240167,-0.00648558305181,0.000781073161821,1.94557727942,1.62326108724,2.33630657268,0.000700891971805,-0.0113961774907,-0.0129388666338,0.000781073161821,1.93679976498,3.97198149677,2.79033488265,0.000837100464794,1,1,5,0,3
1947-11,-0.0237469740455,-0.0245644825358,0.000781073161821,1.85531010458,5.18155043013,0.373066039813,0.000111919811944,-0.0328663684783,-0.0365323344825,0.000781073161821,1.96899936083,5.68832861717,9.86792441946,0.00296037732584,-0.0259048981003,-0.0266783845465,0.000781073161821,1.94549970125,5.64503370623,0.226325892837,6.7897767851e-05,-0.00325625367803,-0.00397048358855,0.000781073161821,1.41083113466,2.91739020468,0.0288041072906,8.64123218718e-06,-0.0107842005151,-0.0120749391113,0.000781073161821,1.93480568569,3.34308977293,1.95049972631,0.000585149917892,-0.00528233350548,-0.0060703540729,0.000781073161821,1.91742343313,3.77601923343,0.274772963629,8.24318890887e-05,1,1,5,0,3
1947-12,-0.00117336538845,-0.00467424752536,0.000781073161821,1.81859953327,4.79497032338,9.31764486191,0.00279529345857,0.00075492207512,-0.000227711819243,0.000781073161821,1.89721576578,5.37808351686,0.923484053418,0.000277045216025,0.00465279476661,0.00094355784753,0.000781073161821,1.89267519921,5.41299266704,10.0121608025,0.00300364824074,-0.00815415840757,-0.00916709865315,0.000781073161821,1.40832151016,2.91247132713,1.02450522417,0.00030735156725,-0.00388037320523,-0.0052818332986,0.000781073161821,1.91870753351,1.4863001796,2.31957138343,0.000695871415028,-0.00861761345435,-0.0107975581104,0.000781073161821,1.90818109126,1.93838888676,4.91451992564,0.00147435597769,1,1,5,0,3
1948-01,0.0335454084084,0.0324801894107,0.000835803835897,1.81498438373,4.83501512274,1.19876773125,0.000359630319374,0.0326915834331,0.0292368097569,0.000835803835897,1.90411815317,5.37932668674,9.16394999274,0.00274918499782,0.0286059988475,0.0278970963253,0.000835803835897,1.8942859145,5.40942854016,0.0110461461397,3.3138438419e-06,-0.000947575387779,-0.00166053306044,0.000835803835897,1.39681168045,2.88790801272,0.0245633144063,7.36899432189e-06,0.0219333065888,0.020503156488,0.000835803835897,1.909136141,1.60904054901,2.41520474147,0.000724561422441,0.0174422332728,0.0165208070916,0.000835803835897,1.89258598496,1.6371660086,0.719458342779,0.000215837502834,1,1,5,0,3
1948-02,0.0125203760234,0.0117233904094,0.000835803835897,1.80311539224,4.8429181149,0.304656452256,9.13969356767e-05,-0.00114680114774,-0.0018668953343,0.000835803835897,1.89655725236,5.34212155714,0.0483516940697,1.45055082209e-05,-0.0440951977213,-0.0448175611751,0.000835803835897,1.88809686063,5.36468413234,0.05591591835,1.6774775505e-05,-0.0101830541555,-0.0127238724849,0.000835803835897,1.39250300008,3.97344497487,6.11743217021,0.00183522965106,0.00558758159101,0.00374776095228,0.000835803835897,1.90998581105,4.96191465797,3.78077320132,0.0011342319604,-0.0122985790515,-0.0141734298435,0.000835803835897,1.89366363599,4.64776336909,3.897540379,0.0011692621137,1,1,5,0,3
1948-03,-0.0125898866181,-0.0134637829544,0.000835803835897,1.82913633294,4.92305494936,0.561025526451,0.000168307657935,-0.0136505508827,-0.0145185181173,0.000835803835897,1.90853764652,5.30373695524,0.541261854064,0.000162378556219,-0.0130788485858,-0.0140655955359,0.000835803835897,1.81452430995,5.2051920983,0.937194239345,0.000281158271803,-0.0119048890464,-0.0126385047878,0.000835803835897,1.38288321296,3.98190243413,0.0934235437331,2.80270631199e-05,-0.0156797923541,-0.0165034911973,0.000835803835897,1.92680413679,5.08789299917,0.39370054975,0.000118110164925,-0.0156555876488,-0.0165284229073,0.000835803835897,1.89541983489,4.94735405357,0.557488600629,0.000167246580189,1,1,5,0,3
1948-04,-0.0170727224545,-0.0203910871931,0.000835803835897,1.81333222716,4.96162992164,8.70925353399,0.0026127760602,-0.0288456527302,-0.0296758789765,0.000835803835897,1.8854544662,5.31067641109,0.41545855963,0.000124637567889,-0.0274617215549,-0.0282076522723,0.000835803835897,1.80526945246,5.15950174271,0.134473463699,4.03420391097e-05,-0.0205522641303,-0.0213191182477,0.000835803835897,1.37168126916,3.93794879217,0.204218130398,6.12654391194e-05,-0.0338775201502,-0.035543508944,0.000835803835897,1.90144279528,2.16883122018,3.20133371814,0.000960400115443,-0.0355288606783,-0.0371445358821,0.000835803835897,1.87538581601,2.14048610595,3.03362175162,0.000910086525486,1,1,5,0,3
1948-05,0.0281193553339,0.0272111320558,0.000835803835897,1.79142582772,4.80776345818,0.675448665928,0.000202634599778,-0.0232764855423,-0.024032939509,0.000835803835897,1.82762846991,5.14112544974,0.169550961352,5.08652884056e-05,-0.0227999943106,-0.0235875447301,0.000835803835897,1.7618377253,5.02351420957,0.273205803812,8.19617411435e-05,-0.0161502562767,-0.0169432622976,0.000835803835897,1.3488915686,3.86379596042,0.291391142115,8.74173426346e-05,-0.0063705341542,-0.00719898556854,0.000835803835897,1.83425359069,1.90624529877,0.409542453338,0.000122862736001,-0.00674810392846,-0.00759384605141,0.000835803835897,1.80978379105,1.86058959131,0.467178148704,0.000140153444611,1,1,5,0,3
1948-06,0.0212095740031,0.0203346364314,0.000835803835897,1.80333429904,4.74841596068,0.564496311435,0.000169348893431,0.0231689094654,0.0197034043975,0.000835803835897,1.78865613201,5.00864485968,9.19972129832,0.0027599163895,-0.016591445899,-0.0173301527727,0.000835803835897,1.73050737828,4.91312022507,0.110393984499,3.31181953496e-05,0.00543861955628,0.00458809842301,0.000835803835897,1.3341418875,3.80038061929,0.483108183098,0.000144932454929,0.0212667258262,0.0195413192316,0.000835803835897,1.82678255985,2.01071834758,3.39939305421,0.00101981791626,0.0056938103921,0.00486069891195,0.000835803835897,1.80298490435,1.72410976408,0.425076006044,0.000127522801813,1,1,5,0,3
1948-07,-0.00143507744766,-0.00228287747831,0.000835803835897,1.80232132829,4.84432845453,0.474037841037,0.000142211352311,-0.00288606117395,-0.00365118547683,0.000835803835897,1.78698566573,4.933517774,0.198452081791,5.95356245373e-05,-0.000562661657989,-0.00394621202072,0.000835803835897,1.71336191079,4.86875000305,8.92653894798,0.00267796168439,0.00705812876211,0.00635052974776,0.000835803835897,1.33418076898,3.79941098552,0.00670112004778,2.01033601433e-06,-0.00113601520057,-0.00190212461057,0.000835803835897,1.82388805096,2.13500235977,0.201735772213,6.0520731664e-05,-0.00115488665393,-0.00277498721828,0.000835803835897,1.80265100257,2.10530161337,3.04837295339,0.000914511886017,1,1,5,0,3
1948-08,-0.00649293777993,-0.00723237540603,0.000835803835897,1.81595513369,4.95343523427,0.112829825863,3.3848947759e-05,-0.00653761609995,-0.00727344776901,0.000835803835897,1.78723682966,5.00312676082,0.100809969077,3.02429907231e-05,0.00461614905242,0.00390245907056,0.000835803835897,1.71140315488,4.84588418738,0.0270043450666,8.10130351999e-06,-0.00695046274943,-0.00766007198986,0.000835803835897,1.33929782243,3.80454914899,0.0134018736272,4.02056208816e-06,-0.0102081526776,-0.0109348250304,0.000835803835897,1.8189173583,2.17577249051,0.0702789148501,2.1083674455e-05,-0.00734196653142,-0.00806010241937,0.000835803835897,1.79928114041,2.12016329608,0.0418240320467,1.2547209614e-05,1,1,5,0,3
1948-09,0.0017499066347,-0.00171162888621,0.000835803835897,1.81300442039,4.93774662638,9.18648947522,0.00275594684257,-0.000485639277535,-0.00126062991543,0.000835803835897,1.78407087667,4.98873054164,0.23133986519,6.94019595571e-05,0.00561130212814,0.00490076449603,0.000835803835897,1.71108407263,4.83049255999,0.0164965125809,4.94895377428e-06,-0.00335863989724,-0.00408914775758,0.000835803835897,1.33371260636,3.77939477327,0.083063940025,2.49191820075e-05,-0.00144387905804,-0.0031003956238,0.000835803835897,1.80902397286,1.81947282182,3.16975962473,0.000950927887418,0.000425580397232,-0.00119104533747,0.000835803835897,1.79182241957,1.80234758977,3.03679018789,0.000911037056368,1,1,5,0,3
1948-10,0.0118184594028,0.00845843033959,0.000835803835897,1.85615942763,5.0310139278,8.84813461617,0.00265444038485,0.00992754116704,0.00897542303652,0.000835803835897,1.78229732992,4.97496609876,0.821764840587,0.000246529452176,0.0241575724416,0.023386315591,0.000835803835897,1.71352928774,4.81071264891,0.218893907539,6.56681722617e-05,0.0109736493709,0.0102249353178,0.000835803835897,1.33117328741,3.76992188133,0.14375124938,4.31253748141e-05,0.0101352760529,0.00846683552617,0.000835803835897,1.80797074747,1.84482530943,3.20950616145,0.000962851848434,0.016796089269,0.0152321189,0.000835803835897,1.79287604339,1.86919989589,2.86127230228,0.000858381690684,1,1,5,0,3
1948-11,0.0416137027551,0.0408449465091,0.000835803835897,1.86999689649,5.07495494915,0.210558558655,6.31675675964e-05,0.0346043046698,0.0338916389456,0.000835803835897,1.7869879166,4.96885380943,0.0235901530284,7.07704590851e-06,0.00059943996201,-0.000119830020242,0.000835803835897,1.70605231848,4.77373014423,0.04560434638,1.3681303914e-05,-0.0126630580882,-0.0133707879272,0.000835803835897,1.331118022,3.76761157181,0.00713720209096,2.14116062729e-06,0.0207005595577,0.019979869159,0.000835803835897,1.82027339704,1.80644848165,0.0503390676135,1.51017202841e-05,0.0050501516588,0.00432943919093,0.000835803835897,1.79689586674,1.82663642317,0.0504126317603,1.51237895281e-05,1,1,5,0,3
1948-12,0.00129146104314,0.000330673541682,0.000835803835897,1.84531075927,4.78027736171,0.850662743728,0.000255198823118,0.00854929047938,0.00777162654941,0.000835803835897,1.77967813012,4.94574905564,0.24025083875,7.2075251625e-05,0.00510995823031,0.0043393428976,0.000835803835897,1.71542437012,4.78867655561,0.216755514599,6.50266543798e-05,-0.00383600525449,-0.00454497232353,0.000835803835897,1.32927761233,3.75635026949,0.011261302322,3.3783906966e-06,0.00142897957039,0.00062637398872,0.000835803835897,1.82069872835,1.80957508779,0.323389677761,9.70169033283e-05,-0.000303251955376,-0.00113031149452,0.000835803835897,1.80072081404,1.9738413335,0.404902869352,0.000121470860806,1,1,5,0,3
1949-01,0.00599123609485,0.00507923836504,0.000975224614305,1.8408891517,4.89834322895,0.688030171599,0.00020640905148,0.00649750202496,0.00568456999884,0.000975224614305,1.77968890624,4.9463839216,0.357811159296,0.000107343347789,0.0073855509925,0.00650500038544,0.000975224614305,1.71697887122,4.79044854477,0.583206429085,0.000174961928726,0.0063413693729,0.00370069642215,0.000975224614305,1.32643547322,3.74413210984,6.45028090803,0.00193508427241,0.00601885050257,0.00438341856593,0.000975224614305,1.81762005936,4.46958968481,3.09947752765,0.000929843258295,0.00614419629302,0.00447811252838,0.000975224614305,1.79849209761,4.34864712281,3.20165028771,0.000960495086312,1,1,5,0,3
1949-02,0.0245697917893,0.0236520881072,0.000975224614305,1.91564914819,5.29541497626,0.707050012783,0.000212115003835,0.0318485294732,0.030989030454,0.000975224614305,1.84372283097,5.21984514304,0.513034469233,0.00015391034077,0.0338469466611,0.0330098002548,0.000975224614305,1.79031750118,5.16226693078,0.438525759793,0.000131557727938,0.00916048433381,0.00835867247615,0.000975224614305,1.35893113194,3.98201145156,0.320743931059,9.62231793176e-05,0.0238786660435,0.0230021493186,0.000975224614305,1.87187967473,4.82878637501,0.569760154964,0.000170928046489,0.0245012288208,0.0236317506511,0.000975224614305,1.86098028952,4.78511550578,0.546298304336,0.000163889491301,1,1,5,0,3
1949-03,0.00780135215771,0.00676072829957,0.000975224614305,1.91899076566,5.44998575561,1.11678393267,0.000335035179802,0.00513885766472,0.00437144811935,0.000975224614305,1.84340252936,5.34981843515,0.206069556802,6.18208670405e-05,0.00357580794154,0.00280646838831,0.000975224614305,1.78503082835,5.27987199813,0.212502916314,6.37508748943e-05,0.0078757489686,0.00711328948825,0.000975224614305,1.37316633542,4.11781448803,0.18956934006,5.68708020181e-05,0.00816136082958,0.00727739131103,0.000975224614305,1.88107748531,4.99524970205,0.594602800738,0.000178380840221,0.00765507192939,0.00676539508561,0.000975224614305,1.87010738228,4.94790654148,0.61362721817,0.000184088165451,1,1,5,0,3
1949-04,0.00696912135812,0.00609902940001,0.000975224614305,1.91944415495,5.47389389766,0.548344265895,0.000164503279769,0.00682801683421,0.00599713083637,0.000975224614305,1.85070684821,5.38644635008,0.417657731679,0.000125297319504,0.00463179443293,0.00388002810295,0.000975224614305,1.78553789135,5.3090747692,0.153925505479,4.61776516436e-05,0.00303749652073,0.00228244413867,0.000975224614305,1.37440330224,4.14266403965,0.164879012417,4.9463703725e-05,0.00570644267643,0.00486734014713,0.000975224614305,1.88903198098,5.13291505412,0.44504616988,0.000133513850964,0.00497591078073,0.00415044379965,0.000975224614305,1.87978235889,5.02246243242,0.399594342476,0.000119878302743,1,1,5,0,3
1949-05,0.00206418236624,0.00102097269206,0.000975224614305,1.93105151216,5.35619481833,1.12540331946,0.000337620995837,0.0111559391273,0.0104374032393,0.000975224614305,1.86862171465,5.42780277016,0.0431573656069,1.29472096821e-05,0.00579087561084,0.00503473948888,0.000975224614305,1.82780337617,5.34578084918,0.168491478732,5.05474436195e-05,-0.00413653682792,-0.00491186568896,0.000975224614305,1.45629316827,4.37513131532,0.232467275671,6.97401827012e-05,0.0021144769601,0.00119651489736,0.000975224614305,2.06469132659,5.31006204981,0.707911281362,0.000212373384409,0.00020902196873,-0.000720954974565,0.000975224614305,2.0869540453,5.2950490772,0.747960883193,0.000224388264958,1,1,5,0,3
1949-06,0.0234068332336,0.0221849102631,0.000975224614305,2.16520699157,6.28881695646,1.72111430715,0.000516334292144,0.0241884836424,0.0233342700107,0.000975224614305,1.96544437286,5.87235822879,0.495416511191,0.000148624953357,0.0208813276229,0.0199935504734,0.000975224614305,1.96313945922,5.92663901947,0.607294903783,0.000182188471135,0.0132987160678,0.0123821164677,0.000975224614305,1.49217722925,4.58316701421,0.703369739249,0.000211010921775,0.0283137934603,0.0272356362988,0.000975224614305,2.15514053224,6.20369882401,1.24189494404,0.000372568483213,0.0308619190004,0.0297465084069,0.000975224614305,2.19308366386,6.19320165439,1.36607305069,0.000409821915207,1,1,5,0,3
1949-07,0.0453543864541,0.0443985752459,0.000975224614305,2.29290837697,6.58536940326,0.834075099412,0.000250222529823,0.0767537163663,0.0757491296343,0.000975224614305,2.16181875885,6.28349299153,0.996660178703,0.000298998053611,0.0450962334483,0.0440822848233,0.000975224614305,2.19984920506,6.61070048617,1.02786648883,0.000308359946648,0.0344096825079,0.0335925995303,0.000975224614305,1.58116566751,4.85749173807,0.371647664146,0.000111494299244,0.0585550390481,0.0575765642676,0.000975224614305,2.34196177055,6.45795071458,0.909620340388,0.000272886102116,0.0397324170313,0.0387431849696,0.000975224614305,2.40052430585,6.85857070969,0.945477944277,0.000283643383283,1,1,5,0,3
1949-08,0.00240296851522,0.00142701679319,0.000975224614305,2.24950213859,6.0423175987,0.901210145618,0.000270363043685,0.00273712505455,0.0015220091086,0.000975224614305,2.00962454409,5.4794319807,1.69842422539,0.000509527267618,0.0119513124353,0.0110330366014,0.000975224614305,2.13601493388,6.07672240087,0.708957185279,0.000212687155584,0.0091708555227,0.00832614259637,0.000975224614305,1.55479895787,4.53235474652,0.46374749331,0.000139124247993,0.00141995939694,0.000271291443535,0.000975224614305,2.24590934423,5.80704687472,1.4769309169,0.00044307927507,0.00294444569227,0.00195473355276,0.000975224614305,2.35140558709,6.11668390055,0.947078203935,0.00028412346118,1,1,5,0,3
1949-09,0.0123307109119,0.0112871314672,0.000975224614305,2.27492586682,5.88837228446,1.12663588784,0.000337990766351,0.00504710011948,0.00433569367883,0.000975224614305,2.01335246288,5.47211955789,0.0193925410704,5.81776232113e-06,0.00679163697814,0.00593143667489,0.000975224614305,2.19649897004,6.23624076767,0.51537208302,0.000154611624906,0.00797477711014,0.00724224214917,0.000975224614305,1.58854073491,4.62217568863,0.0898209421108,2.69462826332e-05,0.00919729000211,0.0083485232704,0.000975224614305,2.28639370186,5.4508701461,0.477260177919,0.000143178053376,0.00999515227126,0.00906956932771,0.000975224614305,2.4110217514,5.81259198822,0.733314217368,0.000219994265211,1,1,5,0,3
1949-10,0.0276179334517,0.0262378248166,0.000975224614305,2.8856041462,7.14426653182,2.24839985577,0.000674519956731,0.0102652205369,0.00907723473645,0.000975224614305,2.44930856512,6.58070911368,1.60799040708,0.000482397122125,0.0129595469228,0.0119329733219,0.000975224614305,2.35470677971,6.46455890252,1.06994974218,0.000320984922655,-0.00348964114638,-0.00439083596003,0.000975224614305,1.86572953235,5.27419613966,0.652020451037,0.000195606135311,0.0123092855166,0.0112391162083,0.000975224614305,2.64013896312,6.13386534373,1.21526876673,0.000364580630019,0.0116898183966,0.0107613893842,0.000975224614305,2.42920465248,5.69079923657,0.742801113583,0.000222840334075,1,1,5,0,3
1949-11,0.0251874947672,0.0241863998153,0.000975224614305,2.90054702988,7.79116899291,0.985020911923,0.000295506273577,0.0179622456766,0.0169510812797,0.000975224614305,2.45438216686,6.79470904045,1.01858572837,0.000305575718511,0.0197666567538,0.018968662751,0.000975224614305,2.36702997082,6.63249996406,0.308017748366,9.24053245098e-05,0.00421574080498,0.00347603841216,0.000975224614305,1.87413980773,5.37938113828,0.113712381601,3.41137144804e-05,0.0165380157863,0.0156514664737,0.000975224614305,2.64819226649,6.58494143209,0.603202114348,0.000180960634304,0.0160401132774,0.0152440211885,0.000975224614305,2.45855607049,5.92342542032,0.301678035316,9.05034105947e-05,1,1,5,0,3
1949-12,0.0196397680588,0.0188986622327,0.000975224614305,2.90502517186,7.76958051834,0.118390492646,3.55171477939e-05,0.0217332404889,0.0209968038939,0.000975224614305,2.47089811933,6.89508436618,0.102826388775,3.08479166326e-05,0.0227465334162,0.0220286743768,0.000975224614305,2.36054240852,6.65565760717,0.0409012035683,1.22703610705e-05,-0.00509636152612,-0.00590004170842,0.000975224614305,1.89094128663,5.44163854933,0.326971679884,9.80915039653e-05,0.0133631070368,0.0126031137684,0.000975224614305,2.65619009099,6.76629006562,0.181348633525,5.44045900575e-05,0.012979462045,0.0122175670984,0.000975224614305,2.48479666348,6.11111298132,0.187687561001,5.63062683002e-05,1,1,5,0,3
1950-01,0.0137036451917,0.012592097829,0.000895155460907,2.90190747365,7.15679631993,1.35319561471,0.000405958684412,0.0140681680911,0.0132238845737,0.000895155460907,2.49743186092,7.04953585223,0.462316130184,0.000138694839055,0.0139974870517,0.0130168460745,0.000895155460907,2.35087846601,6.6663727609,0.916840996465,0.000275052298939,0.0124487323633,0.0114495684312,0.000895155460907,1.89168965019,5.45817712522,0.97858417936,0.000293575253808,0.0171754811118,0.0162047421778,0.000895155460907,2.66526040033,6.98608882422,0.883834185425,0.000265150255628,0.016481578616,0.0155574769569,0.000895155460907,2.48272758044,6.5113453379,0.728376602589,0.000218512980777,1,1,5,0,3
1950-02,-0.00360566950898,-0.00454066973753,0.000895155460907,2.91976785627,7.18968018456,0.764705167375,0.000229411550212,-0.0118361289278,-0.0126080852777,0.000895155460907,2.50796739515,7.10495496438,0.221225571748,6.63676715245e-05,-0.0110748134688,-0.0119038699028,0.000895155460907,2.37238064668,6.75761705753,0.411559185737,0.000123467755721,-0.00742486509691,-0.00814946147023,0.000895155460907,1.89258035932,5.49206533323,0.0633589832793,1.90076949838e-05,-0.0065751502683,-0.00737285234579,0.000895155460907,2.66492730007,6.97145689971,0.307044663847,9.2113399154e-05,-0.00591031443683,-0.00666036873786,0.000895155460907,2.48466507371,6.50913410333,0.148218742312,4.44656226935e-05,1,1,5,0,3
1950-03,-0.0114888286037,-0.0125057721267,0.000895155460907,2.91182113235,7.26996158341,1.03784948227,0.000311354844681,-0.00351021971492,-0.00455997773913,0.000895155460907,2.50418650913,6.67621312416,1.14723115292,0.000344169345875,-0.0132120245598,-0.0141366455041,0.000895155460907,2.379571407,6.77211071621,0.730107553115,0.000219032265935,-0.0123127069216,-0.0130328628059,0.000895155460907,1.89066392337,5.47454077562,0.0485573531117,1.45672059335e-05,-0.0098351465817,-0.0107258337685,0.000895155460907,2.6662764029,6.79750618831,0.616995028241,0.000185098508472,-0.0122426573652,-0.0130601348444,0.000895155460907,2.48495321249,6.55747930672,0.372962669679,0.000111888800904,1,1,5,0,3
1950-04,0.0377564304165,0.0332599688517,0.000895155460907,3,7.29517721169,12.6362429551,0.00379087288653,0.0281541236258,0.0238563244429,0.000895155460907,2.71384727284,7.14610903069,11.9740350151,0.00359221050452,0.00468318554306,0.00361206244685,0.000895155460907,2.80555104473,7.68365489836,1.21844805958,0.000365534417874,0.0158112340407,0.014226808167,0.000895155460907,2.81363794838,7.69285708782,2.92945731773,0.00087883719532,0.030526742788,0.027162255878,0.000895155460907,3,3.6159989881,8.86299410543,0.00265889823163,0.0221115415204,0.0200765363143,0.000895155460907,3,2.95095500175,4.43138842586,0.00132941652776,1,1,5,0,3
1950-05,0.034897193656,0.0338905296286,0.000895155460907,3,6.81446450356,1.00358449707,0.000301075349122,0.0113905740619,0.0103931748242,0.000895155460907,2.70623009597,6.83081063182,0.972701864529,0.000291810559359,0.0444904054549,0.0434114075497,0.000895155460907,2.82528800529,7.72466645247,1.24469742308,0.000373409226925,0.0252939967912,0.0245274807445,0.000895155460907,2.88955026928,7.89594831565,0.203091227828,6.09273683485e-05,0.0253024786323,0.0243932667568,0.000895155460907,3,3.40701770728,0.678743990544,0.000203623197163,0.038166659664,0.0372271959422,0.000895155460907,3,3.44097743437,0.77958347825,0.000233875043475,1,1,5,0,3
1950-06,0.053190279997,0.0523677648016,0.000895155460907,3,7.18130011422,0.389755056824,0.000116926517047,0.0455791032617,0.0447095061451,0.000895155460907,2.7060220403,7.11826963171,0.546694794375,0.000164008438313,0.042222825063,0.0380876695842,0.000895155460907,2.7500996353,7.55210034744,11.4318893348,0.00342956680043,-0.0174543673397,-0.0181847459962,0.000895155460907,2.90638598582,7.95107109647,0.0826332604758,2.47899781427e-05,0.026847612827,0.0260372498439,0.000895155460907,3,3.49328101177,0.349247682665,0.000104774304799,0.0263528516988,0.024507979837,0.000895155460907,3,3.53798906368,3.79761061145,0.00113928318344,1,1,5,0,3
1950-07,-0.0524101555423,-0.0565464760891,0.000895155460907,3,6.63983049059,11.4357728949,0.00343073186846,-0.0701831639184,-0.0710595692981,0.000895155460907,2.67483821644,6.70781695723,0.569389004774,0.000170816701432,-0.0724451167161,-0.0731947565903,0.000895155460907,2.78455858602,7.64145919791,0.14683731944,4.4051195832e-05,-0.0753654626658,-0.0763484398861,0.000895155460907,2.94264467426,8.07198030283,0.924628473332,0.000277388542,-0.0740018625044,-0.0758811780575,0.000895155460907,3,3.43393138606,3.91242291603,0.00117372687481,-0.0743775711282,-0.0763488722893,0.000895155460907,3,3.62615529821,4.21904160903,0.00126571248271,1,1,5,0,3
1950-08,0.059652203667,0.055516600405,0.000895155460907,3,6.70127189744,11.4333819456,0.00343001458369,0.0322167571061,0.0312795876357,0.000895155460907,2.47160286382,6.27219025422,0.771935973752,0.000231580792126,0.0330490970314,0.0321872823929,0.000895155460907,2.57349753356,7.12070599744,0.520753200479,0.000156225960144,0.0601517883224,0.059251520463,0.000895155460907,2.84510498156,7.8452711503,0.648930603538,0.000194679181061,0.0553406465691,0.0533887304605,0.000895155460907,3,3.45415980827,4.15442476777,0.00124632743033,0.0551392343274,0.053181173252,0.000895155460907,3,3.63797804942,4.17490799037,0.00125247239711,1,1,5,0,3
1950-09,-0.0252435136459,-0.0300526513876,0.000895155460907,2.94222797901,6.97722498038,13.6784968778,0.00410354906334,0.0137439253614,0.0124722504065,0.000895155460907,2.49333943352,6.19506175301,1.88695425537,0.000566086276612,0.0474821733918,0.0467227038231,0.000895155460907,2.63034073109,7.20648359048,0.179602967913,5.38808903738e-05,0.0370050927572,0.0359497262372,0.000895155460907,2.93484893209,8.01954438504,1.16592613898,0.000349777841694,0.0115958745263,0.00916899682116,0.000895155460907,3,3.06742155331,5.73763008941,0.00172128902682,0.0232403831548,0.0209826129948,0.000895155460907,3,3.03522916846,5.17393827199,0.0015521814816,1,1,5,0,3
1950-10,0.0160998462308,0.0146833281927,0.000895155460907,3,7.53758135374,2.36976453258,0.000710929359775,-0.0208052974316,-0.0245776720936,0.000895155460907,2.56774246837,6.80307818167,10.2226199458,0.00306678598374,0.0162696247656,0.0152404020306,0.000895155460907,2.56090918068,7.01253783365,1.07878018879,0.000323634056636,0.0107404124792,0.00997949643536,0.000895155460907,3,8.19512339913,0.184424551617,5.5327365485e-05,0.000323833235048,-0.00177112213707,0.000895155460907,3,7.16711434334,4.63122231259,0.00138936669378,0.0154847688605,0.0144443445468,0.000895155460907,3,3.86696892785,1.11611878443,0.00033483563533,1,1,5,0,3
1950-11,0.0110067500563,0.00681218565856,0.000895155460907,3,7.49683036183,11.6299190645,0.00348897571936,0.0162937878221,0.0152694662094,0.000895155460907,2.53030250096,6.64269663585,1.06244311443,0.00031873293433,0.00377844417032,0.00292449702441,0.000895155460907,2.56753365252,7.04829969224,0.494528225231,0.000148358467569,0.0100704610052,0.00565295970778,0.000895155460907,3,8.19719535963,12.3730420636,0.00371191261909,0.0144656523886,0.0114023879304,0.000895155460907,3,3.8221116932,7.85891926613,0.00235767577984,0.0091179694644,0.00604518479284,0.000895155460907,3,7.66808445964,7.89065331075,0.00236719599322,1,1,5,0,3
1950-12,0.00556992392818,0.00431027727963,0.000895155460907,3,7.23354449483,1.8468599007,0.000554057970209,0.00476896380183,0.000981236504313,0.000895155460907,2.65159955479,7.17491643275,10.2737953973,0.00308213861918,0.0164172446445,0.0155628836041,0.000895155460907,2.64529002938,7.45063269246,0.495907873581,0.000148772362074,0.0187179654593,0.017751906798,0.000895155460907,3,8.38371747368,0.868233276467,0.00026046998294,0.0108600400038,0.00868085646805,0.000895155460907,3,7.71557422996,4.91198285793,0.00147359485738,0.0152905673838,0.0142528564781,0.000895155460907,3,7.89303376108,1.10707409101,0.000332122227302,1,1,5,0,3
1951-01,-0.0113132139052,-0.0161416349856,0.00091797684729,3,7.42848334191,13.7427746737,0.0041228324021,0.015518388579,0.0147891932329,0.00091797684729,2.65434966205,7.16934083583,0.0786888924874,2.36066677462e-05,0.0321839679555,0.0279489820835,0.00091797684729,2.64203752423,7.43217754516,11.7646573122,0.00352939719365,0.0325100988805,0.0317670345771,0.00091797684729,3,8.39098382087,0.124918750267,3.74756250801e-05,0.011922091643,0.00982516768186,0.00091797684729,3,3.3166050028,4.63778427588,0.00139133528276,0.0165449517563,0.0131862468394,0.00091797684729,3,3.32697519364,8.84372079537,0.00265311623861,1,1,5,0,3
1951-02,0.00334889722347,0.00250974252347,0.00091797684729,3,7.23724704904,0.44522007221,0.000133566021663,0.0211399348954,0.0168597181773,0.00091797684729,2.71079761048,6.90062977922,11.9154267993,0.00357462803979,0.0214037636214,0.0205044057405,0.00091797684729,2.66119857486,7.57450269765,0.645897341671,0.000193769202501,0.0294732967786,0.0285577214165,0.00091797684729,3,8.49622711014,0.699955612478,0.000209986683743,0.0192281365258,0.0171360844714,0.00091797684729,3,3.28442438441,4.62154458699,0.0013864633761,0.0185957086668,0.0177263397439,0.00091797684729,3,3.47485632622,0.545934148529,0.000163780244559,1,1,5,0,3
1951-03,-0.0540957985995,-0.0550814425416,0.00091797684729,3,7.38391763491,0.933517545769,0.000280055263731,-0.0488720098166,-0.0497057245938,0.00091797684729,2.71231381295,6.92102032678,0.427086996159,0.000128126098848,-0.0531791598667,-0.0541475308948,0.00091797684729,2.91940369859,8.2805557446,0.875941165939,0.000262782349782,0.00875910718379,0.00786167766041,0.00091797684729,3,8.49632977047,0.639469483493,0.000191840845048,-0.0349219155271,-0.035813981804,0.00091797684729,3,3.8016014538,0.621591995219,0.000186477598566,-0.0345000598663,-0.0354192610061,0.00091797684729,3,4.03135609037,0.712041537955,0.000213612461386,1,1,5,0,3
1951-04,-0.0244673924115,-0.0253676188956,0.00091797684729,3,6.76492303196,0.648792685905,0.000194637805771,-0.0210420918897,-0.0219280303181,0.00091797684729,2.59915964105,6.3198544932,0.601165833582,0.000180349750075,-0.0305298406497,-0.0314388120151,0.00091797684729,2.7785351228,7.80945756039,0.677942290111,0.000203382687033,0.0562011128063,0.055464862948,0.00091797684729,3,8.44946048283,0.102203933269,3.06611799806e-05,0.00250078220714,0.00169720136685,0.00091797684729,3,3.53904316901,0.326640539833,9.79921619498e-05,-0.000391681990701,-0.0011890784183,0.00091797684729,3,3.7826472378,0.306025830888,9.18077492665e-05,1,1,5,0,3
1951-05,0.0338894033731,0.0292112212191,0.00091797684729,3,6.47705521998,13.2419782519,0.00397259347558,0.0193074657232,0.0155684884,0.00091797684729,2.6698193213,6.28147598105,10.1112954828,0.00303338864485,0.028353046319,0.0240587609849,0.00091797684729,2.8336129482,7.15601340088,11.9623221857,0.00358869665572,0.0370229273283,0.0362127302504,0.00091797684729,3,8.32485287558,0.348694665218,0.000104608399565,0.0308443579539,0.0276882635153,0.00091797684729,3,6.63200135603,8.168352534,0.0024505057602,0.0337513465943,0.030458859587,0.00091797684729,3,6.87189288263,8.62299442968,0.00258689832891,1,1,5,0,3
1951-06,-0.0221909045898,-0.0235296024339,0.00091797684729,3,6.42457138496,2.11036388592,0.000633109165777,-0.0202200636166,-0.0211305530347,0.00091797684729,2.76523711386,5.99540975053,0.683002465872,0.000204900739762,-0.0206195050429,-0.0214612279045,0.00091797684729,2.9373929069,7.39027661257,0.453780610637,0.000136134183191,-0.00385460996809,-0.00458111852602,0.00091797684729,3,8.31846363464,0.0697329319989,2.09198795997e-05,-0.0162932265577,-0.0173046053898,0.00091797684729,3,7.0675948521,1.01930051248,0.000305790153745,-0.0156802583878,-0.0166610114524,0.00091797684729,3,7.46375359849,0.917214620807,0.000275164386242,1,1,5,0,3
1951-07,0.00981614980622,0.00856027038307,0.00091797684729,3,7.21357604511,1.8343024827,0.000550290744811,-0.00830742117129,-0.00977939183855,0.00091797684729,2.74582143488,6.64763180188,2.55460662974,0.000766381988921,0.00148993534926,0.000471376250813,0.00091797684729,2.96794574421,7.91301673136,1.04323473371,0.000312970420114,0.000662241113687,-6.38518922172e-05,0.00091797684729,3,8.32483474208,0.0683477585561,2.05043275668e-05,0.000860068764881,-0.00029553602866,0.00091797684729,3,6.82737241826,1.50005371735,0.000450016115204,0.00407879264823,0.00310460553913,0.00091797684729,3,7.54032171548,0.895328102525,0.000268598430758,1,1,5,0,3
1951-08,-0.08861007628,-0.0896971010821,0.00091797684729,3,7.2857744374,1.27145374599,0.000381436123798,-0.08110579322,-0.0818795694263,0.00091797684729,2.7402366001,6.69347828038,0.22729175974,6.81875279221e-05,-0.0289728528414,-0.0299795732147,0.00091797684729,2.97185648902,7.981338819,1.00377231678,0.000301131695033,-0.0208640465276,-0.0216712185639,0.00091797684729,3,8.38697724693,0.338611193292,0.000101583357988,-0.0657968762742,-0.0667035307348,0.00091797684729,3,6.77399048232,0.670219274119,0.000201065782236,-0.0458763419557,-0.0468554504293,0.00091797684729,3,7.11999897607,0.911732650766,0.00027351979523,1,1,5,0,3
1951-09,0.0187888548229,0.0146184339318,0.00091797684729,2.67967200414,6.45775936111,11.5494407094,0.00346483221281,0.00396610174253,0.00274496231688,0.00091797684729,2.43451814294,5.8811888516,1.71850249103,0.000515550747309,0.00503412238446,0.00395852947718,0.00091797684729,2.88967128082,7.0501572634,1.23334742981,0.000370004228943,-8.82934133748e-05,-0.00091444850213,0.00091797684729,3,8.29408425999,0.401888034728,0.000120566410419,0.0110397695343,0.0089417424205,0.00091797684729,3,3.58478731958,4.64146145167,0.0013924384355,0.0101162582327,0.00808418735864,0.00091797684729,3,3.58972763476,4.42160731914,0.00132648219574,1,1,5,0,3
1951-10,0.0160154189253,0.0146486775702,0.00091797684729,2.67663418697,6.46440902818,2.20384225614,0.000661152676841,-0.0445647621149,-0.0479312918744,0.00091797684729,2.43699037287,5.87070900674,8.86980360384,0.00266094108115,-0.0194677573255,-0.0201880016402,0.00091797684729,2.88791435,7.03046429643,0.0488521211982,1.46556363595e-05,0.00666361331639,0.00587137276844,0.00091797684729,3,8.29211950699,0.288839565383,8.6651869615e-05,-0.0108380584269,-0.0128128700339,0.00091797684729,3,3.10674286953,4.23074309535,0.00126922292861,0.000279090491945,-0.000692057036432,0.00091797684729,3,3.11670306599,0.885196166802,0.000265558850041,1,1,5,0,3
1951-11,-0.018139872042,-0.0189458880735,0.00091797684729,2.67715407209,6.40456394143,0.334757843638,0.000100427353091,-0.0324445120584,-0.0335599227707,0.00091797684729,2.33497661222,5.57307117108,1.36607344673,0.000409822034018,-0.0146828585215,-0.0154104354101,0.00091797684729,2.88649062134,6.97989396552,0.0732940341755,2.19882102527e-05,0.0122870836791,0.0115136073551,0.00091797684729,3,8.21932588734,0.226292152323,6.7887645697e-05,-0.0179499103689,-0.0188593421353,0.00091797684729,3,3.05872226597,0.679476960064,0.000203843088019,-0.00885905288751,-0.00962657869116,0.00091797684729,3,3.17024856244,0.206457084364,6.19371253092e-05,1,1,5,0,3
1951-12,-0.00222006061479,-0.00635580221026,0.00091797684729,2.77393441969,7.12267474391,11.4338430571,0.00343015291713,0.0160395784744,0.0148898263101,0.00091797684729,2.34420367982,6.15981476362,1.48054495313,0.00044416348594,-0.00263098648183,-0.00701747900088,0.00091797684729,2.86179619209,7.6016533069,12.269679469,0.00368090384071,0.0426990512127,0.0414586926522,0.00091797684729,3,8.31372813465,1.78256627361,0.000534769882082,0.0205559254434,0.018264811179,0.00091797684729,3,4.10339726233,5.2850852867,0.00158552558601,0.0117871957325,0.0104481102696,0.00091797684729,3,3.65419971372,2.11165594836,0.000633496784509,1,1,5,0,3
1952-01,-0.0104666472189,-0.0116859936508,0.000988912676768,2.77138636062,6.03622724178,1.71252584541,0.000513757753622,-0.00540288337896,-0.00893469839103,0.000988912676768,2.34033857106,6.57823178788,9.42075444578,0.00282622633373,0.0100341787775,0.00881333945297,0.000988912676768,2.85508820894,8.06600699479,1.71750215405,0.000515250646214,0.0328211621341,0.0318653249098,0.000988912676768,3,8.56687779144,0.834161819883,0.000250248545965,0.00324479454593,0.00126653280918,0.000988912676768,3,7.19398793864,4.24224352804,0.00127267305841,0.00982329235468,0.00880473173659,0.000988912676768,3,3.98606940437,1.04323979919,0.000312971939758,1,1,4,0,3
1952-02,-0.0422837389947,-0.0433049269907,0.000988912676768,2.75808316309,6.00887503108,1.05199772581,0.000315599317742,-0.0139448124976,-0.0147118812886,0.000988912676768,2.33777937497,6.75607123014,0.204933708799,6.14801126396e-05,0.00113343363696,0.000364414792964,0.000988912676768,2.85537447277,8.26727366344,0.211433885516,6.34301656548e-05,-0.0395166277138,-0.0403187499213,0.000988912676768,3,8.76365205648,0.321778430547,9.6533529164e-05,-0.0338874007513,-0.0347770022395,0.000988912676768,3,7.34428707287,0.613376032857,0.000184012809857,-0.0283817765703,-0.0292524334689,0.000988912676768,3,4.53443403436,0.550227400854,0.000165068220256,1,1,4,0,3
1952-03,-0.0335492193639,-0.0350127419778,0.000988912676768,2.6962842373,6.74753777749,2.52644645197,0.000757933935592,-0.029138637334,-0.0304128172573,0.000988912676768,2.38351978594,5.99557915352,1.89530414974,0.000568591244921,-0.0353803983292,-0.039207234162,0.000988912676768,2.95765902942,8.57366419708,10.4041571815,0.00312124715444,-0.0364550912088,-0.0372136336116,0.000988912676768,3,8.73209382175,0.176512414854,5.29537244563e-05,-0.0376610335747,-0.0388927234646,0.000988912676768,3,7.09028256894,1.75367070539,0.000526101211616,-0.0373735133898,-0.0393679481623,0.000988912676768,3,7.66736913575,4.2961536474,0.00128884609422,1,1,4,0,3
1952-04,0.00999719107492,0.00619563570611,0.000988912676768,2.6378235487,6.61169687862,10.3198889682,0.00309596669047,-0.0445738410396,-0.0456063839123,0.000988912676768,2.34677971641,5.90878965238,1.08984731445,0.000326954194335,-0.0651914394246,-0.065981305663,0.000988912676768,2.87005337876,8.29273899703,0.28092520005,8.42775600149e-05,-0.0572012117158,-0.0583158855862,0.000988912676768,2.98962124026,8.67357230195,1.36361730691,0.000409085192073,-0.0340607806249,-0.0361417728493,0.000988912676768,2.96214286552,3.82830029548,4.58467848703,0.00137540354611,-0.0382861397898,-0.04027131051,0.000988912676768,3,3.8363933465,4.26527347292,0.00127958204188,1,1,4,0,3
1952-05,0.029602434539,0.027760418216,0.000988912676768,2.63734373773,6.53579243794,3.78809214872,0.00113642764462,0.0294680330026,0.0258701792866,0.000988912676768,2.27200143246,5.64498489934,9.64088345881,0.00289226503764,-0.032350170927,-0.0332652109175,0.000988912676768,2.65236916051,7.59456795653,0.698171040501,0.00020945131215,-0.0337178774072,-0.0354483799075,0.000988912676768,2.79011574483,7.98763837103,3.41637940657,0.00102491382197,0.0112195954778,0.00860520365511,0.000988912676768,2.89166146228,3.69304395926,6.36267714775,0.00190880314433,-0.0129724249115,-0.014417965946,0.000988912676768,3,4.07601329669,2.46650785409,0.000739952356228,1,1,4,0,3
1952-06,-0.00883380935088,-0.0103832629049,0.000988912676768,2.60623246614,6.37692255634,2.81288291891,0.000843864875674,-0.00379218234525,-0.00485294427606,0.000988912676768,2.24553910757,5.48798661886,1.18391084158,0.000355173252474,-0.00391859592746,-0.00804705762789,0.000988912676768,2.5961962727,6.42231514923,11.4095767403,0.00342287302209,0.0226085891357,0.0187290962048,0.000988912676768,2.72523461705,7.72194992743,10.5796808421,0.00317390425263,0.00237651581439,0.000169925552073,0.000988912676768,2.88886095225,6.87650880011,5.00333861327,0.00150100158398,0.00159392712938,-0.00188179445494,0.000988912676768,3,7.02194980007,9.23377635327,0.00277013290598,1,1,4,0,3
1952-07,0.00955342722646,0.00827170735316,0.000988912676768,2.62831584114,6.77761330659,1.92043731655,0.000576131194966,0.0139641046985,0.0129381970273,0.000988912676768,2.27536765459,6.55571659516,1.0677299763,0.000320318992889,0.05509809129,0.0537170656628,0.000988912676768,2.62174540769,7.56611617671,2.25145649617,0.00067543694885,0.0577533647936,0.0570097701796,0.000988912676768,2.72660500751,7.80994422652,0.126686452205,3.80059356614e-05,0.0288248085601,0.0277640306835,0.000988912676768,2.94910528449,7.53842458306,1.18396399422,0.000355189198267,0.0446917659308,0.0435174153008,0.000988912676768,3,7.95552370015,1.56253983871,0.000468761951612,1,1,4,0,3
1952-08,0.0164120413125,0.0119054472794,0.000988912676768,2.74550712491,7.10009129336,12.6700178493,0.00380100535479,-0.0227086971699,-0.024163989178,0.000988912676768,2.58321269727,7.68371158522,2.49901109907,0.000749703329721,-0.01275504917,-0.0137725684502,0.000988912676768,2.61464153422,7.77876010267,1.03976867308,0.000311930601925,0.0282516566288,0.0269714266355,0.000988912676768,2.73091705075,8.0496822146,1.91547104991,0.000574641314974,0.00525940201068,0.00305642673481,0.000988912676768,3,4.32087585591,4.99128865843,0.00149738659753,0.00799511748706,0.00580652025456,0.000988912676768,3,4.30874716758,4.94336184721,0.00148300855416,1,1,4,0,3
1952-09,-0.0077392708679,-0.0117627210073,0.000988912676768,2.73514791035,7.94578972046,11.0595382037,0.00331786146111,-0.00699590027743,-0.00776089364544,0.000988912676768,2.56894864546,7.52417220737,0.198015632225,5.94046896674e-05,-0.00413620121712,-0.00489918988347,0.000988912676768,2.61214343837,7.65801537748,0.191333293374,5.73999880123e-05,-0.0129950442409,-0.013856279924,0.000988912676768,2.71287336663,7.96753008361,0.518823349045,0.000155647004713,-0.00990296118243,-0.0119221767772,0.000988912676768,3,8.63604498629,4.37875638809,0.00131362691643,-0.00782373228769,-0.00989648192264,0.000988912676768,3,8.67382319802,4.55720318871,0.00136716095661,1,1,4,0,3
1952-10,0.00327604509407,-0.00103532237713,0.000988912676768,2.73957614425,7.21098046774,12.0192626429,0.00360577879286,0.00335715469233,-0.000595403221283,0.000988912676768,2.57309657859,7.56250953955,10.8232307843,0.00324696923528,-0.00823654756674,-0.0089714468275,0.000988912676768,2.61275350046,7.69032892483,0.0977019414218,2.93105824265e-05,-0.0120282021089,-0.0128488263644,0.000988912676768,2.69743352923,7.94689929808,0.383451923892,0.000115035577167,-0.00215177689911,-0.00566530976305,0.000988912676768,3,4.79880846734,9.35981395198,0.0028079441856,-0.00627723876625,-0.00847226086986,0.000988912676768,3,4.39416034448,4.96477808424,0.00148943342527,1,1,4,0,3
1952-11,-0.0156565819559,-0.0203206761524,0.000988912676768,2.77043124892,6.34236377719,13.1950183937,0.00395850551812,0.0298543493401,0.0291368732795,0.000988912676768,2.58049788731,7.58160138095,0.0396246076384,1.18873822915e-05,0.0280610933891,0.027328375355,0.000988912676768,2.61716810776,7.72685476158,0.090431186041,2.71293558123e-05,0.0554161883037,0.0546030855253,0.000988912676768,2.68856910774,7.92292436817,0.358380333688,0.000107514100106,0.0256652490687,0.0233663976456,0.000988912676768,3,3.56017908446,5.31087581598,0.00159326274479,0.0281030966561,0.0257508081947,0.000988912676768,3,7.83912398004,5.48899927666,0.001646699783,1,1,4,0,3
1952-12,-0.0120854549704,-0.0157460834873,0.000988912676768,2.78715590744,6.35748491809,9.85013279515,0.00295503983855,-0.026810592994,-0.0281253030528,0.000988912676768,2.55315775985,6.84753360316,2.03040460164,0.000609121380491,0.0322779354577,0.0286241079835,0.000988912676768,2.60357557001,7.65119615559,9.82746265291,0.00294823879587,0.0111556758267,0.00995130077972,0.000988912676768,2.58504691856,7.57964394135,1.6626212288,0.000498786368641,-0.00999741838254,-0.0122819149293,0.000988912676768,3,3.42660118084,5.2630262281,0.00157890786843,0.0109693498356,0.00757524536739,0.000988912676768,3,4.02714933886,8.9617192994,0.00268851578982,1,1,4,0,3
1953-01,-0.0101642062264,-0.0145780085267,0.00109326968554,2.80074345149,6.36031220448,12.3607120733,0.00370821362199,-0.0163870620685,-0.0202272352012,0.00109326968554,2.56410314583,6.06957688649,10.4486148479,0.00313458445437,0.00985776932642,0.00882991074621,0.00109326968554,2.58571643145,7.58711553478,1.07423300623,0.000322269901869,-0.0202529339533,-0.0212731005913,0.00109326968554,2.59379861506,7.59049045944,1.04859319883,0.000314577959648,-0.0201985174689,-0.0238195438685,0.00109326968554,3,7.64851402721,9.71812573778,0.00291543772133,-0.00866778903029,-0.0110812516039,0.00109326968554,3,4.43898904682,5.69291298412,0.00170787389523,1,1,4,0,3
1953-02,0.0120576826255,0.00768781610586,0.00109326968554,2.80863787701,7.12748821626,12.214259471,0.0036642778413,-0.0098523902143,-0.0111019666873,0.00109326968554,2.57745018761,6.75948181398,1.8132926489,0.00054398779467,-0.0104970438245,-0.0112231425414,0.00109326968554,2.59161008604,7.56553583713,0.0683667950466,2.0510038514e-05,-0.0133543705063,-0.0143883540112,0.00109326968554,2.56530900654,7.48962749802,1.0946494217,0.000328394826511,-0.00518837442418,-0.00766488785327,0.00109326968554,3,3.45617638218,5.90308250252,0.00177092475076,-0.00387240788597,-0.00615743012958,0.00109326968554,3,3.74899225424,5.26477855089,0.00157943356527,1,1,4,0,3
1953-03,-0.00193527879183,-0.0027544795099,0.00109326968554,2.79933520189,7.11557748984,0.378706799116,0.000113612039735,0.0181544066103,0.0145402722098,0.00109326968554,2.57834394052,6.75471477247,9.69515240724,0.00290854572217,0.0184576169888,0.0173515220292,0.00109326968554,2.59320995125,7.56974500208,1.33502093748,0.000400506281243,-0.0113422386536,-0.0120594089206,0.00109326968554,2.56024476985,7.47793634961,0.0386052956733,1.1581588702e-05,0.00419637545359,0.00222158010431,0.00109326968554,3,3.56252323756,4.23068890314,0.00126920667094,0.00455960389794,0.00367881284909,0.00109326968554,3,3.84980461751,0.584007901704,0.000175202370511,1,1,4,0,3
1953-04,0.0556881778231,0.0525866832328,0.00109326968554,2.80339922043,3.98394211123,7.98635304014,0.00239590591204,-0.0577214459416,-0.0607968588489,0.00109326968554,2.55352312224,3.62643972858,7.89941409649,0.00236982422895,-0.0592015265487,-0.0624165444026,0.00109326968554,2.59106177405,3.68876465997,8.3647639184,0.00250942917552,-0.0269597736566,-0.0298262682398,0.00109326968554,2.57013621316,5.14905859351,7.20301968306,0.00216090590492,-0.0133139827797,-0.0151622242861,0.00109326968554,3,2.74807196876,3.80884276018,0.00114265282805,-0.0115275506594,-0.0133559567898,0.00109326968554,3,2.98310120552,3.74272484041,0.00112281745212,1,0,4,0,2
1953-05,0.0853224154531,0.0813472840587,0.00109326968554,2.71710013663,6.91453360902,10.8984757203,0.00326954271608,0.0688092798949,0.0654894619866,0.00109326968554,2.49086595388,6.46964771028,8.71409743317,0.00261422922995,0.0724080670923,0.0695148408609,0.00109326968554,2.44486138497,6.32433865777,7.29212517697,0.00218763755309,0.0754806341986,0.072344627763,0.00109326968554,2.52670794172,7.36213658542,8.10139252415,0.00243041775724,0.100839961253,0.0974121894115,0.00109326968554,3,7.42711962522,9.073943876,0.0027221831628,0.105969460693,0.102444359516,0.00109326968554,3,7.95799075647,9.39837499436,0.00281951249831,1,1,4,0,3
1953-06,0.163819696715,0.160468404938,0.00109326968554,2.46530887236,3.46646596887,8.81901032814,0.00264570309844,0.152085633712,0.148877832695,0.00109326968554,2.28807610195,3.21740586231,8.34070779629,0.00250221233889,-0.114980229785,-0.117439939793,0.00109326968554,2.30348343639,3.23969550631,5.8470710987,0.00175412132961,-0.115934406915,-0.118626188839,0.00109326968554,2.35057919908,4.68704814425,6.62064415317,0.00198619324595,0.075666750648,0.0722038084534,0.00109326968554,2.76397433616,2.93812515212,9.19117838769,0.00275735351631,-0.0309520190735,-0.0338775047329,0.00109326968554,2.77818126349,2.06119312094,7.39965660334,0.002219896981,1,0,4,0,2
1953-07,-0.0385423211926,-0.0412665776927,0.00109326968554,1.82111938497,3.84262688887,6.72889273891,0.00201866782167,0.000774645259182,-0.000342188379828,0.00109326968554,1.72006738433,2.24014076618,1.37081653557,0.000411244960672,-0.00817389891615,-0.0100189244407,0.00109326968554,1.94844340178,2.52794222905,3.79812282058,0.00113943684617,0.0394413397172,0.0381007608302,0.00109326968554,1.92659157161,3.61793533513,2.11663402897,0.000634990208692,0.0259167923479,0.0245719511485,0.00109326968554,2.55504730449,2.44337898131,2.13084173695,0.000639252521084,0.0232791289227,0.0219684314682,0.00109326968554,2.74893213362,1.77502893943,2.01702925397,0.000605108776191,1,0,4,0,2
1953-08,-0.00444059295953,-0.00584409850138,0.00109326968554,1.80412934465,4.23930289587,2.32638954504,0.000697916863513,-0.00260670860879,-0.00379656249947,0.00109326968554,1.7793772433,3.46080670121,1.61421737448,0.000484265212343,-0.00281923318243,-0.00468838230242,0.00109326968554,2.0297624826,3.97240381587,3.87853480552,0.00116356044166,-0.0030139558666,-0.0042920414355,0.00109326968554,1.98177732091,3.85555309143,1.90832296856,0.000572496890568,-0.00835126647416,-0.0100595595431,0.00109326968554,2.739815918,4.82584765321,3.34234796862,0.00100270439059,-0.00875625169179,-0.0108086816127,0.00109326968554,2.99519306673,5.30222506632,4.48947080857,0.00134684124257,1,0,4,0,2
1953-09,-0.000863237948098,-0.00386872399546,0.00109326968554,1.83932481905,4.68610575602,7.66632456341,0.00229989736902,-0.011657676139,-0.0135645778833,0.00109326968554,1.79741775514,5.02587225696,4.00437688647,0.00120131306594,0.0134606098796,0.0126796849215,0.00109326968554,2.05812588963,4.22352474848,0.251120932609,7.53362797826e-05,0.0183947115118,0.0169872484657,0.00109326968554,2.02818746716,4.13493100398,2.3395812257,0.000701874367711,0.00854661317961,0.00729803213454,0.00109326968554,2.84235390077,3.01587309746,1.80997455575,0.000542992366724,0.00258456180157,0.00128496587748,0.00109326968554,3,3.3222009138,1.98002415251,0.000594007245754,1,0,4,0,2
1953-10,-0.0397877807913,-0.0421353093611,0.00109326968554,1.84858236415,4.9805058071,5.47313297155,0.00164193989146,0.0459260304922,0.0435354024968,0.00109326968554,1.79828463908,4.9939299376,5.61679772353,0.00168503931706,-0.0119886064462,-0.0127500434882,0.00109326968554,2.10758660603,4.28570341888,0.186161212184,5.58483636552e-05,-0.0153005966787,-0.0167069542745,0.00109326968554,2.03769437334,4.10579395971,2.33589639159,0.000700768917477,-0.0121249921415,-0.0131948310158,0.00109326968554,2.84416923847,3.71622574224,1.21416731971,0.000364250195912,-0.00972108254319,-0.0108427423667,0.00109326968554,3,4.12964723106,1.38690381723,0.000416071145169,1,0,4,0,2
1953-11,-0.00733860604726,-0.0105066656029,0.00109326968554,1.79897264381,4.2083655067,8.20823625775,0.00246247087732,-0.0190596060384,-0.0202422410513,0.00109326968554,1.73970033916,4.8137574703,1.59015444852,0.000477046334556,-0.067811107156,-0.0688078203647,0.00109326968554,2.11561561286,4.59739823327,0.970415101342,0.000291124530403,-0.0558059360849,-0.0565941075423,0.00109326968554,2.02525061029,4.35931668498,0.275275930346,8.25827791037e-05,-0.052141763347,-0.0538261466563,0.00109326968554,2.83371367123,3.6479163242,3.26264876995,0.000978794630985,-0.0675572279173,-0.06918659777,0.00109326968554,3,3.79514248466,3.07927058118,0.000923781174354,1,0,4,0,2
1953-12,0.0118406373443,0.0105994013693,0.00109326968554,1.79826261724,4.20163568461,1.78549098875,0.000535647296626,-0.00574615668143,-0.00703404333278,0.00109326968554,1.73357519149,4.77502064917,1.94099324337,0.00058229797301,-0.00223162064,-0.0044925047778,0.00109326968554,1.98708506461,5.57464440653,5.18431819819,0.00155529545946,-0.0415860192542,-0.0423750364264,0.00109326968554,1.91629024556,4.08122170535,0.278094979628,8.34284938884e-05,-0.0448808290572,-0.0464865192443,0.00109326968554,2.7094971787,2.63274225465,3.00033836258,0.000900101508774,-0.0485399850763,-0.0498384820426,0.00109326968554,2.92065674263,2.91457614486,1.97636096006,0.000592908288017,1,0,4,0,2
1954-01,0.00160516862835,-0.000865574732019,0.00117663878925,1.79472806941,4.07991423445,5.88384894011,0.00176515468203,0.0476714372861,0.0462091799959,0.00117663878925,1.73347172063,4.83025005697,2.52222870629,0.000756668611888,0.0116706520942,0.0104387326922,0.00117663878925,1.99821227937,5.6368076194,1.75443574547,0.000526330723641,-0.026624842637,-0.0279758918486,0.00117663878925,1.86291634994,4.08708932927,2.15153511116,0.000645460533348,0.0228757770234,0.0210381293328,0.00117663878925,2.62511188945,2.46581527905,3.77353004116,0.00113205901235,-0.0108079596869,-0.0124511508194,0.00117663878925,2.82854775475,3.97731067548,3.12534151401,0.000937602454204,1,0,4,0,2
1954-02,0.0152329797209,0.0128545664541,0.00117663878925,1.79624525708,4.11118625005,5.57608196155,0.00167282458847,0.0254805719492,0.0246756399851,0.00117663878925,1.67203561473,4.66690016701,0.331144285868,9.93432857603e-05,0.0217220856314,0.0201941296707,0.00117663878925,2.02030810032,5.69549782824,2.74122427453,0.00082236728236,-0.0228951989572,-0.0236557923834,0.00117663878925,1.8546188004,4.15706824807,0.183349159429,5.50047478286e-05,0.0145348455024,0.0135887237049,0.00117663878925,2.6065403527,2.19211676327,0.801777064107,0.000240533119232,0.00980540986484,0.00854396930157,0.00117663878925,2.84190951466,3.67561968704,1.85283961645,0.000555851884936,1,0,4,0,2
1954-03,0.0385546532844,0.0373008067217,0.00117663878925,1.79028823108,3.46208841559,1.82752628111,0.000548257884334,0.0382556783314,0.0371754995712,0.00117663878925,1.65915846803,3.90120869175,1.24863360597,0.00037459008179,0.0340406033063,0.032557662697,0.00117663878925,2.01162881775,5.69438944602,2.59117310336,0.000777351931008,-0.0249346148033,-0.0262418337442,0.00117663878925,1.8528936063,4.19445369692,2.00543420838,0.000601630262515,0.0150842383798,0.0137310194981,0.00117663878925,2.61022657326,1.51556339066,2.15876734442,0.000647630203325,0.00847087959185,0.00659815751025,0.00117663878925,2.85538537925,1.40343222196,3.89044467755,0.00116713340326,1,0,4,0,2
1954-04,0.0406611972854,0.039937358299,0.00117663878925,1.78558971574,3.43479128178,0.0608343603985,1.82503081195e-05,0.0407908796438,0.0400658439561,0.00117663878925,1.64752323512,3.86476993582,0.0648233645916,1.94470093775e-05,0.0353858405649,0.0346544386953,0.00117663878925,1.99259270445,5.63463169285,0.08604397078,2.5813191234e-05,0.0498785949894,0.0485293659547,0.00117663878925,1.83917202951,4.18345814358,2.14546785454,0.000643640356361,0.0728816342066,0.071788152861,0.00117663878925,2.64186169726,2.80853894829,1.29297555764,0.000387892667292,0.0634899097497,0.0624117755983,0.00117663878925,2.89375963562,2.64525046572,1.24181824377,0.00037254547313,1,0,4,0,2
1954-05,0.00652851278957,0.00544854270967,0.00117663878925,1.75540993647,4.02334494514,1.24793800518,0.000374381401554,0.0105571581948,0.00934270677324,0.00117663878925,1.61549768064,3.7877568153,1.69620914406,0.000508862743219,0.00801787707618,0.00728213690512,0.00117663878925,1.9541737073,5.5341267171,0.100504975749,3.01514927246e-05,0.0525789716341,0.0518418853558,0.00117663878925,1.79860028697,4.07846614392,0.104991999659,3.14975998977e-05,0.0593368583846,0.0581417774319,0.00117663878925,2.43972991023,3.64553957041,1.63164091436,0.000489492274307,0.0578796890121,0.0568105973702,0.00117663878925,2.70638766573,2.40214642979,1.21167654524,0.000363502963572,1,0,4,0,2
1954-06,0.0443134721473,0.0433744700627,0.00117663878925,1.76292856363,4.04423661514,0.77804468765,0.000233413406295,-0.0152741063352,-0.0161368365044,0.00117663878925,1.61624027496,3.78550483924,0.523804969487,0.000157141490846,-0.0213281339895,-0.022527778317,0.00117663878925,1.96771497255,4.57765753423,1.64685216373,0.00049405564912,0.0248565200711,0.0229487316788,0.00117663878925,1.73024978076,4.74994358867,4.00733237984,0.00120219971395,0.0231815092647,0.0210619351658,0.00117663878925,2.33595798005,5.5275648727,4.71328473515,0.00141398542054,0.0256869443152,0.023574183028,0.00117663878925,2.60192596228,5.69924060191,4.69057536292,0.00140717260888,1,1,4,0,3
1954-07,-0.00199306297048,-0.00435271079347,0.00117663878925,1.72722181049,3.34057451878,5.51353048219,0.00165405914466,0.0310565263134,0.030162930615,0.00117663878925,1.61242891293,3.79598715729,0.626690066997,0.000188007020099,0.0626129543904,0.06140299286,0.00117663878925,1.95990835092,4.57998568483,1.68124283995,0.000504372851985,0.0505085585614,0.0497784922907,0.00117663878925,1.71080647969,4.70823724347,0.081591974515,2.44775923545e-05,0.0526114912386,0.051121462491,0.00117663878925,2.33186655719,3.45288832014,2.61480023099,0.000784440069297,0.0670269493145,0.0654896784334,0.00117663878925,2.5842114721,3.62248013897,2.77227400933,0.000831682202799,1,1,4,0,3
1954-08,0.0227370748746,0.0218693822887,0.00117663878925,1.72545596685,3.30715400194,0.540346358595,0.000162103907578,-0.00530904713416,-0.00603848544015,0.00117663878925,1.59461817125,3.74970315016,0.0794987588449,2.38496276535e-05,-0.00825822392428,-0.00923841816981,0.00117663878925,1.8334277709,4.29515245729,0.915351890657,0.000274605567197,0.0175398297178,0.0165579344281,0.00117663878925,1.64093278605,4.50231999366,0.92102203801,0.000276306611403,0.0227672944958,0.0218729682875,0.00117663878925,2.24777186047,3.28489592919,0.629125100109,0.000188737530033,0.0243999084922,0.0235187618297,0.00117663878925,2.41774093644,3.53328889806,0.585193280838,0.000175557984252,1,1,4,0,3
1954-09,0.0214588202072,0.0192505282784,0.00117663878925,1.8210572113,3.48454591492,5.00901083501,0.0015027032505,0.00792505125369,0.00698352258679,0.00117663878925,1.66949781148,3.25803448722,0.786466628544,0.000235939988563,0.00151877108036,0.00078662536696,0.00117663878925,1.84013552925,4.37173003899,0.0885234502094,2.65570350628e-05,0.0226346828603,0.0215847714364,0.00117663878925,1.63740568503,4.53956929742,1.14774248533,0.000344322745598,0.0313156511086,0.02966519151,0.00117663878925,2.36533614849,5.38348732043,3.14956973397,0.000944870920191,0.0311494638506,0.0295264698858,0.00117663878925,2.47049383582,5.86815434113,3.05801762181,0.000917405286544,1,1,4,0,3
1954-10,0.0176192248108,0.0153454203551,0.00117663878925,1.81639055744,4.25493348036,5.22738592458,0.00156821577737,-0.000828882358588,-0.00174843997082,0.00117663878925,1.66960005369,3.96645507024,0.713229779656,0.000213968933897,-0.00336205416924,-0.00407111249095,0.00117663878925,1.84064226933,4.37295762371,0.011565477899,3.46964336971e-06,0.0110815083896,0.0100764153279,0.00117663878925,1.62550299418,4.50646761591,0.998347944725,0.000299504383417,0.0223416510575,0.0207189033759,0.00117663878925,2.34441752611,3.71843834391,3.05719667763,0.00091715900329,0.0232336547735,0.021640001587,0.00117663878925,2.44322347617,3.39154599643,2.96021502707,0.000888064508122,1,1,4,0,3
1954-11,0.0440632257157,0.0432279062812,0.00117663878925,1.81401091001,4.05324596752,0.432435853805,0.000129730756142,0.0085812124549,0.00766808270506,0.00117663878925,1.70724508789,4.12426382793,0.69180357167,0.000207541071501,-0.0125198757813,-0.0137667083408,0.00117663878925,1.84427644832,4.44934688107,1.80414627054,0.000541243881161,0.0251950015179,0.0244696280851,0.00117663878925,1.62345836163,4.55859700834,0.0659491816584,1.97847544975e-05,0.0487899193454,0.047978639208,0.00117663878925,2.34907953872,3.90552575403,0.352304863516,0.000105691459055,0.0451257728703,0.0442196636704,0.00117663878925,2.43185175397,3.85859295603,0.668401738694,0.000200520521608,1,1,4,0,3
1954-12,0.0304132026074,0.029355554638,0.00117663878925,1.79030453428,3.39967839963,1.17353097009,0.000352059291026,0.0347635873991,0.0327414398591,0.00117663878925,1.73531013629,4.19452111209,4.38852953873,0.00131655886162,0.0383488898246,0.0362277797379,0.00117663878925,1.84194616986,4.4558657163,4.71840469452,0.00141552140836,0.0423737884881,0.0414944584925,0.00117663878925,1.61007357383,3.99179512992,0.57913772445,0.000173741317335,0.0657759211828,0.0642629160675,0.00117663878925,2.31372082712,3.27077836632,2.69138812293,0.000807416436878,0.0688340948293,0.0672915072541,0.00117663878925,2.3804473326,3.18454981764,2.78999632292,0.000836998896877,1,1,4,0,3
1955-01,0.029795086803,0.0290783759572,0.00125630294348,1.78173415941,3.38459239557,0.0370738914525,1.11221674357e-05,0.0290239003314,0.0281510583299,0.00125630294348,1.71535215901,4.15295587339,0.557511077476,0.000167253323243,0.029698521584,0.0286172470621,0.00125630294348,1.79681121981,4.36650067671,1.25228614528,0.000375685843584,0.00512362639417,0.0043899005472,0.00125630294348,1.58003786888,3.90579791255,0.0937905620864,2.81371686259e-05,0.0340708590744,0.033267770766,0.00125630294348,2.20703089775,3.09745973727,0.324998767093,9.7499630128e-05,0.0346206396809,0.0337592161453,0.00125630294348,2.24400786555,3.14935509999,0.519449524198,0.00015583485726,1,1,4,0,3
1955-02,0.027170261699,0.02610693935,0.00125630294348,1.78041922293,3.37137324738,1.19244556893,0.000357733670679,0.0287303643243,0.0277573166618,0.00125630294348,1.70825257949,3.2953392051,0.891529947081,0.000267458984124,0.030862148838,0.0301346974822,0.00125630294348,1.77272208712,4.3009980415,0.0728755914905,2.18626774472e-05,0.0301890152525,0.0293782484101,0.00125630294348,1.58589736316,3.93062331947,0.350593880283,0.000105178164085,0.0487225702095,0.0478891070037,0.00125630294348,2.19297769534,2.68214000012,0.426248425134,0.00012787452754,0.0501049436637,0.0493429044416,0.00125630294348,2.21949788606,2.9611866209,0.188168479092,5.64505437275e-05,1,1,4,0,3
1955-03,-0.0095664087191,-0.0104773167441,0.00125630294348,1.8219563923,3.45898555792,0.684397822053,0.000205319346616,0.00759109380041,0.00687694244428,0.00125630294348,1.70928265631,3.31698408969,0.0285422593173,8.56267779518e-06,0.0162096017932,0.0154905520667,0.00125630294348,1.7470972229,4.25612788073,0.0448701607714,1.34610482314e-05,0.00680802172811,0.00483214611841,0.00125630294348,1.58244166842,3.93354965911,4.23428977121,0.00127028693136,-0.000168591993225,-0.00151928057304,0.00125630294348,2.20174791734,4.83247300505,2.15033300493,0.000645099901479,0.00205724387238,0.000717292581087,0.00125630294348,2.1960691446,5.06401671962,2.11454204318,0.000634362612955,1,1,4,0,3
1955-04,0.0417694937813,0.0404271329542,0.00125630294348,1.84542582561,4.39798318729,2.12257382904,0.000636772148712,0.0275748958766,0.026446094747,0.00125630294348,1.73827091851,4.20708586859,1.4107081708,0.00042321245124,0.0306257877485,0.0299009177133,0.00125630294348,1.75672739838,4.296954039,0.0642711896624,1.92813568987e-05,0.0437235979925,0.0430094742371,0.00125630294348,1.59721042528,3.96199991609,0.0284502569848,8.53507709543e-06,0.0626654127637,0.0617244265486,0.00125630294348,2.26288090478,5.28610816269,0.784658455953,0.000235397536786,0.063356227806,0.0624476161309,0.00125630294348,2.25015087131,5.41006479891,0.676743322556,0.000203022996767,1,1,4,0,3
1955-05,-0.00704120765288,-0.0081523954706,0.00125630294348,1.82384679358,4.33674543352,1.35199713126,0.000405599139378,0.00124321493309,0.000336284248605,0.00125630294348,1.79358062889,4.3529525235,0.671140020485,0.000201342006146,0.00139701928908,0.000655839343376,0.00125630294348,1.79211108998,4.39455158716,0.118637557903,3.5591267371e-05,-0.0013498692555,-0.0020592714398,0.00125630294348,1.59422752411,3.94928822956,0.0127116865349,3.81350596048e-06,-0.00238580028338,-0.00341359908718,0.00125630294348,2.2540822013,4.52000241831,1.07403375153,0.00032221012546,-0.00233485960345,-0.00332643285022,0.00125630294348,2.22255523109,4.45678290417,0.953281894745,0.000285984568423,1,1,4,0,3
1955-06,0.0542645937297,0.0528930423572,0.00125630294348,1.8109957025,3.41108044653,2.21987564723,0.00066596269417,0.0514578002173,0.0505656289446,0.00125630294348,1.79258638281,4.35443677336,0.621941981324,0.000186582594397,0.02866198631,0.0279187039156,0.00125630294348,1.81355276527,4.49141991466,0.125645720243,3.76937160728e-05,0.0540157292908,0.0532989904814,0.00125630294348,1.61084087968,3.98645533307,0.0371671035109,1.11501310533e-05,0.0863477889405,0.0852450492405,0.00125630294348,2.24090151857,5.1270640804,1.32383673873,0.000397151021619,0.0802258713312,0.079177702105,0.00125630294348,2.23315348243,5.10933698375,1.14193515951,0.000342580547853,1,1,4,0,3
1955-07,-0.0786179721768,-0.0813449969115,0.00125630294348,1.77650685553,3.32703974152,6.73812018805,0.00202143605641,0.0497484987908,0.0488379377001,0.00125630294348,1.75784952915,4.25589470946,0.683241374491,0.000204972412347,0.0488920987086,0.0481633732226,0.00125630294348,1.79987769329,4.45441090672,0.0771226922298,2.31368076689e-05,0.0776979263296,0.0769407364817,0.00125630294348,1.55702239658,3.81445143448,0.172003898593,5.1601169578e-05,0.0277912483639,0.0260362613109,0.00125630294348,2.09456777274,2.10023493453,3.49799458229,0.00104939837469,0.0278238897886,0.0261255426578,0.00125630294348,2.09714436278,2.10281849592,3.30919484147,0.000992758452442,1,1,4,0,3
1955-08,0.0570630412135,0.0544995524471,0.00125630294348,1.56260727266,2.86596055189,6.19300029342,0.00185790008803,0.0622654905216,0.0610845681863,0.00125630294348,1.72232708345,3.24274525761,1.58444552326,0.000475333656978,0.0659474443634,0.0649897232078,0.00125630294348,1.77641050811,4.30198071962,0.840441590889,0.000252132477267,0.0181087322124,0.0173132501966,0.00125630294348,1.458345828,3.51480697617,0.299644458309,8.98933374927e-05,0.0423080330455,0.0406238695864,0.00125630294348,2.09204430641,4.42496515851,3.26191593575,0.000978574780725,0.0424853833136,0.0408658560765,0.00125630294348,2.10108228405,4.67753532744,3.04646186255,0.000913938558765,1,1,4,0,3
1955-09,0.00605319395842,0.00507935793842,0.00125630294348,1.5115477599,3.58845575555,0.894157805553,0.000268247341666,0.00642142805049,0.00539467382554,0.00125630294348,1.68781349747,4.11698536992,1.07055182205,0.000321165546614,0.00399683938215,0.00290765508492,0.00125630294348,1.68779468341,5.00411749567,1.27865206297,0.00038359561889,0.0340795177757,0.0332186880228,0.00125630294348,1.45747372402,3.96898587696,0.517470248554,0.000155241074566,0.0390931790891,0.0381612532274,0.00125630294348,2.08262845881,5.058926853,0.754457278042,0.000226337183412,0.0390663065484,0.038127199219,0.00125630294348,2.08114933252,5.28657271208,0.778395503708,0.000233518651112,1,1,4,0,3
1955-10,0.00312272330513,0.00213018008424,0.00125630294348,1.51722869898,3.60625898292,0.956515141859,0.000286954542558,-0.0498104448885,-0.0505272550109,0.00125630294348,1.69731430898,4.14075618316,0.0374048134406,1.12214440322e-05,-0.0559318986283,-0.0566424596902,0.00125630294348,1.69039371953,5.00319618373,0.0165746118767,4.97238356301e-06,-0.0619636152475,-0.0627687254415,0.00125630294348,1.44949213531,3.94564863439,0.331738385526,9.95215156578e-05,-0.0482778501278,-0.0492550203148,0.00125630294348,2.09724143689,4.50216065694,0.905271695456,0.000271581508637,-0.050233974155,-0.0512045600896,0.00125630294348,2.08252013435,4.70194947535,0.883324187684,0.000264997256305,1,1,4,0,3
1955-11,0.0127613573733,0.010123338286,0.00125630294348,1.51753864229,2.83517571364,6.44143469656,0.00193243040897,0.0497408122565,0.0489386938722,0.00125630294348,1.58718341127,3.81899049667,0.321765686493,9.65297059479e-05,0.0463955894478,0.0453603347391,0.00125630294348,1.58775215293,3.90493802752,1.09888676764,0.000329666030293,0.0566679526516,0.055863615716,0.00125630294348,1.34163777635,3.6164877766,0.32916085779,9.87482573371e-05,0.072382638601,0.0707490773264,0.00125630294348,1.95772120028,2.63075478018,3.09324198732,0.000927972596196,0.0720734082074,0.0703774789926,0.00125630294348,1.94920976929,2.61931725386,3.30113512154,0.000990340536463,1,1,4,0,3
1955-12,0.00553613936301,0.00433334003084,0.00125630294348,1.52905062054,3.58278885244,1.6573688461,0.00049721065383,-0.0311983913476,-0.0336994657272,0.00125630294348,1.55606017908,4.4691872308,5.98495233779,0.00179548570134,-0.00167598614366,-0.00262053178368,0.00125630294348,1.55025759507,4.53572991735,0.796523205614,0.000238956961684,0.00479219518314,0.00404418386717,0.00125630294348,1.29979517127,3.47507898448,0.141408792128,4.24226376383e-05,-0.0107337628341,-0.0124700421412,0.00125630294348,1.8714795388,1.87577911403,3.4356354291,0.00103069062873,0.00293772224196,0.00188027960738,0.00125630294348,1.85427089141,1.85853093114,1.17284652081,0.000351853956242,1,1,4,0,3
1956-01,0.00526858170037,0.00411414232756,0.00134427064174,1.53739070048,3.35929732081,1.49616898158,0.000448850694474,0.00622645475934,0.00488518626502,0.00134427064174,1.52520686659,3.64339612175,2.11893271994,0.000635679815982,-0.0189409366481,-0.0196586564077,0.00134427064174,1.55260222509,4.5386777694,0.0404369373379,1.21310812014e-05,-0.0237518707869,-0.024590279775,0.00134427064174,1.29956884408,3.04270812063,0.442734365783,0.000132820309735,-0.0146375895694,-0.0158802245826,0.00134427064174,1.86240118733,2.50342578104,1.79015444968,0.000537046334903,-0.0243506927147,-0.0253482342275,0.00134427064174,1.85105608944,2.82742064319,0.973176114679,0.000291952834404,1,1,4,0,3
1956-02,0.000217127178812,-0.00209322171993,0.00134427064174,1.54480704145,2.87100151651,5.34920073469,0.00160476022041,0.0146685797891,0.013945517904,0.00134427064174,1.53837896544,3.6740909282,0.0582440226047,1.74732067814e-05,-0.0188898993012,-0.0196237609496,0.00134427064174,1.53569582739,4.46218886853,0.0942432335517,2.82729700655e-05,-0.0104974305886,-0.0112190402322,0.00134427064174,1.28372234981,2.98930490316,0.0534032174668,1.602096524e-05,0.0010501094972,-0.000271890782584,0.00134427064174,1.85666011944,2.23309762419,2.05470533817,0.00061641160145,-0.0106294782841,-0.0119421309305,0.00134427064174,1.81392228693,3.99561699078,2.02354656029,0.000607063968087,1,1,4,0,3
1956-03,-0.0544391593464,-0.0568622224719,0.00134427064174,1.54089555864,2.85391330721,5.72491482372,0.00171747444711,0.00934249794137,0.00862796618649,0.00134427064174,1.5497524637,3.70232995893,0.029810255145,8.9430765435e-06,0.00229535725426,0.000243828641842,0.00134427064174,1.52313573277,4.4032784215,4.48646644694,0.00134593993408,0.056818071081,0.056108821975,0.00134427064174,1.28039312301,2.98677191991,0.0122014255266,3.66042765797e-06,0.011007832683,0.00956184830103,0.00134427064174,1.86129925103,1.75308407555,2.46798567868,0.000740395703603,0.00962005800842,0.00770881085975,0.00134427064174,1.80197578869,2.02729817062,4.01886156776,0.00120565847033,1,1,4,0,3
1956-04,0.00194379687698,0.00070682587314,0.00134427064174,1.43655517286,2.6236139704,1.77127441834,0.000531382325501,-0.0100164605365,-0.0113039905411,0.00134427064174,1.54910804769,2.91272798489,1.93980442088,0.000581941326263,0.00254636431207,0.00135248642747,0.00134427064174,1.52379080814,3.63598480819,1.62763068753,0.000488289206258,0.0299001520912,0.0290336854543,0.00134427064174,1.23711764672,3.27525715598,0.536259861749,0.000160877958525,0.00359110875408,0.00278138356359,0.00134427064174,1.86752087405,1.64808122679,0.347121707193,0.000104136512158,0.0112885051307,0.0101639369767,0.00134427064174,1.80537640411,2.34710308001,1.39659825195,0.000418979475585,1,1,4,0,3
1956-05,-0.0269092678899,-0.028950040307,0.00134427064174,1.44227909558,3.32664736444,4.45061246242,0.00133518373873,0.0132591581725,0.0120499904167,0.00134427064174,1.60101173702,3.71745845504,1.67859692474,0.000503579077421,0.0192081406872,0.0182409355092,0.00134427064174,1.56709358715,4.42976140711,0.872054999103,0.000261616499731,-0.0243868488466,-0.0254020701646,0.00134427064174,1.2395801327,3.48163871342,1.03210879873,0.00030963263962,-0.0188301582574,-0.0203561312729,0.00134427064174,1.88352084956,2.72267712923,2.73461445715,0.000820384337145,-0.0150853792512,-0.0166849012096,0.00134427064174,1.81989574737,2.94726393888,2.97977760025,0.000893933280074,1,1,4,0,3
1956-06,-0.0291414346762,-0.0300920188723,0.00134427064174,1.44058280546,4.04237088432,0.816651725695,0.000244995517708,-0.0329600113205,-0.0351784081948,0.00134427064174,1.62310674681,4.55546724422,5.04269398644,0.00151280819593,-0.0331174653727,-0.035150500756,0.00134427064174,1.60890335185,4.58017538842,4.42482234974,0.00132744670492,-0.000104453297062,-0.000933055782207,0.00134427064174,1.23107610799,3.48182578961,0.410046022692,0.000123013806808,-0.0313536494663,-0.0330522092367,0.00134427064174,1.90178964046,5.5757988651,3.30990364036,0.000992971092109,-0.0298918616435,-0.0314450121163,0.00134427064174,1.87149840203,5.41373449718,2.82520598177,0.00084756179453,1,1,4,0,3
1956-07,-0.0360429003299,-0.0385981297533,0.00134427064174,1.63801292376,3.79016664603,6.16546915033,0.0018496407451,0.0527839146263,0.0518836920953,0.00134427064174,1.84527203914,5.20424675332,0.6487795091,0.00019463385273,0.0536752456532,0.0527973422397,0.00134427064174,1.79992402292,5.15455783886,0.574382450438,0.000172314735132,0.0335940505677,0.0327855996431,0.00134427064174,1.34599976926,3.82469994374,0.342874154132,0.00010286224624,0.0204369982981,0.0188138061964,0.00134427064174,1.86781404329,2.84286949906,3.05867807793,0.000917603423378,0.0202693633855,0.0187132857561,0.00134427064174,1.84776847234,2.8133044906,2.83496317016,0.000850488951047,1,1,4,0,3
1956-08,-0.0382580442499,-0.0394058865646,0.00134427064174,1.63403363286,3.15684873116,1.47417878788,0.000442253636364,0.0122569671593,0.00928689969508,0.00134427064174,1.80647578283,4.65048433553,7.54826261971,0.00226447878591,-0.000973991007255,-0.00370266315498,0.00134427064174,1.74812146351,4.60542433866,6.74361156463,0.00202308346939,0.0644086071568,0.063339863852,0.00134427064174,1.34121221309,3.44453588204,1.21051542174,0.000363154626523,0.0110549530343,0.0092290365113,0.00134427064174,1.86755352696,2.39100131996,3.7344261488,0.00112032784464,0.00997661936222,0.00824441988166,0.00134427064174,1.84666067591,2.35976756887,3.42203600743,0.00102661080223,1,1,3,0,3
1956-09,0.0106938428018,0.0078136534738,0.00134427064174,1.58504173473,4.0918201009,7.24866883206,0.00217460064962,-0.0254830908071,-0.0265022720225,0.00134427064174,1.8159190768,4.65635387685,1.04530845666,0.000313592536999,-0.0120456762621,-0.014193407496,0.00134427064174,1.74880790338,4.57523243205,4.80714185198,0.0014421425556,-0.00728028616385,-0.00803938615524,0.00134427064174,1.28767989263,3.30476472902,0.17837104351,5.3511313053e-05,-0.00543108005799,-0.00714444531647,0.00134427064174,1.88098891801,2.91149103437,3.35925526714,0.00100777658014,2.00756649746e-05,-0.00221051523799,0.00134427064174,1.85744873603,4.91237659904,5.08334074877,0.00152500222463,1,1,3,0,3
1956-10,0.056771440176,0.0556657668545,0.00134427064174,1.58501696163,4.11676731779,1.33361547731,0.000400084643192,-0.0821326053188,-0.0841812141282,0.00134427064174,1.78729935696,4.61053566985,4.47673377023,0.00134302013107,-0.0765310854886,-0.0772407431391,0.00134427064174,1.7358214904,4.56844136896,0.0135632405684,4.06897217051e-06,-0.0528372941374,-0.0537538606419,0.00134427064174,1.27890462964,3.29460386059,0.703259420607,0.000210977826182,-0.0324387587062,-0.0339825550906,0.00134427064174,1.86934028808,4.58472196301,2.79402568699,0.000838207706098,-0.0321079412104,-0.0330258562223,0.00134427064174,1.85556079884,4.50440402233,0.707754445298,0.000212326333589,1,1,3,0,3
1956-11,0.0536563877163,0.0527002224969,0.00134427064174,1.56113071047,4.13382137228,0.835255136702,0.000250576541011,0.0442269910152,0.0431636951028,0.00134427064174,1.58361382843,4.15883335015,1.19235744672,0.000357707234016,0.0344726631838,0.0333522756645,0.00134427064174,1.56329285242,4.12426980772,1.38266280326,0.000414798840977,0.0350519152331,0.0342578257155,0.00134427064174,1.20402743247,3.12170459957,0.295002797525,8.85008392574e-05,0.0597806093214,0.0589325935226,0.00134427064174,1.81513049665,4.83576969755,0.474757068003,0.000142427120401,0.0542886094797,0.0534412100037,0.00134427064174,1.80241150474,4.50163257436,0.472702658739,0.000141810797622,1,1,3,0,3
1956-12,-0.0196256404435,-0.022031221446,0.00134427064174,1.51456959238,3.05390285171,5.6666410805,0.00169999232415,0.00886467502847,0.00776578530734,0.00134427064174,1.57530374989,4.11305821625,1.31100347596,0.000393301042788,0.00317888168444,0.00233014037178,0.00134427064174,1.63548708467,4.27751632418,0.477175447761,0.000143152634328,0.0166062420537,0.0157954568279,0.00134427064174,1.23374621034,3.18575252469,0.350655158297,0.000105196547489,0.00539944239927,0.00376528594487,0.00134427064174,1.82945535224,2.42416403712,3.09522592023,0.000928567776069,0.00280922664793,0.00127318850742,0.00134427064174,1.84678215172,2.17449087108,2.76816487392,0.000830449462176,1,1,3,0,3
1957-01,-0.0256039768426,-0.0279880175802,0.00154234148758,1.49427681015,3.22720691779,5.5948401975,0.00167845205925,-0.0270760516351,-0.0282150116687,0.00154234148758,1.58281152369,4.61824987691,1.4445711839,0.000433371355171,-0.0286530993181,-0.0300233083955,0.00154234148758,1.63757172541,4.7984882994,2.2154013303,0.000664620399091,-0.0208102971393,-0.0219126339148,0.00154234148758,1.26785774698,3.58682612022,1.32249365695,0.000396748097084,-0.0367174435321,-0.0383981351586,0.00154234148758,1.89918229964,5.01790071589,3.25034316072,0.000975102948217,-0.0353868467045,-0.0371363324103,0.00154234148758,1.91305247925,4.97910864529,3.47965675791,0.00104389702737,0,1,3,0,2
1957-02,-0.0494204861861,-0.0504396665453,0.00154234148758,1.46713149996,2.95635232484,1.04530560294,0.000313591680881,0.0026060631924,0.00118766120299,0.00154234148758,1.57117878294,3.15213230727,2.37604437024,0.000712813311072,-0.0352858146816,-0.036467721718,0.00154234148758,1.59979009335,4.16900449864,1.58772786049,0.000476318358148,-0.0407739945112,-0.0417822449537,0.00154234148758,1.26290234775,3.22988155865,1.00887254706,0.000302661764118,-0.0410238003843,-0.0422177618771,0.00154234148758,1.80750610016,3.66200051972,1.62790938149,0.000488372814447,-0.0522757540055,-0.0534213875867,0.00154234148758,1.8444132753,4.35089840977,1.4668163432,0.000440044902961,1,1,3,0,3
1957-03,-0.0381177438648,-0.0407229504105,0.00154234148758,1.39500733268,4.04655225423,6.332059558,0.0018996178674,-0.0125257523582,-0.0140272793381,0.00154234148758,1.575085351,4.55966273247,2.65312767215,0.000795938301644,0.0443603760265,0.0432596128994,0.00154234148758,1.55507787412,4.52800860165,1.31724816274,0.000395174448823,0.0409713202233,0.0400133080414,0.00154234148758,1.21853765667,3.41936525173,0.841411678563,0.000252423503569,-0.00211367666497,-0.00363621995229,0.00154234148758,1.7148622386,1.97534566899,2.72318202991,0.000816954608974,0.0192220293943,0.0177187808645,0.00154234148758,1.71581344518,1.97031194639,2.65886617159,0.000797659851477,0,1,3,0,2
1957-04,-0.0160148741744,-0.0174799635013,0.00154234148758,1.36842858214,2.80615591669,2.53166882835,0.000759500648505,-0.0244953949691,-0.026976775663,0.00154234148758,1.58286560422,4.61427243007,5.91930671857,0.00177579201557,-0.0236597526336,-0.0266996186484,0.00154234148758,1.52896034331,4.4883465961,7.78092445497,0.00233427733649,-0.000633731263637,-0.00147850184245,0.00154234148758,1.22176394378,3.46763494037,0.463939668256,0.000139181900477,-0.0122166231584,-0.0138260681711,0.00154234148758,1.70717903919,1.36311076348,3.01285444784,0.000903856334351,-0.0123625898684,-0.0139174471514,0.00154234148758,1.71704208871,1.3530682791,2.8308953489,0.00084926860467,0,1,3,0,2
1957-05,0.0184196775482,0.015770845075,0.00154234148758,1.37961331802,3.67132339953,6.47747931622,0.00194324379487,-0.0403868128571,-0.0418108521569,0.00154234148758,1.58250749566,4.62501542365,2.39483540507,0.00071845062152,-0.0388993765186,-0.0402784860706,0.00154234148758,1.51814977849,4.46644647782,2.2450695791,0.000673520873729,0.00385413114407,0.0031367853213,0.00154234148758,1.2250430009,3.48672078376,0.0391904814532,1.1757144436e-05,-0.00966680547543,-0.0114955705048,0.00154234148758,1.72250896301,2.85950797806,3.74392117008,0.00112317635102,-0.0102565138179,-0.0120789553842,0.00154234148758,1.71539611096,2.85925272299,3.72284295993,0.00111685288798,0,1,3,0,2
1957-06,0.0335050682708,0.0323588138442,0.00154234148758,1.37390933308,2.81371607134,1.46888582748,0.000440665748243,-0.030615644215,-0.0319696456888,0.00154234148758,1.52772991407,3.97199140946,2.16137598482,0.000648412795447,0.0370087969961,0.0345443427505,0.00154234148758,1.47109958862,4.3201212761,5.86288522407,0.00175886556722,0.0332568983954,0.032539589151,0.00154234148758,1.234378303,3.51176715729,0.0390685536323,1.17205660897e-05,0.0186603050372,0.0176201392718,0.00154234148758,1.73624888448,2.11654605043,1.11525695698,0.000334577087094,0.0439507372513,0.0423638430084,0.00154234148758,1.71923060438,4.06065028575,2.93768521522,0.000881305564565,0,1,3,0,2
1957-07,0.031052139032,0.0302433932795,0.00154234148758,1.37639944561,2.61049171446,0.343856913671,0.000103157074101,0.0451502026358,0.042812458113,0.00154234148758,1.50459523708,3.92918633821,5.44051948161,0.00163215584448,0.0467170729036,0.0455914703689,0.00154234148758,1.45533381126,4.28664202183,1.40004618779,0.000420013856336,0.0391262463507,0.0381502601008,0.00154234148758,1.22661449951,3.50907494268,0.901325238358,0.000270397571508,0.0494438735023,0.0479972183443,0.00154234148758,1.73594131081,4.43487964788,2.47022159888,0.000741066479663,0.0475278982553,0.0464297224728,0.00154234148758,1.69088792909,4.31305306494,1.30862368049,0.000392587104148,0,1,3,0,2
1957-08,-0.0169774789144,-0.0177509626659,0.00154234148758,1.35868542913,2.71441576319,0.226316910561,6.78950731683e-05,-0.0133043658573,-0.0142978306316,0.00154234148758,1.47910060796,2.98374410833,0.959586986799,0.00028787609604,0.0178258953132,0.0171120467871,0.00154234148758,1.45628771341,4.3087824213,0.0275328255866,8.25984767598e-06,0.00288611106857,0.00191843311809,0.00154234148758,1.22435493663,3.52210622925,0.873630907146,0.000262089272144,0.00490804825173,0.00390848201491,0.00154234148758,1.71740799765,3.61068126843,0.979925194953,0.000293977558486,0.00917549257742,0.00832321719706,0.00154234148758,1.6852704794,3.98766017007,0.488955673418,0.000146686702025,0,1,3,0,2
1957-09,-0.00396620423846,-0.00494371553689,0.00154234148758,1.35506867603,3.56358991016,0.906408733648,0.000271922620095,-0.0058364492722,-0.00692472410643,0.00154234148758,1.47295595462,3.86591942782,1.27562051965,0.000382686155896,-0.00629762041881,-0.00737815264999,0.00154234148758,1.45609264467,3.83320764463,1.24981184282,0.000374943552845,0.00107252942732,0.000362468902173,0.00154234148758,1.22208322035,3.52823657094,0.0149061560407,4.47184681222e-06,0.00730425839324,0.00628469887172,0.00154234148758,1.71745692456,4.65725074571,1.04656947728,0.000313970843184,0.00838889690078,0.00754225678841,0.00154234148758,1.68594458288,4.45783161683,0.470171446769,0.000141051434031,0,1,3,0,2
1957-10,-0.00192825303681,-0.00403263304883,0.00154234148758,1.35903931622,3.57209364376,4.66263777896,0.00139879133369,0.00927365241228,0.00824349382087,0.00154234148758,1.47040445168,3.86104766514,1.08189971026,0.000324569913077,-0.0339343058135,-0.0347407004735,0.00154234148758,1.45278171631,3.82676085301,0.336019938775,0.000100805981632,0.0088180647566,0.00784188331257,0.00154234148758,1.21960449087,3.52408614,0.901975885642,0.000270592765693,-0.0136443840312,-0.0151431290048,0.00154234148758,1.72160256846,2.97349115418,2.64385431751,0.000793156295252,-0.0144214459649,-0.0158762493762,0.00154234148758,1.68862718876,2.95163380571,2.49738244315,0.000749214732946,0,1,3,0,2
1957-11,0.0434037831992,0.0425869359521,0.00154234148758,1.36217963989,3.57436820411,0.370861895999,0.0001112585688,-0.0445112551182,-0.0453268118386,0.00154234148758,1.47043239188,3.84548343349,0.366560140445,0.000109968042134,-0.0438514842812,-0.0448732914918,0.00154234148758,1.41706853828,3.73011076486,1.05406177445,0.000316218532336,-0.0470372010885,-0.0477461806379,0.00154234148758,1.21957953338,3.51811901048,0.0113029035684,3.39087107053e-06,-0.0278215811682,-0.0286295585393,0.00154234148758,1.70615938654,3.08543541713,0.341295642813,0.000102388692844,-0.0260977675451,-0.0269097112672,0.00154234148758,1.67090596353,3.06383618787,0.35451681275,0.000106355043825,0,1,3,0,2
1957-12,-0.0847963512359,-0.0870813991375,0.00154234148758,1.34587216786,2.59256560088,5.26486407749,0.00157945922325,0.0863244640554,0.0844418722876,0.00154234148758,1.41501291025,3.64002532781,3.92334363163,0.00117700308949,-0.077527755579,-0.0783010003716,0.00154234148758,1.36770946649,3.53305983563,0.225520380966,6.76561142899e-05,-0.0717135187472,-0.0724907818261,0.00154234148758,1.15445628544,3.27941221122,0.238914668572,7.16744005717e-05,-0.0435335400115,-0.0444935381866,0.00154234148758,1.68842519959,2.24281406996,0.84803165563,0.000254409496689,-0.116313994555,-0.117783946992,0.00154234148758,1.648188037,3.90892208855,2.5478791962,0.00076436375886,0,1,3,0,2
1958-01,0.017326388981,0.0157308644946,0.00199096713746,1.21423932751,2.05801286448,2.96645269349,0.000889935808048,0.0177038472514,0.0165815444175,0.00199096713746,1.28614917238,3.0507283143,1.38904718544,0.000416714155633,-0.00879250230459,-0.00966594281031,0.00199096713746,1.25187782273,2.9927208072,0.559506091281,0.000167851827384,0.000608088072937,-0.000246948745454,0.00199096713746,1.05156465204,2.78165540799,0.498160466846,0.000149448140054,0.025424975899,0.0240578397396,0.00199096713746,1.66667487621,2.15406255584,2.20515827026,0.000661547481077,0.0115204878943,0.010175280857,0.00199096713746,1.36533947324,1.77686089215,2.1320611964,0.000639618358919,0,1,3,0,2
1958-02,0.00730762158225,0.00618800834354,0.00199096713746,1.21767664116,1.72640440094,1.38008186791,0.000414024560372,0.00737468729706,0.00640627497691,0.00199096713746,1.28962642806,2.18062351671,0.876078806058,0.000262823641817,0.00246444013955,0.000982142541061,0.00199096713746,1.25921263106,3.00593747502,2.58902973384,0.000776708920152,0.000328304551611,-0.00109296101884,0.00199096713746,1.05089012673,2.77261410969,2.38558964039,0.000715676892117,0.00895610607623,0.00745279551834,0.00199096713746,1.66825047922,3.20552362629,2.65907293186,0.000797721879557,0.00238664282417,0.000933132033179,0.00199096713746,1.37178816873,2.99657339866,2.49307370885,0.000747922112656,0,1,3,0,2
1958-03,-0.000796812192237,-0.00169076179177,0.00199096713746,1.22516206597,2.0632788199,0.627869737336,0.000188360921201,0.0121713991057,0.0112460161583,0.00199096713746,1.29677171299,2.19174848026,0.732647563728,0.000219794269119,0.00403296381346,0.00309235900313,0.00199096713746,1.27042773781,3.02853828771,0.783387106638,0.000235016131991,-0.00276903420672,-0.00388738431353,0.00199096713746,1.05371758901,2.49953695208,1.37587142826,0.000412761428478,0.00906558217296,0.00807537805785,0.00199096713746,1.6991889018,2.83199773868,0.948718122598,0.000284615436779,0.00324075899437,0.00210404355423,0.00199096713746,1.39129116444,2.52494911068,1.43708920599,0.000431126761797,1,1,3,0,3
1958-04,0.0348032014658,0.0333311207474,0.00199096713746,1.22555189754,2.89440791594,2.55497346688,0.000766492040065,-0.00950708385235,-0.0107137233585,0.00199096713746,1.29557995266,3.04990420876,1.67016942607,0.000501050827821,0.00714523217956,0.00643416542653,0.00199096713746,1.27375398652,3.02426987329,0.0182602489736,5.47807469209e-06,0.00597586580775,0.00526725028049,0.00199096713746,1.05215826287,2.48944745567,0.0100894964143,3.02684892429e-06,0.0168012598204,0.0157754720398,0.00199096713746,1.69929135853,3.24025596904,1.06733034082,0.000320199102247,0.0194667473115,0.0185052307027,0.00199096713746,1.39130419128,3.03662236718,0.853093101346,0.000255927930404,1,1,3,0,3
1958-05,-0.00362171486829,-0.00485935653163,0.00199096713746,1.21757567717,2.2932572069,1.77350995002,0.000532052985005,-0.00349929929932,-0.00487133060842,0.00199096713746,1.29827225844,2.44750866094,2.22147543588,0.000666442630763,-0.0198150492617,-0.0208575172987,0.00199096713746,1.28497870342,2.44311928469,1.12293119559,0.000336879358676,-0.00838129708576,-0.00927537445046,0.00199096713746,1.06252798221,2.18249128767,0.628295621219,0.000188488686366,-0.00101347802398,-0.00222443274789,0.00199096713746,1.75181858691,2.63399463505,1.68455348526,0.000505366045578,-0.0110408593645,-0.0120733506135,0.00199096713746,1.41896603305,2.13352509575,1.0896752357,0.000326902570711,1,1,2,0,3
1958-06,-0.0514915452884,-0.0524090896958,0.00199096713746,1.21756744558,2.29771726081,0.706519096894,0.000211955729068,-0.0350343009063,-0.0357422360896,0.00199096713746,1.29721355298,2.44893098505,0.00782168318843,2.34650495653e-06,-0.0352017837577,-0.0362546098646,0.00199096713746,1.27757510079,2.43145921314,1.15745809499,0.000347237428497,0.00873060362632,0.00802143200482,0.00199096713746,1.05947555317,2.17284694424,0.0119431438698,3.58294316093e-06,-0.0251740772355,-0.0260267091096,0.00199096713746,1.75176269447,2.62983802973,0.490143986018,0.000147043195805,-0.0199474142305,-0.0206873659557,0.00199096713746,1.41471655742,2.1238466921,0.114543489634,3.43630468901e-05,1,1,2,0,3
1958-07,0.0548827400175,0.0528188069482,0.00199096713746,1.19963059379,2.23009737587,4.52781463668,0.001358344391,-0.0261491929419,-0.02691035905,0.00199096713746,1.29445641167,2.40215176998,0.185258099179,5.55774297538e-05,-0.0266229419852,-0.027384681132,0.00199096713746,1.2659437988,2.3720608993,0.187168228242,5.61504684725e-05,-0.0282152833198,-0.0289445986496,0.00199096713746,1.07767598767,2.17770443,0.079088838286,2.37266514858e-05,0.00269424947899,0.00127941682003,0.00199096713746,1.8656279393,1.25665050678,2.36414660206,0.000709243980618,0.00254461844346,0.00126462455577,0.00199096713746,1.46869512302,0.989284321792,1.91468403119,0.000574405209357,1,1,2,0,3
1958-08,0.0756287967821,0.0747694868242,0.00199096713746,1.18630309139,2.17395543599,0.512404264987,0.000153721279496,0.0148473561383,0.0138165038271,0.00199096713746,1.30935567914,2.40604309906,1.08421210957,0.000325263632871,0.0128564066886,0.0118359244491,0.00199096713746,1.28860595591,2.39518764549,1.0496452039,0.000314893561169,-0.0370858222154,-0.0378794225327,0.00199096713746,1.10849358074,2.23441584921,0.293372129682,8.80116389046e-05,0.0216652639984,0.0207658712949,0.00199096713746,1.88431030624,1.73860616475,0.646013417005,0.000193804025101,0.0174358312095,0.0165778345364,0.00199096713746,1.47923540827,1.36485365039,0.508026649329,0.000152407994799,1,1,2,0,3
1958-09,0.028919604411,0.0280327318716,0.00199096713746,1.11726257132,1.95014463989,0.604279536755,0.000181283861027,-0.00219333957264,-0.00363815246919,0.00199096713746,1.36086718496,2.38774079803,2.46408072735,0.000739224218206,-0.00141405125437,-0.0028799177783,0.00199096713746,1.35017960579,2.40129536662,2.53425948533,0.0007602778456,-0.0528348578407,-0.0535838088597,0.00199096713746,1.08383202077,2.10187152082,0.144541135542,4.33623406627e-05,-0.00267783332061,-0.00386327707007,0.00199096713746,1.91787508717,1.58188514915,1.59951690375,0.000479855071124,-0.00165193709218,-0.00273286760242,0.00199096713746,1.49645188945,1.23429051046,1.25113943969,0.000375341831908,1,1,2,0,3
1958-10,0.00503842649703,0.00419854662223,0.00199096713746,1.10316953337,1.88893045629,0.447637321554,0.000134291196466,0.00744408933626,0.00671277842814,0.00199096713746,1.36221599176,2.36688480333,0.0857407659697,2.57222297909e-05,0.0071627663886,0.00642829246099,0.00199096713746,1.35214146831,2.37519106435,0.096284164219,2.88852492657e-05,0.00752963075436,0.00651288641903,0.00199096713746,1.04692838001,2.00616963796,1.03718552331,0.000311155656994,0.0185363182365,0.0176033111656,0.00199096713746,1.96316599245,2.33994645767,0.758061308522,0.000227418392557,0.0148043626473,0.0139230282137,0.00199096713746,1.52035590916,1.81215008702,0.585819183927,0.000175745755178,1,1,2,0,3
1958-11,0.023116147798,0.0220393181271,0.00199096713746,1.1029969889,1.90615569063,1.23746997517,0.000371240992552,0.0286754505719,0.0278148317955,0.00199096713746,1.39544749014,2.44187531626,0.51676699359,0.000155030098077,-0.00288629020992,-0.00361424940348,0.00199096713746,1.38313017215,2.44517084188,0.0745683840667,2.237051522e-05,0.0339895574263,0.033185930922,0.00199096713746,1.08123524035,2.09285912333,0.326792753386,9.80378260159e-05,0.0438445801096,0.0428736151985,0.00199096713746,2.02232180381,2.08530281696,0.884587442462,0.000265376232738,0.0256150806733,0.024744584698,0.00199096713746,1.54611946611,1.47607176961,0.549690989922,0.000164907296976,1,1,2,0,3
1958-12,0.0140868998413,0.0133571591388,0.00199096713746,1.09583331886,1.90665843425,0.0805067472233,2.4152024167e-05,0.0189124048243,0.0178847286549,0.00199096713746,1.42470367677,2.51264223411,1.07362497045,0.000322087491135,0.0171101278484,0.0162415204261,0.00199096713746,1.43821118026,2.55822272471,0.543395813368,0.000163018744011,0.00335150093901,0.00255319285867,0.00199096713746,1.10052516555,2.1539476479,0.309064673323,9.27194019968e-05,0.0255732078835,0.0246636485876,0.00199096713746,2.16466350088,2.11649113678,0.679902058531,0.000203970617559,0.0191265083225,0.0183871156702,0.00199096713746,1.62491244112,1.58875168277,0.112679913165,3.38039739496e-05,1,1,2,0,3
1959-01,0.0128175103711,0.0114789703983,0.00210415082307,1.09327928053,1.49203436223,2.10983764808,0.000632951294424,0.0447716324283,0.0440588849081,0.00210415082307,1.4343112281,2.52604649913,0.0238628060651,7.15884181954e-06,0.0440894878507,0.0433728910721,0.00210415082307,1.42564731067,2.53338204568,0.0366936675101,1.1008100253e-05,0.0119885262826,0.0112029589928,0.00210415082307,1.10078077898,2.15331776797,0.266595371716,7.99786115149e-05,0.0399397481693,0.0386534155778,0.00210415082307,2.14827909646,2.08000401144,1.93581304377,0.000580743913132,0.0305359048397,0.0293944044084,0.00210415082307,1.61433536441,1.84679802484,1.45303917653,0.000435911752959,1,1,2,0,3
1959-02,0.00424014463524,0.00279128676822,0.00210415082307,1.0913559152,1.89148300798,2.47756396228,0.000743269188684,-0.00187167783436,-0.0026040148402,0.00210415082307,1.39039444667,2.43688540743,0.0891610916982,2.67483275094e-05,-0.0175395045905,-0.0182776079386,0.00210415082307,1.37309984523,2.42499981326,0.108382232412,3.25146697237e-05,-0.01347065359,-0.0148945882484,0.00210415082307,1.10564307404,2.15356422677,2.39448660018,0.000718345980054,-0.0136591965205,-0.0153973664556,0.00210415082307,2.11002697286,3.5711962212,3.4419375226,0.00103258125678,-0.0143349599294,-0.0158200919378,0.00210415082307,1.60037072724,2.7086089264,2.59847776685,0.000779543330055,1,1,2,0,3
1959-03,0.0214922588056,0.0206625673863,0.00210415082307,1.09132431943,1.48210149203,0.413675803403,0.000124102741021,0.0224622103911,0.0217536749265,0.00210415082307,1.39403601761,2.44472467299,0.00982262103966,2.9467863119e-06,0.0214568494947,0.020456602774,0.00210415082307,1.37218079516,2.42331267214,0.982193474714,0.000294658042414,0.0203181257336,0.0195316002537,0.00210415082307,1.10328498415,2.1479178281,0.269789338223,8.09368014669e-05,0.0383315806034,0.0375149853015,0.00210415082307,2.10034262121,3.36879196345,0.370022078477,0.000111006623543,0.0296412441157,0.0288530530386,0.00210415082307,1.59650659894,2.56067678948,0.275341329204,8.26023987611e-05,1,1,2,0,3
1959-04,-0.00251469512753,-0.00414247997073,0.00210415082307,1.11704802647,1.9644396696,3.07398721618,0.000922196164855,0.03430211655,0.0334359562175,0.00210415082307,1.38501176792,2.4670536702,0.535238847248,0.000160571654175,0.00558680872536,0.00484708014625,0.00210415082307,1.35853925851,2.43269155288,0.113799669226,3.41399007679e-05,0.0321132156256,0.0313720026062,0.00210415082307,1.14420104401,2.26666563156,0.118747803462,3.56243410386e-05,0.029485884501,0.0280209324964,0.00210415082307,2.06029108675,1.52479851885,2.53121108752,0.000759363326256,0.0148098851099,0.0135653073952,0.00210415082307,1.5763681464,1.04092997726,1.796630121,0.000538989036299,1,1,2,0,3
1959-05,0.0146523553282,0.0131158450575,0.00210415082307,1.11625136772,1.99834187857,2.76973864102,0.000830921592305,0.019745737038,0.0190286338614,0.00210415082307,1.36346297258,2.46901107935,0.038381661184,1.15144983552e-05,0.0233999594008,0.0226761672735,0.00210415082307,1.35766727028,2.46250211636,0.0606781631642,1.82034489493e-05,0.0381017524377,0.0373865854843,0.00210415082307,1.13998107707,2.29360867863,0.0319275837568,9.57827512704e-06,0.0506453034884,0.0492779406012,0.00210415082307,2.03721741502,3.73071254837,2.20591402952,0.000661774208857,0.0408678142721,0.0396492294721,0.00210415082307,1.5738763834,2.75091704957,1.70998707231,0.000512996121692,1,1,2,0,3
1959-06,0.0161864300779,0.01521555379,0.00210415082307,1.12569940078,2.03062765766,0.884292032103,0.000265287609631,-0.004847984006,-0.00557126214299,0.00210415082307,1.35888149646,2.47439549198,0.0589648622023,1.76894586607e-05,-0.00505261184169,-0.00590943045976,0.00210415082307,1.3513041289,2.46222714627,0.504099799105,0.000151229939731,0.00832402243665,0.00752371933056,0.00210415082307,1.12314636346,2.2737281351,0.315714759164,9.47144277492e-05,0.00977363789585,0.00889001774474,0.00210415082307,1.98761238057,3.49616915987,0.59343824257,0.000178031472771,0.00804602698924,0.00724363735347,0.00210415082307,1.53988741615,2.70863018697,0.322669858112,9.68009574335e-05,1,1,2,0,3
1959-07,0.0351935975105,0.0343505388648,0.00210415082307,1.13807141191,2.08951727609,0.458233224493,0.000137469967348,0.0325815823266,0.0315654567285,0.00210415082307,1.37843964401,2.55035630931,1.03512306606,0.000310536919817,0.0344614682357,0.0337366291032,0.00210415082307,1.36463719466,2.52639532689,0.0641681806231,1.92504541869e-05,0.0378006956811,0.0370867169589,0.00210415082307,1.12234833217,2.30105804813,0.027966812861,8.3900438583e-06,0.0623425717423,0.0614326583648,0.00210415082307,2.03948717706,4.00853878337,0.681082330392,0.000204324699118,0.0493588501392,0.0485975284766,0.00210415082307,1.55850825336,2.76369792804,0.18577661409,5.57329842271e-05,1,1,2,0,3
1959-08,-0.00445962655907,-0.00544847703838,0.00210415082307,1.14110515147,1.54596752596,0.944206003225,0.000283261800967,-0.00775022376958,-0.00846625283665,0.00210415082307,1.39106256081,2.5851576051,0.0348012957874,1.04403887362e-05,-0.00780837698599,-0.00884303538589,0.00210415082307,1.37885244963,2.56393968271,1.09689907189,0.000329069721568,-5.25465498317e-05,-0.000761835196359,0.00210415082307,1.11192814957,2.28872482083,0.0123332272997,3.69996818992e-06,-0.00510934518796,-0.00601573173868,0.00210415082307,1.94982425033,3.50452842476,0.669326241284,0.000200797872385,-0.00348745104757,-0.00441714842118,0.00210415082307,1.51142260408,2.71656457086,0.747028984248,0.000224108695274,1,1,2,0,3
1959-09,0.0153277221206,0.0140424174623,0.00210415082307,1.16060476626,2.17623151664,1.93238660011,0.000579715980033,0.00566155884288,0.00479731698498,0.00210415082307,1.38961551156,2.60157134258,0.528843931873,0.000158653179562,-0.0226007173109,-0.0233237852507,0.00210415082307,1.37856496785,2.57436828222,0.0582642048528,1.74792614559e-05,0.00883535064165,0.00808502778714,0.00210415082307,1.16947635048,2.43783874143,0.149113920597,4.4734176179e-05,0.0170773088572,0.0160452049291,0.00210415082307,1.94507012089,3.67912412099,1.08838416578,0.000326515249735,0.00582539813463,0.0049037139994,0.00210415082307,1.51048556872,2.72908248815,0.720318189631,0.000216095456889,1,1,2,0,3
1959-10,0.00517875171939,0.00412552876286,0.00210415082307,1.15970782317,2.15125592315,1.15878092733,0.0003476342782,-0.00948503832336,-0.0102025253446,0.00210415082307,1.40063443683,2.59346440876,0.0396611430411,1.18983429123e-05,-0.0318155275035,-0.0325390916882,0.00210415082307,1.37050846258,2.52904730794,0.0599183544446,1.79755063334e-05,-0.000529668409781,-0.00145099986156,0.00210415082307,1.16901204999,2.40568505283,0.71914257814,0.000215742773442,-0.0114371741427,-0.0124780518938,0.00210415082307,1.94750641971,2.9429884553,1.11763024271,0.000335289072813,-0.01432997457,-0.015296295993,0.00210415082307,1.51066940168,2.15589646386,0.869109148637,0.000260732744591,1,1,2,0,3
1959-11,-0.00121088931991,-0.00196865716346,0.00210415082307,1.18388972077,2.21828713796,0.173930550712,5.21791652137e-05,0.0172242185462,0.0161138639979,0.00210415082307,1.51880283393,2.83585997063,1.34921956667,0.000404765870001,-0.000710892767941,-0.00161958624524,0.00210415082307,1.42899230552,2.66871544164,0.677015996545,0.000203104798964,0.0126321748073,0.0118852814628,0.00210415082307,1.22013209985,2.54336727305,0.137682220229,4.13046660688e-05,0.00978808799803,0.0089304218737,0.00210415082307,1.9932425406,3.44991327526,0.506924819955,0.000152077445987,0.00390857978964,0.00314050775144,0.00210415082307,1.52431745172,2.34109749161,0.208277866197,6.2483359859e-05,1,1,2,0,3
1959-12,0.0199389262536,0.0183503712291,0.00210415082307,1.20744356003,2.29412233219,2.94322115384,0.000882966346152,-0.00585970675404,-0.00703552468016,0.00210415082307,1.55428861357,2.93797229622,1.56743082594,0.000470229247781,0.0452133101398,0.0444754896442,0.00210415082307,1.461118407,2.77615483258,0.107439390938,3.22318172815e-05,0.0471383191081,0.0464090239817,0.00210415082307,1.24295349955,2.62238876639,0.0790214933314,2.37064479994e-05,0.0329359710292,0.0317760237439,0.00210415082307,2.11986504174,2.16002377475,1.5145286897,0.00045435860691,0.0458732633124,0.0446603955277,0.00210415082307,1.57471988845,1.85325339422,1.69093035453,0.000507279106358,1,1,2,0,3
1960-01,-0.0230141181925,-0.0243838857512,0.00235619312917,1.2138479814,2.83780997295,2.21392960119,0.000664178880356,0.0352710845021,0.033730296112,0.00235619312917,1.55225008263,3.60420704929,2.78399903898,0.000835199711693,-0.0235113032874,-0.0249782259634,0.00235619312917,1.40665237626,3.29173053809,2.5377799922,0.000761333997661,-0.0173335657336,-0.0184861629184,0.00235619312917,1.20649603101,2.93530583872,1.49002835488,0.000447008506464,-0.00905489352824,-0.0102250881834,0.00235619312917,2.09765353516,1.7011396394,1.54868658955,0.000464605976864,-0.0240181856298,-0.0250413270437,0.00235619312917,1.52960298057,2.04452712916,1.05850911844,0.000317552735531,1,1,0,0,2
1960-02,-0.0254692740386,-0.0273941912445,0.00235619312917,1.20987594865,2.30425803087,4.06442842538,0.00121932852761,0.0125692515712,0.0098986096075,0.00235619312917,1.55370707192,2.94597056845,6.55017761774,0.00196505328532,-0.0297432649922,-0.0312127519741,0.00235619312917,1.4067449222,2.67647500286,2.5463276786,0.000763898303579,-0.0254341002444,-0.0268204830394,0.00235619312917,1.20786843249,2.31554440223,2.26931372243,0.000680794116728,-0.026775354138,-0.0281173287179,0.00235619312917,2.17566458283,2.96717365651,2.12128633859,0.000636385901578,-0.0231466510351,-0.0244745978028,0.00235619312917,1.53467201524,2.85683811787,2.07452696454,0.000622358089362,1,1,2,0,3
1960-03,-0.0190791526979,-0.0207733008533,0.00235619312917,1.23443867258,2.86725391917,3.29519825681,0.000988559477042,-0.0652023388363,-0.0674425149689,0.00235619312917,1.55283769368,3.60012041131,5.11529151394,0.00153458745418,-0.0222581019456,-0.0240963151077,0.00235619312917,1.40715590853,3.27180372376,3.77541494594,0.00113262448378,-0.0519434791035,-0.053313453985,0.00235619312917,1.22646327324,2.88061279359,2.21462067729,0.000664386203187,-0.0937477899881,-0.0960501599146,0.00235619312917,2.25872565519,4.77367754844,5.32260416066,0.0015967812482,-0.0419192537269,-0.043690189216,0.00235619312917,1.57454471245,2.88335977178,3.55115603575,0.00106534681073,1,1,0,0,2
1960-04,-0.010011458873,-0.0119427073213,0.00235619312917,1.25476277844,2.29934922787,4.08553256666,0.00122565977,-0.0109294142608,-0.0136860069738,0.00235619312917,1.44116798388,3.23655970423,6.83668011554,0.00205100403466,-0.0109311701413,-0.0128832913833,0.00235619312917,1.44747268806,3.26036136349,4.15510854557,0.00124653256367,0.0132127218669,0.012463041599,0.00235619312917,1.20091028154,2.73364082858,0.14697196501,4.4091589503e-05,-0.0029162551507,-0.005524497643,0.00235619312917,1.938716674,1.56850183144,6.34217937988,0.00190265381396,-0.0022139763995,-0.0038830870815,0.00235619312917,1.52407401547,1.16026950522,3.21174001221,0.000963522003663,1,1,0,0,2
1960-05,-0.00390230047343,-0.00481273594939,0.00235619312917,1.25809498561,2.31564509649,0.68282265875,0.000204846797625,0.00432203946679,0.00360701656226,0.00235619312917,1.45204593119,3.26800712488,0.0314474206443,9.43422619328e-06,0.00419797946718,0.00348609595873,0.00235619312917,1.45381683264,3.27944707371,0.0209827670286,6.29483010859e-06,0.00128618381348,0.000572197294374,0.00235619312917,1.19771024666,2.72810325439,0.0279928025497,8.39784076492e-06,0.0012838892974,0.000575342932241,0.00235619312917,1.94938744884,1.57751158696,0.00985895607768,2.9576868233e-06,0.00275232853977,0.00204337282328,0.00235619312917,1.52812363183,1.16370954736,0.0112234605155,3.36703815464e-06,1,1,0,0,2
1960-06,0.0335753076901,0.0315840167423,0.00235619312917,1.25655600016,1.970029135,4.2856742315,0.00128570226945,-0.0421881619263,-0.0436376920805,0.00235619312917,1.49704377358,2.74705267282,2.47980491936,0.000743941475808,-0.0226036910937,-0.0233305260693,0.00235619312917,1.4798958125,3.35026806462,0.0708209909033,2.1246297271e-05,0.0803412000401,0.0785970147722,0.00235619312917,1.19800068859,2.74006415638,3.46198863186,0.00103859658956,0.0437655189961,0.0427858875037,0.00235619312917,1.95888655493,1.5892450688,0.913476046928,0.000274042814078,0.0355790312941,0.0346164715491,0.00235619312917,1.53202629694,1.16976991936,0.856570222212,0.000256971066663,1,1,0,0,2
1960-07,0.00493941066653,0.0038023507776,0.00235619312917,1.25451682249,2.26073710018,1.43823736864,0.000431471210591,0.0518918082581,0.050805571089,0.00235619312917,1.47007755943,2.68215647199,1.26882830274,0.000380648490823,0.0844626426118,0.0837171567469,0.00235619312917,1.51676694024,3.41425907691,0.132990621887,3.98971865661e-05,0.0624307368491,0.0611195175698,0.00235619312917,1.10372001677,2.50606588685,2.01876866987,0.00060563060096,0.0636557941779,0.062403157575,0.00235619312917,1.92360844165,2.42351254193,1.82349308189,0.000547047924567,0.0539866929404,0.0527737345269,0.00235619312917,1.5401833388,1.99837177549,1.69123245034,0.000507369735103,1,1,0,0,2
1960-08,0.0058714499578,0.00412193133639,0.00235619312917,1.2641292968,2.24250707768,3.47976647688,0.00104392994306,0.00690107317268,0.00580220762272,0.00235619312917,1.45557323837,2.60756951708,1.3109229054,0.000393276871621,0.021816572092,0.0210087605024,0.00235619312917,1.40199900168,3.07351603929,0.340743037621,0.000102222911286,0.0144467003288,0.0131812407697,0.00235619312917,1.06016241937,2.3431685598,1.86623626944,0.000559870880831,0.0291229907705,0.0270091003807,0.00235619312917,1.89675756167,4.46009102544,4.69433903852,0.00140830171156,0.0212718279794,0.0196455644574,0.00235619312917,1.51780143808,2.56043099483,3.06891614559,0.000920674843678,1,1,0,0,2
1960-09,0.014535996289,0.0133945389349,0.00235619312917,1.27546062006,1.96440816306,1.45289558578,0.000435868675734,-0.0490368595479,-0.0497670733606,0.00235619312917,1.46410516805,2.64714033019,0.0820837811118,2.46251343335e-05,0.0062988285554,0.00485695526142,0.00235619312917,1.39781039752,2.50290807204,2.45428205214,0.000736284615643,0.0426369833676,0.0413942688263,0.00235619312917,1.05779214925,2.37034524407,1.790419543,0.000537125862901,0.0243221455321,0.0230747165092,0.00235619312917,1.88379416164,3.56061572851,1.80613448189,0.000541840344567,0.0594451866099,0.0582181164467,0.00235619312917,1.51118469361,3.39680222508,1.7382716161,0.00052148148483,1,1,0,0,2
1960-10,0.0146967730557,0.0136839622571,0.00235619312917,1.27751205569,1.956773809,1.02407373417,0.000307222120252,0.00732817882872,0.00637222784641,0.00235619312917,1.39667728807,2.51651142731,0.834541013245,0.000250362303974,-0.0547204428372,-0.0557960370772,0.00235619312917,1.39577771105,2.48138279737,1.23335187214,0.000370005561643,0.0147347582082,0.0140101283501,0.00235619312917,1.03147415968,2.30687464481,0.0634705992669,1.90411797801e-05,-0.00657433498331,-0.00729040539432,0.00235619312917,1.87660509225,3.5256766196,0.0349391089079,1.04817326724e-05,-0.00102637829453,-0.00201874706122,0.00235619312917,1.44136403928,2.44086859725,0.955933627835,0.000286780088351,1,1,0,0,2
1960-11,0.0173845946927,0.0165609596869,0.00235619312917,1.27896565725,2.30607572776,0.393487758344,0.000118046327503,0.0172955882416,0.0158635991561,0.00235619312917,1.39706463104,2.56369691322,2.42133469044,0.000726400407132,-0.0597039193326,-0.0608105998451,0.00235619312917,1.35405471395,2.45024231391,1.33697278059,0.000401091834176,-0.0301728771778,-0.0308999184988,0.00235619312917,1.02987130522,2.35522861213,0.071508808862,2.14526426586e-05,-0.0509148317706,-0.0519334989785,0.00235619312917,1.88646309176,4.51229620805,1.04359509843,0.000313078529529,-0.0431155214404,-0.0440948506856,0.00235619312917,1.44758951645,3.31839749412,0.912468556011,0.000273740566803,1,1,0,0,2
1960-12,-0.0271260288574,-0.0283855523742,0.00235619312917,1.30142408933,2.4066477992,1.84644946159,0.000553934838476,-0.0111565996724,-0.0119339505887,0.00235619312917,1.45022041661,2.74305656988,0.239207459668,7.17622379003e-05,-0.0176001320698,-0.0185325460114,0.00235619312917,1.31554652715,2.43394778198,0.75608421101,0.000226825263303,0.00193639093936,0.00119567257813,0.00235619312917,1.04173825262,2.45021364189,0.11709894299,3.51296828971e-05,-0.00856325766326,-0.0098990471768,0.00235619312917,1.82295742511,2.41162675737,2.10066945067,0.000630200835202,-0.00957149253771,-0.0106940755068,0.00235619312917,1.40850779748,1.92841652494,1.38998096918,0.000416994290755,1,1,0,0,2
1961-01,0.0104501845496,0.00915145484443,0.00242699636417,1.48766628832,3.10120373375,1.97713675624,0.000593141026872,-0.0447102578576,-0.0463633499046,0.00242699636417,1.6532030071,3.54051154923,3.15834456212,0.000947503368637,-0.0502151222167,-0.0510899669317,0.00242699636417,1.43842024239,2.99813457076,0.564186788786,0.000169256036636,-0.0294893863887,-0.0303998932603,0.00242699636417,1.13911369845,3.11277585132,0.683060644146,0.000204918193244,-0.0155834030769,-0.017279533526,0.00242699636417,1.91649641454,1.80754541081,3.30180590257,0.00099054177077,-0.0122194765406,-0.0133377864514,0.00242699636417,1.77303542613,1.67693759963,1.37573744164,0.000412721232491,1,1,0,0,2
1961-02,0.0382747753998,0.0364060323652,0.00242699636417,1.49019206956,2.85486865633,3.87718118779,0.00116315435634,0.0101582269441,0.00890698041475,0.00242699636417,1.60077100115,3.16280328026,1.81885950331,0.000545657850994,-0.00861848636191,-0.00964035410323,0.00242699636417,1.38798068358,2.63815278247,1.05426354328,0.000316279062983,-0.00979883453266,-0.0105238731088,0.00242699636417,1.11532371188,3.08598273228,0.0648329926512,1.94498977954e-05,0.0232025867521,0.0214110761492,0.00242699636417,1.90793274447,1.81219433764,3.61973974846,0.00108592192454,0.0120633617207,0.0105944197678,0.00242699636417,1.7602167472,4.20464895085,2.54451091503,0.000763353274508,1,1,0,0,2
1961-03,0.0231513638902,0.0221778451361,0.00242699636417,1.47245951188,3.66719371345,0.893100252552,0.000267930075766,0.0252536876303,0.0230342870503,0.00242699636417,1.60036512439,4.0451078392,5.04603967209,0.00151381190163,0.0202617102695,0.0189474037622,0.00242699636417,1.38842852231,3.47701406053,2.02905942988,0.000608717828963,-0.00707107924891,-0.00834661821328,0.00242699636417,1.11120051476,2.81505286076,1.89983428676,0.000569950286029,0.0205953768804,0.0192402248606,0.00242699636417,1.90175737585,3.76424648187,2.16521113816,0.000649563341448,0.0192506455848,0.0175670794455,0.00242699636417,1.76099894899,3.48563606616,3.25992486981,0.000977977460944,1,1,3,0,3
1961-04,0.00266752452191,0.00169672385543,0.00242699636417,1.4736929711,2.81759664447,0.884039960454,0.000265211988136,0.00246409140175,0.00174895659811,0.00242699636417,1.59068452999,4.03462571521,0.031820417682,9.5461253046e-06,0.0105101033759,0.00979603764198,0.00242699636417,1.3767095019,3.45742828235,0.0282568519336,8.47705558009e-06,0.0110990157523,0.00996250319571,0.00242699636417,1.10942948964,2.81360148983,1.43641292734,0.000430923878201,0.0113583330088,0.010322919128,0.00242699636417,1.89790018092,4.29788395864,1.09941734166,0.000329825202497,0.0135484030245,0.0125375963459,0.00242699636417,1.7588382963,3.85811761521,1.01739333427,0.000305218000282,1,1,3,0,3
1961-05,0.03083190733,0.0298301301177,0.00242699636417,1.49455336905,2.67477739176,0.987295113139,0.000296188533942,0.0246091328304,0.0238852756412,0.00242699636417,1.59658568333,4.09513839754,0.0608950362289,1.82685108687e-05,0.000570799559885,-0.000151591605297,0.00242699636417,1.37523203694,3.49843026981,0.0560082894833,1.6802486845e-05,0.0184691729994,0.0176843319647,0.00242699636417,1.10888146099,2.84102454937,0.264174521186,7.92523563558e-05,0.0340854615891,0.0332378257549,0.00242699636417,1.90061509678,4.13302571289,0.473490519539,0.000142047155862,0.0255023648217,0.0246593103513,0.00242699636417,1.76527970089,3.97446926127,0.458219307024,0.000137465792107,1,1,3,0,3
1961-06,0.0364670324756,0.0347147913398,0.00242699636417,1.49243122773,2.87179164958,3.48884152478,0.00104665245743,-0.00954029320772,-0.0108889554723,0.00242699636417,1.5864071377,3.15718820992,2.14357862091,0.000643073586274,-0.0334710234572,-0.0343129345032,0.00242699636417,1.38256852385,3.49966710711,0.454407892141,0.000136322367642,-0.00993292622523,-0.0106431244434,0.00242699636417,1.10992273131,2.83671341088,0.015365132823,4.60953984689e-06,0.00259503405492,0.00118322566211,0.00242699636417,1.88592831477,2.66665256435,2.3540657149,0.000706219714471,-0.00616192226491,-0.00734290974999,0.00242699636417,1.77453469237,2.41969970882,1.58466268914,0.000475398806742,1,1,3,0,3
1961-07,-0.0178233874652,-0.0197071718766,0.00242699636417,1.65312248311,3.11982235731,3.92731911034,0.0011781957331,-0.0171622616083,-0.0180661670409,0.00242699636417,1.6448407302,3.24828437061,0.661055847595,0.000198316754279,-0.0145581517143,-0.0155435031664,0.00242699636417,1.38942632515,3.54461163119,0.932542579168,0.00027976277375,-0.0148056946512,-0.0155334508177,0.00242699636417,1.10525606772,2.84559795843,0.0738916273772,2.21674882132e-05,-0.0209162728293,-0.0222250712263,0.00242699636417,1.93107494158,4.25111008928,2.01069906196,0.000603209718587,-0.0193969412268,-0.0206892920589,0.00242699636417,1.80538803966,4.24188512321,1.95587384586,0.000586762153757,1,1,3,0,3
1961-08,-0.0255137483022,-0.0278500065778,0.00242699636417,1.72856370485,3.36444771491,5.43556532442,0.00163066959732,0.0247451769069,0.0229053206759,0.00242699636417,1.67327204917,3.40429695546,3.78089184219,0.00113426755266,-0.00934200760472,-0.0100892461317,0.00242699636417,1.40288391766,3.6480511987,0.13883282879,4.16498486369e-05,0.00785641731398,0.00712286253208,0.00242699636417,1.11994659955,2.93397721675,0.0932203451895,2.79661035568e-05,0.00948099061452,0.00754440330354,0.00242699636417,1.90002097203,1.93297196912,4.10332877545,0.00123099863264,-0.00469131923522,-0.00608795200982,0.00242699636417,1.77984201981,2.07438912002,2.30348032087,0.000691044096261,1,1,3,0,3
1961-09,0.00188790824206,0.000471191181207,0.00242699636417,2.02562016726,4.12199441318,2.37042794171,0.000711128382513,-0.0320062607013,-0.0327931830805,0.00242699636417,1.66786246952,3.57178023419,0.271112336023,8.13337008068e-05,-0.0266016447594,-0.0285529673127,0.00242699636417,1.40859121384,2.83393576003,4.15244624978,0.00124573387493,0.0126802306943,0.0117817743054,0.00242699636417,1.15887069203,3.09273918815,0.642892368775,0.000192867710632,-0.00509262018784,-0.00601652475952,0.00242699636417,1.90446778915,1.69418446325,0.727719644462,0.000218315893339,-0.00458986885776,-0.0060388725659,0.00242699636417,1.77713766434,1.58091359546,2.47805009936,0.000743415029807,1,1,3,0,3
1961-10,-0.0540433303091,-0.0554823248423,0.00242699636417,2.07889917151,4.32009994476,2.44468618309,0.000733405854928,-0.0415740158333,-0.0427755597492,0.00242699636417,1.63135319811,3.47473932271,1.65318412536,0.000495955237607,0.0127065360215,0.0119677794761,0.00242699636417,1.39579028897,2.80499408366,0.110559556867,3.316786706e-05,-0.028964545954,-0.0306762081197,0.00242699636417,1.25200368693,3.35599563415,3.35357829142,0.00100607348742,-0.0452582775177,-0.0468597889855,0.00242699636417,1.90185426723,4.53440761008,2.98640929825,0.000895922789474,-0.0283874104453,-0.0298034551699,0.00242699636417,1.77506422082,3.81279632132,2.36818682068,0.000710456046203,1,1,3,0,3
1961-11,-0.0122169114022,-0.0148751763105,0.00242699636417,1.94635725845,4.05146128188,6.50892076664,0.00195267622999,0.0317105504612,0.0309666156546,0.00242699636417,1.57677070615,3.34691889505,0.127820427657,3.83461282972e-05,0.0280509818956,0.0268764385544,0.00242699636417,1.39257176405,2.86709227238,1.56318220963,0.000468954662888,0.0293373184659,0.0286058217189,0.00242699636417,1.22124542278,3.26963540514,0.0863602290116,2.59080687035e-05,0.0206328280744,0.0191785275382,0.00242699636417,1.81406485392,2.03870141717,2.49570619291,0.000748711857872,0.0198560904683,0.0183562984215,0.00242699636417,1.73666919222,1.95172181176,2.64734456163,0.00079420336849,1,1,3,0,3
1961-12,-0.0156706586724,-0.0165681309807,0.00242699636417,1.96576694067,4.08834543976,0.639612099979,0.000191883629994,-0.00577901198246,-0.00782429565772,0.00242699636417,1.57813725826,3.34841951422,4.46564998974,0.00133969499692,0.0256171144734,0.0247719634359,0.00242699636417,1.37023760346,2.84789100457,0.465207863858,0.000139562359157,-0.00473755813072,-0.00650980672515,0.00242699636417,1.23102515684,3.29661716382,3.55553305364,0.00106665991609,-0.0123237268158,-0.0141328106661,0.00242699636417,1.84144038592,3.70664567903,3.67831724008,0.00110349517202,0.00226733822901,0.000978826460966,0.00242699636417,1.7456471774,1.9621366125,1.94307696569,0.000582923089707,1,1,3,0,3
1962-01,-0.0412864812058,-0.0438744951826,0.0025407357754,1.9584608773,4.07900978859,6.2747509948,0.00188242529844,-0.0360713258766,-0.0367855849229,0.0025407357754,1.58502735686,3.34910899702,0.0289012265849,8.67036797548e-06,-0.0280669700379,-0.0287784077298,0.0025407357754,1.36065645779,2.83743058638,0.0194967119627,5.84901358882e-06,-0.0301043002259,-0.0308123542361,0.0025407357754,1.22772596835,3.28877700947,0.00821777311606,2.46533193482e-06,-0.0452893335553,-0.0466911780093,0.0025407357754,1.83663474002,2.74314210849,2.32085258552,0.000696255775656,-0.0417818034161,-0.0431485766147,0.0025407357754,1.75007444958,2.61385827624,2.2039484011,0.000661184520329,1,1,3,0,3
1962-02,-0.000529758280998,-0.00175890057348,0.0025407357754,1.89656213684,4.03105023283,1.74517871381,0.000523553614144,0.00353589677568,0.00122507203247,0.0025407357754,1.61013616985,3.50151550114,5.35078688293,0.00160523606488,0.00270002507142,0.00159128883777,0.0025407357754,1.39597393735,3.09477275462,1.34382518438,0.000403147555313,0.00373040031902,0.00158377357369,0.0025407357754,1.19891763549,3.15795068921,4.80346022331,0.00144103806699,0.00358435509731,0.0015013187779,0.0025407357754,1.78378691104,4.09457689514,4.59149213691,0.00137744764107,0.00326797085773,0.00172994208771,0.0025407357754,1.70438203696,3.86280034411,2.77480030561,0.000832440091683,1,1,18,0,3
1962-03,-0.0370890764574,-0.0388328084579,0.0025407357754,1.89579348129,4.75624343228,3.46047774054,0.00103814332216,-0.0184624529563,-0.0194763011282,0.0025407357754,1.61002826652,4.21196949128,1.02753164539,0.000308259493616,-0.0166930493243,-0.0176880510673,0.0025407357754,1.3992645826,3.64200329775,0.964710215365,0.00028941306461,-0.0137352646817,-0.0145278671828,0.0025407357754,1.20857248811,3.14599841484,0.290046075968,8.70138227905e-05,-0.0252390864974,-0.0264003978237,0.0025407357754,1.79120236118,3.77041370102,1.51907549337,0.000455722648011,-0.024479115522,-0.0256244704607,0.0025407357754,1.71658538553,3.61334776953,1.46588753464,0.000439766260392,1,1,19,0,3
1962-04,-0.00107900346256,-0.0042886092762,0.0025407357754,1.87743728892,4.24158511519,8.34672378435,0.00250401713531,0.0121012858708,0.0107331044475,0.0025407357754,1.61979156256,4.35908772243,2.20864248294,0.000662592744883,0.0365661608266,0.0344234603137,0.0025407357754,1.41251446017,3.7874833171,4.79037278197,0.00143711183459,-0.0321900426026,-0.0329407825181,0.0025407357754,1.20412739586,3.21993139592,0.150504124012,4.51512372036e-05,-0.0130849657582,-0.0144161096093,0.0025407357754,1.79080426343,2.0976222899,2.08518390894,0.000625555172683,-0.000645204802895,-0.00245004329139,0.0025407357754,1.71268893074,2.18720939804,3.66416603386,0.00109924981016,1,1,19,0,3
1962-05,-0.0464061799878,-0.0473906742059,0.0025407357754,1.87895104192,4.26580752818,0.929685132351,0.000278905539705,0.0440222161405,0.0417642357774,0.0025407357754,1.66400929541,4.47685470747,5.17463894929,0.00155239168479,-0.0308979578033,-0.0320440745742,0.0025407357754,1.37619939332,3.6956119168,1.46842697509,0.000440528092526,-0.0338636376792,-0.0346238091536,0.0025407357754,1.19083252715,3.17465630305,0.181942653328,5.45827959983e-05,-0.0176181151823,-0.0189701911551,0.0025407357754,1.79998057624,2.14329770129,2.15495764825,0.000646487294474,-0.0573611052503,-0.0583576316199,0.0025407357754,1.7165342039,2.71236597294,0.969792304071,0.000290937691221,1,1,19,0,3
1962-06,0.0790217269964,0.0776587456646,0.0025407357754,1.82317866009,3.74840895311,2.19130884485,0.000657392653455,0.059325947213,0.0583088221762,0.0025407357754,1.62526423615,3.70143004436,1.03845452816,0.000311536358448,0.0563173879444,0.0552668731797,0.0025407357754,1.37933173028,3.71517424774,1.14975362099,0.000344926086296,-0.0646857922935,-0.0663709120452,0.0025407357754,1.18840534041,3.11981402193,3.26510357778,0.000979531073333,0.0372090187328,0.0356727172793,0.0025407357754,1.85037233491,3.57127318027,2.76904258394,0.000830712775181,0.0354211955808,0.0338396474769,0.0025407357754,1.66725739443,3.46085664938,2.91986475182,0.000875959425546,1,1,19,0,3
1962-07,0.0186660809894,0.0164699277315,0.0025407357754,1.67429453274,3.50514790783,4.96854859864,0.00149056457959,-0.0191669736548,-0.0200438391814,0.0025407357754,1.53603131202,3.45870923759,0.570922827597,0.000171276848279,-0.00612646323356,-0.0069531812438,0.0025407357754,1.29971572793,3.49554019005,0.403764439674,0.000121129331902,0.00851812970655,0.00653002780216,0.0025407357754,1.10844356508,2.81933643782,4.27504408683,0.00128251322605,-0.00125691047869,-0.00314308583486,0.0025407357754,1.81236767137,2.39434164442,3.93528892612,0.00118058667783,0.00204216160622,0.000279166415083,0.0025407357754,1.63673745741,2.3750535203,3.524688376,0.0010574065128,1,1,19,0,3
1962-08,-0.00392163907129,-0.00471987385936,0.0025407357754,1.73966547642,3.66911611104,0.308820365773,9.26461097319e-05,0.00736678929568,0.00647276699486,0.0025407357754,1.56172704707,3.35405734885,0.628112074957,0.000188433622487,-0.00281013091687,-0.00358204144075,0.0025407357754,1.33146605537,3.58407223294,0.221072818475,6.63218455426e-05,-0.00415891699221,-0.0058020556341,0.0025407357754,1.13433278377,2.90120227079,3.1251665452,0.00093754996356,-0.0130830591582,-0.0143945090137,0.0025407357754,1.91611831577,2.67644247556,2.01953725717,0.000605861177151,-0.0142408959622,-0.015447541657,0.0025407357754,1.7150834024,2.52339013531,1.67019005478,0.000501057016434,1,1,19,0,3
1962-09,0.00390879337566,0.00277887522736,0.0025407357754,1.74114564024,3.65031461363,1.41443156652,0.000424329469955,0.00801626386582,0.00604500071845,0.0025407357754,1.56177632011,3.35177315381,4.21891489678,0.00126567446903,0.00144281160715,0.000526957209411,0.0025407357754,1.33154256263,3.01549138128,0.700885731338,0.000210265719402,0.0101079328731,0.0093738589862,0.0025407357754,1.13399020184,2.89322189882,0.0949506953069,2.84852085921e-05,0.00820628642534,0.00675363636542,0.0025407357754,1.91154498414,1.9904665875,2.49020460528,0.000747061381585,0.00616148797545,0.00520116078782,0.0025407357754,1.70955658286,1.79683578843,0.849128364286,0.000254738509286,1,1,19,0,3
1962-10,0.00361733528073,0.00146421564036,0.0025407357754,1.75450436441,3.74096483032,4.82510320677,0.00144753096203,0.00796970492029,0.0072387692246,0.0025407357754,1.56118236768,3.40296135927,0.0844900578594,2.53470173578e-05,0.0248150260914,0.0239901249585,0.0025407357754,1.33757812389,3.06890315152,0.397708181636,0.000119312454491,0.0256111395895,0.0249003551877,0.0025407357754,1.13360606674,2.90240651935,0.0173190782242,5.19572346725e-06,0.0172471684879,0.0160076385394,0.0025407357754,1.91960156682,1.943015649,1.77980423374,0.000533941270122,0.0229880356586,0.0217783292937,0.0025407357754,1.70978231118,3.29043855787,1.68039228844,0.000504117686531,1,1,19,0,3
1962-11,-0.0495690002003,-0.0507236853625,0.0025407357754,1.75549209152,3.56605748087,1.49698827959,0.000449096483878,0.030579545606,0.0295101136846,0.0025407357754,1.56235833475,3.36563094736,1.21281081025,0.000363843243076,-0.024792505179,-0.0255637540323,0.0025407357754,1.33704503597,2.94644734778,0.218867249849,6.56601749547e-05,-0.0358241462027,-0.0365412015443,0.0025407357754,1.12150017808,2.86665442759,0.0382222105888,1.14666631766e-05,-0.0250600803748,-0.0258495612047,0.0025407357754,1.91267268411,1.81382010076,0.279640505183,8.38921515549e-05,-0.0605088813254,-0.0614239590062,0.0025407357754,1.70299566054,3.586484332,0.698296674646,0.000209489002394,1,1,19,0,3
1962-12,0.0040218304754,0.00302471793027,0.0025407357754,1.68617143902,3.55107157725,0.971746222649,0.000291523866795,0.00275015229753,0.000324407515737,0.0025407357754,1.54669051762,3.34272656285,5.73385367819,0.00172015610346,-0.0176991557349,-0.0195671197909,0.0025407357754,1.32616359911,2.83791463811,3.87458459216,0.00116237537765,-0.00298929519893,-0.00373876673155,0.0025407357754,1.10026034541,2.7635942232,0.146276180934,4.38828542802e-05,-0.00703983408112,-0.00852867030001,0.0025407357754,1.89709348637,4.02463086782,2.61082513517,0.000783247540551,-0.0134802790214,-0.014760285913,0.0025407357754,1.60583811974,1.96496941069,1.91472737748,0.000574418213244,1,1,19,0,3
1963-01,0.0378190191087,0.036496332765,0.00292767163626,1.70887484996,3.64423289656,2.056992218,0.0006170976654,0.0251860542213,0.0239741368439,0.00292767163626,1.54756996213,3.29572475265,1.68776233023,0.000506328699069,-0.00227166895374,-0.00417071374776,0.00292767163626,1.3707035023,2.99339299115,3.97818705228,0.00119345611568,-0.00833384668952,-0.00908088256716,0.00292767163626,1.13764417003,2.86277618776,0.138157331007,4.1447199302e-05,0.0250428775599,0.0238262731132,0.00292767163626,1.92963991908,3.45011109308,1.70338589466,0.000511015768398,0.00518074337989,0.0037880557676,0.00292767163626,1.67036970272,2.98178718153,2.29032977985,0.000687098933954,1,1,19,0,3
1963-02,-0.00800507531571,-0.00896095566026,0.00292767163626,1.69956620564,3.61495434529,0.834305554046,0.000250291666214,0.007549235272,0.00675167519627,0.00292767163626,1.56423423693,3.37552576995,0.306571324657,9.19713973971e-05,-0.00662026552052,-0.0076705935226,0.00292767163626,1.37833673547,2.99701495991,1.14913107912,0.000344739323736,-0.00401126928723,-0.00502812787329,0.00292767163626,1.14064949918,3.01037428996,1.03756635909,0.000311269907726,-0.00497655272046,-0.005860861832,0.00292767163626,1.90827733844,3.65399697471,0.595734777335,0.000178720433201,-0.00749090577171,-0.00855383734932,0.00292767163626,1.68595161972,3.20898426387,1.19114299757,0.000357342899271,1,1,19,0,3
1963-03,0.00118031679636,9.99813037408e-05,0.00292767163626,1.7396236969,4.41364152742,1.2491560476,0.000374746814281,0.00582801914269,0.00474079412334,0.00292767163626,1.56712770075,4.01682367295,1.2721211367,0.00038163634101,0.00558256062842,0.00459840060717,0.00292767163626,1.39291687292,3.51100866836,0.928571143039,0.000278571342912,0.00153678861376,0.000635209198723,0.00292767163626,1.15022668581,2.9600007205,0.653302455677,0.000195990736703,0.00258820572204,0.00150297133982,0.00292767163626,1.92357427931,4.01424227554,1.26548567962,0.000379645703885,0.00350283221786,0.0024838825288,0.00292767163626,1.70162100692,3.65452462352,1.04453670243,0.00031336101073,1,1,19,0,3
1963-04,0.0408639184854,0.0381678781861,0.00292767163626,1.76627680237,3.78797567686,6.63483873656,0.00199045162097,0.0199120788606,0.0189374530847,0.00292767163626,1.70236596081,4.36696144341,0.896790325206,0.000269037097562,0.0193089174888,0.0184801243604,0.00292767163626,1.3992524709,3.59206880487,0.410681500244,0.000123204450073,-0.00923303995113,-0.0100576531256,0.00292767163626,1.19790269619,3.13143077111,0.396748320525,0.000119024496158,0.0179955630478,0.0166511069461,0.00292767163626,2.17273162906,2.51381643239,2.12955807795,0.000638867423385,0.0150067204265,0.0136693568109,0.00292767163626,1.76256493089,2.22580952958,2.10591645762,0.000631774937286,1,1,19,0,3
1963-05,-0.00948709178559,-0.0106812867752,0.00292767163626,1.73495582567,3.63213680345,1.62868770439,0.000488606311317,0.0090637774343,0.00676657711634,0.00292767163626,1.70159417823,4.42163388806,5.30537213208,0.00159161163962,0.0269180833154,0.0261590983616,0.00292767163626,1.38963711693,3.55963377174,0.177987584715,5.33962754146e-05,0.00616724226086,0.00540752596477,0.00292767163626,1.19992657661,2.98913346213,0.180425392512,5.41276177535e-05,0.00104850116379,-0.000536809249592,0.00292767163626,2.16420186204,2.3391494972,2.9324057835,0.000879721735049,0.011041533037,0.0101403741157,0.00292767163626,1.75670627635,1.97480659022,0.651900809866,0.00019557024296,1,1,19,0,3
1963-06,-0.00340793248089,-0.00452729569663,0.00292767163626,1.73231986225,3.87294880005,1.37924845803,0.000413774537409,-0.00187073401711,-0.00294423423791,0.00292767163626,1.70082146,3.71146080513,1.22637180822,0.000367911542465,0.00396919236294,0.00199551373787,0.00292767163626,1.37174007272,3.5739983042,4.22696648911,0.00126808994673,-0.00870682408987,-0.0104218103524,0.00292767163626,1.19919340007,2.97776731274,3.36465861411,0.00100939758423,-0.00477989823696,-0.00650485581729,0.00292767163626,2.16415744385,4.73436807118,3.39789633996,0.00101936890199,-0.00393136163746,-0.00581610816904,0.00292767163626,1.75388000709,4.02409786033,3.93052617747,0.00117915785324,1,1,19,0,3
1963-07,-0.01636412958,-0.0189084268987,0.00292767163626,1.78672536581,3.99840554114,6.12902880122,0.00183870864037,-0.019044118797,-0.0214425747866,0.00292767163626,1.78400679974,3.80904894415,5.64289103738,0.00169286731121,-0.0112446529859,-0.0132628427561,0.00292767163626,1.38006767878,3.54211832812,4.37533697284,0.00131260109185,-0.01142127623,-0.0131675661573,0.00292767163626,1.36608354168,3.41256286572,3.4690041634,0.00104070124902,-0.0256099668599,-0.0284119801093,0.00292767163626,2.24963072288,4.74627155176,6.98808190367,0.0020964245711,-0.0153883674653,-0.017758484137,0.00292767163626,1.8043244761,4.04356600491,5.54842664446,0.00166452799334,1,1,19,0,3
1963-08,-0.00347192799454,-0.00636820267338,0.00292767163626,1.77652736719,4.03223598301,7.30228666835,0.00219068600051,0.00375813239118,0.00123775651449,0.00292767163626,1.88166757053,4.3987991182,6.04929066116,0.00181478719835,0.00183927391066,-0.000351808941715,0.00292767163626,1.55462761089,4.09291815076,4.95164724678,0.00148549417403,0.00180249630403,-0.000293540793721,0.00292767163626,1.55383911645,3.96515161221,4.6348280647,0.00139044841941,0.00135580803809,-0.00177761747262,0.00292767163626,2.47294298608,4.84091028727,8.09278944123,0.00242783683237,-7.09851369962e-05,-0.00270719482066,0.00292767163626,1.94120691495,4.10574529329,6.43540335109,0.00193062100533,1,1,19,0,3
1963-09,0.00335778485971,0.00234580319582,0.00292767163626,1.77666291238,4.23651767008,1.02130995183,0.000306392985548,0.0118472555254,0.0107962459832,0.00292767163626,1.88281613494,4.46450905638,1.15140287945,0.000345420863835,0.0345442084698,0.0336573391835,0.00292767163626,1.57575383759,3.64336564307,0.604268693101,0.00018128060793,0.00918065395648,0.00713904567876,0.00292767163626,1.57265724838,3.9498550858,4.45339866461,0.00133601959938,0.0060492182003,0.00433389445497,0.00292767163626,2.54588048385,2.60614804625,3.36578355665,0.001009735067,0.0172271771699,0.0158100254156,0.00292767163626,1.97197227179,2.07679042297,2.37187691976,0.000711563075927,1,1,19,0,3
1963-10,0.00470948594544,0.00167238027255,0.00292767163626,1.78678453082,4.12890139206,7.7717233152,0.00233151699456,-0.00989449005816,-0.0108966698528,0.00292767163626,2.04261858003,4.65451507468,0.988637054423,0.000296591116327,0.0119843485595,0.0111230559717,0.00292767163626,1.54043169524,3.52157315929,0.519013031543,0.000155703909463,0.0157067150912,0.0148976372711,0.00292767163626,1.71850266545,4.29481889153,0.344963805729,0.000103489141719,0.00424797779625,0.00247939097895,0.00292767163626,2.60191348786,2.29844974741,3.54332712985,0.00106299813896,0.0129352432753,0.0113387680064,0.00292767163626,2.22262496466,2.37034705862,2.96962196876,0.000890886590627,1,1,19,0,3
1963-11,0.00708346524648,0.00451036436486,0.00292767163626,1.79753295809,3.90340286945,6.22504067761,0.00186751220328,0.00796119800399,0.00674053869436,0.00292767163626,2.03638690956,4.69271848222,1.71690210432,0.000515070631297,0.00875087028868,0.00790455555778,0.00292767163626,1.62888532228,3.66931778759,0.469086841849,0.000140726052555,0.00856249481181,0.00642119564868,0.00292767163626,1.7324862151,4.33708182869,4.785701616,0.0014357104848,0.00769470585709,0.00512573263803,0.00292767163626,2.59959591557,5.7414847333,6.21128180241,0.00186338454072,0.00995511511089,0.00780170459343,0.00292767163626,2.20950631269,4.86242866354,4.82607279707,0.00144782183912,1,1,19,0,3
1963-12,0.0262440670237,0.0251589759548,0.00292767163626,1.8132088053,4.23677820163,1.26500796865,0.000379502390596,0.0329855889826,0.0318716504459,0.00292767163626,2.05075682648,4.59466442359,1.36116619458,0.000408349858375,0.0283148750624,0.0274242692376,0.00292767163626,1.78702418797,4.21026429128,0.616723821559,0.000185017146468,0.0313922103463,0.030521605486,0.00292767163626,1.77642111856,4.77075773069,0.550053939604,0.000165016181881,0.0453361792065,0.0443306128633,0.00292767163626,2.82011044094,6.60711381595,0.999925549394,0.000299977664818,0.0364224758007,0.0354076470445,0.00292767163626,2.35839432335,5.48473190128,1.03080025951,0.000309240077852,1,1,19,0,3
1964-01,0.0326925716808,0.0313340223626,0.00310807651447,1.84298668259,4.11555968848,2.17653546646,0.000652960639937,0.0621679793023,0.0612590960113,0.00310807651447,2.03772370415,4.75334880267,0.677648708845,0.000203294612654,0.0567280147803,0.0557724123156,0.00310807651447,1.78335790212,4.20347533898,0.833379287901,0.00025001378637,0.0120844638123,0.0112337995907,0.00310807651447,1.73280805764,4.67447724972,0.483585144179,0.000145075543254,0.0456970285647,0.0444960874679,0.00310807651447,2.72568172608,5.4414515356,1.65117472841,0.000495352418524,0.0421533436033,0.0410131441526,0.00310807651447,2.30379568128,4.78582279633,1.4487025745,0.000434610772349,1,1,19,0,3
1964-02,0.0207641584081,0.0195162440351,0.00310807651447,1.81856734738,3.80448725243,1.80775231534,0.000542325694601,0.0226722923452,0.0218198656055,0.00310807651447,2.06663119293,4.7797859006,0.48946020459,0.000146838061377,0.0227282376107,0.0218279138341,0.00310807651447,1.83000930827,4.22392485539,0.649116994229,0.000194735098269,0.0109671660648,0.0101820614755,0.00310807651447,1.76615613673,4.71497565161,0.265053036597,7.9515910979e-05,0.026242486818,0.0251895590826,0.00310807651447,2.65703019148,6.1181400158,1.15779685679,0.000347339057037,0.021021641647,0.0200158555949,0.00310807651447,2.23946841976,5.17619404228,1.00065791265,0.000300197373794,1,1,19,0,3
1964-03,0.0417166315413,0.0405700625785,0.00310807651447,1.87134454638,4.86569552917,1.46993428152,0.000440980284456,0.0484002104276,0.0471802914804,0.00310807651447,2.06058982242,5.21035909251,1.71443422961,0.000514330268884,0.0448782294536,0.0439383539626,0.00310807651447,1.83005479728,4.89010945283,0.780956042302,0.000234286812691,0.045821952216,0.0448468610209,0.00310807651447,1.76042391864,4.62501240419,0.898341722528,0.000269502516758,0.0647687704625,0.0636671507794,0.00310807651447,2.67185431009,6.73856391359,1.32010334933,0.0003960310048,0.0535718689705,0.0525439610236,0.00310807651447,2.23140662654,5.8625549529,1.0743975619,0.00032231926857,1,1,19,0,3
1964-04,0.0278009604852,0.0249583907912,0.00310807651447,1.84591570071,4.05781499603,7.12327005234,0.0021369810157,0.0348303806948,0.034040157638,0.00310807651447,2.02661765565,5.08274276372,0.282114594882,8.46343784645e-05,0.027963753092,0.0272017920156,0.00310807651447,1.7975221818,4.76665051728,0.187907993461,5.63723980382e-05,0.0262815134012,0.0254566960313,0.00310807651447,1.68914086373,4.41324505035,0.397428971966,0.00011922869159,0.0367370368287,0.0349341127675,0.00310807651447,2.53497769733,3.42105539575,3.65778460948,0.00109733538284,0.0309836169925,0.0293202018849,0.00310807651447,2.14948469774,3.06198770299,3.19275476433,0.0009578264293,1,1,19,0,3
1964-05,0.0141771668739,0.0115754969593,0.00310807651447,1.82670084016,3.98997300186,6.32027078768,0.00189608123631,0.0159146337386,0.0151266817476,0.00310807651447,2.00675803627,5.19861364614,0.274544375469,8.23633126407e-05,0.00913065073283,0.00839934623504,0.00310807651447,1.78534960661,4.7099909789,0.085719398165,2.57158194495e-05,0.00790319647688,0.00713364112339,0.00310807651447,1.67497647107,4.35091841257,0.213222250518,6.39666751555e-05,0.0125353071197,0.0109160093127,0.00310807651447,2.49226035058,5.91534257537,3.04569709552,0.000913709128655,0.00985772771809,0.00833009664816,0.00310807651447,2.12557051913,5.18631759164,2.7401413053,0.000822042391589,1,1,19,0,3
1964-06,-0.0266068694851,-0.0274977226402,0.00310807651447,1.86175292476,4.16990311595,0.617548255687,0.000185264476706,-0.00162554424879,-0.00258718359245,0.00310807651447,2.02086108382,4.5793475743,0.853502217759,0.000256050665328,-0.000365722021791,-0.00119543785319,0.00310807651447,1.78645192759,4.62348040298,0.413757176878,0.000124127153063,0.000548096366941,-0.000223263751339,0.00310807651447,1.69928268014,4.43209078078,0.219238133144,6.57714399431e-05,-0.0150978344508,-0.0160331424958,0.00310807651447,2.56702814195,5.96919685413,0.765731222301,0.00022971936669,-0.0116778742485,-0.0125385021441,0.00310807651447,2.1565300632,5.39493635847,0.516797390921,0.000155039217276,1,1,19,0,3
1964-07,0.0307244884699,0.0280024008109,0.0031611235489,1.89926367994,4.18368960532,6.72166326877,0.00201649898063,0.0413702130942,0.0405616611662,0.0031611235489,2.03314934923,4.68613862326,0.343210832395,0.000102963249718,0.0457872579888,0.0449933494031,0.0031611235489,1.86928346987,4.88200389399,0.29439969139,8.83199074169e-05,0.0423550823747,0.0415594736545,0.0031611235489,1.70279947457,4.48661315048,0.300066806334,9.00200419002e-05,0.0558316998311,0.0542094170034,0.0031611235489,2.55501098641,3.27391908351,3.05564716456,0.000916694149368,0.0454980850016,0.0439658560681,0.0031611235489,2.15346495061,3.04207466647,2.75546751751,0.000826640255252,1,1,19,0,3
1964-08,-0.00322032390572,-0.0043972429008,0.00316917217892,1.8860834234,4.05712470279,1.57110105582,0.000471330316745,0.00950380091897,0.00669077871768,0.00316917217892,2.03697047,4.66761705041,7.02477840985,0.00210743352295,0.0110988158746,0.010378828825,0.00316917217892,1.85501464596,4.83533037872,0.0479945708039,1.43983712412e-05,0.0110651190702,0.0103098914355,0.00316917217892,1.65795082201,4.33405711584,0.165463187711,4.96389563134e-05,0.0052274817988,0.00345014165124,0.00316917217892,2.47556164186,2.51260399699,3.57250489744,0.00107175146923,0.00634979595363,0.00545209123367,0.00316917217892,2.10387613854,2.47220488369,0.640386805428,0.000192116041628,1,1,19,0,3
1964-09,0.0274344382682,0.0244245181105,0.00315307420847,1.91395396246,4.35592283252,7.68110493138,0.00230433147941,0.0105168777454,0.00960233212633,0.00315307420847,2.04908753743,4.51946896711,0.69652313579,0.000208956940737,0.0239288501353,0.0212626971381,0.00315307420847,1.87221517352,4.15639174742,6.53521439633,0.0019605643189,0.023396916949,0.0226332658205,0.00315307420847,1.65805799282,4.33969391904,0.193541500317,5.8062450095e-05,0.0289243708703,0.0271485976802,0.00315307420847,2.47867142737,3.10296707774,3.56728170582,0.00107018451175,0.0280677018007,0.0270827089796,0.00315307420847,2.1052620246,2.72675615892,0.931347142546,0.000279404142764,1,1,19,0,3
1964-10,0.0330746395694,0.0299997589895,0.00316917217892,1.89473109972,4.28785820692,7.89763967187,0.00236929190156,0.0409284263246,0.0399856901241,0.00316917217892,2.14731603705,4.68756588619,0.790491740578,0.000237147522173,0.0210695318992,0.0185931456183,0.00316917217892,1.94327040775,4.2691027615,5.90265867519,0.00177079760256,0.0236032993727,0.0228767783055,0.00316917217892,1.65110363214,4.33149577074,0.0697746296017,2.09323888805e-05,0.038326286486,0.0365457168018,0.00316917217892,2.45755830111,2.4528546956,3.58327001948,0.00107498100584,0.0285223620306,0.0276203024827,0.00316917217892,2.08498526767,2.25038765752,0.654902898568,0.000196470869571,1,1,19,0,3
1964-11,-0.00164753434093,-0.00476189479874,0.00322549270882,1.96163584923,4.26659494726,8.02923926488,0.00240877177947,0.000497065170399,-0.00257886697328,0.00322549270882,2.31576237594,4.94078528847,7.90114488447,0.00237034346534,0.0196988563607,0.0171872248479,0.00322549270882,1.94183946701,4.23705950918,6.02014278159,0.00180604283448,0.00322883255764,0.00241966219466,0.00322549270882,1.6747353831,4.33916517694,0.345272282132,0.00010358168464,0.00129651993247,-0.00128250043798,0.00322549270882,2.59803812348,5.66186213724,6.24477230707,0.00187343169212,0.00699408549555,0.00606021638838,0.00322549270882,2.11363164406,2.53453109581,0.760934762799,0.00022828042884,1,1,19,0,3
1964-12,-0.0140946737236,-0.0170587431174,0.00326570037549,1.96993077972,4.50016920555,7.52826905148,0.00225848071545,-0.0200111522253,-0.0230149188984,0.00326570037549,2.34172517822,4.9902797666,7.66059331575,0.00229817799472,-0.0128922605596,-0.0137702336813,0.00326570037549,1.96294420888,4.06443292478,0.574614811211,0.000172384443363,0.00173901899608,0.000933984325546,0.00326570037549,1.72313563232,4.37204788333,0.331486640656,9.94459921967e-05,-0.0168481395906,-0.0193106814057,0.00326570037549,2.61861928586,3.054126709,5.85651045589,0.00175695313677,-0.00969683316967,-0.0112666197227,0.00326570037549,2.12744167475,2.47541162792,2.8806595822,0.00086419787466,1,1,19,0,3
1965-01,-0.000119702514889,-0.00111630465855,0.0033862171356,1.97102248568,4.50646914302,0.970044884399,0.00029101346532,-0.00196439301887,-0.0028057793654,0.0033862171356,2.31548600611,5.03890350051,0.452658893991,0.000135797668197,-0.00697256971237,-0.00785444497037,0.0033862171356,1.96147879797,4.15558697594,0.587621932222,0.000176286579667,-0.0192157598552,-0.0215598023721,0.0033862171356,1.72399717304,4.41856897454,5.46151279502,0.00163845383851,-0.00355231222992,-0.00530673826075,0.0033862171356,2.62051193079,5.70994779203,3.49612450829,0.00104883735249,-0.00817221631285,-0.00975880798048,0.0033862171356,2.12027166569,4.76018888788,2.93667663096,0.000881002989287,1,1,19,0,3
1965-02,0.016806605527,0.0135355495169,0.00337818763701,2.04970260192,4.67152743642,8.55155777246,0.00256546733174,0.0418857246145,0.0409414466529,0.00337818763701,2.51490853254,5.63832194423,0.79563094404,0.000238689283212,0.00705366665336,0.00605294460574,0.00337818763701,2.04826041135,4.50585697248,0.983777897605,0.000295133369282,0.0278795704285,0.0255397574488,0.00337818763701,1.76743325174,4.52608394214,5.44741433789,0.00163422430137,0.0347905470925,0.0320678385684,0.00337818763701,2.88617335188,2.8103054638,6.72373281927,0.00201711984578,0.0191821432884,0.0167511168569,0.00337818763701,2.2330449886,2.36985077253,5.7514591772,0.00172543775316,1,1,19,0,3
1965-03,0.00325818020316,0.00184898440653,0.00342635402998,2.04886014243,5.37175967605,2.34535706099,0.000703607118298,0.0125067958591,0.0112483824888,0.00342635402998,2.49990100931,6.71776238735,1.84274897329,0.000552824691986,0.0194303496206,0.0182246409864,0.00342635402998,2.05012074567,5.42590560307,1.66706651948,0.000500119955843,0.010269841764,0.00768956474967,0.00342635402998,1.74567409526,4.64224499327,6.24896112005,0.00187468833602,0.00994209819562,0.00777783539239,0.00342635402998,2.85639472459,4.04102194617,4.86224708298,0.00145867412489,0.0112744520346,0.00932659318331,0.00342635402998,2.22646282483,3.16890130254,4.1409005765,0.00124227017295,1,1,19,0,3
1965-04,0.0024447853436,0.00134250685804,0.00349053635075,2.13326739167,4.85115395533,1.32229935743,0.000396689807228,-0.00371829419764,-0.00715616689854,0.00349053635075,2.60580693512,7.12165133696,9.10761340853,0.00273228402256,0.004114824539,0.00138498967867,0.00349053635075,2.10290769631,5.67112624296,6.74748727329,0.00202424618199,0.00908788066639,0.00663037422738,0.00349053635075,1.75670394065,4.75994718219,5.83972586892,0.00175191776067,0.00645066975653,0.00352565682871,0.00349053635075,2.99531224023,7.48286007384,7.39808083161,0.00221942424948,0.00558777874109,0.00308361028602,0.00349053635075,2.28370351408,5.8693063684,5.99526592241,0.00179857977672,1,1,19,0,3
1965-05,0.0113728724627,0.00815501367308,0.00349855596672,2.13519077401,4.98614024313,8.3742337044,0.00251227011132,0.00636677977961,0.00546275005,0.00349855596672,2.57986309336,6.94590750875,0.661470170923,0.000198441051277,-0.000177868075272,-0.00303808492762,0.00349855596672,2.15922689317,5.91715764893,7.18209391336,0.00215462817401,0.00739447806194,0.00474222975456,0.00349855596672,1.83377779316,5.05176453951,6.48886543015,0.00194665962904,0.0133217864626,0.0104148615257,0.00349855596672,3,3.87594523221,7.33778752873,0.00220133625862,0.00679618292484,0.0034765506528,0.00349855596672,2.28626602455,5.88716393591,8.71347864568,0.0026140435937,1,1,19,0,3
1965-06,-0.017269788411,-0.018209014148,0.00353062738264,2.29384335161,5.32550495163,0.778790195489,0.000233637058647,-0.0212674000493,-0.0224056916974,0.00353062738264,2.68134791325,6.21318431565,1.44234323253,0.000432702969759,-0.0107871153222,-0.0138643674719,0.00353062738264,2.31413199877,6.34992433493,7.90554490477,0.00237166347143,-0.0150691083396,-0.0158662519223,0.00353062738264,1.94242402324,5.35235297993,0.30518301461,9.15549043831e-05,-0.0370410449041,-0.0379531155409,0.00353062738264,3,3.72341764653,0.688273194903,0.000206481958471,-0.0225231470006,-0.024179511234,0.00353062738264,2.63482108298,3.582976156,3.16925184999,0.000950775554998,1,1,19,0,3
1965-07,-0.0115662482242,-0.0151576126819,0.0035226105856,2.64324562699,6.2633051186,9.61925259807,0.00288577577942,-0.00578452495673,-0.00980466359591,0.0035226105856,2.93536456593,6.90996857256,11.0484998695,0.00331454996084,-0.000115855746293,-0.0011048538181,0.0035226105856,2.57651219925,7.12557816542,0.944697978239,0.000283409393472,-0.0041967423648,-0.00543947496223,0.0035226105856,2.54348472882,7.06045959248,1.79047973029,0.000537143919088,-0.00780926556432,-0.00867188033603,0.0035226105856,3,3.80365803277,0.523420311243,0.000157026093373,-0.00524065738572,-0.00702328060085,0.0035226105856,2.68203106017,3.72636780856,3.59011512264,0.00107703453679,1,1,19,0,3
1965-08,0.00298989424032,0.00137979493065,0.00350657487777,2.64251451173,6.42046393465,3.0150354378,0.000904510631341,-0.00354521411186,-0.00813008926854,0.00350657487777,3,7.23882249396,12.9309549278,0.00387928647835,0.0134638279952,0.0125697035244,0.00350657487777,2.60196306761,7.06308115039,0.628452641323,0.000188535792397,0.0143133395579,0.0109230195451,0.00350657487777,2.5400119651,7.15306963739,8.9491044481,0.00268473133443,0.00572958814147,0.00227282136047,0.00350657487777,3,6.69006253139,9.17059367555,0.00275117810266,0.0124545224028,0.0104488248044,0.00350657487777,2.67472860302,6.49232629498,4.33369640024,0.00130010892007,1,1,19,0,3
1965-09,-0.0413503334521,-0.0450778466921,0.00351459308402,2.65104185434,6.33649829218,10.0730818721,0.00302192456162,-0.00972741054685,-0.0106361782492,0.00351459308402,3,7.22233127921,0.677263413423,0.000203179024027,-0.012613364191,-0.0141569251343,0.00351459308402,2.62302235271,6.18877918306,2.79324088328,0.000837972264984,0.00769418490523,0.00421841164802,0.00351459308402,2.55587598982,7.21414769479,9.23394859624,0.00277018457887,-0.0173269172954,-0.0202820346894,0.00351459308402,3,2.99766926683,7.49842905209,0.00224952871563,-0.0154033289335,-0.0184118915583,0.00351459308402,2.72171749043,2.81721714601,7.6765798218,0.00230297394654,1,1,19,0,3
1965-10,0.0489553733683,0.0447721191415,0.00354665886361,2.54787222093,6.12375091403,11.5922184947,0.00347766554841,0.0128433142485,0.0120875882786,0.00354665886361,3,7.19788698357,0.167124305425,5.01372916275e-05,0.0091568144737,0.00831172590713,0.00354665886361,2.59773760413,6.08872428937,0.46499962744,0.000139499888232,0.0343482125776,0.030835982995,0.00354665886361,2.56204624176,7.22445785849,9.35546968111,0.00280664090433,0.0376070566983,0.0345186955396,0.00354665886361,3,6.52044475174,7.94257493436,0.00238277248031,0.0330234862825,0.0300646939873,0.00354665886361,2.69354874254,6.11457834099,7.51067872299,0.0022532036169,1,1,19,0,3
1965-11,0.0432455914489,0.0424519693328,0.00364278863694,2.47777168394,5.98325589363,0.293444792582,8.80334377745e-05,0.0577536027205,0.056370897167,0.00364278863694,3,7.24626040282,2.2570562508,0.000677116875241,0.0519788233802,0.0507393581241,0.00364278863694,2.6451876118,6.23564777358,1.77958859271,0.000533876577812,0.0457190299929,0.0448443392709,0.00364278863694,2.63363048897,7.46614709798,0.563673478974,0.000169102043692,0.0532214783402,0.0521511044103,0.00364278863694,3,7.33240115026,1.21595083858,0.000364785251575,0.050171427158,0.0492558501936,0.00364278863694,2.70000970678,6.76989043905,0.699960953724,0.000209988286117,1,1,19,0,3
1965-12,0.06015429803,0.0591274715936,0.00366680526301,2.73591488743,6.48158713442,1.07079252696,0.000321237758088,0.0699645766491,0.0690308903523,0.00366680526301,3,7.23149984768,0.760325394875,0.000228097618463,0.0603391719999,0.0594749324624,0.00366680526301,2.79099206873,6.55007662616,0.528836197056,0.000158650859117,0.0533768123064,0.0522823853915,0.00366680526301,3,8.49567225763,1.29612745543,0.00038883823663,0.0605457063657,0.0595546460184,0.00366680526301,3,7.21813844843,0.951572229824,0.000285471668947,0.0616600855048,0.0606640671059,0.00366680526301,3,7.34125315355,0.968099068571,0.000290429720571,1,1,19,0,3
1966-01,0.0254748329845,0.0242852956013,0.00387468499213,2.64048554144,5.72861885554,1.61316234951,0.000483948704852,0.0107643618641,0.00979637024988,0.00387468499213,2.88753675887,6.66504783895,0.874676452901,0.00026240293587,0.00938592578444,0.0085164774213,0.00387468499213,2.87171323685,6.49476890034,0.546198949358,0.000163859684807,0.0150274457195,0.0141279583441,0.00387468499213,3,8.2959504044,0.64632899022,0.000193898697066,0.0234613538142,0.0224026899901,0.00387468499213,3,6.78433097925,1.17691715261,0.000353075145784,0.0229266515764,0.0218170440064,0.00387468499213,3,6.84656953711,1.34672963882,0.000404018891646,1,1,19,0,3
1966-02,0.0706128799172,0.0696701249543,0.00403427087358,2.72706515377,6.1978124786,0.790554282037,0.000237166284611,0.0831741042126,0.0821095636694,0.00403427087358,2.92179883143,6.82020762218,1.19650621619,0.000358951864857,0.0756956385582,0.0748645543333,0.00403427087358,2.90433425112,6.64778342451,0.418318488602,0.000125495546581,0.0793502416341,0.0783915772798,0.00403427087358,3,8.0671394409,0.843585586553,0.000253075675966,0.0744028252525,0.0734513639099,0.00403427087358,3,6.74615292272,0.819575547542,0.000245872664263,0.0725798674574,0.0716896247267,0.00403427087358,3,6.7334133387,0.61551350795,0.000184654052385,1,1,19,0,3
1966-03,-0.0617962526008,-0.0651921194061,0.0041139593014,2.62334706621,6.45245604439,8.9675937565,0.00269027812695,-0.0418325828422,-0.0431852984488,0.0041139593014,2.73834575985,6.9762055851,2.15708976085,0.000647126928255,-0.0404282396738,-0.0417859719117,0.0041139593014,2.84498099312,7.18409094453,2.17381186508,0.000652143559525,-0.0463147746776,-0.0475781570773,0.0041139593014,2.98430719977,7.55914816779,1.85931240462,0.000557793721387,-0.0641697158348,-0.0662335941989,0.0041139593014,2.99315091844,4.47941771497,4.52763228593,0.00135828968578,-0.063070070491,-0.065146855498,0.0041139593014,3,4.48682360545,4.57065442856,0.00137119632857,1,1,19,0,3
1966-04,-0.0511386609867,-0.0550708416551,0.00422540635891,2.4031233973,4.99238026456,10.7553066338,0.00322659199013,0.00634009609259,0.00539092629974,0.00422540635891,2.58695301103,6.52091222626,0.811937048383,0.000243581114515,0.0116149766736,0.0106633190444,0.00422540635891,2.67439524934,6.68500348676,0.820229836024,0.000246068950807,0.0137924658969,0.0127651592483,0.00422540635891,2.80611893677,7.02437616479,1.07239323447,0.000321717970342,-0.0101175811194,-0.0121693559257,0.00422540635891,2.71020881354,5.22312729209,4.48728709329,0.00134618612799,-0.00909925970476,-0.0112236700219,0.00422540635891,2.85068208356,5.50027791415,4.72940546271,0.00141882163881,1,1,19,0,3
1966-05,0.063290507082,0.0621678727996,0.00428107890945,2.32841384298,4.78765181512,1.3901520134,0.000417045604021,0.0805719963014,0.0790973066092,0.00428107890945,2.59005726529,6.48635653539,2.56367004615,0.000769101013846,-0.0540009099378,-0.0548264500539,0.00428107890945,2.67947748831,6.64713208641,0.399838126089,0.000119951437827,-0.0546943466913,-0.0556669946258,0.00428107890945,2.89237969497,7.20366888124,0.890197520605,0.000267059256182,0.0375632686858,0.0363643637522,0.00428107890945,2.68470388216,4.93018693114,1.64438751741,0.000493316255224,-0.0128319924704,-0.0138253711064,0.00428107890945,2.82018890838,5.16937336684,0.959299859063,0.000287789957719,1,1,19,0,3
1966-06,0.0117208794942,0.0083689292536,0.00437643865752,2.24527765537,4.46121819129,8.82120520747,0.00264636156224,0.0387556110614,0.0375802896628,0.00437643865752,2.4309124044,5.1398547461,1.56577573442,0.000469732720326,0.0580779747577,0.0571514910268,0.00437643865752,2.49723976421,6.10940168693,0.73631684183,0.000220895052549,0.0427106199403,0.041662374937,0.00437643865752,2.66689494824,6.55365160408,1.1421877497,0.000342656324911,0.0316680006928,0.0298085943146,0.00437643865752,2.66913638764,2.48567637162,3.84605899974,0.00115381769992,0.0389297669529,0.0371160957051,0.00437643865752,2.7809281298,3.66017367439,3.69360856498,0.00110808256949,1,1,19,0,3
1966-07,0.0485158919816,0.045310567057,0.00447169891704,2.25477552097,4.50931379066,8.33245415443,0.00249973624633,-0.0549825623794,-0.0579392607149,0.00447169891704,2.43089617887,5.02374178693,7.50369885731,0.00225110965719,0.0846783262164,0.0834257687024,0.00447169891704,2.43712420876,5.98033703179,1.82322945219,0.000546968835658,0.0561055432431,0.054633406045,0.00447169891704,2.70270291032,6.54935627088,2.55516173268,0.000766548519805,0.0167292162543,0.0153813147133,0.00447169891704,2.67819619251,3.31934920755,2.14104287549,0.000642312862647,0.0660156999387,0.0637701368574,0.00447169891704,2.78117515917,5.87096392515,5.13324801004,0.00153997440301,1,1,19,0,3
1966-08,0.108187031678,0.107100223605,0.00456685990481,2.24889587997,4.49235508135,1.27073131722,0.000381219395167,0.0346895466467,0.033587721229,0.00456685990481,2.29961607391,4.65426658063,1.32078913127,0.000396236739382,0.116356744129,0.115500125453,0.00456685990481,2.3379071387,5.5713665913,0.503433323454,0.000151029997036,0.0017818982757,0.000219635268522,0.00456685990481,2.72367979329,6.42089263694,2.85558109615,0.000856674328844,0.0614143985493,0.0602363760029,0.00456685990481,2.78381739445,2.74177604695,1.57477956025,0.000472433868075,0.0887859112961,0.0875681471746,0.00456685990481,2.75717244481,5.11281389773,1.70725147738,0.000512175443215,1,1,19,0,3
1966-09,0.00990015306079,0.00883043872972,0.00464608505125,1.98958817601,3.70761774711,1.21375217581,0.000364125652742,0.0114946093693,0.00898474570989,0.00464608505125,2.2942065891,4.40790550238,6.01424993675,0.00180427498103,0.0100368019888,0.00886852762916,0.00464608505125,2.0606068917,4.07727102323,1.54228560423,0.000462685681268,-0.0574231512788,-0.0583099650548,0.00464608505125,2.72233075409,6.19925482517,0.604083658931,0.000181225097679,-0.00735625567246,-0.0088665699764,0.00464608505125,2.71561705739,4.85497154207,2.682418752,0.0008047256256,-0.00579193568677,-0.00682270280001,0.00464608505125,2.57842897487,4.26211688173,1.08392811635,0.000325178434906,1,1,19,0,3
1966-10,-0.0342236311256,-0.0350299497523,0.00475688492859,1.99232370775,3.59109580455,0.335766494521,0.000100729948356,-0.0390947485582,-0.0398255710477,0.00475688492859,2.29275015954,4.42463208908,0.0841127039322,2.52338111797e-05,-0.0304724127786,-0.0312017216896,0.00475688492859,2.07802284751,4.11872070603,0.079067442174,2.37202326522e-05,-0.0369714323922,-0.0382819205114,0.00475688492859,2.48590017975,5.68912204564,2.01633146959,0.000604899440877,-0.0419799940355,-0.0429337821105,0.00475688492859,2.68868329372,5.4537123176,0.827331322278,0.000248199396683,-0.0319545234229,-0.0329060292143,0.00475688492859,2.54911634792,4.86396936268,0.819723710161,0.000245917113048,1,1,19,0,3
1966-11,-0.0507111787614,-0.0531274970144,0.00473315341019,1.91564495292,3.47275207474,5.70243191574,0.00171072957472,-0.000363772771208,-0.00124509711466,0.00473315341019,2.20182907052,4.12156467998,0.585785550374,0.000175735665112,0.00538762504693,0.00459628102268,0.00473315341019,1.99291321559,3.90486159557,0.285851153042,8.57553459125e-05,0.00580518221488,0.00498372517655,0.00473315341019,2.37573484978,5.44362921009,0.38622786662,0.000115868359986,-0.0329392587267,-0.0345256233551,0.00473315341019,2.54085590157,2.67342273688,2.93591983355,0.000880775950064,-0.0334117024813,-0.0348335799111,0.00473315341019,2.44274014575,2.63351041292,2.3876291717,0.000716288751511,1,1,18,0,3
1966-12,0.0391753012546,0.0382856591233,0.00470150179127,1.79373087093,3.24405970411,0.613511509858,0.000184053452957,-0.0623159227093,-0.063216645652,0.00470150179127,2.19258346908,4.01352026896,0.650447548059,0.000195134264418,-0.0511079150114,-0.0519048776698,0.00470150179127,1.98840651007,3.82604752116,0.304579933503,9.1373980051e-05,-0.0523500575077,-0.0531013269835,0.00470150179127,2.37263530248,5.36758749327,0.152269324894,4.56807974682e-05,-0.0253348551766,-0.0261908604199,0.00470150179127,2.44278599812,2.56684399491,0.501388549737,0.000150416564921,-0.0184551111205,-0.0192659622778,0.00470150179127,2.34302713419,2.4596911219,0.3508749297,0.00010526247891,1,1,18,0,3
1967-01,-0.014015036547,-0.0163795863904,0.00459063466587,1.7794050549,3.06805049309,5.52987055044,0.00165896116513,0.0770521255139,0.074426707193,0.00459063466587,2.01211990425,3.48140967134,6.39943214196,0.00191982964259,-0.059698289586,-0.0606347549712,0.00459063466587,1.85229980041,3.33875547086,0.769589022999,0.0002308767069,-0.0362191478659,-0.0370861572573,0.00459063466587,2.24409489906,4.8518442676,0.538069043473,0.000161420713042,0.00828004235666,0.00716711266919,0.00459063466587,2.4067846875,2.01428629668,1.35780336379,0.000407341009136,-0.0464280870031,-0.0478784092609,0.00459063466587,2.31790851343,3.64216889854,2.48244526493,0.000744733579478,1,1,18,0,3
1967-02,0.00960797468521,0.00758120345641,0.0043923222705,1.77290230557,2.92137952945,4.40394183489,0.00132118255047,0.0125671092,0.0115024187876,0.0043923222705,1.95952023113,3.20927604693,1.1970057804,0.000359101734121,-0.0115502756616,-0.0124290944292,0.0043923222705,1.75784710594,2.91213689797,0.577433631085,0.000173230089326,-0.014803536375,-0.0156310741101,0.0043923222705,2.16498270286,4.51536446281,0.406496855861,0.000121949056758,0.00463973133147,0.00315500959619,0.0043923222705,2.44137958724,2.17302978877,2.59711018983,0.000779133056949,-0.00794772139457,-0.00932117835561,0.0043923222705,2.22140918169,1.92506896791,2.22622760903,0.000667868282708,1,1,18,0,3
1967-03,0.0198331124745,0.0186300040314,0.00421745036527,1.77637581681,3.61379418766,1.65839921579,0.000497519764737,0.0364284100667,0.0353991188087,0.00421745036527,1.96304827013,3.98254305263,1.07900859889,0.000323702579667,0.0169192405556,0.0149524118283,0.00421745036527,1.74699623931,3.57130464753,4.20413349645,0.00126124004893,-0.00981237815008,-0.010747072923,0.00421745036527,2.14459190644,4.47157987759,0.763686981867,0.00022910609456,0.0220479251896,0.0209763427221,0.00421745036527,2.44651218986,2.5196640529,1.2199792972,0.00036599378916,0.0103708601279,0.00888693035774,0.00421745036527,2.21256169316,2.20675031703,2.59447030619,0.000778341091856,1,1,18,0,3
1967-04,0.0230670608704,0.0209301092372,0.00408209227808,1.80260153872,2.97130467592,4.77120984934,0.0014313629548,0.00757683992595,0.00672972509037,0.00408209227808,1.98518645917,4.05396169364,0.47175385746,0.000141526157238,0.00386842570605,0.00267457893151,0.00408209227808,1.78107715776,3.665895174,1.62752698735,0.000488258096206,-0.0351003496646,-0.0371272874944,0.00408209227808,2.22305504865,4.65414229663,4.40449717139,0.00132134915142,0.000405543659435,-0.000513322579628,0.00408209227808,2.5497534182,2.3926583151,0.710925202421,0.000213277560726,0.000207104198039,-0.000895916051625,0.00408209227808,2.29104767591,2.13354226217,1.32477190443,0.000397431571328,1,1,18,0,3
1967-05,-0.0321999426914,-0.0340651391807,0.00361876568744,1.80762738879,2.82336443421,3.86535936988,0.00115960781096,-0.0241259138675,-0.0249543819189,0.00361876568744,2.00358965907,4.03966086808,0.409597910097,0.000122879373029,-0.0207978084849,-0.0216315283043,0.00361876568744,1.7917273834,3.6566261735,0.427103803506,0.000128131141052,-0.0437355555746,-0.0448270668254,0.00361876568744,2.19135129783,4.56993672326,1.28640857477,0.00038592257243,-0.0499723255675,-0.0515058081411,0.00361876568744,2.57907893034,4.96967248134,2.75964631734,0.000827893895203,-0.0340822854649,-0.0354644109699,0.00361876568744,2.3129660447,4.07205846148,2.25512275556,0.000676536826669,1,1,18,0,3
1967-06,0.0254858743712,0.0235017935989,0.00366680526301,1.75944199084,2.62825371343,4.26164031344,0.00127849209403,0.0199630616962,0.0177832041619,0.00366680526301,1.96556821223,3.00199822574,4.91422951985,0.00147426885596,-0.0287473867992,-0.029555015151,0.00366680526301,1.76688551185,3.46384459426,0.340132244792,0.000102039673438,-0.0361159720553,-0.036921851871,0.00366680526301,2.11320035416,4.25749686367,0.334303791259,0.000100291137378,0.00676890577855,0.00463796607585,0.00366680526301,2.44176968011,2.26698659083,4.7511700812,0.00142535102436,-0.0148409161255,-0.0161647815724,0.00366680526301,2.24902329214,2.28931569513,2.06092256164,0.000618276768493,1,1,19,0,3
1967-07,0.0801638978322,0.079220560832,0.00380278020291,1.78408048606,2.77118890801,0.792494406179,0.000237748321854,0.093318567497,0.0924910624858,0.00380278020291,1.96619094435,3.26392969195,0.406387776332,0.0001219163329,0.0442495264745,0.0433216558021,0.00380278020291,1.73054889414,3.62699037187,0.740939980076,0.000222281994023,0.0770045028147,0.0750064394256,0.00380278020291,2.0615932659,4.41053588797,4.3082490361,0.00129247471083,0.104432375744,0.103073894462,0.00380278020291,2.46100684829,4.12113659051,2.17630868002,0.000652892604006,0.0794288246076,0.0781417237698,0.00380278020291,2.24436055412,2.51264038352,1.93837386478,0.000581512159434,1,1,19,0,3
1967-08,0.0138585041615,0.0126266147076,0.00407412378365,1.66108644299,2.63002634975,1.7543359187,0.000526300775609,0.0317030203964,0.030711837934,0.00407412378365,1.79488557202,2.95462159586,0.951979279948,0.000285593783984,0.0374062399191,0.0356123702056,0.00407412378365,1.72847263746,3.50435129547,3.62760345056,0.00108828103517,0.0430640024155,0.0420787001077,0.00407412378365,1.95872277643,4.03017416419,0.932378764877,0.000279713629463,0.0364812006449,0.035333922079,0.00407412378365,2.2104261292,3.18903571895,1.4722996254,0.00044168988762,0.0355803154591,0.0341273566021,0.00407412378365,2.11950986751,3.01464514214,2.49123392879,0.000747370178636,1,1,19,0,3
1967-09,0.0197816926754,0.0185736605381,0.00401832483615,1.66524528226,2.70530373366,1.67481152991,0.000502443458973,0.0140603379026,0.0132448393471,0.00401832483615,1.78295329066,2.92659435492,0.366366257018,0.000109909877105,0.0159812344955,0.015034736678,0.00401832483615,1.70332791323,2.79120232324,0.803030463578,0.000240909139073,0.0215209575014,0.0205334599581,0.00401832483615,1.91187294998,3.92862448431,0.939696216682,0.000281908865005,0.0231465617956,0.0220719277621,0.00401832483615,2.18447122843,3.82487068464,1.23015118396,0.000369045355188,0.0235349667255,0.0224180175695,0.00401832483615,2.09256499734,3.51361286602,1.37120159203,0.00041136047761,1,1,19,0,3
1967-10,0.0270720363768,0.0262425666521,0.00400237601239,1.66875008988,2.61578204364,0.41293682104,0.000123881046312,0.0282525853678,0.0274157532337,0.00400237601239,1.78289295549,2.9304840132,0.437478185915,0.000131243455775,0.0236518527633,0.0228940171051,0.00400237601239,1.70807362607,2.7868230232,0.174156599448,5.22469798345e-05,0.0354849891701,0.0347370236963,0.00400237601239,1.91974688012,3.93860190975,0.141255984733,4.23767954198e-05,0.0386291592483,0.0378168690936,0.00400237601239,2.18849896458,3.90861051542,0.355671587945,0.000106701476383,0.0323337439644,0.0315534434424,0.00400237601239,2.09934618104,3.47037291042,0.249039478697,7.4711843609e-05,1,1,19,0,3
1967-11,0.00589933990227,0.00496201220724,0.00424927018062,1.67209072743,2.58783223482,0.772463388966,0.00023173901669,0.014188764125,0.0133689287185,0.00424927018062,1.7915603052,2.90557512594,0.380822427367,0.00011424672821,0.00716083082514,0.00633090672114,0.00424927018062,1.70490397823,2.77397932328,0.414451418879,0.000124335425664,0.00522879818007,0.00442451226896,0.00424927018062,1.90595823785,3.89780956799,0.328990775924,9.86972327772e-05,0.0110807152588,0.0101862035514,0.00424927018062,2.18190010402,3.94364972976,0.629743430177,0.000188923029053,0.0022252552552,0.00136428916642,0.00424927018062,2.09482995651,3.46118493637,0.517924701491,0.000155377410447,1,1,19,0,3
1967-12,0.0109995691278,0.00988352511877,0.0043923222705,1.67480077304,2.53498413922,1.3681844358,0.00041045533074,0.0451956501268,0.0444516227002,0.0043923222705,1.79457710728,2.83705489723,0.128129160733,3.84387482198e-05,0.0441526476063,0.043276474817,0.0043923222705,1.70835238828,2.71520308941,0.568613703169,0.000170584110951,0.0464851638275,0.0457503664658,0.0043923222705,1.90592982833,3.82929790013,0.0973622777545,2.92086833264e-05,0.036216848003,0.0352659361478,0.0043923222705,2.18408354141,3.27665722759,0.817743922676,0.000245323176803,0.037402850653,0.0364140411695,0.0043923222705,2.09350643607,2.96043814461,0.944069350545,0.000283220805163,1,1,19,0,3
1968-01,-0.0271426117667,-0.028171239173,0.00456685990481,1.68886226772,2.63679953863,1.07679576007,0.000323038728022,-0.0344920257641,-0.0356726560118,0.00456685990481,1.78582967153,2.90630781856,1.58347189807,0.000475041569421,-0.0267464903412,-0.0275514615961,0.00456685990481,1.68184912184,2.75591674131,0.331275255383,9.9382576615e-05,-0.0245318925741,-0.0253030301718,0.00456685990481,1.85282515312,3.83356116132,0.218496398047,6.55489194142e-05,-0.0373877577387,-0.0384466717186,0.00456685990481,2.18180229985,3.26559758994,1.17775100517,0.000353325301552,-0.0306098325451,-0.0314941465305,0.00456685990481,2.0758780868,2.9285932676,0.595751023428,0.000178725307029,1,1,18,0,3
1968-02,-0.031539668717,-0.0335292585648,0.00445582910684,1.64967930477,2.70717977635,4.28000389853,0.00128400116956,0.0258649340442,0.0250153039848,0.00445582910684,1.7237649416,2.94354837157,0.480137936694,0.000144041381008,-0.0153737720948,-0.0162192460543,0.00445582910684,1.65116192469,2.8231043184,0.466284270665,0.0001398852812,-0.0225956045842,-0.0234650151407,0.00445582910684,1.84449414623,3.84236144025,0.546072927133,0.00016382187814,-0.0142655952122,-0.0157124699352,0.00445582910684,2.10335073962,2.15968129939,2.47095348239,0.000741286044717,-0.03492346129,-0.0363047549143,0.00445582910684,2.03008859142,2.64445528508,2.2523498198,0.000675704945939,1,1,17,0,3
1968-03,-0.0214479519128,-0.0227292031962,0.00433671753224,1.60276911566,3.14903847664,1.9188753502,0.000575662605059,0.0250330461361,0.0235421138111,0.00433671753224,1.7283299577,3.57636134081,2.61781215568,0.000785343646703,0.0229216019938,0.0219967263475,0.00433671753224,1.63571466404,3.4295277531,0.730956559666,0.0002192869679,0.0293360879403,0.0283411996293,0.00433671753224,1.84089148634,3.84620906144,0.964332108776,0.000289299632633,0.00704336215817,0.00573411105258,0.00433671753224,2.09261949611,2.90948369608,2.01220809083,0.000603662427249,0.00608044624164,0.00498007456378,0.00433671753224,1.9724812724,2.64228456341,1.31594333175,0.000394782999525,1,1,17,0,3
1968-04,-0.036519593485,-0.0384295037669,0.0045351505924,1.57835681512,2.67172527599,4.01440534531,0.00120432160359,-0.0258975506131,-0.0278270522175,0.0045351505924,1.72419022585,3.56772764816,4.07970975353,0.00122391292606,-0.0280270706537,-0.0290364170923,0.0045351505924,1.63181256399,3.41211211081,1.01252586755,0.000303757760264,0.0420693325972,0.0413064395458,0.0045351505924,1.82310334977,3.80783886746,0.191014577033,5.73043731098e-05,-0.0165187410468,-0.0176885066707,0.0045351505924,2.09241989853,2.16568156732,1.5472564851,0.000464176945529,-0.016253933286,-0.0176391526973,0.0045351505924,1.9730179467,2.96820217566,2.26543577637,0.00067963073291,1,1,17,0,3
1968-05,0.0347218807986,0.0337850133752,0.00469358717242,1.52727422126,2.57654179139,0.770929150094,0.000231278745028,0.0335105856564,0.0318962916639,0.00469358717242,1.6863740555,3.48936339746,3.02901771398,0.000908705314194,0.0343701105215,0.0332762864897,0.00469358717242,1.59773138876,3.33303749336,1.29411784472,0.000388235353415,0.0670867524535,0.0663387234693,0.00469358717242,1.7830010445,3.72328752656,0.141467686204,4.24403058612e-05,0.0523633337811,0.0511954938798,0.00469358717242,2.06939580768,3.25599653545,1.54083740971,0.000462251222914,0.0486834162751,0.0478224108958,0.00469358717242,1.95520099054,2.9630384623,0.518055669882,0.000155416700965,1,1,17,0,3
1968-06,0.0354275524585,0.0335847635687,0.00497808230113,1.50958243764,2.60268409986,3.79066737176,0.00113720021153,-0.00858289601907,-0.00977300853421,0.00497808230113,1.67552813805,2.92566723006,1.615079456,0.0004845238368,0.00785399702395,0.00670090803913,0.00497808230113,1.57978680196,3.24418074369,1.4916676883,0.000447500306489,0.0136930171465,0.0128859250469,0.00497808230113,1.68135686316,3.46762941456,0.338344737804,0.000101503421341,0.0166913851845,0.0152117118577,0.00497808230113,2.00819225342,2.24439910742,2.58028216179,0.000774084648537,0.0264747921629,0.025032949858,0.00497808230113,1.90086472736,2.55245246683,2.45417875497,0.00073625362649,1,1,17,0,3
1968-07,-0.0237872702273,-0.0253338687115,0.00496230023835,1.50092400286,2.50791152528,2.80336601964,0.000841009805891,-0.024240946016,-0.0252458947254,0.00496230023835,1.67810993239,2.83345686759,0.997866770166,0.00029936003105,-0.031648093511,-0.0325113581694,0.00496230023835,1.58465828201,3.13930857125,0.525586600258,0.000157675980077,-0.0280811202994,-0.0289125564135,0.00496230023835,1.6906730253,3.36688022991,0.419491452591,0.000125847435777,-0.034495159261,-0.0357908211451,0.00496230023835,2.04536973861,3.40234410026,1.96691068598,0.000590073205794,-0.0333434975278,-0.0344644172597,0.00496230023835,1.90707964359,3.19310548004,1.38443684542,0.000415331053627,1,1,18,0,3
1968-08,0.0152154436257,0.0134691775094,0.00489124719803,1.47736083695,2.49142439291,3.46892479326,0.00104067743798,0.0189623942684,0.0174939463874,0.00489124719803,1.64437325545,2.94078602643,2.54286400893,0.000762859202678,-0.00781355557238,-0.00874742993084,0.00489124719803,1.54408018236,3.21821523503,0.76095226705,0.000228285680115,0.0107253408124,0.00990111293872,0.00489124719803,1.65668479357,3.45818874561,0.395463984608,0.000118639195383,0.0116119082415,0.010054624399,0.00489124719803,1.98291517508,2.38435475778,2.83898388045,0.000851695164135,0.00224853959046,0.000985411082312,0.00489124719803,1.85507245221,2.32900771628,1.85846609936,0.000557539829807,1,1,18,0,3
1968-09,0.000962954660011,-0.000272521781612,0.00474897510752,1.47714423889,2.40373235017,1.76629254429,0.000529887763286,0.0125634219506,0.0115910842549,0.00474897510752,1.64734988043,2.94377916969,0.889163391427,0.000266749017428,0.0106224759618,0.00890105009978,0.00474897510752,1.53827812203,2.77084597955,3.38612394574,0.00101583718372,0.0492025053158,0.0484738765868,0.00474897510752,1.65696795936,3.44891006376,0.0768001689437,2.30400506831e-05,0.023544904344,0.0224861213129,0.00474897510752,1.9834366203,1.90151849008,1.1773145092,0.000353194352759,0.0220224130637,0.0206887930245,0.00474897510752,1.85429462792,1.67915882766,2.09343786948,0.000628031360844,1,1,18,0,3
1968-10,-0.0117382588608,-0.012552762093,0.00469358717242,1.49832940281,2.44550576016,0.363048512847,0.000108914553854,0.00880687925848,0.00793759738665,0.00469358717242,1.65437833905,2.95931386312,0.545643978312,0.000163693193493,-0.00990538042574,-0.0107230916272,0.00469358717242,1.541758016,2.78068511118,0.373741743766,0.00011212252313,0.00954969844228,0.00876392549973,0.00469358717242,1.6104170633,3.36483310453,0.26728088072,8.01842642159e-05,0.00148328973521,0.000659354772857,0.00469358717242,1.99138192768,2.01947899162,0.394487613371,0.000118346284011,-0.00517235486013,-0.00597761772581,0.00469358717242,1.85675305286,1.98931078201,0.332247291146,9.96741873439e-05,1,1,18,0,3
1968-11,0.0214433110231,0.0196503811441,0.00478851736509,1.49904959482,2.4465665677,3.62447066908,0.00108734120072,-0.0274656306491,-0.0283468119048,0.00478851736509,1.65414092621,2.71372864701,0.585308591202,0.000175592577361,-0.0173908107181,-0.0181773145423,0.00478851736509,1.53417848715,2.78017210353,0.269717152928,8.09151458784e-05,0.000952380281321,0.000109056363503,0.00478851736509,1.61756959858,3.3872365131,0.459117464938,0.000137735239481,0.00255130660817,0.00126655082026,0.00478851736509,1.99752100735,2.25950237979,1.93055703193,0.000579167109579,0.00436655856952,0.00316897989234,0.00478851736509,1.86011207533,2.31652502128,1.63996666282,0.000491989998847,1,1,18,0,3
1968-12,0.0214408817418,0.02028872331,0.00490704153896,1.50513190652,2.21706175643,1.48856584478,0.000446569753433,0.0355063334465,0.033926104024,0.00490704153896,1.62332437136,2.5283546048,2.91546914735,0.000874640744206,-0.0085699787407,-0.00948494198347,0.00490704153896,1.53786416304,2.75943089621,0.697915214766,0.00020937456443,0.0337711379168,0.0328681137063,0.00490704153896,1.63152397627,3.38284471183,0.658118440717,0.000197435532215,0.0426702189062,0.041387347708,0.00490704153896,2.02194547389,2.94879000392,1.92427506612,0.000577282519835,0.0198363109275,0.018875347362,0.00490704153896,1.8878733384,1.81704229453,0.851249623684,0.000255374887105,1,1,18,0,3
1969-01,0.00384405339776,0.00271432347581,0.00508059931266,1.52024878281,2.38860652179,1.41380414536,0.000424141243608,-0.00659004216382,-0.0076614317966,0.00508059931266,1.63113011114,2.60621478449,1.21933651484,0.000365800954451,-0.00987529927699,-0.0108181507504,0.00508059931266,1.55852970457,2.74237945532,0.790875983689,0.000237262795107,0.0222161609018,0.0204554097002,0.00508059931266,1.62896699889,3.31386280067,3.51720841079,0.00105516252324,-0.00127374721762,-0.00262403632847,0.00508059931266,2.02335576332,2.29094217862,2.14900144171,0.000644700432514,-0.000858186188218,-0.00210020789163,0.00508059931266,1.92178652797,2.20181071177,1.78811008359,0.000536433025078,1,1,18,0,3
1969-02,0.0132547772906,0.0122714627669,0.00526169427685,1.52175230568,2.2114134363,0.925752818157,0.000277725845447,0.0136778206947,0.0128503664473,0.00526169427685,1.62219375934,2.51196663666,0.406218563862,0.000121865569159,0.0156657740801,0.014267870423,0.00526169427685,1.55349520026,2.43221264506,2.3077165957,0.000692314978711,0.0214817046571,0.0199967818862,0.00526169427685,1.62335475615,3.17847075624,2.59778030829,0.000779334092487,0.0184945362315,0.0173249613475,0.00526169427685,2.02169593996,2.89357274248,1.5466206854,0.00046398620562,0.0183417309289,0.016966741674,0.00526169427685,1.92388411136,2.75025930864,2.2313352552,0.00066940057656,1,1,19,0,3
1969-03,0.0395309399531,0.0382103619698,0.00527742471785,1.55236420893,3.10670152662,2.04996435001,0.000614989305004,0.0426519814021,0.0413852497446,0.00527742471785,1.66363422793,3.46732929993,1.87047659723,0.00056114297917,0.00450261910759,0.00333521126906,0.00527742471785,1.59279842414,3.33574744169,1.53939720065,0.000461819160196,-7.89508697377e-05,-0.000918422313054,0.00527742471785,1.66021784381,3.49703013139,0.446275883263,0.000133882764979,0.0352329744847,0.0339616073775,0.00527742471785,2.08680693423,3.46271265449,1.88592809628,0.000565778428883,0.0164018644355,0.0152219441751,0.00527742471785,1.98271415348,3.27518856057,1.58110527332,0.000474331581995,1,1,19,0,3
1969-04,-0.00348332942712,-0.00482426910335,0.00537960664082,1.57585355637,2.53797949817,2.11783665961,0.000635350997884,-0.003654055,-0.00450972881863,0.00537960664082,1.66978603763,3.4649058917,0.500283800992,0.000150085140298,0.0110712463051,0.0102685676078,0.00537960664082,1.60803203651,3.35316585801,0.323633396513,9.70900189538e-05,0.0108451484122,0.0100524443314,0.00537960664082,1.68499227881,3.53582916868,0.29038467491,8.71154024731e-05,-0.0032970244339,-0.00426975613116,0.00537960664082,2.16512508659,3.11618776005,0.890476729741,0.000267143018922,0.00591716632259,0.00491776701011,0.00537960664082,2.05242288803,3.05005482548,0.979368780464,0.000293810634139,1,1,19,0,3
1969-05,0.0103660727875,0.00927489502573,0.00552874426118,1.61807757887,2.44166634501,1.28529694485,0.000385589083456,0.0140729216943,0.0132243308548,0.00552874426118,1.66334537137,3.45861601707,0.476673870381,0.000143002161114,0.0169590984431,0.0159733689099,0.00552874426118,1.60761784568,3.35600879847,0.933802849589,0.000280140854877,0.0439853729264,0.0432305840684,0.00552874426118,1.68504217953,3.53931038725,0.164000598813,4.92001796439e-05,0.0242395353592,0.023421373729,0.00552874426118,2.16842503179,3.18592838481,0.375243172952,0.000112572951886,0.0246590295349,0.0236485993957,0.00552874426118,2.0570648879,3.11661470883,1.01613820277,0.000304841460832,1,1,19,0,3
1969-06,-0.0330131267237,-0.0348607783806,0.00587318432814,1.65487381681,2.4472698035,3.80687659504,0.00114206297851,0.0527834021814,0.0516946487232,0.00587318432814,1.71694098655,2.92989931086,1.27721593287,0.000383164779861,0.0552852425792,0.0545563587908,0.00587318432814,1.63731589587,3.41111275774,0.0776503669785,2.32951100935e-05,0.0103510305896,0.00953888504086,0.00587318432814,1.69146505916,3.54944352376,0.355189567885,0.000106556870366,0.00610148695179,0.00466511006359,0.00587318432814,2.17870000635,2.27453914318,2.43596069956,0.000730788209867,0.0083553122799,0.00709758110251,0.00587318432814,2.05549570733,2.34040421597,1.84047499683,0.00055214249905,1,1,19,0,3
1969-07,0.00480220752504,0.00344392013522,0.00644179547514,1.60557397757,2.29907454349,2.1756623716,0.000652698711481,0.00390629458336,0.00279488207036,0.00644179547514,1.67974970365,2.60032234147,1.35274611554,0.000405823834661,0.0403543218069,0.0395103333154,0.00644179547514,1.60540383021,3.38056675207,0.461332710349,0.000138399813105,0.0148375300942,0.0140525935389,0.00644179547514,1.70308378525,3.61989753859,0.264492923223,7.93478769668e-05,-0.00158708934992,-0.00279301737314,0.00644179547514,2.188149629,3.54053288614,1.66779781629,0.000500339344887,0.0217715510701,0.0207425338287,0.00644179547514,2.07393298131,3.25694759375,1.07809521007,0.000323428563021,1,1,19,0,3
1969-08,0.0278101646148,0.0265770636423,0.00696830036971,1.62764584097,2.43605864644,1.75837431397,0.000527512294192,0.0135864520938,0.0124438358068,0.00696830036971,1.74713997189,2.73520406812,1.45675869541,0.000437027608623,0.0163160721896,0.0155099869553,0.00696830036971,1.65183612298,3.50340695453,0.334988519695,0.000100496555909,0.00801315878354,0.00694705232937,0.00696830036971,1.72696679256,3.69404728924,1.20172591944,0.000360517775831,0.0190808065164,0.0177500384422,0.00696830036971,2.18285021813,3.5599812954,2.08393131956,0.000625179395869,0.0201272340099,0.0189730732756,0.00696830036971,2.1384978282,3.77932237236,1.49524018652,0.000448572055955,1,1,19,0,3
1969-09,0.0323898850907,0.0314842114976,0.00672865168627,1.78682175891,2.77981566893,0.666949715649,0.000200084914695,0.0156810127627,0.0149081842604,0.00672865168627,1.75400475199,2.75864910222,0.224132746564,6.72398239693e-05,0.0195152130908,0.0184015171692,0.00672865168627,1.86196537912,3.15334823699,1.36035747743,0.000408107243229,0.0160854030516,0.0153375754015,0.00672865168627,1.72759995376,3.70873085926,0.140796572611,4.22389717832e-05,0.0280142670059,0.027199623907,0.00672865168627,2.24327869245,3.66519182201,0.363514735106,0.000109054420532,0.0302087691518,0.0293136322749,0.00672865168627,2.30058277317,3.76843140687,0.631827328388,0.000189548198517,1,1,19,0,3
1969-10,0.027194521119,0.0256306800632,0.0067982917736,1.76950109168,2.60345140254,2.86084125813,0.000858252377438,0.0181036727769,0.0170979512814,0.0067982917736,1.75410471209,2.63164098575,1.00044272397,0.00030013281719,-0.0099846147931,-0.0109918690186,0.0067982917736,1.85662799106,2.73203783245,1.00555182393,0.00030166554718,-0.00531315799384,-0.00612862299638,0.0067982917736,1.78533761626,3.68847277167,0.36625441401,0.000109876324203,0.0107096118063,0.00946169174945,0.0067982917736,2.24015027279,2.53487849639,1.80777126175,0.000542331378526,0.00046650455676,-0.000766864199392,0.0067982917736,2.28431916206,2.57760846054,1.75926692605,0.000527780077815,1,1,19,0,3
1969-11,0.0204651835327,0.0187380449039,0.00686787891427,1.8016537987,2.49203681252,3.40516650165,0.00102154995049,0.0251869683195,0.0244135470181,0.00686787891427,1.80817791131,2.72447414972,0.226108743428,6.78326230285e-05,0.0280490552874,0.0272669641155,0.00686787891427,1.87788527174,2.76603835503,0.255008311869,7.65024935607e-05,0.00963777310199,0.00876324262515,0.00686787891427,1.81456916408,3.75749416111,0.563139328321,0.000168941798496,0.0203400658594,0.019079060796,0.00686787891427,2.31868250523,2.93128537593,1.8513879502,0.000555416385061,0.0212366592893,0.0199692284935,0.00686787891427,2.32902432869,2.92999910816,1.87280705833,0.000561842117499,1,1,19,0,3
1969-12,-0.0429574800938,-0.044567228899,0.00679055660231,1.90363806316,3.07586473403,3.01386708946,0.000904160126839,0.0465635793978,0.045335145806,0.00679055660231,1.81146139181,2.97406588072,1.74281637822,0.000522844913467,0.102839516947,0.1019956101,0.00679055660231,1.86236076655,3.00841948444,0.461060560421,0.000138318168126,0.0964384206639,0.0957033986052,0.00679055660231,1.81503199454,3.74502142413,0.0981112678842,2.94333803652e-05,0.0311641002248,0.0298533669842,0.00679055660231,2.38671559024,2.24971176159,2.01714854092,0.000605144562275,0.0646789426674,0.0635514476006,0.00679055660231,2.38546725131,2.36055668928,1.40635462845,0.000421906388535,1,1,19,0,3
1970-01,0.0165703803473,0.0149007747117,0.00703004347754,1.84715951598,2.71051313603,3.21338985753,0.00096401695726,0.00308718340383,0.00227931269907,0.00703004347754,1.93333852371,3.14194924479,0.340940088085,0.000102282026425,-0.00728590143241,-0.00812962420034,0.00703004347754,1.69514432153,2.69390575714,0.460446965312,0.000138134089593,0.0377556213855,0.036887155499,0.00703004347754,1.70062000002,3.46293733314,0.54292402751,0.000162877208253,0.0229263687414,0.0217773118264,0.00703004347754,2.43594346802,3.10547923225,1.47822745546,0.000443468236639,0.0194301406953,0.0182693199533,0.00703004347754,2.30639083701,2.98743555916,1.51744021217,0.000455232063652,1,1,19,0,3
1970-02,-0.0151010808752,-0.0165337645902,0.00713799381895,1.86196431489,2.56531534053,2.42365012231,0.000727095036693,-0.0207560665346,-0.0220722376862,0.00713799381895,2.04152726596,3.38701933208,2.03527491056,0.000610582473169,-0.0168607023192,-0.0176810359337,0.00713799381895,1.80863002755,2.95493603733,0.382483120628,0.000114744936188,-0.0240424912572,-0.0248308809856,0.00713799381895,1.73650900574,3.49553449027,0.2760035001,8.28010500301e-05,-0.0174541142166,-0.0186950612501,0.00713799381895,2.43571143326,3.8023953063,1.7845278505,0.000535358355149,-0.0220837323568,-0.0232230468051,0.00713799381895,2.44388440693,4.04506320787,1.44575256636,0.000433725769908,1,1,19,0,3
1970-03,-0.00306554280311,-0.00435217586647,0.00688333554149,1.84201998565,2.7578338184,1.93681461673,0.00058104438502,-0.00664119772161,-0.0076250367752,0.00688333554149,1.99067879209,3.33309471664,0.927501250826,0.000278250375248,-0.00534294176667,-0.00636077171385,0.00688333554149,1.79736787266,3.12821991234,1.04080422947,0.000312241268842,-0.00750114350921,-0.00841105321711,0.00688333554149,1.70606635502,2.99953838832,0.68107009854,0.000204321029562,-0.0123632371502,-0.0135015587212,0.00688333554149,2.39273543047,3.49017856374,1.44244297567,0.0004327328927,-0.0121153212123,-0.0132965225853,0.00688333554149,2.40755265707,3.57547323013,1.5853756491,0.000475612694729,1,1,19,0,3
1970-04,0.00846731491027,0.00689478706448,0.00649613458538,1.84313573704,2.21830927634,2.88979722486,0.000866939167458,0.0559973533524,0.0551051590043,0.00649613458538,1.98976098662,3.05737113656,0.622018898954,0.000186605669686,0.0494254585548,0.048618513892,0.00649613458538,1.79203163893,3.12069318191,0.337853281618,0.000101355984485,0.0493155943313,0.0485206064149,0.00649613458538,1.70186826907,2.99366864574,0.297997460164,8.93992380492e-05,0.0523304505223,0.0511709968575,0.00649613458538,2.3656343275,2.41062447753,1.51288328815,0.000453864986445,0.0502967252454,0.0491314218087,0.00649613458538,2.38107115116,2.59679650134,1.53238252774,0.000459714758322,1,1,19,0,3
1970-05,-0.069154329935,-0.070348544067,0.00605271748963,1.85287853171,2.19658438391,1.62875151202,0.000488625453607,0.0367144745618,0.0353071955732,0.00605271748963,1.94023125515,2.95116210483,2.33896770109,0.000701690310326,0.0280515495086,0.0267759247253,0.00605271748963,1.74864681437,3.01801461877,1.90012035012,0.000570036105037,0.0855990172675,0.0848583208194,0.00605271748963,1.72170000031,2.99696189021,0.117025899125,3.51077697376e-05,0.0257729638477,0.0246556193553,0.00605271748963,2.31697234216,1.72191413059,1.37251938013,0.00041175581404,0.0208257384462,0.0196406579044,0.00605271748963,2.33274444504,2.02442859207,1.59830621166,0.000479491863497,1,1,19,0,3
1970-06,-0.000600487620187,-0.00208875926608,0.00649613458538,1.72891893793,2.16360936774,2.60894322519,0.000782682967558,-0.00121361389976,-0.00246060506932,0.00649613458538,1.97603704469,2.57570967282,1.80467497075,0.000541402491226,0.00479278847,0.00349544636232,0.00649613458538,1.76579881016,2.7941693573,1.97251143115,0.000591753429344,0.00216164149689,0.00139790064718,0.00649613458538,1.67377783674,2.81659296956,0.193840571249,5.81521713748e-05,0.000445500655825,-0.000824423004348,0.00649613458538,2.45788816396,2.31512280096,1.88111660612,0.000564334981836,0.00200768326466,0.000677498044789,0.00649613458538,2.42048305631,3.20725653817,2.08198847179,0.000624596541537,1,1,19,0,3
1970-07,-0.0060750562351,-0.00686868747986,0.00648837383085,1.74089642115,2.1667699619,0.29347522142,8.8042566426e-05,-0.0118574292814,-0.0132389269706,0.00648837383085,1.96420203241,2.54872925665,2.25303003629,0.000675909010888,-0.0118282859328,-0.0126154331963,0.00648837383085,1.8106744505,2.84610467187,0.271861950614,8.15585851841e-05,-0.018598199907,-0.0193536313067,0.00648837383085,1.7277659858,2.89471741181,0.166142404692,4.98427214075e-05,-0.0178526257721,-0.0188664465786,0.00648837383085,2.44812884153,2.92635128347,1.02744042744,0.000308232128233,-0.0196040307685,-0.0203902530677,0.00648837383085,2.44851243178,3.14675826793,0.268778736149,8.06336208446e-05,1,1,19,0,3
1970-08,-0.00971282262614,-0.0111754394588,0.00644179547514,1.93719967325,2.00483964019,2.52342718106,0.000757028154317,-0.00801136980691,-0.00881234190649,0.00644179547514,2.18066287067,2.70006579742,0.317944737466,9.53834212399e-05,-0.00586046431686,-0.00678013610053,0.00644179547514,1.83305016141,2.82093302249,0.713610351128,0.000214083105339,-0.0127883752049,-0.0135724064804,0.00644179547514,1.7440054492,2.87316041878,0.261475323653,7.84425970959e-05,-0.0235505273102,-0.0246704918799,0.00644179547514,2.80968513366,2.32285830878,1.38125297132,0.000414375891395,-0.0208704704064,-0.0219970887522,0.00644179547514,2.65179436513,2.4291565482,1.40343222498,0.000421029667494,1,1,19,0,3
1970-09,-0.000881200597203,-0.00178691906052,0.00621633185315,1.9390747898,2.15951927156,0.66709928325,0.000200129784975,-0.0190652105264,-0.0200305710829,0.00621633185315,2.18419122031,2.89668906244,0.865906260609,0.000259771878183,-0.00291567448979,-0.0042596433585,0.00621633185315,1.85367787599,2.44719173996,2.1279339679,0.00063838019037,-0.0381253684732,-0.0389072013762,0.00621633185315,1.72689952837,2.84406787882,0.254147415508,7.62442246525e-05,-0.0446900657438,-0.0456188173051,0.00621633185315,2.79446335955,2.60540344919,0.743876276565,0.000223162882969,-0.0335084048231,-0.0346220624953,0.00621633185315,2.64985031576,2.24931031137,1.3602299796,0.000408068993879,1,1,19,0,3
1970-10,0.0204233418421,0.0188093430103,0.00588880990679,1.95566091178,2.03452318025,3.02803384461,0.000908410153384,0.0253761717506,0.0237456609664,0.00588880990679,2.14651556355,2.49191377084,3.08307368611,0.000924922105834,0.00876726327281,0.00753206202296,0.00588880990679,1.85113260705,2.41285999319,1.76537523835,0.000529612571506,-0.00298937668468,-0.00383643908133,0.00588880990679,1.64278898217,2.68263158522,0.471579061041,0.000141473718312,0.0167416391429,0.0154785838469,0.00588880990679,2.66780919335,1.77246186569,1.85822205893,0.000557466617678,0.00789955060915,0.00647233561003,0.00588880990679,2.58262837475,2.43979595531,2.40542106927,0.000721626320782,1,1,19,0,3
1970-11,0.0397130941855,0.0385704990459,0.00546597912957,1.97723202429,2.17763383388,1.45668820417,0.000437006461251,0.0516266318776,0.0507407654803,0.00546597912957,2.15921317799,2.4836014347,0.600925729862,0.000180277718959,0.000927286137638,0.000163356692634,0.00546597912957,1.86150851393,2.40901832248,0.194469222221,5.83407666662e-05,-0.0122470953458,-0.0130300049322,0.00546597912957,1.64158911448,2.66289469412,0.257736360152,7.73209080456e-05,0.0325119344405,0.03147379254,0.00546597912957,2.73395774512,2.13735937194,1.10851074058,0.000332553222175,0.0118512450789,0.0108723419391,0.00546597912957,2.62790527402,2.02729152915,0.911048204794,0.000273314461438,1,1,19,0,3
1970-12,0.056272790184,0.0552521525417,0.00493072793153,1.93008465021,2.1195114806,1.05016321318,0.000315048963954,0.0602233615428,0.0593850722812,0.00493072793153,2.10605943758,2.41465628269,0.442335277505,0.000132700583252,0.0205267113036,0.0193909430823,0.00493072793153,1.85978088367,2.40054462025,1.43393180999,0.000430179542998,-0.03446282702,-0.0352959991449,0.00493072793153,1.62397626647,2.61379048893,0.425278155135,0.00012758344654,0.0387798423641,0.0378498779567,0.00493072793153,2.71067837896,2.13687702315,0.747919096874,0.000224375729062,0.0157343414528,0.01466594752,0.00493072793153,2.62865233068,2.00155934201,1.20935084842,0.000362805254526,1,1,19,0,3
1971-01,0.016002117624,0.0148369313609,0.00460648106881,1.84245417534,2.0153409008,1.53199194936,0.000459597584809,0.0498446565253,0.0489224900405,0.00460648106881,2.08311618278,2.36246088943,0.721926021722,0.000216577806517,0.0387572279865,0.037697079409,0.00460648106881,1.90904895075,2.15587872233,1.18186633057,0.000354559899171,-0.0613736392788,-0.0625887367181,0.00460648106881,1.58691239245,2.5511026132,1.69836253652,0.000509508760956,-0.0108789774467,-0.0120511702873,0.00460648106881,2.72779753601,2.90107142616,1.55534720757,0.000466604162272,-0.013463698953,-0.0145222584946,0.00460648106881,2.69566490979,2.66194072335,1.17656954415,0.000352970863244,1,1,19,0,3
1971-02,0.0320678767956,0.0310507240085,0.00414581520379,1.87086902313,1.92206133298,1.03854702925,0.000311564108774,0.0412053913824,0.0404755411912,0.00414581520379,2.14243571606,2.42712701665,0.0808717096444,2.42615128933e-05,0.0373430413694,0.0364608490008,0.00414581520379,1.92602936034,2.17122270741,0.588678967492,0.000176603690248,0.00818678341313,0.00732050504578,0.00414581520379,1.48448121556,2.2370368334,0.535632296729,0.000160689689019,0.0410285761303,0.040041508315,0.00414581520379,2.87055525276,3.0170616489,0.938263789691,0.000281479136907,0.039885544775,0.0388493287882,0.00414581520379,2.78721973174,2.91547307893,1.10209102805,0.000330627308415,1,1,19,0,3
1971-03,0.0123404202551,0.011250869325,0.00357871337678,1.89796516225,2.57607420111,1.27987417255,0.000383962251765,0.0105996338181,0.00970712303974,0.00357871337678,2.12627286553,2.95065550177,0.623073666638,0.000186922099991,0.00939345543461,0.00849270264527,0.00357871337678,1.9251336508,2.66386663544,0.650547036706,0.000195164111012,0.0169105022828,0.0158814913155,0.00357871337678,1.50311655236,2.33688571227,1.07807429631,0.000323422288892,0.0235876100396,0.0224242701514,0.00357871337678,2.87433416482,3.96818156786,1.52583736621,0.000457751209864,0.0239159367696,0.0227234263675,0.00357871337678,2.90927230611,4.01746715013,1.62307241271,0.000486921723814,1,1,19,0,3
1971-04,-0.0329406564238,-0.0340519667683,0.00315307420847,1.92917722043,1.83799944575,1.35240555396,0.000405721666189,-0.0497822105356,-0.0505072404631,0.00315307420847,2.13439022364,2.93251290439,0.0648041638732,1.9441249162e-05,-0.0448402546233,-0.045563592133,0.00315307420847,1.93411987087,2.64884345787,0.0591627711561,1.77488313468e-05,-0.0282285560202,-0.0289492364707,0.00315307420847,1.5072396477,2.31427750907,0.0503059074361,1.50917722308e-05,-0.0496101355836,-0.0505193984779,0.00315307420847,2.86722764314,3.5947894533,0.678914053003,0.000203674215901,-0.050073449712,-0.0509876334126,0.00315307420847,2.89977809207,3.63435935953,0.695316740801,0.00020859502224,1,1,19,0,3
1971-05,-0.0274745338514,-0.0287900411629,0.00363478168988,1.97202182413,2.22074442968,2.03306211045,0.000609918633136,-0.0323134424985,-0.0334015650901,0.00363478168988,2.07563383407,2.8394714929,1.2751130442,0.000382533913261,-0.0115411484427,-0.0123338362754,0.00363478168988,1.90473123354,2.5970336953,0.290330514536,8.70991543608e-05,-0.0146016255737,-0.0153549507141,0.00363478168988,1.49225004954,2.27213217655,0.159121540231,4.77364620694e-05,-0.0401718820722,-0.0413347466176,0.00363478168988,2.76101152016,2.80367098628,1.52425289026,0.000457275867079,-0.0334179884532,-0.0344723993336,0.00363478168988,2.7980987001,2.84845923937,1.16274067364,0.000348822202093,1,1,19,0,3
1971-06,-0.0156769266171,-0.0169143847555,0.00405818470759,1.98452819136,2.21496217987,1.77289820006,0.000531869460018,-0.0251541788508,-0.0263762031215,0.00405818470759,2.03386220129,2.35973116758,1.72145197472,0.000516435592415,-0.0345695105517,-0.0354219375355,0.00405818470759,1.92459850889,2.6025833515,0.489461018284,0.000146838305485,-0.0172647942071,-0.0180217158625,0.00405818470759,1.54612634495,2.32973825073,0.171109923752,5.13329771256e-05,-0.0314243125898,-0.0326397233243,0.00405818470759,2.80948320705,2.21586547865,1.69940685381,0.000509822056144,-0.0375079328729,-0.0385939599761,0.00405818470759,2.88661498063,2.45246234413,1.26812808297,0.00038043842489,1,1,19,0,3
1971-07,0.0221885443292,0.0205669779866,0.0043923222705,2.02937282868,2.23717780854,3.05325888088,0.000915977664265,0.0150924260755,0.0136791848668,0.0043923222705,2.00804882852,2.30194103124,2.35884176777,0.000707652530331,-0.00446335342583,-0.00522377196403,0.0043923222705,1.87063688257,2.5052785898,0.182766199523,5.48298598568e-05,0.00171794227906,0.000921643675008,0.0043923222705,1.53391873761,2.09070924219,0.30236641905,9.07099257149e-05,0.0167770141218,0.0152860931738,0.0043923222705,2.74909367478,1.61055624171,2.61777423219,0.000785332269656,0.0076745119653,0.00647049126585,0.0043923222705,2.84260830855,2.13049691601,1.66144007038,0.000498432021113,1,1,19,0,3
1971-08,-0.00441420936641,-0.00554660701877,0.00466983920004,2.06886617497,2.28195835581,1.4226965801,0.00042680897403,-0.0133819983833,-0.01455412532,0.00466983920004,2.07151116212,2.38600949003,1.55512752781,0.000466538258344,-0.00881178691229,-0.0102801782761,0.00466983920004,1.9366573629,2.59897715151,2.5426756182,0.00076280268546,0.00388078506196,0.00309954342071,0.00466983920004,1.55963957029,2.13409152693,0.25217654304,7.56529629121e-05,-0.00880276794746,-0.0099209498821,0.00466983920004,2.90488547319,1.86686537152,1.37531085435,0.000412593256306,-0.00773345375074,-0.00898679743358,0.00466983920004,3,1.98497302468,1.825850015,0.0005477550045,1,1,19,0,3
1971-09,-0.0205814297467,-0.0218455766763,0.00466192183687,2.0737295378,2.18893982207,1.86186083763,0.00055855825129,-0.0250710781347,-0.0261698976531,0.00466192183687,2.05191289161,2.4125535486,1.31076946699,0.000393230840097,-0.00474179307064,-0.00561021930638,0.00466192183687,1.93956790929,2.28098541534,0.542791858005,0.000162837557401,0.0325237782796,0.0317903515107,0.00466192183687,1.55987706897,2.13361835859,0.0927936351427,2.78380905428e-05,-0.0104609944538,-0.0115840708372,0.00466192183687,2.89161379442,1.75505016308,1.39162568342,0.000417487705026,0.000824737882788,-0.00018019152951,0.00466192183687,3,1.92011791129,0.997802446534,0.00029934073396,1,1,19,0,3
1971-10,0.0312606715122,0.0297087404348,0.00457478551288,2.05376547649,2.54748403157,2.82114133024,0.000846342399071,0.0266060492061,0.0257136338997,0.00457478551288,2.00767011897,2.599872081,0.622755426862,0.000186826628059,0.0007882752089,-0.000166026781371,0.00457478551288,1.93502368993,2.50609402363,0.829044373112,0.000248713311934,0.0206912019145,0.019898792725,0.00457478551288,1.58530447156,2.33776015578,0.289401703718,8.68205111155e-05,0.038933560361,0.037754556138,0.00457478551288,2.90454705195,2.0919417522,1.5780518155,0.000473415544651,0.024987550585,0.0237169767405,0.00457478551288,3,2.09908272587,1.88328388706,0.000564985166118,1,1,19,0,3
1971-11,-0.00221762979481,-0.00363436887121,0.00428902936033,2.04518597022,2.3611810667,2.37050132687,0.000711150398062,0.0371785228162,0.0357985453137,0.00428902936033,1.99919887563,2.57555337438,2.24796274727,0.000674388824181,-0.015351273127,-0.016309033036,0.00428902936033,1.94867111229,2.50613725217,0.840570769064,0.000252171230719,-0.00510537670132,-0.00582206724623,0.00428902936033,1.57977124448,2.31715417416,0.0370062218952,1.11018665686e-05,0.00810133180698,0.00673077761745,0.00428902936033,2.86007836087,2.59384348299,2.21655170396,0.000664965511187,-0.0239394171593,-0.0251330049288,0.00428902936033,3,2.43734629205,1.62666363712,0.000487999091137,1,1,19,0,3
1971-12,-0.0143724385373,-0.0159341408092,0.0039704700018,2.06216916489,2.25666959941,2.85371197848,0.000856113593543,0.00215041853557,0.00118858062991,0.0039704700018,2.05210361457,2.61485087495,0.85416409107,0.000256249227321,-0.0274021375168,-0.0284531591769,0.0039704700018,1.96427115545,2.55401723536,1.15144327249,0.000345432981747,0.0352529951704,0.0345083149848,0.0039704700018,1.57735530456,2.34071819109,0.130305024299,3.90915072896e-05,0.00401551006043,0.00278953769923,0.0039704700018,2.86233397975,2.62099590946,1.73461227621,0.000520383682864,-0.00953875450336,-0.0108887698167,0.0039704700018,3,2.40390902599,2.14808878322,0.000644426634965,1,1,19,0,3
1972-01,-0.00420957020254,-0.00542247544329,0.00379478728344,2.07165931969,2.28367814573,1.69105520803,0.000507316562408,-0.00768852891442,-0.00844244987266,0.00379478728344,2.08205399226,2.64639325696,0.161107599675,4.83322799026e-05,-0.0133986544497,-0.0145896718979,0.00379478728344,1.93859086936,2.51086407297,1.61809589982,0.000485428769946,0.0327101568985,0.0318531917268,0.00379478728344,1.57223128035,2.32679154449,0.504588311167,0.00015137649335,0.00700050241644,0.00600238770258,0.00379478728344,2.99438931537,2.95211585593,0.975086785071,0.000292526035521,0.0039257392724,0.00272525148164,0.00379478728344,3,2.82241965508,1.64966370809,0.000494899112427,1,1,19,0,3
1972-02,0.0505997464867,0.0490394736063,0.00323353566034,2.07030402597,2.42844776148,2.8489473402,0.000854684202059,-0.00630611326443,-0.00717594983337,0.00323353566034,2.08707693569,2.52190648308,0.547492968687,0.000164247890606,-0.00890000836128,-0.0097839078842,0.00323353566034,1.94051683565,2.38933532149,0.594369481941,0.000178310844582,0.00855780128408,0.00756545025804,0.00323353566034,1.5584051171,2.28062942401,0.955874492342,0.000286762347702,0.0244992331031,0.0230865400133,0.00323353566034,3,2.59862043258,2.35701470495,0.000707104411484,0.023067195958,0.0217065960673,0.00323353566034,3,2.52523580792,2.18337070774,0.000655011212321,1,1,20,0,3
1972-03,-0.00656720130825,-0.00774919500775,0.00295967657621,1.99599701523,2.83099710018,1.5880167372,0.000476405021159,0.0150059981615,0.0137076510501,0.00295967657621,2.07734455179,3.11204387771,1.97586144352,0.000592758433056,-0.000705111432691,-0.00182385322179,0.00295967657621,1.93653800786,2.90008025534,1.37717703587,0.00041315311076,0.00176261457992,0.00089037064946,0.00295967657621,1.56321348159,2.34717768277,0.555517507074,0.000166655252122,0.0090135647784,0.00770747673969,0.00295967657621,2.99857459719,3.39737291482,2.00166453457,0.00060049936037,0.00185906344442,0.000616943331507,0.00295967657621,3,3.41814268363,1.78843811527,0.000536531434581,1,1,20,0,3
1972-04,0.0190144951995,0.0176239179945,0.0033380295383,2.06806306396,2.05738598172,2.28329508893,0.00068498852668,0.0079246939491,0.00674135649471,0.0033380295383,2.13512314393,3.18556180889,1.59249592019,0.000477748776056,-0.01027528749,-0.0110551323237,0.0033380295383,1.93568724518,2.88795573979,0.247520518041,7.42561554122e-05,-0.000925648510177,-0.00173728723872,0.0033380295383,1.5641615864,2.34056349639,0.353500167359,0.000106050050208,0.0127358610472,0.0114703616597,0.0033380295383,3,3.00920615025,1.86636903062,0.000559910709187,0.00395508939026,0.0028683071074,0.0033380295383,3,2.85588332579,1.27064534839,0.000381193604518,1,1,20,0,3
1972-05,0.018624301536,0.017537898187,0.00375481218115,2.060296133,2.04959789116,1.26938223548,0.000380814670645,-0.0379902722382,-0.0387898211263,0.00375481218115,2.14693801455,3.05897965201,0.313200699092,9.39602097277e-05,-0.0233279287065,-0.0241730098788,0.00375481218115,1.92831847671,2.87886559268,0.464974979899,0.00013949249397,-0.0190657286946,-0.0201266214316,0.00375481218115,1.5636415032,2.34124139504,1.18434686216,0.000355304058649,-0.0245977732373,-0.0253841900779,0.00375481218115,3,2.80025447269,0.269427207459,8.08281622378e-05,-0.0195016545984,-0.0203145648477,0.00375481218115,3,2.927238028,0.357738570005,0.000107321571001,1,1,20,0,3
1972-06,0.0072719727811,0.00598655428648,0.00360274687305,2.05297755715,2.18281248903,1.93276605428,0.000579829816284,0.000140151525281,-0.00116729866829,0.00360274687305,2.06882813041,2.28405309919,2.00620505076,0.000601861515229,0.00440022179298,0.00327539778466,0.00360274687305,1.90739385477,2.72021610335,1.39745109994,0.000419235329981,0.00804587515219,0.00727922437594,0.00360274687305,1.5823036398,2.26841664494,0.203540326375,6.10620979126e-05,0.00625565098978,0.00501781175305,0.00360274687305,3,2.82567757823,1.77416852798,0.000532250558394,0.00826982353533,0.00702656187332,0.00360274687305,3,3.1168192185,1.79224327893,0.00053767298368,1,1,20,0,3
1972-07,0.0481991007114,0.0466198149933,0.00378679366382,2.1357489921,2.15654169799,2.91232346595,0.000873697039784,0.039685547687,0.0383989142325,0.00378679366382,2.16911394353,2.54629051366,1.93681592062,0.000581044776186,0.0152048787904,0.0143397044461,0.00378679366382,2.02487980851,2.88265166326,0.531952219624,0.000159585665887,0.0100144999749,0.00889344375993,0.00378679366382,1.58223806152,2.26562665756,1.38489178886,0.000415467536659,0.0413412456388,0.0396747554162,0.00378679366382,3,2.39732122881,3.2030051473,0.00096090154419,0.031119119441,0.0296625076695,0.00378679366382,3,2.06026119583,2.50341031039,0.000751023093117,1,1,20,0,3
1972-08,-0.0118072164586,-0.0131306180699,0.00393057179732,2.06977027495,2.37641461472,2.05937644333,0.000617812932999,-0.0132639391409,-0.0144915194734,0.00393057179732,2.13486806941,2.53204898198,1.73997218048,0.000521991654144,0.014832978542,0.0140872879465,0.00393057179732,2.08898595361,2.98449197047,0.133673057222,4.01019171666e-05,-0.000433199676003,-0.00117156727446,0.00393057179732,1.58285056269,2.2725377942,0.109263067075,3.27789201226e-05,-0.00978447429763,-0.0107830884432,0.00393057179732,3,2.5458938677,0.976751557558,0.000293025467267,0.00567654931724,0.00463465166446,0.00393057179732,3,2.86326933339,1.12102991481,0.000336308974444,1,1,20,0,3
1972-09,0.0481077629461,0.0467311536739,0.00395451281294,2.08366181365,2.48485677021,2.23673531314,0.000671020593941,-0.0290871446594,-0.029848583464,0.00395451281294,2.11878494431,2.59300959059,0.186167087385,5.58501262154e-05,0.0658707177963,0.0646400910952,0.00395451281294,2.08981723741,2.54617804745,1.7501267426,0.000525038022781,-0.0668087278584,-0.0675694604317,0.00395451281294,1.5824826342,2.29641233475,0.183812983378,5.51438950134e-05,-0.0346093404451,-0.0357036484084,0.00395451281294,3,2.64249077491,1.29573094996,0.000388719284989,0.00568294787827,0.00437407171414,0.00395451281294,3,1.96636148027,2.010958286,0.000603287485801,1,1,20,0,3
1972-10,0.00927163498647,0.00755466597978,0.00417765999336,2.04742868562,2.1716812753,3.37126776117,0.00101138032835,0.0269888716784,0.0254743508897,0.00417765999336,2.07459036838,2.40446775341,2.69644036782,0.000808932110346,0.0200018137066,0.0191493240397,0.00417765999336,1.96815479669,2.30302153281,0.489669961757,0.000146900988527,0.0266221910511,0.0257459590829,0.00417765999336,1.46977673256,2.0597088014,0.568810966471,0.000170643289941,0.0302526792786,0.0286050031953,0.00417765999336,2.97749021448,2.29161125023,3.14029134996,0.000942087404988,0.0288473710077,0.0275896129894,0.00417765999336,3,2.40409914029,1.8405644667,0.000552169340009,1,1,20,0,3
1972-11,-0.0201451992267,-0.0213916674843,0.00427312776616,2.06572231076,2.29019676767,1.80293193095,0.000540879579284,-0.0020026905867,-0.00290644477945,0.00427312776616,2.06444384302,2.38936282937,0.660551714705,0.000198165514411,-0.000205693251596,-0.00101881032325,0.00427312776616,1.97013833453,2.30614722513,0.358427977707,0.000107528393312,0.0279821560791,0.0268423500984,0.00427312776616,1.45651625032,2.04284092744,1.44739100764,0.000434217302292,0.00640565009234,0.00507426846979,0.00427312776616,2.94456253819,2.61215682137,2.08597648071,0.000625792944212,0.00547244033849,0.00420133800473,0.00427312776616,3,2.6777654574,1.88504551807,0.000565513655421,1,1,20,0,3
1972-12,0.0350944327383,0.0334866063589,0.00424927018062,2.05491673472,2.12978103352,3.0074590036,0.00090223770108,0.0416996691832,0.0408788878371,0.00424927018062,2.07359231617,2.3324834122,0.383975559388,0.000115192667816,0.0290711961764,0.0279923427089,0.00424927018062,1.98607679674,2.30453102511,1.24421596392,0.000373264789175,0.0437039469328,0.0429336998305,0.00424927018062,1.44157971024,2.01295539803,0.215528079772,6.46584239315e-05,0.0599580441975,0.0587851456192,0.00424927018062,2.95919731976,1.7192408066,1.55769966668,0.000467309900004,0.0545110761069,0.0531249121434,0.00424927018062,3,1.88018111034,2.26858428377,0.000680575285131,1,1,20,0,3
1973-01,0.0544324322471,0.0531850691608,0.00441614251048,2.12582444538,2.39728873403,1.80591469327,0.000541774407982,0.0437435615664,0.0426910501808,0.00441614251048,2.09606363833,2.39458123174,1.15640902429,0.000346922707287,0.0591770300597,0.057988087003,0.00441614251048,2.44738699102,2.89872236819,1.61118126136,0.000483354378408,0.10584568254,0.105031060682,0.00441614251048,1.5381411722,2.19830166676,0.363443932397,0.000109033179719,0.103767123396,0.102633133638,0.00441614251048,2.85467323132,2.30267733574,1.42800359717,0.00042840107915,0.11444198103,0.113255011207,0.00441614251048,3,2.39546766122,1.60460381623,0.000481381144868,1,1,20,0,3
1973-02,0.104757032017,0.102281966497,0.00471732897177,2.04928850767,4.1527647535,5.89825613777,0.00176947684133,0.125376969314,0.122938214216,0.00471732897177,2.05106186324,4.20433149021,5.77722140016,0.00173316642005,0.156040312149,0.153521976744,0.00471732897177,2.33570804056,4.80808735455,6.04248908844,0.00181274672653,0.0993995541374,0.0975392238893,0.00471732897177,1.33456962045,2.84347314707,3.84913856587,0.00115474156976,0.152880863441,0.150932030235,0.00471732897177,2.48888053423,2.96452369593,4.1441484231,0.00124324452693,0.169740602152,0.167700324147,0.00471732897177,2.68258617286,3.83536661815,4.44896442382,0.00133468932715,6,5,20,5,4
1973-03,-0.00245683929807,-0.00442333155065,0.00513575317408,1.80729095547,3.42450560595,4.20301191414,0.00126090357424,0.0074159111284,0.00625574970544,0.00513575317408,1.72374766334,3.26620543221,1.51524248206,0.000454572744618,0.00627185173262,0.00463976314909,0.00513575317408,1.77803747695,3.36907529415,3.08833301731,0.000926499905194,0.0102184655547,0.00916062914711,0.00513575317408,1.18360136311,2.24272106874,1.17415909737,0.000352247729211,0.00604502109702,0.00462451874752,0.00513575317408,1.92644505037,2.61371073488,2.38304557055,0.000714913671165,0.00561699086207,0.00396919741132,0.00513575317408,1.9718841079,2.86155240746,3.1406825747,0.00094220477241,6,5,20,5,4
1973-04,-0.00104153222075,-0.00315384390462,0.0056932979896,1.80911028347,3.27143078084,4.68907668509,0.00140672300553,-0.0117588340235,-0.0129112830709,0.0056932979896,1.73278721388,3.27342024839,1.48953456385,0.000446860369154,-0.0135259608417,-0.0142671255356,0.0056932979896,1.7850827159,3.37221204107,0.118586718787,3.5576015636e-05,-0.0113548101051,-0.0120747880064,0.0056932979896,1.18701180444,2.24239216713,0.0479640765397,1.43892229619e-05,-0.0125194925716,-0.0138942171538,0.0056932979896,1.94051409943,2.11013534435,2.23045301304,0.000669135903912,-0.0133948007554,-0.0146266057309,0.0056932979896,1.98479239196,2.15828402314,1.75405432398,0.000526216297194,6,5,20,5,4
1973-05,0.0159879574857,0.0148375790562,0.00589662169497,1.80518167695,3.27248201392,1.4826325041,0.000444789751229,0.0479730922486,0.0470219770201,0.00589662169497,1.75878368967,3.32984222937,0.818421833679,0.000245526550104,0.0284140775136,0.0276808881332,0.00589662169497,1.82019764678,3.44611507695,0.0920023402191,2.76007020657e-05,0.0107524031633,0.0097516468331,0.00589662169497,1.193954805,2.26047191193,0.983892172925,0.000295167651877,0.0278035270007,0.0268465300324,0.00589662169497,1.95709223125,2.01486273433,0.838027633157,0.000251408289947,0.0206042617604,0.0195679349426,0.00589662169497,2.00303225859,2.06215884415,1.10246046492,0.000330738139475,6,5,20,5,4
1973-06,0.0458349121795,0.0440166071469,0.0060839047032,2.03425455812,3.68982720667,3.70905451409,0.00111271635423,0.0517362354885,0.0504687921817,0.0060839047032,1.73391315949,3.18379564281,1.87284876169,0.000561854628507,0.0618834418143,0.0608798527517,0.0060839047032,1.82068459243,3.47442406301,0.993334614101,0.00029800038423,0.0418211029639,0.0408122943398,0.0060839047032,1.25677226109,2.39830655117,1.0107331526,0.000303219945779,0.0544316523033,0.0531002216022,0.0060839047032,1.9519827209,1.87859430069,2.08614007582,0.000625842022747,0.0585415640301,0.0572231366439,0.0060839047032,2.00158752114,2.38841701758,2.04279569292,0.000612838707876,6,5,20,5,4
1973-07,0.0115952625898,0.00994935834323,0.00655819693656,2.01170084278,3.67356562871,3.13438522729,0.000940315568186,0.025639928962,0.0246569335115,0.00655819693656,1.6937877842,3.1071201606,0.924689240685,0.000277406772206,0.036384317619,0.0351660020037,0.00655819693656,1.73980360383,3.3169992854,1.70908978983,0.00051272693695,0.0309632019224,0.0302425673446,0.00655819693656,1.23267028397,2.35013103896,0.0501529980966,1.5045899429e-05,0.0277813048559,0.0267142066155,0.00655819693656,1.89672191523,2.58001692249,1.20503187332,0.000361509561995,0.0319107951686,0.0307158259098,0.00655819693656,1.92816179482,2.73253082427,1.63126860125,0.000489380580374,6,5,20,5,4
1973-08,0.0298360767024,0.0286411288833,0.00774476854075,2.03109817235,3.68446823037,1.63119713608,0.000489359140824,0.0239274464553,0.0230707763473,0.00774476854075,1.70464409105,3.10576803705,0.503604765636,0.000151081429691,0.021614013728,0.0208913057785,0.00774476854075,1.73373892499,3.28380660295,0.0570642370209,1.71192711063e-05,0.0147703658879,0.0137426088091,0.00774476854075,1.23114542482,2.33186405227,1.07389466833,0.000322168400498,0.0243510645905,0.0232732264993,0.00774476854075,1.9104989278,3.04577725254,1.24083137623,0.00037224941287,0.0236142509167,0.0225807635606,0.00774476854075,1.93666443636,3.24389885022,1.09299559243,0.00032789867773,6,5,20,5,4
1973-09,0.035275911736,0.0338914072424,0.00856024728635,2.05280081011,3.68110818389,2.26305271751,0.000678915815252,0.0305209017506,0.0293264281097,0.00856024728635,1.71340420654,3.07249793352,1.6296165417,0.000488884962509,0.0236711452195,0.0226127469161,0.00856024728635,1.73947725639,3.11925245384,1.17603208345,0.000352809625035,0.027727268554,0.0268548176442,0.00856024728635,1.23679261059,2.30702390007,0.556207438058,0.000166862231417,0.0351984394837,0.0340115117626,0.00856024728635,1.93363936106,2.66877780734,1.6044634759,0.000481339042771,0.0328231373586,0.0316840981819,0.00856024728635,1.95675593583,2.64167089817,1.44483499461,0.000433450498384,6,5,20,5,4
1973-10,-0.0158996091979,-0.0177178256414,0.00842357054309,2.05778533026,3.44998201133,3.70875921722,0.00111262776517,0.00522010152277,0.00402536007647,0.00842357054309,1.73281807608,2.9188774451,1.63050922657,0.00048915276797,-0.00586538492847,-0.00707849772713,0.00842357054309,1.7427889173,2.93567301294,1.69174706772,0.000507524120315,-0.00337472204972,-0.00448866096536,0.00842357054309,1.25997874834,2.21325844027,1.36116745768,0.000408350237305,-0.00685647833173,-0.00831402308583,0.00842357054309,1.99022344742,2.66104034868,2.50652025255,0.000751956075764,-0.0111081071857,-0.0125782357334,0.00842357054309,1.9941909029,2.73266481263,2.54846623119,0.000764539869356,6,5,20,5,4
1973-11,0.0136936936509,0.0119730950511,0.00736120118696,2.0147772255,3.36782229802,3.38336640504,0.00101500992151,0.0513646845283,0.0504898301044,0.00736120118696,1.72941229865,2.90800763437,0.564219151659,0.000169265745498,0.0573615373341,0.0565939294113,0.00736120118696,1.73138386072,2.91132281697,0.206730815006,6.20192445018e-05,0.00137950161009,0.000606078194204,0.00736120118696,1.25696532613,2.20423444518,0.226115791841,6.78347375524e-05,0.0230034769378,0.0218711087831,0.00736120118696,1.96936835015,2.09913993598,1.42259825453,0.000426779476359,0.0252647299013,0.0241718255718,0.00736120118696,1.97009016183,2.10631098224,1.29105217044,0.000387315651131,6,5,20,5,4
1973-12,-0.00913181705011,-0.0111928217184,0.00739194575708,2.03495303099,3.37548540727,4.51805329976,0.00135541598993,0.038222444553,0.0368989465254,0.00739194575708,1.71679862115,2.84774567505,2.05969783085,0.000617909349255,0.0564376453702,0.0555197275373,0.00739194575708,1.68080877101,2.78804738614,0.707763848685,0.000212329154605,0.0325427272793,0.031818724953,0.00739194575708,1.26177762274,2.18397168314,0.0613788266349,1.84136479905e-05,0.0269561960893,0.0257577770435,0.00739194575708,1.97147546302,1.4084047391,1.64276789153,0.00049283036746,0.0342731225535,0.0330582454136,0.00739194575708,1.9672673238,1.74927647419,1.69762820521,0.000509288461562,6,5,20,5,4
1974-01,-0.00351265259911,-0.00522384190558,0.00741499741325,2.08387310494,3.4285590526,3.35200209378,0.00100560062813,0.0227584581378,0.0218936303184,0.00741499741325,1.74146717326,2.87402648699,0.530797136688,0.000159239141006,0.0297308612984,0.0287015386262,0.00741499741325,1.63453880898,2.69755749816,1.07911331279,0.000323733993837,0.0397602684841,0.0389492487084,0.00741499741325,1.28299123771,2.20990524256,0.351436991333,0.0001054310974,0.0263684223007,0.0252525633671,0.00741499741325,1.97585419518,2.14511718502,1.36756751744,0.000410270255232,0.0293370805761,0.0281528625527,0.00741499741325,1.95618705457,2.07711015054,1.59543115035,0.000478629345104,6,5,20,5,4
1974-02,0.0436403097449,0.0423710914828,0.00720732331614,2.07212930612,3.40021340188,1.87876527937,0.00056362958381,0.0363969162607,0.0356334810615,0.00720732331614,1.76591059276,2.90032462526,0.192821736194,5.78465208582e-05,0.0380246005047,0.0370963168881,0.00720732331614,1.64170131089,2.69632378831,0.742316460615,0.000222694938184,0.0368319087999,0.035753911676,0.00720732331614,1.35826593663,2.29267543114,1.24136148536,0.000372408445608,0.0442598050747,0.0431853300018,0.00720732331614,1.98770634036,2.65141269814,1.22962131516,0.000368886394547,0.0453541076168,0.0442146574823,0.00720732331614,1.96752810575,2.80262816918,1.44620485392,0.000433861456177,6,5,20,5,4
1974-03,0.0515400508002,0.05031314814,0.00649613458538,2.06235220962,3.46309761884,1.7377132731,0.000521313981929,0.0104377653386,0.00919893880894,0.00649613458538,1.76777581342,2.96844553589,1.77745950442,0.000533237851326,0.00320632143187,0.00221293150546,0.00649613458538,1.63870983728,2.75171821233,0.959337493565,0.00028780124807,0.0103511734391,0.00958749424712,0.00649613458538,1.35051786594,2.26778684257,0.193635045593,5.80905136778e-05,0.0241927839987,0.0231412238991,0.00649613458538,1.97175388813,2.71540867404,1.15323807087,0.000345971421262,0.0212372565451,0.020271740894,0.00649613458538,1.94919923429,2.66936699953,0.866423242525,0.000259926972758,6,5,20,5,4
1974-04,0.0281472423358,0.0266335538256,0.00708403455879,2.01678544897,3.25203234977,2.69366610637,0.00080809983191,0.0411184283601,0.0401498739999,0.00708403455879,1.76738072125,2.93296615661,0.876552273064,0.000262965681919,0.0310897027896,0.0300726547434,0.00708403455879,1.63576245983,2.71454581193,1.03819789278,0.000311459367833,0.0377750309275,0.0369693170846,0.00708403455879,1.34964494828,2.23973414962,0.33375054862,0.000100125164586,0.0415266849197,0.0404352956529,0.00708403455879,1.97036686866,2.29754875033,1.28600196143,0.00038580058843,0.0381752487465,0.0370538984548,0.00708403455879,1.9489044817,2.19441787645,1.38587204444,0.000415761613333,6,5,20,5,4
1974-05,-0.000367690157002,-0.00196215368105,0.0081648460519,2.09239923454,3.29835488275,2.96291615237,0.000888874845711,-0.0120886084603,-0.0129909378641,0.0081648460519,1.83859353852,2.98469234638,0.655802418016,0.000196740725405,0.00790569369203,0.00690002809333,0.0081648460519,1.69801388881,2.75648149077,1.00025640124,0.000300076920372,0.0181830669805,0.0174528213701,0.0081648460519,1.37661038858,2.23472910388,0.0821897734091,2.46569320227e-05,0.00287095494139,0.00179631715425,0.0081648460519,2.03190517366,2.70960026651,1.23016369599,0.000369049108796,0.0102072666493,0.00908892481128,0.0081648460519,2.01094085321,2.77676238282,1.37584386558,0.000412753159674,6,5,20,5,4
1974-06,0.0630658122718,0.061664586574,0.00888593053713,2.14995969856,3.41859485113,2.31879006514,0.000695637019542,0.019330164574,0.0184257237698,0.00888593053713,1.86628724114,2.96753467405,0.662840419499,0.00019885212585,0.0213225073793,0.0205467367525,0.00888593053713,1.71069968766,2.79805601264,0.233939828211,7.01819484632e-05,0.0371448256141,0.0363345085188,0.00888593053713,1.39687669482,2.2847605942,0.349094723015,0.000104728416904,0.0445063434877,0.0434517592553,0.00888593053713,2.09422049501,2.59006464366,1.16331851343,0.000348995554029,0.0451047705479,0.0440987885438,0.00888593053713,2.06177979251,2.72572270218,1.00131108567,0.000300393325701,6,5,20,5,4
1974-07,0.0333640246399,0.0324045908191,0.00902192040287,2.13006377666,3.32442740035,0.846150474804,0.000253845142441,0.0222016599427,0.0211423995026,0.00902192040287,1.91564077439,2.99256812026,1.17890587253,0.00035367176176,0.0378123567807,0.0370079440292,0.00902192040287,1.77185176855,2.84864671756,0.329413577113,9.88240731339e-05,0.0417950892772,0.0410732509921,0.00902192040287,1.4179664988,2.27969725465,0.0541653559272,1.62496067781e-05,0.0385869918325,0.0376717653665,0.00902192040287,2.14132379736,2.65508578544,0.698792625573,0.000209637787672,0.044830102345,0.0440015121094,0.00902192040287,2.11509548263,2.58570473798,0.410005190678,0.000123001557203,6,5,20,5,4
1974-08,0.0450734942469,0.0435154294318,0.00967637803321,2.1269169286,3.28550379568,2.84158712258,0.000852476136773,0.0715487120396,0.0703162319916,0.00967637803321,1.91585358116,2.96225802072,1.75630456562,0.000526891369687,0.0524843748534,0.0517467414576,0.00967637803321,1.77587512602,2.81031147985,0.106815724979,3.20447174937e-05,0.065508375376,0.064787328305,0.00967637803321,1.41776325552,2.24360164424,0.0515279756943,1.54583927083e-05,0.0725796877549,0.0713855676437,0.00967637803321,2.13671673236,2.24078905357,1.62843810961,0.000488531432884,0.0659815907583,0.0649736657782,0.00967637803321,2.10807021787,2.11426842234,1.00778767252,0.000302336301755,6,5,20,5,4
1974-09,0.00157019401963,0.000465480489298,0.00966138532586,2.13126071669,3.30280510015,1.3304161733,0.00039912485199,0.0225458556718,0.021502041643,0.00966138532586,1.87389721696,2.9039700478,1.12741783472,0.000338225350415,0.0243756777172,0.0234102736305,0.00966138532586,1.76969280064,2.74248493479,0.866051361224,0.000259815408367,0.0142606417124,0.0135299508538,0.00966138532586,1.38837096671,2.17708256608,0.0836739341344,2.51021802403e-05,0.0141188622839,0.0131534909658,0.00966138532586,2.09204852236,2.54328977271,0.865942132348,0.000259782639705,0.0150898297717,0.0141477669193,0.00966138532586,2.07963317339,2.25435394896,0.788247246905,0.000236474174071,6,5,20,5,4
1974-10,0.00538695545079,0.00358503692293,0.00918785691963,2.17421098856,3.33601695735,3.65443283173,0.00109632984952,0.0135178039922,0.0126607180206,0.00918785691963,1.93362788937,3.00434860614,0.504990977307,0.000151497293192,-0.00445167440021,-0.00548795400941,0.00918785691963,1.78560677,2.77436276135,1.10230310286,0.000330690930858,0.00274646790153,0.0019459566442,0.00918785691963,1.38676525122,2.180168885,0.316408596641,9.49225789924e-05,0.00625787047411,0.00510341721886,0.00918785691963,2.11612957656,2.3123121967,1.49621525639,0.000448864576916,-0.00058408260037,-0.00167849569957,0.00918785691963,2.08926012371,2.57910563923,1.29608140288,0.000388824420864,6,5,20,5,4
1974-11,-0.0208245179636,-0.0218528505196,0.00780599054572,2.16699734345,3.3287739166,1.07581292576,0.000322743877729,0.0129496947325,0.0121420474731,0.00780599054572,1.92998438263,3.00209559759,0.34019527035,0.000102058581105,-0.00632816857641,-0.00705356386605,0.00780599054572,1.77162618302,2.75576901683,0.0660220376638,1.98066112991e-05,0.00629810035037,0.00551747102544,0.00780599054572,1.37536448722,2.1646741264,0.250135488612,7.50406465837e-05,-0.000349863223226,-0.00122674391982,0.00780599054572,2.1014341867,2.31820581101,0.570973394192,0.000171292018258,-0.00751933292778,-0.00836858621516,0.00780599054572,2.06295232044,2.46362243502,0.478882030116,0.000143664609035,6,5,20,5,4
1974-12,0.0273960438737,0.0251563244924,0.00727660035901,2.1174141707,3.20720717154,5.11376900979,0.00153413070294,0.0265383345858,0.0252632129611,0.00727660035901,1.93528730575,2.93134305601,1.89844315464,0.000569532946392,0.0218855285847,0.0208645764358,0.00727660035901,1.77856099542,2.72583036809,1.05121156861,0.000315363470583,0.0168924532562,0.0160911237882,0.00727660035901,1.38174662897,2.14307947367,0.319135965571,9.57407896712e-05,0.0256401065911,0.0244356956218,0.00727660035901,2.08565593239,1.73966274816,1.6627409696,0.000498822290881,0.0243282322319,0.023047496006,0.00727660035901,2.07314690212,1.72275259562,1.91715849174,0.000575147547521,6,5,20,5,4
1975-01,0.0170710598387,0.0160244181742,0.00738426058212,2.15715542782,3.27459671066,1.13684328728,0.000341052986184,-0.0106520243138,-0.0119610390701,0.00738426058212,1.94448225739,2.95458751216,2.01142025975,0.000603426077926,-0.0520461211838,-0.0527997280658,0.00738426058212,1.83869362614,2.82680004914,0.16006067878,4.8018203634e-05,-0.0395425812318,-0.0402587714309,0.00738426058212,1.38436436803,2.15377278646,0.0353384025657,1.06015207697e-05,-0.0196532182296,-0.0206825652044,0.00738426058212,2.09685870945,1.79618848386,1.07919432165,0.000323758296496,-0.0358265286878,-0.0366521828078,0.00738426058212,2.10001428661,1.68068059635,0.400218139094,0.000120065441728,6,5,20,5,4
1975-02,-0.0113527177551,-0.012448842281,0.00602932009846,2.17698928667,2.85185389653,1.30178615842,0.000390535847526,-0.0249595355932,-0.0259759944033,0.00602932009846,1.93026260175,2.60969420634,1.03623377271,0.000310870131813,-0.052318017357,-0.0534267404212,0.00602932009846,1.71022307925,2.44401793627,1.34378128619,0.000403134385858,-0.0562292251585,-0.0571646288593,0.00602932009846,1.30699419595,1.98766931831,0.766050075132,0.00022981502254,-0.044877596475,-0.0457977888824,0.00602932009846,2.03698554423,1.72692786027,0.715345763419,0.000214603729026,-0.0549564265873,-0.0559113062206,0.00602932009846,1.9878713124,1.78012107793,0.830969849963,0.000249290954989,6,5,20,5,4
1975-03,0.0143416311058,0.0127153267665,0.00519087376512,2.18352598399,2.91709084502,3.06905220325,0.000920715660975,-0.019044009673,-0.0201159711805,0.00519087376512,1.88141468328,2.57730624642,1.22124276389,0.000366372829166,-0.0220264309136,-0.0230964179733,0.00519087376512,1.59169673391,2.28374797047,1.2146612714,0.000364398381421,0.00247774007208,0.00170031255642,0.00519087376512,1.20181438639,1.79071917895,0.239462791071,7.18388373214e-05,-0.000341810576539,-0.00145508009746,0.00519087376512,1.89851774979,1.12315414396,1.35893614196,0.000407680842587,-0.00249127515797,-0.00349060367373,0.00519087376512,1.81618306239,1.12925359483,0.979132791411,0.000293739837423,6,5,20,5,4
1975-04,-0.00847120942145,-0.0101479517847,0.00500963825039,2.20561500354,2.81007930379,3.23717894986,0.000971153684959,-0.0153871506966,-0.0163903894687,0.00500963825039,1.83677414992,2.46433173623,0.992166979402,0.00029765009382,-0.0115441567912,-0.0125095431949,0.00500963825039,1.55806467137,2.18378528001,0.86599241769,0.000259797725307,0.0213526353859,0.0203874543861,0.00500963825039,1.20097390877,1.77472919752,0.865307738158,0.000259592321447,0.00119960259041,3.41862550891e-05,0.00500963825039,1.88970831745,1.60927189686,1.53275885663,0.000459827656989,0.00154275189152,0.00040552224943,0.00500963825039,1.80875564394,1.60518655991,1.4388032125,0.000431640963749,6,5,20,5,4
1975-05,0.00912760365453,0.00757956845736,0.0050727174712,2.17741614871,2.73080625039,2.8081550628,0.00084244651884,0.0112547799038,0.0101557006348,0.0050727174712,1.80564774861,2.36842058358,1.31163530201,0.000393490590603,0.0207534288301,0.0200008415589,0.0050727174712,1.55086695745,2.12174997145,0.156661976254,4.69985928761e-05,-0.000248809507436,-0.00104502221343,0.0050727174712,1.20371132923,1.75482051363,0.302080092188,9.06240276564e-05,0.00510967216799,0.00396094801302,0.0050727174712,1.88197606537,1.48131456236,1.47711825544,0.000443135476633,0.00910127868438,0.00807860268591,0.0050727174712,1.80535790654,1.19027009049,1.05695773377,0.000317087320131,6,5,20,5,4
1975-06,0.00267740234926,0.00157059482108,0.00470150179127,2.17424470147,2.71821515842,1.33739616616,0.000401218849847,0.0181072525401,0.0169626122968,0.00470150179127,1.87912675,2.36227775744,1.4635052163,0.00043905156489,0.0051312529159,0.00413761915864,0.00470150179127,1.57980332442,2.14035646306,0.960150263067,0.00028804507892,0.0126779537056,0.0119379696912,0.00470150179127,1.21482324734,1.76209227474,0.114651120183,3.43953360549e-05,0.0109492002509,0.0100033832201,0.00470150179127,1.9081113036,1.59491527602,0.800761174821,0.000240228352446,0.00643445685957,0.00550063143013,0.00470150179127,1.82567655372,1.40088012046,0.760789170356,0.000228236751107,6,5,20,5,4
1975-07,0.015102686483,0.0135656425107,0.00472524153368,2.16885964933,2.70896957632,2.77151764656,0.000831455293969,-0.00662700290553,-0.00784843199201,0.00472524153368,1.88876826499,2.37144025637,1.71946802716,0.000515840408147,-0.0171730351045,-0.0179645479299,0.00472524153368,1.57966193864,2.13839697926,0.286413823508,8.59241470523e-05,0.00841489022893,0.00765473407298,0.00472524153368,1.21577315289,1.76231372676,0.181891592032,5.45674776097e-05,0.00379955196175,0.00294415524126,0.00472524153368,1.91110246996,1.48327934019,0.499360140504,0.000149808042151,-0.000288829322736,-0.00129850967388,0.00472524153368,1.82490776724,1.51120959455,1.01363890936,0.000304091672808,6,5,20,5,4
1975-08,0.00239644882506,0.00123003737996,0.00530101530372,2.2084588552,2.7091960861,1.53607588922,0.000460822766767,0.00911158997433,0.00794151621986,0.00530101530372,1.87811453336,2.36149191107,1.54828358709,0.000464485076127,-0.00832106435072,-0.00912686532415,0.00530101530372,1.5507364271,2.11176602014,0.334040983641,0.000100212295092,0.00476268305246,0.00389520018374,0.00530101530372,1.215475547,1.76183518921,0.539647301268,0.00016189419038,0.00320664359495,0.00220713719266,0.00530101530372,1.9074009623,1.51145478129,0.979725746513,0.000293917723954,-0.00285720555325,-0.00381730394445,0.00530101530372,1.81515392203,1.79910508374,0.848365709572,0.000254509712872,6,5,20,5,4
1975-09,0.0116587296388,0.00996792895237,0.0055522700792,2.23230138154,2.73971429327,3.28404002683,0.00098521200805,0.0210875635342,0.0199613657255,0.0055522700792,1.90170461092,2.36082061475,1.40203043455,0.000420609130365,0.0136567185254,0.0126167118022,0.0055522700792,1.53572067464,2.01964033839,1.11472681627,0.00033441804488,0.0090739952186,0.00834395711845,0.0055522700792,1.21696146468,1.74703161882,0.081498072732,2.44494218196e-05,0.0153229110199,0.0143044292716,0.0055522700792,1.91559310118,1.45891941036,1.04297689977,0.000312893069931,0.0125398503958,0.0114509522147,0.0055522700792,1.8060297112,1.66132441573,1.27769834261,0.000383309502784,6,5,20,5,4
1975-10,-0.0343662865514,-0.0354156546886,0.00567763896071,2.27845764239,2.81022423664,1.14593152942,0.000343779458825,-0.029526397414,-0.0308069143854,0.00567763896071,1.96819749012,2.46798359111,1.91642764363,0.000574928293089,-0.0171091970329,-0.0179491236801,0.00567763896071,1.57039095163,2.07399238369,0.447793229427,0.000134337968828,0.00622875178491,0.00541786347588,0.00567763896071,1.31710377444,1.89032643554,0.350998768983,0.000105299630695,-0.0168925047693,-0.0179076639732,0.00567763896071,1.96585290565,1.68234216231,1.03190175177,0.000309570525531,-0.0131811892241,-0.0140172784719,0.00567763896071,1.8091431034,1.57039234966,0.435001898239,0.000130500569472,6,5,20,5,4
1975-11,-0.00712651594062,-0.00855941910105,0.00530887747934,2.1836045707,2.72612444723,2.42438160698,0.000727314482095,-0.00560164986786,-0.00638955684152,0.00530887747934,1.89066477781,2.39356333331,0.274394317736,8.23182953207e-05,0.0040561414222,0.00309808390109,0.00530887747934,1.54477826221,2.05404524909,0.841562809224,0.000252468842767,0.0161924305463,0.0154533820738,0.00530887747934,1.31457610256,1.87241304638,0.111532646987,3.3459794096e-05,0.00361825309626,0.00266903780231,0.00530887747934,1.92188245094,1.27007869398,0.812088718722,0.000243626615617,0.00618773757341,0.00518924544426,0.00530887747934,1.78051902154,1.08482736148,0.976344836067,0.00029290345082,6,5,20,5,4
1975-12,0.00949176584561,0.00780871291994,0.0050727174712,2.21368879482,2.7240288752,3.25821415777,0.000977464247332,0.0167253036326,0.0156995600969,0.0050727174712,1.88347945143,2.39889169056,1.06718285776,0.000320154857327,0.00741931612956,0.00649731097853,0.0050727174712,1.54604048275,2.07100222662,0.721388242294,0.000216416472688,0.0108825836595,0.0100418524458,0.0050727174712,1.31615560118,1.89098628973,0.450475117895,0.000135142535368,0.0132755868237,0.012200300315,0.0050727174712,1.91913005847,1.46079118257,1.23232610133,0.000369697830399,0.0097896861532,0.00875277873743,0.0050727174712,1.78062682452,1.39200138185,1.10439579145,0.000331318737436,6,5,20,5,4
1976-01,0.0318466978298,0.0305505217635,0.00489124719803,2.23202192399,2.74854232833,1.96862462652,0.000590587387957,0.0296467799425,0.0284728319096,0.00489124719803,1.89762279433,2.42724903213,1.56119784865,0.000468359354594,0.00253725335748,0.00177797984275,0.00489124719803,1.54853836443,2.08366633209,0.178949454621,5.36848363863e-05,0.0283770102436,0.027629499275,0.00489124719803,1.32805168112,1.91661849086,0.139740967759,4.19222903277e-05,0.0345644675762,0.0336025263701,0.00489124719803,1.93585230595,1.38515179886,0.854508425871,0.000256352527761,0.0218219298104,0.0209716791406,0.00489124719803,1.78998462461,1.22264710083,0.482206638025,0.000144661991407,6,5,20,5,4
1976-02,0.00854653970611,0.00694381770589,0.00418561945533,2.2924434975,2.74519661027,2.99044440628,0.000897133321885,0.00813887867314,0.00708029735604,0.00418561945533,1.90997820742,2.33942366804,1.1766421292,0.000352992638759,0.00343012574949,0.00242723576016,0.00418561945533,1.5660504958,2.05190079184,0.991004369993,0.000297301310998,0.0150645609933,0.0141727795213,0.00418561945533,1.47913754642,2.0498189851,0.620642645668,0.0001861927937,0.011570168905,0.0105672760622,0.00418561945533,2.0324776448,1.56076088295,0.991013881383,0.000297304164415,0.00955077279289,0.00843128153398,0.00418561945533,1.88991018589,1.6409199172,1.37967526858,0.000413902580574,6,5,20,5,4
1976-03,-0.000734259711655,-0.00223184148494,0.00421745036527,2.87621584036,4.02596025984,2.63997698316,0.000791993094948,-0.00942410427678,-0.01073917713,0.00421745036527,2.36228754407,3.50719600723,2.03161391639,0.000609484174917,0.0298106250225,0.0284207096248,0.00421745036527,1.8877209128,2.93490445104,2.28108906459,0.000684326719378,0.0240987081048,0.0230959819132,0.00421745036527,1.77573673984,2.88328020267,0.990458377604,0.000297137513281,0.00491275588513,0.00366280355637,0.00421745036527,2.65067274483,2.71517047136,1.81454550139,0.000544363650418,0.0223753610206,0.0211031189821,0.00421745036527,2.42763789937,2.55449755591,1.88884453407,0.00056665336022,6,5,20,5,4
1976-04,0.0386205570595,0.0371137638001,0.00434466313983,2.88815021507,3.89148183544,2.67068193674,0.000801204581022,0.0435550880151,0.0424357171637,0.00434466313983,2.33982071972,3.43790260773,1.37927391011,0.000413782173033,0.0235838788551,0.0225551383515,0.00434466313983,1.87500945548,2.8711143691,1.07717275113,0.000323151825338,0.0135251139998,0.0127981124391,0.00434466313983,1.77340383267,2.84219102073,0.0713762744584,2.14128823375e-05,0.0360829351637,0.0349402733672,0.00434466313983,2.65012127729,3.08486959508,1.45691039386,0.000437073118159,0.0290797892225,0.0281526489871,0.00434466313983,2.42738768459,2.72622824832,0.738505190402,0.000221551557121,6,5,20,5,4
1976-05,0.0247749906631,0.0234109193087,0.00416969983735,2.87722565218,3.83638115933,2.19494225334,0.000658482676003,0.0236498964058,0.022870128002,0.00416969983735,2.3618955457,3.45785348379,0.247265751452,7.41797254356e-05,0.0190411378693,0.0181066884776,0.00416969983735,1.8915601669,2.87507282227,0.762869044755,0.000228860713427,0.0170621594171,0.016082303089,0.00416969983735,1.81523158987,2.88377159607,0.914225499122,0.000274267649737,0.0260631925781,0.0250061212649,0.00416969983735,2.69902521838,3.39674800703,1.17160878286,0.000351482634859,0.0248517292573,0.0237408464845,0.00416969983735,2.46554491762,3.21889885531,1.35098031479,0.000405294094436,6,5,20,5,4
1976-06,-0.000179854155299,-0.00162618164089,0.00451929180637,2.87349545582,3.83032405089,2.4691293575,0.000740738807249,0.0189994163365,0.0181949994414,0.00451929180637,2.44058536925,3.4806319825,0.32942738905,9.88282167151e-05,0.00785533605068,0.00710698063986,0.00451929180637,1.89846866011,2.8648331107,0.142555774925,4.27667324775e-05,0.00710643196909,0.00637488275705,0.00451929180637,1.81589025144,2.87630227794,0.0865351123195,2.59605336959e-05,0.00951420391562,0.00852702400074,0.00451929180637,2.70842151418,3.19796456118,0.938637455119,0.000281591236536,0.00610780373505,0.00515651757704,0.00451929180637,2.46371113159,3.02046897606,0.818991598924,0.000245697479677,6,5,20,5,4
1976-07,0.0283783675123,0.0262870790063,0.00474106460143,2.97695139415,3.93536362799,4.61899942556,0.00138569982767,0.00930414307003,0.00806089083496,0.00474106460143,2.56210765883,3.65212332726,1.79221185578,0.000537663556734,0.0155955090162,0.0148177753597,0.00474106460143,1.99360220896,2.95713027511,0.240483260638,7.21449781914e-05,0.00994683600418,0.00906893788477,0.00474106460143,1.86495447129,2.94857803634,0.57436480356,0.000172309441068,0.0161076846474,0.0146687933868,0.00474106460143,2.85136017067,2.89476199227,2.44434194097,0.000733302582291,0.018172164458,0.0169252045202,0.00474106460143,2.59379579363,2.58418835716,1.80457086463,0.00054137125939,6,5,20,5,4
1976-08,0.0253825780524,0.023694204783,0.0044875659697,2.96601487483,3.88133331363,3.27594863687,0.00098278459106,0.00971765106152,0.00858322194907,0.0044875659697,2.57329577124,3.61117561083,1.42946811369,0.000428840434108,0.0115129708385,0.0106115528536,0.0044875659697,2.02198382996,2.96175507112,0.652764355217,0.000195829306565,0.0100545592525,0.00921134575497,0.0044875659697,1.88613795238,2.98477668686,0.45874939747,0.000137624819241,0.0165583097395,0.0152783115877,0.0044875659697,2.87006522579,2.25461722193,1.9146982448,0.00057440947344,0.0168735198116,0.0156945740554,0.0044875659697,2.62008603495,2.30223265377,1.57785692626,0.000473357077878,6,5,20,5,4
1976-09,-0.0155809807058,-0.0167898523272,0.00438438080939,2.98627307971,3.82099476395,1.67760981046,0.000503282943139,0.00449132432733,0.00318389561616,0.00438438080939,2.57988665522,3.64403767821,2.00613344276,0.000601840032829,0.0478123711434,0.0469779878209,0.00438438080939,2.02644789817,2.9250838813,0.429315480551,0.000128794644165,0.0406354738567,0.0397060721139,0.00438438080939,1.8854449312,3.02863781558,0.746043548205,0.000223813064461,0.012393014321,0.0113038200422,0.00438438080939,2.87832078065,2.52945063396,1.27868533486,0.000383605600458,0.032407655013,0.0315041227645,0.00438438080939,2.62631846675,2.36496755377,0.659811900678,0.000197943570204,6,5,20,5,4
1976-10,0.0560547387753,0.0539401340515,0.00433671753224,2.9947951478,3.99567870496,4.69672015167,0.0014090160455,0.0405937062501,0.0390603981319,0.00433671753224,2.59836003093,3.86887770218,2.75906479959,0.000827719439876,0.0245300048576,0.0235464401546,0.00433671753224,1.98197261749,2.97709945083,0.926586748819,0.000277976024646,0.0220364850936,0.0209107391938,0.00433671753224,1.87525744015,3.12338310117,1.40052407169,0.000420157221507,0.0441884359384,0.042599664826,0.00433671753224,2.91744239103,4.05523882772,2.94394144675,0.000883182434026,0.0370042971748,0.0357867048854,0.00433671753224,2.63471300765,3.47678172981,1.70667870357,0.000512003611071,6,5,20,5,4
1976-11,0.0575140127738,0.0564067491975,0.00416969983735,2.99590747398,4.0283110067,1.33891632652,0.000401674897957,0.018635553316,0.0176469687896,0.00416969983735,2.57905596756,3.83462429311,0.943319493806,0.000282995848142,-0.0662507271064,-0.0671333249554,0.00416969983735,1.9904753964,2.99364573014,0.590030569,0.0001770091707,0.00405523452443,0.00315487509905,0.00416969983735,1.89971034577,3.1453734978,0.649235823488,0.000194770747046,0.0263503841122,0.0253068479357,0.00416969983735,2.9367424782,4.09707617934,1.12649166054,0.000337947498163,-0.0193500751483,-0.0203394653929,0.00416969983735,2.66818255841,3.50139426109,0.946005220863,0.000283801566259,6,5,20,5,4
1976-12,-0.0494647754042,-0.0510512551761,0.00408209227808,2.90531354475,3.7717553294,2.93630364512,0.000880891093536,-0.064859910667,-0.0662800664468,0.00408209227808,2.72353085708,3.87723660142,2.38189033805,0.000714567101416,-0.013296624731,-0.0145446012853,0.00408209227808,1.90345593847,2.60174608541,1.80795958655,0.000542387875964,0.0186136965149,0.0178308515272,0.00408209227808,1.90904233444,3.02034107024,0.257521031159,7.72563093476e-05,-0.0322307405026,-0.0335766648906,0.00408209227808,2.93780359111,2.910872933,2.13445236541,0.000640335709623,-0.0165800188201,-0.0178481217643,0.00408209227808,2.62708869658,2.62790704902,1.87504755297,0.00056251426589,6,5,20,5,4
1977-01,0.0205280094951,0.0188457996007,0.00381077242235,2.77108708904,3.4231358295,3.25540405323,0.00097662121597,-0.000208050886857,-0.00134176918388,0.00381077242235,2.54260337755,3.49887345658,1.42709872895,0.000428129618685,0.0175412217218,0.0167392457904,0.00381077242235,1.99255984927,2.63098740285,0.321290843354,9.63872530062e-05,0.00907345619334,0.00829370410966,0.00381077242235,1.93195667377,2.99403057324,0.247211351172,7.41634053515e-05,0.0160392544972,0.0147737758818,0.00381077242235,2.84145774386,2.3709770728,1.86629979044,0.000559889937131,0.0226312850107,0.0215323716387,0.00381077242235,2.62257569681,2.40023558614,1.31108231225,0.000393324693675,6,5,20,5,4
1977-02,0.0488364146005,0.0473555274179,0.00393855283367,2.79641409997,3.47689275701,2.58432834743,0.000775298504229,0.0276418682481,0.0263527548521,0.00393855283367,2.55011662071,3.5456820296,1.94508239218,0.000583524717654,0.0243405559951,0.0233954174921,0.00393855283367,2.0112128693,2.65183810987,0.798499415528,0.000239549824659,0.00282316262945,0.00179039205674,0.00393855283367,1.98000454452,2.83805679474,1.09060631458,0.000327181894373,0.0297818236131,0.0284818818612,0.00393855283367,2.85496196436,2.57496499423,1.98117691167,0.000594353073502,0.0298277141235,0.0286760068628,0.00393855283367,2.63815963465,2.38843726045,1.48706194139,0.000446118582417,6,5,20,5,4
1977-03,0.0508943507709,0.0493684086423,0.00393855283367,2.81094273915,3.44457337278,2.73451150082,0.000820353450245,0.0544692828938,0.0533069075001,0.00393855283367,2.59511303354,3.30201440022,1.5226223843,0.00045678671529,0.0219345211467,0.0211041453902,0.00393855283367,2.04667425265,2.56031753684,0.415956926999,0.0001247870781,0.0273797974809,0.0262148041211,0.00393855283367,2.01453888178,2.71918491146,1.53134893821,0.000459404681464,0.053980967881,0.0526797371832,0.00393855283367,2.9364564356,2.70824730257,1.98547339833,0.000595642019498,0.0405110515826,0.0393675397187,0.00393855283367,2.71178513846,2.43805231619,1.45974395183,0.00043792318555,6,5,20,5,4
1977-04,0.00742601140808,0.00626949067145,0.00394653317217,2.87334834765,3.59102801721,1.50310686096,0.000450932058289,-0.00169744138325,-0.00271567591813,0.00394653317217,2.51078401482,3.42464546887,1.04215285513,0.000312645856539,0.0167099595745,0.0157637741296,0.00394653317217,2.03571698312,2.7046226375,0.801989221846,0.000240596766554,-0.000700628003516,-0.00150654905414,0.00394653317217,2.00832236391,2.87035157778,0.334441240961,0.000100332372288,0.00126277688208,0.000274423141326,0.00394653317217,2.87202962381,2.49409091319,0.942550208046,0.000282765062414,0.00799439950354,0.00700733610748,0.00394653317217,2.68053428277,2.37612193404,0.938249059063,0.000281474717719,6,5,20,5,4
1977-05,-0.00777711580942,-0.00889370712965,0.00391460763053,2.89205497023,3.70230770358,1.37000880631,0.000411002641892,-0.0180686334362,-0.0193130274539,0.00391460763053,2.58720193958,3.72745026311,1.79601779782,0.000538805339347,-0.0103804254245,-0.0111803722487,0.00391460763053,2.06145826694,2.86694239071,0.314527153035,9.43581459104e-05,-0.00582704077458,-0.0066550659808,0.00391460763053,2.04886646372,3.05227279067,0.408121759617,0.000122436527885,-0.0142708850112,-0.0153052943367,0.00391460763053,2.94821469922,2.46124702997,1.09606882406,0.000328820647219,-0.010049191229,-0.0109496912256,0.00391460763053,2.74095374942,2.41396540658,0.649704394019,0.000194911318206,6,5,20,5,4
1977-06,0.0196369823755,0.0181542246063,0.00436055228096,2.89216207223,3.77339952459,2.59056363618,0.000777169090853,-0.000126534572366,-0.00137106386901,0.00436055228096,2.60428906545,3.73695237637,1.79646872768,0.000538940618305,0.000278322736641,-0.000657760846652,0.00436055228096,2.05491354936,2.79066666496,0.768316349854,0.000230494904956,0.0179732250755,0.0170745222317,0.00436055228096,2.03944447288,2.98075869634,0.643713884748,0.000193114165424,0.0153376055423,0.0142300434645,0.00436055228096,2.92551428806,2.47868813009,1.33991133161,0.000401973399484,0.0147159912758,0.0137092690803,0.00436055228096,2.72288348462,2.50936948421,1.00377839058,0.000301133517175,6,5,20,5,4
1977-07,0.0247703612354,0.0227833313317,0.00440820312092,3,3.94410414279,4.27147075125,0.00128144122538,-0.0152702358988,-0.016566186175,0.00440820312092,2.60475897532,3.93455181615,1.96787199291,0.000590361597874,0.00350524708512,0.00255192063881,0.00440820312092,2.06350267741,2.95197075899,0.825792559923,0.000247737767977,0.0148814765181,0.0140883109849,0.00440820312092,2.07863340056,3.14131996498,0.29192284953,8.7576854859e-05,0.00917965390711,0.00798974026749,0.00440820312092,3,2.234188214,1.61441653761,0.000484324961282,0.0157442835093,0.0144775607928,0.00440820312092,2.80838677919,2.88614964822,1.87044679403,0.000561134038208,6,5,20,5,4
1977-08,0.00458716070478,0.00334226014105,0.00443995653809,3,4.13002996671,1.79770628464,0.000539311885393,0.0146748784038,0.0130249487606,0.00443995653809,2.58874250539,4.00037366369,3.14780321632,0.000944340964897,0.0184383474509,0.0171186884505,0.00443995653809,2.10827215846,3.16374250856,2.04690107366,0.000614070322098,0.0243793277437,0.0235840839133,0.00443995653809,2.1409046069,3.37465445554,0.298850507077,8.96551521231e-05,0.0185054403713,0.0172466645846,0.00443995653809,3,3.39941748029,1.84395702795,0.000553187108386,0.0198222385175,0.0188329999264,0.00443995653809,2.89798650679,2.71454735647,0.945499709074,0.000283649912722,6,5,20,5,4
1977-09,0.00706224776601,0.00530528294117,0.00478851736509,3,4.09737508571,3.50458715501,0.0010513761465,0.000584468151702,-0.000615705277562,0.00478851736509,2.93051327133,4.59816313118,1.64861583642,0.000494584750927,0.0258061919068,0.0243842817251,0.00478851736509,2.20672154157,3.34624365669,2.38773834457,0.000716321503372,0.028205896293,0.027213869455,0.00478851736509,2.39710327954,3.82000900038,0.954793865777,0.000286438159733,0.0122904259494,0.011071009273,0.00478851736509,3,3.24546956452,1.71275999372,0.000513827998115,0.0232125298866,0.0221074195228,0.00478851736509,3,2.59778563685,1.33173895167,0.0003995216855,6,5,20,5,4
1977-10,0.0680122140544,0.0664327900938,0.00501752553503,3,4.09687709525,2.91278427451,0.000873835282354,0.0440869495853,0.0429061881785,0.00501752553503,2.94681880304,4.591623841,1.58390909514,0.000475172728542,0.0690673710367,0.0678529978635,0.00501752553503,2.20196303146,3.33441076418,1.69594831611,0.000508784494834,0.0676904216281,0.0668377827004,0.00501752553503,2.38400602798,3.88520045249,0.490167497994,0.000147050249398,0.064360415327,0.0631975405725,0.00501752553503,3,3.60582587951,1.52428692049,0.000457286076148,0.082178100344,0.0809706156669,0.00501752553503,3,3.3127664855,1.67298666258,0.000501895998774,6,5,20,5,4
1977-11,0.0194848953753,0.0177521251344,0.00539531680184,3,3.93323615675,3.42393854181,0.00102718156254,0.00299595040492,0.00159794686683,0.00539531680184,2.87939557348,4.23372329505,2.30804953252,0.000692414859755,-0.00401354127516,-0.00482959390451,0.00539531680184,2.06025733891,3.08426883015,0.368213170035,0.000110463951011,-0.0106054351787,-0.0115067253005,0.00539531680184,2.27605819119,3.54025238239,0.652338145141,0.000195701443542,0.00165203118663,0.000301736534025,0.00539531680184,3,3.64862214872,2.14901991422,0.000644705974266,-0.00151273017927,-0.00266047364139,0.00539531680184,2.91794114799,3.39398232547,1.47384927927,0.000442154783781,6,5,20,5,4
1977-12,0.0504270736804,0.0487650283542,0.00540317086984,3,4.41564772665,3.18818882635,0.000956456647904,0.0441428147764,0.0431210830706,0.00540317086984,2.88038975897,4.3619650336,1.05381009183,0.000316143027548,0.0241764070186,0.0232196405658,0.00540317086984,2.06609715696,3.15759606016,0.83725924818,0.000251177774454,0.0347467820803,0.0336606529233,0.00540317086984,2.25938493334,3.57199829558,1.26846826219,0.000380540478658,0.0451888167661,0.0438883659609,0.00540317086984,3,3.40431534882,1.98287375621,0.000594862126863,0.040996815044,0.0397150437961,0.00540317086984,2.94691787461,3.25487953195,1.92060856512,0.000576182569537,6,5,20,5,4
1978-01,0.0198729994154,0.0185954582199,0.00542672902525,3,4.17441826929,1.90650839037,0.000571952517112,0.0566863111526,0.0555140643224,0.00542672902525,2.84919205267,4.26560933036,1.55552717264,0.000466658151791,0.035833474499,0.0350115991763,0.00542672902525,2.06369368322,3.12766289512,0.387622147996,0.000116286644399,0.024307127294,0.0232713571773,0.00542672902525,2.24319124719,3.52163773827,1.10060479472,0.000330181438416,0.0372827184211,0.0361089914248,0.00542672902525,3,3.43633792394,1.56046105986,0.000468138317957,0.0336257138121,0.0325678884865,0.00542672902525,2.91978820141,3.3168897904,1.17412215772,0.000352236647316,6,5,20,5,4
1978-02,0.00886848154695,0.00724464823261,0.00560714012103,3,4.23730758534,3.06081545335,0.000918244636006,0.0472778912625,0.0462480717802,0.00560714012103,2.77962443376,4.20594387918,1.08076934632,0.000324230803896,0.0409586934472,0.0400983739011,0.00560714012103,2.20269724282,3.404505551,0.515769559175,0.000154730867752,0.0446017036695,0.0435922098736,0.00560714012103,2.56766714079,4.32868451856,1.01301705839,0.000303905117516,0.036665994617,0.0356431839917,0.00560714012103,3,3.44434022273,1.05740648968,0.000317221946905,0.038824815244,0.0377031172943,0.00560714012103,3,3.66485919942,1.38703090443,0.000416109271328,6,5,20,5,4
1978-03,-0.000296378919581,-0.00192949074531,0.00557578984429,3,4.58477942053,3.09174382463,0.00092752314739,0.025658409186,0.0243325690018,0.00557578984429,2.83375100073,4.41733954513,2.06750501975,0.000620251505926,-0.000506831575776,-0.00164199560417,0.00557578984429,2.42535111187,3.88359215143,1.43191783352,0.000429575350057,-0.00848714321257,-0.00990609131474,0.00557578984429,3,5.14157485692,2.37786474611,0.000713359423834,0.00525678359271,0.00386998920719,0.00557578984429,3,3.92036948791,2.2706856906,0.000681205707179,-0.00410250370735,-0.0055204327205,0.00557578984429,3,4.33894494887,2.37446778273,0.000712340334819,6,5,20,5,4
1978-04,0.0149749093052,0.0137318831878,0.00554442881257,3,4.52846002123,1.7914581303,0.000537437439089,-0.00876120942219,-0.00996090540719,0.00554442881257,2.9209360049,4.64314009153,1.64702435554,0.000494107306662,-0.0168019659332,-0.0176101118203,0.00554442881257,2.51714480104,4.11246678866,0.341857362423,0.000102557208727,-0.0296595708572,-0.0304548001493,0.00554442881257,3,5.1518324217,0.298802045967,8.96406137901e-05,-0.00990665044684,-0.0108841412924,0.00554442881257,3,4.05817508205,0.906340557333,0.0002719021672,-0.0155643110023,-0.0164837981494,0.00554442881257,3,4.18678912838,0.712994895732,0.000213898468719,6,5,20,5,4
1978-05,0.00938694104551,0.0071399194953,0.00567763896071,3,4.36832982071,5.1381095729,0.00154143287187,-0.0124142684035,-0.0134618346852,0.00567763896071,2.97976183847,4.8274910416,1.13992534484,0.000341977603453,0.0106418268607,0.00965683053275,0.00567763896071,2.52904800656,4.29675635597,0.931358831898,0.000279407649569,0.0117045595665,0.0109125082673,0.00567763896071,3,5.23597871608,0.288208736213,8.64626208638e-05,0.00228826389174,0.000995702101315,0.00567763896071,3,2.52052545321,1.9565770403,0.000586973112091,0.0110829366512,0.00978867583366,0.00567763896071,3,2.60057994751,1.962240464,0.000588672139199,6,5,20,5,4
1978-06,0.0468562899576,0.0447860684552,0.00596689777561,3,4.64677899813,4.54877608041,0.00136463282412,0.0328596499872,0.0316094552117,0.00596689777561,2.94504119788,4.8281057479,1.81535365705,0.000544606097116,0.0485936657572,0.047442608702,0.00596689777561,2.54444393931,4.2622616755,1.48489458945,0.000445468376834,0.066823639124,0.0660065236146,0.00596689777561,3,5.19042644556,0.37175610358,0.000111526831074,0.0488972397775,0.0475674410107,0.00596689777561,3,3.59676539338,2.08070029503,0.00062421008851,0.0588765499607,0.0575320521837,0.00596689777561,3,3.74972265143,2.12969699555,0.000638909098664,6,5,20,5,4
1978-07,0.074342751609,0.072496466656,0.006301917961,3,4.68490586264,3.80232091582,0.00114069627475,0.0379538296161,0.036161188935,0.006301917961,2.93576623345,4.74253247855,3.62350667577,0.00108705200273,0.0409125515271,0.0399568269759,0.006301917961,2.49299066479,4.15690114588,0.833786243056,0.000250135872917,0.0865759874836,0.0857104940126,0.006301917961,3,5.11836857257,0.533015975445,0.000159904792634,0.0676880341223,0.06633117678,0.006301917961,3,3.16556488559,2.17089554673,0.000651268664018,0.072917114418,0.0716860401823,0.006301917961,3,3.46486460291,1.7516185248,0.00052548555744,6,5,20,5,4
1978-08,0.0484162761396,0.0464942906636,0.00652717102276,3,4.74106750743,4.05465599247,0.00121639679774,0.0173948812857,0.0159224566573,0.00652717102276,2.94448550643,4.74082458084,2.55611983383,0.00076683595015,0.0166966803531,0.0158069342471,0.00652717102276,2.54343159008,4.25148832128,0.613858092264,0.000184157427679,0.0530961284176,0.0521259620814,0.00652717102276,3,5.14974570253,0.881925526051,0.000264577657815,0.041112937655,0.0396575755234,0.00652717102276,3,3.76779916099,2.49924484414,0.000749773453241,0.0423432208809,0.0410587922651,0.00652717102276,3,3.84798836073,1.92946645797,0.000578839937391,6,5,20,5,4
1978-09,0.044808355102,0.0432157243715,0.00648061241802,3,4.69602071461,2.9568068405,0.000887042052151,0.0464552157368,0.0449384581549,0.00648061241802,2.9450303193,4.82273456135,2.70389634516,0.000811168903548,0.0348496448385,0.0339014306887,0.00648061241802,2.58970294445,4.26219885911,0.808751571518,0.000242625471455,0.0479389176808,0.047081371747,0.00648061241802,3,5.14137548547,0.506524184951,0.000151957255485,0.0462355409194,0.0449450398665,0.00648061241802,3,3.40169435758,1.94970791513,0.000584912374539,0.0441426047369,0.0429976601879,0.00648061241802,3,3.33313704976,1.46451956886,0.000439355870657,6,5,20,5,4
1978-10,0.0415559182219,0.0397626579082,0.00692968976937,3,4.58896308223,3.62557211792,0.00108767163538,0.0662997705583,0.0653835934997,0.00692968976937,2.9104860216,4.809088241,0.701961267656,0.000210588380297,0.0648649187681,0.0637672124561,0.00692968976937,2.57667098193,4.27443788965,1.30705877888,0.000392117633665,0.0921556855216,0.0913406984638,0.00692968976937,3,5.1867454161,0.364661264796,0.000109398379439,0.0657979436995,0.0646398278459,0.00692968976937,3,3.82070667467,1.50842391756,0.000452527175267,0.067534365596,0.066306899665,0.00692968976937,3,3.61334895857,1.73959084204,0.000521877252612,6,5,20,5,4
1978-11,-0.0828718239325,-0.0849650412255,0.00754551398597,3,4.66501076897,4.62542871548,0.00138762861464,-0.119173149743,-0.12030099519,0.00754551398597,3,4.86353601278,1.40752256253,0.000422256768758,-0.0707273875052,-0.0716362134975,0.00754551398597,2.59390704613,4.40712663729,0.677457713424,0.000203237314027,-0.068668628339,-0.0695774289211,0.00754551398597,3,5.24340640819,0.677373012436,0.000203211903731,-0.0924343291709,-0.0936092986548,0.00754551398597,3,3.29044113075,1.56460268516,0.000469380805547,-0.0820642036625,-0.0833362690353,0.00754551398597,3,3.82634561497,1.88825564808,0.000566476694425,6,5,20,5,4
1978-12,0.0378099262993,0.0361115646091,0.00852230195806,2.7651701055,4.17743051605,3.30924337287,0.00099277301186,0.0350775093448,0.0333487166077,0.00852230195806,2.3572220877,3.67085467972,3.41068019583,0.00102320405875,0.0643857064114,0.0631988445288,0.00852230195806,2.2999490802,3.90056492301,1.60424401444,0.000481273204333,0.073865756613,0.072940126045,0.00852230195806,2.67296057716,4.5699127465,0.733472965701,0.00022004188971,0.0523848764337,0.0509700079923,0.00852230195806,2.86476267,3.76195984949,2.36426587681,0.000709279763043,0.066185097742,0.0649183267405,0.00852230195806,2.88041323984,4.18979348867,1.87060774398,0.000561182323193,6,5,20,5,4
1979-01,0.0218243729347,0.020335159806,0.00852230195806,2.76130593264,4.19400741498,2.61208150119,0.000783624450356,0.0435228005352,0.0422709156486,0.00852230195806,2.34570998157,3.63294371045,1.82098736075,0.000546296208225,0.0348391996528,0.0339765237204,0.00852230195806,2.22778633098,3.77631834694,0.5236241801,0.00015708725403,0.0538671926397,0.0531100623568,0.00852230195806,2.58636444287,4.40042985251,0.171805348657,5.1541604597e-05,0.0452082674701,0.0440205410702,0.00852230195806,2.82827851522,3.7299870858,1.60712573849,0.000482137721546,0.041490218713,0.0404598380084,0.00852230195806,2.80850000514,3.93184721806,1.08264008742,0.000324792026226,6,5,20,5,4
1979-02,0.0714076881275,0.0695015767194,0.00836275985659,2.77586150103,4.29868674692,4.00174243244,0.00120052272973,0.0499642077133,0.0490852584798,0.00836275985659,2.33750557369,3.75305621963,0.577868517316,0.000173360555195,0.0646483919135,0.0637093238662,0.00836275985659,2.22855743452,3.7956410181,0.778264563327,0.000233479368998,0.0708278837649,0.0699796343015,0.00836275985659,2.58762359038,4.59565965787,0.475535950109,0.000142660785033,0.0705921217136,0.0693753791017,0.00836275985659,2.84407720694,3.57103328494,1.7038464452,0.00051115393356,0.0772319109438,0.0759820873382,0.00836275985659,2.80123966278,3.70811236807,1.8141164245,0.000544234927349,6,5,20,5,4
1979-03,0.0330818135285,0.0315344600431,0.00811911288169,2.68398745954,4.26442181136,2.80588269031,0.000841764807092,-0.00870806995749,-0.0100196933854,0.00811911288169,2.29755717824,3.77105768932,2.0201158319,0.00060603474957,-0.00542225117152,-0.00638039070278,0.00811911288169,2.16821933283,3.78541298198,0.841836176405,0.000252550852922,-0.0258817300053,-0.0267081527921,0.00811911288169,2.51374960586,4.58994089047,0.402780361639,0.000120834108492,-0.00230086521852,-0.00357593073281,0.00811911288169,2.75145059091,3.27654494902,1.89825611985,0.000569476835955,-0.000193587101212,-0.00130696209812,0.00811911288169,2.69319028096,3.35717686505,1.35928772857,0.000407786318571,6,5,20,5,4
1979-04,0.00739902082724,0.00604923199251,0.00807335687862,2.70232849405,4.31620446269,2.14733385466,0.000644200156397,0.00560212846666,0.00385456593298,0.00807335687862,2.29094001764,3.68401981573,3.47324618448,0.00104197385534,-0.00407851942168,-0.00540229480764,0.00807335687862,2.15309572249,3.54552115347,2.06062235875,0.000618186707624,-0.0342176812589,-0.0351518556706,0.00807335687862,2.40324763971,4.12889347081,0.761952444542,0.000228585733363,-0.0077773492541,-0.00913189330217,0.00807335687862,2.72940952837,3.59931179724,2.16318456578,0.000648955369735,-0.0107406800719,-0.0119555010474,0.00807335687862,2.66201432602,3.55135801677,1.69744099052,0.000509232297156,6,5,20,5,4
1979-05,0.0461960089193,0.0448153714508,0.00801994598503,2.69859038151,4.37096149763,2.2501626339,0.000675048790171,0.0359708643822,0.0347848874453,0.00801994598503,2.3210209022,3.74578964617,1.6012941949,0.000480388258471,0.0435537202884,0.0426451463257,0.00801994598503,2.13666423735,3.55237145033,0.676617614461,0.000202985284338,0.0547855630096,0.0536031193025,0.00801994598503,2.27268061717,3.89142394199,1.58951676283,0.000476855028849,0.0482297607227,0.0469341546126,0.00801994598503,2.69738482072,3.61769890081,1.96672477237,0.00059001743171,0.051402571932,0.0502336464029,0.00801994598503,2.61083599772,3.41335723909,1.54445616916,0.000463336850748,6,5,20,5,4
1979-06,0.0136773252843,0.0118605877079,0.00809623773575,2.67830580682,4.38745535637,3.70382966035,0.0011111488981,0.0490618023955,0.047887548169,0.00809623773575,2.31069182772,3.81111787923,1.56221849369,0.000468665548106,0.0400005074362,0.0388159213096,0.00809623773575,2.11698401751,3.59845695838,1.59665816091,0.000478997448272,0.0247675879437,0.0238930129183,0.00809623773575,2.23690798428,3.88588432007,0.563287823572,0.000168986347072,0.0305988099175,0.0292559297674,0.00809623773575,2.67130840599,3.11367016995,2.12430490598,0.000637291471795,0.0273476311262,0.0262454093997,0.00809623773575,2.5804757921,2.99558907622,1.32211016053,0.000396633048159,6,5,20,5,4
1979-07,0.0239930898915,0.0223845671563,0.0079359516336,2.69327593916,4.31607610001,3.00978018933,0.0009029340568,0.0236962603371,0.0226833052407,0.0079359516336,2.27239045717,3.73157718099,1.02455472698,0.000307366418094,0.0255248018218,0.0247236654552,0.0079359516336,2.10521044478,3.53197799973,0.318492294243,9.55476882729e-05,0.0172539205061,0.0164949682954,0.0079359516336,2.24331536926,3.79584803945,0.17787844109,5.33635323269e-05,0.0228337807368,0.021710369414,0.0079359516336,2.67412954752,2.9999896145,1.39274214822,0.000417822644467,0.0235920926945,0.0225462619268,0.0079359516336,2.58999016386,3.18935178253,1.13414029796,0.000340242089389,6,5,20,5,4
1979-08,-0.00585541612648,-0.00789834469454,0.00805809979951,2.69403012415,4.35342035476,4.45779963238,0.00133733988972,0.000910987829672,-0.000299237985665,0.00805809979951,2.27178090185,3.73452677491,1.68212379,0.000504637137,0.0326886949049,0.0316751952719,0.00805809979951,2.104250379,3.53167701233,1.02636984898,0.000307910954693,0.0352562874173,0.0344419973739,0.00805809979951,2.24531396781,3.70939787097,0.362337883807,0.000108701365142,0.0117473237319,0.0103187965244,0.00805809979951,2.67527742859,2.73196853296,2.40979509712,0.000722938529137,0.0243403075663,0.0230101777607,0.00805809979951,2.59045639598,2.57671505791,2.08180375758,0.000624541127273,6,5,20,5,4
1979-09,0.0600101772538,0.0579783284392,0.00851471100752,2.65268270364,4.24980435674,4.42086712104,0.00132626013631,0.0538695457148,0.0526025685892,0.00851471100752,2.262372055,3.71191347981,1.87129482417,0.000561388447252,0.0498666158475,0.0491471167697,0.00851471100752,2.10016165595,3.53714753973,0.0463679980453,1.39103994136e-05,0.0727463004429,0.0719785632588,0.00851471100752,2.24516309667,3.71733121834,0.207161685943,6.21485057828e-05,0.0683278183688,0.0669527668982,0.00851471100752,2.66960629134,3.01385543586,2.23154264084,0.000669462792252,0.0665489506203,0.0654022879892,0.00851471100752,2.59142780673,3.17073190075,1.47024650945,0.000441073952834,6,5,20,5,4
1979-10,0.0493490775894,0.0474703494907,0.00940613386849,2.65337177985,4.33353902907,3.91046473456,0.00117313942037,-0.009510416068,-0.010509557673,0.00940613386849,2.21858086159,3.74311812124,0.978509755612,0.000293552926684,-0.00864240995469,-0.00952067630311,0.00940613386849,2.10849373538,3.6885349087,0.575592233607,0.000172677670082,0.056745792394,0.0558500336546,0.00940613386849,2.18977610528,3.72551651254,0.633900203649,0.000190170061095,0.0342104954345,0.0329232444024,0.00940613386849,2.59182734564,2.64241699406,1.93887451254,0.000581662353761,0.0343169580786,0.0330948530226,0.00940613386849,2.5269115549,2.78103135574,1.72172125875,0.000516516377626,6,5,20,5,4
1979-11,0.0451654786741,0.043738360276,0.0107272411493,2.6671969961,3.98990824426,2.40509906574,0.000721529719722,0.0455483870296,0.0439401535483,0.0107272411493,2.20634083008,3.7107065392,3.00881600995,0.000902644802984,0.0839829017679,0.0826887212821,0.0107272411493,2.07957349842,3.61441148425,1.96197269163,0.00058859180749,0.0801857123845,0.078945498745,0.0107272411493,2.15834405487,3.52784735704,1.78208320389,0.000534624961168,0.066752906676,0.0655131517377,0.0107272411493,2.6048243217,3.29208649289,1.78055419988,0.000534166259964,0.0822306028056,0.0808916286198,0.0107272411493,2.53294336213,3.27318815272,2.11128502477,0.000633385507431,6,5,20,5,4
1979-12,-0.00825708973278,-0.00994849617567,0.0109049202586,2.69566353441,4.33387096301,3.28605921517,0.000985817764552,0.0341446422216,0.0326815056148,0.0109049202586,2.18246153422,3.70617922727,2.52515976153,0.00075754792846,0.0335968855672,0.032590816262,0.0109049202586,2.24065182272,3.75896437314,1.00160208935,0.000300480626805,0.0411105142481,0.0401032965417,0.0109049202586,2.08232457451,3.37651849041,1.00543009364,0.000301629028092,0.0233552494921,0.0219506216507,0.0109049202586,2.54080435712,3.1936289182,2.33013054342,0.000699039163026,0.022458639201,0.021293706735,0.0109049202586,2.48797739281,3.2449808686,1.53114595905,0.000459343787716,6,5,20,5,4
1980-01,0.166823686878,0.165075074678,0.0105566423224,2.85606302042,4.56553867642,3.47674507038,0.00104302352111,0.0722861502711,0.0711942903671,0.0105566423224,2.35357206491,4.11790190568,1.28757075239,0.000386271225718,0.125801637952,0.124809903222,0.0105566423224,2.29612886278,3.98171801273,0.953820171666,0.0002861460515,0.119537705456,0.118760640584,0.0105566423224,2.07849200474,3.49263601118,0.238253979233,7.14761937699e-05,0.129092335018,0.127986399336,0.0105566423224,2.64959939673,3.38195708321,1.33449001176,0.000400347003527,0.144671913557,0.143543938873,0.0105566423224,2.55360384725,3.90943956248,1.40795335224,0.000422386005671,6,5,20,5,4
1980-02,0.0405517816013,0.0383802515729,0.0105269405971,2.25203506461,3.67237538411,4.88647116668,0.00146594135001,0.114340063615,0.113138012883,0.0105269405971,2.27580810735,3.96654665724,1.65487351362,0.000496462054086,0.097936730126,0.0970393972315,0.0105269405971,2.01025441155,3.39175971713,0.639147387129,0.000191744216139,0.108365127227,0.107529978768,0.0105269405971,1.8565870636,3.06491579699,0.431865936148,0.000129559780845,0.0977622976634,0.0964434715063,0.0105269405971,2.30616961262,2.52407539671,2.04412492925,0.000613237478775,0.0912862252182,0.0899768022486,0.0105269405971,2.1458220596,2.60934193065,2.01278097112,0.000603834291335,6,5,20,5,4
1980-03,-0.0279969972786,-0.0295743903306,0.0112002908791,2.25917601001,3.48280929061,2.90601457899,0.000871804373696,-0.0390338982442,-0.0407073571245,0.0112002908791,2.02362498558,3.06181967394,3.22623400648,0.000967870201945,-0.0206064939169,-0.0215363382567,0.0112002908791,1.87089705495,2.86715719431,0.747518871239,0.000224255661372,-0.0276974049641,-0.0285635513108,0.0112002908791,1.70891829146,2.60634770816,0.535192227857,0.000160557668357,-0.0287476081803,-0.0300080890178,0.0112002908791,2.1490813392,3.12508110709,1.84964053039,0.000554892159116,-0.0214936835877,-0.0224960472323,0.0112002908791,2.02859883678,2.90671359802,0.989249887613,0.000296774966284,6,5,20,5,4
1980-04,-0.0384571182766,-0.039790576759,0.0135800250629,2.16095222263,3.19897294309,2.0928993469,0.00062786980407,-0.0322397849142,-0.0333169207615,0.0135800250629,1.92102101296,2.80869348572,1.23849056317,0.000371547168951,-0.0203809109116,-0.0214561801557,0.0135800250629,1.79657616677,2.66294592526,1.23226855229,0.000369680565687,-0.0098678950636,-0.0108189094086,0.0135800250629,1.61740134241,2.39880452219,0.818085555607,0.000245425666682,-0.0311257810276,-0.0322651722779,0.0135800250629,2.04616112279,2.7481252158,1.44600857328,0.000433802571984,-0.0253047167703,-0.0264091720627,0.0135800250629,1.94182108042,2.65472710857,1.32955538025,0.000398866614075,6,5,20,5,4
1980-05,-0.0212615217784,-0.0228050954705,0.0125469080155,2.02004746391,2.82566746326,2.79328337906,0.000837985013718,-0.0244980388196,-0.0255978080041,0.0125469080155,1.83282602901,2.53874393539,1.3139350204,0.00039418050612,-0.0283189174536,-0.0293422253001,0.0125469080155,1.72561388785,2.38495408571,1.05906389409,0.000317719168227,-0.00186736800631,-0.00265677496931,0.0125469080155,1.58491067451,2.1986441057,0.279394282209,8.38182846626e-05,-0.0200955596117,-0.0212565535395,0.0125469080155,1.94008779864,1.93278555372,1.51801749846,0.000455405249537,-0.0204562822257,-0.0215727840187,0.0125469080155,1.85143411779,1.91243603254,1.36971038235,0.000410913114706,6,5,20,5,4
1980-06,0.0306322264901,0.0291655374818,0.0078136404206,1.96401878423,2.60205132869,2.53700109997,0.000761100329991,-0.0109040653601,-0.0120214568829,0.0078136404206,1.78801593839,2.39181987716,1.3726761482,0.00041180284446,0.00479061775122,0.00360244719293,0.0078136404206,1.66090713401,2.19461510008,1.60860626651,0.000482581879953,0.0131493334069,0.012108513857,0.0078136404206,1.57482240186,2.09205995541,1.11743623849,0.000335230871548,0.0106241786612,0.00949731958627,0.0078136404206,1.89289650104,1.52394841921,1.40423465527,0.000421270396581,0.0152970328033,0.0140853137531,0.0078136404206,1.79935292554,1.62448349671,1.6871012396,0.000506130371881,6,5,20,5,4
1980-07,-0.00527345470088,-0.00619246464113,0.00681376015531,1.96042027177,2.65142533207,0.711404206377,0.000213421261913,-0.0113567320967,-0.0127364214761,0.00681376015531,1.77006910595,2.37222309452,2.24700233669,0.000674100701008,-0.0113510131381,-0.0122886635338,0.00681376015531,1.66118062254,2.19041669482,0.773539058034,0.00023206171741,0.0285062429329,0.0276924877868,0.00681376015531,1.57236253526,2.08700874939,0.360554892592,0.000108166467778,0.0055929988614,0.00458241131834,0.00681376015531,1.89052537146,1.67355276132,1.01666288243,0.000304998864728,0.00482689899117,0.00393570174801,0.00681376015531,1.79965690801,1.71175758173,0.618695216057,0.000185608564817,6,5,20,5,4
1980-08,0.00397722391088,0.00294297631882,0.00693741319239,1.94150088524,2.63278376286,1.09552971241,0.000328658913723,0.0181119693599,0.0171735304177,0.00693741319239,1.76330899476,2.35432517316,0.776167546005,0.000232850263802,0.0321548889915,0.0313137323836,0.00693741319239,1.6391213689,2.17047046315,0.451893098334,0.0001355679295,0.0399334620428,0.0391612812726,0.00693741319239,1.57390031097,2.07871516876,0.221973639809,6.65920919426e-05,0.0237618066813,0.0228636483395,0.00693741319239,1.88713977504,1.75232952091,0.641898878242,0.000192569663473,0.0286159948452,0.0277577051928,0.00693741319239,1.79264145304,1.6522355931,0.509003247026,0.000152700974108,6,5,20,5,4
1980-09,0.0271831379697,0.0259182003277,0.00790538913378,1.93891060038,2.55835293199,1.86449654549,0.000559348963648,0.0306466913472,0.0298081099683,0.00790538913378,1.76303990352,2.32840481601,0.443309001775,0.000132992700532,0.0245604805913,0.023567032565,0.00790538913378,1.63536332702,2.15620357282,0.959531159853,0.000287859347956,0.015861955893,0.0151174750695,0.00790538913378,1.567640982,2.05582327297,0.129640484044,3.88921452133e-05,0.0249395773087,0.0240153926362,0.00790538913378,1.88745215152,1.83947437681,0.728653313917,0.000218595994175,0.0223840901197,0.0214565426114,0.00790538913378,1.79229546968,1.54029616496,0.739862766508,0.000221958829952,6,5,20,5,4
1980-10,0.0219759277413,0.0207434185829,0.00895395067255,1.94046211846,2.53747574907,1.75640160033,0.0005269204801,0.0386306110252,0.0375833007177,0.00895395067255,1.76051371475,2.34903040282,1.13907209724,0.000341721629171,0.0231038620215,0.022175245116,0.00895395067255,1.63521335255,2.17063419681,0.743427424192,0.000223028227258,0.0243338848883,0.0234228157946,0.00895395067255,1.56536588599,2.06615185984,0.684934717928,0.000205480415378,0.0300168236855,0.0289362472748,0.00895395067255,1.88970849452,2.1243751207,1.24995910808,0.000374987732423,0.0238201879734,0.0228842434727,0.00895395067255,1.79283770395,1.5946500218,0.767852741357,0.000230355822407,6,5,20,5,4
1980-11,0.00731545336159,0.00594142861172,0.0101921327307,1.96910404081,2.70370210239,2.22812023842,0.000668436071527,0.0257513779114,0.0248261387225,0.0101921327307,1.75399646891,2.39044965561,0.732168368596,0.000219650510579,0.0163556942734,0.0155428652799,0.0101921327307,1.6693525389,2.26298015286,0.35746771715,0.000107240315145,0.019980440841,0.0190421803498,0.0101921327307,1.58110149856,2.12608006887,0.775572709506,0.000232671812852,0.0201522586544,0.0192179847226,0.0101921327307,1.90622965224,1.81813599077,0.762284178132,0.00022868525344,0.0162428842963,0.0152500329896,0.0101921327307,1.82315648644,1.50590064411,0.957542094521,0.000287262628356,6,5,20,5,4
1980-12,0.00661284268362,0.00536916321484,0.0122120971147,1.96269244219,2.64777907181,1.79363596816,0.000538090790447,0.00375884913651,0.00266464143336,0.0122120971147,1.75611663423,2.36998525995,1.29539674938,0.000388619024815,0.0122264566402,0.0112027853037,0.0122120971147,1.68016868781,2.25612403983,1.06027552723,0.000318082658169,0.0111678597474,0.0102984594769,0.0122120971147,1.6013174608,2.13051352283,0.546038640522,0.000163811592157,0.00774079569051,0.00665440555917,0.0122120971147,1.91420855163,1.95589614091,1.26933817665,0.000380801452994,0.0106705070358,0.0096213335339,0.0122120971147,1.83220356396,1.84709847827,1.14528274514,0.000343584823543,6,5,20,5,4
1981-01,0.0313526044208,0.0301051042325,0.0143526743129,1.9661509071,2.71004987183,1.80637169985,0.000541911509954,0.0188722820832,0.0179216546753,0.0143526743129,1.75363935348,2.3974742262,0.816795765444,0.000245038729633,0.00711072872817,0.0063608932349,0.0143526743129,1.67546827621,2.26639954938,0.147489383101,4.42468149304e-05,0.0231922370499,0.0223769475028,0.0143526743129,1.59264320833,2.1404562317,0.365669562304,0.000109700868691,0.0253845457129,0.0244073054116,0.0143526743129,1.90825865869,2.25422653223,0.905505409815,0.000271651622944,0.0212238853966,0.020328617098,0.0143526743129,1.8256367802,2.07711944908,0.632265400827,0.000189679620248,6,5,20,5,4
1981-02,0.0404823335628,0.0390982384086,0.0133066190337,1.96464739665,2.66384884007,2.26168825279,0.000678506475837,0.0332777293853,0.0322268477638,0.0133066190337,1.76985577339,2.41195025296,1.15097647741,0.000345292943222,-0.00397158245548,-0.00477789749308,0.0133066190337,1.66893963734,2.25216175446,0.335754530886,0.000100726359266,0.00604686086542,0.00531731174439,0.0133066190337,1.5912125889,2.12976093448,0.0798681422862,2.39604426859e-05,0.028032070884,0.0269744134327,0.0133066190337,1.90984498877,1.59865297695,1.17356257662,0.000352068772986,0.0143677141237,0.0134094626497,0.0133066190337,1.82427299424,1.47803756816,0.842209319086,0.000252662795726,6,5,20,5,4
1981-03,-0.00465680369644,-0.00578180299628,0.0125469080155,1.95804844796,2.63569923813,1.39803540499,0.000419410621496,-0.00866478649473,-0.00946034056199,0.0125469080155,1.77612986915,2.40282226699,0.299884629741,8.99653889222e-05,0.0052103809558,0.00424324944072,0.0125469080155,1.65309791394,2.21625882129,0.871809455781,0.000261542836734,0.0188966300218,0.0179994449662,0.0125469080155,1.57816991942,2.09601189597,0.638654590866,0.00019159637726,0.00107979786006,0.000250833562281,0.0125469080155,1.91131870585,1.64704410068,0.411252064801,0.00012337561944,0.00582765195418,0.00495060014248,0.0125469080155,1.82048522033,1.55873021917,0.57154377787,0.000171463133361,6,5,20,5,4
1981-04,0.00827812292278,0.00656099023166,0.011296082335,1.93972138103,2.62013992788,3.37181337595,0.00101154401278,0.0403342252931,0.0391778247977,0.011296082335,1.75348803998,2.35033516393,1.50270605702,0.000450811817107,0.0493515184147,0.0483618622655,0.011296082335,1.65024618808,2.22179243191,0.946891569542,0.000284067470863,0.0312941506756,0.0303548470864,0.011296082335,1.59037510218,2.12007530277,0.779049702757,0.000233714910827,0.0287736709354,0.0274891062814,0.011296082335,1.89814450668,1.48027606988,1.92991991903,0.000578975975708,0.0320433395876,0.0308324570015,0.011296082335,1.81950823897,1.28482335413,1.68431302598,0.000505293907794,6,5,20,5,4
1981-05,0.0337645977167,0.0322767933573,0.0117735483682,1.93453017143,2.60477242758,2.60738560348,0.000782215681045,0.045741359068,0.0448874382057,0.0117735483682,1.74678900626,2.32863357149,0.494440613217,0.000148332183965,0.055087630039,0.0542757749436,0.0117735483682,1.64907539913,2.19940360703,0.354221390495,0.000106266417149,0.0140258305414,0.0130546500243,0.0117735483682,1.62503946104,2.14097563413,0.885306128888,0.000265591838666,0.032681779975,0.0315641439906,0.0117735483682,1.91390009008,1.37930495958,1.37349102015,0.000412047306044,0.0362362090276,0.0351419569959,0.0117735483682,1.84062299243,1.51815563101,1.29554451116,0.000388663353349,6,5,20,5,4
1981-06,0.013298748362,0.0119592900869,0.0140815540813,1.93230131263,2.60742870445,2.11289865605,0.000633869596815,0.00941926275546,0.00850711579243,0.0140815540813,1.7380463784,2.31096956237,0.688527615644,0.000206558284693,0.0259943065435,0.0252146302497,0.0140815540813,1.62581684734,2.14436287292,0.246958718266,7.40876154798e-05,0.00381528855748,0.00276340636779,0.0140815540813,1.62419768898,2.12572587147,1.1543117045,0.000346293511351,0.00737113723734,0.00638303579537,0.0140815540813,1.92018474008,2.04304017757,0.941709212137,0.000282512763641,0.0135983879176,0.0126392850217,0.0140815540813,1.84204535592,2.02193309042,0.845047391958,0.000253514217587,6,5,20,5,4
1981-07,0.0328460556403,0.0312793080212,0.0130974197693,1.93678866807,2.55192267916,2.87052980266,0.000861158940797,0.0467556896859,0.0458142703575,0.0130974197693,1.73456552049,2.28751086946,0.786102166703,0.000235830650011,0.064354503365,0.0635425187955,0.0130974197693,1.6317076037,2.14060279292,0.354652970406,0.000106395891122,0.0406115874124,0.0398156491096,0.0130974197693,1.61093293242,2.10020508043,0.301165414617,9.03496243851e-05,0.0452256673575,0.0442211418931,0.0130974197693,1.91356975492,1.89956013482,0.996455953651,0.000298936786095,0.05010089211,0.0490772948119,0.0130974197693,1.84463076762,1.78089887948,1.06002873235,0.000318008619704,6,5,20,5,4
1981-08,-0.00917798951425,-0.0108205224992,0.0137164244483,1.97317764705,2.46018994009,3.12314768884,0.000936944306651,0.022764897493,0.0219381362016,0.0137164244483,1.71949877597,2.2010498845,0.403908710227,0.000121172613068,0.0222394490553,0.0214173991834,0.0137164244483,1.59558816635,2.03870299651,0.388203978513,0.000116461193554,0.0144995051782,0.0137201249352,0.0137164244483,1.62764523682,2.08589259487,0.245971882281,7.37915646843e-05,0.0110168271639,0.00993278847373,0.0137164244483,1.92433263978,1.98547889997,1.26150003949,0.000378450011848,0.011041517481,0.0099842853324,0.0137164244483,1.85112500734,1.90032286309,1.17214490082,0.000351643470245,6,5,20,5,4
1981-09,0.041726919709,0.0401926413131,0.0138597849815,1.95234874069,2.4745363463,2.76229905854,0.000828689717562,0.0472302931938,0.0460005179677,0.0138597849815,1.71964075892,2.1143825705,1.74728849259,0.000524186547778,0.0502661549345,0.049324539701,0.0138597849815,1.59621462933,1.98511865788,0.786755184074,0.000236026555222,0.0316865790662,0.0308679868805,0.0138597849815,1.62404197178,2.03557873189,0.376678357703,0.000113003507311,0.0423526146242,0.0411454158007,0.0138597849815,1.92002982878,1.63517743203,1.67203381728,0.000501610145185,0.0435728315909,0.0424908021766,0.0138597849815,1.84466469705,1.57368077838,1.25480245329,0.000376440735987,6,5,20,5,4
1981-10,-0.000192811704011,-0.00178064735366,0.0130540777752,1.94905981341,2.47143992851,2.94082323771,0.000882246971314,0.0202363153431,0.019240107732,0.0130540777752,1.70865658556,2.10374021629,0.968729775773,0.000290618932732,0.00663064250051,0.00571761618731,0.0130540777752,1.58274729692,1.96303514786,0.691458782893,0.000207437634868,0.0110756391775,0.0103328556596,0.0130540777752,1.62529806104,2.03304048598,0.123982798841,3.71948396522e-05,0.0106915723669,0.00956996794917,0.0130540777752,1.91730613372,1.71763289969,1.3867191314,0.000416015739421,0.00516823931772,0.00408769694311,0.0130540777752,1.83965052252,2.01218434215,1.24984565424,0.000374953696272,6,5,20,5,4
1981-11,-0.0396094523377,-0.0408169386352,0.0120003928952,1.94243057009,2.49096431793,1.67299206404,0.000501897619212,-0.0176325399354,-0.018659612796,0.0120003928952,1.72909130677,2.15994648728,1.07161394099,0.000321484182296,-0.0472804091766,-0.0482437736785,0.0120003928952,1.58670021526,1.99292399929,0.859252745146,0.000257775823544,-0.0468846788483,-0.0476629870586,0.0120003928952,1.64567098026,2.08426897654,0.242398440087,7.27195320261e-05,-0.0403151207994,-0.0413362767803,0.0120003928952,1.93325921031,1.89622324616,1.05189100851,0.000315567302553,-0.0500825522865,-0.0510776447174,0.0120003928952,1.84421716235,1.89312322416,0.965012508501,0.00028950375255,6,5,20,5,4
1981-12,-0.00577537057214,-0.00734571555355,0.0098486183921,1.9722503404,2.56165646176,2.88252101024,0.000864756303073,0.0078797369167,0.00699918004754,0.0098486183921,1.90550270178,2.40319202753,0.583227302761,0.000174968190828,0.00347782844247,0.00248596081036,0.0098486183921,1.54893116834,1.94128483136,0.954263179244,0.000286278953773,0.0182736440817,0.0173152454609,0.0098486183921,1.58888676656,2.01693345378,0.842699808428,0.000252809942529,0.00727004119299,0.00615178050603,0.0098486183921,1.99185850199,1.47813613559,1.37557336208,0.000412672008625,0.00501651874848,0.00383016679185,0.0098486183921,1.81526311122,1.35636882851,1.60254426098,0.000480763278295,6,5,20,5,4
1982-01,0.0172009304122,0.015618221097,0.00985609977747,1.96225571613,2.55476393338,2.92373545626,0.000877120636879,0.00701538392903,0.00591268031994,0.00985609977747,1.90508241258,2.4063808311,1.32371643585,0.000397114930755,0.0121418067837,0.0110204872604,0.00985609977747,1.55941887,1.96421892349,1.38576948334,0.000415730845002,0.0418316592535,0.0410759445768,0.00985609977747,1.60697946292,2.05436008379,0.167086661046,5.01259983137e-05,0.027156709233,0.0259743457244,0.00985609977747,1.99769931223,1.48014275133,1.58924943438,0.000476774830315,0.0264562407495,0.0252745108113,0.00985609977747,1.82605193192,1.42280191905,1.58713753297,0.000476141259891,6,5,20,5,4
1982-02,0.040465557634,0.0393447750894,0.0106160169807,1.96255946928,2.54229648504,1.38397955442,0.000415193866327,-0.0125868426445,-0.0135187652458,0.0106160169807,1.91220281107,2.41138908377,0.754446410138,0.000226333923041,0.000218892924277,-0.000636857880806,0.0106160169807,1.55942485743,1.96216010519,0.500540422488,0.000150162126747,0.0305722977578,0.029839572705,0.0106160169807,1.60341322056,2.03502712386,0.0904545814236,2.71363744271e-05,0.0232678221796,0.0223758189405,0.0106160169807,2.00400884664,1.50143681862,0.621381869218,0.000186414560765,0.0243201788482,0.0234281250278,0.0106160169807,1.82846922147,1.42333568797,0.621550473459,0.000186465142038,6,5,20,5,4
1982-03,0.0461546320261,0.0451951684475,0.0117149169199,1.99381561249,2.5590349936,0.84624966752,0.000253874900256,0.0423463118594,0.0410735151899,0.0117149169199,1.9025780574,2.39054464515,1.89069330416,0.000567207991249,0.0188934299537,0.0178489025492,0.0117149169199,1.57288280381,1.95935319125,1.12979575382,0.000338938726145,0.0193790617061,0.0184926210134,0.0117149169199,1.62104036293,2.01238650467,0.602840047912,0.000180852014374,0.0420078986322,0.0409294811322,0.0117149169199,2.04301973497,2.03025481946,1.24276273907,0.000372828821722,0.0313230624078,0.0303289929725,0.0117149169199,1.86597486041,1.83294729826,0.961602522987,0.000288480756896,6,5,20,5,4
1982-04,-0.0134052597797,-0.01458658684,0.0111339151961,1.97258460193,2.50637614567,1.58579460644,0.000475738381932,-0.012294315622,-0.0133779528407,0.0111339151961,1.90132822422,2.38358345396,1.26016180117,0.00037804854035,-0.0014161186058,-0.00238625423259,0.0111339151961,1.58231847624,1.97272478399,0.881823161504,0.000264546948451,-0.00852875919851,-0.00936051991225,0.0111339151961,1.65380320323,2.05183340663,0.420573451343,0.000126172035403,-0.0155910484619,-0.0164924565893,0.0111339151961,2.0412746434,2.18101735505,0.652731496681,0.000195819449004,-0.0103629941584,-0.0112898481899,0.0111339151961,1.87186083242,1.95865301704,0.737551177195,0.000221265353159,6,5,20,5,4
1982-05,0.0263303059753,0.0248115873676,0.011303446776,1.94387920988,2.48015512244,2.71043309772,0.000813129929316,0.044473050235,0.0435980275129,0.011303446776,1.87342300265,2.36037729319,0.56478014563,0.000169434043689,0.0395627859233,0.0387643853394,0.011303446776,1.57850654313,1.97908736663,0.309373018434,9.28119055302e-05,0.0274267755809,0.026476157348,0.011303446776,1.67414392822,2.09047751667,0.816765181946,0.000245029554584,0.034369041818,0.0331961732876,0.011303446776,2.01127404025,1.66268249002,1.55759950704,0.000467279852112,0.0326767181651,0.0315959649985,0.011303446776,1.85743684401,1.4927999424,1.25054829424,0.000375164488272,6,5,20,5,4
1982-06,0.0292072906652,0.0276071276574,0.0108309290429,1.95708169213,2.47253711048,2.98191443159,0.000894574329478,0.0781342063074,0.0772531807079,0.0108309290429,1.86034710832,2.29244553206,0.584789737332,0.0001754369212,0.0615078568809,0.060691892872,0.0108309290429,1.57667585503,1.95963051759,0.367917768524,0.000110375330557,0.0917502868499,0.0907762253504,0.0108309290429,1.68662940418,2.09196918106,0.894909403919,0.000268472821176,0.0774880175974,0.0763306323932,0.0108309290429,2.0189467189,2.08460461225,1.50598841968,0.000451796525905,0.0691281490222,0.0680126694178,0.0108309290429,1.8668393032,1.88337204349,1.36630308689,0.000409890926067,6,5,20,5,4
1982-07,0.0146773937131,0.0136832039153,0.0113181738885,1.95163171812,2.39821145905,0.962003731572,0.000288601119472,0.0119187403914,0.0109909631784,0.0113181738885,1.77717882995,2.1422568485,0.740628448994,0.000222188534698,0.00916536604748,0.00834613549766,0.0113181738885,1.53887911346,1.88038434179,0.378806238266,0.00011364187148,0.0214032642849,0.0204954095998,0.0113181738885,1.57326559905,1.93538167914,0.674220022412,0.000202266006724,0.0170716633702,0.0161156010502,0.0113181738885,1.9228148865,2.0858142393,0.834912139016,0.000250473641705,0.0153138555062,0.0144184578482,0.0113181738885,1.80091873575,1.89352827903,0.632696598827,0.000189808979648,6,5,20,5,4
1982-08,0.0203551460953,0.0189593466713,0.0105640662536,1.95274637242,2.27081386374,2.30070248567,0.000690210745701,0.00938297095504,0.00841276246845,0.0105640662536,1.77583167462,2.11244359397,0.88206602751,0.000264619808253,0.0163241734225,0.0155237442688,0.0105640662536,1.53561978179,1.85481736262,0.316134917905,9.48404753714e-05,0.0299738956493,0.0290242626939,0.0105640662536,1.57435740598,1.90906742439,0.813480923622,0.000244044277087,0.0225424748213,0.0214359304291,0.0105640662536,1.92188785505,1.92135715158,1.33651904602,0.000400955713805,0.0243366953838,0.02331055604,0.0105640662536,1.79936208239,1.7784628627,1.06850221801,0.000320550665404,6,5,20,5,4
1982-09,0.0275129113154,0.0264007079688,0.00843876691397,1.96034372216,2.33601119085,1.35538222774,0.000406614668321,0.00964255361061,0.00869413950752,0.00843876691397,1.77891845451,2.09493720931,0.80941808253,0.000242825424759,0.00330824727973,0.00246476365553,0.00843876691397,1.53733643475,1.81468211776,0.459649819546,0.000137894945864,0.0138629383736,0.0129376240191,0.00843876691397,1.57427985561,1.88590735918,0.732418920349,0.000219725676105,0.0177926873774,0.0169033273872,0.00843876691397,1.92421442782,1.84960528607,0.612571039502,0.00018377131185,0.0149888408763,0.014086229133,0.00843876691397,1.79914897632,1.75813790693,0.656743549885,0.000197023064966,6,5,20,5,4
1982-10,0.05556956733,0.0545490216682,0.0084767468244,1.98972806708,2.35856163016,1.04985661167,0.000314956983502,0.0323001968901,0.0314197215915,0.0084767468244,1.80114838891,2.06418928528,0.582955400855,0.000174886620256,0.0325217469298,0.0315731137284,0.0084767468244,1.54484214732,1.77086191061,0.81014841008,0.000243044523024,0.0309344658471,0.0301623282732,0.0084767468244,1.59918729035,1.86140443665,0.221829651861,6.65488955584e-05,0.041909009714,0.0410405240227,0.0084767468244,1.95885591679,1.80240580687,0.542990043105,0.000162897012932,0.0413959889095,0.040487269304,0.0084767468244,1.82587151933,1.7188654608,0.677103090441,0.000203130927132,6,5,20,5,4
1982-11,-0.0217068656798,-0.0226579091399,0.00759920209395,1.9529992822,2.31600802024,0.818182605764,0.000245454781729,-0.0233153450109,-0.0243139548711,0.00759920209395,1.81023258724,2.0916139731,0.976737272824,0.000293021181847,-0.0119401150461,-0.0127216308488,0.00759920209395,1.55100214866,1.77653252945,0.253090414458,7.59271243373e-05,-0.0133179884462,-0.0141817737163,0.00759920209395,1.6092817135,1.87495598809,0.527321972289,0.000158196591687,-0.0238735456021,-0.0248111892462,0.00759920209395,1.94414001309,1.98746755834,0.77351655254,0.000232054965762,-0.0185323333724,-0.0193868188684,0.00759920209395,1.81231249685,1.83943081041,0.496322725298,0.000148896817589,6,5,20,5,4
1982-12,0.0147221695855,0.0133749366733,0.00716881340997,1.92778578882,2.26623451071,2.138814113,0.000641644233901,0.0114495214379,0.0104469077488,0.00716881340997,1.77840344787,2.03453875665,0.990083369315,0.000297025010794,-0.0205567525091,-0.0213588301853,0.00716881340997,1.58866478623,1.80424900073,0.321629992947,9.64889978841e-05,-0.0199177741725,-0.020822197019,0.00716881340997,1.62250469447,1.87376609937,0.662780560723,0.000198834168217,0.000679148776273,-0.000432474620512,0.00716881340997,1.92175836996,1.55698722072,1.35344906149,0.000406034718447,-0.0117160663837,-0.0127444530146,0.00716881340997,1.82592424058,1.50947280346,1.07599317525,0.000322797952576,6,5,20,5,4
1983-01,-0.00637864058695,-0.00760183370256,0.00694513596381,1.93838332532,2.22541561351,1.72534812425,0.000517604437274,0.00275807103818,0.0017795424657,0.00694513596381,1.78275130513,2.01182563687,0.909799647147,0.000272939894144,0.0132405470726,0.0123602578963,0.00694513596381,1.56015025691,1.74740201014,0.582334993117,0.000174700497935,0.0193602208364,0.0186077487818,0.00694513596381,1.58961634987,1.80094964319,0.156277920744,4.68833762233e-05,0.00708730100812,0.00610925229502,0.00694513596381,1.91452113252,1.31506353545,0.908200115893,0.000272460034768,0.0105292818381,0.0096010835752,0.00694513596381,1.80371239732,1.25723523068,0.742031948553,0.000222609584566,6,5,20,5,4
1983-02,0.0395362608241,0.038057166462,0.00671316891255,2.39632096598,2.53780788479,2.57835227925,0.000773505683774,0.0114178776136,0.0104032645,0.00671316891255,1.83205433114,2.06428253133,1.03008145071,0.000309024435214,0.0193182180125,0.018320052407,0.00671316891255,1.72363672838,1.93690089373,0.97525642393,0.000292576927179,-0.00356910691338,-0.00433062870268,0.00671316891255,1.76323340172,1.97655176156,0.186443703216,5.59331109648e-05,0.014057236688,0.0130200777878,0.00671316891255,2.14797310634,1.56671471854,1.10523407317,0.000331570221951,0.0174109430494,0.0164646408613,0.00671316891255,2.09847910974,1.37016246486,0.80237836573,0.000240713509719,6,5,20,5,4
1983-03,0.0309441801085,0.0296909014982,0.00685241967656,2.39387466632,2.72621939889,1.82563310634,0.000547689931902,-0.0304556231257,-0.0314883261572,0.00685241967656,2.06390336288,2.33954718769,1.09038117735,0.000327114353205,-0.0230643919798,-0.0239035855799,0.00685241967656,1.8904411384,2.15758020523,0.445349738944,0.000133604921683,0.0129164045478,0.0119613387435,0.00685241967656,2.01982608637,2.2886142579,0.831590420142,0.000249477126043,0.00316091520909,0.00211124067056,0.00685241967656,2.38965331421,1.7348798162,1.14695286731,0.000344085860192,0.0041601012594,0.00316787314536,0.00685241967656,2.32035958861,1.79944412193,0.955464785669,0.000286639435701,6,5,20,5,4
1983-04,0.0237996786264,0.0221634298631,0.00696830036971,2.45729376851,2.57526456693,3.10220028298,0.000930660084895,0.0260811062874,0.0248964196395,0.00696830036971,2.11113024151,2.33268291138,1.5969932316,0.00047909796948,0.0338481679436,0.0329168084726,0.00696830036971,1.8949662045,2.13060554681,0.752569308738,0.000225770792621,0.0148031301311,0.0138769888318,0.00696830036971,2.12241908818,2.35588351651,0.735175403219,0.000220552620966,0.0230241760687,0.021829361631,0.00696830036971,2.49294067074,1.87296667683,1.63075253143,0.000489225759428,0.0258290248983,0.0247308031533,0.00696830036971,2.39136110408,1.88353799696,1.30877688882,0.000392633066645,6,5,20,5,4
1983-05,-3.59662748168e-05,-0.0018089904846,0.00692196569465,2.63832553661,2.97439819649,3.55811843817,0.00106743553145,0.0128285101339,0.0114208450658,0.00692196569465,2.21879574499,2.49541107946,2.34025463257,0.000702076389771,0.0153516142438,0.0144938724941,0.00692196569465,1.92840104031,2.20782446234,0.507176904663,0.000152153071399,0.00984438100251,0.00903370287336,0.00692196569465,2.17997169127,2.45068899692,0.350298169364,0.000105089450809,0.00830575445298,0.00700293638459,0.00692196569465,2.66597487799,1.85256897042,1.99076463351,0.000597229390054,0.00951008015423,0.00844737922136,0.00692196569465,2.51285646971,1.76493476734,1.19037418177,0.00035711225453,6,5,20,5,4
1983-06,-0.0241471908997,-0.0258064039412,0.00681376015531,2.75201204719,3.16283438151,3.17874787727,0.00095362436318,0.0186288674746,0.0177190707949,0.00681376015531,2.3248284948,2.61871641907,0.680693337936,0.000204208001381,-0.00236434558863,-0.00348795112024,0.00681376015531,2.01852300373,2.35252816613,1.39338951091,0.000418016853273,0.0185805642111,0.0178350989783,0.00681376015531,2.21097799886,2.52296479139,0.132921848369,3.98765545106e-05,0.0078609793793,0.00678813783873,0.00681376015531,2.80581727178,1.99285038893,1.22417620741,0.000367252862224,-0.000548947335865,-0.00165047533596,0.00681376015531,2.64045157155,1.84917164908,1.31979773918,0.000395939321754,6,5,20,5,4
1983-07,0.0116444308972,0.00994661334607,0.00736120118696,2.71522564751,2.95133608181,3.30742957611,0.000992228872834,0.0179550557549,0.0168619835699,0.00736120118696,2.36732674605,2.66081647804,1.29161168866,0.000387483506598,0.0235423933261,0.0227501328329,0.00736120118696,2.01370187211,2.3406538176,0.288906049546,8.66718148637e-05,0.00389883421682,0.00308879006831,0.00736120118696,2.21119741361,2.51874869843,0.348184900567,0.00010445547017,0.0119267395771,0.0108149629969,0.00736120118696,2.80340657208,2.07389845019,1.35395967276,0.000406187901829,0.0152872988934,0.0142388794508,0.00736120118696,2.62797702894,2.19550299231,1.14276921421,0.000342830764262,6,5,20,5,4
1983-08,-0.00256741115751,-0.00429145213753,0.00759153429058,2.73962409456,3.14427818325,3.39484100563,0.00101845230169,0.0636332606615,0.0623766925287,0.00759153429058,2.41426285697,2.73560828863,1.83659818167,0.000550979454501,0.042042061798,0.040998886567,0.00759153429058,2.03970252177,2.33951877354,1.12528850891,0.000337586552674,-0.0176468522485,-0.0183999488991,0.00759153429058,2.22046104166,2.53364610918,0.158359907496,4.75079722488e-05,0.0143847019107,0.0131526762909,0.00759153429058,2.80912290578,1.99958842859,1.75478980481,0.000526436941444,0.00815531420671,0.0070237302272,0.00759153429058,2.63456183956,1.71138315183,1.41998433724,0.000425995301171,6,5,20,5,4
1983-09,-0.000904350610258,-0.00229014856997,0.00779834003205,2.73208690574,3.18568492796,2.26736427124,0.000680209281371,-0.00844114538086,-0.00957861374848,0.00779834003205,2.33540128295,2.73075053828,1.4395989643,0.000431879689289,0.0022168807907,0.00121386579141,0.00779834003205,2.03439363051,2.35690978776,0.991421069859,0.000297426320958,0.0316102496898,0.0308246897806,0.00779834003205,2.23237707431,2.55610824933,0.266570769676,7.99712309028e-05,0.00860031829961,0.00751242464485,0.00779834003205,2.81827342827,1.88031083793,1.2743499214,0.000382304976421,0.0122218962754,0.0111982463321,0.00779834003205,2.6547029694,1.77002703312,1.06020421672,0.000318061265015,6,5,20,5,4
1983-10,-0.0108369130311,-0.0127009315184,0.00750714606158,2.74311715379,3.15093451621,3.86143269627,0.00115842980888,0.00605155821541,0.00508841790838,0.00750714606158,2.32333298461,2.70640405959,0.85850542898,0.000257551628694,0.0125006013898,0.0112987188889,0.00750714606158,2.03503125845,2.35225162001,1.65431274173,0.000496293822518,-0.0024404804889,-0.00319096651074,0.00750714606158,2.22314400612,2.53991951551,0.14965781165,4.4897343495e-05,-0.00398222851846,-0.00520273168903,0.00750714606158,2.82534035407,1.62446222394,1.71638164078,0.000514914492234,-0.000728363215345,-0.00202668534919,0.00750714606158,2.66153347675,1.70721364937,1.97577818502,0.000592733455507,6,5,20,5,4
1983-11,0.0365576845138,0.0348995247904,0.00734582503047,2.72656851535,3.1285378305,3.17523681666,0.000952571044997,0.014359132101,0.013246866609,0.00734582503047,2.35522882961,2.73538520888,1.35558937877,0.000406676813632,0.0308731658725,0.029777555496,0.00734582503047,2.03903637777,2.35357486043,1.30007232723,0.000390021698168,0.026404329178,0.0254409257178,0.00734582503047,2.21967129169,2.5374232719,0.859382605943,0.000257814781783,0.0277384069966,0.0265562278208,0.00734582503047,2.82855312856,2.37548905613,1.58863499145,0.000476590497435,0.0336613752507,0.0325070671022,0.00734582503047,2.65899785348,2.12540993723,1.49573156714,0.000448719470142,6,5,20,5,4
1983-12,-0.00201863534938,-0.00324786746473,0.00748411758985,2.70312174522,3.12524658765,1.74547812337,0.000523643437011,0.000810448000647,-0.000493763818959,0.00748411758985,2.36136273752,2.73872153378,1.9954104709,0.000598623141269,0.00766454670554,0.00680201563972,0.00748411758985,2.02941114769,2.35989594142,0.523141291596,0.000156942387479,0.0199476042611,0.0188877197653,0.00748411758985,2.21591814653,2.56396140452,1.18098605823,0.00035429581747,0.00685803033767,0.00564658270898,0.00748411758985,2.82376685911,1.96125141211,1.68619650117,0.000505858950351,0.00948029564067,0.00839431847115,0.00748411758985,2.64354071637,1.78652531826,1.26796163726,0.000380388491178,6,5,20,5,4
1984-01,0.0374838608355,0.0361607453439,0.00773711291271,2.7008174121,3.19151133102,2.05842271091,0.000617526813273,0.0566106161047,0.0556214361173,0.00773711291271,2.36777521324,2.78608347324,0.9453043636,0.00028359130908,0.0485313445504,0.0476653302701,0.00773711291271,2.0294875255,2.36928485817,0.534752006612,0.000160425601984,0.0435544719225,0.0425059269194,0.00773711291271,2.21774827868,2.57377535154,1.14318774922,0.000342956324765,0.055351143683,0.0542178666111,0.00773711291271,2.83083416534,2.31056544315,1.42562797877,0.00042768839363,0.0524809301123,0.0513814510335,0.00773711291271,2.6465587847,2.20519581982,1.31296800168,0.000393890400504,6,5,20,5,4
1984-02,0.0156618198018,0.014217143401,0.00753016874481,2.68826737912,3.18919430193,2.46362574153,0.000739087722458,-0.00729709691015,-0.00834316463285,0.00753016874481,2.30682658743,2.73656248364,1.13493014788,0.000340479044364,-0.0100910528465,-0.0109151104821,0.00753016874481,2.00151148893,2.35369738872,0.394896524286,0.000118468957286,-0.0226626866626,-0.0234460908009,0.00753016874481,2.18963573062,2.55305156616,0.259384866582,7.78154599746e-05,-0.00876603204028,-0.00983356184188,0.00753016874481,2.76555742018,2.01088747001,1.20647041087,0.000361941123262,-0.0100591024587,-0.0110321984181,0.00753016874481,2.58971760202,1.89803043415,0.89169093689,0.000267507281067,6,5,20,5,4
1984-03,-0.0026900176655,-0.00458871215853,0.00762220165359,2.7355358804,3.20551827458,3.97701938231,0.00119310581469,0.00398548555458,0.0030135602529,0.00762220165359,2.29674043356,2.72450081086,0.887788744479,0.000266336623344,0.025509664865,0.0246740744211,0.00762220165359,2.00704638574,2.36883126675,0.433339218616,0.000130001765585,0.0245517174992,0.0235061491165,0.00762220165359,2.14913097991,2.50959791455,1.13326568105,0.000339979704315,0.00932120819037,0.00812978377239,0.00762220165359,2.74269219648,2.05337433578,1.61945246549,0.000485835739646,0.0180657143222,0.0169536949762,0.00762220165359,2.56255405275,1.87153574292,1.35476889214,0.000406430667641,6,5,20,5,4
1984-04,0.0156787430493,0.0140099520051,0.00803520941709,2.76354990872,3.17393955133,3.21067455286,0.000963202365857,0.0214659405705,0.0201818598803,0.00803520941709,2.34193770877,2.77817260431,1.92830670638,0.000578492011914,0.0167774605474,0.0158864648649,0.00803520941709,2.01462563445,2.36808506189,0.618023347355,0.000185407004206,0.0142134882688,0.0133239504704,0.00803520941709,2.14591766125,2.49274548229,0.613163733754,0.000183949120126,0.017977506206,0.0167545516999,0.00803520941709,2.76997993906,2.26747885546,1.72455275904,0.000517365827712,0.0163262853726,0.0152922716176,0.00803520941709,2.57622591875,1.78046080452,1.09475025567,0.000328425076701,6,5,20,5,4
1984-05,-0.00407655002751,-0.00559105217004,0.00828668972613,2.76752481865,3.26425667121,2.69637821398,0.000808913464193,0.00483690420819,0.00381070421696,0.00828668972613,2.37748289534,2.80629232245,1.06870437632,0.000320611312895,-0.000339217304164,-0.00123594203015,0.00828668972613,2.06488566261,2.45279396401,0.637120158822,0.000191136047647,-0.0113649004348,-0.0122388345844,0.00828668972613,2.15997790523,2.52855068049,0.561151571068,0.00016834547132,-0.00534856044206,-0.00647065101957,0.00828668972613,2.78284557337,2.20278156175,1.38833966391,0.000416501899174,-0.00616942000726,-0.00723291822647,0.00828668972613,2.59530629864,2.15275281218,1.1930318029,0.00035790954087,6,5,20,5,4
1984-06,0.0397067267754,0.0384195354401,0.0088178599184,2.78682821795,3.31255242925,1.93867552327,0.000581602656982,0.0199698745081,0.0187911755645,0.0088178599184,2.43344348356,2.89228341891,1.57703421751,0.000473110265252,0.0046544110447,0.00344939591362,0.0088178599184,2.13530414772,2.56097591751,1.66475484245,0.000499426452736,-0.0132160980568,-0.0141528454775,0.0088178599184,2.13560571591,2.52031169592,0.770529141198,0.000231158742359,0.0140069692628,0.0128953383249,0.0088178599184,2.78392320923,2.14752886874,1.35347419853,0.00040604225956,0.00737467267168,0.00626654200025,0.0088178599184,2.60572212759,2.02471968641,1.34180664363,0.00040254199309,6,5,20,5,4
1984-07,0.0573442289759,0.0560766843755,0.00899171785169,2.75666443769,3.27992436218,1.87318640702,0.000561955922106,0.0311203648331,0.030175061804,0.00899171785169,2.44085134954,2.90527226661,0.799047835945,0.000239714350784,0.00921512263238,0.00827064477258,0.00899171785169,2.1342458339,2.56234808954,0.796297271541,0.000238889181462,-0.0108262257371,-0.0118027301957,0.00899171785169,2.12094259436,2.52176171031,0.903052601009,0.000270915780303,0.0252707901009,0.0242218441838,0.00899171785169,2.79785528969,2.41567246827,1.14452412906,0.000343357238718,0.0160079079955,0.014960025609,0.00899171785169,2.60519027729,2.28063522118,1.14097902734,0.000342293708201,6,5,20,5,4
1984-08,-0.0323203594252,-0.0338277104571,0.00915770896021,2.69665447939,3.30427607695,2.67254117855,0.000801762353564,-0.0612743739214,-0.0624870681921,0.00915770896021,2.49907137355,3.06565759965,1.69035197473,0.000507105592418,-0.0427220149039,-0.0436804686227,0.00915770896021,2.283733288,2.78974606477,0.842883468122,0.000252865040437,-0.0355419803814,-0.0367564082307,0.00915770896021,2.13248608171,2.57377311757,1.6961305699,0.000508839170969,-0.0523265390627,-0.0536643530776,0.00915770896021,2.86961274894,2.52427916866,2.10741778854,0.000632225336562,-0.0427365580902,-0.0439479162727,0.00915770896021,2.702388984,2.14767687559,1.68589834748,0.000505769504245,6,5,20,5,4
1984-09,0.00630467672463,0.00475800707816,0.00908983980614,2.65839186864,3.24746178205,2.80360322712,0.000841080968135,0.0335935211308,0.0327796761304,0.00908983980614,2.28606783304,2.86791280731,0.360854407024,0.000108256322107,0.0219985119872,0.0209769248786,0.00908983980614,2.17571817492,2.7003442798,1.05332810063,0.00031599843019,0.0258510089318,0.0249392395544,0.00908983980614,2.05277963061,2.51190822972,0.687268996599,0.00020618069898,0.0239935917596,0.0228876481903,0.00908983980614,2.67393379295,2.27870553449,1.3345163034,0.000400354891021,0.0189366670773,0.0177812784807,0.00908983980614,2.56865671771,2.12017315626,1.49933306093,0.00044979991828,6,5,20,5,4
1984-10,0.0120445761674,0.00989063378118,0.00895395067255,2.70649220296,3.31967409544,4.82784569309,0.00144835370793,0.0160987800399,0.0146621112739,0.00895395067255,2.33310826955,2.92122910033,2.43693362555,0.000731080087664,-0.00456466381493,-0.005562232663,0.00895395067255,2.25745782251,2.81518429822,0.973267232445,0.000291980169733,0.00339003489219,0.00227941199508,0.00895395067255,2.05929286729,2.53658550099,1.35011406256,0.000405034218767,0.0106293870766,0.00915186330895,0.00895395067255,2.7246410949,2.32952354806,2.5731169645,0.000771935089349,0.00253278827246,0.00120712532458,0.00895395067255,2.62949711922,2.01889391669,2.06691423183,0.000620074269548,6,5,20,5,4
1984-11,0.00269022013826,0.000693894298567,0.00826385637138,2.73024428141,3.38269067679,4.30245720454,0.00129073716136,0.0204070843958,0.0191123840522,0.00826385637138,2.33404103982,2.91410231644,1.96370555103,0.00058911166531,0.000664998461096,-0.000257544964467,0.00826385637138,2.25311951225,2.84033100444,0.723182490753,0.000216954747226,0.00482131153604,0.00387982283204,0.00826385637138,2.05781400989,2.55929536891,0.786333418873,0.000235900025662,0.00814019816523,0.006857850067,0.00826385637138,2.72721448002,1.84320195573,1.92253139966,0.000576759419898,0.000813606652428,-0.000467134387206,0.00826385637138,2.6347772259,1.716198248,1.91717453766,0.000575152361297,6,5,20,5,4
1984-12,0.00123741281734,-0.000623993901765,0.00734582503047,3,3.90596693756,3.85272680255,0.00115581804077,0.0226960361808,0.0215178043322,0.00734582503047,2.41353084699,3.17823357607,1.57547723431,0.000472643170294,0.0527560782304,0.0517424388305,0.00734582503047,2.60019640461,3.46356745272,1.02683573872,0.000308050721615,0.0287912078002,0.0275843333342,0.00734582503047,2.29966726821,3.06167697125,1.67095262528,0.000501285787585,0.0209178349737,0.01966058913,0.00734582503047,3,2.43896119897,1.8388572179,0.00055165716537,0.0329769901231,0.0316683442899,0.00734582503047,3,2.45701562186,2.0101905164,0.000603057154921,6,5,20,5,4
1985-01,0.0136666832199,0.0119049384102,0.00689878955913,3,4.01043553883,3.52052043783,0.00105615613135,0.0191583287823,0.0177804626266,0.00689878955913,2.41256060206,3.21600985719,2.24092492475,0.000672277477426,0.0213138079257,0.0199588950747,0.00689878955913,2.54180896138,3.40448250739,2.16441390914,0.000649324172741,0.0152985199829,0.0142952937952,0.00689878955913,2.29156854888,3.0540102351,0.992125030987,0.000297637509296,0.0172121059815,0.0158156909864,0.00689878955913,3,2.4548919109,2.3027543893,0.000690826316789,0.017856130504,0.0164722181038,0.00689878955913,3,2.33762542162,2.26107907305,0.000678323721915,6,5,20,5,4
1985-02,0.0473212594182,0.0457046547381,0.00654268529464,3,4.02940499445,3.03672000602,0.000911016001805,0.0305706167655,0.0293079403165,0.00654268529464,2.4150082326,3.2371564506,1.85695923577,0.000557087770731,0.0440715602186,0.0430986377941,0.00654268529464,2.53890402056,3.42017299626,0.891112487368,0.000267333746211,0.0500410404588,0.0489519360674,0.00654268529464,2.3569514062,3.15592886377,1.27838571021,0.000383515713062,0.0437644275955,0.0424706858372,0.00654268529464,3,2.9765905257,1.96051026637,0.000588153079912,0.0502196926297,0.0489502079126,0.00654268529464,3,2.99952223798,1.87965346247,0.000563896038742,6,5,20,5,4
1985-03,-0.0144465923361,-0.0161114336886,0.00696830036971,3,3.87792046694,3.19750891396,0.000959252674189,-0.000875213309443,-0.00206117707188,0.00696830036971,2.45864894673,3.19480529679,1.60125028033,0.0004803750841,0.0171227510538,0.0160612932472,0.00696830036971,2.52252743423,3.30331491757,1.18623042757,0.000355869128272,-0.0577513338523,-0.0587724905348,0.00696830036971,2.32193551535,3.01761536988,1.05189334722,0.000315568004167,-0.0263535831443,-0.0277102215807,0.00696830036971,3,2.97627326929,2.17016586029,0.000651049758088,-0.0180108853036,-0.0192987736561,0.00696830036971,3,2.68913987433,1.94099891378,0.000582299674135,6,5,20,5,4
1985-04,-0.0087919949563,-0.0108266025785,0.00722272274472,3,3.89049713778,4.43006314634,0.0013290189439,0.0134144142406,0.0120109444828,0.00722272274472,2.49214543809,3.28931006145,2.32627026463,0.000697881079388,0.0302815137184,0.0287577545885,0.00722272274472,2.52289667522,3.32652768965,2.72723483881,0.000818170451643,0.00523607604234,0.00435393749684,0.00722272274472,2.15770240937,2.83490509605,0.588499557212,0.000176549867164,0.00170205764508,0.00026342868373,0.00722272274472,3,2.48620949502,2.44346761004,0.000733040283011,0.00877654625547,0.00728374497857,0.00722272274472,3,2.34096562235,2.62404199519,0.000787212598556,6,5,20,5,4
1985-05,0.000397029908153,-0.00159665966679,0.00681376015531,3,3.87197635882,4.29366965536,0.00128810089661,0.00135276507861,2.51951872666e-05,0.00681376015531,2.55506708312,3.33256487154,2.07327071001,0.000621981213004,0.0428082241049,0.0418659097631,0.00681376015531,2.54709153757,3.34872134282,0.789085545045,0.000236725663514,0.0439929998914,0.0431872563926,0.00681376015531,2.18722753549,2.87794665036,0.333849401641,0.000100154820492,0.0205263572875,0.0192252975528,0.00681376015531,3,1.71583066081,1.98490352139,0.000595471056418,0.0379529796808,0.0367128692275,0.00681376015531,3,1.9051497276,1.78173924996,0.000534521774988,6,5,20,5,4
1985-06,0.0235226556601,0.0216350497667,0.00637188345059,3,3.93939971317,3.94005738345,0.00118201721504,0.0178483299255,0.0162139457308,0.00637188345059,2.61103332421,3.45681471318,3.0959850546,0.000928795516379,0.0284458139004,0.0273676123138,0.00637188345059,2.573482171,3.44311896966,1.2420430274,0.000372612908221,0.0317901842063,0.0306284584626,0.00637188345059,2.15737617656,2.87391903376,1.5204568846,0.000456137065381,0.0297451054703,0.0281726887593,0.00637188345059,3,2.61971294315,2.88942677566,0.000866828032697,0.0339823641998,0.0325409299789,0.00637188345059,3,3.05909511481,2.45281847518,0.000735845542554,6,5,20,5,4
1985-07,0.0762342871589,0.0744690354852,0.00599811426284,3,4.03784069071,3.53220998464,0.00105966299539,0.0809706664009,0.079639761783,0.00599811426284,3,4.09009437287,2.08438646527,0.000625315939582,0.00221772260529,0.00101532404276,0.00599811426284,2.84458854834,3.92574449366,1.65603294732,0.000496809884197,0.00383519882298,0.00281463607494,0.00599811426284,2.62226295268,3.52962389259,1.04991356569,0.000314974069707,0.0509008404768,0.0496073436983,0.00599811426284,3,2.95472738195,1.95969366735,0.000587908100204,0.0276474856829,0.0263808036652,0.00599811426284,3,3.02336766231,1.87031113116,0.000561093339348,6,5,20,5,4
1985-08,0.0028172175594,0.0011297404787,0.00615403707662,3,4.12021678006,3.27296134121,0.000981888402363,0.0141734858239,0.0131117234596,0.00615403707662,2.81990799892,3.91441341429,1.18724561999,0.000356173685997,-0.00704740611353,-0.00840325549209,0.00615403707662,2.84478578316,3.90028672714,2.16753566739,0.000650260700218,0.0140304504873,0.0130861126368,0.00615403707662,2.63155038867,3.56237777966,0.795830573853,0.000238749172156,0.0122934649724,0.0111161143651,0.00615403707662,3,3.0245141556,1.57253976313,0.00047176192894,0.00304572074744,0.00176784853728,0.00615403707662,3,2.49057418564,1.90761177273,0.000572283531819,6,5,20,5,4
1985-09,0.0141679941362,0.0119507964738,0.00628636280513,3,4.19833055179,5.0386966134,0.00151160898402,0.040939524858,0.0400647469625,0.00628636280513,2.82357407125,3.99192119033,0.563964057218,0.000169189217166,0.0291428792234,0.0273866767763,0.00628636280513,2.82528586461,3.95324994999,3.50204589573,0.00105061376872,0.0015975112852,0.000589295786625,0.00628636280513,2.67371465488,3.66840398558,1.00875606745,0.000302626820235,0.0194313724507,0.0180913828569,0.00628636280513,3,2.94452186913,2.11466971791,0.000634400915373,0.0148616177152,0.0133651915338,0.00628636280513,3,2.9236977267,2.63612501018,0.000790837503055,6,5,20,5,4
1985-10,0.0532725568516,0.051492969824,0.00637965409201,3,4.20578950366,3.57999449734,0.0010739983492,0.0682287540711,0.067019082318,0.00637965409201,2.79058068861,4.05139237552,1.68027691584,0.000504083074753,0.0672899455784,0.0664686186304,0.00637965409201,2.82726579692,4.01937557994,0.385794232345,0.000115738269703,0.0539016841784,0.0530269606724,0.00637965409201,2.67572022324,3.73792102513,0.56378275862,0.000169134827586,0.0598746045453,0.0586036120482,0.00637965409201,3,3.70118805414,1.8846793958,0.000565403818741,0.0572102983795,0.0560789074759,0.00637965409201,3,3.32774936644,1.41934075096,0.000425802225289,6,5,20,5,4
1985-11,0.00614882659401,0.00428170648121,0.00634079428314,3,4.26939395963,3.87177144824,0.00116153143447,0.0136598550819,0.0123077118999,0.00634079428314,2.6982944004,4.015181947,2.15518167901,0.000646554503702,0.0425351345891,0.0417122155397,0.00634079428314,2.75775967262,4.07532387557,0.391101236789,0.000117330371037,0.0434900530523,0.0427013030412,0.00634079428314,2.63846262797,3.8156119756,0.277204442316,8.31613326947e-05,0.019216940075,0.0178941292243,0.00634079428314,3,3.00517967776,2.05740724126,0.000617222172377,0.0252795791116,0.0241630454818,0.00634079428314,3,3.00238223003,1.36981650491,0.000410944951473,6,5,20,5,4
1985-12,0.0483694947396,0.0464259995516,0.00628636280513,3,4.34623539836,4.12635503195,0.00123790650959,0.014384950606,0.0133123706068,0.00628636280513,2.84843299105,4.21285803519,1.2233044028,0.000366991320839,-0.000364906445586,-0.00140524876619,0.00628636280513,2.81456114103,4.1602920411,1.11584547421,0.000334753642262,0.0489303545981,0.0481301615281,0.00628636280513,2.640225886,3.82749616977,0.315347972223,9.46043916668e-05,0.0389515055931,0.0376919257685,0.00628636280513,3,3.68431107574,1.8466371541,0.00055399114623,0.0286179520645,0.0274113908738,0.00628636280513,3,3.88708366685,1.66990837451,0.000500972512352,6,5,20,5,4
1986-01,0.00354071750495,0.00210203663486,0.00627858423523,3,4.25516548735,2.44364063916,0.000733092191747,0.0217215384491,0.0203093377918,0.00627858423523,2.84878157101,4.19927355398,2.35537326338,0.000706611979014,0.0188911492278,0.01797659166,0.00627858423523,2.98549296697,4.45841429076,0.696562964878,0.000208968889464,0.00823193632553,0.00738877636548,0.00627858423523,2.67676597584,3.86598247564,0.458570939033,0.00013757128171,0.00910487170403,0.00786470858544,0.00627858423523,3,3.52959842052,1.78191480086,0.000534574440257,0.00973802237043,0.00872912740416,0.00627858423523,3,3.50756781946,1.01102095976,0.000303306287928,6,5,20,5,4
1986-02,0.0618486221722,0.0605626409056,0.00629414071368,3,4.27274921454,1.93464196101,0.000580392588303,0.0864786235517,0.085408009106,0.00629414071368,2.86236187859,4.22153462778,1.21675255801,0.000365025767404,0.0677211123455,0.0669241755705,0.00629414071368,2.9854824333,4.44603983162,0.304493655554,9.13480966663e-05,0.116742679364,0.115915648501,0.00629414071368,2.68797338986,3.81119039371,0.404807280682,0.000121442184205,0.0921021035403,0.0910559085696,0.00629414071368,3,3.26330842531,1.13535430796,0.000340606292389,0.078880215299,0.0778968751823,0.00629414071368,3,3.14474318603,0.925838128162,0.000277751438448,6,5,20,5,4
1986-03,0.0362578798004,0.034594147632,0.00619297628329,3,3.90325214606,3.19381163348,0.000958143490044,0.0937516391817,0.0926638365619,0.00619297628329,2.6618295487,3.90753608065,1.2740464717,0.000382213941511,0.0539336090609,0.0527781921708,0.00619297628329,2.87602518588,4.19994720149,1.49942737262,0.000449828211785,0.102207689018,0.101275111306,0.00619297628329,2.31369554877,3.27308826558,0.756630113368,0.00022698903401,0.0890706804206,0.0879622001464,0.00619297628329,3,2.81806810784,1.3429719864,0.000402891595919,0.0725176967591,0.0713825036187,0.00619297628329,3,2.79765337087,1.43201487337,0.000429604462012,6,5,20,5,4
1986-04,0.0907342494452,0.0890425834719,0.00584192515833,3,3.99113537908,3.28692431663,0.000986077294989,0.0876299787798,0.0864795864502,0.00584192515833,2.59484843067,3.73495186003,1.48267883742,0.000444803651227,0.0876351783678,0.0866269150661,0.00584192515833,3,4.30346585253,1.00891541118,0.000302674623355,0.0867296107845,0.0858615351595,0.00584192515833,2.06075090301,2.83110140663,0.541623155517,0.000162486946655,0.103235756576,0.102066134187,0.00584192515833,3,3.12247686589,1.54677903566,0.000464033710699,0.0966811067072,0.0955541593936,0.00584192515833,3,2.98358097209,1.40452878446,0.000421358635338,6,5,20,5,4
1986-05,-0.0562976477295,-0.0575724431352,0.00534031941998,2.96944526527,3.91333198865,1.89735575782,0.000569206727345,-0.0419967409401,-0.0430837156359,0.00534031941998,2.42660969611,3.49278364699,1.27128672494,0.000381386017483,-0.0705010947388,-0.0718109504962,0.00534031941998,2.83393683471,4.06361651228,2.01422359659,0.000604267078977,-0.0310917327217,-0.0321237197048,0.00534031941998,1.9030672972,2.61996455852,1.08799434932,0.000326398304795,-0.0479221899872,-0.0490342670581,0.00534031941998,2.77225787839,3.63256041022,1.35496130843,0.000406488392529,-0.0583022411581,-0.0594591933773,0.00534031941998,3,3.81686271962,1.50454513636,0.000451363540907,6,5,20,5,4
1986-06,0.0354668094056,0.033589380322,0.00537960664082,2.75808139689,3.51700979822,3.90613468438,0.00117184040531,0.0162165426264,0.0151988912124,0.00537960664082,2.28241158878,3.24161679632,1.04020911882,0.000312062735646,0.00530997875837,0.00440944431356,0.00537960664082,2.50561963982,3.56947332946,0.649819221556,0.000194945766467,0.0160913287136,0.0153059563524,0.00537960664082,1.84058428189,2.50568383497,0.265945609521,7.97836828562e-05,0.0216600061133,0.0204471381007,0.00537960664082,2.59281876582,2.45723655979,1.69093111424,0.000507279334273,0.0161910432418,0.0149923704671,0.00537960664082,2.77359494309,2.52321551512,1.64361365474,0.000493084096422,6,5,20,5,4
1986-07,0.00394448476854,0.00213167497261,0.00544243108958,2.80995179737,3.69091958181,3.69073705865,0.0011072211176,-0.00264769918488,-0.00393797768616,0.00544243108958,2.2822703199,3.27151005903,1.94896607649,0.000584689822948,0.00977832026033,0.00892136533077,0.00544243108958,2.52308985884,3.63872269651,0.504554170735,0.00015136625122,0.0129290775969,0.0120541011706,0.00544243108958,1.84047447771,2.52350638223,0.564625826657,0.000169387747997,0.00605925026616,0.00474672775308,0.00544243108958,2.59650857134,1.77435727445,2.02311278248,0.000606933834745,0.0136940832885,0.0125170022567,0.00544243108958,2.78999065438,1.86395854621,1.57164117796,0.000471492353388,6,5,20,5,4
1986-08,0.00303613159277,0.00170600155199,0.005159380356,2.80552800338,3.59123796593,2.08180454147,0.000624541362442,-0.00699767612062,-0.00807417069961,0.005159380356,2.26500421792,3.18506921279,1.23635300215,0.000370905900646,0.0439118867955,0.0430406109711,0.005159380356,2.52308208912,3.61806186254,0.552290487186,0.000165687146156,0.034950227375,0.0340533352274,0.005159380356,1.84450296734,2.52851328133,0.637678230806,0.000191303469242,0.0125048866114,0.0114246129751,0.005159380356,2.59361970395,2.01039987605,1.24894985989,0.000374684957966,0.0311848328054,0.0301524106749,0.005159380356,2.78995084469,2.19461354271,1.0894448405,0.00032683345215,6,5,20,5,4
1986-09,0.00971129632781,0.00766263780471,0.00480432947642,2.81785792971,3.67522921699,4.47689948255,0.00134306984477,0.00663765395071,0.00485117677449,0.00480432947642,2.3058557793,3.2110761684,3.60296165962,0.00108088849789,-0.0368437497046,-0.0378181141424,0.00480432947642,2.53234417828,3.62613002028,0.895919198334,0.0002687757595,-0.0179464502398,-0.0188267062718,0.00480432947642,1.86038079693,2.56999989864,0.582224512227,0.000174667353668,-0.00325518570039,-0.00473863968406,0.00480432947642,2.59406868971,2.51941862315,2.5928843511,0.000777865305331,-0.0173972656201,-0.0187325838423,0.00480432947642,2.78568340394,2.88454448597,2.09909847959,0.000629729543876,6,5,20,5,4
1986-10,0.0180492254984,0.0165071953844,0.00463816562854,2.83350246554,3.67354638396,2.78813811881,0.000836441435644,-0.00512563214372,-0.00623941671577,0.00463816562854,2.33249086942,3.23706290823,1.36065297905,0.000408195893714,-0.0319419491524,-0.0327596237748,0.00463816562854,2.43175510813,3.44507631538,0.373619813504,0.000112085944051,-0.0212354998443,-0.0219843295803,0.00463816562854,1.83136228076,2.50467185445,0.144136858596,4.32410575788e-05,-0.00636701010481,-0.00748215788136,0.00463816562854,2.58249457357,2.63341099091,1.36519699402,0.000409559098206,-0.0150593396018,-0.0160800005801,0.00463816562854,2.73559876813,2.84891352628,1.05024099976,0.000315072299928,6,5,20,5,4
1986-11,-0.0328708952196,-0.0346775630603,0.0046223247227,2.87519089146,3.6966346872,3.67026387443,0.00110107916233,-0.0134167192736,-0.0145521970845,0.0046223247227,2.32101556101,3.23559095411,1.43296377522,0.000429889132565,0.00270032256521,0.00147254113463,0.0046223247227,2.34739381457,3.25664927516,1.74064250746,0.000522192752239,0.00774853729676,0.00695367833462,0.0046223247227,1.80378512952,2.4586341432,0.297567612679,8.92702838036e-05,-0.0140381925706,-0.0152342838608,0.0046223247227,2.58146911151,1.52223789375,1.63500870627,0.000490502611882,-0.010249027612,-0.0115071736799,0.0046223247227,2.70998822914,1.57441624326,1.84185796517,0.000552557389551,6,5,20,5,4
1986-12,0.0131507474453,0.011353772454,0.00467775587693,2.78973607538,3.59951802258,3.63795437663,0.00109138631299,-0.00518115336253,-0.00669512812309,0.00467775587693,2.28828818396,3.21216450556,2.69462027407,0.000808386082222,0.00128692101166,-5.5471473386e-06,0.00467775587693,2.35634458873,3.26658774903,1.95626493553,0.000586879480658,0.0260059646666,0.0250173505853,0.00467775587693,1.8047168465,2.48063046144,0.94341800996,0.000283025402988,0.0134530504021,0.012116805615,0.00467775587693,2.54718562239,2.57335280383,2.10218702908,0.000630656108724,0.0170620945933,0.015794667882,0.00467775587693,2.69483090177,2.42289772792,1.87279344317,0.000561838032951,6,5,20,5,4
1987-01,0.0648840734528,0.0634897322391,0.00489914470983,2.80671052476,3.62016591459,2.29584178441,0.000688752535322,-0.00133030200801,-0.00229526391231,0.00489914470983,2.28325895823,3.20864363531,0.864577419878,0.000259373225963,0.0243449309232,0.0231515194474,0.00489914470983,2.35350917746,3.26632748877,1.62607599149,0.000487822797446,0.0288025448555,0.0280559389497,0.00489914470983,1.79946182812,2.4861474976,0.136724091406,4.10172274218e-05,0.0308285555267,0.0297914609818,0.00489914470983,2.55207882412,2.33343047086,1.10501955529,0.000331505866587,0.0411155289158,0.0399969161828,0.00489914470983,2.69695169195,2.84568899112,1.37674684901,0.000413024054702,6,5,20,5,4
1987-02,0.037211714171,0.0358096569546,0.00476479406475,2.71268834975,3.54815622574,2.32156179347,0.00069646853804,0.00442309908882,0.00298300172595,0.00476479406475,2.3270123036,3.24433183967,2.44836228178,0.000734508684535,-0.00715817607387,-0.00802618188072,0.00476479406475,2.41209318486,3.33610829349,0.54139042837,0.000162417128511,0.0152913111019,0.0145385186003,0.00476479406475,1.80517634767,2.45892010975,0.157346077715,4.72038233144e-05,0.0185278925414,0.0173805185862,0.00476479406475,2.58837759153,2.97238725869,1.47261758928,0.000441785276784,0.0139132893026,0.0128876983147,0.00476479406475,2.72392883322,2.77919836561,1.06667436502,0.000320002309506,6,5,20,5,4
1987-03,0.0666569545867,0.0655864502684,0.00494651544881,2.690330649,3.41870827165,1.21638546657,0.00036491563997,0.065686217557,0.0645082891014,0.00494651544881,2.34725252842,3.27397285062,1.57446592416,0.000472339777247,0.0604468906625,0.0593793166622,0.00494651544881,2.43073151067,3.36628493435,1.2066177399,0.000361985321971,0.054228040424,0.0533930879642,0.00494651544881,1.84018944764,2.50179679255,0.43121260464,0.000129363781392,0.0691718736093,0.0681192829536,0.00494651544881,2.61709938149,2.90010651693,1.15667325789,0.000347001977366,0.0664772870259,0.0655567417746,0.00494651544881,2.76162596468,2.94110211572,0.716521909953,0.000214956572986,6,5,20,5,4
1987-04,-0.0222147750163,-0.0238117357426,0.00500175028481,2.60080323278,3.30712738495,2.97124015976,0.000891372047928,-0.0286965626721,-0.0296747462857,0.00500175028481,2.26171252466,3.17509495152,0.908649784076,0.000272594935223,0.0162167800746,0.0153206074312,0.00500175028481,2.35057859641,3.28081763321,0.635279883644,0.000190583965093,-0.00785528031143,-0.00870077183151,0.00500175028481,1.79377826767,2.44244004589,0.466342805814,0.000139902841744,-0.0204780397364,-0.0216245894433,0.00500175028481,2.50678750362,2.29740651073,1.46987009511,0.000440961028533,-0.00193197247663,-0.00306257540522,0.00500175028481,2.64935326633,2.18578380934,1.41671416751,0.000425014250254,6,5,20,5,4
1987-05,0.0245685867583,0.0229228387899,0.00527742471785,2.53769984513,3.15751021434,3.13386430043,0.000940159290128,0.0128645711776,0.011850588252,0.00527742471785,2.1897450659,2.89752961846,1.0279808239,0.00030839424717,0.0141292360406,0.012994321498,0.00527742471785,2.35040462233,3.19331761829,1.43108621422,0.000429325864267,-0.00897256493251,-0.00975725079094,0.00527742471785,1.77912279699,2.33110729772,0.263657266986,7.90971800959e-05,0.00755268626565,0.00651597277513,0.00527742471785,2.45047675608,2.03425871354,1.10374937392,0.000331124812177,0.0139094346314,0.0127489042031,0.00527742471785,2.63522164451,2.29363354301,1.51647249977,0.000454941749932,6,5,20,5,4
1987-06,-0.000255979671254,-0.00219791685285,0.0056463128545,2.55696639627,3.36125849364,4.12116167753,0.00123634850326,-0.00913809358655,-0.0107440898634,0.0056463128545,2.19591978095,2.95261527364,3.00135866176,0.000900407598528,0.0160372783352,0.0151325517906,0.0056463128545,2.36442869249,3.19832253228,0.66379288763,0.000199137866289,0.0158870002842,0.0149211174962,0.0056463128545,1.78193028068,2.30502514547,0.867647032167,0.00026029410965,0.00297940087561,0.00166833467697,0.0056463128545,2.46957825498,1.7599750175,2.018258401,0.000605477520301,0.010493471976,0.00919189696601,0.0056463128545,2.66505395164,2.18009282435,1.9866211055,0.00059598633165,6,5,20,5,4
1987-07,-0.00936800835218,-0.0108067760523,0.00560714012103,2.55668586067,3.31975330341,2.44393007268,0.000733179021805,0.0115874687841,0.0107390647732,0.00560714012103,2.17386861807,2.94557751976,0.476051108508,0.000142815332552,0.0080961279928,0.00713979509311,0.00560714012103,2.37228733374,3.23137676897,0.835814071198,0.00025074422136,0.0223127017837,0.0213326052451,0.00560714012103,1.80635119246,2.35020805274,0.915026200714,0.000274507860214,0.011076056977,0.00996344966652,0.00560714012103,2.463331894,2.13817254191,1.35672877397,0.000407018632192,0.00996423888195,0.00881856804336,0.00560714012103,2.67075641288,2.44714360136,1.46694053418,0.000440082160253,6,5,20,5,4
1987-08,0.00478150998547,0.00282291132156,0.00541887698143,2.58238536385,3.2235690025,4.17669995192,0.00125300998558,0.0183472467798,0.0170482346403,0.00541887698143,2.17760229791,2.95568193724,1.97807820388,0.000593423461164,0.0376920877038,0.0368791877673,0.00541887698143,2.3737868463,3.24408253684,0.357704193901,0.00010731125817,0.0347453725733,0.0338733991061,0.00541887698143,1.8291183677,2.39216605117,0.554615963111,0.000166384788933,0.022631121626,0.0213048088345,0.00541887698143,2.46248264578,2.13720878104,2.06908037709,0.000620724113126,0.029459575538,0.028263988404,0.00541887698143,2.66924158019,2.36363131265,1.63332818573,0.00048999845572,6,5,20,5,4
1987-09,-0.0113532043203,-0.0130374140446,0.00545813045695,2.69071279908,3.56748698304,3.26207015326,0.000978621045978,0.0120033817916,0.0107499161001,0.00545813045695,2.39197185607,3.25226936765,1.82625671045,0.000547877013136,0.00888111371555,0.00796700121086,0.00545813045695,2.53943402154,3.49991305061,0.695079421168,0.00020852382635,0.0118552051971,0.0111188886233,0.00545813045695,1.90385339055,2.48988569996,0.102426318072,3.07278954217e-05,0.00532095225498,0.00410776104479,0.00545813045695,2.65515070046,2.76389508695,1.69200843953,0.000507602531859,0.00322303482265,0.00209259707312,0.00545813045695,2.86770746703,2.94291337577,1.41616357065,0.000424849071194,6,5,20,5,4
1987-10,-0.0481769082752,-0.0499842283166,0.00594347841549,2.66507310721,3.46599067107,3.6724378768,0.00110173136304,-0.0617005379577,-0.0627417319312,0.00594347841549,2.39852328613,3.23320689604,1.11868431707,0.00033560529512,-0.08868227244,-0.0896729712478,0.00594347841549,2.53587977137,3.47066085233,0.950367098026,0.000285110129408,-0.0316881337003,-0.0325674843343,0.00594347841549,1.9022235021,2.47841071405,0.579206518976,0.000173761955693,-0.0532793631432,-0.0545257020965,0.00594347841549,2.64670108484,2.43828490439,1.80250091676,0.000540750275028,-0.0567570733686,-0.0580097732313,0.00594347841549,2.85466531096,2.56946171253,1.82370394783,0.000547111184348,6,5,20,5,4
1987-11,-0.000960780455088,-0.00232762260434,0.00644956018126,2.50091923944,3.12274929089,2.20417823637,0.000661253470912,-0.0335250035445,-0.0348395176122,0.00644956018126,2.18337719538,2.90759091427,2.02975129769,0.000608925389306,-0.0336841274419,-0.0350503101953,0.00644956018126,2.17641662894,2.95622235367,2.20198025018,0.000660594075055,0.0200622438038,0.0191953123963,0.00644956018126,1.8337829241,2.35843234488,0.537809097106,0.000161342729132,-0.0049526854657,-0.0061165519312,0.00644956018126,2.44635740866,2.03104639595,1.52759262387,0.00045827778716,-0.00220486867296,-0.00339731738175,0.00644956018126,2.62474185873,2.12114975073,1.62286676818,0.000486860030455,6,5,20,5,4
1987-12,0.047610882801,0.0456339570711,0.00584192515833,2.49811075947,2.98420780182,4.23779017169,0.00127133705151,0.0505504293875,0.0494285076767,0.00584192515833,2.1035598573,2.60835103122,1.3877767747,0.000416333032411,0.0573207788532,0.0559189159071,0.00584192515833,2.10251515658,2.73646712183,2.32091422592,0.000696274267777,0.043982377929,0.0431284740791,0.00584192515833,1.84127512639,2.29975987889,0.494383905219,0.000148315171566,0.053758883438,0.0524345015607,0.00584192515833,2.43114331151,1.97453868071,2.06264399655,0.000618793198965,0.0636291373772,0.062186447892,0.00584192515833,2.62255351457,2.54378629335,2.45700268951,0.000737100806852,6,5,20,5,4
1988-01,0.0321655608393,0.0309749652305,0.00616961474853,2.46076389521,2.99839123856,1.61668976848,0.000485006930543,0.00832309229912,0.0069014575965,0.00616961474853,2.05681243894,2.5951788219,2.38682008093,0.000716046024279,-0.023940821285,-0.0248062237245,0.00616961474853,2.06539516681,2.67257144182,0.532712537264,0.000159813761179,-0.0150867999124,-0.0159592244391,0.00616961474853,1.82243408674,2.26382461008,0.55611949459,0.000166835848377,0.00761131277384,0.00639373720647,0.00616961474853,2.37674122074,2.18468524304,1.70662296344,0.000511986889032,-0.00444543134494,-0.0054724347642,0.00616961474853,2.5390356781,2.0958163657,1.07138246974,0.000321414740921,6,5,20,5,4
1988-02,-0.00300646558912,-0.0048071920771,0.00559146632655,2.45016303085,2.94279844114,3.65045936549,0.00109513780965,0.017617707205,0.0167236333263,0.00559146632655,2.05609255874,2.56081965792,0.628284001406,0.000188485200422,-0.0103238046637,-0.0113071688957,0.00559146632655,2.01838364625,2.56291926937,0.925918511983,0.000277775553595,-0.00202984036271,-0.0027994773968,0.00559146632655,1.78874189415,2.18523946118,0.213494519158,6.40483557474e-05,0.00188763965193,0.00081791319341,0.00559146632655,2.37333030331,1.59379579331,1.21379260062,0.000364137780186,-0.00915366423306,-0.0103650606476,0.00559146632655,2.51758114564,2.11139238434,1.68602578747,0.00050580773624,6,5,20,5,4
1988-03,0.011725130089,0.0102733721243,0.00534031941998,2.4612731597,2.96880070655,2.48723095449,0.000746169286347,0.0442861925242,0.0432445755657,0.00534031941998,2.0613459026,2.60834788909,1.12009426736,0.000336028280207,0.0599834233819,0.0592016129216,0.00534031941998,2.02115941694,2.64726551326,0.254072606472,7.62217819415e-05,0.0627391771999,0.0619001485339,0.00534031941998,1.79135599948,2.23546516914,0.444799958911,0.000133439987673,0.0494036286751,0.0483460549641,0.00534031941998,2.37951963041,1.77924698067,1.17328344246,0.000351985032738,0.0604378795694,0.0594002568964,0.00534031941998,2.51756505641,1.93234041651,1.10677998223,0.000332033994669,6,5,20,5,4
1988-04,0.0100898018918,0.0085699080606,0.00536389377897,2.49082386585,2.94413739235,2.71435050947,0.00081430515284,0.00896737698528,0.00757154025956,0.00536389377897,2.03527211112,2.60986559862,2.30082682462,0.000690248047386,0.0105032073406,0.00937529231432,0.00536389377897,1.94498045873,2.58434649005,1.40775449324,0.000422326347972,0.0239121133418,0.0231103531818,0.00536389377897,1.85150949586,2.33238503532,0.320571605512,9.61714816537e-05,0.0162121434393,0.015251978148,0.00536389377897,2.39241033951,1.77267770364,0.848588709744,0.000254576612923,0.0174367354821,0.0162344543266,0.00536389377897,2.48070551535,2.44683217256,1.65564159036,0.000496692477107,6,5,20,5,4
1988-05,0.0193351885202,0.0178830200764,0.00559146632655,2.51226492357,3.12117547253,2.48859921805,0.000746579765414,-0.00788879893111,-0.00907123774832,0.00559146632655,2.03487165571,2.61150108287,1.5895004629,0.000476850138869,-0.000353933073079,-0.00114002552743,0.00559146632655,1.94927426957,2.60310895196,0.268345920029,8.05037760088e-05,0.0133239955308,0.0124743208603,0.00559146632655,1.85967597946,2.33570271106,0.480286640426,0.000144085992128,0.00741897904747,0.00633672174914,0.00559146632655,2.40376635676,2.16875463675,1.25556206663,0.000376668619989,0.0116325188241,0.010580265516,0.00559146632655,2.4858316804,2.22869944978,1.15554876588,0.000346664629764,6,5,20,5,4
1988-06,0.0351729738277,0.0339702091308,0.00584192515833,2.52219010777,3.06897569044,1.65725339517,0.000497176018552,0.0378205801752,0.0370079967133,0.00584192515833,2.02417168984,2.56176504324,0.356649278586,0.000106994783576,0.0518648412519,0.0510962179419,0.00584192515833,1.96068060713,2.58958368773,0.210115438905,6.30346316714e-05,0.0461877004305,0.0453291232104,0.00584192515833,1.86697982829,2.32577811473,0.509961806032,0.00015298854181,0.0444091989952,0.0434603697194,0.00584192515833,2.39924036001,1.96483447631,0.810801991702,0.000243240597511,0.0571777785835,0.0562146802888,0.00584192515833,2.49200019681,2.10916220814,0.858365387728,0.000257509616318,6,5,20,5,4
1988-07,0.0122284450623,0.0104674028646,0.00605271748963,2.50814703999,3.00930330584,3.51817839807,0.00105545351942,-0.00112484563107,-0.00235973547981,0.00605271748963,2.00530102262,2.49587380941,1.76433723467,0.000529301170402,0.0152650739167,0.0138370429588,0.00605271748963,1.91248961854,2.5404156999,2.40814093171,0.000722442279512,0.0139363608734,0.0129938949403,0.00605271748963,1.84826198825,2.34903811517,0.789590849184,0.000236877254755,0.00944228313899,0.00812636354075,0.00605271748963,2.37377304367,1.92383498268,2.03443639967,0.000610330919902,0.0154990559202,0.0140864374957,0.00605271748963,2.43461941105,1.94088182736,2.35676582076,0.000707029746228,6,5,20,5,4
1988-08,-0.0137077866491,-0.0156327099373,0.00638742407347,2.61388040734,3.20223906023,4.06444869954,0.00121933460986,0.00142745916121,0.000165661487388,0.00638742407347,2.06073204177,2.59275688736,1.85402998494,0.000556208995481,-0.0092461243153,-0.0104705732847,0.00638742407347,1.91457154113,2.55966750233,1.72953430354,0.000518860291063,-0.00170146222313,-0.00251101884015,0.00638742407347,1.85529089694,2.39537058167,0.34655979562,0.000103967938686,-0.00439381446982,-0.00545668537367,0.00638742407347,2.39246212878,1.9267240385,1.19094075171,0.000357282225514,-0.0103393186024,-0.0116937323773,0.00638742407347,2.43539308283,2.28800979433,2.16275032196,0.000648825096588,6,5,20,5,4
1988-09,-0.0193236605268,-0.02148993224,0.00670542654334,2.58234135132,3.09470425979,4.8689434496,0.00146068303488,0.00772039063513,0.00674552643479,0.00670542654334,2.05577090458,2.57432786206,0.897585073315,0.000269275521994,0.0124166687454,0.011341818621,0.00670542654334,1.90657464825,2.52365784182,1.23087148689,0.000369261446067,0.0275214866112,0.0267267855495,0.00670542654334,1.84146646871,2.35922771994,0.297041277929,8.91123833786e-05,0.00765075321698,0.00633964218254,0.00670542654334,2.37402524396,1.81388440829,2.01840785368,0.000605522356104,0.010322304562,0.00894706064009,0.00670542654334,2.41040075543,1.86426473839,2.23218414529,0.000669655243586,6,5,20,5,4
1988-10,-0.0336994835178,-0.0351896814282,0.00661246698576,2.5310606911,3.04084739245,2.61536410695,0.000784609232086,-0.0432071002292,-0.0443476692183,0.00661246698576,2.06695194627,2.58711379591,1.44993436933,0.0004349803108,-0.0147342708512,-0.0155008246916,0.00661246698576,1.90951515849,2.52847513315,0.203217206937,6.0965162081e-05,0.0235378234876,0.0226203772431,0.00661246698576,1.85096887817,2.37877171536,0.706191887255,0.000211857566176,-0.0179348015856,-0.0191327330107,0.00661246698576,2.36975349249,1.85083985657,1.64114248917,0.000492342746751,-0.00720844868997,-0.0082805415896,0.00661246698576,2.40868319328,1.90004346359,1.22168073766,0.000366504221297,6,5,20,5,4
1988-11,0.00779590305555,0.00581593160698,0.00671316891255,2.48157184186,3.0242607761,4.24794256745,0.00127438277023,0.00801903513027,0.00638362408277,0.00671316891255,2.02220898522,2.51232625243,3.0994078972,0.00092982236916,0.0126654024584,0.0115239150433,0.00671316891255,1.93004728514,2.5594685922,1.45299578909,0.000435898736727,0.0180866069037,0.0172751595173,0.00671316891255,1.86066425785,2.38064153901,0.35286236026,0.000105858708078,0.0127239039951,0.0112111339756,0.00671316891255,2.36243323234,1.89520651863,2.6906044706,0.00080718134118,0.0137505825799,0.0125908585155,0.00671316891255,2.42044839491,1.44047407884,1.51378462009,0.000454135386027,6,5,20,5,4
1988-12,-0.0214947458603,-0.022905593297,0.00703775843886,2.48213605388,3.00004493959,2.35086252801,0.000705258758404,-0.0191611854408,-0.0206636510246,0.00703775843886,2.02219371227,2.53045817663,2.65625635153,0.000796876905459,0.0125924076832,0.0113036724102,0.00703775843886,1.94521688303,2.58041563746,1.94382198227,0.000583146594681,0.0021849638816,0.00139609405457,0.00703775843886,1.86427927728,2.36564592098,0.277603828988,8.32811486965e-05,-0.0165241187701,-0.0178169238936,0.00703775843886,2.36205612228,2.68904300342,1.95738815064,0.000587216445191,-0.00348385193848,-0.00468396392396,0.00703775843886,2.42119651281,2.29268730619,1.64841102382,0.000494523307146,6,5,20,5,4
1989-01,-0.0160074613508,-0.0179776984954,0.00739963028718,2.4723171374,3.00251870669,4.21549488748,0.00126464846624,-0.00434059478867,-0.00533478799007,0.00739963028718,1.99401996678,2.49458964796,0.962015076858,0.000288604523057,0.00807155147065,0.00729185405487,0.00739963028718,1.9473752558,2.55664650347,0.2470291248,7.410873744e-05,0.0152886835515,0.0141856560077,0.00739963028718,1.86069245968,2.36294966956,1.32479621848,0.000397438865543,-0.00334247897786,-0.00471023365066,0.00739963028718,2.3334875677,1.75271312882,2.20721998156,0.000662165994469,0.00136804982014,4.97110603135e-05,0.00739963028718,2.40776913829,2.09916532802,2.04250027164,0.000612750081492,6,5,20,5,4
1989-02,-0.00168981737099,-0.00318754770498,0.00736120118696,2.44340850878,2.97890735945,2.64047218552,0.000792141655656,-0.0187004516718,-0.0197851234016,0.00736120118696,1.99005371455,2.49237698837,1.26361017146,0.000379083051437,-0.0106340547561,-0.0115796530216,0.00736120118696,1.94772801097,2.56891420666,0.800031957153,0.000240009587146,-0.0175459620668,-0.0185440854668,0.00736120118696,1.86449297671,2.36787558199,0.975115738689,0.000292534721607,-0.015352747428,-0.016525721148,0.00736120118696,2.32154675862,2.01589521531,1.55795013877,0.00046738504163,-0.01207442282,-0.0132687573523,0.00736120118696,2.40020112072,2.16576350702,1.62915284658,0.000488745853975,6,5,20,5,4
1989-03,0.0111143213391,0.00952902088491,0.00759920209395,2.51551647809,3.03609470657,2.93237258613,0.000879711775839,0.0241787511555,0.02276006629,0.00759920209395,2.07295533941,2.56587092914,2.37698729026,0.000713096187079,0.0123771701353,0.0112021085595,0.00759920209395,1.97997485888,2.604029938,1.56490965821,0.000469472897462,0.0328602335719,0.0318503151359,0.00759920209395,1.95615365671,2.45621355483,1.01443252547,0.00030432975764,0.0266704678289,0.0253480184217,0.00759920209395,2.44076078241,1.79550066745,2.05620242948,0.000616860728845,0.021303150388,0.0200671301103,0.00759920209395,2.47664118136,1.80758846066,1.76810533142,0.000530431599426,6,5,20,5,4
1989-04,0.0120248816994,0.0105241489999,0.00804284017988,2.53918491347,3.13830962045,2.65048007038,0.000795144021115,0.0146889219303,0.0135138636744,0.00804284017988,2.25143148998,2.83591520998,1.56489859206,0.000469469577618,0.0198065446365,0.0188489402595,0.00804284017988,2.01309851932,2.69885522261,0.840052328831,0.000252015698649,0.0224200946735,0.0213029554017,0.00804284017988,2.13468420251,2.78657579324,1.37183531146,0.000411550593438,0.0168419259809,0.0155210211898,0.00804284017988,2.61268296255,2.96816284582,2.05105370939,0.000615316112816,0.0195522791805,0.0183081120914,0.00804284017988,2.57875507441,2.7258565217,1.79526136909,0.000538578410728,6,5,20,5,4
1989-05,0.00578650057471,0.00427389309683,0.00792831196428,2.79066520284,3.56475054756,2.69006266512,0.000807018799536,0.0355562868722,0.0346452279506,0.00792831196428,2.48930835135,3.11850732005,0.684900810928,0.000205470243278,0.0175164058963,0.0164511104761,0.00792831196428,2.11656090193,2.86852370813,1.19902247271,0.000359706741814,0.0140379603697,0.0131810722739,0.00792831196428,2.36236228001,3.139206213,0.504331391561,0.000151299417468,0.0197053089044,0.0186052151918,0.00792831196428,2.96990295921,3.38227683956,1.315016781,0.000394505034299,0.0123952906028,0.0112726127793,0.00792831196428,2.84663433207,3.19470260404,1.3902971506,0.00041708914518,6,5,20,5,4
1989-06,0.0408700213132,0.0388833427081,0.00766052142492,2.96607239547,3.78593676661,4.27029975587,0.00128108992676,-0.00862632357549,-0.00981329429514,0.00766052142492,2.53775100698,3.17252634889,1.60460680438,0.000481382041315,-0.0283126593082,-0.0294622887061,0.00766052142492,2.24397415886,3.03069326915,1.48013573183,0.000444040719549,-0.019172048561,-0.0200433104671,0.00766052142492,2.49812583237,3.32466393676,0.552244092619,0.000165673227786,-0.00101333156409,-0.0024066236936,0.00766052142492,3,2.76286189297,2.29234483724,0.000687703451173,-0.00901608993334,-0.0103782782607,0.00766052142492,3,2.81248913114,2.18866549682,0.000656599649046,6,5,20,5,4
1989-07,-0.0165063553224,-0.0180772275614,0.00736120118696,2.96360136541,3.66584549638,2.88427853574,0.000865283560721,-0.0294932553053,-0.0308722164632,0.00736120118696,2.53886307938,3.14369457502,2.24457493193,0.00067337247958,-0.0190062041795,-0.0203384317935,0.00736120118696,2.19251072448,2.94599177681,2.08879645217,0.00062663893565,0.00213861904648,0.00113003271593,0.00736120118696,2.43830818392,3.23414773542,1.00999217404,0.000302997652213,-0.0137581618764,-0.0151424856056,0.00736120118696,3,3.31113027338,2.26245016946,0.000678735050837,-0.0107791420452,-0.0121728708875,0.00736120118696,3,3.35734089423,2.29380054667,0.000688140164,6,5,20,5,4
1989-08,0.00521469806022,0.003637256759,0.007022327866,2.93377238793,3.72938549352,2.90617540964,0.000871852622891,0.0229495244006,0.0218425144447,0.007022327866,2.49333353517,3.14385371317,1.33807092517,0.000401421277552,0.0197927217108,0.0189732530538,0.007022327866,2.16636827525,2.91362078308,0.379599928755,0.000113879978626,0.0129962668484,0.0118951820774,0.007022327866,2.42810516755,3.26779531386,1.31832030894,0.000395496092682,0.0131468583317,0.0117920898215,0.007022327866,3,2.79762130646,2.16393277306,0.000649179831919,0.0106368810306,0.0093981564299,0.007022327866,3,2.7588293633,1.77711974133,0.0005331359224,6,5,20,5,4
1989-09,-0.00815976930445,-0.00985277576136,0.00692968976937,2.93387798455,3.75249935106,3.29139259522,0.000987417778567,0.0170565585135,0.0159079537524,0.00692968976937,2.48224473043,3.13544151498,1.47672027591,0.000443016082774,0.0218274677173,0.0210198780701,0.00692968976937,2.20207925632,2.98064452038,0.340003229555,0.000102000968867,0.0313855408918,0.0304740423067,0.00692968976937,2.46381173639,3.34051907591,0.686366355978,0.000205909906793,0.016709989487,0.0154548909679,0.00692968976937,3,3.19639881845,1.83169946904,0.000549509840712,0.0184426225325,0.0172560458258,0.00692968976937,3,3.3702831207,1.60329342792,0.000480988028377,6,5,20,5,4
1989-10,0.00135372636644,-0.000189015978536,0.00703775843886,2.92341212035,3.71557814262,2.79051222214,0.000837153666641,-0.00254979742576,-0.00394119999472,0.00703775843886,2.47626533053,3.11391929447,2.28604630207,0.000685813890621,0.0132821826366,0.0123157493294,0.00703775843886,2.24538735931,3.02788850878,0.869482096386,0.000260844628916,0.0159725461169,0.0151776715107,0.00703775843886,2.52601452748,3.42183803044,0.29761975965,8.9285927895e-05,0.00425892231813,0.00291216748861,0.00703775843886,3,2.16765370758,2.13722050397,0.000641166151191,0.0110748406273,0.00992684641838,0.00703775843886,3,2.58931978204,1.47468510196,0.000442405530587,6,5,20,5,4
1989-11,0.0027696063539,0.00128642608929,0.00689878955913,2.93191734795,3.77009589956,2.59197195425,0.000777591586274,-0.00505873705052,-0.00660238167547,0.00689878955913,2.4767627432,3.14431681297,2.79351982205,0.000838055946615,0.0236718857364,0.0226420844798,0.00689878955913,2.29389437424,3.10869730255,1.08070859424,0.000324212578271,0.00249735473884,0.00171219408837,0.00689878955913,2.62883724705,3.58604988436,0.265239907099,7.95719721298e-05,0.000562152181769,-0.00083321014684,0.00689878955913,3,3.11115602359,2.29924550091,0.000689773650272,0.0118953758784,0.0107620037517,0.00689878955913,3,3.36340609415,1.4259448277,0.000427783448311,6,5,20,5,4
1989-12,0.0045396437324,0.00256082663426,0.00673639209102,3,3.83550021222,4.24409473266,0.0012732284198,0.0192692986421,0.0179606044859,0.00673639209102,2.48488059388,3.13166093151,2.01035159289,0.000603105477866,0.0325632765012,0.0317441542155,0.00673639209102,2.28675478042,3.0837669457,0.378445357977,0.000113533607393,0.0142660869956,0.0134060315087,0.00673639209102,2.6186315194,3.54458717127,0.514889361934,0.00015446680858,0.0162578245169,0.0149183034582,0.00673639209102,3,2.04641128785,2.11310793466,0.000633932380397,0.0203807662756,0.0190882300961,0.00673639209102,3,2.68907512546,1.95649167042,0.000586947501127,6,5,20,5,4
1990-01,0.0191478326207,0.0176191856849,0.00668219550496,3,3.85246581037,2.74352752505,0.000823058257514,0.0338085029131,0.0326315374592,0.00668219550496,2.47910788132,3.11904669794,1.5712559186,0.000471376775579,0.0209199292922,0.0199767054337,0.00668219550496,2.26867424016,3.05424049434,0.792117267142,0.000237635180142,0.0144269747723,0.013624788674,0.00668219550496,2.63292113342,3.56567356769,0.321991399839,9.65974199516e-05,0.0308207022543,0.0295797611017,0.00668219550496,3,3.02222316659,1.78450824743,0.000535352474229,0.0253010713139,0.0241533545979,0.00668219550496,3,3.07140252341,1.47376012557,0.000442128037671,6,5,20,5,4
1990-02,0.0171414416597,0.0157133403963,0.00655819693656,3,3.78136021115,2.40837528333,0.000722512584998,0.0110123425581,0.00981505123267,0.00655819693656,2.4472122588,3.05429681517,1.63900882376,0.000491702647127,0.0141021658401,0.0132033375643,0.00655819693656,2.27323624247,3.04185776703,0.644131991462,0.000193239597439,0.00694682722573,0.00599148872774,0.00655819693656,2.65651083094,3.50151610979,0.832499398844,0.000249749819653,0.0175021383338,0.0162816874742,0.00655819693656,3,2.77538197463,1.71620727068,0.000514862181204,0.0177031169037,0.0166033324307,0.00655819693656,3,2.98998672017,1.31398598228,0.000394195794683,6,5,20,5,4
1990-03,0.0160076270737,0.0147272945448,0.00660471609185,3,3.7117194262,1.91581283494,0.000574743850482,-0.0216172353054,-0.0227199335371,0.00660471609185,2.44611217632,3.02644099243,1.32369851126,0.000397109553377,0.0220306727575,0.021102131351,0.00660471609185,2.28125816842,3.00899845719,0.743175760312,0.000222952728094,0.0314360881141,0.030371598512,0.00660471609185,2.65193272846,3.46894703899,1.19633641277,0.000358900923831,0.0169194449477,0.0158093091245,0.00660471609185,3,2.79697823293,1.34849048275,0.000404547144824,0.0328011262245,0.0316755725885,0.00660471609185,3,2.87574863291,1.39988319243,0.000419964957728,6,5,20,5,4
1990-04,0.0627902332566,0.0611342458017,0.00670542654334,3,3.63775301289,3.16799592197,0.000950398776592,0.0331934504065,0.0321340200938,0.00670542654334,2.60900642102,3.24783177747,1.17947211444,0.000353841634333,0.0388392620441,0.0377857258168,0.00670542654334,2.37262667945,3.08255028295,1.15982516341,0.000347947549023,0.0141468866945,0.0132285020288,0.00670542654334,2.82313020693,3.65862464272,0.709319957827,0.000212795987348,0.0423640029697,0.0411551656471,0.00670542654334,3,2.75899192003,1.67749548103,0.00050324864431,0.0442107048215,0.042970784274,0.00670542654334,3,2.97087375841,1.78110623037,0.000534331869112,6,5,20,5,4
1990-05,-0.0346366827125,-0.0357836726723,0.00675960937821,3,3.62029180421,1.47133760472,0.000441401281416,-0.0440814788438,-0.0454179178819,0.00675960937821,2.6308113562,3.33650687931,2.10283453273,0.00063085035982,-0.0430802844629,-0.0440027773015,0.00675960937821,2.34247416813,3.08945237846,0.723013867565,0.00021690416027,-0.0200470139394,-0.0209384068089,0.00675960937821,2.8699122864,3.83889405859,0.619347303619,0.000185804191086,-0.0380608184748,-0.0392027915141,0.00675960937821,3,2.99976130312,1.45461453634,0.000436384360901,-0.0394516550015,-0.0403779634737,0.00675960937821,3,3.02617561104,0.735732646304,0.000220719793891,6,5,20,5,4
1990-06,-0.0151249927612,-0.0167676645843,0.00670542654334,3,3.58020118924,3.12361048268,0.000937083144805,-0.00986505932001,-0.0108380886768,0.00670542654334,2.53768359141,3.21132415606,0.891468928231,0.000267440678469,0.00553200439487,0.00457393198465,0.00670542654334,2.24131958197,2.94297750887,0.841612439599,0.00025248373188,0.0299593094758,0.0290664437284,0.00670542654334,2.8566754187,3.82664901538,0.624256896913,0.000187277069074,-4.63690416759e-05,-0.00122617221783,0.00670542654334,3,2.86280125799,1.58071499273,0.000474214497819,0.00622001383305,0.00504321951637,0.00670542654334,3,2.91645885508,1.57068546114,0.000471205638342,6,5,20,5,4
1990-07,0.0590903991452,0.0567718848209,0.00661246698576,3,3.61967436834,5.37641881983,0.00161292564595,0.0352399167149,0.0342670949119,0.00661246698576,2.53831029341,3.23928280851,0.890777081971,0.000267233124591,0.0253434811428,0.0244950487396,0.00661246698576,2.24353640617,2.9571816144,0.476145749711,0.000142843724913,0.0311527273276,0.0303713141812,0.00661246698576,2.8510877149,3.84814404562,0.252748226904,7.58244680713e-05,0.0440033424153,0.0426517463999,0.00661246698576,3,2.38438979539,2.15335779035,0.000646007337104,0.0411363536671,0.0397355571972,0.00661246698576,3,2.55832826511,2.3173593051,0.000695207791531,6,5,20,5,4
1990-08,-0.0542501899867,-0.0553581927862,0.00651165411999,3,3.50055031912,1.34138040391,0.000402414121173,-0.0406568971631,-0.0420742222781,0.00651165411999,2.5007923136,3.17293459232,2.37245478901,0.000711736436702,0.021350248005,0.0206194064466,0.00651165411999,2.23271299068,2.93962958865,0.0841762667356,2.52528800207e-05,0.0185461339514,0.0175983132711,0.00651165411999,2.85360901712,3.84829137792,0.807440006758,0.000242232002027,-0.0297836964755,-0.0308442140079,0.00651165411999,3,2.49751232153,1.18309618018,0.000354928854054,-0.00362111672916,-0.00452523864118,0.00651165411999,3,2.45480377895,0.661777445626,0.000198533233688,6,5,20,5,4
1990-09,0.00222778066114,0.00104677084753,0.00641073005938,3,3.51236040325,1.58473711757,0.000475421135272,0.0020132835565,0.00088618454068,0.00641073005938,2.43621683441,3.08228146861,1.40503445828,0.000421510337483,0.0227708263902,0.0219212577809,0.00641073005938,2.25760801689,2.93050812208,0.479933103059,0.000143979930918,0.00338913531377,0.0026032304889,0.00641073005938,2.91424697207,3.89059041572,0.267720488428,8.03161465284e-05,-0.000735543366268,-0.00176920801227,0.00641073005938,3,2.31786759281,1.09358655888,0.000328075967663,0.0100643936134,0.00916908321336,0.00641073005938,3,2.46332078968,0.632405738867,0.00018972172166,6,5,20,5,4
1990-10,-0.0157120177362,-0.0175136101278,0.00648061241802,3,3.53338982876,3.65334571094,0.00109600371328,0.0113724087103,0.0101237731242,0.00648061241802,2.44116426143,3.06527388983,1.81015635928,0.000543046907785,-0.00290404869399,-0.00370941831736,0.00648061241802,2.24957034535,2.95286714648,0.332603150114,9.97809450343e-05,-0.00782969153626,-0.00875008454806,0.00648061241802,2.90532699473,3.93226803204,0.716014444876,0.000214804333463,-0.00393032638255,-0.00532693305129,0.00648061241802,3,2.76628481329,2.30339330136,0.000691017990407,-0.0101879238872,-0.0113932914413,0.00648061241802,3,3.40803375332,1.6659295858,0.00049977887574,6,5,20,5,4
1990-11,-0.0176840881318,-0.0192581138789,0.00648061241802,3,3.63663882694,2.89479022922,0.000868437068767,-0.0370146535044,-0.0386308020146,0.00648061241802,2.63665062661,3.29586476541,3.0351994394,0.00091055983182,-0.0208777185111,-0.0219344311056,0.00648061241802,2.59894036701,3.3779766237,1.17041305398,0.000351123916195,-0.0417844541774,-0.0428184676227,0.00648061241802,3,4.00519623057,1.09474922325,0.000328424766975,-0.0341446644982,-0.0355156077761,0.00648061241802,3,3.07830939245,2.217848665,0.0006653545995,-0.0283859075915,-0.0296751486638,0.00648061241802,3,3.13300084127,1.94550797991,0.000583652393972,6,5,20,5,4
1990-12,0.02122287202,0.0195063587712,0.0064573242285,3,3.81552975695,3.3697485682,0.00101092457046,-0.00779349417809,-0.00912378856792,0.0064573242285,2.65535120231,3.43122993576,2.08235237167,0.0006247057115,0.0211276373217,0.0198426215794,0.0064573242285,2.67954714793,3.60001638942,1.93142354648,0.000579427063943,-0.0190685464643,-0.0199798345678,0.0064573242285,2.94981743295,3.98360566071,0.685664750553,0.000205699425166,-0.00474514168886,-0.00606305834581,0.0064573242285,3,2.75386893297,2.04109326203,0.000612327978608,0.00636447322864,0.00505514260076,0.0064573242285,3,2.65806831308,2.01247316512,0.000603741949537,6,5,20,5,4
1991-01,0.01231829557,0.0107332717827,0.00629414071368,3,3.75863838177,2.93145036306,0.000879435108917,0.0202245639398,0.0189344321794,0.00629414071368,2.82662331031,3.64903231963,1.9484769402,0.00058454308206,0.0286527878278,0.0278228708657,0.00629414071368,2.8604799012,3.74673448582,0.414427612591,0.000124328283777,0.00605015030061,0.00506771621421,0.00629414071368,3,4.04937551806,0.922818026859,0.000276845408058,0.012714143961,0.0114433815113,0.00629414071368,3,2.51930490147,1.88391257128,0.000565173771385,0.0148694406658,0.0137651718315,0.00629414071368,3,2.62235325191,1.32893385326,0.000398680155978,6,5,20,5,4
1991-02,0.0503939016238,0.0490566932719,0.00578719588441,3,3.70515645032,2.10539891172,0.000631619673516,0.0394945205473,0.0381566178405,0.00578719588441,2.81307692497,3.58677029829,2.10771342839,0.000632314028518,-0.0428566434902,-0.0437276559847,0.00578719588441,2.95685340816,3.8626682486,0.551412720542,0.000165423816163,-0.0746109605463,-0.0755952456344,0.00578719588441,3,4.02705419358,0.928988032408,0.000278696409722,0.00920163062351,0.00812767901778,0.00578719588441,3,2.73886929418,1.22787642465,0.000368362927394,-0.0212678585813,-0.0222220769985,0.00578719588441,3,2.82812100636,0.828765796387,0.000248629738916,6,6,20,5,4
1991-03,0.0281820948661,0.0263454032246,0.00527742471785,3,3.69159281461,3.77034321028,0.00113110296308,0.0236553945569,0.0226854917779,0.00527742471785,2.76622140651,3.51262879202,0.88104700228,0.000264314100684,-0.0217160354902,-0.0227796556299,0.00527742471785,2.85610032824,3.75120946991,1.1934382046,0.000358031461379,-0.0488032434143,-0.0498892105134,0.00527742471785,2.77884865686,3.73747967132,1.26792806932,0.000380378420795,0.00274698322531,0.00155722692172,0.00527742471785,3,2.30998438555,1.61389208418,0.000484167625253,-0.0136521997529,-0.0148604936445,0.00527742471785,3,2.30584434413,1.67568404427,0.000502705213282,6,6,20,5,4
1991-04,0.0233428135301,0.0215419552271,0.00522235632413,3,3.66178476069,3.65089874878,0.00109526962463,0.0373910143367,0.0361933494411,0.00522235632413,2.90151543514,3.645929555,1.64025405762,0.000492076217286,0.00944824573555,0.00797000995845,0.00522235632413,3,3.9285419684,2.57549032921,0.000772647098762,0.00595989193783,0.00477766982282,0.00522235632413,2.98004273247,4.01260753093,1.58877812225,0.000476633436675,0.0240005999675,0.0226262379732,0.00522235632413,3,2.31957552637,2.22924438631,0.000668773315894,0.0132745005491,0.0118007448979,0.00522235632413,3,2.27163887596,2.56055657614,0.000768166972841,6,6,20,5,4
1991-05,0.011280221237,0.00917933074076,0.00491493768553,3,3.8130084431,4.65100605968,0.0013953018179,0.0119600407921,0.0110947465411,0.00491493768553,2.84147642156,3.69518039757,0.532351909016,0.000159705572705,0.0299657184081,0.0290317908437,0.00491493768553,3,4.03287813377,0.761129620345,0.000228338886103,0.00103362092888,0.000240540631042,0.00491493768553,3,4.06077890253,0.291638731666,8.74916194998e-05,0.00954388701972,0.00827780404977,0.00491493768553,3,2.22226041124,1.86831430539,0.000560494291618,0.0160173158425,0.0147340780356,0.00491493768553,3,2.30490204316,1.92549709521,0.000577649128563,6,6,20,5,4
1991-06,0.000355392033908,-0.0013532351043,0.00479642376289,3,3.73099866522,3.34346153289,0.00100303845987,-0.0191217303764,-0.0200217534368,0.00479642376289,2.84667731603,3.76757007572,0.648114606925,0.000194434382078,-0.0122456765819,-0.0131283234385,0.00479642376289,3,4.11256626684,0.590193927368,0.00017705817821,-0.0337798911957,-0.035131719803,0.00479642376289,3,4.10203931065,2.15413309646,0.000646239928939,-0.0185109227544,-0.019778539237,0.00479642376289,3,3.11606242916,1.87342601423,0.000562027804269,-0.0176432010496,-0.0189159081388,0.00479642376289,3,3.1828038354,1.89039470294,0.000567118410881,6,6,20,5,4
1991-07,-0.0255439256795,-0.0273797867543,0.00492283314968,3,3.79422076622,3.76757465466,0.0011302723964,-0.0277496493568,-0.0294379708452,0.00492283314968,2.95142086533,4.00139859799,3.27577603355,0.000982732810064,-0.00810049204517,-0.00912344376542,0.00492283314968,3,4.0090372487,1.05787680638,0.000317363041913,0.0153452446361,0.0140031497182,0.00492283314968,3,4.04803584001,2.12168746492,0.000636506239476,-0.0134452556808,-0.0150849173812,0.00492283314968,3,2.99616490823,3.11357674025,0.000934073022074,-0.00522590885652,-0.0066054641993,0.00492283314968,3,2.60783238197,2.24655554815,0.000673966664444,6,6,20,5,4
1991-08,-0.0304741420265,-0.0323252600169,0.00485174939459,3,3.71286088307,3.81843104007,0.00114552931202,-0.0176296829882,-0.0186623619655,0.00485174939459,2.91713038815,3.76689596849,1.09030099669,0.000327090299006,0.00879310341926,0.00754375227243,0.00485174939459,3,4.02702356901,1.81254156163,0.000543762468488,0.0301930147003,0.0290996079447,0.00485174939459,3,4.06092611974,1.29272692436,0.000387818077308,-0.00427053168215,-0.00558868601727,0.00485174939459,3,2.183263525,2.0418855226,0.000612565656779,0.00325790502573,0.00187360318789,0.00485174939459,3,2.08679778539,2.26237719834,0.000678713159501,6,6,20,5,4
1991-09,0.0276360266403,0.0257130585653,0.00459063466587,3,3.81747567548,4.05793132222,0.00121737939667,-0.0361800331598,-0.0374386653886,0.00459063466587,2.90430015084,3.74968721211,1.84347850143,0.00055304355043,0.00349586987956,0.00258373847613,0.00459063466587,3,4.03005810032,0.688475750285,0.000206542725086,-0.00531121012641,-0.00614122515758,0.00459063466587,3,4.05376376791,0.414754509433,0.00012442635283,-0.00389130914361,-0.00514846176503,0.00459063466587,3,2.53320244132,1.83854647694,0.000551563943081,0.00926691023186,0.00809066222738,0.00459063466587,3,2.32458459094,1.56886442047,0.000470659326141,6,6,20,5,4
1991-10,0.036693248187,0.0354176266778,0.00444789316734,3,3.8203461702,1.90010943616,0.000570032830847,0.0230545770488,0.0214004382226,0.00444789316734,2.85328821158,3.64554235379,3.16183382603,0.000948550147808,0.0256318227328,0.0239962306298,0.00444789316734,3,4.01673122865,3.10001141553,0.000930003424659,0.0229112452157,0.0217055724605,0.00444789316734,3,4.00059334065,1.66694692291,0.000500084076872,0.0258214715066,0.0245337860241,0.00444789316734,3,3.09364124455,1.94032268028,0.000582096804085,0.0271710050117,0.0260104247027,0.00444789316734,3,3.05675386525,1.51663876881,0.000454991630643,6,6,20,5,4
1991-11,-0.000577003285881,-0.00210725691247,0.00433671753224,3,3.82944521789,2.74888316085,0.000824664948256,0.015234928122,0.0142207302443,0.00433671753224,3,3.9132971179,1.02869733123,0.00030860919937,0.0124590292316,0.0112438591204,0.00433671753224,3,3.81676615391,1.69860477624,0.000509581432871,-0.00774862561894,-0.00891387631923,0.00433671753224,3,4.0447845326,1.53220673985,0.000459662021955,0.00128074133071,5.40999266806e-05,0.00433671753224,3,2.88645495994,1.73684241896,0.000521052725688,0.00089917978866,-0.000404198806451,0.00433671753224,3,2.81622084778,1.99263305591,0.000597789916773,6,6,20,5,4
1991-12,0.0381653708037,0.0362400139695,0.00402629820309,3,3.85883563247,4.06589385312,0.00121976815594,0.0299964485785,0.0291099840482,0.00402629820309,3,3.93927664215,0.602919506642,0.000180875851993,0.0374140714338,0.0364057472567,0.00402629820309,3,3.84725281424,1.00911832919,0.000302735498758,0.00315193332197,0.00232400104427,0.00402629820309,3,4.10092897507,0.407811997864,0.000122343599359,0.0222581298746,0.0210288466302,0.00402629820309,3,2.9094207604,1.74564855347,0.000523694566042,0.0247914535927,0.0235334468285,0.00402629820309,3,2.79198644659,1.84139361941,0.000552418085824,6,6,20,5,4
1992-01,0.000335867862825,-0.00113899026087,0.00365079488139,3,3.75969720542,2.56423148453,0.000769269445358,-0.0258648749868,-0.0274142201436,0.00365079488139,3,3.9361217296,2.81252159487,0.000843756478461,-0.0143044508496,-0.0152557708339,0.00365079488139,3,3.83723985735,0.819104353375,0.000245731306013,0.0250195040662,0.024181685412,0.00365079488139,3,4.06847041047,0.44076658628,0.000132229975884,-0.000131870207085,-0.00138520355328,0.00365079488139,3,2.27004191454,1.82581555954,0.000547744667862,0.00663166589658,0.00556880567828,0.00365079488139,3,2.34790727611,1.19090513321,0.000357271539963,6,6,20,5,4
1992-02,0.00623299464528,0.00473507412542,0.0033139261898,3,3.86420884507,2.64110613842,0.000792331841526,-0.0343791761732,-0.0355097503083,0.0033139261898,3,3.95772956353,1.41661818894,0.000424985456681,-0.0125660157057,-0.0139312216856,0.0033139261898,3,3.84070650042,2.19872433838,0.000659617301513,-0.00713849169275,-0.00800312140195,0.0033139261898,3,4.13299026155,0.53013676954,0.000159041030862,-0.0114951609897,-0.012544283496,0.0033139261898,3,2.44780912525,1.14511275998,0.000343533827993,-0.0043614541576,-0.00558218498659,0.0033139261898,3,2.64250891402,1.71714050216,0.000515142150649,6,6,20,5,4
1992-03,-0.0132569546381,-0.0145489074483,0.0033299957965,3,3.95976010548,1.95454710607,0.000586364131822,-0.0219494839432,-0.0235355282282,0.0033299957965,3,4.05850313177,2.93485202213,0.00088045560664,0.00730120272232,0.00633921539326,0.0033299957965,3,3.92741999345,0.854662169085,0.000256398650725,-0.0353932627293,-0.0363056207963,0.0033299957965,3,4.2256114068,0.68923129551,0.000206769388653,-0.0220752461926,-0.0232380927343,0.0033299957965,3,2.53747115218,1.52419287766,0.000457257863299,-0.0137425080412,-0.0147047309523,0.0033299957965,3,2.43320102605,0.85544744247,0.000256634232741,6,6,20,5,4
1992-04,-0.00560261574438,-0.00715710726156,0.0034744950035,3,3.91682285635,2.82967612949,0.000848902838846,-0.00229162546896,-0.00356878896779,0.0034744950035,3,3.97185781016,1.90524940164,0.000571574820493,0.0194755007426,0.0184724111186,0.0034744950035,3,3.92481175089,0.991669818833,0.00029750094565,0.0055395704153,0.0044452246556,0.0034744950035,3,4.22008440218,1.29585693789,0.000388757081367,0.00253832763017,0.00129588013799,0.0034744950035,3,2.22335229538,1.7895293795,0.000536858813849,0.0100647203254,0.00884992290782,0.0034744950035,3,2.04931991132,1.69736246412,0.000509208739237,6,6,20,5,4
1992-05,-0.0104974119738,-0.0121274620607,0.0032737397822,3,3.93850418156,3.08153802847,0.000924461408541,-0.023958164775,-0.0253791149863,0.0032737397822,3,4.05398220945,2.38453844327,0.00071536153298,-0.00323594954231,-0.00434013295876,0.0032737397822,3,3.95125656103,1.32864912705,0.000398594738115,0.0389039256441,0.0377032531982,0.0032737397822,3,4.03204083061,1.65027922532,0.000495083767597,-0.00112807959466,-0.00253813373506,0.0032737397822,3,2.60479251396,2.34821820686,0.000704465462058,0.00515070422984,0.00387657191832,0.0032737397822,3,2.68600378671,1.89514544394,0.000568543633182,6,6,20,5,4
1992-06,0.0291723819941,0.0273068726267,0.00312892192348,3,4.01246386349,3.86640229685,0.00115992068905,0.0237040883038,0.0219078358859,0.00312892192348,3,4.10005040981,3.63554579854,0.00109066373956,0.0451206126343,0.0437588123794,0.00312892192348,3,3.9898135925,2.18737192195,0.000656211576585,0.0368467421876,0.0359150994149,0.00312892192348,3,4.06561763282,0.753513647793,0.000226054094338,0.0302761577923,0.0287992897341,0.00312892192348,3,3.22610997358,2.57093126617,0.000771279379852,0.0380187293016,0.0366447503988,0.00312892192348,3,3.09708124471,2.22796741482,0.000668390224447,6,6,20,5,4
1992-07,0.0207043376271,0.0187712715124,0.0031611235489,3,4.05236532724,4.09159145434,0.0012274774363,0.028104426063,0.0264810160223,0.0031611235489,3,4.14634741577,3.05940454114,0.000917821362342,0.000641784646557,-0.00043308090007,0.0031611235489,3,4.02447266849,1.2309228943,0.00036927686829,-0.00160400483192,-0.00245057008657,0.0031611235489,3,4.09660159401,0.469921921062,0.000140976576319,0.0153960235194,0.0139229012187,0.0031611235489,3,2.87468558891,2.55844540766,0.000767533622297,0.00586109225116,0.00460730574152,0.0031611235489,3,2.95298509495,1.82732610434,0.000548197831302,6,6,20,5,4
1992-08,0.0343040363117,0.0328900592306,0.0027658678568,3,4.05587894003,2.36129467578,0.000708388402735,0.0459338197848,0.0449570176387,0.0027658678568,3,4.18756523441,0.904044892729,0.000271213467819,0.0180730276922,0.016547443944,0.0027658678568,3,4.07498643757,2.73331689955,0.000819995069865,0.033826974204,0.03244926957,0.0027658678568,3,4.10872844709,2.24038651898,0.000672115955695,0.0405433274447,0.0392840161799,0.0027658678568,3,3.31694930376,1.84574195466,0.000553722586397,0.0327400130051,0.0314964150632,0.0027658678568,3,3.04457877632,1.79336421177,0.000538009263531,6,6,20,5,4
1992-09,0.00607869703162,0.004226174563,0.00271735123026,3,4.06698028841,3.82311263428,0.00114693379028,-0.0387271348976,-0.039962770228,0.00271735123026,3,4.16810589082,1.76682217352,0.000530046652057,-0.0507897700058,-0.0520014549866,0.00271735123026,3,4.11260118601,1.68698767505,0.000506096302516,0.00385756758199,0.00269080351109,0.00271735123026,3,4.07641678163,1.53725130855,0.000461175392565,-0.00895354700926,-0.0103943929523,0.00271735123026,3,2.95120033201,2.45085754908,0.000735257264725,-0.0139515027199,-0.0152781442211,0.00271735123026,3,2.81916237405,2.07017607626,0.000621052822879,6,6,20,5,4
1992-10,-0.0135862597603,-0.0149085645686,0.00257164621896,3,3.93545830811,2.05572043338,0.000616716130013,-0.00667722093545,-0.00816760727123,0.00257164621896,2.95225637966,3.95906090359,2.61599219146,0.000784797657438,-0.0772233795533,-0.0786939269584,0.00257164621896,3,3.93074031335,2.54986242273,0.00076495872682,-0.0664957423361,-0.0673960408897,0.00257164621896,3,3.96917676413,0.649032917425,0.000194709875227,-0.0287082371203,-0.0298554684542,0.00257164621896,3,3.04371257116,1.47214218532,0.000441642655595,-0.0549069461967,-0.0561058778328,0.00257164621896,3,3.20703512627,1.64447652593,0.000493342957779,6,6,20,5,4
1992-11,0.0224820319313,0.0206615114018,0.00267690097346,3,3.90857981742,3.71643950391,0.00111493185117,0.00917931409457,0.00807991849253,0.00267690097346,2.95344581797,3.88717979546,1.31268974568,0.000393806923704,-0.00488152636895,-0.00605866658255,0.00267690097346,2.9829850446,3.80947509883,1.57183845086,0.000471551535258,0.0134375350794,0.012521497943,0.00267690097346,3,3.88146586008,0.701494860328,0.000210448458098,0.0190428155802,0.0177910960029,0.00267690097346,3,2.55135994264,1.82043633013,0.000546130899038,0.0140305062262,0.0127345003674,0.00267690097346,3,2.61544115831,1.96805726822,0.000590417180465,6,6,20,5,4
1992-12,-0.0126338171122,-0.0143532560772,0.00293547300505,3,4.01304856167,3.37950095524,0.00101385028657,-0.0185171422234,-0.0200365698721,0.00293547300505,2.95217114066,3.96388256105,2.71279656783,0.000813838970348,-0.0158092536477,-0.0167139180342,0.00293547300505,3,3.96311938133,0.663585693765,0.000199075708129,-0.0171633971947,-0.0181582845128,0.00293547300505,3,3.9822599581,0.964328799221,0.000289298639766,-0.0204299254453,-0.0217851346258,0.00293547300505,3,2.73880472709,2.16540167387,0.000649620502162,-0.01764812435,-0.0188287438133,0.00293547300505,3,2.69256128661,1.58343595005,0.000475030785016,6,6,20,5,4
1993-01,0.000835631685457,-0.000985759564162,0.00285474799877,3,3.98467402878,3.71934190427,0.00111580257128,-0.00599482058938,-0.0070846423304,0.00285474799877,2.95717251658,3.97456498696,1.28077687562,0.000384233062685,0.00974724536104,0.00855984631957,0.00285474799877,3,3.95509348467,1.60603454378,0.000481810363135,0.0302839284234,0.0294366357295,0.00285474799877,3,3.9681941697,0.472346718285,0.000141704015485,0.00833622468005,0.0070920222182,0.00285474799877,3,2.3859719551,1.79537927838,0.000538613783513,0.0134377914966,0.0121584804819,0.00285474799877,3,2.42953037519,1.91240778772,0.000573722336317,6,6,20,5,4
1993-02,0.0373301666945,0.0352246350756,0.00262024044014,3,3.88390022387,4.66647646859,0.00139994294058,0.00228728911876,0.00130075056601,0.00262024044014,3,4.12776931103,0.936499581393,0.000280949874418,0.0520430850222,0.0512300079656,0.00262024044014,3,4.01086921391,0.358294594407,0.000107488378322,0.0462752074301,0.0454513435627,0.00262024044014,2.97754950566,4.01276157972,0.394250629957,0.000118275188987,0.0254902777208,0.0242562628843,0.00262024044014,3,2.35157743658,1.76142052731,0.000528426158194,0.042605421716,0.0413871509013,0.00262024044014,3,2.53196469401,1.70894045461,0.000512682136382,6,6,20,5,4
1993-03,-0.00518321899384,-0.00686736785295,0.00256354466263,3,3.90139390972,3.26186726924,0.000978560180773,0.00346578666379,0.00177444003888,0.00256354466263,3,4.05411049216,3.28585982191,0.000985757946573,-0.0188769993922,-0.020007372914,0.00256354466263,2.94147369683,3.84134855761,1.41594947848,0.000424784843545,-0.0101490448319,-0.0110614818612,0.00256354466263,2.87128706029,3.79117796276,0.689494503327,0.000206848350998,-0.00482406100923,-0.00618268089402,0.00256354466263,3,2.83956413735,2.17677068818,0.000653031206455,-0.0146127725211,-0.0158103990823,0.00256354466263,3,2.61696094001,1.64012627614,0.000492037882841,6,6,20,5,4
1993-04,0.0465076343809,0.0447746636255,0.00255544238609,3,4.08566952385,3.42460692337,0.00102738207701,-0.0136986731847,-0.0149281120474,0.00255544238609,3,4.1202399366,1.74616728114,0.000523850184342,-0.0336955188803,-0.0347761436518,0.00255544238609,2.94317303218,3.94028532022,1.25012031048,0.000375036093145,-0.0282172013084,-0.0290820241676,0.00255544238609,2.91238286609,3.94982171486,0.530780602935,0.00015923418088,0.00575603185717,0.00453580242012,0.00255544238609,3,2.69264981929,1.71546919571,0.000514640758714,-0.00389155495866,-0.00493838710454,0.00255544238609,3,2.49333285078,1.13747822514,0.000341243467541,6,6,20,5,4
1993-05,0.0136330287598,0.0125707297315,0.00253923567186,3,4.03729504094,1.1890345,0.00035671035,-0.0153884670375,-0.0165767141629,0.00253923567186,3,4.25152066173,1.6088614901,0.000482658447031,-0.00847373510585,-0.00999109249011,0.00253923567186,2.97870417728,4.02121266685,2.70589568641,0.000811768705924,0.00177257595663,0.000877404118177,0.00253923567186,2.88581883973,3.93828589161,0.631943867046,0.000189583160114,0.00363764913966,0.00260769047586,0.00253923567186,3,2.97245854027,1.08123328486,0.000324369985457,0.00439489732809,0.00323015000066,0.00253923567186,3,2.9811753226,1.5305288303,0.000459158649089,6,6,20,5,4
1993-06,-0.0138510076392,-0.0157849046567,0.00254733938921,3,4.04787867716,4.0943611304,0.00122830833912,0.0144013623618,0.013097017813,0.00254733938921,3,4.25524718797,1.99585290171,0.000598755870513,-0.0101316575971,-0.0113937660657,0.00254733938921,3,4.04548756541,1.85506596743,0.000556519790228,0.0499010075188,0.0488160965825,0.00254733938921,2.90965426764,3.98811949945,1.26440752636,0.000379322257909,0.0153541456364,0.0140955728294,0.00254733938921,3,2.69949859833,1.84328042883,0.00055298412865,0.00728749993056,0.0058800766659,0.00254733938921,3,2.37514762474,2.33944862106,0.000701834586319,6,6,20,5,4
1993-07,-0.00194426956998,-0.00370252219405,0.00263643275829,3,4.10409926316,3.50887981911,0.00105266394573,0.0392932150836,0.0380758037259,0.00263643275829,3,4.17091235033,1.70607559781,0.000511822679344,0.0437185892,0.0425588134749,0.00263643275829,3,4.09104118719,1.51395682269,0.000454187046806,0.017214742822,0.0162142092966,0.00263643275829,2.82084334103,3.91066501052,0.98314949021,0.000294944847063,0.0175609745123,0.0162792323843,0.00263643275829,3,2.93740147068,1.92051149904,0.000576153449713,0.0187789288533,0.0175183703954,0.00263643275829,3,2.56314846523,1.84989926524,0.000554969779572,6,6,20,5,4
1993-08,0.0243338393664,0.022442141105,0.00259594656807,3,4.07547698397,3.9536986103,0.00118610958309,0.0109349075841,0.00980713817679,0.00259594656807,3,4.19889733649,1.40726909642,0.000422180728927,0.0278859355845,0.0268071048046,0.00259594656807,3,4.09600211848,1.2441403386,0.000373242101579,0.052950410586,0.0521978057799,0.00259594656807,2.84238825894,3.89507357746,0.156720425672,4.70161277016e-05,0.0295014066064,0.028260766571,0.00259594656807,3,3.20198596814,1.78350452351,0.000535051357053,0.0336081043839,0.0324128019939,0.00259594656807,3,2.98697697775,1.63237903896,0.000489713711689,6,6,20,5,4
1993-09,0.0448117009942,0.0432432467553,0.00257974705522,3,4.1699797608,2.87621853524,0.000862865560571,0.0246064703377,0.0232788044838,0.00257974705522,3,4.26119400715,2.07359058519,0.000622077175558,0.044772627492,0.0434548814946,0.00257974705522,3,4.20345760819,2.04052439657,0.00061215731897,0.0111095709621,0.0101956996805,0.00257974705522,2.72218897502,3.80822060047,0.694275344209,0.000208282603263,0.0246405737405,0.0233857135139,0.00257974705522,3,3.56720087679,1.83090516107,0.000549271548321,0.0322180305317,0.0309519160207,0.00257974705522,3,3.44915433876,1.86841944235,0.000560525832706,6,6,20,5,4
1993-10,0.0197976516423,0.0184219094241,0.00256354466263,3,4.16795956487,2.23384513294,0.000670153539881,0.016655288867,0.0156018521232,0.00256354466263,3,4.23900300662,1.15949355166,0.000347848065498,0.0311296964147,0.0302235582581,0.00256354466263,3,4.13657311564,0.668498260861,0.000200549478258,0.0301375769088,0.0293345573575,0.00256354466263,2.71657455546,3.82879295685,0.324769576661,9.74308729983e-05,0.02757972615,0.0264971625024,0.00256354466263,3,3.3427136969,1.25658323082,0.000376974969245,0.0276482812526,0.0266500622492,0.00256354466263,3,3.23247096231,0.975434416657,0.000292630324997,6,6,20,5,4
1993-11,0.0122892229326,0.0105384212231,0.00266071584333,3,4.19394940291,3.48404343702,0.00104521303111,0.0112457760408,0.0101219802254,0.00266071584333,3,4.26758259499,1.3940237902,0.000418207137059,0.00659105002665,0.00556276447908,0.00266071584333,2.97447472063,4.14355629123,1.07565623079,0.000322696869236,0.000599431432997,-0.00028591299005,0.00266071584333,2.68352625018,3.82040587989,0.599185815701,0.00017975574471,0.00951270105682,0.00823555265563,0.00266071584333,3,2.83151495329,1.9051990762,0.000571559722859,0.00761228386052,0.00637608547864,0.00266071584333,3,3.02114260305,1.76869901181,0.000530609703544,6,6,20,5,4
1993-12,0.0547300351104,0.052945668972,0.00274969851686,3,4.24635299968,3.59592486689,0.00107877746007,0.0138960537266,0.012805457501,0.00274969851686,3,4.34900533589,1.28335849077,0.000385007547232,0.0106846365948,0.00980865930746,0.00274969851686,3,4.24990631029,0.567962029896,0.000170388608969,0.00458948449605,0.00376170130764,0.00274969851686,2.76968191505,3.99888540587,0.407315033578,0.000122194510073,0.0256538409817,0.0244175859234,0.00274969851686,3,3.68321575425,1.76888793341,0.000530666380023,0.0217434298583,0.0205792693533,0.00274969851686,3,3.61178413369,1.52857275563,0.000458571826688,6,6,20,5,4
1994-01,-0.0226003527651,-0.0249801035941,0.00267690097346,3,4.22653468603,5.58054050199,0.0016741621506,-0.000785249530498,-0.00231495956816,0.00267690097346,3,4.39666885303,2.74707119774,0.000824121359322,0.0288225276188,0.0276725877048,0.00267690097346,3,4.28105019102,1.48117078552,0.000444351235657,0.0553679562082,0.0543952929808,0.00267690097346,2.79763559161,4.07094653369,0.890248496919,0.000267074549076,0.0116228732967,0.00998542396066,0.00267690097346,3,2.32793493862,3.10620219231,0.000931860657694,0.0214671443623,0.0200349932133,0.00267690097346,3,2.50128731119,2.42187490231,0.000726562470693,6,6,20,5,4
1994-02,-0.000795392863425,-0.00282448294025,0.00258784717155,3,4.1811195548,4.41167132829,0.00132350139849,-0.0413999031333,-0.0431358978473,0.00258784717155,3,4.37923341326,3.43468678546,0.00103040603564,-0.0604128525629,-0.0613010271539,0.00258784717155,3,4.27538864754,0.608619708787,0.000182585912636,-0.0232621077982,-0.0241101930197,0.00258784717155,2.68018071307,3.90331249941,0.474988477113,0.000142496543134,-0.0192005873273,-0.0207201960968,0.00258784717155,3,3.63404694878,2.71340030393,0.000814020091179,-0.0242457003476,-0.0254542869072,0.00258784717155,3,3.57442774142,1.67665960431,0.000502997881292,6,6,20,5,4
1994-03,-0.053628156035,-0.0551098115417,0.00281435867601,3,4.15674607527,2.58688942778,0.000776066828334,-0.0584965311307,-0.0596689317609,0.00281435867601,3,4.37859860289,1.55603983971,0.000466811951914,-0.0773784718134,-0.078516484422,0.00281435867601,2.9489988486,4.15386692014,1.44141310086,0.000432423930257,-0.051346134828,-0.0522428850625,0.00281435867601,2.92514888658,4.23630183763,0.637205187105,0.000191161556132,-0.0503824667786,-0.0515405077482,0.00281435867601,3,3.27869449338,1.50817430426,0.000452452291279,-0.0542555801448,-0.0553907105768,0.00281435867601,3,3.24726390919,1.43180584548,0.000429541753645,6,6,20,5,4
1994-04,0.0321089716969,0.0300675283057,0.00308865389487,3,4.10029190029,4.45284904299,0.0013358547129,-0.0176221989079,-0.0187060008685,0.00308865389487,3,4.27998421712,1.26071094079,0.000378213282236,-0.00374312077079,-0.00500295665286,0.00308865389487,2.7033349302,3.65875510557,1.84749067909,0.000554247203728,-0.0441767562359,-0.0450957141055,0.00308865389487,2.94077465049,4.02275385311,0.711230637432,0.00021336919123,-0.0103970462505,-0.011685309438,0.00308865389487,3,2.41151649626,1.94224836405,0.000582674509214,-0.00622140370334,-0.00753229885464,0.00308865389487,3,2.34176719788,2.01768824322,0.000605306472966,6,6,20,5,4
1994-05,0.0231777696026,0.0215038658884,0.00328177848034,3,4.13127144094,3.22771678652,0.000968315035957,0.021868423635,0.0203353219524,0.00328177848034,3,4.30577873563,2.75837668096,0.000827513004289,0.0486105814085,0.0474568661206,0.00328177848034,2.70337484011,3.6996787272,1.49375536502,0.000448126609507,-0.0216527746562,-0.0228310841647,0.00328177848034,2.82176742078,3.89482385344,1.57573610032,0.000472720830097,0.00588085555014,0.0045183502655,0.00328177848034,3,2.52500084036,2.18972202101,0.000656916606304,0.0172500331726,0.0159617024747,0.00328177848034,3,2.45866897568,1.94247339855,0.000582742019564,6,6,20,5,4
1994-06,-0.00400309141327,-0.0056968407908,0.00368281283577,3,3.97904395354,3.29386899731,0.000988160699192,0.0366098416465,0.0354478375315,0.00368281283577,3,4.25139536827,1.52138478902,0.000456415436707,0.0729655195144,0.07196516358,0.00368281283577,2.63216265223,3.60520590024,0.982557520213,0.000294767256064,0.0310088923199,0.0299715707603,0.00368281283577,2.78900307727,3.81299749381,1.10577627065,0.000331732881196,0.0192802787117,0.0179912271565,0.00368281283577,3,2.56691468742,1.94487625607,0.000583462876822,0.0353234727725,0.0341062368652,0.00368281283577,3,2.36050716024,1.70549076337,0.00051164722901,6,6,20,5,4
1994-07,0.042522954389,0.0404230065294,0.00369081556915,3,4.0546114224,4.64786393762,0.00139435918129,0.0289016225805,0.0275018502093,0.00369081556915,3,4.1988293807,2.31394564293,0.000694183692879,0.0199330495593,0.0189635138027,0.00369081556915,2.4491277684,3.33783552346,0.879823594499,0.00026394707835,0.000330805580179,-0.000657411561542,0.00369081556915,2.83078264325,3.8434751694,0.942094877946,0.000282628463384,0.0261020059312,0.0246234988141,0.00369081556915,3,2.44164041838,2.57639479586,0.000772918438759,0.0241230656979,0.0227964598787,0.00369081556915,3,2.47795701335,2.07005713601,0.000621017140804,6,6,20,5,4
1994-08,0.00044014069394,-0.00153130422957,0.00385871104551,3,4.10366963113,4.21952081723,0.00126585624517,-0.0197698433129,-0.0207378355978,0.00385871104551,3,4.22656580605,0.874678688366,0.00026240360651,-0.00996878408523,-0.0108152305131,0.00385871104551,2.44637163586,3.33871174972,0.469525831676,0.000140857749503,0.0113516849047,0.0104181766347,0.00385871104551,2.83067843901,3.80961741284,0.759731972304,0.000227919591691,-0.00225142438292,-0.00352611351958,0.00385871104551,3,2.61303518685,1.89700152775,0.000569100458325,-0.000380114810539,-0.00159611543526,0.00385871104551,3,2.57666681653,1.70137315463,0.000510411946388,6,6,20,5,4
1994-09,-0.0280026951586,-0.0300419299228,0.00392259006298,3,4.09770542571,4.44548695301,0.0013336460859,0.0343722143781,0.0331822190329,0.00392259006298,3,4.22992825398,1.61468888954,0.000484406666861,0.0101136778709,0.00920483842015,0.00392259006298,2.43647459291,3.32732941384,0.677502574623,0.000203250772387,0.0374355464454,0.036470595662,0.00392259006298,2.85108681804,3.83916668921,0.864540350285,0.000259362105085,0.0141682614169,0.0128936817795,0.00392259006298,3,2.32663843755,1.89663653023,0.000568990959068,0.00701708355299,0.00575364502391,0.00392259006298,3,2.29033009286,1.85949950249,0.000557849850747,6,6,20,5,4
1994-10,0.00094715193295,-0.00116288023358,0.00409802718036,3,4.02728015822,4.68147829397,0.00140444348819,-0.00545275547805,-0.00682280959222,0.00409802718036,3,4.21823918657,2.21488478612,0.000664465435835,0.0207019896298,0.019726843932,0.00409802718036,2.43583975117,3.32512090285,0.898523398005,0.000269557019401,0.0234634358484,0.0223409656779,0.00409802718036,2.81529349936,3.80369601413,1.38960497396,0.000416881492188,0.00694364395476,0.00559126234883,0.00409802718036,3,2.86469480108,2.15597642533,0.000646792927599,0.0165527224842,0.0151636130797,0.00409802718036,3,2.46419270427,2.27840242051,0.000683520726154,6,6,20,5,4
1994-11,0.0207259738005,0.0188520551816,0.004479632788,3,4.0513647517,3.89443313504,0.00116832994051,-0.0217698225857,-0.023165828535,0.004479632788,3,4.24004307959,2.30139090318,0.000690417270953,-0.0184086799692,-0.0196549162418,0.004479632788,2.43658524739,3.33928726216,1.80215864754,0.000540647594262,0.0120648218182,0.0110555786703,0.004479632788,2.81246381172,3.81495702161,1.01218156517,0.00030365446955,0.00655769273223,0.00515149979348,0.004479632788,3,3.11204854469,2.33534753474,0.000700604260421,0.00646394658297,0.0051043578386,0.004479632788,3,3.14499907098,2.18000022012,0.000654000066035,6,6,20,5,4
1994-12,0.0180599759975,0.0159990185628,0.00470150179127,3,4.07692812328,4.5178958548,0.00135536875644,0.00457397839919,0.00340290278961,0.00470150179127,3,4.11029012564,1.55162310416,0.000465486931247,-0.0165332551381,-0.017290702164,0.00470150179127,2.41398516975,3.27197629776,0.172861158501,5.18583475503e-05,0.00850801232507,0.00750383986983,0.00470150179127,2.82342695783,3.8342157345,0.995279256365,0.000298583776909,0.0118272983146,0.0104555849197,0.00470150179127,3,2.64136600887,2.22041572171,0.000666124716512,0.00291103198436,0.00168279807277,0.00470150179127,3,2.4606103473,1.74215077748,0.000522645233243,6,6,20,5,4
1995-01,0.00705799233843,0.00589589942886,0.00509636095616,3,4.13485209066,1.52168077077,0.000456504231232,0.0124314283937,0.0104068160961,0.00509636095616,3,4.13848052917,4.39674539753,0.00131902361926,0.0397500820728,0.0385243129715,0.00509636095616,2.4245792132,3.29281929933,1.73393474313,0.000520180422939,0.0231409978997,0.0223650346562,0.00509636095616,2.82476415023,3.86215901111,0.234581884041,7.03745652123e-05,0.0149808004846,0.0137821289577,0.00509636095616,3,2.70659343128,1.64360949526,0.000493082848578,0.0267727999584,0.0257344124049,0.00509636095616,3,2.7611263476,1.10932958383,0.000332798875149,6,6,20,5,4
1995-02,0.0384415863435,0.0366497551758,0.00505695174825,3,4.26700139534,3.6208082981,0.00108624248943,-0.0697306708019,-0.0706984285605,0.00505695174825,3,4.28413204461,0.873896934221,0.000262169080266,-0.0317768980705,-0.0331136473152,0.00505695174825,2.3855098796,3.31552752489,2.10386855459,0.000631160566376,-0.039890545435,-0.0407782752648,0.00505695174825,2.82770623294,3.93395449955,0.60713717171,0.000182141151513,-0.0253104360203,-0.0265161385008,0.00505695174825,3,2.34005300181,1.66704600729,0.000500113802186,-0.015510079586,-0.0168244495771,0.00505695174825,3,2.49900831974,2.02927104248,0.000608781312744,6,6,20,5,4
1995-03,0.0564564321372,0.0542658527733,0.00499386163816,3,4.18589605104,4.94996895204,0.00148499068561,0.0460844615388,0.0446176222149,0.00499386163816,3,4.26307371747,2.53750215177,0.00076125064553,0.0592363653742,0.0578527371887,0.00499386163816,2.33756219244,3.24035964277,2.26013169046,0.000678039507138,0.0134530574134,0.0125688602944,0.00499386163816,2.72746313199,3.7691221123,0.595361468959,0.000178608440688,0.0357200387444,0.0342316312268,0.00499386163816,3,2.44856545956,2.60939613092,0.000782818839275,0.0471494839144,0.0457660387405,0.00499386163816,3,2.35551448854,2.25952165196,0.000677856495588,6,6,20,5,4
1995-04,0.0109743814965,0.00912550017594,0.0049859723103,3,4.15987338021,3.81097547407,0.00114329264222,0.0295029151016,0.027975915121,0.0049859723103,3,4.22958534609,2.73803767441,0.000821411302323,-0.00162978292129,-0.00248106155613,0.0049859723103,2.23231536003,3.04768948244,0.485633188327,0.000145689956498,-0.0573668043701,-0.0582463311056,0.0049859723103,2.80086085895,3.805692818,0.57979352377,0.000173938057131,-0.0100503035434,-0.0112704469388,0.0049859723103,3,2.20002244599,1.71518239016,0.000514554717047,-0.0195725871443,-0.0207346174311,0.0049859723103,3,2.42199841821,1.52147202823,0.000456441608469,6,6,20,5,4
1995-05,0.0523398636704,0.0507367126322,0.00495440818448,3,4.10017968929,2.99187453292,0.000897562359875,0.0390774641638,0.0378979478231,0.00495440818448,3,4.16339584568,1.57975887462,0.000473927662385,0.0307027893526,0.0296501498691,0.00495440818448,2.23428341145,3.01381734026,1.15683601714,0.000347050805142,-0.0159861558259,-0.0173040370542,0.00495440818448,2.61328772665,3.49625170695,2.04097516654,0.000612292549963,0.0231909264614,0.0219001795636,0.00495440818448,3,2.36623604893,1.95052739806,0.000585158219417,0.0230809089572,0.0217754152811,0.00495440818448,3,2.20929167882,1.99968332607,0.000599904997822,6,6,20,5,4
1995-06,0.0215183753898,0.0200805221547,0.00488334900343,3,4.09078325884,2.44088185568,0.000732264556704,0.0272089626857,0.0262135986461,0.00488334900343,3,4.18243283938,0.96591787063,0.000289775361189,0.0523557279971,0.0513210562264,0.00488334900343,2.21362923548,2.99444301256,1.09694364134,0.000329083092402,0.0551713684205,0.0538675484099,0.00488334900343,2.62737461493,3.52445528453,1.99410444065,0.000598231332194,0.0351023695824,0.0338542557093,0.00488334900343,3,2.62789288806,1.80841731591,0.000542525194772,0.0502360770088,0.0490796337188,0.00488334900343,3,2.60663497644,1.50284870564,0.000450854611693,6,6,20,5,4
1995-07,0.0352099394105,0.0339553542545,0.00478851736509,3,4.09619718038,1.82998825894,0.000548996477683,0.015274795798,0.014233621758,0.00478851736509,3,4.16531961209,1.11861787216,0.000335585361648,-0.0143954078726,-0.0153386030243,0.00478851736509,2.16906965272,2.94140429865,0.792021577892,0.000237606473367,0.000770416581786,-0.000160267122068,0.00478851736509,2.55933543015,3.43888080367,0.750316751723,0.000225095025517,0.0184207822688,0.0175147987714,0.00478851736509,3,2.84229534672,0.667982730501,0.00020039481915,0.00604084828276,0.00498738032789,0.00478851736509,3,2.98135746097,1.15959758843,0.000347879276529,6,6,20,5,4
1995-08,0.017665041262,0.0159324733477,0.00468567186769,3,4.10566400881,3.42326411992,0.00102697923598,0.0271013928023,0.0257648048144,0.00468567186769,3,4.17573022833,2.10333103199,0.000630999309597,-0.0254087874049,-0.0262096343703,0.00468567186769,2.15325410962,2.91688758125,0.317527623579,9.52582870737e-05,-0.0313785060377,-0.0323269433027,0.00468567186769,2.55936297116,3.42484148846,0.809495288794,0.000242848586638,-1.68047086758e-05,-0.00117412671364,0.00468567186769,3,2.92703247632,1.50577775544,0.000451733326632,-0.0212422040102,-0.0223761907321,0.00468567186769,3,3.04381741094,1.42799347855,0.000428398043564,6,6,20,5,4
1995-09,0.0218788205697,0.0202323041466,0.00468567186769,3,4.0805937142,3.13642581573,0.000940927744719,0.0473677476358,0.0462411550803,0.00468567186769,3,4.16330410025,1.40334625748,0.000421003877244,0.0560440109243,0.0549890369202,0.00468567186769,2.12173644735,2.86366770428,1.1646177526,0.000349385325781,0.0403843001592,0.039419685008,0.00468567186769,2.52864775553,3.38516875135,0.863421576143,0.000259026472843,0.0366628944924,0.035432502997,0.00468567186769,3,3.08863079561,1.74934272358,0.000524802817075,0.0472420800124,0.0460152394703,0.00468567186769,3,2.90283387803,1.73750621273,0.000521251863819,6,6,20,5,4
1995-10,-0.00823240349492,-0.0103342561395,0.00465400378732,3,4.15395835128,4.65421322074,0.00139626396622,0.0343443928316,0.0334366634914,0.00465400378732,3,4.24387084268,0.673802206257,0.000202140661877,0.0294068385921,0.0285616161362,0.00465400378732,2.09099000408,2.88856328364,0.465445925172,0.000139633777552,0.0373781852327,0.0366080980003,0.00465400378732,2.47735366647,3.38072763665,0.214995180003,6.4498554001e-05,0.022901293123,0.0216914785938,0.00465400378732,3,2.32517301529,1.68075283637,0.00050422585091,0.0242328657656,0.023077686079,0.00465400378732,3,2.26944595036,1.49863669392,0.000449591008175,6,6,20,5,4
1995-11,-0.0190459013059,-0.0210594352968,0.00470150179127,3,4.3368877568,4.35981770849,0.00130794531255,-0.00871502734893,-0.0099571108275,0.00470150179127,3,4.41903341333,1.78831600076,0.000536494800227,0.0282496080842,0.0274250343395,0.00470150179127,2.21319560594,3.18588357143,0.396616888116,0.000118985066435,0.0169522707313,0.0158227034086,0.00470150179127,2.59509225869,3.69924153078,1.41326214789,0.000423978644367,-0.00234765615691,-0.00369925197328,0.00470150179127,3,3.54566417478,2.1533571268,0.00064600713804,0.0124016180886,0.0111102703883,0.00470150179127,3,3.46442813531,1.95253007303,0.00058575902191,6,6,20,5,4
1995-12,0.0303018782894,0.028220808317,0.00466192183687,3,4.35889261574,4.58493764684,0.00137548129405,0.0697659911139,0.068049131877,0.00466192183687,3,4.48234211932,3.37090186174,0.00101127055852,0.0348727872598,0.0340794084347,0.00466192183687,2.20668111237,3.19390576922,0.292633822702,8.77901468106e-05,0.039148369803,0.0382142741266,0.00466192183687,2.59328457656,3.73035308215,0.761689993639,0.000228506998092,0.0488885076333,0.047374742679,0.00466192183687,3,2.99461955132,2.69392091997,0.000808176275991,0.0399832734104,0.0387783889146,0.00466192183687,3,2.9672980946,1.66431939163,0.000499295817488,6,6,20,5,4
1996-01,0.0158487730201,0.0138225466662,0.00456685990481,3,4.37200277877,4.4021255853,0.00132063767559,0.041260495601,0.0401043341702,0.00456685990481,2.98032467455,4.48898295996,1.50190917498,0.000450572752494,0.025638651965,0.0248506387436,0.00456685990481,2.20265968462,3.18887412132,0.274748476616,8.24245429848e-05,0.0150793840603,0.0142499674883,0.00456685990481,2.57512151288,3.7117144302,0.412759645491,0.000123827893647,0.02505847025,0.023823949892,0.00456685990481,3,2.79086957215,1.7631055989,0.00052893167967,0.0222139776676,0.0210021954685,0.00456685990481,3,2.78760393753,1.68731173576,0.000506193520729,6,6,20,5,4
1996-02,0.0346121682195,0.0329116891195,0.00438438080939,3,4.342507542,3.31630140583,0.000994890421748,0.0137467809045,0.0127733155548,0.00438438080939,2.94522569716,4.40457703333,0.89292223807,0.000267876671421,0.0289784941856,0.0278201078914,0.00438438080939,2.19637111806,3.14712980732,1.50932538635,0.000452797615906,0.0190490588372,0.0182598612109,0.00438438080939,2.58898081084,3.71193582987,0.278696493133,8.36089479399e-05,0.0245335267256,0.0234024922754,0.00438438080939,3,3.13526750183,1.41815257281,0.000425445771844,0.0335075730786,0.0322749852574,0.00438438080939,3,2.97946982205,1.75666380938,0.000526999142814,6,6,20,5,4
1996-03,-0.0253116834599,-0.0272589299175,0.00419357822338,3,4.44030652197,4.13885926399,0.0012416577792,0.00208031008026,0.000639026113404,0.00419357822338,2.94747478161,4.4982041461,2.45231762839,0.000735695288516,0.00351590327439,0.00258186888571,0.00419357822338,2.21628776239,3.25483214157,0.761485701158,0.000228445710347,0.0153910241638,0.0144302812323,0.00419357822338,2.63498448685,3.85760480342,0.850514176957,0.000255154253087,-0.00203077491786,-0.00344896198353,0.00419357822338,3,2.84267581589,2.37532795775,0.000712598387324,-0.000934562194613,-0.00218658248065,0.00419357822338,3,2.75969765585,1.82143869233,0.000546431607698,6,6,20,5,4
1996-04,-0.00954403055652,-0.0116317357349,0.0043049281854,3,4.48031630697,4.60705500023,0.00138211650007,0.00945359883421,0.00819354768585,0.0043049281854,2.94520872947,4.50851402996,1.84820823343,0.000554462470028,0.028584621415,0.0277178098824,0.0043049281854,2.23567909226,3.306040905,0.53740951425,0.000161222854275,0.0402468778047,0.0393648603736,0.0043049281854,2.64500084547,3.90904328284,0.588095842591,0.000176428752777,0.0139544773473,0.0125532675601,0.0043049281854,3,3.07785557722,2.31873702949,0.000695621108848,0.0233217711869,0.02207592941,0.0043049281854,3,2.88795992362,1.80084366198,0.000540253098594,6,6,20,5,4
1996-05,0.00785187221042,0.00614064795954,0.00436055228096,3,4.54323619009,3.35211857514,0.00100563557254,0.00847305753714,0.00693323845354,0.00436055228096,2.97222667059,4.53795869141,2.78076801755,0.000834230405266,0.0130547212885,0.0120036402954,0.00436055228096,2.27873043605,3.37999120306,1.15164104938,0.000345492314814,0.0075264379458,0.00673165460226,0.00436055228096,2.65579659731,3.95067237506,0.297315550675,8.91946652024e-05,0.00677203103736,0.00548445425193,0.00436055228096,3,2.97796561845,1.93996035697,0.000581988107091,0.01002974568,0.00885548169599,0.00436055228096,3,2.62451243546,1.56225101893,0.000468675305678,6,6,20,5,4
1996-06,-0.0200085544611,-0.0222473177603,0.00436055228096,3,4.54174702614,5.11058206963,0.00153317462089,-0.0105273225403,-0.0121677555312,0.00436055228096,3,4.57407870928,3.11614770837,0.000934844312512,0.00139267685291,0.000394705063546,0.00436055228096,2.29209239613,3.40903949501,0.974610370075,0.000292383111023,-0.00224239241793,-0.00308431792639,0.00436055228096,2.65774922459,3.9562466022,0.454456100388,0.000136336830116,-0.0119496209229,-0.0135044533795,0.00436055228096,3,2.91608547252,2.83081259423,0.000849243778269,-0.00863612165999,-0.009992459202,0.00436055228096,3,2.89465373045,2.16916287891,0.000650748863673,6,6,20,5,4
1996-07,-0.0443153462774,-0.0462480599534,0.00443995653809,3,4.61421888284,4.09041665874,0.00122712499762,-0.0370883225367,-0.0383225991221,0.00443995653809,2.97991692435,4.60850910863,1.76229302364,0.000528687907091,-0.0200144101355,-0.0210632031335,0.00443995653809,2.30097997963,3.47433307676,1.14401439888,0.000343204319663,-0.0192523383567,-0.0201693958684,0.00443995653809,2.71450500966,4.08304420521,0.704896111072,0.000211468833322,-0.0319155147553,-0.0330708349756,0.00443995653809,3,2.67386825116,1.49910514007,0.00044973154202,-0.0285612378194,-0.0298480591389,0.00443995653809,3,2.65164171246,1.93744213701,0.000581232641104,6,6,20,5,4
1996-08,-0.0407602621331,-0.0430919979406,0.00449549846226,3,4.5369484935,5.42049043063,0.00162614712919,-0.0230182856376,-0.0245982262072,0.00449549846226,2.91219599304,4.48573239945,2.9145063042,0.000874351891261,0.00771127390293,0.00683261365478,0.00449549846226,2.27386372792,3.43856595734,0.576905232711,0.000173071569813,0.0250690365214,0.0238447853611,0.00449549846226,2.68069907427,4.04871833781,1.72887494001,0.000518662482004,-0.0125779044041,-0.0141483690039,0.00449549846226,3,2.65638194221,2.88291973826,0.000864875921478,-0.00274571565784,-0.00414685636887,0.00449549846226,3,2.56980699684,2.31850677565,0.000695552032694,6,6,20,5,4
1996-09,0.0113185881382,0.00906006074078,0.0043923222705,3,4.67694006954,5.17646239692,0.00155293871908,-0.0179117808233,-0.019291494679,0.0043923222705,2.86288129303,4.4547132349,2.24708392454,0.000674125177363,0.0100211806936,0.00879988008727,0.0043923222705,2.27690849689,3.48935372764,1.71903975992,0.000515711927976,0.0150266961444,0.0140739485497,0.0043923222705,2.75758221486,4.2251177449,0.823863054745,0.000247158916423,0.00231933416288,0.000871281780361,0.0043923222705,3,2.6803512111,2.47487901394,0.000742463704182,0.0122274839121,0.0107573354681,0.0043923222705,3,2.9547250215,2.54853255208,0.000764559765623,6,6,20,5,4
1996-10,0.0945932657114,0.0928058182302,0.004479632788,3,4.7515162715,3.60619600947,0.00108185880284,0.0673786149223,0.0656339000595,0.004479632788,2.84571214799,4.4978998311,3.46375394812,0.00103912618444,0.0550543378844,0.0535707561105,0.004479632788,2.29909678467,3.57665979122,2.59331031882,0.000777993095645,0.0397431857855,0.0386266195268,0.004479632788,2.75651359819,4.29174749967,1.36992526817,0.00041097758045,0.067384308763,0.0658918859314,0.004479632788,3,2.85613668795,2.62278051085,0.000786834153254,0.0641734262781,0.0626496873974,0.004479632788,3,3.27945373414,2.72716734145,0.000818150202435,6,6,20,5,4
1996-11,0.0512388315313,0.0499611475472,0.00440026304097,2.79840715341,4.35990259531,1.90698435246,0.000572095305737,0.0563991657837,0.0552153175737,0.00440026304097,2.69328582954,4.20126058785,1.59419843892,0.000478259531677,0.0413573556462,0.0402463192309,0.00440026304097,2.23894615431,3.46899212326,1.35149245657,0.000405447736971,0.0493192603151,0.0482204084145,0.00440026304097,2.73797953364,4.22220590065,1.31087740766,0.000393263222298,0.0536429168658,0.0525202969754,0.00440026304097,3,3.67793269234,1.39010404005,0.000417031212016,0.0488714450456,0.0477062643783,0.00440026304097,3,3.71968218319,1.53197329647,0.000459591988942,6,6,20,5,4
1996-12,0.0348214053416,0.0333951361094,0.00437643865752,2.72469163127,4.22152413699,2.40226851288,0.000720680553864,0.0141255615761,0.0131962286771,0.00437643865752,2.59649647556,4.01927619643,0.745814069068,0.00022374422072,0.0173080315044,0.0163830579842,0.00437643865752,2.2109265298,3.40262839871,0.731282806321,0.000219384841896,0.0216762846128,0.0204860040104,0.00437643865752,2.66780013588,4.07959901326,1.61563974693,0.00048469192408,0.0256504018624,0.0246798723964,0.00437643865752,3,3.78647732766,0.88313595893,0.000264940787679,0.0285676987171,0.0275334320188,0.00437643865752,3,3.82113200447,1.09559339986,0.000328678019958,6,6,20,5,4
1997-01,0.024608172861,0.0232204939788,0.00442408120978,2.77628723724,4.33172953703,2.27363401304,0.000682090203913,0.00422339990983,0.00318115925717,0.00442408120978,2.59646104437,3.97842847646,1.12217324777,0.00033665197433,-0.00568896890773,-0.00674931064182,0.00442408120978,2.21091554116,3.3989490812,1.18251018584,0.000354753055751,0.00108939167873,6.17369379891e-05,0.00442408120978,2.66207979297,4.09249208821,1.07355354134,0.000322066062402,0.00995383839941,0.00877998970225,0.00442408120978,3,3.57265020099,1.5608667294,0.00046826001882,0.00557539572593,0.00437604586212,0.00442408120978,3,3.54697407516,1.64587061825,0.000493761185476,6,6,20,5,4
1997-02,-0.0109243656799,-0.0130479875012,0.00441614251048,2.81331077981,4.32771481314,4.72677714315,0.00141803314295,0.0333055199842,0.0322539699032,0.00441614251048,2.59811754837,3.88759006937,1.15320467549,0.000345961402647,0.0222406680983,0.0210213187465,0.00441614251048,2.2011032881,3.2911858935,1.71253557828,0.000513760673483,0.0507798966506,0.0496415325015,0.00441614251048,2.75665382621,4.14481015631,1.44258490246,0.000432775470739,0.02476084708,0.0233148000686,0.00441614251048,3,2.89919982398,2.46819444327,0.00074045833298,0.0199064070988,0.0183837858,0.00441614251048,3,3.1702325938,2.72344206806,0.000817032620419,6,6,20,5,4
1997-03,0.0147917530454,0.0128788768391,0.00436849581475,2.79375391483,4.34111627217,4.02429175982,0.00120728752795,-0.0204325550935,-0.0213806022706,0.00436849581475,2.66392035558,4.00494217958,0.808194995786,0.000242458498736,-0.0313784615492,-0.0323663447112,0.00436849581475,2.32472370021,3.48105258466,0.940981612208,0.000282294483662,-0.000928909847615,-0.00196255138941,0.00436849581475,2.72621854967,4.11169321245,1.09350954485,0.000328052863454,-0.00261966793867,-0.00393724572968,0.00436849581475,3,3.17635811927,2.03996370892,0.000611989112676,-0.00839035828497,-0.00973589741499,0.00436849581475,3,3.18258611493,2.13316817228,0.000639950451685,6,6,20,5,4
1997-04,-0.0194111066469,-0.0212920295687,0.00449549846226,2.9891595766,4.79341670559,3.9177808116,0.00117533424348,0.0235301078494,0.0222975987378,0.00449549846226,2.80099665504,4.32992090483,1.75640144431,0.000526920433292,0.00765283250366,0.00677744809525,0.00449549846226,2.46991938485,3.87292668096,0.565985766928,0.000169795730079,0.0262144919643,0.0253366916608,0.00449549846226,2.88521161488,4.51637616428,0.574038750665,0.000172211625199,0.0125750310137,0.0114565419478,0.00449549846226,3,3.32539134584,1.3763346254,0.00041290038762,0.00718681296058,0.00599660986389,0.00449549846226,3,3.64419169069,1.61538139451,0.000484614418354,6,6,20,5,4
1997-05,-0.0760019742128,-0.0784357634111,0.00463816562854,2.95404726642,4.82811377766,5.76066839996,0.00172820051999,-0.00284666313251,-0.00416065420477,0.00463816562854,2.8349074574,4.42233908944,2.02800797974,0.000608402393921,0.0384436344046,0.0374362059277,0.00463816562854,2.48117651204,3.92885027215,1.00613266199,0.000301839798597,0.0318815253603,0.031040221186,0.00463816562854,3,4.7769792406,0.452384986565,0.000135715495969,-0.0162086124302,-0.0174434134677,0.00463816562854,3,3.03407064815,1.7640411972,0.000529212359161,-0.000124179286943,-0.00151355170036,0.00463816562854,3,2.80648379232,2.27927911692,0.000683783735075,6,6,20,5,4
1997-06,-0.0272445314595,-0.0294573531524,0.00463024551906,2.63668964773,4.1633251955,5.02411004861,0.00150723301458,-0.00587309981988,-0.00741340357434,0.00463024551906,2.82482519887,4.30112031786,2.78238358707,0.000834715076121,0.0275961294753,0.026351177597,0.00463024551906,2.49791831656,3.82094538447,1.79787733294,0.000539363199882,0.068965594941,0.0679491204491,0.00463024551906,3,4.63515246436,1.03628604522,0.000310885813565,0.0107631424442,0.00918739110316,0.00463024551906,3,2.9881162703,2.90054220901,0.000870162662704,0.0238532876191,0.0223618850616,0.00463024551906,3,2.8983964848,2.61937959724,0.000785813879172,6,6,20,5,4
1997-07,0.0575845749316,0.0552480444456,0.00459855821104,2.58444421019,4.17035030594,5.43647269222,0.00163094180766,0.0242393517091,0.0225611697308,0.00459855821104,2.83272059908,4.41528925847,3.24197766662,0.000972593299986,0.0525080294247,0.0513539817081,0.00459855821104,2.62439237006,4.11197834482,1.49486346084,0.000448459038252,0.0913752833499,0.0903878287921,0.00459855821104,2.97375056763,4.70203056418,0.939552931332,0.0002818658794,0.0605836525202,0.0588483799195,0.00459855821104,3,3.40889910103,3.43227974107,0.00102968392232,0.0712757802064,0.0697955873344,0.00459855821104,3,3.42631267931,2.58201397878,0.000774604193635,6,6,20,5,4
1997-08,0.0017148721443,0.000356135119878,0.00455100662487,2.52049459364,4.00805122878,2.17716115362,0.000653148346087,-0.0216529951914,-0.0233012702673,0.00455100662487,2.83839917241,4.31567678526,3.14228799185,0.000942686397556,-0.00295215992265,-0.00436285940745,0.00455100662487,2.5711988555,3.95968427274,2.35036935485,0.000705110806456,0.0047670893797,0.00389709033608,0.00455100662487,2.7489233952,4.33109175406,0.548034550939,0.000164410365282,-0.00638994463433,-0.00771146503773,0.00455100662487,3,3.80593628811,2.05310575022,0.000615931725066,0.000450477387055,-0.000596522417191,0.00455100662487,3,3.98556118943,1.13803708636,0.000341411125909,6,6,20,5,4
1997-09,0.0341633823809,0.0328976085512,0.00455100662487,2.52051888949,4.00774775869,1.86728383784,0.000560185151352,0.0179165481717,0.0166683506859,0.00455100662487,2.82669203338,4.29246118952,1.8086960252,0.00054260880756,0.0156458960318,0.0145125508811,0.00455100662487,2.5859413512,3.97798202967,1.42585490777,0.000427756472331,0.0293455100059,0.0286199297159,0.00455100662487,2.74225841862,4.32696208976,0.0666387054841,1.99916116452e-05,0.0306011320309,0.0294652224709,0.00455100662487,3,3.71735921673,1.43440293885,0.000430320881654,0.0298635228627,0.0287469424756,0.00455100662487,3,3.86638388508,1.3699723625,0.000410991708751,6,6,20,5,4
1997-10,0.00771471263687,0.00597373035701,0.00455100662487,2.54011783506,4.08019783566,3.45131200508,0.00103539360152,0.0150765533269,0.013826454889,0.00455100662487,2.84717649849,4.40197095786,1.81503253188,0.000544509759565,0.00190195456378,0.000898795485361,0.00455100662487,2.58758826614,4.0585076905,0.991901333618,0.000297570400085,0.0280341350182,0.0272617659221,0.00455100662487,2.75265434845,4.39914614572,0.222601392641,6.67804177924e-05,0.018746306296,0.0174430613558,0.00455100662487,3,2.89481239149,1.99218753941,0.000597656261822,0.0132001309311,0.0119759321744,0.00455100662487,3,2.85987407434,1.72870026096,0.000518610078289,6,6,20,5,4
1997-11,0.0188326447593,0.0166958657191,0.00459063466587,2.54317358669,4.0326570827,4.77063453955,0.00143119036186,0.0128100412397,0.011652512528,0.00459063466587,2.85989744777,4.38659101752,1.50646677812,0.000451940033436,-0.0154025014631,-0.0166185513825,0.00459063466587,2.57823829138,4.03785604108,1.70153747015,0.000510461241046,0.029592857654,0.028848203612,0.00459063466587,2.74945347106,4.37396989706,0.130217878711,3.90653636132e-05,0.0228426728942,0.0214878068411,0.00459063466587,3,3.86493395251,2.16425791602,0.000649277374807,0.0136367922717,0.0121533760026,0.00459063466587,3,4.04550466313,2.59275863563,0.000777827590688,6,6,20,5,4
1997-12,0.0384887773667,0.0372214967043,0.00466192183687,2.54286606238,3.86067198817,1.87230661371,0.000561691984114,0.0153980476524,0.0142590974639,0.00466192183687,2.91496245975,4.45678680225,1.44453836719,0.000433361510158,0.0477368833003,0.0466302511575,0.00466192183687,2.59115227223,4.07357530659,1.33681154828,0.000401043464484,0.0715928644176,0.0706994763116,0.00466192183687,2.74575528519,4.29306485864,0.625998092093,0.000187799427628,0.0447941093032,0.0436597531953,0.00466192183687,3,3.67827436934,1.42922476517,0.000428767429551,0.058236758678,0.0571158170739,0.00466192183687,3,3.97858318644,1.38450975256,0.000415352925767,6,6,20,5,4
1998-01,0.0218883771517,0.0205152119555,0.00470941572434,2.51259798939,3.86617441538,2.22525505949,0.000667576517846,0.0226600310407,0.0214410342074,0.00470941572434,2.91888121537,4.45400303589,1.71136051647,0.000513408154941,0.043537478511,0.0424221009147,0.00470941572434,2.61106551017,4.09709258133,1.36596305964,0.000409788917893,0.0364627939787,0.0354574584431,0.00470941572434,2.63355577729,4.14905346288,0.999156190875,0.000299746857262,0.0331381655615,0.0318862400608,0.00470941572434,3,3.70237538731,1.82112274149,0.000546336822448,0.0422926130814,0.041077671507,0.00470941572434,3,3.9326972236,1.6978429869,0.000509352896069,6,6,20,5,4
1998-02,0.0282464590467,0.026625562092,0.00450343026581,2.50962704615,3.82546628355,3.05102758809,0.000915308276428,0.0184767042066,0.0175172629162,0.00450343026581,2.91536430953,4.36251983712,0.846175373655,0.000253852612097,0.0311584068828,0.030090681005,0.00450343026581,2.60789900249,4.02029008791,1.20712399828,0.000362137199485,0.0304001981755,0.0294676921062,0.00450343026581,2.62188676512,4.05215393128,0.756391303394,0.000226917391018,0.0276348603718,0.0265042273302,0.00450343026581,3,3.53479333853,1.41681454413,0.00042504436324,0.0314918240048,0.0302251377609,0.00450343026581,3,3.60634627531,1.8703252184,0.000561097565521,6,6,20,5,4
1998-03,-0.011417772723,-0.0133314533706,0.00450343026581,2.51623537748,3.72746233004,4.02697323096,0.00120809196929,-0.0215490876865,-0.0226050020566,0.00450343026581,3,4.41614660843,1.16775230571,0.000350325691713,0.0256088635318,0.024605654144,0.00450343026581,2.75115154001,4.16397018114,0.992069031476,0.000297620709443,0.0388201612731,0.0380069110305,0.00450343026581,2.78265170412,4.25999089025,0.358871880757,0.000107661564227,-0.00010237140819,-0.00139389666267,0.00450343026581,3,3.25788739852,1.95312192047,0.000585936576142,0.0154040602694,0.014159737279,0.00450343026581,3,3.43595053003,1.79578104029,0.000538734312087,6,6,20,5,4
1998-04,0.0085398813386,0.00689039677025,0.0045351505924,2.55317233502,3.88142614499,3.14631963337,0.00094389589001,0.00569380137073,0.00387890629565,0.0045351505924,3,4.50538407637,3.69768798914,0.00110930639674,0.00985441992303,0.00891813665014,0.0045351505924,2.8598799733,4.4232598068,0.768981981842,0.000230694594552,0.020027920691,0.0191907422963,0.0045351505924,2.77650833928,4.34584635896,0.438632387756,0.000131589716327,0.0107461735074,0.00926344020389,0.0045351505924,3,3.12612268942,2.59048208381,0.000777144625143,0.0124097643217,0.011217429012,0.0045351505924,3,3.19861022139,1.62248877107,0.000486746631322,6,6,20,5,4
1998-05,0.0343073836766,0.0320516824887,0.0045351505924,2.55306342689,4.01324942205,5.16704169864,0.00155011250959,-0.00186196029497,-0.0031306842987,0.0045351505924,3,4.59369698631,1.87711775132,0.000563135325397,0.0525799579486,0.0517913045755,0.0045351505924,2.88509143335,4.5616192615,0.276882315829,8.30646947488e-05,0.0539608069294,0.0530989286042,0.0045351505924,3,4.81857307498,0.52096548967,0.000156289646901,0.031627556076,0.0302057122392,0.0045351505924,3,2.96870619562,2.38751719488,0.000716255158463,0.0497474100673,0.0483863547086,0.0045351505924,3,3.52919023697,2.18488893453,0.000655466680359,6,6,20,5,4
1998-06,0.0151013176958,0.0138882030758,0.00454307895277,2.5804626392,4.10616859216,1.69175313891,0.000507525941674,0.0253015617624,0.0236094874185,0.00454307895277,3,4.59005657884,3.28828555195,0.000986485665585,0.0559711338281,0.0549199018552,0.00454307895277,2.85212912064,4.51473737186,1.15214431522,0.000345643294567,0.0584543055922,0.0576339310036,0.00454307895277,3,4.87025249871,0.38261970077,0.000114785910231,0.0348802573466,0.0337574991185,0.00454307895277,3,3.7008716257,1.39056516593,0.000417169549778,0.0457636399268,0.0447331925033,0.00454307895277,3,3.90988936018,1.08286248381,0.000324858745144,6,6,20,5,4
1998-07,0.0185509380349,0.016562750434,0.00455100662487,2.58277478636,4.14713736545,4.27532974208,0.00128259892263,0.0101503241412,0.0090868048131,0.00455100662487,3,4.66232284735,1.1931021658,0.000357930649741,0.0303382136413,0.0293110833602,0.00455100662487,2.88945628293,4.67706341525,1.0718053424,0.000321541602719,0.022050547449,0.0212658650738,0.00455100662487,3,4.92638493753,0.263645656241,7.90936968724e-05,0.0182011382231,0.0168862708283,0.00455100662487,3,3.55180938245,2.03092905486,0.000609278716458,0.0257072095428,0.0244240190903,0.00455100662487,3,3.95333016478,1.92533924735,0.000577601774206,6,6,20,5,4
1998-08,0.107050293399,0.10528504748,0.00454307895277,2.59886451496,4.1500728698,3.53219080095,0.00105965724029,0.100577637062,0.0991771938029,0.00454307895277,3,4.63556024328,2.31618193455,0.000694854580366,0.0701718899756,0.0691930314407,0.00454307895277,2.98519981815,4.80924815238,0.910899521973,0.000273269856592,0.0639485476942,0.0632121170287,0.00454307895277,3,4.92457339333,0.102806623741,3.08419871223e-05,0.0970993472374,0.0957898291558,0.00454307895277,3,3.90862737582,2.0130980106,0.000603929403181,0.0893973972356,0.0881775075261,0.00454307895277,3,3.94831878301,1.7143367706,0.000514301031181,6,6,20,5,4
1998-09,-0.0290376606814,-0.0311489112408,0.0045351505924,2.26755149842,3.60475296301,4.68553960346,0.00140566188104,-0.00538916440479,-0.00698933386062,0.0045351505924,2.9173993612,4.56389828167,2.98193592497,0.000894580777491,-0.00142481065729,-0.00231525618199,0.0045351505924,3,4.85370326175,0.616189487872,0.000184856846362,0.00598259141401,0.00514125823393,0.0045351505924,3,4.93165206211,0.452481672477,0.000135744501743,-0.0154714279194,-0.0170681249057,0.0045351505924,3,3.25433934678,2.97036102674,0.000891108308021,-0.0107099892195,-0.0120403581717,0.0045351505924,3,3.39221391387,2.08260091276,0.000624780273829,6,6,20,5,4
1998-10,0.0300797938805,0.0281683440489,0.00440026304097,2.21138518665,3.47578691565,4.01953717755,0.00120586115327,-0.0353761147774,-0.0363911718622,0.00440026304097,2.95067377018,4.49283028276,1.03156135511,0.000309468406532,-0.0520338193302,-0.0532015580671,0.00440026304097,3,4.60698497008,1.54050019503,0.000462150058508,-0.0233945209353,-0.0243347959859,0.00440026304097,3,4.6702895184,0.782287907417,0.000234686372225,-0.00604298396628,-0.0074372736972,0.00440026304097,3,3.36936700961,2.29567017529,0.000688701052587,-0.0106075963986,-0.0120398615539,0.00440026304097,3,3.45282351763,2.42225492331,0.000726676476994,6,6,20,5,4
1998-11,-0.0534223235036,-0.0551305885529,0.00424131626646,2.20502831426,3.36294486845,3.34225456963,0.00100267637089,-0.0884308843363,-0.0896911628795,0.00424131626646,2.86412212622,4.21904170954,1.84896621613,0.000554689864838,-0.0809165795476,-0.0821844033733,0.00424131626646,2.90640047263,4.32497611683,1.87411715797,0.000562235147392,0.00581011990289,0.00482541570559,0.00424131626646,3,4.52124120115,0.930385063209,0.000279115518963,-0.0520228319292,-0.0533958937851,0.00424131626646,3,3.20456137688,2.22491059202,0.000667473177606,-0.0511446809373,-0.0525187954716,0.00424131626646,3,3.15984590567,2.2284195201,0.000668525856031,6,6,20,5,4
1998-12,0.00912518048907,0.00758930519487,0.00426517593034,2.08544274327,3.16979365002,2.76762205288,0.000830286615864,0.0249470164981,0.0236229230677,0.00426517593034,2.49629431346,3.69343135361,2.06168250671,0.000618504752012,0.0412504435347,0.0401826176594,0.00426517593034,2.51241396687,3.73787532112,1.20745732325,0.000362237196974,0.0333581567975,0.0324045911401,0.00426517593034,3,4.49206336332,0.82658993017,0.000247976979051,0.0233100037199,0.0219751171899,0.00426517593034,3,3.30651195969,2.09765950543,0.00062929785163,0.0293994276001,0.0281802794717,0.00426517593034,3,3.18949447463,1.71186483348,0.000513559450045,6,6,20,5,4
1999-01,0.0164174532398,0.0144539188525,0.00418561945533,2.0916814786,3.11600339831,4.19315236331,0.00125794570899,0.00876694333488,0.00746771234041,0.00418561945533,2.59895557937,3.75394596924,1.97880772044,0.000593642316132,-0.0370488133858,-0.037973414064,0.00418561945533,2.50722011558,3.69089075983,0.730039999568,0.00021901199987,-0.0269000683292,-0.0280137452295,0.00418561945533,3,4.43396661117,1.3602940731,0.000408088221931,0.000789935426672,-0.000808626546051,0.00418561945533,3,2.60722914709,2.97657764795,0.000892973294385,-0.0188047064466,-0.0203470848719,0.00418561945533,3,3.10925530108,2.78929915644,0.000836789746933,6,6,20,5,4
1999-02,8.23632252669e-05,-0.00179699447956,0.00398642440128,2.08995078661,3.01198996419,3.91256342164,0.00117376902649,-0.0222990644553,-0.0236159108495,0.00398642440128,2.63763730703,3.78376354396,2.03752571937,0.000611257715811,-0.0248407498543,-0.0260239684805,0.00398642440128,2.40304297093,3.5157914468,1.59209982643,0.000477629947929,-0.0251912607457,-0.0260406259282,0.00398642440128,3,4.39685761646,0.479255014108,0.000143776504232,-0.0185660324007,-0.0200962355199,0.00398642440128,3,2.83546671896,2.74871480281,0.000824614440843,-0.0214705021096,-0.0229375903928,0.00398642440128,3,2.90001294681,2.53833201604,0.000761499604811,6,6,20,5,4
1999-03,0.0148472478815,0.0133954809476,0.00399440055532,2.09778787654,3.00147718284,2.48726085187,0.00074617825556,0.0160385277436,0.0146217440666,0.00399440055532,2.60472508933,3.72268138,2.37064999563,0.00071119499869,0.00598955057895,0.00482936900713,0.00399440055532,2.35790372177,3.41294030342,1.51530964495,0.000454592893484,-0.0204969112352,-0.0215803308647,0.00399440055532,3,4.35598214709,1.25943650379,0.000377830951137,0.00500095021783,0.00352662859987,0.00399440055532,3,2.9615475208,2.56244313206,0.000768732939618,0.000902689093581,-0.000482160204478,0.00399440055532,2.95725333035,2.78345426309,2.26420206574,0.000679260619722,6,6,20,5,4
1999-04,-0.0210729134258,-0.0226432204327,0.00400237601239,2.1186994268,3.07464544158,2.88239442857,0.000864718328572,0.0427098604673,0.0414852615764,0.00400237601239,2.60034582481,3.69569097384,1.73003404198,0.000519010212595,0.0385426722767,0.0376354882536,0.00400237601239,2.35958269378,3.43373456401,0.671984482332,0.000201595344699,-0.0165736139534,-0.0174183290317,0.00400237601239,2.91461113815,4.29715226284,0.463754666444,0.000139126399933,-0.000293299581257,-0.00164055765142,0.00400237601239,3,2.24723233394,2.13889797276,0.000641669391827,0.00102979823656,-0.000150289569704,0.00400237601239,2.96049613689,2.16694120512,1.58166375975,0.000474499127925,6,6,20,5,4
1999-05,0.0283922714349,0.0268874346634,0.00397844755015,2.09487342321,2.96682401463,2.66416031051,0.000799248093153,0.0254047652095,0.0242627264777,0.00397844755015,2.5435394363,3.59079091452,1.45483351159,0.000436450053476,-0.0133430657472,-0.0144889629603,0.00397844755015,2.34428330399,3.39185644215,1.4676951158,0.000440308534741,-0.0460915595239,-0.0470966441172,0.00397844755015,2.85471645066,4.18435877441,0.998319716614,0.000299495914984,0.00775234766679,0.00643977679298,0.00397844755015,3,2.52776275289,2.02327398492,0.000606982195475,-0.00851528303473,-0.00987925097341,0.00397844755015,2.95140404931,2.49897910833,2.19459753445,0.000658379260336,6,6,20,5,4
1999-06,-0.0322194160671,-0.0339659210159,0.00401035077263,2.08118885141,2.9003598276,3.46972090149,0.00104091627045,0.0158250917677,0.0147065511326,0.00401035077263,2.52877005379,3.52298987352,1.37650652272,0.000412951956817,0.0324282680317,0.0314808454939,0.00401035077263,2.31874366364,3.31008937745,0.80611286508,0.000241833859524,0.014452497495,0.01359623075,0.00401035077263,2.66204997284,3.81526132943,0.502260222209,0.000150678066663,-0.00567897637384,-0.00707141828168,0.00401035077263,3,2.56090960435,2.28951076501,0.000686853229504,0.000871700939199,-0.000349504081948,0.00401035077263,2.92467485595,2.67043357159,1.7187211427,0.000515616342809,6,6,20,5,4
1999-07,0.0194456785519,0.0178988414962,0.00417765999336,2.03980669282,2.77207625282,2.80416125776,0.000841248377329,0.033263694109,0.0322106796925,0.00417765999336,2.5367488912,3.46695028904,1.15808579392,0.000347425738176,0.0216990224724,0.0206776425983,0.00417765999336,2.30763801072,3.18031092638,1.05263731915,0.000315791195746,0.0308313555331,0.02991026363,0.00417765999336,2.68444003193,3.75363574909,0.71834408264,0.000215503224792,0.0286234586682,0.0272708728845,0.00417765999336,3,2.59806325979,2.15665701768,0.000646997105303,0.0247398819997,0.0233989704989,0.00417765999336,2.94300516831,2.40247957663,2.11774274166,0.000635322822497,6,6,20,5,4
1999-08,0.00610256864726,0.00452385996377,0.00426517593034,2.0879988432,2.85584139734,2.91040001717,0.000873120005151,0.00852850287317,0.00707998067839,0.00426517593034,2.58123430918,3.59105544266,2.47644505481,0.000742933516443,0.0129215375559,0.0119974110568,0.00426517593034,2.3506120774,3.25426064987,0.728459402444,0.000218537820733,0.00615839718171,0.00481357779531,0.00426517593034,2.75918280368,3.83082005849,2.13076902689,0.000639230708067,0.00921224541394,0.0077280938338,0.00426517593034,3,2.769015266,2.59520967267,0.000778562901802,0.0113028189952,0.00988330060621,0.00426517593034,3,2.45638336533,2.37976570221,0.000713929710662,6,6,20,5,4
1999-09,0.0112303000152,0.00958825703219,0.00440026304097,2.1395712507,2.92121220881,3.12151434879,0.000936454304637,0.0106413835311,0.00946133630436,0.00440026304097,2.62273411471,3.6541267945,1.58152849476,0.000474458548429,0.0338563142042,0.0327646704345,0.00440026304097,2.35232916362,3.26999617128,1.28685030462,0.000386055091385,-0.0134020849324,-0.014318673833,0.00440026304097,2.74713354421,3.7939027706,0.703334074188,0.000211000222256,0.00417264250069,0.00279076502724,0.00440026304097,3,2.34158560517,2.25429598371,0.000676288795112,0.0145561339987,0.0132965800105,0.00440026304097,3,2.52985175074,1.84655103282,0.000553965309847,6,6,20,5,4
1999-10,0.0281447180102,0.0264586089273,0.00447169891704,2.13970336557,2.90230443101,3.26840134856,0.000980520404568,0.0173207875931,0.0160749306412,0.00447169891704,2.65674481652,3.66727156447,1.80089424522,0.000540268273567,0.00914472149471,0.00831969792706,0.00447169891704,2.33882034173,3.22576089896,0.398116297688,0.000119434889306,-0.00155526125882,-0.00267265877316,0.00447169891704,2.69283206546,3.69442175522,1.37269612,0.000411808835999,0.0204361701054,0.0189285631584,0.00447169891704,3,2.94445733039,2.67339422868,0.000802018268605,0.0180813653875,0.0167943990088,0.00447169891704,3,2.9075252061,1.93792566791,0.000581377700372,6,6,20,5,4
1999-11,0.0166769440284,0.0148656923177,0.00497019161052,2.26037188858,3.08885774803,3.68554344126,0.00110566303238,-0.0121255551415,-0.0134633785535,0.00497019161052,2.78575962744,3.90642006967,2.10744911236,0.000632234733708,0.00514011756152,0.00408044777677,0.00497019161052,2.40881923815,3.33124838295,1.18027035472,0.000354081106417,0.0335755566933,0.0325423974882,0.00497019161052,2.68546594723,3.70249427412,1.09190175584,0.000327570526751,0.0136498248467,0.0121583915409,0.00497019161052,3,2.42771926841,2.61948209172,0.000785844627515,0.0200792717435,0.0186290311206,0.00497019161052,3,2.50706391146,2.48217314842,0.000744651944526,6,6,20,5,4
1999-12,-0.0120435536688,-0.0135321344511,0.00486755056534,2.29963716652,3.19993264404,2.6099736798,0.000782992103939,0.0044485216354,0.00308405166212,0.00486755056534,2.87664611592,4.11835687707,2.19627098315,0.000658881294946,-0.00352362805391,-0.00474752993573,0.00486755056534,2.44474410164,3.43494494996,1.72771067826,0.000518313203478,0.0507585389671,0.049893226411,0.00486755056534,2.71552026953,3.74170296241,0.532412925953,0.000159723877786,0.015195207408,0.0139159535995,0.00486755056534,3,3.10346228117,1.91221710025,0.000573665130076,0.0115042290361,0.010200935713,0.00486755056534,3,3.21130536292,1.99234881584,0.000597704644751,6,6,20,5,4
2000-01,-0.0199354790417,-0.0219725833446,0.00490704153896,2.29814769885,3.18803523014,4.43838541525,0.00133151562457,0.0100350891191,0.00871130813353,0.00490704153896,2.87746601626,4.10541959545,2.06064102406,0.000618192307217,0.0323872319498,0.0312745873874,0.00490704153896,2.43456974398,3.4055932439,1.35685294697,0.00040705588409,0.0302956495277,0.0294097715132,0.00490704153896,2.67471546698,3.67636331066,0.600964454051,0.000180289336215,0.00437166171788,0.00283665736306,0.00490704153896,3,2.67778338815,2.7647189216,0.000829415676481,0.0147088356433,0.0132018568751,0.00490704153896,3,2.65058794888,2.67130029965,0.000801390089895,6,6,20,5,4
2000-02,-0.00208266834677,-0.00399947497522,0.00482804251254,2.27345953257,3.08262869835,4.03739316702,0.00121121795011,0.0268817252455,0.0257018497291,0.00482804251254,2.87846660118,4.12133109613,1.58095612681,0.000474286838042,0.0110860905806,0.0100649926292,0.00482804251254,2.43587968921,3.41084063024,1.05169757688,0.000315509273065,-0.0060129805027,-0.00677803813181,0.00482804251254,2.68858641397,3.70628932638,0.198229835932,5.94689507795e-05,0.00311253811568,0.00173126305804,0.00482804251254,3,2.6722022465,2.25228793101,0.000675686379302,-0.00242360932757,-0.00380340110394,0.00482804251254,3,2.9385366654,2.24734366011,0.000674203098033,6,6,20,5,4
2000-03,-0.0318721133294,-0.0334223606806,0.00487545012591,2.27890373872,3.10439547561,2.81552890951,0.000844658672852,0.00250798347102,0.00166650934808,0.00487545012591,2.90087106982,4.21315058679,0.452951482018,0.000135885444605,-0.0174798574248,-0.018573214913,0.00487545012591,2.44042132896,3.44579560141,1.29256269961,0.000387768809883,0.00309164894835,0.00212778575861,0.00487545012591,2.69475599656,3.73325934183,0.86091503801,0.000258274511403,-0.0143146719265,-0.0154916493169,0.00487545012591,3,3.49587471026,1.5712957068,0.00047138871204,-0.0225920422347,-0.0239281452958,0.00487545012591,3,3.64707647031,2.10171460949,0.000630514382848,6,6,20,5,4
2000-04,0.0203719064639,0.0186371290086,0.00497808230113,2.22253157774,3.0381816734,3.43062925648,0.00102918877694,0.00722358799237,0.00580526824893,0.00497808230113,2.94873413315,4.24974012096,2.37577021703,0.000712731065109,-0.0303356297222,-0.0312809285511,0.00497808230113,2.49093833872,3.52460717502,0.79903383526,0.000239710150578,-0.0248235626267,-0.025659791443,0.00497808230113,2.70072331169,3.75735670581,0.435467126369,0.000130640137911,0.00301317003297,0.00168155969606,0.00497808230113,3,2.36729634948,2.08673886191,0.000626021658573,-0.0125189688027,-0.0138450084697,0.00497808230113,3,2.46830278807,2.06816996232,0.000620450988695,6,6,20,5,4
2000-05,-0.00374402510961,-0.00496383279182,0.00508848047427,2.23153419491,3.03078285598,1.71406334623,0.00051421900387,0.0136401641593,0.0120308403659,0.00508848047427,2.96026180246,4.22195180869,3.01245038357,0.000903735115072,0.0238518756399,0.0226193112738,0.00508848047427,2.41361652602,3.42097927466,1.75658562593,0.000526975687779,0.0388427120702,0.0378849194754,0.00508848047427,2.61564456552,3.62043876617,0.840679721529,0.000252203916459,0.0169333845577,0.0156871283145,0.00508848047427,3,2.67272315799,1.80222521638,0.000540667564913,0.0213826535432,0.0201550010897,0.00508848047427,3,2.89771719479,1.74021258379,0.000522063775136,6,6,20,5,4
2000-06,0.000845397244199,-0.000546873785973,0.00542672902525,2.40083117256,3.32040818319,2.28894117278,0.000686682351835,-0.0153877255991,-0.0166505880687,0.00542672902525,2.96743891311,4.25168463793,1.85757930438,0.000557273791315,-0.0136072590304,-0.0148686618815,0.00542672902525,2.43470942561,3.46765049686,1.85271390927,0.000555814172782,-0.0540632681855,-0.0551615438854,0.00542672902525,2.60238344606,3.62706354953,1.30895673869,0.000392687021607,-0.0279099020248,-0.0291323613922,0.00542672902525,3,2.6164256674,1.7229022968,0.000516870689041,-0.0272393054004,-0.0285044201984,0.00542672902525,3,2.53423505455,1.86508706537,0.000559526119612,6,6,20,5,4
2000-07,-0.0122209611138,-0.0143688513813,0.00544243108958,2.44543592788,3.36324207048,4.8076719637,0.00144230158911,0.0075269724484,0.00621082551876,0.00544243108958,2.94724136755,4.27936225655,2.03519417103,0.000610558251308,0.0173850179788,0.0159965924105,0.00544243108958,2.4162188892,3.42714957744,2.27612296646,0.000682836889939,0.0141762933679,0.0133301361662,0.00544243108958,2.47074359534,3.39144224993,0.468561744803,0.000140568523441,0.00322081153891,0.0017233188903,0.00544243108958,3,2.18086279714,2.63967990092,0.000791903970276,0.00785793607482,0.00621946480882,0.00544243108958,3,2.81748808281,3.10960862553,0.00093288258766,6,6,20,5,4
2000-08,0.0256356586813,0.0233280373015,0.00539531680184,2.51462455859,3.44396995905,5.34010900478,0.00160203270143,0.019686152499,0.0185579929791,0.00539531680184,2.95993908125,4.36311631393,1.40856947181,0.000422570841544,0.0173277099519,0.0160649954901,0.00539531680184,2.47636234394,3.54028270959,1.85708594464,0.000557125783392,0.0326233801781,0.0312745946775,0.00539531680184,2.65603589599,3.66115468623,2.14398940735,0.000643196822205,0.0275116606496,0.025914022375,0.00539531680184,3,2.53451379926,2.97349865432,0.000892049596295,0.0285414041045,0.026838171598,0.00539531680184,3,2.70473049679,3.32547942723,0.000997643828168,6,6,20,5,4
2000-09,-0.0153088882108,-0.0167856989199,0.0053481782153,2.50530381043,3.42442672701,2.57074010265,0.000771222030796,-0.0190331110111,-0.0205053521394,0.0053481782153,3,4.43246802639,2.55550816642,0.000766652449927,0.0147073290334,0.0139088618118,0.0053481782153,2.4823182288,3.55063499409,0.309595143988,9.28785431964e-05,0.0204832229023,0.0196060041156,0.0053481782153,2.6452502482,3.64066169043,0.572100361054,0.000171630108316,-0.0063961714375,-0.00760477354214,0.0053481782153,3,2.69518304922,1.676711421,0.000503013426301,0.0069862721629,0.00597847102274,0.0053481782153,3,2.47399213132,1.00737487272,0.000302212461816,6,6,20,5,4
2000-10,0.00836153006506,0.00677750322008,0.00534031941998,2.50893252442,3.43025147728,2.92812722213,0.00087843816664,0.0123166241855,0.0107274073235,0.00534031941998,2.96958977157,4.30355938353,2.94542727876,0.000883628183628,0.0447487996912,0.0437736955495,0.00534031941998,2.4827242628,3.53792229414,0.898384877984,0.000269515463395,-0.000451695493862,-0.00173687614118,0.00534031941998,2.65323271247,3.64144413427,1.93197322993,0.000579591968978,0.00780429825458,0.00625731769841,0.00534031941998,3,2.72165216266,2.80463959278,0.000841391877834,0.0211173375257,0.0197575688148,0.00534031941998,3,2.58984654014,2.18060010846,0.000654180032537,6,6,20,5,4
2000-11,-0.00480398312103,-0.00636319363855,0.00539531680184,2.50893449206,3.53664439327,2.84540613061,0.000853621839183,-0.0142745972168,-0.015511456259,0.00539531680184,2.97151670371,4.44383300564,1.77090121271,0.000531270363813,0.00234720214453,0.00134695048034,0.00539531680184,2.44283681191,3.50884096002,0.982209952857,0.000294662985857,0.0135666379042,0.0125887043686,0.00539531680184,2.6518147709,3.67997162225,0.907816190952,0.000272344857286,-0.00258716993612,-0.00384559343934,0.00539531680184,3,3.33057135432,1.84278274959,0.000552834824876,0.00352342546874,0.00230469170546,0.00539531680184,3,3.28697193165,1.71048361647,0.000513145084941,6,6,20,5,4
2000-12,0.024665428558,0.0228807772024,0.00537960664082,2.50772344458,3.47801467512,3.59687559112,0.00107906267734,0.0138782959592,0.0128301758397,0.00537960664082,2.94532370383,4.42724885379,1.14177147052,0.000342531441155,0.0222740921716,0.0213399008024,0.00537960664082,2.46766816231,3.54240610547,0.762008969483,0.000228602690845,0.00866984003188,0.00778531098864,0.00537960664082,2.66306866718,3.70747550719,0.596467883007,0.000178940364902,0.0170474923493,0.0157468100992,0.00537960664082,3,3.10209658453,1.98364523924,0.000595093571771,0.0225657694138,0.0212748319639,0.00537960664082,3,3.31855688657,1.95116257184,0.000585348771551,6,6,20,5,4
2001-01,0.00653922844523,0.00510681437675,0.00522235632413,2.53744294311,3.40744641236,2.42275130046,0.000726825390139,0.0138595643207,0.0121327571369,0.00522235632413,2.94682246258,4.29101867995,3.40406168476,0.00102121850543,0.0379723523776,0.0371240504337,0.00522235632413,2.51223781011,3.47200172674,0.475710885324,0.000142713265597,0.030433743437,0.0294079573865,0.00522235632413,2.82626329393,3.80140971,1.06732457396,0.000320197372187,0.0187733826036,0.0173236776787,0.00522235632413,3,2.95437934039,2.4803874885,0.000744116246551,0.029456738688,0.0282913596662,0.00522235632413,3,2.854187907,1.5326344782,0.000459790343459,6,6,20,5,4
2001-02,-0.00410554992194,-0.00622264694276,0.00456685990481,2.5482152827,3.57235071396,4.70502780828,0.00141150834248,-0.0149715497135,-0.0167905051727,0.00456685990481,2.95658294501,4.5760830696,3.71122260302,0.00111336678091,0.0294302263885,0.0278016061343,0.00456685990481,2.52328446125,3.62590016951,3.0767719194,0.000923031575821,0.0301284536022,0.0286306102035,0.00456685990481,2.8459901636,3.96213834161,2.64084906787,0.000792254720361,0.0031381466008,0.00143189958903,0.00456685990481,3,3.30817221363,3.33552777811,0.00100065833343,0.0204596587187,0.0187896653072,0.00456685990481,3,3.71778662403,3.21468244394,0.000964404733181,15,15,20,6,4
2001-03,0.0895930246985,0.0882729806552,0.00428107890945,2.56775151596,3.62975428957,2.04818454989,0.000614455364966,0.0023468560976,0.00138195150351,0.00428107890945,2.93898064718,4.59847426598,0.864386385851,0.000259315915755,0.0741376066545,0.0732646858971,0.00428107890945,2.52472909438,3.64996102424,0.55777359689,0.000167332079067,0.088723747535,0.0878452389273,0.00428107890945,2.85098940368,3.98423742906,0.576399764612,0.000172919929383,0.0630705458406,0.0620523807432,0.00428107890945,3,3.21318073413,1.04192139715,0.000312576419144,0.0978571154943,0.0967650436251,0.00428107890945,3,3.57336733945,1.28827730289,0.000386483190866,15,15,20,6,4
2001-04,-0.0218165310699,-0.0229571549027,0.00398642440128,2.31949314415,3.1977068271,1.45011718152,0.000435035154457,-0.0451966404897,-0.046533956778,0.00398642440128,2.97774689343,4.63233341033,2.10575869986,0.000631727609957,-0.0364689666429,-0.0374001622527,0.00398642440128,2.37919403407,3.42405494114,0.752023105067,0.00022560693152,-0.0311033223348,-0.0320413653507,0.00398642440128,2.62900175323,3.60692730186,0.774847792041,0.000232454337612,-0.0392237404872,-0.0403457131844,0.00398642440128,3,3.79096656359,1.38794672955,0.000416384018865,-0.03989299747,-0.0408916184016,0.00398642440128,3,3.71771684415,0.976774177442,0.000293032253233,15,15,20,6,4
2001-05,-0.013527915022,-0.0149761987016,0.0036988176007,2.28845020732,3.19391452199,2.47565000408,0.000742695001223,-0.0198685940919,-0.0208910248108,0.0036988176007,2.85304396833,4.3223414665,1.05614013531,0.000316842040593,-0.0313990227235,-0.0323405187107,0.0036988176007,2.29172751325,3.24770353709,0.786357696335,0.000235907308901,-0.008596788657,-0.00946395409798,0.0036988176007,2.55704764996,3.47629108682,0.538589208808,0.000161576762642,-0.0168985440028,-0.0180739501973,0.0036988176007,3,3.55881719827,1.56605838726,0.000469817516177,-0.0235452020443,-0.0247137436345,0.0036988176007,2.88937378557,3.28742578174,1.54317637292,0.000462952911876,15,15,20,6,4
2001-06,0.00146874796683,-0.000669553939887,0.00328981647004,2.29950704937,3.20383200523,4.77571076126,0.00143271322838,0.0191628641373,0.0172789291262,0.00328981647004,2.82642911285,4.2535210786,3.9278211092,0.00117834633276,0.0346506911143,0.0337656088851,0.00328981647004,2.26892493056,3.21679776928,0.598311836351,0.000179493550905,0.0262798025114,0.0254742303684,0.00328981647004,2.60504082966,3.55116976874,0.333278215527,9.9983464658e-05,0.0182353163168,0.0165050741122,0.00328981647004,3,2.36274023291,3.41551175423,0.00102465352627,0.0248458277455,0.0234108923883,0.00328981647004,2.9113451217,2.36692218052,2.43115559605,0.000729346678815,15,15,20,6,4
2001-07,-0.0278766704451,-0.0292610087927,0.00306448453975,2.30218438034,3.23328617184,2.26249889754,0.000678749669262,-0.0182386311777,-0.0193595691975,0.00306448453975,2.83241446288,4.27455462744,1.38449780482,0.000415349341447,0.00498783658663,0.00407428718722,0.00306448453975,2.29259143108,3.23943195234,0.693202403566,0.00020796072107,-0.000197561802397,-0.000967794062238,0.00306448453975,2.67261960728,3.65706421888,0.215478605013,6.4643581504e-05,-0.0178861344686,-0.0190319557885,0.00306448453975,3,2.32135443863,1.46744213859,0.000440232641578,-0.0096041361995,-0.0106806494671,0.00306448453975,2.96179718719,2.33464218447,1.23641529758,0.000370924589274,15,15,20,6,4
2001-08,0.0332330206737,0.0311307049376,0.00300000158941,2.27139182296,3.20675987145,4.65575685933,0.0013967270578,-0.0421402491562,-0.0431999942589,0.00300000158941,2.81119691412,4.26427583225,1.18052141465,0.000354156424394,-0.02426662363,-0.0256805937227,0.00300000158941,2.30299783714,3.25226203984,2.36127138127,0.000708381414381,0.0107820881095,0.00992046880674,0.00300000158941,2.6771209292,3.66243716311,0.520102081549,0.000156030624465,0.00363243234026,0.00216519760921,0.00300000158941,3,2.32894255243,2.53882017572,0.000761646052715,0.00635861077373,0.00520951272208,0.00300000158941,2.96502777633,2.67066749719,1.47836457769,0.000443509373308,15,15,20,6,4
2001-09,0.0545519932567,0.0531624476634,0.00285474799877,2.61811671648,3.60995977251,2.27985638323,0.000683956914969,0.0394595246773,0.0380243759413,0.00285474799877,3,4.41147321652,2.431866859,0.0007295600577,0.0579635702596,0.0569678490084,0.00285474799877,2.35960062884,3.29250672347,0.967108576243,0.000290132572873,0.0899395420214,0.0888056036166,0.00285474799877,2.79910598637,3.80222446561,1.42783242164,0.000428349726492,0.0721846632706,0.0708365561355,0.00285474799877,3,2.90445550694,2.14172818902,0.000642518456706,0.0768227620355,0.0756027097672,0.00285474799877,3,2.70676102139,1.71487863302,0.000514463589907,15,15,20,6,4
2001-10,0.0222680344234,0.0206139755132,0.00236077133893,2.55707578364,3.57067512686,3.16156743944,0.000948470231831,0.0285629246357,0.0264787038075,0.00236077133893,3,4.45297054208,4.59544049929,0.00137863214979,0.0110826588144,0.00952095876717,0.00236077133893,2.25738555272,3.26005716082,2.85370456309,0.000856111368928,0.0262560196658,0.0252794075787,0.00236077133893,2.5145369242,3.52559095851,0.903411362616,0.000271023408785,0.0276333153452,0.0260594155609,0.00236077133893,3,3.51460407949,2.8943703532,0.000868311105959,0.0246728595805,0.0231751197404,0.00236077133893,3,2.87516393547,2.64050387267,0.000792151161801,15,15,20,6,4
2001-11,-0.0311268068965,-0.0327836768563,0.00190491487473,2.57855006315,3.63002125205,3.17093760504,0.000951281281512,-0.00935615030838,-0.0102105980164,0.00190491487473,3,4.4594715978,0.496196765491,0.000148859029647,-0.0626384517255,-0.0641020598667,0.00190491487473,2.34364586279,3.41741825281,2.52673154282,0.000758019462846,-0.0297053430513,-0.0306838986671,0.00190491487473,2.53240381545,3.59336445594,0.909889791275,0.000272966937383,-0.029610008098,-0.0307199891703,0.00190491487473,3,3.32931197273,1.3479746466,0.00040439239398,-0.0501125523233,-0.0514029599375,0.00190491487473,3,2.76154110665,1.94939645301,0.000584818935904,15,15,20,6,4
2001-12,-0.0209649537529,-0.0223360920135,0.00167612827692,2.74500230508,3.89643651336,2.2184986076,0.00066554958228,-0.0209898304846,-0.0221912579701,0.00167612827692,3,4.39772911618,1.65279602405,0.000495838807214,-0.00275188913236,-0.00427334449054,0.00167612827692,2.36663293741,3.44944757962,2.71955559947,0.000815866679841,-0.0141205714546,-0.0148903773484,0.00167612827692,2.47710106421,3.51244412848,0.214057384879,6.42172154636e-05,-0.0199452012685,-0.0210570786849,0.00167612827692,3,2.95230213214,1.35429579345,0.000406288738034,-0.0162509669244,-0.0174933832133,0.00167612827692,3,3.03070632729,1.78942536847,0.00053682761054,15,15,20,6,4
2002-01,0.00966221966336,0.0078774512839,0.00151235664254,2.7225185006,3.82621305459,3.59726567043,0.00107917970113,0.0109053728788,0.00971440556685,0.00151235664254,3,4.31477921276,1.61792877881,0.000485378633643,-0.00844056427756,-0.00938145756175,0.00151235664254,2.40152456885,3.43808757856,0.784348686172,0.000235304605852,0.0179047598867,0.0168736451428,0.00151235664254,2.47799042253,3.45309366887,1.0850868853,0.00032552606559,0.0153222977331,0.014097263816,0.00151235664254,3,2.84560541679,1.73148412932,0.000519445238795,0.00673463088375,0.00552856065395,0.00151235664254,3,2.6844854486,1.6682718382,0.000500481551461,15,15,20,6,4
2002-02,-0.0151070082106,-0.0170794399082,0.00143856319129,2.73140230466,3.85377737868,4.22281006406,0.00126684301922,-0.0297792591605,-0.0313111561735,0.00143856319129,3,4.3639932468,2.75436111583,0.000826308334749,0.015666462913,0.014654461084,0.00143856319129,2.47477525992,3.57177550908,1.02137716904,0.000306413150711,0.0106147316202,0.00972682369395,0.00143856319129,2.5086376233,3.5359492972,0.607730826314,0.000182319247894,-0.0103439861134,-0.0117555051852,0.00143856319129,3,2.24662022167,2.35310131154,0.000705930393463,0.00518770439207,0.00383708968519,0.00143856319129,3,2.19631991608,2.1500867618,0.000645026028541,15,15,20,6,4
2002-03,0.0112729870947,0.00928185547749,0.00150416032321,2.72047895075,3.85325904887,4.28514312961,0.00128554293888,0.043482101713,0.0416421421472,0.00150416032321,3,4.3962041611,3.78123629154,0.00113437088746,-0.0685999978952,-0.0696682699326,0.00150416032321,2.52508484348,3.69044178334,1.20894453029,0.000362683359086,-0.069045982145,-0.0698400536894,0.00150416032321,2.54545485418,3.62991611118,0.294942886875,8.84828660624e-05,-0.0101974401689,-0.0116166211379,0.00150416032321,3,2.09427879192,2.37864096867,0.000713592290602,-0.0473149029316,-0.0485051152192,0.00150416032321,3,2.53271761831,1.6154120307,0.00048462360921,15,15,20,6,4
2002-04,0.0203435928861,0.0190121720317,0.00157790064828,2.72552258489,3.92005941156,2.08610725357,0.000625832176071,-0.0312267770583,-0.0325310251162,0.00157790064828,3,4.34491616482,1.99553126502,0.000598659379507,-0.025262747226,-0.0263639479042,0.00157790064828,2.31133427265,3.37982222429,1.31870666607,0.00039561199982,-0.00776207733198,-0.00899276452082,0.00157790064828,2.3514451036,3.37823217248,1.75032836834,0.000525098510502,-0.00942277882822,-0.010730067781,0.00157790064828,3,2.42906559733,2.0056675814,0.00060170027442,-0.00813344677624,-0.00939779520785,0.00157790064828,3,2.56418441057,1.86253251091,0.000558759753272,15,15,20,6,4
2002-05,0.0322043919155,0.0306880733053,0.00154513454332,2.75735910637,3.98667120455,2.70243310641,0.000810729931924,0.0275722924432,0.0259513519713,0.00154513454332,3,4.34032995442,3.05117264525,0.000915351793574,0.0150623098405,0.0131118254905,0.00154513454332,2.31352556177,3.39978410022,4.14965223875,0.00124489567163,0.01794041419,0.0166319790437,0.00154513454332,2.36128469602,3.43460204795,2.00948822656,0.000602846467969,0.0269486192208,0.0254900970302,0.00154513454332,3,2.99066694834,2.50977837431,0.000752933512294,0.0239245036926,0.0222052226776,0.00154513454332,3,3.17964525934,3.37897445556,0.00101369233667,15,15,20,6,4
2002-06,0.0556674571841,0.0538746516206,0.00150416032321,2.76142121441,4.03131319644,3.62405628392,0.00108721688517,-0.00228073811717,-0.00343737192994,0.00150416032321,3,4.35626632754,1.50348378145,0.000451045134434,0.00503831717589,0.00412736276503,0.00150416032321,2.32411700845,3.41502626878,0.684552441733,0.00020536573252,0.0433745253287,0.0420043471576,0.00150416032321,2.44613120493,3.58955273898,2.21529830913,0.000664589492739,0.0379863972628,0.0365372248942,0.00150416032321,3,2.59604993067,2.47861230071,0.000743583690212,0.0416666257837,0.040212003747,0.00150416032321,3,2.51346289438,2.49677786118,0.000749033358355,15,15,20,6,4
2002-07,0.0024057722195,0.000974875907665,0.00149596326594,2.75063926034,4.02250903033,2.41769211165,0.000725307633495,-0.0943489824797,-0.0952171087524,0.00149596326594,3,4.3506444757,0.541791981132,0.00016253759434,-0.0662887726167,-0.0672679789129,0.00149596326594,2.35085255233,3.45929650667,0.912058726073,0.000273617617822,0.0448095015293,0.0436723014494,0.00149596326594,2.39523751918,3.528335516,1.43870467181,0.000431611401543,-0.00893540475057,-0.00998298181052,0.00149596326594,3,2.74651760429,1.13996127207,0.000341988381621,-0.00688176119158,-0.00799254973158,0.00149596326594,2.95159037374,2.7391707928,1.35066620555,0.000405199861666,15,15,20,6,4
2002-08,0.0343088912237,0.0326550428637,0.00147956693705,2.76478657463,3.96971313799,3.16086560571,0.000948259681713,0.0452917429136,0.0431821920874,0.00147956693705,3,4.26283145309,4.67987382598,0.00140396214779,-0.0198771271001,-0.0210207317944,0.00147956693705,2.18925956144,3.19935542205,1.46005338623,0.00043801601587,0.0545988132717,0.0534794876604,0.00147956693705,2.35357175363,3.47287855572,1.37912310986,0.000413736932958,0.0489524783964,0.0473357332644,0.00147956693705,3,3.5317360749,3.0371881788,0.000911156453641,0.0259152051434,0.0245466972345,0.00147956693705,2.95572123105,2.52407102906,2.20973076849,0.000662919230547,15,15,20,6,4
2002-09,0.059437676678,0.0578449953521,0.00143036022556,2.72445136933,3.81136071029,2.95697549172,0.000887092647517,0.0795203189506,0.0785015402251,0.00143036022556,3,4.15303767206,1.04396682392,0.000313190047175,0.0511398720375,0.0497595327272,0.00143036022556,2.17567718924,3.13953409144,2.24916877335,0.000674750632004,0.0590054268118,0.0580649126282,0.00143036022556,2.27613876908,3.30166514239,0.783085017652,0.000234925505295,0.0709842253463,0.0698726169429,0.00143036022556,3,3.18636143861,1.3533990834,0.000406019725021,0.0671336917861,0.0658173223827,0.00143036022556,2.93618692114,3.27134880383,2.03593575032,0.000610780725097,15,15,20,6,4
2002-10,-0.0163548366626,-0.017881719207,0.00145496690576,2.6001967292,3.62211477944,2.73764622024,0.000821293866073,-0.0136642929082,-0.0147278394637,0.00145496690576,2.78823430322,3.82065884415,1.19319292396,0.000357957877187,-0.00337238021252,-0.00424105150545,0.00145496690576,2.11315445296,3.02875267417,0.543608715327,0.000163082614598,-0.00426572422638,-0.00514405917591,0.00145496690576,2.21007627517,3.15244504637,0.575820904004,0.000172746271201,-0.0138903257323,-0.0149615148947,0.00145496690576,3,3.40686014342,1.2186682802,0.000365600484061,-0.011587582014,-0.0126522079071,0.00145496690576,2.77050269173,3.21082373466,1.19679071579,0.000359037214738,15,15,20,6,4
2002-11,-0.0270482679126,-0.0285892209382,0.00143036022556,2.60556145848,3.67898163645,2.78454782413,0.000835364347238,-0.0519325234923,-0.052966600548,0.00143036022556,2.79245072419,3.8616386728,1.09496125788,0.000328488377365,-0.0266357025877,-0.0274058017172,0.00143036022556,2.11316372444,3.07668618671,0.215034837279,6.45104511836e-05,-0.0169564739124,-0.0177751406829,0.00143036022556,2.20917173925,3.1920169794,0.376926973869,0.000113078092161,-0.038376288113,-0.0395754819596,0.00143036022556,3,3.26030703284,1.64535056092,0.000493605168275,-0.0270959865456,-0.0281758334402,0.00143036022556,2.75647059793,3.25419463501,1.24752738753,0.00037425821626,15,15,20,6,4
2002-12,-0.0489179940251,-0.0509064847079,0.00115101866215,2.56743757899,3.70220696486,4.27634001491,0.00128290200447,0.0351185886378,0.0339905980493,0.00115101866215,2.68799828878,3.85403661475,1.4080063672,0.000422401910161,0.0350060861594,0.0340817921508,0.00115101866215,2.08692121831,3.10577414082,0.729017767291,0.000218705330187,0.0297249878643,0.0289043180791,0.00115101866215,2.18821449497,3.22533427143,0.383603689587,0.000115081106876,0.00630878040048,0.00500156844786,0.00115101866215,3,2.33040688573,2.0054109143,0.000601623274289,0.0094533308898,0.00817694717393,0.00115101866215,2.70994071973,2.11240685039,1.90265012511,0.000570795037534,15,15,20,6,4
2003-01,0.0300288559111,0.0279007591772,0.00110986661826,2.47321289363,3.45456868588,4.74169351851,0.00142250805555,0.0486501572806,0.0473008058294,0.00110986661826,2.62707757872,3.71239964334,2.14587590943,0.000643762772828,0.024220727923,0.0234072975883,0.00110986661826,2.04710310247,2.99635777181,0.359472187867,0.00010784165636,0.0547937226036,0.0539539743888,0.00110986661826,2.20336760785,3.19942972781,0.447198454833,0.00013415953645,0.0548933635517,0.0534089735111,0.00110986661826,3,2.98606760348,2.59600454114,0.000778801362343,0.0448091948534,0.0435295298519,0.00110986661826,2.70926055899,2.85197680434,1.91358774407,0.00057407632322,15,15,20,6,4
2003-02,0.0301408803767,0.0288347810564,0.00106869595821,2.47798150347,3.55946397544,2.00170213992,0.000600510641975,0.0190574630287,0.0178377243347,0.00106869595821,2.52492819213,3.63672252655,1.71383338552,0.000514150015656,0.0565937828206,0.055557113531,0.00106869595821,2.04695482302,3.06968511341,1.10360203732,0.000331080611196,0.0568757581787,0.0560561149912,0.00106869595821,2.13628637634,3.19368012735,0.380181697113,0.000114054509134,0.0449900107437,0.0439312442075,0.00106869595821,2.97980799755,3.23295725212,1.17725952618,0.000353177857853,0.0582807569115,0.0572127303655,0.00106869595821,2.64154991448,3.18401245191,1.20812622566,0.000362437867699,15,15,20,6,4
2003-03,-0.0235533001437,-0.0247303099344,0.00105222247772,2.45551566156,3.57497815625,1.57140370781,0.000471421112343,-0.0143648711474,-0.0152468010613,0.00105222247772,2.52715305538,3.62726268954,0.587804118608,0.000176341235582,-0.0105811318749,-0.011585669995,0.00105222247772,1.94957711119,2.90443105238,0.99649813918,0.000298949441754,-0.0174230851627,-0.0182644271329,0.00105222247772,2.07472629378,3.08364230285,0.452510972941,0.000135753291882,-0.0242789487978,-0.0252747691764,0.00105222247772,2.90835113451,3.30949404242,0.967439000856,0.000290231700257,-0.0215330229359,-0.0225760452621,0.00105222247772,2.53525582243,3.15254361669,1.124778826,0.000337433647801,15,15,20,6,4
2003-04,-0.0679645125297,-0.0692700896345,0.00101926656801,2.50185344409,3.72139011563,1.99996142163,0.00059998842649,-0.0500807762382,-0.0510997158234,0.00101926656801,2.51895815595,3.64399854484,1.04450302287,0.000313350906861,-0.0291397046673,-0.0300918486801,0.00101926656801,1.95620607687,2.9589000273,0.821851115051,0.000246555334515,-0.0355274933235,-0.0363454370825,0.00101926656801,2.05061217388,3.12034436288,0.374516935488,0.000112355080646,-0.0619043052673,-0.0629500727793,0.00101926656801,2.88992008264,3.37380827728,1.1339294456,0.000340178833681,-0.0480350033059,-0.0490518410361,0.00101926656801,2.53662272341,3.27343135035,1.03749683923,0.00031124905177,15,15,20,6,4
2003-05,-0.033373076381,-0.0354864871967,0.00102750666438,2.31142338524,3.47184447006,4.69274045783,0.00140782213735,0.044539468176,0.043507584096,0.00102750666438,2.42379772198,3.54036758912,1.08765133898,0.000326295401694,0.0692712037691,0.0684748102392,0.00102750666438,1.95108577541,2.9386582457,0.302682838419,9.08048515256e-05,0.0366499340569,0.0357621069995,0.00102750666438,2.01306165412,3.05946384862,0.6074612635,0.00018223837905,0.0175173566758,0.0160926909859,0.00102750666438,2.68953559525,2.19658170196,2.39692337194,0.000719077011581,0.0326695382783,0.0313524509369,0.00102750666438,2.43102015842,2.05806680534,2.03832887671,0.000611498663014,15,15,20,6,4
2003-06,-0.0113661911423,-0.0126039986839,0.00101102572544,2.26625970601,3.31724927263,1.77406287763,0.000532218863288,0.0041360988254,0.00270941622814,0.00101102572544,2.34351177167,3.31840915109,2.40364639642,0.000721093918927,0.0230158377281,0.0220303986451,0.00101102572544,1.8242377446,2.64313917267,0.932834681988,0.000279850404597,0.00496058204264,0.00414139092886,0.00101102572544,1.9989465377,2.92123377271,0.378674784821,0.000113602435446,-0.00149002028082,-0.00268229464687,0.00101102572544,2.68413184156,2.30846942812,1.62228562573,0.00048668568772,0.00741926682519,0.00643558349958,0.00101102572544,2.40537733671,1.88620591596,0.926982157571,0.000278094647271,15,15,20,6,4
2003-07,-0.0365885792292,-0.0385245750067,0.000862562798021,2.26042341821,3.29956152777,4.10135699717,0.00123040709915,-0.07807410837,-0.0792871328996,0.000862562798021,2.35111156552,3.32818328462,1.69145283777,0.000507435851331,-0.0289581209965,-0.0298370651864,0.000862562798021,1.822552124,2.61990399778,0.577851705344,0.000173355511603,-0.0433407732097,-0.0444182348348,0.000862562798021,2.11295186285,3.10466755705,1.23957648917,0.000371872946751,-0.0624878703054,-0.0640287288937,0.000862562798021,2.73585070378,3.03093133051,2.78423303321,0.000835269909964,-0.0448037102082,-0.0461595797837,0.000862562798021,2.4491576525,3.03287153339,2.1676029906,0.000650280897179,15,15,20,6,4
2003-08,-0.0137028382663,-0.0150155483142,0.000870817096359,2.2166867825,3.09266079463,2.02373789848,0.000607121369545,-0.0178847137221,-0.0190486698929,0.000870817096359,2.14748091904,2.92497233259,1.5278916416,0.00045836749248,-0.006339110059,-0.0074094297868,0.000870817096359,1.79064188187,2.46625388229,1.21577016488,0.000364731049464,-0.0251433017231,-0.0260685975323,0.000870817096359,2.01156769054,2.80043727886,0.732357102875,0.000219707130863,-0.0224013676741,-0.0235950340709,0.000870817096359,2.5484407724,2.38951626335,1.62692572818,0.000488077718455,-0.0182358376418,-0.0193744610551,0.000870817096359,2.34495581441,2.27589140932,1.44344911661,0.000433034734984,15,15,20,6,4
2003-09,-0.035350604221,-0.0372379360928,0.000895575499456,2.22095167174,3.06212330672,3.9391439784,0.00118174319352,0.0196402069956,0.0184293882261,0.000895575499456,2.14666019882,2.88022864022,1.68410030358,0.000505230091075,0.0333065944518,0.0323079854452,0.000895575499456,1.78907220475,2.43294521075,0.976734427441,0.000293020328232,0.0446981125765,0.0437460665891,0.000895575499456,1.97495931255,2.70437225358,0.821524363539,0.000246457309062,0.0126874504106,0.011349496543,0.000895575499456,2.53286066593,1.73060757405,2.10788396405,0.000632365189215,0.0202978754086,0.0189861149829,0.000895575499456,2.32974593661,1.68095164815,2.02057249107,0.000606171747322,15,15,20,6,4
2003-10,0.0241182242913,0.0228010402844,0.000895575499456,2.18566232167,2.98548368185,2.03865109529,0.000611595328586,0.0364932981642,0.034879281767,0.000895575499456,2.13502469721,2.85360523679,3.02809239614,0.000908427718841,0.0266442192139,0.0254552516992,0.000895575499456,1.76273822143,2.38260917468,1.61126278786,0.000483378836357,0.0417859370831,0.0409129415313,0.000895575499456,1.93470273665,2.6113371092,0.558022911598,0.000167406873479,0.0417080953388,0.0403736873325,0.000895575499456,2.53428769959,2.32627726475,2.09606442668,0.000628819328005,0.0364648373695,0.0352986412549,0.000895575499456,2.32109411396,2.13355119369,1.53535812077,0.000460607436231,15,15,20,6,4
2003-11,0.0390212542776,0.0376311109311,0.000912077359674,2.16483813741,2.95179926574,2.28184889388,0.000684554668165,0.0563938288153,0.0555380100757,0.000912077359674,2.08520097798,2.79660859105,0.500766870829,0.000150230061249,0.0439966972233,0.0431816109966,0.000912077359674,1.76580657264,2.38496512705,0.364991827887,0.000109497548366,0.0362101211182,0.0353324964985,0.000912077359674,1.90896493857,2.58776272438,0.573453138058,0.000172035941418,0.0543780278488,0.0533244789904,0.000912077359674,2.47312632328,2.28469140428,1.15986726666,0.000347960179999,0.0475063201308,0.0464925453018,0.000912077359674,2.28656842322,2.26811378227,1.02728716896,0.000308186150688,15,15,20,6,4
2003-12,0.0478416885658,0.0464039135034,0.000920327167655,2.11611738889,2.90598511486,2.44062128041,0.000732186384122,0.0693952214204,0.0685468379601,0.000920327167655,1.98341540409,2.65801229303,0.475982606573,0.000142794781972,0.0624952707875,0.061561534378,0.000920327167655,1.72078232674,2.32007530654,0.7604924371,0.00022814773113,0.0777027273835,0.076921262436,0.000920327167655,1.88977532502,2.55687218599,0.252920896995,7.58762690985e-05,0.0790921822188,0.0780604241981,0.000920327167655,2.37919393208,2.22325917617,1.08723114131,0.000326169342393,0.0740460388413,0.0730167738455,0.000920327167655,2.2259645618,2.16469833567,1.07892105808,0.000323676317425,15,15,20,6,4
2004-01,0.0272247000927,0.0262403730593,0.000912077359674,2.05167368404,2.89200020784,0.929127850317,0.000278738355095,0.0298264903933,0.0288896413821,0.000912077359674,1.84379342076,2.55604696037,0.770867775929,0.000231260332779,0.0274255654081,0.026358627239,0.000912077359674,1.63366857594,2.28355583639,1.20449830235,0.000361349490705,0.0428398939505,0.042030773269,0.000912077359674,1.76874916122,2.46800257843,0.345106677109,0.000103532003133,0.0385347265552,0.0376386096401,0.000912077359674,2.18984641527,2.28840866127,0.635094122363,0.000190528236709,0.036141083495,0.0351583781684,0.000912077359674,2.07752639995,2.16654812709,0.92372216075,0.000277116648225,15,15,20,6,4
2004-02,0.0422802812682,0.0406645889411,0.00087907064595,2.03116187284,2.87468137848,3.0336788292,0.00091010364876,0.0307723503204,0.0298965017329,0.00087907064595,1.82113936231,2.53275676748,0.567533030636,0.000170259909191,0.0232063545927,0.0224426678963,0.00087907064595,1.62811774979,2.28835162458,0.193660060063,5.8098018019e-05,0.0342219253122,0.0334083269969,0.00087907064595,1.74319237939,2.43597458053,0.360032123329,0.000108009636999,0.0397707384162,0.0386673150731,0.00087907064595,2.15443554776,2.00375101755,1.32611554926,0.000397834664777,0.0360032902912,0.0349487292478,0.00087907064595,2.05387225808,1.89058846244,1.16324121665,0.000348972364996,15,15,20,6,4
2004-03,0.022276863919,0.0213747304629,0.000870817096359,1.98474451245,2.82112408143,0.655149259298,0.00019654477779,0.0244566946309,0.023220318325,0.000870817096359,1.80450505493,2.52756726378,1.76929209201,0.000530787627603,0.0218991396035,0.0210737127337,0.000870817096359,1.62320839167,2.30151080732,0.39946063821,0.000119838191463,0.0351035051884,0.034373156484,0.000870817096359,1.73095229768,2.44189687837,0.0825334200907,2.47600260272e-05,0.0302601873123,0.0292800644199,0.000870817096359,2.1205205916,2.33519614836,0.915114046875,0.000274534214062,0.0299717664862,0.0291434642349,0.000870817096359,2.02908864429,1.86285944165,0.40904524337,0.000122713573011,15,15,20,6,4
2004-04,-0.0109828488776,-0.0123993003633,0.000870817096359,2.11972002547,3.06740379776,2.36954269136,0.000710862807407,-0.0348776681026,-0.0358603787804,0.000870817096359,1.79267113826,2.55148930233,0.923739998362,0.000277121999509,-0.0367218482088,-0.0378782527687,0.000870817096359,1.66136006205,2.4030010778,1.50271960515,0.000450815881546,-0.0428106325235,-0.0436049128352,0.000870817096359,1.76167738483,2.53066991114,0.295638777878,8.86916333635e-05,-0.0362190829311,-0.0372889612991,0.000870817096359,2.14538822077,2.16700533634,1.21429896551,0.000364289689653,-0.0399416576334,-0.0410720369895,0.000870817096359,2.12551966474,2.40080139242,1.41596892586,0.000424790677759,15,15,20,6,4
2004-05,-0.0326943019964,-0.0340833110856,0.000895575499456,2.13709151619,3.0247623384,2.27806803619,0.000683420410858,-0.0312971956182,-0.0323907168255,0.000895575499456,1.7789692074,2.48545200646,1.29310842976,0.000387932528929,-0.0189699723824,-0.0199510664776,0.000895575499456,1.64162321688,2.31635575228,0.918351389763,0.000275505416929,-0.0169010293568,-0.0176606861715,0.000895575499456,1.70811540173,2.39666896251,0.180227120923,5.40681362768e-05,-0.0292796809415,-0.0303531559583,0.000895575499456,2.12663395097,1.93724327862,1.22628779483,0.000367886338449,-0.0241518032854,-0.0252150035361,0.000895575499456,2.09503432331,1.97575712032,1.19203857442,0.000357611572327,15,15,20,6,4
2004-06,0.00829113238672,0.00616742706264,0.000994541801143,2.10280318034,2.98494919652,4.72705548583,0.00141811664575,-0.00895546801763,-0.00995652169119,0.000994541801143,1.75113788068,2.45328089013,0.984883317408,0.000295464995222,0.0018328847469,0.00101643388554,0.000994541801143,1.64956292282,2.34436077605,0.369540610087,0.000110862183026,0.0037068716775,0.00294988046031,0.000994541801143,1.69445376735,2.40197046189,0.171341796185,5.14025388554e-05,0.000946510048448,-0.000360834910295,0.000994541801143,2.09417106582,1.5142459773,2.00585426802,0.000601756280406,0.00445252754273,0.00320706166836,0.000994541801143,2.08371395005,1.6936174925,1.79959065344,0.000539877196033,15,15,20,6,4
2004-07,-0.0141351127259,-0.0153955152831,0.00120860028192,2.10253460246,2.97933397794,1.84937959611,0.000554813878834,-0.0213273601336,-0.0225930058238,0.00120860028192,1.74786852492,2.45085629887,1.86685670642,0.000560057011927,0.00279521959928,0.00180770091403,0.00120860028192,1.65894230662,2.35568729311,0.939766689708,0.000281930006912,-0.0167056475093,-0.0177967138485,0.00120860028192,1.69274382,2.39462561027,1.28492553598,0.000385477660794,-0.0201492780903,-0.0214030682215,0.00120860028192,2.09325727498,1.81464828319,1.8273381761,0.000548201452831,-0.0107623703955,-0.0119324714124,0.00120860028192,2.08568823211,1.26121412485,1.54837446181,0.000464512338543,15,15,20,6,4
2004-08,-0.027954811854,-0.0295403585695,0.00129901214994,2.12554826465,2.99271757631,2.93319345733,0.000879958037199,-0.0123230112187,-0.0133988700169,0.00129901214994,1.73665417063,2.44416717931,1.23423373291,0.000370270119873,-0.00455799059652,-0.00551141078413,0.00129901214994,1.65897039162,2.35675809233,0.826105030923,0.000247831509277,-0.0175447502343,-0.0183245982676,0.00129901214994,1.67394846916,2.36775024218,0.247531183335,7.42593550004e-05,-0.0204372447334,-0.0215922886769,0.00129901214994,2.0816620807,2.05022105503,1.49818421717,0.000449455265152,-0.01869640915,-0.0198118108652,0.00129901214994,2.08190429014,1.85632165073,1.36604345644,0.000409813036932,15,15,20,6,4
2004-09,0.00779072339465,0.00588986528227,0.00138933430634,2.11467842662,3.00582579103,3.98423144681,0.00119526943404,-0.0147040408713,-0.0159762458129,0.00138933430634,1.75646943785,2.49161412911,1.88872087761,0.000566616263282,-0.000836134493626,-0.00192152113272,0.00138933430634,1.67233113697,2.39844427695,1.26599320253,0.000379797960759,0.0209492414536,0.0200609101,0.00138933430634,1.6511362482,2.35415917197,0.609142250898,0.000182742675269,0.00697217372769,0.00569088444689,0.00138933430634,2.05628690789,1.48129948167,1.91900200823,0.000575700602468,0.0118105027713,0.010493743923,0.00138933430634,2.05787973575,1.52174245631,2.03723390001,0.000611170170002,15,15,20,6,4
2004-10,0.0142067962017,0.0130998802692,0.00153694117433,2.17656647932,3.10546746833,1.33775751402,0.000401327254205,0.0329089815638,0.0312880626123,0.00153694117433,1.75783136817,2.52992047912,3.05110091048,0.000915330273145,0.00861101211198,0.0075808844945,0.00153694117433,1.7077072672,2.46146783122,1.08179646381,0.000324538939143,0.0536402090914,0.0524884883968,0.00153694117433,1.70009657116,2.44726285852,1.48710672111,0.000446132016332,0.040553704154,0.039210620923,0.00153694117433,2.12345447522,2.49355633911,2.12498184218,0.000637494552655,0.0309813327742,0.0298353765409,0.00153694117433,2.13235615516,2.21729626385,1.46789184986,0.000440367554959,15,15,20,6,4
2004-11,0.0830179726683,0.0818459853061,0.00168430913169,2.18118402844,3.12590355539,1.55466227971,0.000466398683913,0.052671506338,0.0516946743044,0.00168430913169,1.73738434095,2.51409205944,0.904144517291,0.000271243355187,0.0315906951092,0.0303888412138,0.00168430913169,1.70760930458,2.47208847021,1.65421739012,0.000496265217037,0.055734876647,0.0548543768185,0.00168430913169,1.65103739019,2.39903276818,0.583037167213,0.000174911150164,0.0741317745919,0.0730916426985,0.00168430913169,2.08781019678,2.74121664399,1.11514405034,0.000334543215103,0.066944580942,0.0658093309419,0.00168430913169,2.115482411,2.57147750274,1.43220440576,0.000429661321727,15,15,20,6,4
2004-12,0.0381085590327,0.0370619016117,0.00186410225443,2.0025317738,2.84488693005,1.13689580877,0.000341068742631,0.0338393844965,0.0329864483723,0.00186410225443,1.67446230944,2.41209480017,0.49115815269,0.000147347445807,0.0373653752544,0.0363109181673,0.00186410225443,1.76901823079,2.53249127407,1.16289469569,0.000348868408706,0.0313470054758,0.0305732368334,0.00186410225443,1.6267868438,2.35529148503,0.227266546985,6.81799640954e-05,0.0387416295341,0.0378375001476,0.00186410225443,1.96989302169,2.6843731666,0.661802360539,0.000198540708162,0.0419815886629,0.0410006262762,0.00186410225443,2.06354639009,2.84821648821,0.917912361204,0.000275373708361,15,15,20,6,4
2005-01,-0.00546744021788,-0.00660030440172,0.00201909302009,1.98073877208,2.86820209782,1.42425168499,0.000427275505498,-0.0131071077728,-0.0138817834822,0.00201909302009,1.66030103601,2.43861551426,0.230290103526,6.90870310577e-05,-0.00738939331499,-0.00817707661781,0.00201909302009,1.74632124748,2.54383535647,0.273648748286,8.20946244858e-05,-0.0127417529133,-0.0134926788998,0.00201909302009,1.63280198966,2.41268578316,0.151124360534,4.53373081602e-05,-0.0129153081858,-0.0137861678912,0.00201909302009,1.95764910633,2.44931573942,0.550903423552,0.000165271027065,-0.0106717807995,-0.0115622512633,0.00201909302009,2.04539440486,2.61765126031,0.616272618173,0.000184881785452,15,15,20,6,4
2005-02,0.0167467451934,0.0155155507769,0.00214940732837,1.97621640793,2.86165371321,1.75201912725,0.000525605738174,0.0374772605709,0.036593419857,0.00214940732837,1.64968201179,2.41566440549,0.59417345186,0.000178252035558,0.0451122576178,0.0443906597475,0.00214940732837,1.74438888364,2.53279314469,0.0533639731601,1.6009191948e-05,0.0385265288331,0.0377969185101,0.00214940732837,1.61254457587,2.37797547967,0.0800721488991,2.40216446697e-05,0.036366613314,0.0354232996395,0.00214940732837,1.9402286001,2.07393431603,0.792416653823,0.000237724996147,0.0395308392942,0.0386385072388,0.00214940732837,2.02979483562,2.28431447667,0.622477923459,0.000186743377038,15,15,20,6,4
2005-03,-0.0144504085645,-0.0160299253469,0.0022795355035,1.98177631528,2.88436772729,2.91309367994,0.000873928103982,-0.00446500341933,-0.00534828133166,0.0022795355035,1.63707621679,2.40782776056,0.59229744664,0.000177689233992,-0.0248244350979,-0.0256035245384,0.0022795355035,1.70749894045,2.49661835801,0.245002540791,7.35007622372e-05,-0.0203838561083,-0.0211161946205,0.0022795355035,1.59811362894,2.36951651691,0.0891661129654,2.67498338896e-05,-0.0157795543996,-0.0168052499224,0.0022795355035,1.92639077977,1.95911624485,1.06702281469,0.000320106844407,-0.0250023895093,-0.0260319227511,0.0022795355035,2.00506216577,2.38104067232,1.07981521138,0.000323944563413,15,15,20,6,4
2005-04,-0.0204274921388,-0.0219270578888,0.00244193481796,1.96701568205,2.85409512811,2.64659023878,0.000793977071633,0.0060711660976,0.00504454799191,0.00244193481796,1.64215898188,2.42172745474,1.07009809119,0.000321029427356,0.00685922877074,0.00611291330536,0.00244193481796,1.76337576799,2.57006158955,0.135755956804,4.07267870413e-05,0.00620260418001,0.00533995513229,0.00244193481796,1.65610326376,2.4297346299,0.52353456461,0.000157060369383,-0.0026407399808,-0.00377585626984,0.00244193481796,1.91172331337,1.95927010778,1.43175870233,0.000429527610698,-0.000982646723056,-0.00203174800387,0.00244193481796,2.01990435511,2.16629832386,1.14504200824,0.000343512602473,15,15,20,6,4
2005-05,-0.0215441500969,-0.0234764813673,0.00253923567186,1.94718011638,2.80705763399,4.08914197353,0.00122674259206,-0.0133942780581,-0.0146541159662,0.00253923567186,1.65701848645,2.41846160667,1.84749743246,0.000554249229737,-0.0237648024163,-0.02475565805,0.00253923567186,1.78876749074,2.57868514089,0.950889851194,0.000285266955358,-0.0331364229415,-0.0340546585458,0.00253923567186,1.66516326168,2.40925541087,0.708823086303,0.000212646925891,-0.0262739126478,-0.0276744342736,0.00253923567186,1.91355312363,1.55687705342,2.31644315823,0.000694932947469,-0.030311706748,-0.031600022815,0.00253923567186,2.02316783254,1.7374274244,1.94242462898,0.000582727388695,15,15,20,6,4
2005-06,0.0222574156243,0.0202832139278,0.00264452783879,1.93628585696,2.76187705147,4.22871006041,0.00126861301812,0.0338628039347,0.0326810727033,0.00264452783879,1.64743548485,2.38363807396,1.58714184383,0.00047614255315,0.0407664615411,0.0397576882155,0.00264452783879,1.75301311797,2.50281773177,1.0106154908,0.000303184647239,0.0305828724267,0.0295930326676,0.00264452783879,1.6004846097,2.29570655703,0.947503602558,0.000284251080767,0.0318736727423,0.0304990113409,0.00264452783879,1.87327759279,1.70881793344,2.2302424102,0.000669072723061,0.0354789652649,0.0341184136164,0.00264452783879,1.96481228309,1.89390759276,2.18320990072,0.000654962970217,15,15,20,6,4
2005-07,-0.010651450948,-0.0116198109575,0.00277395145141,1.97036433039,2.77599580283,0.875904437136,0.000262771331141,-0.00659241734573,-0.00768885082022,0.00277395145141,1.62960977443,2.37836884214,1.30281598718,0.000390844796154,0.00132915712656,0.000347776030668,0.00277395145141,1.72798552243,2.48474975384,0.919308058529,0.000275792417559,-0.00318966197612,-0.00399184188588,0.00277395145141,1.60005738823,2.30006892806,0.321970771412,9.65912314236e-05,-0.0070832889726,-0.00802917106705,0.00277395145141,1.86558795817,1.82609635215,0.800978053706,0.000240293416112,-0.00432482016469,-0.00525010497695,0.00277395145141,1.95578685744,2.10407592532,0.732320446403,0.000219696133921,15,15,20,6,4
2005-08,0.00412506415052,0.00271517547438,0.00292740372,1.96334096765,2.86120148693,2.34766665934,0.000704299997802,-0.0147771046235,-0.0157673414875,0.00292740372,1.72430764204,2.54034059067,0.948827285374,0.000284648185612,-0.00570963385536,-0.00664028171896,0.00292740372,1.83760155562,2.66576632238,0.750197284226,0.000225059185268,0.0244701519262,0.0235998409813,0.00292740372,1.59930104721,2.33479322068,0.54907422192,0.000164722266576,0.00481057423917,0.00381769454296,0.00292740372,1.86231342787,2.00347807221,0.957636726237,0.000287291017871,0.00901879769386,0.00804081448538,0.00292740372,1.95423969415,2.24804046595,0.907981767141,0.000272394530142,15,15,20,6,4
2005-09,-0.00900769054802,-0.0108342899398,0.00308865389487,1.98091484618,2.94858377752,3.73670237823,0.00112101071347,0.0321996478303,0.0312365665588,0.00308865389487,1.71803074267,2.57945852858,0.8583086438,0.00025749259314,0.028983391706,0.0280498370766,0.00308865389487,1.85183000402,2.73076793048,0.759886503444,0.000227965951033,0.027536098395,0.0266851033766,0.00308865389487,1.61353014988,2.39885581232,0.48468780007,0.000145406340021,0.0192935654115,0.0181015924622,0.00308865389487,1.87823690716,1.40898536371,1.62128090327,0.000486384270982,0.0187994170348,0.0176164069768,0.00308865389487,1.95595672064,1.5057148759,1.59140459881,0.000477421379644,15,15,20,6,4
2005-10,0.0166807429123,0.0152846210497,0.00316917217892,2.04058858818,3.09181404528,2.30177728085,0.000690533184256,0.00517572815807,0.00409508619908,0.00316917217892,1.74773007946,2.66229936071,1.2501776022,0.00037505328066,-0.00313512174015,-0.00404391044326,0.00316917217892,1.87659703597,2.80738065654,0.677333415894,0.000203200024768,-0.00588592355665,-0.00679116674424,0.00316917217892,1.63358420362,2.47029206274,0.665515030835,0.00019965450925,0.00389864678836,0.00277941655137,0.00316917217892,1.92160296732,2.18528088376,1.37880519553,0.00041364155866,0.000501520267736,-0.000552688382379,0.00316917217892,1.9979847829,2.04234519159,1.16206657259,0.000348619971778,15,15,20,6,4
2005-11,0.00610287732082,0.00425978944912,0.00337818763701,2.03934213525,3.05797113295,3.79166397786,0.00113749919336,0.0158020051758,0.0148457226154,0.00337818763701,1.75406453035,2.65488600945,0.835646273287,0.000250693881986,0.0125333294006,0.0114935520153,0.00337818763701,1.8745464564,2.77199628335,1.11396235661,0.000334188706983,0.017096847444,0.0163737385185,0.00337818763701,1.62894732367,2.42777936713,0.0584008237261,1.75202471178e-05,0.0139323057591,0.012802184754,0.00337818763701,1.92890011438,2.09923921797,1.41510775608,0.000424532326825,0.0120538094579,0.0109016083507,0.00337818763701,2.004441133,2.32077462573,1.48870809616,0.000446612428847,15,15,20,6,4
2005-12,0.0123505862754,0.0106370963795,0.0035226105856,2.05632434709,3.04533260319,3.35967072515,0.00100790121754,0.0270019928825,0.0258773613963,0.0035226105856,1.80231652184,2.67806106313,1.39680935933,0.000419042807798,0.0518816482554,0.0509779129573,0.0035226105856,1.91736382017,2.77965306867,0.660488732232,0.00019814661967,0.0492871640279,0.0483834199767,0.0035226105856,1.64576279612,2.41907043716,0.660517909678,0.000198155372903,0.0316979011906,0.030436319851,0.0035226105856,1.9634295138,1.9811223478,1.85330887088,0.000555992661264,0.0410205343891,0.0398255123868,0.0035226105856,2.03428378217,1.95941587218,1.63144441334,0.000489433324002,15,15,20,6,4
2006-01,0.0222191634905,0.0208833003319,0.00363478168988,2.11558683027,3.20073310325,2.10091493428,0.000630274480283,-0.0152145723862,-0.0164423276518,0.00363478168988,1.8016772142,2.73398766282,1.74055529085,0.000522166587254,0.0329802769597,0.0317516547833,0.00363478168988,1.88706485005,2.79248409882,1.74344499346,0.000523033498038,0.028296685231,0.0275387582919,0.00363478168988,1.61692631654,2.42549063742,0.174460869334,5.23382608003e-05,0.0119300614231,0.0108571755509,0.00363478168988,1.94996563696,1.79415741942,1.22432397945,0.000367297193836,0.0303677203993,0.029284898107,0.00363478168988,2.00789206619,2.00470255065,1.25744538017,0.00037723361405,15,15,20,6,4
2006-02,0.00028629161225,-0.00160138816337,0.00372281948567,2.12468093899,3.23506708397,3.94030365761,0.00118209109728,0.0102402232502,0.00888094859671,0.00372281948567,1.80329065154,2.74268740905,2.17895325044,0.000653685975132,0.032913866325,0.0318972463315,0.00372281948567,1.88038094969,2.80240955544,1.0367710506,0.000311031315181,0.00911609201002,0.00837443366054,0.00372281948567,1.63377873459,2.46229526816,0.120232237136,3.60696711409e-05,0.00824240313825,0.00694348012088,0.00372281948567,1.97564329828,1.63236348533,1.97778113011,0.000593334339033,0.015747414843,0.0146039999763,0.00372281948567,2.01575228328,1.8353029219,1.4594206278,0.000437826188341,15,15,20,6,4
2006-03,0.00730483126011,0.00608318984413,0.00385072302357,2.14501209963,3.32335700252,1.72017579217,0.000516052737652,0.0191269373766,0.0178282165113,0.00385072302357,1.80489002955,2.76551957606,1.97710728979,0.000593132186937,0.0294242142487,0.0284157890465,0.00385072302357,1.92121361545,2.90056780046,1.00945507943,0.000302836523828,0.00418659267252,0.00333996691962,0.00385072302357,1.661378891,2.5340900173,0.470123581864,0.000141037074559,0.0119073208233,0.0108230758443,0.00385072302357,1.99242758458,2.02276534591,1.2621876691,0.000378656300731,0.0156430641375,0.0146212780353,0.00385072302357,2.05779725621,2.37580706442,1.05399141315,0.000316197423946,15,15,20,6,4
2006-04,0.076565498691,0.0747171099018,0.00397844755015,2.16356865477,3.28047037917,3.80933370284,0.00114280011085,0.0764152679046,0.0750391516521,0.00397844755015,1.81102254722,2.75180530653,2.23509191389,0.000670527574167,0.0652503339907,0.0643409456847,0.00397844755015,1.93454516453,2.88554260412,0.679332092133,0.00020379962764,0.024824988844,0.0240612675543,0.00397844755015,1.67727343722,2.51631555556,0.193775371114,5.81326113343e-05,0.0599549739436,0.0587888602822,0.00397844755015,2.0127719434,1.84613634002,1.53508327671,0.000460524983014,0.0576818359317,0.0565224678957,0.00397844755015,2.08503148553,2.02557863669,1.51259785881,0.000453779357642,15,15,20,6,4
2006-05,0.0246946440445,0.0233154255362,0.00409802718036,2.13311606158,3.16644273401,2.24543276683,0.00067362983005,0.0305180689642,0.0292800366416,0.00409802718036,1.74725747528,2.67038094983,1.77481214774,0.000532443644323,0.0387066383929,0.0375125888919,0.00409802718036,1.92665922784,2.84046448957,1.62820274199,0.000488460822596,0.0118936763822,0.0111117997655,0.00409802718036,1.72763265541,2.54347289722,0.254293128121,7.62879384364e-05,0.0214463379288,0.0203162038574,0.00409802718036,2.03180703009,1.72498824596,1.41515131008,0.000424545393025,0.0236102191989,0.0224940939499,0.00409802718036,2.11622923149,1.78923715874,1.36845523559,0.000410536570677,15,15,20,6,4
2006-06,-0.0624568521769,-0.0635517902608,0.00419357822338,2.17747174033,3.34790090739,1.29783135189,0.000389349405566,-0.0477513600617,-0.0486016117553,0.00419357822338,1.75328810513,2.8155504999,0.482210050879,0.000144663015264,-0.0659029839634,-0.0667355096492,0.00419357822338,2.00951774336,3.13663129154,0.423123357985,0.000126937007395,-0.0492098483247,-0.0506188358595,0.00419357822338,1.73631112043,2.68596742587,2.34466285485,0.000703398856454,-0.0574529300871,-0.058536200363,0.00419357822338,2.03026130299,2.8169392791,1.25893865867,0.000377681597601,-0.0636512863662,-0.064754021044,0.00419357822338,2.12267597775,2.99839703401,1.32381999814,0.000397145999442,15,15,20,6,4
2006-07,0.00738724105823,0.00564914651381,0.00435260805603,2.01503501349,3.14999163825,3.44168622029,0.00103250586609,0.0290455400499,0.0282427717818,0.00435260805603,1.65555336175,2.69172777331,0.323931965832,9.71795897496e-05,0.0389040613279,0.0381208038375,0.00435260805603,1.80706918253,2.90756204468,0.258896040216,7.76688120649e-05,0.0291835830423,0.0282424559126,0.00435260805603,1.62471953796,2.5812584026,0.785128171122,0.000235538451337,0.0229299135787,0.0218171617336,0.00435260805603,1.87871487078,1.93812229731,1.35721055567,0.0004071631667,0.0262902623638,0.0251845867729,0.00435260805603,1.92743970814,2.05007789554,1.33362304172,0.000400086912515,15,15,20,6,4
2006-08,-0.0216535807266,-0.0233596733518,0.00443995653809,2.06808648107,3.44212378146,3.33501315608,0.00100050394683,-0.0195763617199,-0.020851415962,0.00443995653809,1.77414477004,3.0677249715,1.89821854588,0.000569465563764,0.00213900090787,0.0012299783718,0.00443995653809,1.84714893542,3.21300993569,0.67811285911,0.000203433857733,0.00502067117188,0.00416398774332,0.00443995653809,1.67850648057,2.85674261533,0.503649167387,0.000151094750216,-0.0118169187011,-0.0130640819426,0.00443995653809,1.97028644262,2.0259477391,1.80524854381,0.000541574563144,-0.00460564908153,-0.00573438669555,0.00443995653809,1.99706470828,2.10723542291,1.41049645226,0.000423148935679,15,15,20,6,4
2006-09,-0.00755083529401,-0.0095965833741,0.00437643865752,2.04612188233,3.49058491257,4.46719800587,0.00134015940176,-0.0123062920317,-0.0133084945789,0.00437643865752,1.75926454018,3.09249456177,0.988712896226,0.000296613868868,-0.0247147252105,-0.0254433539622,0.00437643865752,1.85314530461,3.27705172286,0.0768002443412,2.30400733023e-05,-0.0133511437129,-0.0141532459358,0.00437643865752,1.70894741975,2.95760005526,0.321711815238,9.65135445713e-05,-0.0132910377665,-0.0144580877601,0.00437643865752,1.97360243929,2.41194190714,1.53820438435,0.000461461315305,-0.0187759171286,-0.0199907577311,0.00437643865752,2.00919272266,3.15034920471,1.6975064141,0.000509251924231,15,15,20,6,4
2006-10,0.029730837235,0.027819607576,0.00434466313983,2.0901723653,3.61050169528,4.01880326892,0.00120564098068,0.0151121019996,0.0135137357979,0.00434466313983,1.74088483129,3.08310314452,2.97592507803,0.000892777523409,0.0486990217596,0.047858290797,0.00434466313983,1.81306793056,3.20722189481,0.450474280792,0.000135142284238,0.0407186227671,0.0398903616116,0.00434466313983,1.70173005168,2.97131488223,0.40890825732,0.000122672477196,0.0286806604411,0.0271943851575,0.00434466313983,1.94851034137,1.65670737403,2.60228868407,0.000780686605221,0.0415098432704,0.0402986221066,0.00434466313983,1.97097842995,1.72662674849,1.68544161809,0.000505632485428,15,15,20,6,4
2006-11,0.0544430877427,0.0530555657955,0.00433671753224,2.08629344145,3.62784298089,2.27311089614,0.000681933268841,0.0427864519454,0.0416177543251,0.00433671753224,1.75367267753,3.10461877685,1.54369647303,0.000463108941909,0.0431383898093,0.0421131519127,0.00433671753224,1.78777734548,3.16962656401,1.06549739437,0.00031964921831,0.0431185854181,0.0422664291784,0.00433671753224,1.70132576202,2.96299190634,0.488558537858,0.000146567561357,0.0495703663399,0.0484578922309,0.00433671753224,1.95735482009,1.73576182414,1.35628476876,0.000406885430628,0.0474995963223,0.046476083402,0.00433671753224,1.96042445213,1.84927722113,1.05974747319,0.000317924241956,15,15,20,6,4
2006-12,0.0139148807372,0.0120716038461,0.00432877123313,2.05229061016,3.55504737601,3.79229404273,0.00113768821282,0.00268643453047,0.00156240087434,0.00432877123313,1.77121796944,3.14842774057,1.39481659262,0.000418444977786,0.0137451463436,0.0123317010619,0.00432877123313,1.79671613474,3.19710256919,2.35952201108,0.000707856603324,0.0235626981032,0.022821655007,0.00432877123313,1.69160532871,2.95886433976,0.118181392717,3.54544178152e-05,0.0135425851221,0.0122934335389,0.00432877123313,1.95101980915,2.09779681268,1.81187634957,0.000543562904872,0.0184330269392,0.0175197447055,0.00432877123313,1.95410393802,2.1132061122,0.692311850941,0.000207693555282,15,15,20,6,4
2007-01,-0.00242691322185,-0.00471641077122,0.00432877123313,2.10904305917,3.68132709732,5.27969623676,0.00158390887103,-0.0150171956955,-0.015867666144,0.00432877123313,1.86449823365,3.32463613232,0.482939233917,0.000144881770175,-0.00954522829832,-0.0105076987196,0.00432877123313,1.89052884191,3.37519410466,0.856272476585,0.000256881742975,0.0199602197455,0.0190514878075,0.00432877123313,1.79494999917,3.14609823851,0.67714419902,0.000203143259706,0.000213255534647,-0.00113080737667,0.00432877123313,2.06295184085,2.05696166391,2.12824744327,0.000638474232981,0.00127014157398,-0.000144614809408,0.00432877123313,2.06001500147,2.04165626115,2.36389235018,0.000709167705055,15,15,20,6,4
2007-02,0.0159547944423,0.014208104369,0.00432877123313,2.12139523603,3.60182641111,3.4703379832,0.00104110139496,0.0407216731936,0.039300479144,0.00432877123313,1.86185662253,3.23147364028,2.38535123724,0.000715605371173,0.0402206442134,0.039394595843,0.00432877123313,1.88532036394,3.27150108619,0.401532306802,0.000120459692041,0.0388545140678,0.0380307921636,0.00432877123313,1.82643586694,3.13673472988,0.393777419773,0.000118133225932,0.0331632698186,0.0317792899225,0.00432877123313,2.08558921148,3.01965312501,2.2613040593,0.000678391217791,0.0330037807134,0.0318429154061,0.00432877123313,2.07828237824,2.2434542628,1.51758876326,0.000455276628979,15,15,20,6,4
2007-03,-0.0049350549376,-0.00660171337663,0.00432082424236,2.17671186649,3.67609355133,3.20356586898,0.000961069760695,-0.0122871109344,-0.0134506369809,0.00432082424236,1.85169279367,3.2156801299,1.52645789384,0.000457937368152,-0.0013049597482,-0.00242708125336,0.00432082424236,1.87198117972,3.24717173913,1.3884427561,0.000416532826829,-0.000637974199855,-0.00151624233493,0.00432082424236,1.82723923268,3.12501367634,0.575598189143,0.000172679456743,-0.00734030119693,-0.00853697131627,0.00432082424236,2.10239179547,2.87720041155,1.63693813669,0.000491081441008,-0.00401502655096,-0.00526409462897,0.00432082424236,2.08997205175,2.5372439798,1.81159799889,0.000543479399668,15,15,20,6,4
2007-04,0.0812512161271,0.0800644734441,0.00431287655983,2.18569880874,3.73286952528,1.60384668242,0.000481154004726,0.0668436833389,0.0656999826271,0.00431287655983,1.84939647019,3.24850912416,1.46037344481,0.000438112033442,0.0556768324772,0.054516692845,0.00431287655983,1.87185250335,3.28192997021,1.51516984628,0.000454550953883,0.0792870305207,0.0783104083368,0.00431287655983,1.84239516125,3.19840522161,0.90344501856,0.000271033505568,0.0825197119346,0.0813818507407,0.00431287655983,2.10915078609,3.20007166383,1.44090838511,0.000432272515532,0.0777535556176,0.0765883550624,0.00431287655983,2.09754877425,3.33136192586,1.5320395898,0.000459611876941,15,15,20,6,4
2007-05,-0.000425119847552,-0.00235771490624,0.00432082424236,2.0204874432,3.50700843269,4.09002126784,0.00122700638035,0.0237261770269,0.0228669834701,0.00432082424236,1.80580926359,3.19774722405,0.512016261757,0.000153604878527,0.0281740881684,0.0272651677516,0.00432082424236,1.90797487365,3.40241807296,0.677772461516,0.000203331738455,0.0325118755442,0.031604456407,0.00432082424236,1.81588609426,3.1767296256,0.672768196225,0.000201830458868,0.020456146389,0.0192658970178,0.00432082424236,2.00770285279,2.01832052217,1.61553564284,0.000484660692851,0.0214532742144,0.0201548813879,0.00432082424236,2.04047217412,2.332310937,1.97601382712,0.000592804148136,15,15,20,6,4
2007-06,0.0364422501133,0.0341379482145,0.00432082424236,2.06627680351,3.61735678571,5.32904406823,0.00159871322047,0.0574086043055,0.0563294074516,0.00432082424236,1.85302594162,3.30163016798,1.24536058528,0.000373608175583,0.0547422058808,0.0538004160616,0.00432082424236,1.94613243796,3.48411089068,0.787337136178,0.000236201140853,0.0467162955244,0.045914427749,0.00432082424236,1.84125793996,3.21553690218,0.32093032349,9.62790970471e-05,0.0530062265029,0.0516054544393,0.00432082424236,2.05686021704,3.00947494285,2.31727795073,0.000695183385219,0.0534031067418,0.051984324332,0.00432082424236,2.08434194706,3.10203729972,2.37731243829,0.000713193731488,15,15,20,6,4
2007-07,-0.00460592130653,-0.00587079466814,0.00433671753224,2.04331763487,3.45009729254,1.86428227758,0.000559284683274,0.0133602322827,0.0124223332323,0.00433671753224,1.80689052896,3.12767845775,0.774367906823,0.000232310372047,0.0162889643776,0.0154564256065,0.00433671753224,1.90923141627,3.33137105672,0.423166975982,0.000126950092795,0.00728788026127,0.00642994867988,0.00433671753224,1.82148118173,3.11602062449,0.507809676849,0.000152342903055,0.00515876691371,0.00411767186336,0.00433671753224,2.01245080174,3.17590696823,1.11835457336,0.000335506372008,0.0058760711466,0.00489140956586,0.00433671753224,2.04123748384,3.19320179467,0.930243008023,0.000279072902407,15,15,20,6,4
2007-08,-0.0300216955636,-0.0312908363337,0.00432877123313,2.05114525595,3.48942510087,1.87850697277,0.000563552091831,-0.0515625544751,-0.0523337473355,0.00432877123313,1.84288036514,3.18401860934,0.21868060685,6.56041820549e-05,-0.0640515075346,-0.0649828134134,0.00432877123313,1.91434010047,3.34739755357,0.752390668102,0.000225717200431,-0.0608314768532,-0.061744784339,0.00432877123313,1.85468730134,3.18506406997,0.692396024757,0.000207718807427,-0.053613448561,-0.0546018234927,0.00432877123313,2.04465588498,2.93448195869,0.942620844366,0.00028278625331,-0.0583090112606,-0.0593327079895,0.00432877123313,2.05819895528,3.03892823446,1.06036016855,0.000318108050566,15,15,20,6,4
2007-09,0.027687742274,0.025425757,0.0044637643567,2.0353253185,3.37758203742,5.18798865221,0.00155639659566,0.0417870815667,0.0406264522582,0.0044637643567,1.7347649783,2.94311675987,1.51680210054,0.000455040630162,0.0658490337439,0.064910164513,0.0044637643567,1.73611683942,2.96451160596,0.777601841949,0.000233280552585,0.0640370132369,0.0631843963338,0.0044637643567,1.71091422265,2.90503455442,0.490094082568,0.00014702822477,0.0462563684758,0.0449114140095,0.0044637643567,1.92581571565,1.62007248946,2.13121929325,0.000639365787976,0.0548628645775,0.0534865601107,0.0044637643567,1.9133566979,1.78951479066,2.23571929494,0.000670715788481,15,15,20,6,4
2007-10,-0.0019879635058,-0.0035169458067,0.00443995653809,2.02608109821,3.32105004697,2.74464540854,0.000823393622561,0.0208863683737,0.0197738462581,0.00443995653809,1.73280972266,2.89678170463,1.35644479079,0.000406933437238,0.043899178205,0.0428545480527,0.00443995653809,1.67636290416,2.83628862813,1.1301382465,0.000339041473949,0.0595938188958,0.0587427842893,0.00443995653809,1.65462779254,2.78366583764,0.48481976064,0.000145445928192,0.0308945042837,0.0297421997642,0.00443995653809,1.89636156452,1.89252724153,1.4890528037,0.000446715841111,0.0382701406312,0.0371611493382,0.00443995653809,1.86700022039,1.87019642178,1.34467538213,0.00040340261464,15,15,20,6,4
2007-11,-0.00595726271239,-0.00734001611784,0.00413785227033,2.02100035459,3.34716596583,2.25721575702,0.000677164727107,0.0260331918462,0.0246204257875,0.00413785227033,1.74419327489,2.94670689518,2.35725793461,0.000707177380382,-0.0118892260401,-0.0128248043944,0.00413785227033,1.65891953758,2.8269094498,0.766632253346,0.000229989676004,-0.0197300038999,-0.0204933764182,0.00413785227033,1.6453148138,2.79283253961,0.192612799897,5.77838399692e-05,0.00012303147724,-0.00104219919089,0.00413785227033,1.90716102917,1.97918207728,1.53213996599,0.000459641989798,-0.0140178212564,-0.0149718626803,0.00413785227033,1.85816091855,2.20860976494,0.828175818573,0.000248452745572,15,15,20,6,4
2007-12,0.010253720587,0.00819437709083,0.0040502141257,2.20476558073,3.65160685271,4.5125160596,0.00135375481788,-0.00640809458761,-0.00737275202126,0.0040502141257,1.79246183139,3.01683923479,0.863562517715,0.000259068755314,0.0134048728674,0.0124990476971,0.0040502141257,1.64195469517,2.77596872922,0.667454973225,0.000200236491967,0.0169095120075,0.016175104071,0.0040502141257,1.65425310376,2.80758519027,0.0960641938517,2.88192581555e-05,0.00657692764354,0.00534588353374,0.0040502141257,2.01122630689,2.03641057209,1.75151810485,0.000525455431456,0.0147747672384,0.0135626727982,0.0040502141257,1.89967670008,2.58692456629,1.68835253946,0.000506505761838,15,15,20,6,4
2008-01,0.0371087081088,0.0348057746891,0.00409006007694,2.25477589529,3.77433771177,5.32448247119,0.00159734474136,0.035794880473,0.0348141527551,0.00409006007694,1.79971326002,3.05786625713,0.917130131771,0.000275139039531,0.0489432458847,0.0475052083084,0.00409006007694,1.65393014453,2.82559075082,2.44149632649,0.000732448897946,0.00178097886055,0.000923911054886,0.00409006007694,1.66369386032,2.8575282225,0.504930424425,0.000151479127327,0.0255153981388,0.0242319912942,0.00409006007694,2.0382640728,1.71848497598,1.92606055432,0.000577818166297,0.0311227070478,0.0296501075364,0.00409006007694,1.92357445037,1.62042305632,2.55670277679,0.000767010833037,15,15,20,6,4
2008-02,0.046745632649,0.0443323137582,0.00314502415752,2.22958211076,3.65038192991,5.69243404164,0.00170773021249,0.0382675267769,0.03706223334,0.00314502415752,1.8048196709,3.03084828157,1.6656825286,0.000499704758581,0.0593108582952,0.0585389117953,0.00314502415752,1.63833283735,2.74734994122,0.221192738431,6.63578215292e-05,0.0493282683766,0.0485904478759,0.00314502415752,1.67867186955,2.8403724952,0.107439407949,3.22318223846e-05,0.0477796726215,0.0463155199374,0.00314502415752,2.05473635536,2.50719839526,2.52854668576,0.000758564005729,0.0536371938544,0.0523829167823,0.00314502415752,1.9308104256,2.01439307553,1.82896131251,0.000548688393754,15,15,20,6,4
2008-03,0.0593969308332,0.0575023243648,0.00251492019563,2.17990490033,3.55093062789,3.96339263354,0.00118901779006,0.0455359296941,0.0441692192386,0.00251492019563,1.8107483583,3.04750840659,2.20373925731,0.000661121777193,0.0345742028339,0.0337328977375,0.00251492019563,1.60859002738,2.7061621377,0.45238806026,0.000135716418078,0.0249821083511,0.0240983388339,0.00251492019563,1.66470378451,2.82142706449,0.593936129634,0.00017818083889,0.0460923766417,0.0446475170079,0.00251492019563,2.03711830551,2.42246202369,2.46423651801,0.000739270955403,0.0403285507537,0.0391208350927,0.00251492019563,1.90027922536,2.22701069802,1.67375660885,0.000502126982654,15,15,20,6,4
2008-04,-0.0519731424291,-0.0533220149761,0.00229578846557,2.11135735103,3.42088519459,2.14427956227,0.000643283868681,-0.0405380050587,-0.0415903901711,0.00229578846557,1.78900485524,2.99150338934,1.15598811352,0.000346796434057,-0.0361667663794,-0.0370710582267,0.00229578846557,1.64472798871,2.7615155498,0.662343896382,0.000198703168915,-0.0104464253618,-0.0114339560499,0.00229578846557,1.70087264821,2.87738775422,0.939806699092,0.000281942009728,-0.039070684919,-0.0402408366063,0.00229578846557,2.03114409123,2.66374248672,1.5485433632,0.00046456300896,-0.0359733255187,-0.0370519555578,0.00229578846557,1.92582418034,2.35748331108,1.2434712027,0.000373041360811,15,15,20,6,4
2008-05,-0.00955065507962,-0.011312271012,0.00234452996467,2.01886338005,3.24610468732,3.5200908469,0.00105602725407,-0.021351817841,-0.0222373241025,0.00234452996467,1.70893010376,2.84101814064,0.599725277033,0.00017991758311,-0.0124674911683,-0.0132774657251,0.00234452996467,1.57311957111,2.61891096233,0.347952928212,0.000104385878464,0.0109328292518,0.0100672654288,0.00234452996467,1.68383184333,2.87308869217,0.533250482235,0.000159975144671,-0.00874894887562,-0.00994587237346,0.00234452996467,1.95006114134,2.08686436126,1.63778273167,0.000491334819501,-0.00564283461214,-0.0067812812182,0.00234452996467,1.85333992105,1.90083163049,1.4428597591,0.000432857927731,15,15,20,6,4
2008-06,0.0224252719057,0.0204486418207,0.00219009235174,2.0414872919,3.34251838501,4.2368046889,0.00127104140667,0.0458903285388,0.0442577995512,0.00219009235174,1.6965807688,2.85819273011,3.08980103103,0.00092694030931,0.029222497875,0.0282581402548,0.00219009235174,1.58794214513,2.68360766031,0.862563139577,0.000258768941873,0.0448479877587,0.0440210742311,0.00219009235174,1.75918808011,3.0523168543,0.404416164416,0.000121324849325,0.0445231954538,0.0429475298042,0.00219009235174,1.98854090729,2.3581802137,2.90025657099,0.000870076971296,0.0350383020987,0.0337475095357,0.00219009235174,1.89827118811,1.89879951841,1.95067961535,0.000585203884604,15,15,20,6,4
2008-07,-0.0444873112263,-0.0458036285207,0.00227140793516,2.04190856034,3.26749377887,2.03576205357,0.00061072861607,-0.0226694044709,-0.0237003226686,0.00227140793516,1.67778826351,2.77430148393,1.08443173125,0.000325329519376,0.0200504259697,0.0187096338213,0.00227140793516,1.5948294879,2.6770507938,2.1173449003,0.000635203470089,0.00307073912933,0.00233805231996,0.00227140793516,1.74395543788,2.99311866163,0.0903271034595,2.70981310379e-05,-0.0223385128031,-0.023300293298,0.00227140793516,1.96921013264,2.50048651854,0.85397272188,0.000256191816564,-0.0056696503252,-0.00683599165718,0.00227140793516,1.89681861123,2.58882293333,1.53584217879,0.000460752653636,15,15,20,6,4
2008-08,0.0444663883664,0.0428093731258,0.00229578846557,1.96335190436,3.11971628179,3.17142187428,0.000951426562285,-0.0475655026192,-0.048535293612,0.00229578846557,1.65502138966,2.71888802481,0.880674381323,0.000264202314397,-0.0697864029836,-0.0706135103514,0.00229578846557,1.60100993918,2.6554862911,0.405062298357,0.000121518689507,-0.0475563173322,-0.0485207316315,0.00229578846557,1.7519039855,2.94689661256,0.862752070056,0.000258825621017,-0.0219857388595,-0.0231964628912,0.00229578846557,1.94254245819,1.95533067952,1.68378451125,0.000505135353375,-0.0325122502483,-0.0336470168441,0.00229578846557,1.89544806472,2.17464837926,1.43059305817,0.000429177917452,15,15,20,6,4
2008-09,0.0351945774204,0.033809418116,0.00229578846557,1.92156174312,2.8261419799,2.26523542025,0.000679570626076,0.0224122194604,0.0211367070509,0.00229578846557,1.58236137444,2.38861282943,1.8997457706,0.00056992373118,0.012030051327,0.0109191077686,0.00229578846557,1.44058033394,2.28718645861,1.35118293345,0.000405354880035,-0.00643431381258,-0.00734110170611,0.00229578846557,1.64194044602,2.69507469324,0.670664050655,0.000201199215196,0.0192424657571,0.0180830478444,0.00229578846557,1.9062695291,1.93764267752,1.5127641143,0.000453829234289,0.0162463540348,0.0151609014744,0.00229578846557,1.82940768518,1.87344126348,1.26621294039,0.000379863882116,15,15,20,6,4
2008-10,0.2099277866,0.208691060463,0.00294354157601,1.91118481374,2.82610805292,1.77045819554,0.000531137458661,0.147489367636,0.146494676276,0.00294354157601,1.58812912265,2.41858207934,0.963675602797,0.000289102680839,0.128365256343,0.12741194987,0.00294354157601,1.44246765685,2.31200298062,0.825725984144,0.000247717795243,0.0577533609267,0.056897110486,0.00294354157601,1.63430219464,2.7304686184,0.50220587455,0.000150661762365,0.147211959909,0.146160627381,0.00294354157601,1.90603779058,1.79272398303,1.1524795,0.000345743850001,0.138482534637,0.137456038011,0.00294354157601,1.8295582141,1.66170282856,1.06969316127,0.00032090794838,15,15,20,6,4
2008-11,0.0588458861185,0.0577043281441,0.00353062738264,1.25517647809,1.86362906847,1.45323098678,0.000435969296033,0.0635798204603,0.0622361769915,0.00353062738264,1.24775662408,1.7743783632,2.12684930162,0.000638054790486,0.0298686913204,0.0288958802026,0.00353062738264,1.21026336572,1.83311391409,0.890741464909,0.000267222439473,0.0268640316591,0.0257836427096,0.00353062738264,1.59867294095,2.64436993118,1.24933423738,0.000374800271214,0.0556874757836,0.0546057272877,0.00353062738264,1.50948922129,1.62647681368,1.25386605871,0.000376159817613,0.0410656566475,0.0400971873173,0.00353062738264,1.49170923319,1.56512573265,0.876268839578,0.000262880651874,15,15,20,6,4
2008-12,0.0206572788929,0.0196404264537,0.0019457092157,1.2133295654,1.77581435926,1.03754586958,0.000311263760874,0.0287790098562,0.0280287174919,0.0019457092157,1.19719245985,1.66740204358,0.149012286395,4.47036859185e-05,-0.00940609940765,-0.0102708100376,0.0019457092157,1.2073569092,1.79953135149,0.530406505517,0.000159121951655,0.0162922122195,0.0153913724919,0.0019457092157,1.5959218126,2.60464376324,0.650836830698,0.000195251049209,0.0280389476684,0.0271335164268,0.0019457092157,1.46897765161,1.51774175253,0.666141877563,0.000199842563269,0.0110184017015,0.0100428548996,0.0019457092157,1.47702060954,1.52847429891,0.899860411757,0.000269958123527,15,15,20,6,4
2009-01,-0.0229276294001,-0.0239537352127,0.00146316765477,1.212161405,1.63012280284,1.06839044758,0.000320517134273,-0.0110752659711,-0.0118849522714,0.00146316765477,1.19212949357,1.46637509848,0.346992073195,0.000104097621958,0.00758809929069,0.00657159643631,0.00146316765477,1.20258945164,1.65052975595,1.03638058682,0.000310914176046,0.0131970907436,0.0122200153685,0.00146316765477,1.6233762368,2.396242148,0.904955655889,0.000271486696767,-0.0129697690719,-0.0138888447963,0.00146316765477,1.46601599088,1.57306864202,0.711623486954,0.000213487046086,-0.00365286483821,-0.00469682284501,0.00146316765477,1.48211322962,1.75544766081,1.12789776154,0.000338369328462,15,15,20,6,4
2009-02,-0.000996090337417,-0.0019490587656,0.000846051954532,1.18899379379,1.59059065076,0.824599166168,0.00024737974985,0.00596051645374,0.00513112596441,0.000846051954532,1.19204312609,1.47417682439,0.412672703282,0.000123801810985,0.00403056167639,0.00322147886637,0.000846051954532,1.20304712055,1.64620684402,0.344980438933,0.00010349413168,0.0134798439811,0.0125066350678,0.000846051954532,1.62747144026,2.37001607775,0.892067449852,0.000267620234956,0.00573370768104,0.00484147278351,0.000846051954532,1.4500335389,1.77476945595,0.622154063987,0.000186646219196,0.00383918614203,0.00291353177558,0.000846051954532,1.47619685824,1.96627222735,0.733552293699,0.00022006568811,15,15,20,6,4
2009-03,-0.000105950659412,-0.00144986177764,0.000961564991947,1.18902686851,1.58713585826,2.1277414663,0.00063832243989,0.00895860181539,0.00809264571202,0.000961564991947,1.19222823853,1.4645162852,0.534558083465,0.000160367425039,0.00330168651798,0.00254887782459,0.000961564991947,1.20291326221,1.6400738385,0.157400050163,4.72200150489e-05,-0.00087601636056,-0.00166954326072,0.000961564991947,1.6288930486,2.36324039579,0.293127406083,8.79382218248e-05,0.00271664570518,0.00168124394555,0.000961564991947,1.45059041805,1.01016266076,1.09937693764,0.000329813081291,6.50371835658e-05,-0.000972451966626,0.000961564991947,1.47454535124,1.17477118741,1.10633490618,0.000331900471854,15,15,20,6,4
2009-04,-0.014008147117,-0.0150969373838,0.000887323446935,1.1880072246,1.58670222253,1.27733862838,0.000383201588514,-0.0282833347941,-0.0291496609659,0.000887323446935,1.19212695258,1.465668289,0.535791644873,0.000160737493462,-0.0378368850235,-0.0385604136359,0.000887323446935,1.20204065222,1.64115097566,0.0597997801024,1.79399340307e-05,-0.0563218232703,-0.0572454282395,0.000887323446935,1.62728536977,2.37032412499,0.726720969461,0.000218016290838,-0.0321415251704,-0.0330607658081,0.000887323446935,1.44909635846,1.08876134348,0.712173197785,0.000213651959335,-0.0358892273028,-0.0368278580208,0.000887323446935,1.47100296545,1.025833621,0.776806798975,0.000233042039693,15,15,20,6,4
2009-05,-0.00592585575668,-0.00717044105489,0.000738658376515,1.19785163627,1.63212115967,1.79665539956,0.000538996619868,0.0191830400557,0.0180667066562,0.000738658376515,1.19227147804,1.44983543609,1.36914907072,0.000410744721216,-0.0344750491005,-0.0353702175076,0.000738658376515,1.17217392139,1.65157003928,0.631932429329,0.000189579728799,-0.0858986452932,-0.086782456752,0.000738658376515,1.51167095377,2.26296418525,0.594075934979,0.000178222780494,-0.0189327015118,-0.0199091090043,0.000738658376515,1.42603713488,1.03993134641,0.902729380445,0.000270818814134,-0.0409933217415,-0.041962601353,0.000738658376515,1.43613116845,1.42014765824,0.878969777347,0.000263690933204,15,15,20,6,4
2009-06,0.00349802297642,0.0023357575043,0.000473763562882,1.19439134539,1.5750423081,1.52225597926,0.000456676793777,0.00105119004376,6.03900228158e-05,0.000473763562882,1.19207451647,1.39931084478,0.950704475346,0.000285211342604,-0.015564603535,-0.0163789298702,0.000473763562882,1.1407660416,1.57104392983,0.36245885646,0.000108737656938,-0.0149465179114,-0.0158721949844,0.000473763562882,1.32134994056,1.91783704777,0.733627982284,0.000220088394685,-0.00371935595487,-0.00473343190003,0.000473763562882,1.40739657192,0.893574572678,1.0282908894,0.000308487266819,-0.0107892917865,-0.0117770898908,0.000473763562882,1.37925149247,1.02337073272,0.94069808654,0.000282209425962,15,15,20,6,4
2009-07,-0.0165062658645,-0.0176031620772,0.000324420505899,1.23522992998,1.60299475047,1.30435844809,0.000391307534426,0.0119791528598,0.0111018649533,0.000324420505899,1.23176932284,1.41738443072,0.572330760449,0.000171699228135,0.0119541180747,0.0109990023096,0.000324420505899,1.17409037542,1.5882356019,0.831756955987,0.000249527086796,0.00985314287082,0.00911532446855,0.000324420505899,1.36228569339,1.94675791036,0.10743241311,3.22297239331e-05,0.00172235237472,0.00079563101098,0.000324420505899,1.47029873026,0.712445260171,0.73710895134,0.000221132685402,0.00165106022769,0.000678275836319,0.000324420505899,1.43682629746,0.811399156466,0.890652376784,0.000267195713035,15,15,20,6,4
2009-08,0.00510288543041,0.00401754897243,0.000291199828296,1.22322177049,1.55990332279,1.26582593215,0.000379747779646,0.0264533541466,0.0255386049138,0.000291199828296,1.23336904981,1.40066639938,0.69720184815,0.000209160554445,0.0122904959172,0.0111608347009,0.000291199828296,1.17836415006,1.55569103054,1.41357512654,0.000424072537962,-0.00386816694601,-0.00458915513238,0.000291199828296,1.36660452529,1.90334341018,0.0513316934508,1.53995080352e-05,0.00979286608705,0.00884630618177,0.000291199828296,1.46946058776,0.713891293653,0.803237423144,0.000240971226943,0.00416136628601,0.00312848998841,0.000291199828296,1.43735532285,0.738061189074,1.09095873089,0.000327287619268,15,15,20,6,4
2009-09,0.0202122818822,0.0188915524265,0.000249656907416,1.23449640855,1.5539753452,2.05046925783,0.000615140777348,0.0134253329398,0.0124443900376,0.000249656907416,1.24256416012,1.41471168058,0.917847412809,0.000275354223843,0.0135557735568,0.0125240233429,0.000249656907416,1.17942033835,1.55668180136,1.08720511885,0.000326161535654,0.00840693502627,0.00759923059392,0.000249656907416,1.36475190956,1.90394185084,0.340385846714,0.000102115754014,0.0164323593833,0.0153726355095,0.000249656907416,1.48112579379,1.17473579683,1.18045065153,0.00035413519546,0.016393488507,0.0152610113567,0.000249656907416,1.44213931141,1.20880260955,1.42296157315,0.000426888471945,15,15,20,6,4
2009-10,0.00557805547571,0.00461686499884,0.000208094998643,1.23703043002,1.55582598452,0.852005995087,0.000255601798526,-0.000641747422167,-0.00150465189627,0.000208094998643,1.25340996005,1.42997302774,0.524385985888,0.000157315795766,0.0110770934137,0.010239410155,0.000208094998643,1.19300782005,1.58220518789,0.440315267783,0.000132094580335,-0.0048992957146,-0.00573976981806,0.000208094998643,1.37520025962,1.94461246067,0.449618083773,0.000134885425132,-0.000893207398959,-0.00180546657517,0.000208094998643,1.49415179759,1.47678099987,0.688901659596,0.000206670497879,0.00464210300877,0.0037278534667,0.000208094998643,1.45666444583,1.55085385162,0.695536212428,0.000208660863728,15,15,20,6,4
2009-11,-0.000540643376413,-0.0015181610164,0.000199780336744,1.23756164619,1.55098771899,0.906429872171,0.000271928961651,0.0107096560761,0.00988018690802,0.000199780336744,1.25058410331,1.4305603185,0.412934965776,0.000123880489733,0.0150578806412,0.0143058929975,0.000199780336744,1.20191543229,1.59126501502,0.154663218129,4.63989654388e-05,0.0121818794098,0.0113596732064,0.000199780336744,1.38377553744,1.95399125697,0.38872508353,0.000116617525059,0.00799859893915,0.00711224345609,0.000199780336744,1.49254799866,1.52531524011,0.602556015758,0.000180766804727,0.0101436362621,0.00929248836698,0.000199780336744,1.46475698014,1.46524291819,0.485197389315,0.000145559216795,15,15,20,6,4
2009-12,0.000427941185419,-0.000615416399404,0.000174831788142,1.24551307532,1.5638983556,1.12589635495,0.000337768906486,-0.000717038110811,-0.0015176579983,0.000174831788142,1.25649158701,1.44086754126,0.316770697181,9.50312091543e-05,0.00013145051826,-0.000630980123824,0.000174831788142,1.20774781281,1.59302293437,0.18947321249,5.6841963747e-05,-0.0126228194012,-0.0134608038413,0.000174831788142,1.39834651439,1.97981656755,0.441319205709,0.000132395761713,-0.00550399758294,-0.00638478466723,0.000174831788142,1.50826560434,1.50950031688,0.583994686478,0.000175198405943,-0.0047077754419,-0.00560452743344,0.000174831788142,1.4791346838,1.58463573267,0.637211043999,0.0001911633132,15,15,20,6,4
2010-01,-0.00536339458605,-0.00646711041595,0.000183148731639,1.24437023784,1.55759662468,1.32709050518,0.000398127151554,-0.00459597079627,-0.00542301697037,0.000183148731639,1.25662574404,1.43589669399,0.404858319198,0.00012145749576,-0.000472276059338,-0.00132081012128,0.000183148731639,1.20658235777,1.5846647937,0.476484612022,0.000142945383607,-0.0101276443695,-0.0109040277753,0.000183148731639,1.39287873293,1.96513789286,0.235982424783,7.07947274348e-05,-0.00725018740375,-0.00818797947789,0.000183148731639,1.50266736607,1.4374240793,0.774011319346,0.000232203395804,-0.00588955915106,-0.00682413450165,0.000183148731639,1.47523228741,1.52625673763,0.763288907518,0.000228986672255,15,15,20,6,4
2010-02,0.0104021319108,0.00939039782348,0.000166514083821,1.24352941827,1.59952927836,1.02048469668,0.000306145409004,-0.00678353723103,-0.00775084000942,0.000166514083821,1.26360348969,1.47479857804,0.872380333504,0.000261714100051,-0.00474248620087,-0.00553854999022,0.000166514083821,1.2107652219,1.63595834853,0.301583703375,9.04751110126e-05,-0.0171732439782,-0.0180336913659,0.000166514083821,1.38871488934,2.01648943648,0.516195697753,0.000154858709326,-0.00565858637697,-0.00662657148409,0.000166514083821,1.49943177469,1.21457702123,0.874654762599,0.00026239642878,-0.00374592926203,-0.00464888225999,0.000166514083821,1.47293696474,1.27341618563,0.657881065414,0.000197364319624,15,15,20,6,4
2010-03,-0.00279625737515,-0.00403665955541,0.000158195618531,1.24342146746,1.59487236421,1.78271167308,0.000534813501923,0.00619722727291,0.00535956900875,0.000158195618531,1.26140799743,1.48027120401,0.440231952767,0.00013206958583,0.0146213246332,0.0138656112595,0.000158195618531,1.21271149183,1.63554275092,0.167082317804,5.01246953412e-05,0.0170765452382,0.0163125742451,0.000158195618531,1.38981772301,2.01006106366,0.194607715748,5.83823147243e-05,0.00683683747893,0.00589701181884,0.000158195618531,1.49793418308,0.943139619444,0.780789939171,0.000234236981751,0.00980384599776,0.00883350731858,0.000158195618531,1.47415526196,0.991978729636,0.882500002811,0.000264750000843,15,15,20,6,4
2010-04,-0.00291860220614,-0.00427007208962,0.000191464914458,1.24460164333,1.5893072179,2.15293735047,0.000645881205142,0.00192582879748,0.00102286861118,0.000191464914458,1.27112086524,1.48560358049,0.65790502654,0.000197371507962,0.00739628062218,0.00649751553318,0.000191464914458,1.21406901311,1.6228583173,0.643921368891,0.000193176410667,0.00787632615984,0.00716550101225,0.000191464914458,1.38684696906,1.99977635299,0.0174548975275,5.23646925824e-06,0.00294574359551,0.00194819169748,0.000191464914458,1.50500199657,1.15121580644,0.973210732331,0.000291963219699,0.00516759090754,0.00414399238364,0.000191464914458,1.47820963343,1.32503355985,1.06003281855,0.000318009845565,15,15,20,6,4
2010-05,-0.0168702727048,-0.0180088237849,0.000249656907416,1.27138925658,1.64511691767,1.44320800606,0.000432962401819,0.0129473332636,0.0121348998854,0.000249656907416,1.29371172016,1.53514603649,0.356148999657,0.000106844699897,0.011039844599,0.0101415895321,0.000249656907416,1.22844862531,1.67373526149,0.642221295051,0.000192666388515,-0.0332849697716,-0.0340357707381,0.000249656907416,1.45841064445,2.15048398021,0.15070762722,4.52122881661e-05,-0.0140861059815,-0.0150160763312,0.000249656907416,1.56664292403,1.4008253817,0.747938904359,0.000224381671308,-0.0126272231164,-0.0135966959871,0.000249656907416,1.53201877233,1.57363905148,0.879613974285,0.000263884192285,15,15,20,6,4
2010-06,-0.00035332106072,-0.00150370347183,0.000374228778862,1.26128613633,1.61773449455,1.4826457759,0.000444793732771,-0.00450562780064,-0.00539014324598,0.000374228778862,1.29390116112,1.51442594674,0.596422556663,0.000178926766999,-0.00970329474925,-0.0105561288872,0.000374228778862,1.22963912304,1.65006663086,0.490818198687,0.000147245459606,-0.0119371927791,-0.0127806544653,0.000374228778862,1.43829380367,2.10199582398,0.459576692769,0.000137873007831,-0.00610165317534,-0.00710837138189,0.000374228778862,1.55530766979,1.38962540346,1.00376509403,0.00030112952821,-0.007843735177,-0.00884641718599,0.000374228778862,1.52414050721,1.50083726925,0.990311102194,0.000297093330658,15,15,20,6,4
2010-07,0.00159690737535,0.000464576513957,0.000432303973716,1.26426023817,1.69546151937,1.42247394353,0.000426742183058,-0.0151206586682,-0.0160442016088,0.000432303973716,1.307194509,1.562544225,0.726514207612,0.000217954262284,-0.0142362861433,-0.0152672467465,0.000432303973716,1.23798118186,1.73822820036,1.08457308315,0.000325371924946,0.00812257665043,0.00712429554679,0.000432303973716,1.46097198223,2.18751054262,0.97564141765,0.000292692425295,-0.00288843565894,-0.00394218129168,0.000432303973716,1.57659403173,1.53220651581,1.16052318136,0.000348156954409,-0.00189599717343,-0.00302090360013,0.000432303973716,1.54500978412,1.73910549208,1.39772582788,0.000419317748364,15,15,20,6,4
2010-08,-0.00328665057792,-0.00422417880063,0.000341026294854,1.26658392679,1.68978100628,0.773131814584,0.000231939544375,0.00188970418479,0.000922991263972,0.000341026294854,1.29484631701,1.54164303528,0.87041414159,0.000261124242477,0.0173557743084,0.0165124851995,0.000341026294854,1.22974673977,1.71436564217,0.459001435147,0.000137700430544,0.0361222116269,0.0353432328219,0.000341026294854,1.45959437644,2.167551648,0.244633755537,7.33901266611e-05,0.0103786169874,0.00946448559686,0.000341026294854,1.57514427515,1.46324508413,0.695142373891,0.000208542712167,0.019036859074,0.018153191702,0.000341026294854,1.54411640309,1.70679494866,0.593595645515,0.000178078693655,15,15,20,6,4
2010-09,0.00183094406596,0.000602857043883,0.000266276353299,1.28092202334,1.73355486925,1.74166114579,0.000522498343737,0.0115484580656,0.0106687846369,0.000266276353299,1.34673774523,1.61764420822,0.580282501316,0.000174084750395,0.00335751884761,0.00255542079296,0.000266276353299,1.28193075179,1.76462444316,0.321697921037,9.65093763112e-05,0.0141935849194,0.0133965984952,0.000266276353299,1.49930665864,2.1799189823,0.304659152847,9.13977458542e-05,0.0117847859073,0.0108421272517,0.000266276353299,1.64867109687,1.50385108045,0.790233257805,0.000237069977341,0.00714678424035,0.00620876733162,0.000266276353299,1.61517521964,1.75127090607,0.774760767965,0.00023242823039,15,15,20,6,4
2010-10,0.0180392350457,0.0170893821039,0.00023303442347,1.28191391863,1.71151752586,0.814214211832,0.00024426426355,0.0197148315525,0.0188287368219,0.00023303442347,1.35578928141,1.60697505569,0.601686841051,0.000180506052315,0.0113880174353,0.0105413451341,0.00023303442347,1.3161047387,1.77073301444,0.470278742734,0.00014108362282,0.00932627365557,0.00849595590398,0.00023303442347,1.56404629403,2.23364881341,0.415763577509,0.000124729073253,0.0208987255319,0.020012373443,0.00023303442347,1.67188504831,1.82240914197,0.602544701928,0.000180763410578,0.0165086530912,0.0156117927054,0.00023303442347,1.65344439142,2.0038112803,0.637572358207,0.000191271707462,15,15,20,6,4
2010-11,0.000335255104961,-0.000727289974179,0.000224722041861,1.2815029159,1.71249475875,1.18985466934,0.000356956400802,-0.0179251068956,-0.0186712473129,0.000224722041861,1.35355707549,1.60335119666,0.135172463403,4.05517390208e-05,-0.00514178550937,-0.00594220113807,0.000224722041861,1.329983616,1.78850682692,0.316089834555,9.48269503665e-05,-0.00682115059817,-0.00764041310447,0.000224722041861,1.63700639097,2.32810598357,0.378912759867,0.00011367382796,-0.00901531273949,-0.00990893964009,0.000224722041861,1.6741392517,1.61513854294,0.626794074197,0.000188038222259,-0.00457380397227,-0.00551025182478,0.000224722041861,1.66729252996,1.69329663528,0.769530580593,0.000230859174178,15,15,20,6,4
2010-12,0.00601443407447,0.00473990577113,0.000224722041861,1.28435390003,1.675480432,1.8964654167,0.000568939625009,0.0031459536801,0.00241469100271,0.000224722041861,1.33894641472,1.54978421553,0.0855799968339,2.56739990502e-05,-0.0129831008593,-0.013822233585,0.000224722041861,1.33495408259,1.75542189823,0.445146824304,0.000133544047291,-0.0108582792962,-0.0116253935452,0.000224722041861,1.6519372804,2.27206979643,0.205085235623,6.15255706869e-05,0.00126766018757,0.000301880949547,0.000224722041861,1.669922967,1.19015676775,0.867301865635,0.000260190559691,-0.0070760089415,-0.00808643826384,0.000224722041861,1.67769443098,1.2743428297,1.01613548001,0.000304840644004,15,15,20,6,4
2011-01,0.00444758760669,0.00323909443314,0.000249656907416,1.2845739334,1.62680438163,1.67634831738,0.000502904495214,0.00966320750557,0.00848565943284,0.000249656907416,1.34414378303,1.49273939331,1.57319798128,0.000471959394385,0.0119057402661,0.0110522357385,0.000249656907416,1.32726328016,1.65817966801,0.493052830781,0.000147915849234,-0.00407142187374,-0.00489937755381,0.000249656907416,1.65260278297,2.13429769805,0.407890005755,0.000122367001726,0.00463076080851,0.0035012504081,0.000249656907416,1.66963405516,1.20028157275,1.41307240692,0.000423921722077,0.00579429510149,0.00479605178973,0.000249656907416,1.67370481912,1.19827630165,0.975515444738,0.000292654633421,15,15,20,6,4
2011-02,0.0136654338182,0.0126115800154,0.000241346045274,1.28756826992,1.65421492082,1.16088374844,0.000348265124531,0.022067535997,0.0212014469307,0.000241346045274,1.34968008705,1.50287610087,0.535001293318,0.000160500387996,0.0186838958809,0.0175909972815,0.000241346045274,1.34876221294,1.71887441199,1.29103307025,0.000387309921075,0.00615186202146,0.00519940615547,0.000241346045274,1.65222172022,2.15161397249,0.822890625523,0.000246867187657,0.0178180312534,0.016827089452,0.000241346045274,1.67319900499,1.17084963417,0.951177076952,0.000285353123086,0.0155652934505,0.014512469906,0.000241346045274,1.68380018274,1.27757445691,1.15744955358,0.000347234866075,15,15,20,6,4
2011-03,-0.00253871388085,-0.00357821822339,0.00023303442347,1.29422093392,1.65666875147,1.113052214,0.000333915664201,0.000699540673115,-0.000116570927448,0.00023303442347,1.35295284358,1.48855339833,0.36840974075,0.000110522922225,0.00117573654579,0.000391299685281,0.00023303442347,1.38637917784,1.74136507777,0.262827273903,7.88481821708e-05,0.0101835397574,0.00936471568559,0.00023303442347,1.71396390985,2.20247383543,0.377451311718,0.000113235393515,0.00199178882126,0.00107307222644,0.00023303442347,1.69629899107,1.33518840256,0.710426388259,0.000213127916478,0.00320115190984,0.00227524728731,0.00023303442347,1.72749427529,1.44498732129,0.734386480652,0.000220315944196,15,15,20,6,4
2011-04,0.0241602002835,0.0232277257489,0.00023303442347,1.31009872547,1.69110183625,0.756286187572,0.000226885856272,0.0285324415151,0.027761003983,0.00023303442347,1.36618715064,1.51078305583,0.219496179232,6.58488537696e-05,0.0315889245153,0.0308067032772,0.00023303442347,1.40033479854,1.77382846534,0.255441866129,7.66325598388e-05,0.0342415416388,0.0334476878071,0.00023303442347,1.72790451826,2.22321717623,0.294217178061,8.82651534184e-05,0.0338938767345,0.033037858762,0.00023303442347,1.72479331886,1.2653372542,0.501430980551,0.000150429294165,0.0352936904459,0.0344278715828,0.00023303442347,1.75649441135,1.37635791388,0.534100615832,0.000160230184749,15,15,20,6,4
2011-05,0.0084385640688,0.00710714450913,0.000191464914458,1.33952156227,1.74168886912,2.08610293779,0.000625830881337,-0.0209261456669,-0.0217994712767,0.000191464914458,1.3956924563,1.55969427624,0.559123104918,0.000167736931475,-0.0289892813576,-0.0297584018016,0.000191464914458,1.41468608549,1.81917483337,0.211772552243,6.3531765673e-05,0.00261511058199,0.00184258376353,0.000191464914458,1.69698584313,2.19947674628,0.22312713375,6.69381401249e-05,-0.00686549995287,-0.00789922779406,0.000191464914458,1.75118920367,1.36656383747,1.09379720951,0.000328139162853,-0.00705111566549,-0.00804055983024,0.000191464914458,1.77293128831,1.29233918508,0.94618495469,0.000283855486407,15,15,20,6,4
2011-06,-0.00516229307107,-0.00647755320074,0.000174831788142,1.34486285562,1.75929475872,2.0322381711,0.000609671451331,-0.0076356268654,-0.00859280667502,0.000174831788142,1.3931878584,1.56785860597,0.838637104268,0.000251591131281,-0.0116282395849,-0.0123944469794,0.000174831788142,1.39515197807,1.7956375476,0.202062386991,6.06187160974e-05,0.00263457920962,0.00165658759139,0.000174831788142,1.69910304782,2.18363022673,0.908009799667,0.0002724029399,-0.00407201301653,-0.00517423558011,0.000174831788142,1.75383456378,1.50986224087,1.32211295083,0.000396633885248,-0.00533451160286,-0.00643054512838,0.000174831788142,1.77321957307,1.57859774181,1.30148282392,0.000390444847177,15,15,20,6,4
2011-07,0.00910690487546,0.00770400296803,0.000183148731639,1.34197569049,1.88252034897,2.32437743028,0.000697313229085,0.00768661234699,0.00666103059529,0.000183148731639,1.40542084365,1.63758103618,1.06664357789,0.000319993073368,0.0153480318795,0.0145170256084,0.000183148731639,1.3986792308,1.84614616994,0.418058642809,0.000125417592843,0.0287384342484,0.0279115371714,0.000183148731639,1.75270931172,2.31993150836,0.404361328838,0.000121308398651,0.0170338650925,0.015936081025,0.000183148731639,1.78006811228,1.43134703097,1.30731796389,0.000392195389168,0.0206921347984,0.0196720030509,0.000183148731639,1.79119619554,1.37710295159,1.04847689723,0.000314543069169,15,15,20,6,4
2011-08,0.0284855344108,0.027531951339,0.000199780336744,1.37698931275,1.90248797052,0.826647977913,0.000247994393374,0.029412510862,0.028495647397,0.000199780336744,1.42598287708,1.6416473243,0.704249288603,0.000211274786581,0.0105454897035,0.00931233786327,0.000199780336744,1.39890597359,1.81399881572,1.75854387289,0.000527563161866,-0.0473362720291,-0.0480683041206,0.000199780336744,1.72691817203,2.25189557313,0.0881447106889,2.64434132067e-05,0.00788883013518,0.00702770403993,0.000199780336744,1.80178026591,1.38209042055,0.518458056382,0.000155537416915,0.000551665340663,-0.000408230565617,0.000199780336744,1.78761134608,1.55231670876,0.847690759811,0.000254307227943,15,15,20,6,4
2011-09,0.0301507299686,0.0291135061175,0.000241346045274,1.37818080814,1.8854764949,1.10545057597,0.00033163517279,0.0171190104018,0.0162268065445,0.000241346045274,1.48755507472,1.70226068889,0.622050596334,0.0001866151789,0.00403447833377,0.00303540087103,0.000241346045274,1.52072981117,1.89035356499,0.978295948008,0.000293488784402,-0.0429018727599,-0.0437666522309,0.000241346045274,1.73116292271,2.14037719043,0.53063597575,0.000159190792725,0.00448060015521,0.00353157046094,0.000241346045274,1.82982573714,1.56118370167,0.811470053111,0.000243441015933,0.00205411482965,0.00105107321542,0.000241346045274,1.83280848877,1.75565882794,0.991509786321,0.000297452935896,15,15,20,6,4
2011-10,-0.0320093990479,-0.0331302980906,0.00027458493733,1.37272278717,1.82169699882,1.38436788127,0.000415310364381,-0.0260239084583,-0.0269458929363,0.00027458493733,1.48825371045,1.66046850759,0.721319332442,0.000216395799733,-0.0154813291672,-0.0164651782302,0.00027458493733,1.52114187406,1.81637003395,0.927534615432,0.00027826038463,-0.0160853316862,-0.0170836789108,0.00027458493733,1.68291471441,2.03546620654,0.975861821134,0.00029275854634,-0.0296554513753,-0.0307136639553,0.00027458493733,1.83174209447,1.51696497424,1.17541300539,0.000352623901618,-0.025522490973,-0.0266066603838,0.00027458493733,1.83447578818,1.64167343515,1.26193577468,0.000378580732403,15,15,20,6,4
2011-11,0.00160522713196,0.000300023454168,0.000307811684099,2.2986147292,2.83792365971,1.99871666485,0.000599614999455,0.0322743541758,0.0312824810149,0.000307811684099,2.11522647171,2.33826586415,0.954281608322,0.000286284482497,0.0350268655178,0.0340148796066,0.000307811684099,2.26932767448,2.68862884757,1.02132410952,0.000306397232855,0.020447591411,0.0193668546988,0.000307811684099,1.78629455976,2.08212069992,1.25049344616,0.000375148033848,0.0234141195056,0.0222426853927,0.000307811684099,2.77592207366,2.30884634807,1.55281811538,0.000465845434613,0.0252499617421,0.0241134503531,0.000307811684099,2.79864030351,2.50109703973,1.43640903553,0.000430922710659,15,15,20,6,4
2011-12,-0.00122218318208,-0.00351115233405,0.000341026294854,2.78497926809,3.41267278531,5.27793491209,0.00158338047363,0.0347961044234,0.0339124622964,0.000341026294854,2.48996065921,2.72945564601,0.593511495534,0.00017805344866,0.0392738924923,0.0384751603831,0.000341026294854,2.31556999131,2.72202658684,0.310478102836,9.31434308508e-05,-0.00543234020981,-0.00632718527152,0.000341026294854,1.79603352825,2.06806784691,0.630854611214,0.000189256383364,0.0116798257011,0.0103148548624,0.000341026294854,3,1.4124541271,2.19794053452,0.000659382160356,0.0134885060549,0.012083542501,0.000341026294854,3,1.638345572,2.33124958519,0.000699374875556,15,15,20,6,4
2012-01,-0.0213281094715,-0.0230953226381,0.000407419145376,2.86248235382,3.62122781457,3.53874829418,0.00106162448825,-0.0203959621853,-0.0217428902815,0.000407419145376,2.55947680226,3.11264090779,2.13779805947,0.00064133941784,-0.0266557183786,-0.0275104275342,0.000407419145376,2.28854569489,2.77723601163,0.497068257565,0.00014912047727,-0.00545635921058,-0.00645256565904,0.000407419145376,1.80897408265,2.16956723146,0.968725900427,0.000290617770128,-0.0152380132365,-0.0165489787772,0.000407419145376,3,3.0585333049,2.01792287428,0.000605376862283,-0.0197784037072,-0.0209711116608,0.000407419145376,3,2.87610725137,1.62373091754,0.000487119275262,15,15,20,6,4
2012-02,-0.00212101211374,-0.00389033227466,0.00033272377941,3,3.78608930576,3.54577160863,0.00106373148259,-0.0435795592303,-0.0447755378184,0.00033272377941,2.57682710957,3.15077496303,1.63463303235,0.000490389909705,-0.0503354381764,-0.0511250281572,0.00033272377941,2.25629821738,2.74783076106,0.280004341443,8.40013024328e-05,-0.022654762427,-0.0236576125386,0.00033272377941,1.81906106969,2.19204981919,0.990871444315,0.000297261433295,-0.0312418858912,-0.0324749914703,0.00033272377941,3,2.44213030976,1.75838966922,0.000527516900766,-0.0360733220042,-0.0372612240473,0.00033272377941,3,2.71454010162,1.60771121565,0.000482313364696,15,15,20,6,4
2012-03,-0.00770021257687,-0.00911905276256,0.000249656907416,3,3.77023544743,2.37750502451,0.000713251507354,0.0103452467973,0.00888741947881,0.000249656907416,2.46712646365,2.99218374722,2.50746213395,0.000752238640184,0.000797979991206,-0.000137939440031,0.000249656907416,2.1575159459,2.62345368047,0.767769176332,0.0002303307529,0.000523641812175,-0.000296452543083,0.000249656907416,1.82207475107,2.17626463995,0.381685589735,0.000114505676921,4.0197176848e-05,-0.00119101009445,0.000249656907416,3,2.50196761868,1.75206197653,0.000525618592958,-0.00310664127701,-0.00420699689968,0.000249656907416,2.95582213468,2.44797917682,1.31588981446,0.000394766944339,15,15,20,6,4
2012-04,-0.0375373592198,-0.0392731792492,0.000241346045274,3,3.80054302936,3.43410450369,0.00103023135111,-0.016159180199,-0.0173137904885,0.000241346045274,2.47081578789,3.01334840561,1.49673870377,0.00044902161113,0.00755513333466,0.0064408567541,0.000241346045274,2.15791172442,2.63531100033,1.36229300742,0.000408687902227,0.0196761473042,0.0188794846535,0.000241346045274,1.82129906339,2.1858326023,0.303579907941,9.10739723823e-05,-0.00761095519813,-0.00880578135901,0.000241346045274,3,2.10701944325,1.63079160848,0.000489237482545,0.00182060970326,0.000664902503158,0.000241346045274,2.95560967746,2.1334452501,1.50039507255,0.000450118521764,15,15,20,6,4
2012-05,-0.0170468159491,-0.0187158035253,0.000241346045274,3,3.77223541909,3.21132965941,0.000963398897824,-0.0777398736247,-0.0789718943419,0.000241346045274,2.66013316359,3.25007638022,1.75477346282,0.000526432038845,-0.0306028672031,-0.0316803957554,0.000241346045274,2.3738684955,2.86760414318,1.23979958008,0.000371939874023,0.0703387237899,0.0694120375686,0.000241346045274,1.91830331779,2.29178202735,0.736991809848,0.000221097542954,0.00319862745763,0.00194490021475,0.000241346045274,3,1.93911300267,1.82712854845,0.000548138564536,0.0207747337793,0.0195506586635,0.000241346045274,3,2.18989099513,1.7282881246,0.00051848643738,15,15,20,6,4
2012-06,0.0069643030051,0.00507069965353,0.000241346045274,3,3.84926435723,3.96004891078,0.00118801467323,-0.0190430742568,-0.0205454490985,0.000241346045274,2.42373259608,3.00800279465,2.65595387773,0.00079678616332,-0.000290568193229,-0.00156580049494,0.000241346045274,2.57811060515,3.11208752363,1.89881207791,0.000569643623373,0.00861022558909,0.00772154589477,0.000241346045274,2.18028938295,2.61559495845,0.61030338662,0.000183091015986,-0.00318948282709,-0.00462419736239,0.000241346045274,3,2.6247991385,2.43041952324,0.000729125856971,0.00622524263944,0.00489736827534,0.000241346045274,3,2.90544121966,2.07428561921,0.000622285685764,15,15,20,6,4
2012-07,-0.0185240511482,-0.0201542532601,0.000266276353299,3,3.86696811193,3.08204477832,0.000924613433497,-0.00193567739682,-0.00329584841863,0.000266276353299,2.40142837335,3.00624911303,2.1819411449,0.00065458234347,0.00796326116124,0.00678292536212,0.000266276353299,2.65618265125,3.21349373547,1.58249040262,0.000474747120786,-0.00585617004536,-0.00665888988798,0.000266276353299,2.20611446509,2.66277869205,0.32377054758,9.7131164274e-05,-0.00846167484886,-0.00977224098541,0.000266276353299,3,3.02711048005,2.01659152737,0.00060497745821,-0.00409399059782,-0.00527359342475,0.000266276353299,3,2.72804161893,1.580047162,0.000474014148601,15,15,20,6,4
2012-08,-0.00414852783076,-0.00557841497436,0.000249656907416,3,3.93615411827,2.41432821753,0.00072429846526,-0.0317071467655,-0.0325009051612,0.000249656907416,2.41522974614,3.03453650234,0.293899057986,8.81697173957e-05,-0.00223629969763,-0.00331449793746,0.000249656907416,2.67554737552,3.2538325352,1.24203187164,0.000372609561493,-0.0222996537943,-0.0231396365998,0.000249656907416,2.21093639743,2.69453480533,0.447980423966,0.00013439412719,-0.0281680895688,-0.0291309544316,0.000249656907416,3,2.92693971041,0.857587281496,0.000257276184449,-0.0143722863313,-0.0154179385802,0.000249656907416,3,2.77456498933,1.13354523516,0.000340063570547,15,15,20,6,4
2012-09,-0.0102523713463,-0.0118102660482,0.000216408900301,3,3.96360701593,2.8410200787,0.000852306023611,-0.0442840975833,-0.0454682407029,0.000216408900301,2.4688199802,3.0600277997,1.59518147069,0.000478554441208,-0.0478888908291,-0.0488449484561,0.000216408900301,2.69571343277,3.23749245715,0.83489649551,0.000250468948653,-0.0404310917358,-0.0412662539383,0.000216408900301,2.19220600935,2.67651236192,0.431911747339,0.000129573524202,-0.0374036603635,-0.03857422237,0.000216408900301,3,2.66562535872,1.54991109358,0.000464973328074,-0.0372654163017,-0.0382553752294,0.000216408900301,3,2.55278165198,0.947900831231,0.000284370249369,15,15,20,6,4
2012-10,0.00141722033763,-0.00042987687333,0.000199780336744,3,3.94960015919,3.80502844206,0.00114150853262,0.0118403575782,0.0107212481817,0.000199780336744,2.4158579956,3.01370662049,1.37840239374,0.000413520718121,0.00570535739069,0.0047736005822,0.000199780336744,2.60975563004,3.17440747706,0.753893767178,0.000226168130153,0.0111468678976,0.0101246901814,0.000199780336744,2.13782096159,2.63111210395,1.05529679269,0.000316589037806,0.010197537325,0.00883743742929,0.000199780336744,3,2.43298461277,2.18170405783,0.000654511217349,0.00720058802158,0.00597046793942,0.000199780336744,3,2.31992548545,1.74843801276,0.000524531403828,15,15,20,6,4
2012-11,-0.00571955576021,-0.00754835418999,0.000191464914458,3,3.95746535436,3.74403250481,0.00112320975144,0.000193513248957,-0.00114765289493,0.000191464914458,2.40951879993,3.01307605968,2.11859155182,0.000635577465546,0.0183169789874,0.0172139405445,0.000191464914458,2.6303750726,3.20705689044,1.32483254876,0.000397449764629,0.0113333676058,0.0104643649743,0.000191464914458,2.13538804751,2.62781923408,0.544713177065,0.00016341395312,0.00395717267772,0.00263989933493,0.000191464914458,3,1.97089499707,2.03894888151,0.000611684664453,0.0106862743221,0.00939570846212,0.000191464914458,3,2.10623308443,1.94992393874,0.000584977181622,15,15,20,6,4
2012-12,0.016731801164,0.0149834545411,0.000191464914458,3,3.970211732,3.47585981551,0.00104275794465,0.0435165126486,0.0423694097765,0.000191464914458,2.42813874992,3.06169105787,1.47171397912,0.000441514193737,0.0131668401512,0.0119400205829,0.000191464914458,2.66152195394,3.27004989184,1.73743629992,0.000521230889975,0.00979790331329,0.00886868544228,0.000191464914458,2.14345360008,2.65760442481,0.745430642255,0.000223629192676,0.0303505970512,0.0292380310237,0.000191464914458,3,2.30252691469,1.35659116394,0.000406977349182,0.0180534799929,0.0168195178881,0.000191464914458,3,2.921962813,1.76124475482,0.000528373426447,15,15,20,6,4
2013-01,-0.0163350594527,-0.0179333405344,0.000199780336744,3,3.96743889418,2.97564134449,0.000892692403346,0.0276458289798,0.0265758281057,0.000199780336744,2.35185908761,2.97142246996,1.21470731925,0.000364412195774,0.0125854514884,0.0118146482621,0.000199780336744,2.65592688338,3.28188127991,0.217381826708,6.52145480124e-05,0.001095137147,0.000171624785483,0.000199780336744,2.15472956847,2.68502570586,0.726412277279,0.000217923683184,0.00912655740745,0.00795583049432,0.000199780336744,3,2.82943291658,1.55046078263,0.00046513823479,0.00161266353474,0.000513434596768,0.000199780336744,3,3.0996208847,1.31213419877,0.00039364025963,15,15,20,6,4
2013-02,0.00213266059935,0.000349768620936,0.000191464914458,3,3.91364249168,3.59101100025,0.00107730330007,-0.00949583013315,-0.0106963569723,0.000191464914458,2.32683555526,2.92556690815,1.64979386953,0.000494938160858,-0.0223177993858,-0.0233601152219,0.000191464914458,2.65169577192,3.25537932376,1.12242385917,0.000336727157752,-0.0259049327468,-0.0267592506822,0.000191464914458,2.16522650842,2.67361801229,0.4957641901,0.00014872925703,-0.018442619771,-0.0196901816477,0.000191464914458,3,2.60104988027,1.80657732768,0.000541973198303,-0.0222761294595,-0.0235012249583,0.000191464914458,3,2.70569973225,1.73168940141,0.000519506820423,15,15,20,6,4
2013-03,-0.00517225900867,-0.00679754728947,0.000183148731639,3,3.90912087441,3.06566534157,0.00091969960247,0.000296449679163,-0.000916645981841,0.000183148731639,2.32990842638,2.91682265259,1.69168994222,0.000507506982667,-0.00794733605239,-0.00927592475581,0.000183148731639,2.63187687732,3.21014540627,2.07666675027,0.00062300002508,0.018817926645,0.017703690619,0.000183148731639,2.16715844713,2.66037429373,1.36215782551,0.000408647347654,0.00916411650567,0.00774857520164,0.000183148731639,3,2.41922468672,2.36650875229,0.000709952625687,0.00630250071551,0.00487382986559,0.000183148731639,3,2.36865201314,2.41027390529,0.000723082171588,15,15,20,6,4
2013-04,-0.017457326884,-0.0190273274898,0.000174831788142,3,3.93141622279,2.88137309169,0.000864411927506,-0.018610322076,-0.0198064965635,0.000174831788142,2.33399626763,2.94248421474,1.63528603054,0.000490585809162,-0.0136074730467,-0.0145563228701,0.000174831788142,2.669117674,3.27805175087,0.810870483662,0.000243261145099,0.0201892971123,0.0192998336612,0.000174831788142,2.17963680469,2.68679912092,0.612915909187,0.000183874772756,-0.00345623886843,-0.00471505273882,0.000174831788142,3,2.15772740052,1.84408397349,0.000553225192048,-0.00117341570688,-0.00233461367999,0.000174831788142,3,2.11571318458,1.51869764922,0.000455609294765,15,15,20,6,4
2013-05,0.00375186601419,0.0016609403048,0.000166514083821,3,3.87451137694,4.61779010352,0.00138533703106,0.0318376564473,0.0308763202271,0.000166514083821,2.31945289664,2.90365115784,0.852491806175,0.000255747541853,0.0271501701852,0.025981339236,0.000166514083821,2.6706816918,3.26085719884,1.54414090288,0.000463242270863,0.0120287877389,0.0112592553365,0.000166514083821,2.17077930781,2.65271265449,0.21314574702,6.39437241061e-05,0.0208493191115,0.0195800980958,0.000166514083821,3,2.18072499385,1.87877445797,0.00056363233739,0.0174039958561,0.0160576701957,0.000166514083821,3,2.54962466126,2.13578994035,0.000640736982105,15,15,20,6,4
2013-06,-0.0386880159412,-0.0403847140171,0.000166514083821,3,3.93652936878,3.30369799194,0.000991109397582,-0.0172646376085,-0.0187912835286,0.000166514083821,2.30067163145,2.96518471529,2.73685747262,0.000821057241787,-0.0347017197215,-0.0357659709375,0.000166514083821,2.66260421122,3.35380177148,1.19554179214,0.000358662537642,-0.0416420154687,-0.0427525097077,0.000166514083821,2.27426753666,2.82605134189,1.3496852019,0.00040490556057,-0.0438347719698,-0.0450755791644,0.000166514083821,3,2.93659732484,1.78406172068,0.000535218516205,-0.0502959902408,-0.0514451286076,0.000166514083821,3,3.05286629627,1.47849896153,0.000443549688459,15,15,20,6,4
2013-07,0.0287331647623,0.0267403398611,0.000158195618531,3,3.80191043332,4.29078740964,0.00128723622289,0.0218870364602,0.0207171594442,0.000158195618531,2.29146054825,2.87108112406,1.54762779239,0.000464288337718,0.0180006173538,0.0169206982894,0.000158195618531,2.62952499443,3.24015479282,1.24776795326,0.000374330385979,0.0206570336048,0.0196363295464,0.000158195618531,2.21839770731,2.69705376757,1.0503846004,0.00031511538012,0.0306556319124,0.02918292602,0.000158195618531,3,2.6184490889,2.55705738007,0.000767117214022,0.0272197166977,0.0258366004563,0.000158195618531,3,2.26700085454,2.2584252104,0.000677527563119,15,15,20,6,4
2013-08,-0.0146248696416,-0.0164123910554,0.000116591872446,3,3.83223302125,3.60644245153,0.00108193273546,0.00624124967275,0.00486067639468,0.000116591872446,2.30578834945,2.92556422372,2.24994866575,0.000674984599725,0.00817010305181,0.00708176149516,0.000116591872446,2.66149931411,3.30687233986,1.2758429277,0.000382752878309,0.0147281336764,0.0137824730815,0.000116591872446,2.20928164061,2.71143281864,0.800239722085,0.000240071916625,0.00391249321757,0.00245172838366,0.000116591872446,3,2.42401420333,2.51725385191,0.000755176155573,0.00541981082581,0.00410662261842,0.000116591872446,3,2.18576689338,2.02533176351,0.000607599529052,15,15,20,6,4
2013-09,0.0317286719004,0.0299839593162,9.99450421297e-05,3,3.83782760988,3.46374635274,0.00103912390582,0.0282885484557,0.0271745005004,9.99450421297e-05,2.30504931748,2.93180069052,1.36153092306,0.000408459276919,0.0240789911742,0.0227231033853,9.99450421297e-05,2.72028333772,3.42453827489,2.1676637021,0.000650299110629,0.0190865895867,0.0181794900174,9.99450421297e-05,2.31318317211,2.89245325301,0.671702969865,0.000201510890959,0.0328650576382,0.0316131012001,9.99450421297e-05,3,2.82244197658,1.82122586589,0.000546367759767,0.0281436064615,0.0269512056713,9.99450421297e-05,3,2.84854946142,1.62270703937,0.000486812111812,15,15,20,6,4
2013-10,0.00732121025318,0.00565377808697,9.16204838419e-05,3,3.85091253958,3.2061449596,0.00096184348788,-0.0118436886554,-0.012922818644,9.16204838419e-05,2.28982209085,2.93634127483,1.24513770093,0.00037354131028,-0.00402614457491,-0.00503116489003,9.16204838419e-05,2.69676951197,3.42539342216,0.998105455962,0.000299431636789,0.00107755750113,0.000178370626488,9.16204838419e-05,2.31690951832,2.91823337661,0.645327321003,0.000193598196301,-0.000350568314793,-0.00161687834559,9.16204838419e-05,3,2.92804082061,1.86907117487,0.000560721352461,0.00305092634605,0.00184248808966,9.16204838419e-05,3,3.05240601838,1.67616526017,0.000502849578052,15,15,20,6,4
2013-11,-0.000929334305374,-0.00262141090217,9.99450421297e-05,3,3.82397264365,3.28829306154,0.000986487918461,-0.00227462895018,-0.00333741107875,9.99450421297e-05,2.32276028113,2.98588368051,1.19064483413,0.000357193450238,0.0357741931539,0.035013841239,9.99450421297e-05,2.71924906228,3.46608581842,0.182544121685,5.47632365054e-05,0.0298830176714,0.0291134520261,9.99450421297e-05,2.32285106768,2.93509578399,0.213256556771,6.39769670313e-05,0.0130159816056,0.0118504140178,9.99450421297e-05,3,2.83676704535,1.53326303139,0.000459978909418,0.0272335350499,0.0261721552086,9.99450421297e-05,3,2.80135278188,1.18597054339,0.000355791163018,15,15,20,6,4
2013-12,0.0158233825746,0.0138278790827,9.99450421297e-05,3,3.86493965186,4.29971604549,0.00128991481365,0.00974117373301,0.00858719006774,9.99450421297e-05,2.36479506803,3.08994511418,1.49464995647,0.00044839498694,0.0175232146496,0.0165619967505,9.99450421297e-05,2.67011720647,3.44364568556,0.852097402401,0.00025562922072,0.0196271846667,0.0188132426786,9.99450421297e-05,2.29713922618,2.941821837,0.361177699069,0.000108353309721,0.0183831329134,0.0170257997288,9.99450421297e-05,3,2.77408604597,2.17248168726,0.000651744506178,0.0210096382864,0.0197447698439,9.99450421297e-05,3,2.83331540918,1.86426588029,0.000559279764087,15,15,20,6,4
2014-01,0.00487000005766,0.00342345999905,0.000116591872446,3,3.93491540789,2.46983793424,0.000740951380271,0.00652449518796,0.00523332115987,0.000116591872446,2.36268898164,3.20474529994,1.95195116583,0.000585585349749,-0.00922217235779,-0.0100904114286,0.000116591872446,2.69644182622,3.63410317216,0.542167975035,0.000162650392511,-0.00018297940631,-0.000965349765135,0.000116591872446,2.29877416938,3.05394797914,0.255938934957,7.67816804872e-05,0.00540754818438,0.00428532677003,0.000116591872446,3,3.12434947643,1.38877578671,0.000416632736012,-0.000515696296922,-0.00154441644192,0.000116591872446,3,3.13499293002,1.07710488887,0.000323131466661,15,15,20,6,4
2014-02,-0.0343748817636,-0.0363211577597,9.99450421297e-05,3,3.94447611461,4.13562439282,0.00124068731785,-0.00593290929298,-0.00719241817286,9.99450421297e-05,2.37090839763,3.21582076398,1.84640067182,0.000553920201546,-0.0176554415689,-0.0185983656343,9.99450421297e-05,2.71190480909,3.6524959241,0.791117956715,0.000237335387014,0.00372779426112,0.0028054911462,9.99450421297e-05,2.30164748942,3.05632429324,0.722381455275,0.000216714436583,-0.0118096056955,-0.0132338335911,9.99450421297e-05,3,2.484681429,2.39546405746,0.000718639217239,-0.0153405654401,-0.0165851215539,9.99450421297e-05,3,2.78282784446,1.79655811814,0.000538967435441,15,15,20,6,4
2014-03,0.0155764993341,0.0133909025782,0.000108268838283,3,3.90307240975,4.93336025862,0.00148000807759,-0.0103511083975,-0.0114411528081,0.000108268838283,2.42842081146,3.30692449151,1.28151910733,0.0003844557322,-0.00643876860943,-0.00752520346855,0.000108268838283,2.75750704145,3.7248463941,1.2694872693,0.00038084618079,-0.0249874933052,-0.0259746409082,0.000108268838283,2.30262596131,3.04258738066,0.938529748995,0.000281558924699,-0.00908219452611,-0.0105543722447,0.000108268838283,3,2.44972119703,2.55529680091,0.000766589040274,-0.00713492962514,-0.00858494733906,0.000108268838283,3,2.45859306318,2.48143011863,0.000744429035588,15,15,20,6,4
2014-04,0.00875578843498,0.00712165823561,9.99450421297e-05,3,3.89135073551,3.09513840345,0.000928541521034,0.0169041641322,0.0156961038443,9.99450421297e-05,2.42391458096,3.30292127721,1.67490536512,0.000502471609535,0.0102922094712,0.00904851319044,9.99450421297e-05,2.7556022386,3.74368158398,1.79369200809,0.000538107602428,0.00268686181898,0.00172627671672,9.99450421297e-05,2.27722803951,3.04784235554,0.849988079727,0.000254996423918,0.0122732660449,0.0109718788311,9.99450421297e-05,3,2.36125998062,1.98599511845,0.000595798535534,0.00906815258311,0.00778445631689,9.99450421297e-05,3,2.61736728864,1.92702529297,0.00057810758789,15,15,20,6,4
2014-05,-0.00111420426497,-0.00269359971597,9.99450421297e-05,3,3.94952296447,2.91268924221,0.000873806772662,0.00927402252796,0.00823310605676,9.99450421297e-05,2.52456466742,3.4978179406,1.11775930955,0.000335327792864,0.00729271444889,0.0062160790444,9.99450421297e-05,2.95370628211,4.08636894671,1.23682242049,0.000371046726148,-0.0194820688887,-0.020517269672,9.99450421297e-05,2.35414327504,3.1950591602,1.09870701672,0.000329612105017,-0.00540172184181,-0.00663559364499,9.99450421297e-05,3,2.57286227109,1.76094374948,0.000528283124845,-0.00641925395914,-0.00763074906097,9.99450421297e-05,3,2.59641148871,1.68635474498,0.000505906423495,15,15,20,6,4
2014-06,0.0110647476122,0.00948474436451,9.16204838419e-05,3,3.98195037541,2.91471523112,0.000874414569337,0.0174126597556,0.0163739279884,9.16204838419e-05,2.58413295847,3.5987850588,1.1104769629,0.000333143088869,0.018325231732,0.0173353695235,9.16204838419e-05,3,4.18723030095,0.947578433898,0.000284273530169,0.0156829214801,0.0147659368688,9.16204838419e-05,2.33813763298,3.20278378963,0.704653109668,0.000211395932901,0.0179073855266,0.0167335294034,9.16204838419e-05,3,2.11505816241,1.56089148288,0.000468267444865,0.0171410481269,0.0159787636235,9.16204838419e-05,3,2.1623786532,1.52231941673,0.00045669582502,15,15,20,6,4
2014-07,0.00100018644634,-0.000617330119963,9.16204838419e-05,3,3.98651805043,3.03975962654,0.000911927887962,-0.00482934509046,-0.00570928111948,9.16204838419e-05,2.5819072177,3.59872484196,0.581157835602,0.000174347350681,-0.00995817694623,-0.0111702629769,9.16204838419e-05,3,4.19353812245,1.68832450761,0.000506497352282,-0.0106228474747,-0.0117016919311,9.16204838419e-05,2.32936664462,3.20351771866,1.24418592681,0.000373255778044,-0.00812039748956,-0.00933665951951,9.16204838419e-05,3,2.68866273021,1.70224450535,0.000510673351606,-0.00928336615144,-0.0104978968848,9.16204838419e-05,3,2.7749768515,1.69647351659,0.000508942054977,15,15,20,6,4
2014-08,0.0326619688691,0.0306181072408,0.000108268838283,3,4.00105813802,4.46090983301,0.0013382729499,0.0212343119419,0.0201733430474,0.000108268838283,2.58792685511,3.64742951474,1.18460072036,0.000355380216107,0.0207332718113,0.019613065211,0.000108268838283,3,4.23603372115,1.38205973989,0.000414617921968,0.0106012607111,0.00960362525587,0.000108268838283,2.3842982613,3.31537872877,0.973489256333,0.0002920467769,0.018576314749,0.0172268726766,0.000108268838283,3,3.03744402439,2.14617798026,0.000643853394079,0.018012084623,0.0166432887687,0.000108268838283,3,3.01635689353,2.21069058663,0.00066320717599,15,15,20,6,4
2014-09,0.0158464097564,0.0142570462005,0.000108268838283,3,4.24593807523,2.94591625856,0.000883774877569,0.0126399368527,0.0115142284833,0.000108268838283,2.69927178787,4.02224068318,1.40039897029,0.000420119691087,0.00494489271454,0.00381544040102,0.000108268838283,3,4.46653024788,1.41287878392,0.000423863635175,-0.00212906525328,-0.00327229670457,0.000108268838283,2.57941341961,3.853156394,1.45880924317,0.000437642772952,0.0104843158071,0.00921350905328,0.000108268838283,3,3.3968584411,1.88406025148,0.000565218075443,0.00736487129581,0.00610617535299,0.000108268838283,3,3.31949618608,1.8436908816,0.000553107264481,15,15,20,6,4
2014-10,0.0682842135507,0.0669352185526,9.99450421297e-05,3,4.4626514066,2.14468773266,0.000643406319798,0.04362427773,0.0424615090938,9.99450421297e-05,2.73717865625,4.27783863893,1.52393319294,0.000457179957882,0.0502061926582,0.0488711940319,9.99450421297e-05,3,4.7141772598,2.09803316,0.000629409948001,-0.00413995073086,-0.0053432441494,9.99450421297e-05,2.80020118601,4.34775817999,1.65901580067,0.000497704740201,0.0352024896918,0.0339508666849,9.99450421297e-05,3,3.75779815389,1.82011442845,0.000546034328535,0.0358799901316,0.034605591559,9.99450421297e-05,3,3.88073497655,1.89603298087,0.00056880989426,15,15,20,6,4
2014-11,0.0303762752708,0.0287706728475,9.99450421297e-05,3,4.59145007449,3.00004581672,0.000900013745016,0.0338156195782,0.0328912733929,9.99450421297e-05,2.76189188166,4.42384667455,0.72919168978,0.000218757506934,0.0428457229182,0.0419499708957,9.99450421297e-05,3,4.78876500604,0.633877813652,0.000190163344096,0.0557222634166,0.0546730065492,9.99450421297e-05,2.8443288672,4.42219980608,1.14556063006,0.000343668189019,0.0446808358897,0.0435038722293,9.99450421297e-05,3,3.60618434096,1.57124994014,0.000471374982042,0.0464425952334,0.0452730787449,9.99450421297e-05,3,3.52087358101,1.54642603406,0.000463927810217,15,15,20,6,4
2014-12,0.082246136636,0.0806923966511,0.000108268838283,3,4.67850941939,2.82717102195,0.000848151306586,0.0854910597059,0.0845385691737,0.000108268838283,2.78972484637,4.53607403772,0.823006179365,0.00024690185381,0.0754432607726,0.0744851786098,0.000108268838283,3,4.8655265889,0.84164494847,0.000252493484541,0.06035612971,0.0593746161461,0.000108268838283,2.75810515924,4.39507420461,0.919749618425,0.000275924885527,0.0796228080556,0.0784108061701,0.000108268838283,3,4.25438325947,1.68804402396,0.000506413207189,0.0739557421084,0.0727682989232,0.000108268838283,3,4.20193220999,1.60618168977,0.00048185450693,15,15,20,6,4
2015-01,0.0688081878857,0.0674456900527,0.000124914144767,3,4.65235308242,2.18969718233,0.000656909154698,0.0999869823265,0.0990519805999,0.000124914144767,2.55523224618,4.13611147818,0.764710160966,0.00022941304829,0.120413048999,0.119503080155,0.000124914144767,3,4.81670171307,0.681267219344,0.000204380165803,0.0781088087492,0.0772616352716,0.000124914144767,2.63589966595,4.15339254218,0.47194933095,0.000141584799285,0.089568045364,0.0885384900783,0.000124914144767,3,3.96244384642,1.07988869132,0.000323966607395,0.0903653420795,0.0893176921905,0.000124914144767,3,3.92407855116,1.14020403575,0.000342061210725,15,15,20,6,4
2015-02,-0.0404112004392,-0.0420842653413,0.00013323565539,3,4.37477899391,3.22492074563,0.000967476223688,-0.0283849469632,-0.0295448506433,0.00013323565539,2.24798626029,3.41439361196,1.5143833393,0.00045431500179,-0.0201913589095,-0.02125241553,0.00013323565539,2.54034722792,3.83988916248,1.1848931404,0.000355467942121,-0.010785373408,-0.0117112529278,0.00013323565539,2.44605234491,3.60372777479,0.734302804814,0.000220290841444,-0.0365037894704,-0.0377489002413,0.00013323565539,3,3.56087771503,1.79840697519,0.000539522092556,-0.0322179500048,-0.033395261393,0.00013323565539,3,3.57583117588,1.57240903314,0.000471722709943,15,15,20,6,4
2015-03,0.0249303005247,0.0233690287057,0.000124914144767,3,4.33947451394,2.85227713562,0.000855683140686,0.044969648753,0.0440666225751,0.000124914144767,2.27777305701,3.51901396038,0.658124998664,0.000197437499599,0.0630208057552,0.0621456068187,0.000124914144767,2.69943712396,4.16109263887,0.565367527249,0.000169610258175,0.0333875300462,0.0325743762958,0.000124914144767,2.49667555196,3.72782469677,0.358550240451,0.000107565072135,0.0405553745657,0.0394445273007,0.000124914144767,3,3.35312127357,1.35086195551,0.000405258586652,0.0435815850696,0.0425086984384,0.000124914144767,3,3.52987197843,1.22432650952,0.000367297952856,15,15,20,6,4
2015-04,-0.0150015544809,-0.0170027657556,0.000116591872446,3,4.39028141056,4.31874198772,0.00129562259632,-0.0203773887657,-0.0213371997039,0.000116591872446,2.22155309986,3.41845908272,0.847407532709,0.000254222259813,-0.0585282964727,-0.0594157699744,0.000116591872446,2.57512398397,4.00888192964,0.606282744548,0.000181884823365,-0.0366559561111,-0.0375124437763,0.000116591872446,2.47577904262,3.67554437522,0.502996622778,0.000150898986834,-0.0322576439652,-0.0335329337821,0.000116591872446,3,3.22677125769,1.89900379517,0.000569701138552,-0.0464430254334,-0.0476498344037,0.000116591872446,3,3.40475434359,1.67073430653,0.000501220291958,15,15,20,6,4
2015-05,-0.0805789126147,-0.0825808155243,0.000108268838283,3,4.38332579727,4.32104743731,0.00129631423119,-0.060895924455,-0.0622007069273,0.000108268838283,2.21115831957,3.39907094322,1.99731264637,0.00059919379391,-0.0530530453908,-0.0540784372958,0.000108268838283,2.39852296367,3.74055216509,1.06601075573,0.000319803226718,-0.0423965558149,-0.0432182565071,0.000108268838283,2.40407416693,3.56826404824,0.387040046321,0.000116112013896,-0.0651002819927,-0.0664512537298,0.000108268838283,2.99491488143,2.768275967,2.15127686252,0.000645383058755,-0.059226801062,-0.0605304786415,0.000108268838283,2.97589826057,2.91456366448,1.99362967056,0.000598088901167,15,15,20,6,4
2015-06,-0.0433276507542,-0.045633326144,0.000124914144767,2.80014616011,4.08237497608,5.33362237144,0.00160008671143,-0.034814467276,-0.0362857129188,0.000124914144767,2.23138199343,3.30752791005,2.55218988151,0.000765656964452,-0.015315864637,-0.0163797130521,0.000124914144767,2.31528847272,3.4695745658,1.19419912235,0.000358259736705,-0.0204204181626,-0.021346003713,0.000124914144767,2.60757356615,3.76399246881,0.733322907148,0.000219996872144,-0.0338913051099,-0.0353227062805,0.000124914144767,2.75893763239,2.7641512444,2.41937497442,0.000725812492326,-0.0246061204069,-0.0259984011804,0.000124914144767,2.78220472486,2.99381801852,2.28897365051,0.000686692095154,15,15,20,6,4
2015-07,-0.0197922767053,-0.0223901428487,0.000149876392126,2.69933184579,3.90894233308,6.30759155047,0.00189227746514,-0.0328675267045,-0.0344263179128,0.000149876392126,2.18990843196,3.22341727024,2.84400843326,0.000853202529979,0.0313011190118,0.0302500156907,0.000149876392126,2.29930450958,3.41772895393,1.15171547594,0.000345514642782,0.0579731058951,0.0571330666078,0.000149876392126,2.58265118264,3.64340999343,0.448168696392,0.000134450608918,0.0018332289034,0.000169148532807,0.000149876392126,2.69206218771,1.74707295779,3.19497230751,0.000958491692254,0.0260662450471,0.0246077132547,0.000149876392126,2.74105512918,1.9456794411,2.50981038042,0.000752943114126,15,15,20,6,4
2015-08,0.0211508379324,0.0194275645378,0.000158195618531,2.69336307503,3.89651014935,3.39228238756,0.00101768471627,-0.0123209180428,-0.0136208212625,0.000158195618531,2.13860884804,3.1537129157,1.98104847123,0.000594314541368,0.0150696742349,0.0135874906875,0.000158195618531,2.27430039584,3.41794125063,2.58864956359,0.000776594869076,0.0766232145977,0.0757537906758,0.000158195618531,2.47023783029,3.50876900921,0.546117478767,0.00016383524363,0.0304924272592,0.0291927214859,0.000158195618531,2.69898192725,2.39891660486,1.9803903167,0.000594117095011,0.0431539560869,0.0418066107565,0.000158195618531,2.72419549834,2.53810021439,2.13918884026,0.000641756652079,15,15,20,6,4
2015-09,0.0517146877239,0.0498652306303,0.000216408900301,2.68116303426,3.88089209204,3.81289471752,0.00114386841526,0.0430088613574,0.0415843224697,0.000216408900301,2.16866115007,3.18026068148,2.39650069805,0.000718950209416,-0.0217634791938,-0.0227028326872,0.000216408900301,2.27409856176,3.4476135508,0.779216050334,0.0002337648151,0.0346980392601,0.0338314301386,0.000216408900301,2.32048080663,3.41122903909,0.536734810726,0.000161020443218,0.0538890944174,0.0525097090689,0.000216408900301,2.71628274813,2.55421870585,2.24598890073,0.000673796670218,0.0257800025318,0.0246105155027,0.000216408900301,2.67916991039,2.32307637863,1.54632783615,0.000463898350846,15,15,20,6,4
2015-10,-0.0256169708023,-0.0268146161442,0.000224722041861,2.59235288581,3.77466522253,1.64018887866,0.000492056663598,-0.0455147220661,-0.0467386556256,0.000224722041861,2.19708478406,3.20976032535,1.72781627054,0.000518344881162,-0.0375267444166,-0.0388482894196,0.000224722041861,2.33130946639,3.54968107306,2.05318774905,0.000615956324714,-0.0244414671262,-0.0252377222453,0.000224722041861,2.40362229522,3.52848319816,0.30222146924,9.06664407719e-05,-0.0390438208488,-0.0401634864658,0.000224722041861,2.69953722511,3.07123264668,1.38025646209,0.000414076938628,-0.0358751746539,-0.0368975826354,0.000224722041861,2.7438668929,2.65350227254,1.05606434403,0.000316819303208,15,15,20,6,4
2015-11,0.0220349185549,0.0202215161271,0.000208094998643,2.55253583081,3.7091096958,3.69271249818,0.00110781374946,0.0326606759219,0.0315770728875,0.000208094998643,2.10015347382,3.06954456239,1.26004785344,0.000378014356032,0.0554537002883,0.0542395088538,0.000208094998643,2.25664598893,3.42249042075,1.6953425204,0.000508602756121,0.063331379505,0.0624931528642,0.000208094998643,2.35744253689,3.45864651504,0.442126541531,0.000132637962459,0.0456981363025,0.0445649937731,0.000208094998643,2.60089176093,2.38995691717,1.42517950362,0.000427553851087,0.0528256360683,0.0515086363589,0.000208094998643,2.65689138411,2.49155152033,2.03803677015,0.000611411031046,15,15,20,6,4
2015-12,-0.0108411282824,-0.0128671869818,0.000249656907416,2.54364787001,3.664102607,4.40156673702,0.00132047002111,0.00362279759155,0.00248187332365,0.000249656907416,2.077309546,3.06702446563,1.45111863188,0.000435335589564,0.0127642199507,0.0117898685815,0.000249656907416,2.17243092478,3.31209106588,0.895875636452,0.000268762690935,0.00713054359376,0.00630944844251,0.000249656907416,2.24932656094,3.328965527,0.385021576387,0.000115506472916,0.000553580423176,-0.000784419317677,0.000249656907416,2.54089743036,2.64894020348,2.10803687505,0.000632411062516,0.00425475985966,0.00296422957954,0.000249656907416,2.5698956822,1.98485443778,1.9498053393,0.000584941601791,15,15,20,6,4
2016-01,0.0152921902178,0.0134202292907,0.000448890077372,2.53681076269,3.65980594356,3.88790749598,0.00116637224879,0.0533097928964,0.052299023413,0.000448890077372,2.11179139401,3.12277079524,1.01726935028,0.000305180805085,0.0676045678783,0.0663982122961,0.000448890077372,2.17173236953,3.30774615409,1.66922301274,0.000500766903821,0.0514194034218,0.0506267694289,0.000448890077372,2.24903861427,3.33254694784,0.290151048548,8.70453145644e-05,0.045675938593,0.0444655871778,0.000448890077372,2.55199130638,2.58260027409,1.68254245638,0.000504762736915,0.0525805818616,0.0514258155648,0.000448890077372,2.57160087793,2.63345835612,1.49725872821,0.000449177618462,15,15,20,6,4
2016-02,-0.058982042317,-0.060800517143,0.000473763562882,2.54743593313,3.6491968649,3.70962049216,0.00111288614765,-0.0418052907716,-0.0430304426607,0.000473763562882,2.0483608325,3.05239512849,1.73187736909,0.000519563210728,0.0071175892664,0.00628167549726,0.000473763562882,2.0505272052,3.1415774406,0.434416969343,0.000130325090803,-0.0328784819195,-0.033668877708,0.000473763562882,2.19102449778,3.25558799071,0.282690367122,8.48071101366e-05,-0.0499185115874,-0.0511748663094,0.000473763562882,2.49385558702,2.64898144499,1.83588681229,0.000550766043688,-0.0301709156115,-0.0312724337303,0.000473763562882,2.49376574251,2.71744313982,1.31976480143,0.000395929440429,15,15,20,6,4
2016-03,-0.0546003027549,-0.0565303578357,0.000448890077372,2.38731324717,3.41763606512,4.08155467504,0.00122446640251,-0.057425248309,-0.0588486419886,0.000448890077372,1.9779457185,2.89332744721,2.39268333748,0.000717805001243,-0.0753469682151,-0.0762396482275,0.000448890077372,2.07378819014,3.14166001902,0.623637780158,0.000187091334047,-0.0865583790349,-0.0878051135646,0.000448890077372,2.17023834243,3.19752963313,1.80381950429,0.000541145851286,-0.0750353780042,-0.0764199687449,0.000448890077372,2.38019750372,2.3334659485,2.26334020778,0.000679002062333,-0.0879612024195,-0.0892171730118,0.000448890077372,2.46029622261,2.46932631603,1.83460637991,0.000550381913972,15,15,20,6,4
2016-04,0.0132979912646,0.0120448172028,0.000457181995061,2.26419222965,3.24914689732,1.82528461158,0.000547585383475,0.00485892854315,0.00369116149981,0.000457181995061,1.85862725601,2.68911448081,1.54059455,0.000462178365,-0.00184600369541,-0.00306610569108,0.000457181995061,1.86864913378,2.79250564174,1.71504439113,0.000514513317338,-0.018829875551,-0.0201868473672,0.000457181995061,1.89456640766,2.75695849513,2.17127712622,0.000651383137866,-0.000922517993397,-0.00218177304298,0.000457181995061,2.14849946422,2.38557359032,1.84555457081,0.000553666371244,-0.00392155949689,-0.00519048982035,0.000457181995061,2.14723276683,2.39205808519,1.87780548375,0.000563341645125,15,15,20,6,4
2016-05,-0.0143542856618,-0.0159698773207,0.000457181995061,2.26877793985,3.27626117029,3.03334326859,0.000910002980577,-0.0167209093526,-0.0176634456906,0.000457181995061,1.8698242576,2.71622892145,0.789825532126,0.000236947659638,-0.024103612457,-0.0250223779478,0.000457181995061,1.87435591485,2.81416072705,0.710589374805,0.000213176812442,0.0167087989791,0.0156595318508,0.000457181995061,1.87819544522,2.75338214019,1.14559483336,0.000343678450009,-0.00464539095852,-0.00585638887755,0.000457181995061,2.1490726992,1.67889940762,1.68469746897,0.000505409240691,-0.00735525868636,-0.00857226019792,0.000457181995061,2.14528713804,1.72162312006,1.70470944409,0.000511412833227,15,15,20,6,4
2016-06,0.0162724835353,0.0145410991503,0.000473763562882,2.25770177665,3.2719161464,3.41931902207,0.00102579570662,0.0130969004368,0.011975071824,0.000473763562882,1.87191040244,2.71748439919,1.38746644825,0.000416239934475,0.0466105647941,0.0457670140747,0.000473763562882,1.85125721037,2.78087121778,0.459873470316,0.000137962041095,0.0157860606799,0.0149002113204,0.000473763562882,1.87523362931,2.76375655662,0.600868937167,0.00018026068115,0.0154754406014,0.0142741901693,0.000473763562882,2.15014990574,1.57763881927,1.65220584617,0.000495661753851,0.027871552819,0.0267312196332,0.000473763562882,2.14160003297,1.61548868532,1.44914835845,0.000434744507534,15,15,20,6,4
2016-07,0.0169911319015,0.0152687366035,0.000457181995061,2.29060382454,3.4582686332,3.38935539872,0.00101680661962,0.0332440211056,0.0320808308221,0.000457181995061,1.87879596415,2.79409042236,1.52533868363,0.000457601605088,0.0191884408289,0.0182576550041,0.000457181995061,1.82927132071,2.79629569683,0.750657155175,0.000225197146553,-0.0101015303847,-0.0112127817461,0.000457181995061,1.92825957744,2.92210291677,1.35220894351,0.000405662683054,0.0132579464745,0.012088440783,0.000457181995061,2.1953092114,2.15167264138,1.54639004382,0.000463917013145,0.00685950670757,0.00562516837666,0.000457181995061,2.18805730104,2.3492007172,1.7624988419,0.000528749652569,15,15,20,6,4
2016-08,-0.00486258576768,-0.00626011857663,0.000515204261739,2.29730182166,3.43994430698,2.30648043534,0.000691944130603,0.0101136380648,0.00893637339393,0.000515204261739,1.85841590494,2.75856016386,1.57225330852,0.000471675992556,0.00293231751041,0.00205071704252,0.000515204261739,1.82585310013,2.76299952162,0.586705965182,0.000176011789555,-0.00242521609357,-0.00342389940721,0.000515204261739,1.92232897045,2.8943995392,0.976982117696,0.000293094635309,0.00103962745771,-5.05182754091e-05,0.000515204261739,2.20427468265,2.39341215966,1.28185684926,0.000384557054778,-0.00214053167793,-0.00318699597921,0.000515204261739,2.19498161611,2.5140568933,1.13625207649,0.000340875622946,15,15,20,6,4
2016-09,0.00612326865351,0.00466326720928,0.000606307393942,2.30265785433,3.48470618906,2.51470921965,0.000754412765896,0.0120431250912,0.0110558114291,0.000606307393942,1.85745437052,2.79405205546,0.939083279268,0.00028172498378,0.0142064832868,0.0133216483033,0.000606307393942,1.82527555385,2.79154520046,0.597487683797,0.000179246305139,0.00415919764309,0.00325677715328,0.000606307393942,1.92100011918,2.92111057255,0.656106038253,0.000196831811476,0.00866639879623,0.00757754791454,0.000606307393942,2.20370721564,2.45812809367,1.27754067781,0.000383262203344,0.00876470520868,0.00767187885443,0.000606307393942,2.19237608652,2.24405900371,1.29079225304,0.000387237675911,15,15,20,6,4
2016-10,0.0037559794956,0.00228046327482,0.000622861801127,2.32054032455,3.5539485366,2.56642514146,0.000769927542439,-0.00472937641744,-0.00573003479453,0.000622861801127,1.86697085867,2.84468715963,0.983565662488,0.000295069698746,-0.00179128839204,-0.00281944670811,0.000622861801127,1.82652344341,2.8248313662,1.07523212577,0.000322569637732,0.00636448135891,0.00550449425439,0.000622861801127,1.92412393283,2.95834174562,0.514661420593,0.000154398426178,0.00140583087946,0.000303391809709,0.000622861801127,2.21755730043,2.38381369741,1.32283463804,0.000396850391412,0.00172010989735,0.000770817807683,0.000622861801127,2.20046256794,2.34063158833,0.812344704448,0.000243703411334,15,15,20,6,4
2016-11,0.0433722201057,0.0412369801773,0.000598029060451,2.32086841896,3.53355024101,4.7655041668,0.00142965125004,-0.00797680784445,-0.00900330044348,0.000598029060451,1.87017384839,2.8151198606,1.06967973564,0.000320903920692,-0.0352675978975,-0.0360989048596,0.000598029060451,1.82674569111,2.77982417473,0.419060946033,0.00012571828381,-0.0299961371115,-0.030928180487,0.000598029060451,1.9249079801,2.90854684347,0.754848990856,0.000226454697257,-0.0011626515819,-0.00248611028906,0.000598029060451,2.21792105182,1.95173937743,2.05956676273,0.00061787002882,-0.012794223924,-0.0140584506113,0.000598029060451,2.20015054443,2.07178112818,1.86212669656,0.000558638008967,15,15,20,6,4
2016-12,-0.0110676443303,-0.0124052885983,0.000589749973503,2.26180465955,3.26426133395,2.10685196542,0.000632055589626,0.0332744694905,0.0317705986787,0.000589749973503,1.86631486183,2.6877920866,2.66094044507,0.00079828213352,-0.00918771812933,-0.0101919406448,0.000589749973503,1.78356164705,2.58014865783,0.995446123832,0.00029863383715,-0.00206757561248,-0.00287517432464,0.000589749973503,1.89657412026,2.72126021543,0.340033446074,0.000102010033822,0.0080818930928,0.00688654949233,0.000589749973503,2.21748734335,1.6872822974,1.63251640712,0.000489754922137,-0.00967250873267,-0.0106893784861,0.000589749973503,2.19576716837,1.75356460271,1.03760358374,0.000311281075123,15,15,20,6,4
2017-01,-0.0308004555191,-0.0318671583894,0.000722125030048,2.25574961347,3.21014086485,1.20371397329,0.000361114191988,-0.0286331981095,-0.0296341894853,0.000722125030048,1.84108217399,2.63866968119,0.984675658189,0.000295402697457,-0.0288384188605,-0.0299697366656,0.000722125030048,1.77857249708,2.55254116675,1.41909708925,0.000425729126776,-0.00767454851582,-0.00867273050365,0.000722125030048,1.90003482079,2.70394399941,0.975311031637,0.000292593309491,-0.0252080466511,-0.0262047615293,0.000722125030048,2.22039875929,1.86303688691,0.970420666395,0.000291126199919,-0.0263031431974,-0.0274129217874,0.000722125030048,2.19258344669,1.92854546629,1.34729970545,0.000404189911635,15,15,20,6,4
2017-02,-0.0132748207599,-0.0149072043765,0.000746923923139,2.21208186824,3.13145589948,3.08931646068,0.000926794938203,0.00324626882488,0.00222758811304,0.000746923923139,1.80724665624,2.5716579779,1.04364011168,0.000313092033505,0.0098226997014,0.00870343742745,0.000746923923139,1.74804772999,2.48526604071,1.37891198538,0.000413673595615,0.012079310432,0.0111290668053,0.000746923923139,1.89588029412,2.68160858527,0.815516494659,0.000244654948398,0.00117794949848,-5.86242929596e-05,0.000746923923139,2.18783566219,1.53265634936,1.76995037701,0.000530985113103,0.00392428197318,0.0026651502616,0.000746923923139,2.15907419571,1.59979356227,1.84514344414,0.000553543033242,15,15,20,6,4
2017-03,-0.00153056024058,-0.00325431005609,0.000722125030048,2.23132752528,3.18804841485,3.39387045723,0.00101816113717,0.00668654461468,0.00543152370542,0.000722125030048,1.80922636667,2.53973725047,1.83144076974,0.000549432230923,0.0060094816932,0.00518635772777,0.000722125030048,1.75448505956,2.49675733228,0.391784290317,0.000117535287095,0.00231579004673,0.00131466297389,0.000722125030048,1.89392058281,2.70153479902,0.985127981686,0.000295538394506,0.00303933961474,0.00180911430849,0.000722125030048,2.19295164374,1.88749514744,1.74878875969,0.000524636627908,0.00420846974729,0.00303105522342,0.000722125030048,2.16673232435,2.05721289489,1.57275281846,0.000471825845538,15,15,20,6,4
2017-04,0.00115854404519,-0.000412847600556,0.000813021276327,2.2338498314,3.2238064837,2.88600989137,0.000865802967412,-0.00297602071481,-0.00396147265146,0.000813021276327,1.81320968628,2.55824792045,0.93287752772,0.000279863258316,-0.0136031422501,-0.0143677931216,0.000813021276327,1.75670186602,2.50580066138,0.196873977013,5.90621931038e-05,-0.00493819882347,-0.00600973742277,0.000813021276327,1.9136820773,2.73698549208,1.21983306986,0.000365949920958,-0.00292878374404,-0.00406621174307,0.000813021276327,2.19689473997,1.7893954525,1.43946440231,0.000431839320694,-0.00746884006895,-0.00854798769548,0.000813021276327,2.16961248834,1.74032471977,1.245196494,0.000373558948199,15,15,20,6,4
2017-05,0.0310838701256,0.0293394204532,0.000854307750792,2.23452050908,3.24563270453,3.46286998042,0.00103886099413,0.0160624072237,0.0149065401506,0.000854307750792,1.81390208799,2.57471333424,1.50092798272,0.000450278394815,0.00568732481804,0.00479274642521,0.000854307750792,1.74640410108,2.47144596403,0.629965714982,0.000188989714495,-0.00618885911167,-0.00713861607494,0.000854307750792,1.91057992543,2.72040338578,0.813894283115,0.000244168284934,0.0145633959276,0.0134044025959,0.000854307750792,2.1959820076,1.77368019644,1.51134884436,0.000453404653308,0.0116244367422,0.0104919277516,0.000854307750792,2.16481663642,2.0046281659,1.42306770744,0.000426920312231,15,15,20,6,4
2017-06,0.0181438115579,0.0165296335775,0.000870817096359,2.20567487861,3.19902591173,3.02863100717,0.00090858930215,0.00876309793901,0.00755934671835,0.000870817096359,1.81001460049,2.56467642544,1.66054180775,0.000498162542324,0.00460820814748,0.00346460779013,0.000870817096359,1.74638519725,2.46367347313,1.46003893007,0.00043801167902,-0.00256760510896,-0.00359681879096,0.000870817096359,1.91973214864,2.7230062909,1.07875001223,0.000323625003668,0.00769520623929,0.00642918694876,0.000870817096359,2.19435510457,1.70921814649,1.86810204066,0.000560430612197,0.00616677072624,0.00490972216325,0.000870817096359,2.1653464894,1.60665404303,1.8381996155,0.00055145988465,15,15,20,6,4
2017-07,0.00580262344843,0.00438740932766,0.000961564991947,2.1988738818,3.15228400448,2.36541814142,0.000709625442427,-0.00366413526878,-0.00487952754546,0.000961564991947,1.81169029702,2.56547586877,1.69934532779,0.000509803598337,0.0245758524766,0.0236239278968,0.000961564991947,1.74773296727,2.46219952455,0.821119671608,0.000246335901482,0.0256756310619,0.0247089740862,0.000961564991947,1.92033098744,2.72362917205,0.870227657588,0.000261068297276,0.0113421700119,0.0100968271553,0.000961564991947,2.19723606278,2.02608880115,1.79918059409,0.000539754178226,0.0235295681157,0.0224400696225,0.000961564991947,2.16805381593,1.96159452432,1.27969938278,0.000383909814833,15,15,20,6,4
2017-08,0.00385327454454,0.00249959583311,0.00101102572544,2.1989548332,3.12533564644,2.16030011033,0.000648090033098,-0.00789854478548,-0.0089213556678,0.00101102572544,1.81113726638,2.5489587474,1.0574073466,0.000317222203981,-0.0044509700019,-0.00546818987656,0.00101102572544,1.7395909724,2.43449860206,1.03877065442,0.000311631196325,0.00811089612006,0.00720072477111,0.00101102572544,1.91250944944,2.69257441745,0.681942235405,0.000204582670622,0.000975343635037,-0.000141942235111,0.00101102572544,2.19938651944,2.06641270612,1.3723239727,0.000411697191811,0.00184064505588,0.000729776709122,0.00101102572544,2.15946682784,2.05058324809,1.35093222806,0.000405279668418,15,15,20,6,4
2017-09,-0.00096909344019,-0.00297775249899,0.0010357460147,2.21590619737,3.13310712818,4.34356793486,0.00130307038046,-0.00650683839976,-0.00773560764281,0.0010357460147,1.81069955007,2.53387463416,1.7439352157,0.000523180564711,0.00403404472001,0.00304098669478,0.0010357460147,1.73843259082,2.44633062403,0.958231156287,0.000287469346886,0.00664149847552,0.00571925567232,0.0010357460147,1.91276658119,2.70038676866,0.722180416194,0.000216654124858,-0.000959039743772,-0.00233676569644,0.0010357460147,2.20224791847,2.21584291588,2.24045758109,0.000672137274327,0.0031696635895,0.00187193107362,0.0010357460147,2.16189226736,2.1107025998,1.97381279181,0.000592143837543,15,15,20,6,4
2017-10,0.00282450665187,0.000698034729932,0.0010357460147,2.21849646851,3.21713619447,4.73627747867,0.0014208832436,0.0070814922845,0.00579269463162,0.0010357460147,1.80847440563,2.59444383732,1.94402991515,0.000583208974546,-0.00420998591241,-0.00511872341197,0.0010357460147,1.7384466851,2.46783089357,0.67716273741,0.000203148821223,0.0112837664025,0.010369746819,0.0010357460147,1.91415032672,2.72957862296,0.694769683976,0.000208430905193,0.00798242394263,0.00649774826793,0.0010357460147,2.20164429528,1.85467862923,2.59695665456,0.000779086996368,0.0029883624907,0.00166803048018,0.0010357460147,2.16183284258,1.7682127132,2.04914444061,0.000614743332183,15,15,20,6,4
2017-11,-0.000109209763751,-0.00163179212685,0.0010439846191,2.31571825697,3.32789530628,2.72331228253,0.00081699368476,0.00444115832764,0.00316717039409,0.0010439846191,1.83034092917,2.65160695069,1.89466418405,0.000568399255215,0.0173051797468,0.0164051143675,0.0010439846191,1.75553668194,2.51379398155,0.648255670095,0.000194476701028,0.0059603902922,0.00522626514197,0.0010439846191,1.91543719224,2.74937530205,0.0951215729715,2.85364718914e-05,0.00281263954175,0.00164230434625,0.0010439846191,2.22049404548,1.95144250224,1.54915505721,0.000464746517164,0.00834120267306,0.00730671409849,0.0010439846191,2.18026003059,1.8736312652,1.09633298745,0.000328899896235,15,15,20,6,4
2017-12,0.00521455646387,0.00345328163794,0.00109340058917,2.3367136452,3.37277379579,3.51895382534,0.0010556861476,-0.00533561452203,-0.00649480281917,0.00109340058917,1.84389795681,2.68725676432,1.51199872935,0.000453599618804,0.0190102716413,0.0181364724431,0.00109340058917,1.76486755629,2.5407946562,0.560701732902,0.000168210519871,0.0290329550282,0.0281454261256,0.00109340058917,1.95122390628,2.81099516267,0.606467414202,0.000181940224261,0.0106768365756,0.00955098827964,0.00109340058917,2.25654208051,1.82894711488,1.40086539226,0.000420259617677,0.0207167225455,0.0195596505794,0.00109340058917,2.21580177912,2.28194642283,1.50494429258,0.000451483287773,15,15,20,6,4
2018-01,0.03341216154,0.0315635395586,0.00127436327261,2.52357052174,3.73154003533,3.81011101019,0.00114303330306,0.027430690883,0.026255693847,0.00127436327261,1.94988014062,2.87818540088,1.56469452563,0.000469408357689,0.0268605008913,0.0258500892447,0.00127436327261,1.81225514548,2.64550642618,1.01607656082,0.000304822968246,0.0668750109484,0.0658382596911,0.00127436327261,1.98240220443,2.90154229537,1.10387526327,0.000331162578981,0.0492988997386,0.0480365365571,0.00127436327261,2.39782601714,2.19462210504,1.85591501074,0.000556774503223,0.049554865641,0.0482832436062,0.00127436327261,2.31493275855,2.36975794751,1.8867778548,0.000566033356441,15,15,20,6,4
2018-02,-0.0489704415439,-0.0503026104197,0.00134828989009,2.63478691515,4.02768919466,2.08860065824,0.000626580197473,-0.0407939080456,-0.0422629556295,0.00134828989009,2.15265213735,3.34592220659,2.54486301827,0.00076345890548,-0.033315026545,-0.0344998187278,0.00134828989009,1.96945108388,2.98334799783,1.5973450149,0.000479203504469,-0.0544634103408,-0.0554710134549,0.00134828989009,1.95593446863,2.9858217102,1.00671478604,0.000302014435813,-0.0550019036416,-0.0562522164612,0.00134828989009,2.52122317178,3.33247876811,1.81574713752,0.000544724141257,-0.0528114525735,-0.0539459930352,0.00134828989009,2.41936978602,3.03558468262,1.4298392779,0.00042895178337,15,15,20,6,4
2018-03,-0.0149035865391,-0.0172300800269,0.00147136766516,2.58309188406,3.91939084828,5.40301603164,0.00162090480949,-0.0177453068643,-0.0190821174772,0.00147136766516,2.11807357828,3.27638775828,2.10407311517,0.000631221934551,-0.0108899729914,-0.0120429301087,0.00147136766516,1.937139738,2.91673706151,1.49122813005,0.000447368439015,-0.0194986425595,-0.0205958629864,0.00147136766516,1.85173837185,2.80720996189,1.30543916204,0.000391631748613,-0.0200288812511,-0.021595658248,0.00147136766516,2.43078642457,2.42703693875,2.87062772859,0.000861188318577,-0.0164197599988,-0.0178667199134,0.00147136766516,2.32978687303,2.11092145608,2.4712374544,0.00074137123632,15,15,20,6,4
2018-04,-0.00559550672423,-0.00712200578415,0.00171702520328,2.6028520926,3.90181321797,2.73636793861,0.000820910381583,-0.00926929193575,-0.0105072573421,0.00171702520328,2.18516169361,3.41794166398,1.77458909334,0.000532376728002,-0.00158122968136,-0.00270037914731,0.00171702520328,2.00396154407,3.03500506645,1.37853595871,0.000413560787612,-0.000970378393143,-0.00187369146499,0.00171702520328,1.85071902452,2.84260127326,0.659081311707,0.000197724393512,-0.00555799449415,-0.00680963862036,0.00171702520328,2.46256293663,2.50397002257,1.82018482623,0.00054605544787,-0.00312363652188,-0.00432594773192,0.00171702520328,2.36487111763,2.39725363987,1.65574177233,0.000496722531699,15,15,20,6,4
2018-05,-0.00289719798382,-0.00515021550808,0.0018151029572,2.60617316656,3.93415503366,5.15809615309,0.00154742884593,0.00664460014834,0.00524875801198,0.0018151029572,2.19311187359,3.45837142889,2.30084486009,0.000690253458026,-0.0204230630105,-0.0215130571893,0.0018151029572,2.07755183184,3.17379378647,1.28135166795,0.000384405500385,-0.00901355653016,-0.00989729113845,0.0018151029572,1.87808563778,2.91072975338,0.593819766507,0.000178145929952,-0.0029953847959,-0.00452418985109,0.0018151029572,2.48764433677,1.84070676027,2.74405458952,0.000823216376856,-0.0141525301462,-0.0155143972322,0.0018151029572,2.41855772829,2.11650847154,2.18759469218,0.000656278407655,15,15,20,6,4
2018-06,-0.0252930623948,-0.0271958517841,0.00178242210722,2.83505018621,4.48233887561,3.99066903628,0.00119720071088,0.0014864202637,2.5970016026e-05,0.00178242210722,2.32601722814,3.95593966247,2.51620523113,0.000754861569339,-0.0183212694094,-0.0196358474524,0.00178242210722,2.1388411912,3.46422826753,2.02996454905,0.000608989364714,-0.0215795884738,-0.0224778782613,0.00178242210722,1.91462562758,3.16191979354,0.642337030532,0.00019270110916,-0.0168730165398,-0.0181798217077,0.00178242210722,2.61781587238,2.59608909227,2.004054965,0.0006012164895,-0.0238512034609,-0.0252584750213,0.00178242210722,2.50991355676,2.78141928646,2.33894294018,0.000701682882055,15,15,20,6,4
2018-07,-0.000613260458851,-0.00297204849005,0.00180693384407,2.89220487093,4.66229686394,5.51066450955,0.00165319935286,0.0219218587784,0.0206986387159,0.00180693384407,2.37530052819,4.18930236193,1.72543794723,0.000517631384169,-0.00409536244417,-0.00514975112603,0.00180693384407,2.13127471557,3.57599464876,1.16266667841,0.000348800003524,-0.0175961063161,-0.0187329550737,0.00180693384407,1.9028021885,3.26361708763,1.43753359751,0.000431260079252,-0.00127543339698,-0.00283476011416,0.00180693384407,2.64961403883,2.79141018581,2.84579346283,0.000853738038848,-0.0114066921176,-0.0129473710828,0.00180693384407,2.50300169838,2.9110674332,2.78363428947,0.000835090286842,15,15,20,6,4
2018-08,0.00590614232555,0.0034884566188,0.00179059341922,2.91212600675,4.76077527632,5.70699009471,0.00171209702841,0.00941499644805,0.00830921263816,0.00179059341922,2.40942294991,4.23511820596,1.33398377185,0.000400195131555,0.014877644344,0.0138107027741,0.00179059341922,2.16071126295,3.65338450766,1.20450963878,0.000361352891635,0.00340005843138,0.00218743278259,0.00179059341922,1.9434271158,3.37716024001,1.69012323482,0.000507036970447,0.00766039621113,0.00614626797209,0.00179059341922,2.64923616234,2.86146202853,2.69513186901,0.000808539560703,0.0095943002329,0.00813238937917,0.00179059341922,2.5194657132,2.18548415477,2.52107391799,0.000756322175396,15,15,20,6,4
2018-09,0.00564588358994,0.00384045563279,0.00180693384407,2.93998481375,4.85570412909,3.66613092938,0.00109983927881,-0.000629532140474,-0.001972875796,0.00180693384407,2.41621482066,4.32356896507,2.12584992396,0.000637754977187,-0.000998316577086,-0.00254965140529,0.00180693384407,2.16185228066,3.63712240022,2.81915383288,0.000845746149865,-0.0022568864403,-0.00339250322151,0.00180693384407,2.07529665451,3.60336211449,1.43342700956,0.000430028102868,-0.00270289546288,-0.00416407290427,0.00180693384407,2.68931664812,3.41814435726,2.51862921018,0.000755588763053,-0.00300820226467,-0.00452616685962,0.00180693384407,2.59043034936,3.29546068677,2.70791972205,0.000812375916616,15,15,20,6,4
2018-10,0.00880195215908,0.0060912342271,0.00184777208425,3,5.05462585665,6.68376417882,0.00200512925365,-0.00538482717342,-0.00649023110713,0.00184777208425,2.51517123639,4.53454301824,1.33271751793,0.000399815255379,0.0118994672193,0.0108951662007,0.00184777208425,2.17773354219,3.65766905548,0.995707800926,0.000298712340278,0.00243926261072,0.00133169081187,0.00184777208425,2.11225559548,3.67078955988,1.33994373504,0.000401983120511,0.00298426364456,0.00144166866311,0.00184777208425,2.83714563471,2.8720494486,2.79002101036,0.000837006303109,0.0100485124481,0.00851701421438,0.00184777208425,2.62171721605,2.74702107911,2.75303185135,0.000825909555405,15,15,20,6,4
2018-11,0.0103257847439,0.00837408662528,0.00195386589188,3,5.10528481567,4.15369813423,0.00124610944027,0.0161202260906,0.0144013383951,0.00195386589188,2.64009298261,4.75364184671,3.37766339057,0.00101329901717,0.0146700420422,0.0136288503491,0.00195386589188,2.22437622882,3.74881027957,1.11867671603,0.000335603014808,0.00031755777709,-0.000517848069841,0.00195386589188,2.12728579602,3.71319323739,0.432723895312,0.000129817168594,0.00669159996592,0.00512025458179,0.00195386589188,2.91604441369,3.68156555789,2.88585568598,0.000865756705795,0.00726997789303,0.00601420818219,0.00195386589188,2.66712204905,3.20003430734,1.83393677498,0.000550181032495,15,15,20,6,4
2018-12,-0.0171776476442,-0.0189181870249,0.00210870412796,3,5.09560991962,3.44983567475,0.00103495070243,-0.0331231928195,-0.0346863195522,0.00210870412796,2.7079950213,4.8696510251,2.85846018118,0.000857538054355,0.00248339013668,0.00150015096499,0.00210870412796,2.33657625578,3.86148310389,0.925501644529,0.000277650493359,0.0131437014322,0.0120721921405,0.00210870412796,2.26569323396,3.92610696645,1.21973537816,0.000365920613448,-0.0192230228858,-0.0207169405006,0.00210870412796,3,3.81358273799,2.62776312175,0.000788328936524,-0.00209813229305,-0.00331918264021,0.00210870412796,2.81167401548,2.97144473026,1.71820556274,0.000515461668821,15,15,20,6,4
2019-01,-0.025977297826,-0.0287379341345,0.00221449464783,3,4.98349191534,6.8501587671,0.00205504763013,-0.0463158499425,-0.0476269793215,0.00221449464783,2.65514203065,4.66160087156,2.0184690024,0.000605540700721,-0.0312720467767,-0.0321574535646,0.00221449464783,2.34377308401,3.86596369121,0.599393698484,0.000179818109545,-0.0349099568034,-0.0358979887066,0.00221449464783,2.2619832727,3.89654394141,0.941477416026,0.000282443224808,-0.0404471712582,-0.0421734922911,0.00221449464783,3,3.0180845282,3.40244118201,0.0010207323546,-0.0333308899786,-0.0348514889015,0.00221449464783,2.81390567873,3.15381388769,2.71670081505,0.000815010244514,15,15,20,6,4
2019-02,0.000791819237662,-0.000788286954817,0.00213312823041,3,5.01002194808,2.91505838047,0.000874517514142,-0.00928540105948,-0.0117962623372,0.00213312823041,2.78643610295,4.8760445186,6.01757533116,0.00180527259935,-0.016848699412,-0.0180191482466,0.00213312823041,2.54677509363,4.26214085515,1.54953385442,0.000464860156326,-0.0140051559515,-0.015188785781,0.00213312823041,2.34143849842,4.10636734329,1.59347050388,0.000478041151163,-0.00342800543827,-0.00512783941068,0.00213312823041,3,3.61750552651,3.31415098025,0.000994245294076,-0.0055567525828,-0.00689937753715,0.00213312823041,2.95589760485,3.96422530916,2.12345425337,0.000637036276012,15,15,20,6,4
2019-03,0.00925476241926,0.00726602518045,0.00205168907759,3,5.03045425514,4.27716186827,0.00128314856048,0.0149018558682,0.0134037133356,0.00205168907759,2.93178520116,5.17237599874,2.64184618116,0.000792553854349,0.0134663675167,0.0122312144932,0.00205168907759,2.54283484317,4.30643779432,1.7652144837,0.00052956434511,0.021186003062,0.0201603420009,0.00205168907759,2.37474264175,4.28631077208,1.06690794247,0.000320072382741,0.0203041260429,0.0190042972271,0.00205168907759,3,3.63797109078,1.9808004581,0.000594240137431,0.0204515836423,0.0191137475818,0.00205168907759,3,3.87649192565,2.10749127387,0.00063224738216,15,15,20,6,4
2019-04,0.0137166644669,0.0118731781063,0.00204354115663,3,5.02047265603,3.79299227445,0.00113789768233,0.0132808471923,0.0118297586798,0.00204354115663,3,5.30497620369,2.48499944716,0.000745499834147,-0.0236854350004,-0.0251258414414,0.00204354115663,2.98188303052,5.05040703491,2.44939254225,0.000734817762674,-0.0015801312079,-0.0026000034103,0.00204354115663,2.78399013816,5.04434892455,1.04761174687,0.000314283524061,0.00988241683278,0.00859685095759,0.00204354115663,3,3.80993812878,1.93325732282,0.000579977196846,-0.000647706167497,-0.00197459852377,0.00204354115663,3,4.04938640885,2.07101225978,0.000621303677935,15,15,20,6,4
2019-05,0.00836378693662,0.00693995424494,0.00203539250682,3,5.06585507388,2.39414671114,0.000718244013342,-0.00757692535619,-0.00893522702844,0.00203539250682,3,5.33447189455,2.17570997974,0.000652712993921,0.0256220121873,0.0247211381891,0.00203539250682,2.95303705497,4.98367862712,0.650951066406,0.000195285319922,0.051829191242,0.0508880964892,0.00203539250682,2.81845815609,5.09531755775,0.785020248151,0.000235506074445,0.0200915818666,0.0188624977281,0.00203539250682,3,4.51076520932,1.74498486704,0.000523495460112,0.0306777589393,0.0296092710103,0.00203539250682,3,4.05045283059,1.20966416881,0.000362899250643,15,15,20,6,4
2019-06,-0.000860495648626,-0.002675089977,0.00201094218291,3,5.12831816639,3.69668550013,0.00110900565004,0.0053254646319,0.00419463498003,0.00201094218291,3,5.43080315401,1.41746991178,0.000425240973535,0.0577259675946,0.0563547513335,0.00201094218291,2.9947477578,5.12831040644,2.21875860899,0.000665627582698,0.0104283404005,0.00952873378156,0.00201094218291,2.72989455694,4.9173141284,0.646726468736,0.000194017940621,0.00354779449363,0.0022590038117,0.00201094218291,3,3.98951750339,1.94400667862,0.000583202003585,0.0240588648339,0.0227096000522,0.00201094218291,3,3.76566700718,2.14558701119,0.000643676103357,15,15,20,6,4
2019-07,-0.0235348775242,-0.025711213151,0.00189675381357,3,5.0661029259,4.90248982848,0.00147074694854,0.0131928011797,0.0115070907827,0.00189675381357,3,5.36520284351,3.26707239556,0.000980121718667,0.041558367139,0.0403977115811,0.00189675381357,3,5.05141736744,1.51688959837,0.000455066879511,0.0273377131854,0.0263506723961,0.00189675381357,2.75106845322,4.83246139048,0.938173703204,0.000281452110961,0.00504864093611,0.00344073584548,0.00189675381357,3,3.74008415834,3.00772137431,0.000902316412294,0.0156368258595,0.0142635869115,0.00189675381357,3,3.44232954013,2.22550089884,0.000667650269652,15,15,20,6,4
2019-08,0.0292972850525,0.0270297629788,0.00183143898554,3,5.08778294566,5.20644465118,0.00156193339536,0.0310472033894,0.029873235521,0.00183143898554,3,5.38164338355,1.56126396666,0.000468379189998,0.0442652698698,0.0429895765274,0.00183143898554,3,5.12058441825,1.90034888,0.000570104663999,0.0903224533783,0.0893746195693,0.00183143898554,2.73003529196,4.85487745242,0.807483768831,0.000242245130649,0.0536682236215,0.0521820573507,0.00183143898554,3,4.19298240363,2.60192530823,0.000780577592469,0.0589800796386,0.0574876558949,0.00183143898554,3,4.42413504807,2.62278355119,0.000786835065357,15,15,20,6,4
2019-09,0.0134525760186,0.0119147948553,0.00170066863671,3,4.83320365962,2.77397494993,0.000832192484979,-0.0217952643449,-0.0228898843936,0.00170066863671,3,5.14479311554,1.29677123458,0.000389031370373,-0.00201407643361,-0.00311540897838,0.00170066863671,2.99930588147,4.88192919435,1.31914622145,0.000395743866434,-0.0362726716987,-0.0373380611237,0.00170066863671,2.4342444101,4.09244504633,1.19933582212,0.000359800746636,-0.0170964829633,-0.0182834482164,0.00170066863671,3,3.82101559819,1.60458858238,0.000481376574713,-0.0108334218307,-0.0120638494607,0.00170066863671,3,4.01831313301,1.74946317218,0.000524838951654,15,15,20,6,4
2019-10,-0.0251135760311,-0.0270322869889,0.00167612827692,3,4.87087532444,4.04374093141,0.00121312227942,-0.0640409656432,-0.0656179947188,0.00167612827692,3,5.12654246342,2.90480132407,0.000871440397221,-0.0646449726276,-0.065942296254,0.00167612827692,3,4.87007021099,1.97244982712,0.000591734948135,-0.046234711182,-0.0470264083238,0.00167612827692,2.37115673711,3.97863766152,0.28702821143,8.61084634291e-05,-0.0474549869642,-0.0487804486034,0.00167612827692,3,3.83063616307,2.06624320297,0.000619872960892,-0.0481864126669,-0.0495276695897,0.00167612827692,3,3.72012083017,2.11889414826,0.000635668244477,15,15,20,6,4
2019-11,0.00171491390255,-0.00105754702891,0.00155332717507,3,4.83434849156,6.88957417707,0.00206687225312,-0.00227472273493,-0.00335903588334,0.00155332717507,3,5.16065123039,1.26241490026,0.000378724470078,-0.00850112567757,-0.00972697215086,0.00155332717507,2.82272642757,4.64792985109,1.73419264982,0.000520257794946,-0.0293291790957,-0.0302086090537,0.00155332717507,2.28330583778,3.86341218831,0.579470931996,0.000173841279599,-0.0115073982476,-0.0130457141986,0.00155332717507,3,2.07310298623,2.77575757548,0.000832727272645,-0.0144658353481,-0.0160405467574,0.00155332717507,3,2.05531435159,2.89707577012,0.000869122731036,15,15,20,6,4
2019-12,-0.0226149861028,-0.0248217424847,0.00146316765477,3,5.02584981219,5.0038923451,0.00150116770353,-0.0230167346185,-0.0244689291908,0.00146316765477,3,5.34389245088,2.48868631296,0.000746605893887,-0.0170268357226,-0.0184653625367,0.00146316765477,2.97235084247,5.12099130209,2.44312711912,0.000732938135736,-0.0288811400143,-0.0299342763694,0.00146316765477,2.2976181694,4.09640429908,1.15849225597,0.000347547676792,-0.0320979478818,-0.0335095549461,0.00146316765477,3,3.04991596128,2.35339461981,0.000706018385944,-0.027008898567,-0.0283451895518,0.00146316765477,3,2.86756631918,2.10234102158,0.000630702306474,15,15,20,6,4
2020-01,-0.0326957417224,-0.0349642439939,0.00145496690576,3,5.00182519421,5.20971197717,0.00156291359315,-0.0257859524113,-0.0285160080325,0.00145496690576,3,5.34632941868,6.74822314285,0.00202446694285,0.0365111727496,0.0354365443398,0.00145496690576,2.9686298929,5.13019913996,1.2301324383,0.000369039731489,0.0263628437656,0.0252114811794,0.00145496690576,2.2637457232,4.03869188244,1.48591302609,0.000445773907827,-0.00833698153812,-0.0102426215901,0.00145496690576,3,2.58174698104,4.00017124559,0.00120005137368,0.0120378347499,0.0106361246283,0.00145496690576,3,2.67176221894,2.32040481108,0.000696121443324,15,15,20,6,4
2020-02,-0.0128387028418,-0.0146937517145,0.00136470987735,3,5.06673838597,3.831533981,0.0011494601943,-0.0498901146765,-0.0513525086021,0.00136470987735,3,5.35634191515,2.52268415765,0.000756805247296,-0.00679723035315,-0.00828647113038,0.00136470987735,3,5.28730105923,2.61217366297,0.000783652098892,0.0355789516862,0.034383182907,0.00136470987735,2.24282286867,4.04195477566,1.63393366931,0.000490180100792,-0.00448426164995,-0.00601204414743,0.00136470987735,3,3.27513451712,2.74064606381,0.000822193819143,0.0078405582963,0.00637452535636,0.00136470987735,3,3.32266194945,2.53481420534,0.000760444261602,15,15,20,6,4
2020-03,-0.0261998868067,-0.0285577716395,0.0013154410275,3,5.00914689781,5.50765384829,0.00165229615449,-0.178279380055,-0.179673490655,0.0013154410275,3,5.33300500737,2.29507307002,0.000688521921007,-0.149204312552,-0.150527010322,0.0013154410275,3,5.30001032067,2.05703030601,0.000617109091802,-0.136973853943,-0.137894803601,0.0013154410275,2.20633766935,3.93376429295,0.717869933084,0.000215360979925,-0.114931859761,-0.116484277652,0.0013154410275,3,3.48712429953,2.82276404141,0.000846829212423,-0.108874954506,-0.110153169661,0.0013154410275,3,3.50904963001,1.90875492361,0.000572626477084,15,15,20,6,4
2020-04,0.00546883916866,0.00401505423202,0.00178242210722,3,4.59293390076,2.49398752766,0.000748196258299,-0.0191654665178,-0.0213361551468,0.00178242210722,2.28175169562,3.95198945508,4.88366650195,0.00146509995059,0.00287380710966,0.00131734495305,0.00178242210722,2.27973812471,3.88642468563,2.83624492756,0.000850873478268,0.00477842855452,0.00367024415238,0.00178242210722,1.72212754526,2.96675974839,1.34198574601,0.000402595723803,-0.00391016644873,-0.00529242466119,0.00178242210722,2.84683648415,4.04234254149,2.25556511375,0.000676669534126,0.00729998835446,0.00608645107055,0.00178242210722,2.72989573032,2.80259697792,1.69316201859,0.000507948605576,15,15,20,6,4
2020-05,-0.057952520235,-0.0600828004521,0.00178242210722,3,4.62629361208,4.74897179599,0.0014246915388,-0.0287359964483,-0.0300494797683,0.00178242210722,2.27745463199,3.91002045118,2.02631547231,0.000607894641693,-0.0519103139203,-0.053353657381,0.00178242210722,2.28992302035,3.84408444625,2.45918260797,0.00073775478239,-0.00796157227943,-0.00893119398157,0.00178242210722,1.7214891138,2.96467993921,0.880110079351,0.000264033023805,-0.0354036910241,-0.0369344864201,0.00178242210722,2.84688410581,3.09746744766,2.75068905891,0.000825206717672,-0.0430939565939,-0.0445824075145,0.00178242210722,2.72980263953,2.83744913275,2.60954080751,0.000782862242252,15,15,20,6,4
2020-06,-0.0253502285352,-0.0272569496933,0.000141556404461,3,4.66720487958,4.00377493279,0.00120113247984,-0.0677293269767,-0.069161310202,0.000141556404461,2.29556878963,3.96560576435,2.42131515667,0.000726394547002,-0.0665971684956,-0.0674452405441,0.000141556404461,2.19788415245,3.77672563344,0.474944567019,0.000142483370106,-0.0333597860531,-0.0342408595492,0.000141556404461,1.72035409298,2.95797733078,0.584949392499,0.00017548481775,-0.0569720172353,-0.0584484407585,0.000141556404461,2.83062715183,2.83624530119,2.56944948305,0.000770834844915,-0.0545579711183,-0.0557734320391,0.000141556404461,2.66393112566,2.66718262081,1.69957414137,0.00050987224241,15,15,20,6,4
2020-07,0.101701690871,0.0995422456732,0.000166514083821,3,4.72375484265,4.84618839824,0.00145385651947,-0.0194917659766,-0.0206494140145,0.000166514083821,2.19931458595,3.88103973321,1.50686453205,0.000452059359616,-0.0474469785795,-0.0484953315851,0.000166514083821,2.0677277685,3.64566267971,1.1425477575,0.000342764327249,-0.0157703022912,-0.0165303981632,0.000166514083821,1.69325076534,2.93001404422,0.181690645344,5.45071936033e-05,0.0109174878422,0.00959709735562,0.000166514083821,2.73410907351,2.51421301911,2.0493393607,0.000614801808211,-1.06826848711e-06,-0.00131160727074,0.000166514083821,2.56158771379,2.38218563228,2.01650107971,0.000604950323912,15,15,20,6,4
2020-08,0.0695084616337,0.0680436179875,0.000149876392126,3,4.66785684175,2.53084989267,0.0007592549678,0.0419220102476,0.0401224372191,0.000149876392126,2.199595533,3.86974521527,3.64661450056,0.00109398435017,-0.0148791064102,-0.0160358578786,0.000149876392126,2.04856927164,3.61344785627,1.50387596695,0.000451162790085,0.0124037553795,0.0112110712227,0.000149876392126,1.70795251562,2.91316216679,1.62365159473,0.000487095478419,0.0457123908293,0.0441042977601,0.000149876392126,2.73830413708,3.22029440613,3.00834796942,0.000902504390827,0.0201642048537,0.0188141309717,0.000149876392126,2.60731802621,2.83598234949,2.14828401244,0.000644485203732,15,15,20,6,4
2020-09,-0.0219213679466,-0.0235064492209,0.000124914144767,2.88318686333,4.58413400282,2.93164198663,0.000879492595989,-0.0177088893824,-0.0188401674774,0.000124914144767,2.0968730101,3.70205648215,1.41896472206,0.000425689416618,-0.0366865663431,-0.0378992908654,0.000124914144767,2.0465142208,3.61001648009,1.69045281298,0.000507135843895,-0.00893669024862,-0.00994172275795,0.000124914144767,1.70329912022,2.89488280173,0.998146103299,0.00029944383099,-0.020136324183,-0.0214752159881,0.000124914144767,2.61431767781,3.60676999033,2.11101042232,0.000633303126696,-0.0273783815547,-0.0287226788524,0.000124914144767,2.5798816142,3.45411297863,2.12902873119,0.000638708619356,15,15,19,6,4
2020-10,0.0121617195639,0.0100257954395,0.000108268838283,2.86560676595,4.5339750841,4.76778482047,0.00143033544614,0.0146449212641,0.0137033631561,0.000108268838283,2.09552481295,3.69535648931,0.786564765383,0.000235969429615,0.00421006576556,0.0032485000624,0.000108268838283,2.02246811125,3.55372989773,0.853256749421,0.000255977024826,-0.00629468667776,-0.0076973629963,0.000108268838283,1.7051518127,2.87849012495,2.32362546735,0.000697087640206,0.00797128056173,0.00637010698939,0.000108268838283,2.60833064972,2.52996414242,2.98528298003,0.00089558489401,0.00299314220918,0.00136340596568,0.000108268838283,2.5628131693,2.38091696574,3.0804918839,0.000924147565171,15,15,19,6,4
2020-11,-0.00803821750232,-0.00989421999059,9.99450421297e-05,2.85571597188,4.5205482338,3.83471269976,0.00115041380993,0.0207316575277,0.0193046373455,9.99450421297e-05,2.08371324089,3.67922115983,2.40477167977,0.000721431503932,0.0605768010386,0.0595603487802,9.99450421297e-05,2.01731731031,3.55631266034,1.03621193378,0.000310863580135,-0.00328661272459,-0.00429798876731,9.99450421297e-05,1.71068309345,2.88156614222,1.01929121463,0.00030578736439,0.00974234214832,0.00844887078293,9.99450421297e-05,2.60883972406,2.66995784234,1.95960895684,0.000587882687051,0.0258680811879,0.0247398009865,9.99450421297e-05,2.56236301256,2.73481500466,1.40897174349,0.000422691523046,15,15,19,6,4
2020-12,0.058284548162,0.0567162504698,0.00013323565539,2.8546469088,4.55680483498,2.87569671291,0.000862709013873,0.00410047676665,0.0029775454604,0.00013323565539,2.0566084765,3.65204182115,1.39114209304,0.000417342627912,0.0478382358309,0.046936132525,0.00013323565539,1.89345056946,3.33716163624,0.655048758391,0.000196514627517,0.0189660667403,0.0177868336176,0.00013323565539,1.71321732397,2.8641583843,1.57881481447,0.000473644444342,0.0351852631067,0.0338508307021,0.00013323565539,2.59971028184,3.17454564617,2.09614575425,0.000628843726274,0.0506317712327,0.0493814101531,0.00013323565539,2.52790233151,3.58503849269,1.81590800424,0.000544772401271,15,15,19,6,4
2021-01,0.0321212537171,0.030895873711,0.000141556404461,2.69237802505,4.28029382936,1.732637759,0.000519791327699,0.0108959635205,0.00941763408682,0.000141556404461,2.04980852171,3.6569491,2.57580251797,0.000772740755391,0.0201580611199,0.0192603611144,0.000141556404461,1.82416713041,3.18790658777,0.640371090601,0.00019211132718,0.0156061542189,0.0147911165627,0.000141556404461,1.72225728037,2.81901569901,0.364829926183,0.000109448977855,0.020600970136,0.0194740908036,0.000141556404461,2.53722119493,3.52145386077,1.40430218008,0.000421290654023,0.0269360009258,0.0259508335109,0.000141556404461,2.43170868982,3.24701380768,0.931929122195,0.000279578736659,15,15,19,6,4
2021-02,0.0139176287919,0.0122475068425,0.000116591872446,2.699697931,4.44585913272,3.21511090358,0.000964533271073,0.0348056191943,0.0336718812813,0.000116591872446,2.08530100934,3.80031806305,1.42716411568,0.000428149234704,0.0212969843739,0.0203765839335,0.000116591872446,1.83442760741,3.33889772846,0.71603920677,0.000214811762031,0.00599421674308,0.00510249820736,0.000116591872446,1.83564328294,3.10050900941,0.620432857921,0.000186129857376,0.0223592043947,0.0210927478117,0.000116591872446,2.65803126003,2.96891008557,1.86955968245,0.000560867904736,0.0182802798988,0.0171410314681,0.000116591872446,2.52398473415,2.85944218245,1.4455325079,0.000433659752369,15,15,19,6,4
2021-03,0.0296960724795,0.0275437053803,9.16204838419e-05,2.81562885231,4.62309196956,4.82259473601,0.0014467784208,0.0175052364974,0.0164203036356,9.16204838419e-05,2.05019575559,3.81228355172,1.2644806115,0.000379344183451,0.00815845826848,0.00698946019224,9.16204838419e-05,1.83620973162,3.42672646516,1.54469799299,0.000463409397897,-0.0542775299639,-0.0551019610004,9.16204838419e-05,1.90164727678,3.2761336931,0.39614119381,0.000118842358143,-0.00663753371897,-0.00800773503472,9.16204838419e-05,2.74981344967,2.78918450338,2.21537545805,0.000664612637415,-0.0104487467176,-0.0118454898076,9.16204838419e-05,2.62295881248,2.67456904862,2.3038480386,0.000691154411579,15,15,19,6,4
2021-04,0.0101055145361,0.00877104058341,8.32951632732e-05,2.79234253349,4.50744886505,2.09628424796,0.000628885274389,0.00680167977047,0.00533591776467,8.32951632732e-05,2.03162421706,3.69661904381,2.53391109154,0.000760173327462,0.00628118648281,0.00503190647464,8.32951632732e-05,1.83351069669,3.34611285515,1.81230443277,0.000543691329831,0.0359130744326,0.0348264700012,8.32951632732e-05,1.83663340454,3.04454899547,1.27005251022,0.000381015753067,0.023482451267,0.0220926021509,8.32951632732e-05,2.76631564523,3.08255074431,2.28086812578,0.000684260437735,0.0228479874047,0.021562785002,8.32951632732e-05,2.63308869493,2.90863676414,1.93204574784,0.000579613724351,15,15,19,6,4
2021-05,0.0416335133431,0.0397778478357,9.16204838419e-05,2.79326486398,4.52537687465,3.83358942996,0.00115007682899,0.0435822775451,0.0426834973411,9.16204838419e-05,2.02519678838,3.70261966771,0.643971752329,0.000193191525699,0.0464899437169,0.0455559659033,9.16204838419e-05,1.83052173833,3.3513389928,0.761297117403,0.000228389135221,0.0493027498403,0.04833366423,9.16204838419e-05,1.78498604748,2.9844052336,0.878323106667,0.000263496932,0.0583948057238,0.0570416862896,9.16204838419e-05,2.72936799403,2.8815758486,2.15843585293,0.000647530755878,0.0593961172634,0.0580688218929,9.16204838419e-05,2.60358944325,2.90775435995,2.07235564069,0.000621706692207,15,15,19,6,4
2021-06,-0.0413581294011,-0.0430005048597,8.32951632732e-05,2.72568106536,4.40995354397,3.12262260102,0.000936786780305,-0.0288581243,-0.0300760739804,8.32951632732e-05,1.94753275324,3.59541097613,1.70787000683,0.000512361002048,-0.0335237670697,-0.0344989429202,8.32951632732e-05,1.76786674342,3.30580570438,0.898623907179,0.000269587172154,-0.020024362695,-0.0207800194943,8.32951632732e-05,1.70474885024,2.96929354837,0.166893736481,5.00681209443e-05,-0.0385063865776,-0.0397059300302,8.32951632732e-05,2.56615855812,3.2648848547,1.64651591431,0.000493954774294,-0.0393120607109,-0.0404286391905,8.32951632732e-05,2.46122031665,3.18347226264,1.36996600411,0.000410989801234,15,15,19,6,4
2021-07,-0.00591989210276,-0.00744319189692,7.49690802775e-05,2.67431948875,4.30033199497,2.72570371942,0.000817711115827,-0.0122738374895,-0.0131918295075,7.49690802775e-05,1.93137370037,3.53520420098,0.708011132219,0.000212403339666,-0.0172612396709,-0.0183457453916,7.49690802775e-05,1.74431572718,3.23196152394,1.26305680808,0.000378917042424,-0.00687921014943,-0.00791708139696,7.49690802775e-05,1.70541331588,2.95804805229,1.10760856398,0.000332282569194,-0.0121571815449,-0.0134419083279,7.49690802775e-05,2.52157595567,3.06326191625,1.93046034904,0.000579138104711,-0.0128521132675,-0.0141748905183,7.49690802775e-05,2.42406402697,2.91871359397,2.05729524154,0.000617188572461,15,15,19,6,4
2021-08,0.0226185686673,0.0201247852751,8.32951632732e-05,2.67201835376,4.28961984385,5.96064904609,0.00178819471383,0.00217105367411,0.000883693452298,8.32951632732e-05,1.94827307665,3.53035365964,1.93923847825,0.000581771543474,-0.00332334506896,-0.00410195036577,8.32951632732e-05,1.73769552995,3.18152825842,0.243388728256,7.30166184769e-05,0.00716081497291,0.00621549556545,8.32951632732e-05,1.71099989204,2.93253547697,0.799102430389,0.000239730729117,0.0110060038952,0.00954896653015,8.32951632732e-05,2.51805319177,1.89354426582,2.50482895576,0.000751448686728,0.0092083785643,0.00798681530135,8.32951632732e-05,2.42391312362,1.82757124872,1.71991528207,0.00051597458462,15,15,19,6,4
2021-09,0.0111422247601,0.0096669843491,8.32951632732e-05,2.65435675218,4.26648931746,2.56550577561,0.000769651732684,0.00527134123217,0.00366534138145,8.32951632732e-05,1.95138647079,3.54615188708,3.00137057461,0.000900411172382,0.0331422898026,0.03220840125,8.32951632732e-05,1.74276487117,3.18762214234,0.760999580928,0.000228299874278,0.0220561540435,0.02118983748,8.32951632732e-05,1.70866256139,2.94078077584,0.535759617188,0.000160727885156,0.0172242837606,0.0157802686501,8.32951632732e-05,2.51276201532,2.82200380997,2.46142144037,0.00073842643211,0.029190524348,0.0280531171877,8.32951632732e-05,2.42266580768,2.5635015322,1.43939494004,0.000431818482012,15,15,19,6,4
2021-10,-0.00964653486137,-0.0107383288612,8.32951632732e-05,2.65149965476,4.20815492252,1.28735107179,0.000386205321537,-0.0196305196745,-0.0205370544004,8.32951632732e-05,1.94714465048,3.49838117577,0.66982015872,0.000200946047616,0.00535395902057,0.00376305210663,8.32951632732e-05,1.70667609231,3.10163678099,2.95106078536,0.000885318235607,0.0421247267389,0.0412075190463,8.32951632732e-05,1.69159281206,2.89781910597,0.705396714265,0.000211619014279,0.00686226474257,0.0058646847907,8.32951632732e-05,2.49577817076,2.91130612469,0.973304245108,0.000291991273532,0.0174000918986,0.0161464637616,8.32951632732e-05,2.38792524614,2.6392274039,1.82679819562,0.000548039458685,15,15,19,6,4
2021-11,-0.0410093674004,-0.043366865916,9.16204838419e-05,2.64460543266,4.11222465258,5.50636612423,0.00165190983727,-0.00796735689905,-0.00910123632285,9.16204838419e-05,1.94217880293,3.44675928798,1.42763581822,0.000428290745466,0.017561396758,0.0163920482922,9.16204838419e-05,1.70794060577,3.08627849607,1.54586595851,0.000463759787553,-0.0254971570587,-0.0264132854736,9.16204838419e-05,1.63943957943,2.79560597602,0.701799121904,0.000210539736571,-0.0317293667099,-0.0332553543865,9.16204838419e-05,2.49263953901,2.66819950058,2.73466332765,0.000820398998295,-0.0199171829569,-0.0213147376959,9.16204838419e-05,2.37813871862,2.47566669854,2.3065535355,0.00069196606065,15,15,19,6,4
2021-12,-0.0234118671151,-0.0251102214205,0.000116591872446,2.56500283705,3.95079025087,3.3092187569,0.00099276562707,-0.0150073790054,-0.0167208336583,0.000116591872446,1.95329720744,3.4286174394,3.35955324852,0.00100786597456,-0.0106548254205,-0.0117278847136,0.000116591872446,1.70106461629,3.03373952711,1.22490204918,0.000367470614754,-0.00990061417837,-0.0108662641131,0.000116591872446,1.62291984926,2.7426714582,0.866870854635,0.000260061256391,-0.0213316252893,-0.0229498028143,0.000116591872446,2.45958492591,3.52628452916,3.0419628222,0.000912588846661,-0.0191949473228,-0.0205074328898,0.000116591872446,2.36292218901,3.22372885437,2.02298962897,0.000606896888692,15,15,19,6,4
2022-01,-0.0487339889023,-0.0513522163118,0.000141556404461,2.55187377669,3.96996579661,6.37546243724,0.00191263873117,0.0330417564175,0.0318123411024,0.000141556404461,1.96177381437,3.50220287801,1.74608878901,0.000523826636703,-0.00796836818715,-0.00948616397581,0.000141556404461,1.69880222239,3.05736203607,2.70735703442,0.000812207110325,0.0561995134613,0.0553662535111,0.000141556404461,1.62358186145,2.76885600877,0.425570906151,0.000127671271845,0.0249396784405,0.0233840372604,0.000141556404461,2.45419551078,2.05577735414,2.83350833934,0.000850052501802,0.00656871189357,0.00485537544605,0.000141556404461,2.34918734855,1.95943456726,3.35915923062,0.00100774776919,15,15,19,6,4
2022-02,-0.0210793835576,-0.0228533294462,0.000183148731639,2.47430750657,3.75734721613,3.56119070081,0.00106835721024,0.0171274347915,0.0157776377692,0.000183148731639,1.9370573445,3.37391185719,2.14736114642,0.000644208343927,-0.0222486259875,-0.0233813071481,0.000183148731639,1.71257974305,3.01262699688,1.42364160774,0.000427092482321,0.0350112131138,0.0341147470696,0.000183148731639,1.55641060461,2.58910333749,0.63625788621,0.000190877365863,0.0153699379384,0.0139809138098,0.000183148731639,2.46633262851,2.7357986777,2.27811816769,0.000683435450306,-0.00247639846172,-0.00378638085232,0.000183148731639,2.38267655524,2.65663427156,2.01464570754,0.000604393712263,15,15,19,6,4
2022-03,0.0392565125778,0.0370488615025,0.000316116474177,2.45508238538,3.60036284158,5.00687465637,0.00150206239691,0.0651614510281,0.0637169091654,0.000316116474177,1.92070356454,3.27390853511,2.46317728111,0.000738953184334,0.0623412901874,0.0610089822106,0.000316116474177,1.70354560544,2.90283637215,2.08906432825,0.000626719298475,0.0556233655731,0.0548488686945,0.000316116474177,1.53007557225,2.45923263812,0.229694000811,6.89082002434e-05,0.0691391055115,0.0676262797047,0.000316116474177,2.45500684145,2.89592152635,2.69079042827,0.000807237128482,0.0706586244351,0.0691214469093,0.000316116474177,2.38402565712,2.86327834778,2.77196282512,0.000831588847536,15,15,19,6,4
2022-04,0.0772496174032,0.0759245873518,0.000606307393942,2.39600598226,3.44471027113,2.06480457686,0.000619441373057,0.0693752264105,0.0682325164405,0.000606307393942,1.7844967867,2.95383184116,1.45707097223,0.000437121291669,0.0581189982887,0.0569959398034,0.000606307393942,1.60018406274,2.6781632337,1.39156602318,0.000417469806953,0.056442378631,0.0555432927864,0.000606307393942,1.46332440689,2.31910849014,0.644990554274,0.000193497166282,0.0911145397124,0.0900472528772,0.000606307393942,2.28287287574,3.29366135869,1.20566052257,0.000361698156771,0.0872802956706,0.0862055919615,0.000606307393942,2.21531475051,3.22329048346,1.23038343586,0.000369115030757,15,15,19,6,4
2022-05,0.00367587548769,0.00249882878152,0.00075518871888,2.19630340026,2.88135156066,1.57152675942,0.000471458027825,-0.00761581716552,-0.00866143747905,0.00075518871888,1.64917150007,2.47809508053,1.13343878398,0.000340031635194,-0.0105669593865,-0.0117275327275,0.00075518871888,1.52376789816,2.31930372871,1.51661554214,0.000454984662641,-0.00983275553423,-0.0108259118869,0.00075518871888,1.39961490026,2.03027949129,0.958558914291,0.000287567674287,-0.00698331687639,-0.00817433994906,0.00075518871888,2.02483422319,2.73564384705,1.61811464776,0.000485434394329,-0.00862123933669,-0.0098717286322,0.00075518871888,1.99007298996,2.78851947131,1.81633539056,0.000544900617168,15,15,19,6,4
2022-06,0.0408512427507,0.0393641226998,0.00110163397611,2.19647486715,2.85183267491,2.60510457517,0.000781531372551,0.046373967969,0.0454327812068,0.00110163397611,1.64824441837,2.46247251482,0.78532694614,0.000235598083842,0.0394636293729,0.0385347754173,0.00110163397611,1.52258105563,2.30662797079,0.744217590723,0.000223265277217,0.0431431701454,0.042387011117,0.00110163397611,1.40557702888,2.03231237358,0.168567833356,5.05703500068e-05,0.0493128236595,0.0482644011963,0.00110163397611,2.02510548673,1.94434720465,1.14277928281,0.000342833784844,0.0471177075261,0.046006096954,0.00110163397611,1.99284470994,1.94188343014,1.35340631248,0.000406021893745,15,15,19,6,4
2022-07,0.00168760882623,0.00027038916782,0.00154513454332,2.14832988293,2.68058009075,2.37210326691,0.000711630980073,-0.0153698453857,-0.0163452252365,0.00154513454332,1.59131447119,2.307066196,0.899303908225,0.000269791172468,-0.0258324037722,-0.0267988745145,0.00154513454332,1.50601627005,2.2290283722,0.869606879699,0.00026088206391,-0.0266354935305,-0.0274573176867,0.00154513454332,1.37134815948,1.92919404968,0.387451592682,0.000116235477805,-0.0190711263701,-0.0201970882127,0.00154513454332,1.95615879563,2.42505560057,1.40124388068,0.000420373164203,-0.0236592168244,-0.0247902825889,0.00154513454332,1.93765054921,2.37977974356,1.4182569538,0.000425477086141,15,15,19,6,4
2022-08,-0.0376367414685,-0.038868858845,0.00205983626984,2.1657675536,2.63784967164,1.75509566041,0.000526528698122,-0.000934386756209,-0.0019589847414,0.00205983626984,1.58535701962,2.23472265819,1.06336435617,0.000319009306852,0.0245482631332,0.0237909627238,0.00205983626984,1.49540582183,2.16230104616,0.172372437041,5.17117311123e-05,0.0183758127804,0.017600661168,0.00205983626984,1.35037702912,1.84965134417,0.231876447053,6.9562934116e-05,-0.00483924682327,-0.00589932052578,0.00205983626984,1.93834000438,1.82188131096,1.18161674725,0.000354485024175,0.00543620909105,0.00448069349402,0.00205983626984,1.91233946526,1.81046144613,0.83308972896,0.000249926918688,15,15,19,6,4
2022-09,0.0340049470502,0.0323109159232,0.00227140793516,2.11010093603,2.59764065948,3.2948081619,0.000988442448569,0.0979474012386,0.096881468827,0.00227140793516,1.59284391388,2.27790049969,1.20114577769,0.000360343733306,0.102166534058,0.101302416037,0.00227140793516,1.49392626635,2.17659447766,0.528431140886,0.000158529342266,0.0875440670586,0.0867619462905,0.00227140793516,1.38672655895,1.92079051595,0.255106965745,7.65320897234e-05,0.0906734777617,0.0894622041183,0.00227140793516,1.97000682621,1.97609777367,1.68561655027,0.000505684965082,0.0937865137466,0.0926644773033,0.00227140793516,1.95150953545,1.97066842075,1.38815921664,0.000416447764992,15,15,19,6,4
2022-10,-0.015645766483,-0.0169604872562,0.00263643275829,2.08138726714,2.38023455019,2.03044031642,0.000609132094927,0.00614224264251,0.00519924813025,0.00263643275829,1.39326781343,1.8387966575,0.791352779738,0.000237405833921,0.0148534862693,0.0139455393175,0.00263643275829,1.29524453789,1.73280803963,0.674527578183,0.000202358273455,0.0116721307962,0.0108629430553,0.00263643275829,1.2628841663,1.61410665677,0.345330208276,0.000103599062483,0.00295952604744,0.00197363771806,0.00263643275829,1.76652231385,1.52165860772,0.934332170148,0.000280299651045,0.0070973914313,0.00613523456741,0.00263643275829,1.73762314541,1.58428555045,0.855227285179,0.000256568185554,15,15,19,6,4
2022-11,-0.0804597097618,-0.0821091687406,0.00315307420847,2.08187668428,2.3588813543,3.14623433504,0.000943870300513,-0.0652523686215,-0.0660715134404,0.00315307420847,1.41874462218,1.8714092506,0.378520468653,0.000113556140596,-0.0676143518444,-0.0683691900493,0.00315307420847,1.31611506966,1.75097406883,0.164165088604,4.92495265811e-05,-0.0628227561061,-0.0635460217439,0.00315307420847,1.28330676599,1.63616659111,0.0589231980258,1.76769594077e-05,-0.0765566967007,-0.0776137535001,0.00315307420847,1.79973915096,1.80622964532,1.17156040335,0.000351468121004,-0.0788162781029,-0.0798313592071,0.00315307420847,1.77189659003,1.89524436049,1.03164141946,0.000309492425839,15,15,19,6,4
2022-12,0.00304927928696,0.00189361474811,0.00364278863694,1.86327472905,2.07244116909,1.50025286838,0.000450075860513,0.000342440829736,-0.000793912360489,0.00364278863694,1.31408923993,1.65704472467,1.43588170629,0.000430764511888,-0.0192869163709,-0.0200780987085,0.00364278863694,1.2103743575,1.5414628527,0.285312197688,8.55936593063e-05,-0.0221876264234,-0.0229663166242,0.00364278863694,1.19426711687,1.46138266008,0.243671741571,7.31015224713e-05,-0.00822698169961,-0.00924752647108,0.00364278863694,1.62181565643,1.32678640601,1.04985364379,0.000314956093136,-0.0160758182672,-0.0169913482131,0.00364278863694,1.58709179187,1.29965648635,0.699804225445,0.000209941267633,15,15,19,6,4
2023-01,0.0447136875055,0.0434069159332,0.00368281283577,1.87113157596,2.07435792724,2.00394297992,0.000601182893977,0.0194917200152,0.0185365925572,0.00368281283577,1.31661373531,1.64894026436,0.831795932104,0.000249538779631,-0.00639098061265,-0.00731752303546,0.00368281283577,1.19990816331,1.51837272043,0.736512481577,0.000220953744473,-0.0198441183159,-0.0205723385711,0.00368281283577,1.18431361466,1.44698095099,0.0754385895516,2.26315768655e-05,0.0100754271772,0.00908017502669,0.00368281283577,1.62789879747,0.795932976228,0.965544907131,0.000289663472139,-0.00088123033694,-0.00186754316689,0.00368281283577,1.5820770365,0.770579738782,0.935747172047,0.000280724151614,15,15,19,6,4
2023-02,-0.0311287909947,-0.0320960746802,0.00376280860269,1.840105227,2.04379754063,0.872316690437,0.000261695007131,-0.0152287545782,-0.0161300360664,0.00376280860269,1.31550948813,1.64910926993,0.652309366186,0.000195692809856,-0.00930320914105,-0.0102579553201,0.00376280860269,1.20103270391,1.51884790568,0.830525002338,0.000249157500701,0.0209982948198,0.0202445685989,0.00376280860269,1.17201188267,1.4360763421,0.160458475243,4.81375425729e-05,-0.00673010695546,-0.00760181710112,0.00376280860269,1.6292362045,1.05879686604,0.553738224378,0.000166121467313,-0.00459092999714,-0.00551390678107,0.00376280860269,1.58096279083,1.04516632401,0.724627018617,0.000217388105585,15,15,19,6,4
2023-03,-0.00425306719834,-0.0055630891111,0.00386669836833,1.80185100397,2.0093226041,2.01477744809,0.000604433234428,0.0115961019578,0.0105992421741,0.00386669836833,1.31904258099,1.64717981102,0.97090368457,0.000291271105371,0.00890271904533,0.00799785318407,0.00386669836833,1.19759465744,1.51051164711,0.664257276401,0.00019927718292,-0.00452433615506,-0.00525597034419,0.00386669836833,1.17241954195,1.43620267472,0.0868183693039,2.60455107912e-05,-0.000712664145386,-0.00174448929948,0.00386669836833,1.62540293642,0.941044915881,1.08745491919,0.000326236475758,-0.00162161381666,-0.00262602744381,0.00386669836833,1.57798483317,1.35250110336,0.996083162714,0.000298824948814,15,15,19,6,4
2023-04,0.0064271701375,0.00499655078904,0.00400237601239,1.80932905983,2.16093065089,2.41676890039,0.000725030670116,0.0321913541744,0.0310675016946,0.00400237601239,1.50053346677,1.88163304878,1.39421267142,0.000418263801425,0.017869039918,0.0168645849858,0.00400237601239,1.28252315208,1.63994520116,0.996220846195,0.000298866253858,-0.00706709516462,-0.00791150128854,0.00400237601239,1.30935033283,1.61358017112,0.462724818626,0.000138817445588,0.0112786047268,0.0102195754229,0.00400237601239,1.76126658707,1.27090715219,1.17813541854,0.000353440625562,0.00648481097324,0.0054113141326,0.00400237601239,1.68589257574,1.30496549468,1.22636054102,0.000367908162306,15,15,19,6,4
2023-05,0.0168104862482,0.0155259082792,0.00409802718036,1.80932673673,2.16500422541,1.92996430211,0.000578989290634,0.00401732030234,0.00312826304317,0.00409802718036,1.49596699201,1.8855612968,0.611561936115,0.000183468580835,-0.0122959056103,-0.0131220883713,0.00409802718036,1.2797743856,1.64516819719,0.401980275548,0.000120594082664,0.015645406301,0.0147369026374,0.00409802718036,1.30389415533,1.61138033387,0.676383284241,0.000202914985272,0.0122138070623,0.0111811572733,0.00409802718036,1.76308240079,1.6524370639,1.09020370212,0.000327061110635,0.00438376717977,0.00335434680814,0.00409802718036,1.6858485429,1.29933752287,1.07943897766,0.000323831693299,15,15,19,6,4
2023-06,-0.00766124061278,-0.00900406463505,0.00419357822338,1.85456929004,2.20703372128,2.1241178131,0.000637235343929,0.01897435053,0.0180830994322,0.00419357822338,1.51250822011,1.8960863347,0.618874731328,0.000185662419398,0.0129491228332,0.0119982105062,0.00419357822338,1.2955896933,1.64860623276,0.817745495632,0.00024532364869,0.0110847348169,0.0102282857744,0.00419357822338,1.30627255319,1.61082795552,0.502867880435,0.000150860364131,0.00863133276198,0.00761727201765,0.00419357822338,1.78741962966,1.23315551071,1.02824022,0.000308472066,0.00675542137487,0.0056922269359,0.00419357822338,1.715400225,1.32797609678,1.1920192021,0.000357605760631,15,15,19,6,4
2023-07,0.00454077927705,0.00279079949631,0.00424927018062,1.8589569027,2.2151226304,3.48130367467,0.0010443911024,-0.0011272946794,-0.00211473481088,0.00424927018062,1.58537726423,1.95455744566,0.939504843825,0.000281851453147,0.0160099416161,0.0151068646915,0.00424927018062,1.33822535081,1.68875902089,0.658294154248,0.000197488246274,0.0141191507109,0.0132484663176,0.00424927018062,1.32834947973,1.63442888381,0.5503190498,0.00016509571494,0.00728699389728,0.00616371101886,0.00424927018062,1.8449926031,1.49089299593,1.39231400029,0.000417694200086,0.0146367897728,0.0134779166777,0.00424927018062,1.76514863233,1.50981231204,1.51094805574,0.000453284416721,15,15,19,6,4
2023-08,-0.0200659764771,-0.02144006076,0.00435260805603,1.98570290347,2.41564213046,2.22831868161,0.000668495604483,0.0010036705898,-5.84810985964e-05,0.00435260805603,1.5941356204,1.9867965537,1.18854336687,0.00035656301006,-0.00105097808612,-0.00190229985586,0.00435260805603,1.36780528148,1.75123390315,0.485776971335,0.000145733091401,0.00918833886675,0.00838231760653,0.00435260805603,1.33634857609,1.67757014406,0.334775272949,0.000100432581885,-0.00266680256515,-0.00371922175481,0.00435260805603,1.84448480652,1.62618583571,1.15610170439,0.000346830511317,-0.00341811786279,-0.00441382256455,0.00435260805603,1.76568306011,1.64894291413,0.967053411415,0.000290116023425,15,15,19,6,4
2023-09,0.0171396648643,0.0156428476195,0.00442408120978,2.03371834311,2.45539356077,2.63742855466,0.000791228566398,-0.00395057140861,-0.0050057697484,0.00442408120978,1.60414000845,2.01191087635,1.16536553819,0.000349609661457,-0.00358223266785,-0.00438869440914,0.00442408120978,1.37078525532,1.75972518935,0.33624354318,0.000100873062954,-0.00550315075061,-0.00628902441332,0.00442408120978,1.3364483779,1.68718454896,0.267616614593,8.02849843779e-05,0.00202987672922,0.000986031624595,0.00442408120978,1.85747184584,1.65701367486,1.12752142095,0.000338256426284,0.0017724030376,0.000762100529995,0.00442408120978,1.76195477917,1.6799137069,1.01571276424,0.000304713829272,15,15,19,6,4
2023-10,0.0541636170547,0.0529450984919,0.0044637643567,2.03759872752,2.48817495299,1.70976628168,0.000512929884503,0.0203599364604,0.0191996944568,0.0044637643567,1.60962729544,2.02711808734,1.51551108399,0.000454653325198,0.018587645996,0.0175281571543,0.0044637643567,1.3887968118,1.78216922718,1.17966721133,0.000353900163398,0.00910938893233,0.00826499127172,0.0044637643567,1.33452830165,1.69193207409,0.462696607574,0.000138808982272,0.0296389924124,0.0286695769943,0.0044637643567,1.86868486791,1.56631150756,0.879422465688,0.000263826739706,0.0283830008882,0.0273984175372,0.0044637643567,1.77820438237,1.52831988181,0.929982242366,0.00027899467271,15,15,19,6,4
2023-11,-0.0445258161839,-0.0454757775456,0.00443995653809,1.96317615314,2.38968200476,0.814575611288,0.000244372683386,-0.04197045002,-0.0428914634022,0.00443995653809,1.60818776477,2.01702301416,0.718082346164,0.000215424703849,-0.024378054103,-0.0252126804673,0.00443995653809,1.387860011,1.77354847009,0.430125620083,0.000129037686025,0.0291945588013,0.0283258254469,0.00443995653809,1.33758903086,1.68858313108,0.54381558709,0.000163144676127,-0.0213058803361,-0.0222096942237,0.00443995653809,1.85790642071,1.5946854526,0.660750697518,0.000198225209255,-0.0154779172494,-0.0163541283659,0.00443995653809,1.76949369735,1.57277938977,0.568741460686,0.000170622438206,15,15,19,6,4
2023-12,-0.0175141532618,-0.018835928527,0.00440026304097,1.88515678701,2.26067117387,2.05395528967,0.0006161865869,-0.050207464173,-0.0512091118218,0.00440026304097,1.53705968077,1.8897981526,0.986863234996,0.000296058970499,-0.0379088025538,-0.0390044659788,0.00440026304097,1.3898485171,1.74446771213,1.30024915558,0.000390074746674,0.00450621731639,0.00376158741912,0.00440026304097,1.33292668203,1.67923780739,0.130137396441,3.90412189323e-05,-0.0253592424813,-0.0264017833275,0.00440026304097,1.82608433018,1.43156362797,1.12317389303,0.000336952167908,-0.0219182733977,-0.0229673650989,0.00440026304097,1.753563266,1.5078424635,1.14501007632,0.000343503022897,15,15,19,6,4
2024-01,-0.0155690020829,-0.0170586790944,0.00432877123313,1.91863396523,2.25728383852,2.61362777716,0.000784088333148,-0.00471924295017,-0.00590721499512,0.00432877123313,1.45154461847,1.74553299243,1.60794455536,0.000482383366608,0.00851406415373,0.00758729948025,0.00432877123313,1.36349908501,1.67967229393,0.737253317145,0.000221175995144,0.00555391905788,0.00472162244736,0.00432877123313,1.33290893517,1.65092429875,0.422359773943,0.000126707932183,-0.00696773718517,-0.00813963565434,0.00432877123313,1.80083188627,1.42353785371,1.55436596944,0.000466309790832,-0.00127919405537,-0.00235637625571,0.00432877123313,1.75274477154,1.35274688239,1.23864507335,0.000371593522004,15,15,19,6,4
2024-02,0.0340393818703,0.0327907648242,0.00428107890945,1.9271527893,2.24873295937,1.810094559,0.000543028367701,0.00651992930317,0.00542509057065,0.00428107890945,1.44777103063,1.73044346677,1.29750018059,0.000389250054176,0.0211704475506,0.0197991169471,0.00428107890945,1.3670520262,1.6744080545,2.21913975045,0.000665741925136,0.0255683825937,0.0246135951634,0.00428107890945,1.33268309514,1.64735362154,0.83066250637,0.000249198751911,0.0230854892818,0.0219198489115,0.00428107890945,1.79721588992,1.39819647194,1.53350563987,0.000460051691961,0.0297233194652,0.0284253344116,0.00428107890945,1.7578951319,1.67100584473,1.97465458422,0.000592396375267,15,15,19,6,4
2024-03,0.0149634029925,0.0135404489571,0.00424927018062,1.8995268708,2.21355234659,2.39121785718,0.000717365357155,0.0337619340151,0.0327474212276,0.00424927018062,1.45853822203,1.70743208732,1.0297470306,0.00030892410918,0.0208173070676,0.0199863139206,0.00424927018062,1.3663790665,1.64486405134,0.418014895495,0.000125404468648,0.0147620956503,0.0139322735826,0.00424927018062,1.32837706326,1.63649478486,0.414111297633,0.00012423338929,0.023603382093,0.0225445916102,0.00424927018062,1.79420677799,1.06875325337,1.17733934827,0.000353201804482,0.0185463898984,0.0175365989603,0.00424927018062,1.74600158268,1.26439645268,1.01400753233,0.000304202259699,15,15,19,6,4
2024-04,0.00939610000134,0.00814543004122,0.0043049281854,1.90991624452,2.22826945381,1.81693760592,0.000545081281777,0.0147379601228,0.0138353568416,0.0043049281854,1.44380667732,1.69990354763,0.656715342933,0.00019701460288,0.0118337005147,0.0108974283119,0.0043049281854,1.36213504647,1.63986484901,0.768945081569,0.000230683524471,0.0137917864598,0.0128991401244,0.0043049281854,1.37919623616,1.70679338232,0.62352552337,0.000187057657011,0.0144660403556,0.0135241434183,0.0043049281854,1.7891834257,1.24914316322,0.787694196452,0.000236308258936,0.0132481956711,0.0122490030198,0.0043049281854,1.74614491497,1.2514251948,0.97867991003,0.000293603973009,15,15,19,6,4
2024-05,-0.000177922332144,-0.0016343628659,0.00433671753224,1.91083064635,2.2219149265,2.50283951805,0.000750851855415,-0.00205755109436,-0.00306863775215,0.00433671753224,1.44269365719,1.69178520743,1.01832659816,0.000305497979448,0.00792284180416,0.00705567153372,0.00433671753224,1.36169023976,1.63562037671,0.538605307013,0.000161581592104,-0.0088051475815,-0.00965876596082,0.00433671753224,1.38701351984,1.71211420073,0.493432336617,0.000148029700985,-0.00574142736781,-0.00673060772712,0.00433671753224,1.79177414042,1.73504651075,0.945305603225,0.000283591680968,-0.000937398994993,-0.0019233698184,0.00433671753224,1.74914241849,1.4973962479,0.934607150235,0.000280382145071,15,15,19,6,4
2024-06,0.000495494353211,-0.00104630590062,0.00433671753224,1.94242543364,2.26701846049,2.7873719183,0.00083621157549,-0.00327656017336,-0.00424174369891,0.00433671753224,1.4599522511,1.69481720032,0.865316157361,0.000259594847208,0.00441080011427,0.00349414180344,0.00433671753224,1.3864376432,1.6493831102,0.703565441642,0.000211069632493,0.00270147004097,0.00166600600109,0.00433671753224,1.39862082608,1.70929839734,1.09958453845,0.000329875361536,-0.00062105988476,-0.00184686560471,0.00433671753224,1.82417916883,1.663227218,1.73405680537,0.000520217041612,0.00251281278365,0.00144822554718,0.00433671753224,1.78846621205,1.17377291507,1.19666186045,0.000358998558134,15,15,19,6,4
2024-07,-0.00268888114276,-0.00396436273085,0.00429697911894,1.96718929024,2.29505186882,1.89964303252,0.000569892909756,-0.00351977149781,-0.00444248381048,0.00429697911894,1.47245558894,1.71897471204,0.723745447757,0.000217123634327,0.00616030736846,0.00525224131969,0.00429697911894,1.40630039985,1.68499235697,0.674924568113,0.000202477370434,0.00629485463891,0.00531570413422,0.00429697911894,1.41053012318,1.73597851134,0.911872754501,0.00027356182635,-0.000402648454198,-0.0015125026389,0.00429697911894,1.85204504246,1.89869611834,1.34755168787,0.00040426550636,0.00331822025575,0.00223588198209,0.00429697911894,1.81924672794,1.73573634218,1.2558319844,0.000376749595319,15,15,19,6,4
2024-08,0.0172683848384,0.015652571915,0.00432082424236,1.96658958117,2.2945399098,3.03408081709,0.000910224245127,0.0121399477263,0.0110686774918,0.00432082424236,1.47341799726,1.72184095724,1.21893852063,0.00036568155619,-0.00942900281683,-0.0104217978776,0.00432082424236,1.41323928908,1.69103324186,0.957354608262,0.000287206382479,-0.0131509579877,-0.0139360294602,0.00432082424236,1.41417233941,1.73901175168,0.264942647258,7.94827941775e-05,0.00457942297818,0.00338994076098,0.00432082424236,1.85490419554,1.19323791371,1.61297846291,0.000483893538872,-0.00602858126776,-0.00717045384512,0.00432082424236,1.82412224971,1.32754650109,1.45427966342,0.000436283899027,15,15,19,6,4
2024-09,0.0227524924791,0.0213910452079,0.00416969983735,1.97083930033,2.27797334511,2.18619530945,0.000655858592836,0.0179340873977,0.0169375381143,0.00416969983735,1.47295106091,1.70020737854,0.969868683392,0.000290960605017,0.0166955456641,0.0156912043005,0.00416969983735,1.40730931754,1.66124338193,0.995842284303,0.000298752685291,0.0166279611225,0.015643073074,0.00416969983735,1.3993180862,1.69239030577,0.930997900347,0.000279299370104,0.0221608871172,0.0209995804529,0.00416969983735,1.85519571064,1.56470446221,1.51905995291,0.000455717985874,0.0215216590449,0.0203414415646,0.00416969983735,1.81856811593,1.55135895432,1.58209600645,0.000474628801935,15,15,19,6,4
2024-10,-0.0327953476334,-0.0338434350046,0.00396249175611,1.96011220978,2.26161228299,1.14166230956,0.000342498692867,-0.0270697858559,-0.0280708841458,0.00396249175611,1.47028902154,1.70053379629,0.985032038557,0.000295509611567,-0.014107515628,-0.0151397193194,0.00396249175611,1.41904805166,1.67662470751,1.08871671016,0.000326615013049,-0.00913662550612,-0.0100178307837,0.00396249175611,1.40148367965,1.69366451349,0.585388664042,0.000175616599212,-0.0277921404706,-0.028782208567,0.00396249175611,1.85127303643,1.66938397531,0.94826472716,0.000284479418148,-0.0224247026898,-0.0234464984886,0.00396249175611,1.82325649286,1.86371201972,1.05402373503,0.00031620712051,15,15,19,6,4
2024-11,-0.00976999041349,-0.0110484085314,0.00377080432357,1.92273491148,2.20110852421,1.90943146518,0.000572829439553,-0.00795841952211,-0.00898445171546,0.00377080432357,1.44955667895,1.65529779634,1.06814505003,0.000320443515008,-0.0128877478273,-0.0136183847126,0.00377080432357,1.40934112599,1.63876955628,0.083494023337,2.50482070011e-05,-0.0134259165327,-0.0141730672407,0.00377080432357,1.41191202035,1.68721363655,0.138540098773,4.15620296319e-05,-0.0125105170024,-0.0135627609444,0.00377080432357,1.81428724476,1.67034053887,1.15551754546,0.000346655263638,-0.0146355318889,-0.0155628260578,0.00377080432357,1.80121163552,1.58853283537,0.739018301965,0.000221705490589,15,15,19,6,4
2024-12,0.0133947518325,0.0120256042112,0.0036988176007,1.94372583685,2.2248559041,2.21186314297,0.000663558942892,0.0187629495461,0.0177731088475,0.0036988176007,1.44623539216,1.65168624662,0.947506734457,0.000284252020337,0.00554496843807,0.00463653817899,0.0036988176007,1.40555804222,1.64223443096,0.676138602463,0.000202841580739,0.0163735770079,0.0154988167857,0.0036988176007,1.41798885354,1.69930965208,0.563905146168,0.00016917154385,0.0203035269393,0.0191943296927,0.0036988176007,1.82399428406,1.3249502451,1.34536189401,0.000403608568203,0.0144069739473,0.0133287664698,0.0036988176007,1.79754829969,1.25014229896,1.24206266383,0.000372618799149,15,15,19,6,4
2025-01,0.00961890813789,0.00845684674142,0.00364278863694,1.94757970278,2.22051287618,1.52157572709,0.000456472718126,0.00773548747282,0.006680441666,0.00364278863694,1.44799003921,1.64219169768,1.16485709492,0.000349457128477,-0.0108524820923,-0.011871367621,0.00364278863694,1.40799123818,1.63521909671,1.04432283472,0.000313296850415,-0.00396813069967,-0.00482417048201,0.00364278863694,1.42248525438,1.69353257428,0.501503680028,0.000150451104008,0.00381289384856,0.0027741496348,0.00364278863694,1.82983035593,1.48014641836,1.11051845139,0.000333155535418,-0.00391882965679,-0.00492782964927,0.00364278863694,1.8042393081,1.48894061082,1.01137104716,0.000303411314147,15,15,19,6,4
2025-02,-0.0176477178785,-0.0189539588511,0.00353864347527,1.99136384781,2.26886358206,2.0021743144,0.000600652294319,-0.00539515184053,-0.00625403042584,0.00353864347527,1.45898341129,1.66149143259,0.510966356587,0.000153289906976,0.00620066030516,0.0053971153297,0.00353864347527,1.40361836439,1.63462893863,0.326520990391,9.79562971172e-05,0.0113144564764,0.0104010896405,0.00353864347527,1.46582866986,1.73827418003,0.692593858533,0.00020777815756,-0.00385810626602,-0.00477431969905,0.00353864347527,1.8366925348,1.33567672769,0.702082515626,0.000210624754688,0.00118890681576,0.000282172839035,0.00353864347527,1.80136483845,1.30452524453,0.670484327976,0.000201145298393,15,15,19,6,4
2025-03,0.0219478165001,0.0202391731808,0.00354665886361,1.98628978762,2.27643221402,3.34351546961,0.00100305464088,-0.00988736279244,-0.0108434110517,0.00354665886361,1.45805824858,1.66819331813,0.834865269646,0.000250459580894,-0.0158425849901,-0.0166918764046,0.00354665886361,1.41307630201,1.65403240323,0.479009120335,0.000143702736101,0.00467531160621,0.00387076379983,0.00354665886361,1.48571293914,1.76575127274,0.329863760131,9.89591280392e-05,0.00397135632202,0.00283535948106,0.00354665886361,1.8356119289,1.38922657015,1.43469387542,0.000430408162626,0.00124455146236,0.000137612780358,0.00354665886361,1.80127423582,1.28457266891,1.33783334554,0.000401350003661,15,15,19,6,4
2025-04,0.0258000453658,0.0245121092739,0.00350657487777,2.00965748998,2.30584217413,1.9411580452,0.000582347413561,0.00241394820811,0.00120021339968,0.00350657487777,1.51190870992,1.73773803138,1.69382043364,0.000508146130092,-0.0293013841912,-0.0302616658533,0.00350657487777,1.46882882022,1.70313045259,0.848976612506,0.000254692983752,-0.0244081935464,-0.0252934084418,0.00350657487777,1.55333970551,1.82616404679,0.59875405688,0.000179626217064,0.000148158503552,-0.0010281584167,0.00350657487777,1.91794696023,1.34927903409,1.56909413971,0.000470728241914,-0.0143899143709,-0.0153817657152,0.00350657487777,1.8892661359,1.20140556867,0.954208886686,0.000286262666006,15,15,19,6,4
2025-05,0.0337255570824,0.0324901889648,0.00353062738264,2.15318539354,2.50261957874,1.7659314642,0.000529779439261,0.021538497038,0.0205878828401,0.00353062738264,1.60844017942,1.87491518004,0.816751731914,0.000245025519574,0.0170520998389,0.0159184289611,0.00353062738264,1.52100381961,1.77564765436,1.42694066459,0.000428082199376,0.0285577308015,0.0275835322624,0.00353062738264,1.62122726791,1.93028139797,0.89536620255,0.000268609860765,0.0319772360205,0.0308686459785,0.00353062738264,2.13997050147,1.99173751521,1.34333787885,0.000403001363654,0.0293483094111,0.0281623004425,0.00353062738264,2.08573807442,1.90027601204,1.60140096741,0.000480420290222,15,15,19,6,4
2025-06,-0.0108712648507,-0.0125843192767,0.00350657487777,2.11729345369,2.49607986384,3.35821915883,0.00100746574765,0.0163821450386,0.0153993307894,0.00350657487777,1.60063099982,1.86741443544,0.924085236423,0.000277225570927,-0.00447630429727,-0.00540787908088,0.00350657487777,1.51650073126,1.76621259822,0.75328701757,0.000225986105271,0.01370404923,0.0128024302413,0.00350657487777,1.61093039817,1.92888220049,0.653434368171,0.000196030310451,0.00942823364596,0.00821050443792,0.00350657487777,2.11204860408,1.3237345745,1.707135099,0.000512140529701,0.000269044418036,-0.000887015379661,0.00350657487777,2.06212450196,1.26637578466,1.50157039786,0.000450471119359,15,15,19,6,4
2025-07,-0.0126615421281,-0.0141680952763,0.0035226105856,2.17344335923,2.68168520101,2.66988156623,0.000800964469869,-0.00747932587307,-0.00844671202188,0.0035226105856,1.65254647451,1.97830424398,0.872658234884,0.000261797470465,-0.0185720732091,-0.0194610458856,0.0035226105856,1.56109850481,1.87572369321,0.611279994004,0.000183383998201,-0.0123875785572,-0.0132796143009,0.0035226105856,1.67272749801,2.06764798038,0.62149021802,0.000186447065406,-0.0149873339544,-0.0161090895107,0.0035226105856,2.21071454449,1.79094150554,1.38722292671,0.000416166878014,-0.0196099672808,-0.0206927073936,0.0035226105856,2.15356249214,1.81010790732,1.25717144816,0.000377151434447,15,15,19,6,4
2025-08,0.00508769773788,0.00356618494334,0.00349855596672,2.16765607625,2.75230916284,2.71974705398,0.000815924116194,0.0150660491968,0.0137928748422,0.00349855596672,1.65749982806,2.07236029457,1.89195225412,0.000567585676236,0.0306371561548,0.0297313527184,0.00349855596672,1.56853082242,1.95374307949,0.667382526838,0.000200214758051,0.0252807752411,0.0243328184005,0.00349855596672,1.70111513748,2.17690575973,0.807893874037,0.000242368162211,0.0178023153967,0.0164780455743,0.00349855596672,2.21790618553,1.93991820059,2.06227048045,0.000618681144134,0.0250918631936,0.0239432873557,0.00349855596672,2.16198968624,1.46151605106,1.47662386536,0.000442987159607,15,15,19,6,4
2025-09,-0.00264529480798,-0.00465910459255,0.00345042769242,2.21903757873,2.8377906488,4.36073702074,0.00130822110622,0.0165023520927,0.0153901536923,0.00345042769242,1.653414819,2.07589702714,1.35536574003,0.000406609722009,0.0122126519397,0.0113200854852,0.00345042769242,1.56318267014,1.97085066597,0.623259254083,0.000186977776225,0.0251270940176,0.0242665103766,0.00345042769242,1.69973960362,2.20438574852,0.516649875542,0.000154994962663,0.0162166313631,0.0148145287712,0.00345042769242,2.21108022839,1.80485559109,2.32171304505,0.000696513913514,0.0137855118929,0.0125384143225,0.00345042769242,2.14282185997,1.79894952207,1.8050296402,0.000541508892061,15,15,19,6,4
2025-10,0.0185615222382,0.0169218528389,0.00335409489945,2.27012025944,3.28691401167,3.11360240317,0.000934080720952,0.040199691486,0.0388835254859,0.00335409489945,2.03668734897,2.9126234276,2.03525773912,0.000610577321737,0.0199528981965,0.0188423969724,0.00335409489945,2.01767715894,2.86838158954,1.34970848585,0.000404912545755,0.0271226882297,0.02600955567,0.00335409489945,2.11750359744,3.14298866941,1.35847960452,0.000407543881356,0.0376638949594,0.0362937016281,0.00335409489945,2.72362755506,2.94320521974,2.21534884316,0.000664604652947,0.0261724341477,0.0248987758504,0.00335409489945,2.67906065955,2.9875085281,1.89356539658,0.000568069618975,15,15,19,6,4
2025-11,0.010945347282,0.00930238424809,0.00325766026008,2.26836287981,3.38369450163,3.12458118535,0.000937374355604,0.00132884839835,0.000146790251448,0.00325766026008,1.985565612,2.96114673516,1.58823156188,0.000476469468564,0.0120282856936,0.010694502541,0.00325766026008,2.0219604336,3.01600720902,2.09398158099,0.000628194474298,0.0183969254783,0.0176305010611,0.00325766026008,2.10488265614,3.2631554369,0.202785796269,6.08357388808e-05,0.011615173462,0.0104692536631,0.00325766026008,2.66120174349,2.72504906868,1.46777040198,0.000440331120595,0.0159800698286,0.0146468702484,0.00325766026008,2.65028775629,2.27239871731,2.09203633948,0.000627610901843,15,15,19,6,4
2025-12,0.0372095585302,0.0354397507181,0.0031611235489,2.66033037015,4.11138672492,3.54739711278,0.00106421913383,0.0344866979276,0.0328693633964,0.0031611235489,2.37924611587,3.64585411021,3.03915284293,0.000911745852879,0.0356136588241,0.0342435418743,0.0031611235489,2.51196366521,3.80653677301,2.21509423811,0.000664528271434,0.0646576959561,0.0633622047071,0.0031611235489,2.71239247296,4.33335153861,1.96634190207,0.000589902570622,0.0533121261781,0.0518635150336,0.0031611235489,3,2.9534650168,2.47674155382,0.000743022466147,0.053748486141,0.052390188853,0.0031611235489,3,3.20758497456,2.17569536562,0.000652708609685,15,15,19,6,4
